date,issue_hour,seconds,objective,horizon_intervals,scenarios,variables,history_dates,latest_observation,decision_time,max_soc_residual,max_balance_residual,status,success,message,iterations,lp_residual
2025-02-01,0,0.08927587499965739,35441.00330765275,144,30,5186,2025-01-02|2025-01-03|2025-01-04|2025-01-05|2025-01-06|2025-01-07|2025-01-08|2025-01-09|2025-01-10|2025-01-11|2025-01-12|2025-01-13|2025-01-14|2025-01-15|2025-01-16|2025-01-17|2025-01-18|2025-01-19|2025-01-20|2025-01-21|2025-01-22|2025-01-23|2025-01-24|2025-01-25|2025-01-26|2025-01-27|2025-01-28|2025-01-29|2025-01-30|2025-01-31,2025-02-01 00:00,2025-02-01 00:00,8.810729923425242e-13,1.1368683772161603e-13,0,True,Optimization terminated successfully. (HiGHS Status 7: Optimal),1080,0.0
2025-02-02,0,0.08787145799942664,71463.86987637547,144,31,5330,2025-01-02|2025-01-03|2025-01-04|2025-01-05|2025-01-06|2025-01-07|2025-01-08|2025-01-09|2025-01-10|2025-01-11|2025-01-12|2025-01-13|2025-01-14|2025-01-15|2025-01-16|2025-01-17|2025-01-18|2025-01-19|2025-01-20|2025-01-21|2025-01-22|2025-01-23|2025-01-24|2025-01-25|2025-01-26|2025-01-27|2025-01-28|2025-01-29|2025-01-30|2025-01-31|2025-02-01,2025-02-02 00:00,2025-02-02 00:00,9.094947017729282e-13,2.2737367544323206e-13,0,True,Optimization terminated successfully. (HiGHS Status 7: Optimal),1242,0.0
2025-02-03,0,0.0859517919998325,69834.92771824208,144,32,5474,2025-01-02|2025-01-03|2025-01-04|2025-01-05|2025-01-06|2025-01-07|2025-01-08|2025-01-09|2025-01-10|2025-01-11|2025-01-12|2025-01-13|2025-01-14|2025-01-15|2025-01-16|2025-01-17|2025-01-18|2025-01-19|2025-01-20|2025-01-21|2025-01-22|2025-01-23|2025-01-24|2025-01-25|2025-01-26|2025-01-27|2025-01-28|2025-01-29|2025-01-30|2025-01-31|2025-02-01|2025-02-02,2025-02-03 00:00,2025-02-03 00:00,9.094947017729282e-13,2.2737367544323206e-13,0,True,Optimization terminated successfully. (HiGHS Status 7: Optimal),1243,0.0
2025-02-04,0,0.09124987500035786,69771.671726384,144,33,5618,2025-01-02|2025-01-03|2025-01-04|2025-01-05|2025-01-06|2025-01-07|2025-01-08|2025-01-09|2025-01-10|2025-01-11|2025-01-12|2025-01-13|2025-01-14|2025-01-15|2025-01-16|2025-01-17|2025-01-18|2025-01-19|2025-01-20|2025-01-21|2025-01-22|2025-01-23|2025-01-24|2025-01-25|2025-01-26|2025-01-27|2025-01-28|2025-01-29|2025-01-30|2025-01-31|2025-02-01|2025-02-02|2025-02-03,2025-02-04 00:00,2025-02-04 00:00,9.094947017729282e-13,2.2737367544323206e-13,0,True,Optimization terminated successfully. (HiGHS Status 7: Optimal),1251,0.0
2025-02-05,0,0.09285208400069678,69109.69707115782,144,34,5762,2025-01-02|2025-01-03|2025-01-04|2025-01-05|2025-01-06|2025-01-07|2025-01-08|2025-01-09|2025-01-10|2025-01-11|2025-01-12|2025-01-13|2025-01-14|2025-01-15|2025-01-16|2025-01-17|2025-01-18|2025-01-19|2025-01-20|2025-01-21|2025-01-22|2025-01-23|2025-01-24|2025-01-25|2025-01-26|2025-01-27|2025-01-28|2025-01-29|2025-01-30|2025-01-31|2025-02-01|2025-02-02|2025-02-03|2025-02-04,2025-02-05 00:00,2025-02-05 00:00,7.958078640513122e-13,2.2737367544323206e-13,0,True,Optimization terminated successfully. (HiGHS Status 7: Optimal),1254,0.0
2025-02-06,0,0.0971659169990744,69615.34707877279,144,35,5906,2025-01-02|2025-01-03|2025-01-04|2025-01-05|2025-01-06|2025-01-07|2025-01-08|2025-01-09|2025-01-10|2025-01-11|2025-01-12|2025-01-13|2025-01-14|2025-01-15|2025-01-16|2025-01-17|2025-01-18|2025-01-19|2025-01-20|2025-01-21|2025-01-22|2025-01-23|2025-01-24|2025-01-25|2025-01-26|2025-01-27|2025-01-28|2025-01-29|2025-01-30|2025-01-31|2025-02-01|2025-02-02|2025-02-03|2025-02-04|2025-02-05,2025-02-06 00:00,2025-02-06 00:00,9.663381206337363e-13,2.2737367544323206e-13,0,True,Optimization terminated successfully. (HiGHS Status 7: Optimal),1265,0.0
2025-02-07,0,0.12292208399958326,33211.041693175626,144,36,6050,2025-01-02|2025-01-03|2025-01-04|2025-01-05|2025-01-06|2025-01-07|2025-01-08|2025-01-09|2025-01-10|2025-01-11|2025-01-12|2025-01-13|2025-01-14|2025-01-15|2025-01-16|2025-01-17|2025-01-18|2025-01-19|2025-01-20|2025-01-21|2025-01-22|2025-01-23|2025-01-24|2025-01-25|2025-01-26|2025-01-27|2025-01-28|2025-01-29|2025-01-30|2025-01-31|2025-02-01|2025-02-02|2025-02-03|2025-02-04|2025-02-05|2025-02-06,2025-02-07 00:00,2025-02-07 00:00,8.810729923425242e-13,1.1368683772161603e-13,0,True,Optimization terminated successfully. (HiGHS Status 7: Optimal),1312,0.0
2025-02-08,0,0.12221866700019746,32233.14058277584,144,37,6194,2025-01-02|2025-01-03|2025-01-04|2025-01-05|2025-01-06|2025-01-07|2025-01-08|2025-01-09|2025-01-10|2025-01-11|2025-01-12|2025-01-13|2025-01-14|2025-01-15|2025-01-16|2025-01-17|2025-01-18|2025-01-19|2025-01-20|2025-01-21|2025-01-22|2025-01-23|2025-01-24|2025-01-25|2025-01-26|2025-01-27|2025-01-28|2025-01-29|2025-01-30|2025-01-31|2025-02-01|2025-02-02|2025-02-03|2025-02-04|2025-02-05|2025-02-06|2025-02-07,2025-02-08 00:00,2025-02-08 00:00,8.100187187665142e-13,1.1368683772161603e-13,0,True,Optimization terminated successfully. (HiGHS Status 7: Optimal),1288,0.0
2025-02-09,0,0.11383695799850102,67342.66304399363,144,38,6338,2025-01-02|2025-01-03|2025-01-04|2025-01-05|2025-01-06|2025-01-07|2025-01-08|2025-01-09|2025-01-10|2025-01-11|2025-01-12|2025-01-13|2025-01-14|2025-01-15|2025-01-16|2025-01-17|2025-01-18|2025-01-19|2025-01-20|2025-01-21|2025-01-22|2025-01-23|2025-01-24|2025-01-25|2025-01-26|2025-01-27|2025-01-28|2025-01-29|2025-01-30|2025-01-31|2025-02-01|2025-02-02|2025-02-03|2025-02-04|2025-02-05|2025-02-06|2025-02-07|2025-02-08,2025-02-09 00:00,2025-02-09 00:00,9.094947017729282e-13,2.2737367544323206e-13,0,True,Optimization terminated successfully. (HiGHS Status 7: Optimal),1403,0.0
2025-02-10,0,0.11470516699955624,66199.35949559395,144,39,6482,2025-01-02|2025-01-03|2025-01-04|2025-01-05|2025-01-06|2025-01-07|2025-01-08|2025-01-09|2025-01-10|2025-01-11|2025-01-12|2025-01-13|2025-01-14|2025-01-15|2025-01-16|2025-01-17|2025-01-18|2025-01-19|2025-01-20|2025-01-21|2025-01-22|2025-01-23|2025-01-24|2025-01-25|2025-01-26|2025-01-27|2025-01-28|2025-01-29|2025-01-30|2025-01-31|2025-02-01|2025-02-02|2025-02-03|2025-02-04|2025-02-05|2025-02-06|2025-02-07|2025-02-08|2025-02-09,2025-02-10 00:00,2025-02-10 00:00,7.958078640513122e-13,5.684341886080802e-14,0,True,Optimization terminated successfully. (HiGHS Status 7: Optimal),1392,0.0
2025-02-11,0,0.14016716699916287,66153.35171525955,144,40,6626,2025-01-02|2025-01-03|2025-01-04|2025-01-05|2025-01-06|2025-01-07|2025-01-08|2025-01-09|2025-01-10|2025-01-11|2025-01-12|2025-01-13|2025-01-14|2025-01-15|2025-01-16|2025-01-17|2025-01-18|2025-01-19|2025-01-20|2025-01-21|2025-01-22|2025-01-23|2025-01-24|2025-01-25|2025-01-26|2025-01-27|2025-01-28|2025-01-29|2025-01-30|2025-01-31|2025-02-01|2025-02-02|2025-02-03|2025-02-04|2025-02-05|2025-02-06|2025-02-07|2025-02-08|2025-02-09|2025-02-10,2025-02-11 00:00,2025-02-11 00:00,9.094947017729282e-13,2.2737367544323206e-13,0,True,Optimization terminated successfully. (HiGHS Status 7: Optimal),1391,0.0
2025-02-12,0,0.12475483399975928,65925.35893424634,144,40,6626,2025-01-03|2025-01-04|2025-01-05|2025-01-06|2025-01-07|2025-01-08|2025-01-09|2025-01-10|2025-01-11|2025-01-12|2025-01-13|2025-01-14|2025-01-15|2025-01-16|2025-01-17|2025-01-18|2025-01-19|2025-01-20|2025-01-21|2025-01-22|2025-01-23|2025-01-24|2025-01-25|2025-01-26|2025-01-27|2025-01-28|2025-01-29|2025-01-30|2025-01-31|2025-02-01|2025-02-02|2025-02-03|2025-02-04|2025-02-05|2025-02-06|2025-02-07|2025-02-08|2025-02-09|2025-02-10|2025-02-11,2025-02-12 00:00,2025-02-12 00:00,9.094947017729282e-13,2.2737367544323206e-13,0,True,Optimization terminated successfully. (HiGHS Status 7: Optimal),1387,0.0
2025-02-13,0,0.1198891249987355,66320.52653474179,144,40,6626,2025-01-04|2025-01-05|2025-01-06|2025-01-07|2025-01-08|2025-01-09|2025-01-10|2025-01-11|2025-01-12|2025-01-13|2025-01-14|2025-01-15|2025-01-16|2025-01-17|2025-01-18|2025-01-19|2025-01-20|2025-01-21|2025-01-22|2025-01-23|2025-01-24|2025-01-25|2025-01-26|2025-01-27|2025-01-28|2025-01-29|2025-01-30|2025-01-31|2025-02-01|2025-02-02|2025-02-03|2025-02-04|2025-02-05|2025-02-06|2025-02-07|2025-02-08|2025-02-09|2025-02-10|2025-02-11|2025-02-12,2025-02-13 00:00,2025-02-13 00:00,7.958078640513122e-13,2.2737367544323206e-13,0,True,Optimization terminated successfully. (HiGHS Status 7: Optimal),1394,0.0
2025-02-14,0,0.13248962500074413,30475.79490378782,144,40,6626,2025-01-05|2025-01-06|2025-01-07|2025-01-08|2025-01-09|2025-01-10|2025-01-11|2025-01-12|2025-01-13|2025-01-14|2025-01-15|2025-01-16|2025-01-17|2025-01-18|2025-01-19|2025-01-20|2025-01-21|2025-01-22|2025-01-23|2025-01-24|2025-01-25|2025-01-26|2025-01-27|2025-01-28|2025-01-29|2025-01-30|2025-01-31|2025-02-01|2025-02-02|2025-02-03|2025-02-04|2025-02-05|2025-02-06|2025-02-07|2025-02-08|2025-02-09|2025-02-10|2025-02-11|2025-02-12|2025-02-13,2025-02-14 00:00,2025-02-14 00:00,7.958078640513122e-13,2.2737367544323206e-13,0,True,Optimization terminated successfully. (HiGHS Status 7: Optimal),1271,0.0
2025-02-15,0,0.13620479200108093,27752.15758948016,144,40,6626,2025-01-06|2025-01-07|2025-01-08|2025-01-09|2025-01-10|2025-01-11|2025-01-12|2025-01-13|2025-01-14|2025-01-15|2025-01-16|2025-01-17|2025-01-18|2025-01-19|2025-01-20|2025-01-21|2025-01-22|2025-01-23|2025-01-24|2025-01-25|2025-01-26|2025-01-27|2025-01-28|2025-01-29|2025-01-30|2025-01-31|2025-02-01|2025-02-02|2025-02-03|2025-02-04|2025-02-05|2025-02-06|2025-02-07|2025-02-08|2025-02-09|2025-02-10|2025-02-11|2025-02-12|2025-02-13|2025-02-14,2025-02-15 00:00,2025-02-15 00:00,8.242295734817162e-13,1.1368683772161603e-13,0,True,Optimization terminated successfully. (HiGHS Status 7: Optimal),1262,0.0
2025-02-16,0,0.12401354200119385,60260.5729040838,144,40,6626,2025-01-07|2025-01-08|2025-01-09|2025-01-10|2025-01-11|2025-01-12|2025-01-13|2025-01-14|2025-01-15|2025-01-16|2025-01-17|2025-01-18|2025-01-19|2025-01-20|2025-01-21|2025-01-22|2025-01-23|2025-01-24|2025-01-25|2025-01-26|2025-01-27|2025-01-28|2025-01-29|2025-01-30|2025-01-31|2025-02-01|2025-02-02|2025-02-03|2025-02-04|2025-02-05|2025-02-06|2025-02-07|2025-02-08|2025-02-09|2025-02-10|2025-02-11|2025-02-12|2025-02-13|2025-02-14|2025-02-15,2025-02-16 00:00,2025-02-16 00:00,9.094947017729282e-13,2.2737367544323206e-13,0,True,Optimization terminated successfully. (HiGHS Status 7: Optimal),1391,0.0
2025-02-17,0,0.12695616600103676,56383.63078287585,144,40,6626,2025-01-08|2025-01-09|2025-01-10|2025-01-11|2025-01-12|2025-01-13|2025-01-14|2025-01-15|2025-01-16|2025-01-17|2025-01-18|2025-01-19|2025-01-20|2025-01-21|2025-01-22|2025-01-23|2025-01-24|2025-01-25|2025-01-26|2025-01-27|2025-01-28|2025-01-29|2025-01-30|2025-01-31|2025-02-01|2025-02-02|2025-02-03|2025-02-04|2025-02-05|2025-02-06|2025-02-07|2025-02-08|2025-02-09|2025-02-10|2025-02-11|2025-02-12|2025-02-13|2025-02-14|2025-02-15|2025-02-16,2025-02-17 00:00,2025-02-17 00:00,7.958078640513122e-13,2.2737367544323206e-13,0,True,Optimization terminated successfully. (HiGHS Status 7: Optimal),1392,0.0
2025-02-18,0,0.11655066599996644,56323.026533954435,144,40,6626,2025-01-09|2025-01-10|2025-01-11|2025-01-12|2025-01-13|2025-01-14|2025-01-15|2025-01-16|2025-01-17|2025-01-18|2025-01-19|2025-01-20|2025-01-21|2025-01-22|2025-01-23|2025-01-24|2025-01-25|2025-01-26|2025-01-27|2025-01-28|2025-01-29|2025-01-30|2025-01-31|2025-02-01|2025-02-02|2025-02-03|2025-02-04|2025-02-05|2025-02-06|2025-02-07|2025-02-08|2025-02-09|2025-02-10|2025-02-11|2025-02-12|2025-02-13|2025-02-14|2025-02-15|2025-02-16|2025-02-17,2025-02-18 00:00,2025-02-18 00:00,9.094947017729282e-13,2.2737367544323206e-13,0,True,Optimization terminated successfully. (HiGHS Status 7: Optimal),1394,0.0
2025-02-19,0,0.12138608299937914,55951.492151305145,144,40,6626,2025-01-10|2025-01-11|2025-01-12|2025-01-13|2025-01-14|2025-01-15|2025-01-16|2025-01-17|2025-01-18|2025-01-19|2025-01-20|2025-01-21|2025-01-22|2025-01-23|2025-01-24|2025-01-25|2025-01-26|2025-01-27|2025-01-28|2025-01-29|2025-01-30|2025-01-31|2025-02-01|2025-02-02|2025-02-03|2025-02-04|2025-02-05|2025-02-06|2025-02-07|2025-02-08|2025-02-09|2025-02-10|2025-02-11|2025-02-12|2025-02-13|2025-02-14|2025-02-15|2025-02-16|2025-02-17|2025-02-18,2025-02-19 00:00,2025-02-19 00:00,7.958078640513122e-13,2.2737367544323206e-13,0,True,Optimization terminated successfully. (HiGHS Status 7: Optimal),1394,0.0
2025-02-20,0,0.1236453330002405,55471.4995445433,144,40,6626,2025-01-11|2025-01-12|2025-01-13|2025-01-14|2025-01-15|2025-01-16|2025-01-17|2025-01-18|2025-01-19|2025-01-20|2025-01-21|2025-01-22|2025-01-23|2025-01-24|2025-01-25|2025-01-26|2025-01-27|2025-01-28|2025-01-29|2025-01-30|2025-01-31|2025-02-01|2025-02-02|2025-02-03|2025-02-04|2025-02-05|2025-02-06|2025-02-07|2025-02-08|2025-02-09|2025-02-10|2025-02-11|2025-02-12|2025-02-13|2025-02-14|2025-02-15|2025-02-16|2025-02-17|2025-02-18|2025-02-19,2025-02-20 00:00,2025-02-20 00:00,8.526512829121202e-13,2.2737367544323206e-13,0,True,Optimization terminated successfully. (HiGHS Status 7: Optimal),1385,0.0
2025-02-21,0,0.12030687500009662,21786.1257011431,144,40,6626,2025-01-12|2025-01-13|2025-01-14|2025-01-15|2025-01-16|2025-01-17|2025-01-18|2025-01-19|2025-01-20|2025-01-21|2025-01-22|2025-01-23|2025-01-24|2025-01-25|2025-01-26|2025-01-27|2025-01-28|2025-01-29|2025-01-30|2025-01-31|2025-02-01|2025-02-02|2025-02-03|2025-02-04|2025-02-05|2025-02-06|2025-02-07|2025-02-08|2025-02-09|2025-02-10|2025-02-11|2025-02-12|2025-02-13|2025-02-14|2025-02-15|2025-02-16|2025-02-17|2025-02-18|2025-02-19|2025-02-20,2025-02-21 00:00,2025-02-21 00:00,9.094947017729282e-13,1.1368683772161603e-13,0,True,Optimization terminated successfully. (HiGHS Status 7: Optimal),1191,0.0
2025-02-22,0,0.11104495799918368,20959.387046105818,144,40,6626,2025-01-13|2025-01-14|2025-01-15|2025-01-16|2025-01-17|2025-01-18|2025-01-19|2025-01-20|2025-01-21|2025-01-22|2025-01-23|2025-01-24|2025-01-25|2025-01-26|2025-01-27|2025-01-28|2025-01-29|2025-01-30|2025-01-31|2025-02-01|2025-02-02|2025-02-03|2025-02-04|2025-02-05|2025-02-06|2025-02-07|2025-02-08|2025-02-09|2025-02-10|2025-02-11|2025-02-12|2025-02-13|2025-02-14|2025-02-15|2025-02-16|2025-02-17|2025-02-18|2025-02-19|2025-02-20|2025-02-21,2025-02-22 00:00,2025-02-22 00:00,8.411049634560186e-13,1.1368683772161603e-13,0,True,Optimization terminated successfully. (HiGHS Status 7: Optimal),1122,0.0
2025-02-23,0,0.12863095799912116,54091.71813543975,144,40,6626,2025-01-14|2025-01-15|2025-01-16|2025-01-17|2025-01-18|2025-01-19|2025-01-20|2025-01-21|2025-01-22|2025-01-23|2025-01-24|2025-01-25|2025-01-26|2025-01-27|2025-01-28|2025-01-29|2025-01-30|2025-01-31|2025-02-01|2025-02-02|2025-02-03|2025-02-04|2025-02-05|2025-02-06|2025-02-07|2025-02-08|2025-02-09|2025-02-10|2025-02-11|2025-02-12|2025-02-13|2025-02-14|2025-02-15|2025-02-16|2025-02-17|2025-02-18|2025-02-19|2025-02-20|2025-02-21|2025-02-22,2025-02-23 00:00,2025-02-23 00:00,8.526512829121202e-13,1.1368683772161603e-13,0,True,Optimization terminated successfully. (HiGHS Status 7: Optimal),1383,0.0
2025-02-24,0,0.11831966700083285,51928.26485189055,144,40,6626,2025-01-15|2025-01-16|2025-01-17|2025-01-18|2025-01-19|2025-01-20|2025-01-21|2025-01-22|2025-01-23|2025-01-24|2025-01-25|2025-01-26|2025-01-27|2025-01-28|2025-01-29|2025-01-30|2025-01-31|2025-02-01|2025-02-02|2025-02-03|2025-02-04|2025-02-05|2025-02-06|2025-02-07|2025-02-08|2025-02-09|2025-02-10|2025-02-11|2025-02-12|2025-02-13|2025-02-14|2025-02-15|2025-02-16|2025-02-17|2025-02-18|2025-02-19|2025-02-20|2025-02-21|2025-02-22|2025-02-23,2025-02-24 00:00,2025-02-24 00:00,8.526512829121202e-13,2.2737367544323206e-13,0,True,Optimization terminated successfully. (HiGHS Status 7: Optimal),1395,0.0
2025-02-25,0,0.11679187499976251,52843.88825859097,144,40,6626,2025-01-16|2025-01-17|2025-01-18|2025-01-19|2025-01-20|2025-01-21|2025-01-22|2025-01-23|2025-01-24|2025-01-25|2025-01-26|2025-01-27|2025-01-28|2025-01-29|2025-01-30|2025-01-31|2025-02-01|2025-02-02|2025-02-03|2025-02-04|2025-02-05|2025-02-06|2025-02-07|2025-02-08|2025-02-09|2025-02-10|2025-02-11|2025-02-12|2025-02-13|2025-02-14|2025-02-15|2025-02-16|2025-02-17|2025-02-18|2025-02-19|2025-02-20|2025-02-21|2025-02-22|2025-02-23|2025-02-24,2025-02-25 00:00,2025-02-25 00:00,7.958078640513122e-13,1.4210854715202004e-14,0,True,Optimization terminated successfully. (HiGHS Status 7: Optimal),1385,0.0
2025-02-26,0,0.11959687499984284,51702.08351936567,144,40,6626,2025-01-17|2025-01-18|2025-01-19|2025-01-20|2025-01-21|2025-01-22|2025-01-23|2025-01-24|2025-01-25|2025-01-26|2025-01-27|2025-01-28|2025-01-29|2025-01-30|2025-01-31|2025-02-01|2025-02-02|2025-02-03|2025-02-04|2025-02-05|2025-02-06|2025-02-07|2025-02-08|2025-02-09|2025-02-10|2025-02-11|2025-02-12|2025-02-13|2025-02-14|2025-02-15|2025-02-16|2025-02-17|2025-02-18|2025-02-19|2025-02-20|2025-02-21|2025-02-22|2025-02-23|2025-02-24|2025-02-25,2025-02-26 00:00,2025-02-26 00:00,8.526512829121202e-13,2.2737367544323206e-13,0,True,Optimization terminated successfully. (HiGHS Status 7: Optimal),1404,0.0
2025-02-27,0,0.1193560419997084,50886.091858167216,144,40,6626,2025-01-18|2025-01-19|2025-01-20|2025-01-21|2025-01-22|2025-01-23|2025-01-24|2025-01-25|2025-01-26|2025-01-27|2025-01-28|2025-01-29|2025-01-30|2025-01-31|2025-02-01|2025-02-02|2025-02-03|2025-02-04|2025-02-05|2025-02-06|2025-02-07|2025-02-08|2025-02-09|2025-02-10|2025-02-11|2025-02-12|2025-02-13|2025-02-14|2025-02-15|2025-02-16|2025-02-17|2025-02-18|2025-02-19|2025-02-20|2025-02-21|2025-02-22|2025-02-23|2025-02-24|2025-02-25|2025-02-26,2025-02-27 00:00,2025-02-27 00:00,8.242295734817162e-13,1.4210854715202004e-14,0,True,Optimization terminated successfully. (HiGHS Status 7: Optimal),1401,0.0
2025-02-28,0,0.14192341699890676,19689.51715104157,144,40,6626,2025-01-19|2025-01-20|2025-01-21|2025-01-22|2025-01-23|2025-01-24|2025-01-25|2025-01-26|2025-01-27|2025-01-28|2025-01-29|2025-01-30|2025-01-31|2025-02-01|2025-02-02|2025-02-03|2025-02-04|2025-02-05|2025-02-06|2025-02-07|2025-02-08|2025-02-09|2025-02-10|2025-02-11|2025-02-12|2025-02-13|2025-02-14|2025-02-15|2025-02-16|2025-02-17|2025-02-18|2025-02-19|2025-02-20|2025-02-21|2025-02-22|2025-02-23|2025-02-24|2025-02-25|2025-02-26|2025-02-27,2025-02-28 00:00,2025-02-28 00:00,8.419931418757187e-13,2.2737367544323206e-13,0,True,Optimization terminated successfully. (HiGHS Status 7: Optimal),1024,0.0
2025-03-01,0,0.17263254200042866,19305.240846176028,144,40,6626,2025-01-20|2025-01-21|2025-01-22|2025-01-23|2025-01-24|2025-01-25|2025-01-26|2025-01-27|2025-01-28|2025-01-29|2025-01-30|2025-01-31|2025-02-01|2025-02-02|2025-02-03|2025-02-04|2025-02-05|2025-02-06|2025-02-07|2025-02-08|2025-02-09|2025-02-10|2025-02-11|2025-02-12|2025-02-13|2025-02-14|2025-02-15|2025-02-16|2025-02-17|2025-02-18|2025-02-19|2025-02-20|2025-02-21|2025-02-22|2025-02-23|2025-02-24|2025-02-25|2025-02-26|2025-02-27|2025-02-28,2025-03-01 00:00,2025-03-01 00:00,9.094947017729282e-13,1.1368683772161603e-13,0,True,Optimization terminated successfully. (HiGHS Status 7: Optimal),1008,0.0
2025-03-02,0,0.1418469999989611,49947.490501966975,144,40,6626,2025-01-21|2025-01-22|2025-01-23|2025-01-24|2025-01-25|2025-01-26|2025-01-27|2025-01-28|2025-01-29|2025-01-30|2025-01-31|2025-02-01|2025-02-02|2025-02-03|2025-02-04|2025-02-05|2025-02-06|2025-02-07|2025-02-08|2025-02-09|2025-02-10|2025-02-11|2025-02-12|2025-02-13|2025-02-14|2025-02-15|2025-02-16|2025-02-17|2025-02-18|2025-02-19|2025-02-20|2025-02-21|2025-02-22|2025-02-23|2025-02-24|2025-02-25|2025-02-26|2025-02-27|2025-02-28|2025-03-01,2025-03-02 00:00,2025-03-02 00:00,7.958078640513122e-13,1.1368683772161603e-13,0,True,Optimization terminated successfully. (HiGHS Status 7: Optimal),1394,0.0
2025-03-03,0,0.13831979200040223,48261.42838185047,144,40,6626,2025-01-22|2025-01-23|2025-01-24|2025-01-25|2025-01-26|2025-01-27|2025-01-28|2025-01-29|2025-01-30|2025-01-31|2025-02-01|2025-02-02|2025-02-03|2025-02-04|2025-02-05|2025-02-06|2025-02-07|2025-02-08|2025-02-09|2025-02-10|2025-02-11|2025-02-12|2025-02-13|2025-02-14|2025-02-15|2025-02-16|2025-02-17|2025-02-18|2025-02-19|2025-02-20|2025-02-21|2025-02-22|2025-02-23|2025-02-24|2025-02-25|2025-02-26|2025-02-27|2025-02-28|2025-03-01|2025-03-02,2025-03-03 00:00,2025-03-03 00:00,9.094947017729282e-13,1.1368683772161603e-13,0,True,Optimization terminated successfully. (HiGHS Status 7: Optimal),1399,0.0
2025-03-04,0,0.19277662499916914,48589.47093269905,144,40,6626,2025-01-23|2025-01-24|2025-01-25|2025-01-26|2025-01-27|2025-01-28|2025-01-29|2025-01-30|2025-01-31|2025-02-01|2025-02-02|2025-02-03|2025-02-04|2025-02-05|2025-02-06|2025-02-07|2025-02-08|2025-02-09|2025-02-10|2025-02-11|2025-02-12|2025-02-13|2025-02-14|2025-02-15|2025-02-16|2025-02-17|2025-02-18|2025-02-19|2025-02-20|2025-02-21|2025-02-22|2025-02-23|2025-02-24|2025-02-25|2025-02-26|2025-02-27|2025-02-28|2025-03-01|2025-03-02|2025-03-03,2025-03-04 00:00,2025-03-04 00:00,9.094947017729282e-13,1.1368683772161603e-13,0,True,Optimization terminated successfully. (HiGHS Status 7: Optimal),1420,0.0
2025-03-05,0,0.13794008300101268,49075.14110513362,144,40,6626,2025-01-24|2025-01-25|2025-01-26|2025-01-27|2025-01-28|2025-01-29|2025-01-30|2025-01-31|2025-02-01|2025-02-02|2025-02-03|2025-02-04|2025-02-05|2025-02-06|2025-02-07|2025-02-08|2025-02-09|2025-02-10|2025-02-11|2025-02-12|2025-02-13|2025-02-14|2025-02-15|2025-02-16|2025-02-17|2025-02-18|2025-02-19|2025-02-20|2025-02-21|2025-02-22|2025-02-23|2025-02-24|2025-02-25|2025-02-26|2025-02-27|2025-02-28|2025-03-01|2025-03-02|2025-03-03|2025-03-04,2025-03-05 00:00,2025-03-05 00:00,8.526512829121202e-13,2.2737367544323206e-13,0,True,Optimization terminated successfully. (HiGHS Status 7: Optimal),1393,0.0
2025-03-06,0,0.13046366699927603,47612.452945015924,144,40,6626,2025-01-25|2025-01-26|2025-01-27|2025-01-28|2025-01-29|2025-01-30|2025-01-31|2025-02-01|2025-02-02|2025-02-03|2025-02-04|2025-02-05|2025-02-06|2025-02-07|2025-02-08|2025-02-09|2025-02-10|2025-02-11|2025-02-12|2025-02-13|2025-02-14|2025-02-15|2025-02-16|2025-02-17|2025-02-18|2025-02-19|2025-02-20|2025-02-21|2025-02-22|2025-02-23|2025-02-24|2025-02-25|2025-02-26|2025-02-27|2025-02-28|2025-03-01|2025-03-02|2025-03-03|2025-03-04|2025-03-05,2025-03-06 00:00,2025-03-06 00:00,8.526512829121202e-13,1.1368683772161603e-13,0,True,Optimization terminated successfully. (HiGHS Status 7: Optimal),1391,0.0
2025-03-07,0,0.107712791999802,18368.84447913118,144,40,6626,2025-01-26|2025-01-27|2025-01-28|2025-01-29|2025-01-30|2025-01-31|2025-02-01|2025-02-02|2025-02-03|2025-02-04|2025-02-05|2025-02-06|2025-02-07|2025-02-08|2025-02-09|2025-02-10|2025-02-11|2025-02-12|2025-02-13|2025-02-14|2025-02-15|2025-02-16|2025-02-17|2025-02-18|2025-02-19|2025-02-20|2025-02-21|2025-02-22|2025-02-23|2025-02-24|2025-02-25|2025-02-26|2025-02-27|2025-02-28|2025-03-01|2025-03-02|2025-03-03|2025-03-04|2025-03-05|2025-03-06,2025-03-07 00:00,2025-03-07 00:00,7.958078640513122e-13,2.2737367544323206e-13,0,True,Optimization terminated successfully. (HiGHS Status 7: Optimal),987,0.0
2025-03-08,0,0.10535995899954287,18212.019365358563,144,40,6626,2025-01-27|2025-01-28|2025-01-29|2025-01-30|2025-01-31|2025-02-01|2025-02-02|2025-02-03|2025-02-04|2025-02-05|2025-02-06|2025-02-07|2025-02-08|2025-02-09|2025-02-10|2025-02-11|2025-02-12|2025-02-13|2025-02-14|2025-02-15|2025-02-16|2025-02-17|2025-02-18|2025-02-19|2025-02-20|2025-02-21|2025-02-22|2025-02-23|2025-02-24|2025-02-25|2025-02-26|2025-02-27|2025-02-28|2025-03-01|2025-03-02|2025-03-03|2025-03-04|2025-03-05|2025-03-06|2025-03-07,2025-03-08 00:00,2025-03-08 00:00,6.821210263296962e-13,1.1368683772161603e-13,0,True,Optimization terminated successfully. (HiGHS Status 7: Optimal),1012,0.0
2025-03-09,0,0.13173312499930034,48885.49615227444,144,40,6626,2025-01-28|2025-01-29|2025-01-30|2025-01-31|2025-02-01|2025-02-02|2025-02-03|2025-02-04|2025-02-05|2025-02-06|2025-02-07|2025-02-08|2025-02-09|2025-02-10|2025-02-11|2025-02-12|2025-02-13|2025-02-14|2025-02-15|2025-02-16|2025-02-17|2025-02-18|2025-02-19|2025-02-20|2025-02-21|2025-02-22|2025-02-23|2025-02-24|2025-02-25|2025-02-26|2025-02-27|2025-02-28|2025-03-01|2025-03-02|2025-03-03|2025-03-04|2025-03-05|2025-03-06|2025-03-07|2025-03-08,2025-03-09 00:00,2025-03-09 00:00,8.100187187665142e-13,2.2737367544323206e-13,0,True,Optimization terminated successfully. (HiGHS Status 7: Optimal),1398,0.0
2025-03-10,0,0.12688591699952667,46485.052703372465,144,40,6626,2025-01-29|2025-01-30|2025-01-31|2025-02-01|2025-02-02|2025-02-03|2025-02-04|2025-02-05|2025-02-06|2025-02-07|2025-02-08|2025-02-09|2025-02-10|2025-02-11|2025-02-12|2025-02-13|2025-02-14|2025-02-15|2025-02-16|2025-02-17|2025-02-18|2025-02-19|2025-02-20|2025-02-21|2025-02-22|2025-02-23|2025-02-24|2025-02-25|2025-02-26|2025-02-27|2025-02-28|2025-03-01|2025-03-02|2025-03-03|2025-03-04|2025-03-05|2025-03-06|2025-03-07|2025-03-08|2025-03-09,2025-03-10 00:00,2025-03-10 00:00,9.094947017729282e-13,2.2737367544323206e-13,0,True,Optimization terminated successfully. (HiGHS Status 7: Optimal),1389,0.0
2025-03-11,0,0.1255060000003141,46016.639350603815,144,40,6626,2025-01-30|2025-01-31|2025-02-01|2025-02-02|2025-02-03|2025-02-04|2025-02-05|2025-02-06|2025-02-07|2025-02-08|2025-02-09|2025-02-10|2025-02-11|2025-02-12|2025-02-13|2025-02-14|2025-02-15|2025-02-16|2025-02-17|2025-02-18|2025-02-19|2025-02-20|2025-02-21|2025-02-22|2025-02-23|2025-02-24|2025-02-25|2025-02-26|2025-02-27|2025-02-28|2025-03-01|2025-03-02|2025-03-03|2025-03-04|2025-03-05|2025-03-06|2025-03-07|2025-03-08|2025-03-09|2025-03-10,2025-03-11 00:00,2025-03-11 00:00,9.094947017729282e-13,1.1368683772161603e-13,0,True,Optimization terminated successfully. (HiGHS Status 7: Optimal),1398,0.0
2025-03-12,0,0.12971504199958872,46243.715973089515,144,40,6626,2025-01-31|2025-02-01|2025-02-02|2025-02-03|2025-02-04|2025-02-05|2025-02-06|2025-02-07|2025-02-08|2025-02-09|2025-02-10|2025-02-11|2025-02-12|2025-02-13|2025-02-14|2025-02-15|2025-02-16|2025-02-17|2025-02-18|2025-02-19|2025-02-20|2025-02-21|2025-02-22|2025-02-23|2025-02-24|2025-02-25|2025-02-26|2025-02-27|2025-02-28|2025-03-01|2025-03-02|2025-03-03|2025-03-04|2025-03-05|2025-03-06|2025-03-07|2025-03-08|2025-03-09|2025-03-10|2025-03-11,2025-03-12 00:00,2025-03-12 00:00,8.526512829121202e-13,2.2737367544323206e-13,0,True,Optimization terminated successfully. (HiGHS Status 7: Optimal),1384,0.0
2025-03-13,0,0.14149533300042094,44809.73096033976,144,40,6626,2025-02-01|2025-02-02|2025-02-03|2025-02-04|2025-02-05|2025-02-06|2025-02-07|2025-02-08|2025-02-09|2025-02-10|2025-02-11|2025-02-12|2025-02-13|2025-02-14|2025-02-15|2025-02-16|2025-02-17|2025-02-18|2025-02-19|2025-02-20|2025-02-21|2025-02-22|2025-02-23|2025-02-24|2025-02-25|2025-02-26|2025-02-27|2025-02-28|2025-03-01|2025-03-02|2025-03-03|2025-03-04|2025-03-05|2025-03-06|2025-03-07|2025-03-08|2025-03-09|2025-03-10|2025-03-11|2025-03-12,2025-03-13 00:00,2025-03-13 00:00,9.094947017729282e-13,1.1368683772161603e-13,0,True,Optimization terminated successfully. (HiGHS Status 7: Optimal),1379,0.0
2025-03-14,0,0.13416750000033062,17365.213787806533,144,40,6626,2025-02-02|2025-02-03|2025-02-04|2025-02-05|2025-02-06|2025-02-07|2025-02-08|2025-02-09|2025-02-10|2025-02-11|2025-02-12|2025-02-13|2025-02-14|2025-02-15|2025-02-16|2025-02-17|2025-02-18|2025-02-19|2025-02-20|2025-02-21|2025-02-22|2025-02-23|2025-02-24|2025-02-25|2025-02-26|2025-02-27|2025-02-28|2025-03-01|2025-03-02|2025-03-03|2025-03-04|2025-03-05|2025-03-06|2025-03-07|2025-03-08|2025-03-09|2025-03-10|2025-03-11|2025-03-12|2025-03-13,2025-03-14 00:00,2025-03-14 00:00,9.094947017729282e-13,5.684341886080802e-14,0,True,Optimization terminated successfully. (HiGHS Status 7: Optimal),976,0.0
2025-03-15,0,0.11868470899935346,17366.284747592785,144,40,6626,2025-02-03|2025-02-04|2025-02-05|2025-02-06|2025-02-07|2025-02-08|2025-02-09|2025-02-10|2025-02-11|2025-02-12|2025-02-13|2025-02-14|2025-02-15|2025-02-16|2025-02-17|2025-02-18|2025-02-19|2025-02-20|2025-02-21|2025-02-22|2025-02-23|2025-02-24|2025-02-25|2025-02-26|2025-02-27|2025-02-28|2025-03-01|2025-03-02|2025-03-03|2025-03-04|2025-03-05|2025-03-06|2025-03-07|2025-03-08|2025-03-09|2025-03-10|2025-03-11|2025-03-12|2025-03-13|2025-03-14,2025-03-15 00:00,2025-03-15 00:00,6.821210263296962e-13,5.684341886080802e-14,0,True,Optimization terminated successfully. (HiGHS Status 7: Optimal),977,0.0
2025-03-16,0,0.13196699999934935,46433.78001997428,144,40,6626,2025-02-04|2025-02-05|2025-02-06|2025-02-07|2025-02-08|2025-02-09|2025-02-10|2025-02-11|2025-02-12|2025-02-13|2025-02-14|2025-02-15|2025-02-16|2025-02-17|2025-02-18|2025-02-19|2025-02-20|2025-02-21|2025-02-22|2025-02-23|2025-02-24|2025-02-25|2025-02-26|2025-02-27|2025-02-28|2025-03-01|2025-03-02|2025-03-03|2025-03-04|2025-03-05|2025-03-06|2025-03-07|2025-03-08|2025-03-09|2025-03-10|2025-03-11|2025-03-12|2025-03-13|2025-03-14|2025-03-15,2025-03-16 00:00,2025-03-16 00:00,9.094947017729282e-13,1.1368683772161603e-13,0,True,Optimization terminated successfully. (HiGHS Status 7: Optimal),1413,0.0
2025-03-17,0,0.11948804200073937,45868.938376051294,144,40,6626,2025-02-05|2025-02-06|2025-02-07|2025-02-08|2025-02-09|2025-02-10|2025-02-11|2025-02-12|2025-02-13|2025-02-14|2025-02-15|2025-02-16|2025-02-17|2025-02-18|2025-02-19|2025-02-20|2025-02-21|2025-02-22|2025-02-23|2025-02-24|2025-02-25|2025-02-26|2025-02-27|2025-02-28|2025-03-01|2025-03-02|2025-03-03|2025-03-04|2025-03-05|2025-03-06|2025-03-07|2025-03-08|2025-03-09|2025-03-10|2025-03-11|2025-03-12|2025-03-13|2025-03-14|2025-03-15|2025-03-16,2025-03-17 00:00,2025-03-17 00:00,8.810729923425242e-13,1.1368683772161603e-13,0,True,Optimization terminated successfully. (HiGHS Status 7: Optimal),1396,0.0
2025-03-18,0,0.11696804100029112,44412.50351732377,144,40,6626,2025-02-06|2025-02-07|2025-02-08|2025-02-09|2025-02-10|2025-02-11|2025-02-12|2025-02-13|2025-02-14|2025-02-15|2025-02-16|2025-02-17|2025-02-18|2025-02-19|2025-02-20|2025-02-21|2025-02-22|2025-02-23|2025-02-24|2025-02-25|2025-02-26|2025-02-27|2025-02-28|2025-03-01|2025-03-02|2025-03-03|2025-03-04|2025-03-05|2025-03-06|2025-03-07|2025-03-08|2025-03-09|2025-03-10|2025-03-11|2025-03-12|2025-03-13|2025-03-14|2025-03-15|2025-03-16|2025-03-17,2025-03-18 00:00,2025-03-18 00:00,9.094947017729282e-13,1.1368683772161603e-13,0,True,Optimization terminated successfully. (HiGHS Status 7: Optimal),1389,0.0
2025-03-19,0,0.1281004579996079,44412.660699002,144,40,6626,2025-02-07|2025-02-08|2025-02-09|2025-02-10|2025-02-11|2025-02-12|2025-02-13|2025-02-14|2025-02-15|2025-02-16|2025-02-17|2025-02-18|2025-02-19|2025-02-20|2025-02-21|2025-02-22|2025-02-23|2025-02-24|2025-02-25|2025-02-26|2025-02-27|2025-02-28|2025-03-01|2025-03-02|2025-03-03|2025-03-04|2025-03-05|2025-03-06|2025-03-07|2025-03-08|2025-03-09|2025-03-10|2025-03-11|2025-03-12|2025-03-13|2025-03-14|2025-03-15|2025-03-16|2025-03-17|2025-03-18,2025-03-19 00:00,2025-03-19 00:00,7.958078640513122e-13,1.1368683772161603e-13,0,True,Optimization terminated successfully. (HiGHS Status 7: Optimal),1382,0.0
2025-03-20,0,0.15222545799952059,44630.471543797,144,40,6626,2025-02-08|2025-02-09|2025-02-10|2025-02-11|2025-02-12|2025-02-13|2025-02-14|2025-02-15|2025-02-16|2025-02-17|2025-02-18|2025-02-19|2025-02-20|2025-02-21|2025-02-22|2025-02-23|2025-02-24|2025-02-25|2025-02-26|2025-02-27|2025-02-28|2025-03-01|2025-03-02|2025-03-03|2025-03-04|2025-03-05|2025-03-06|2025-03-07|2025-03-08|2025-03-09|2025-03-10|2025-03-11|2025-03-12|2025-03-13|2025-03-14|2025-03-15|2025-03-16|2025-03-17|2025-03-18|2025-03-19,2025-03-20 00:00,2025-03-20 00:00,9.094947017729282e-13,1.1368683772161603e-13,0,True,Optimization terminated successfully. (HiGHS Status 7: Optimal),1407,0.0
2025-03-21,0,0.13694741699873703,16758.265515201147,144,40,6626,2025-02-09|2025-02-10|2025-02-11|2025-02-12|2025-02-13|2025-02-14|2025-02-15|2025-02-16|2025-02-17|2025-02-18|2025-02-19|2025-02-20|2025-02-21|2025-02-22|2025-02-23|2025-02-24|2025-02-25|2025-02-26|2025-02-27|2025-02-28|2025-03-01|2025-03-02|2025-03-03|2025-03-04|2025-03-05|2025-03-06|2025-03-07|2025-03-08|2025-03-09|2025-03-10|2025-03-11|2025-03-12|2025-03-13|2025-03-14|2025-03-15|2025-03-16|2025-03-17|2025-03-18|2025-03-19|2025-03-20,2025-03-21 00:00,2025-03-21 00:00,8.810729923425242e-13,1.1368683772161603e-13,0,True,Optimization terminated successfully. (HiGHS Status 7: Optimal),959,0.0
2025-03-22,0,0.1123228750002454,16848.021506950678,144,40,6626,2025-02-10|2025-02-11|2025-02-12|2025-02-13|2025-02-14|2025-02-15|2025-02-16|2025-02-17|2025-02-18|2025-02-19|2025-02-20|2025-02-21|2025-02-22|2025-02-23|2025-02-24|2025-02-25|2025-02-26|2025-02-27|2025-02-28|2025-03-01|2025-03-02|2025-03-03|2025-03-04|2025-03-05|2025-03-06|2025-03-07|2025-03-08|2025-03-09|2025-03-10|2025-03-11|2025-03-12|2025-03-13|2025-03-14|2025-03-15|2025-03-16|2025-03-17|2025-03-18|2025-03-19|2025-03-20|2025-03-21,2025-03-22 00:00,2025-03-22 00:00,7.958078640513122e-13,1.1368683772161603e-13,0,True,Optimization terminated successfully. (HiGHS Status 7: Optimal),956,0.0
2025-03-23,0,0.13045283399878826,44414.28374452475,144,40,6626,2025-02-11|2025-02-12|2025-02-13|2025-02-14|2025-02-15|2025-02-16|2025-02-17|2025-02-18|2025-02-19|2025-02-20|2025-02-21|2025-02-22|2025-02-23|2025-02-24|2025-02-25|2025-02-26|2025-02-27|2025-02-28|2025-03-01|2025-03-02|2025-03-03|2025-03-04|2025-03-05|2025-03-06|2025-03-07|2025-03-08|2025-03-09|2025-03-10|2025-03-11|2025-03-12|2025-03-13|2025-03-14|2025-03-15|2025-03-16|2025-03-17|2025-03-18|2025-03-19|2025-03-20|2025-03-21|2025-03-22,2025-03-23 00:00,2025-03-23 00:00,1.0231815394945443e-12,1.1368683772161603e-13,0,True,Optimization terminated successfully. (HiGHS Status 7: Optimal),1394,0.0
2025-03-24,0,0.1291713750015333,43712.50951138244,144,40,6626,2025-02-12|2025-02-13|2025-02-14|2025-02-15|2025-02-16|2025-02-17|2025-02-18|2025-02-19|2025-02-20|2025-02-21|2025-02-22|2025-02-23|2025-02-24|2025-02-25|2025-02-26|2025-02-27|2025-02-28|2025-03-01|2025-03-02|2025-03-03|2025-03-04|2025-03-05|2025-03-06|2025-03-07|2025-03-08|2025-03-09|2025-03-10|2025-03-11|2025-03-12|2025-03-13|2025-03-14|2025-03-15|2025-03-16|2025-03-17|2025-03-18|2025-03-19|2025-03-20|2025-03-21|2025-03-22|2025-03-23,2025-03-24 00:00,2025-03-24 00:00,9.094947017729282e-13,2.2737367544323206e-13,0,True,Optimization terminated successfully. (HiGHS Status 7: Optimal),1371,0.0
2025-03-25,0,0.11740316599934886,42768.13085981021,144,40,6626,2025-02-13|2025-02-14|2025-02-15|2025-02-16|2025-02-17|2025-02-18|2025-02-19|2025-02-20|2025-02-21|2025-02-22|2025-02-23|2025-02-24|2025-02-25|2025-02-26|2025-02-27|2025-02-28|2025-03-01|2025-03-02|2025-03-03|2025-03-04|2025-03-05|2025-03-06|2025-03-07|2025-03-08|2025-03-09|2025-03-10|2025-03-11|2025-03-12|2025-03-13|2025-03-14|2025-03-15|2025-03-16|2025-03-17|2025-03-18|2025-03-19|2025-03-20|2025-03-21|2025-03-22|2025-03-23|2025-03-24,2025-03-25 00:00,2025-03-25 00:00,9.094947017729282e-13,1.1368683772161603e-13,0,True,Optimization terminated successfully. (HiGHS Status 7: Optimal),1370,0.0
2025-03-26,0,0.13087395899856347,42363.95457938356,144,40,6626,2025-02-14|2025-02-15|2025-02-16|2025-02-17|2025-02-18|2025-02-19|2025-02-20|2025-02-21|2025-02-22|2025-02-23|2025-02-24|2025-02-25|2025-02-26|2025-02-27|2025-02-28|2025-03-01|2025-03-02|2025-03-03|2025-03-04|2025-03-05|2025-03-06|2025-03-07|2025-03-08|2025-03-09|2025-03-10|2025-03-11|2025-03-12|2025-03-13|2025-03-14|2025-03-15|2025-03-16|2025-03-17|2025-03-18|2025-03-19|2025-03-20|2025-03-21|2025-03-22|2025-03-23|2025-03-24|2025-03-25,2025-03-26 00:00,2025-03-26 00:00,7.815970093361102e-13,1.1368683772161603e-13,0,True,Optimization terminated successfully. (HiGHS Status 7: Optimal),1373,0.0
2025-03-27,0,0.14441900000019814,43387.551031742274,144,40,6626,2025-02-15|2025-02-16|2025-02-17|2025-02-18|2025-02-19|2025-02-20|2025-02-21|2025-02-22|2025-02-23|2025-02-24|2025-02-25|2025-02-26|2025-02-27|2025-02-28|2025-03-01|2025-03-02|2025-03-03|2025-03-04|2025-03-05|2025-03-06|2025-03-07|2025-03-08|2025-03-09|2025-03-10|2025-03-11|2025-03-12|2025-03-13|2025-03-14|2025-03-15|2025-03-16|2025-03-17|2025-03-18|2025-03-19|2025-03-20|2025-03-21|2025-03-22|2025-03-23|2025-03-24|2025-03-25|2025-03-26,2025-03-27 00:00,2025-03-27 00:00,7.958078640513122e-13,1.1368683772161603e-13,0,True,Optimization terminated successfully. (HiGHS Status 7: Optimal),1377,0.0
2025-03-28,0,0.1259169170007226,16219.439699815004,144,40,6626,2025-02-16|2025-02-17|2025-02-18|2025-02-19|2025-02-20|2025-02-21|2025-02-22|2025-02-23|2025-02-24|2025-02-25|2025-02-26|2025-02-27|2025-02-28|2025-03-01|2025-03-02|2025-03-03|2025-03-04|2025-03-05|2025-03-06|2025-03-07|2025-03-08|2025-03-09|2025-03-10|2025-03-11|2025-03-12|2025-03-13|2025-03-14|2025-03-15|2025-03-16|2025-03-17|2025-03-18|2025-03-19|2025-03-20|2025-03-21|2025-03-22|2025-03-23|2025-03-24|2025-03-25|2025-03-26|2025-03-27,2025-03-28 00:00,2025-03-28 00:00,1.0231815394945443e-12,5.684341886080802e-14,0,True,Optimization terminated successfully. (HiGHS Status 7: Optimal),941,0.0
2025-03-29,0,0.12102737500026706,16256.613103256914,144,40,6626,2025-02-17|2025-02-18|2025-02-19|2025-02-20|2025-02-21|2025-02-22|2025-02-23|2025-02-24|2025-02-25|2025-02-26|2025-02-27|2025-02-28|2025-03-01|2025-03-02|2025-03-03|2025-03-04|2025-03-05|2025-03-06|2025-03-07|2025-03-08|2025-03-09|2025-03-10|2025-03-11|2025-03-12|2025-03-13|2025-03-14|2025-03-15|2025-03-16|2025-03-17|2025-03-18|2025-03-19|2025-03-20|2025-03-21|2025-03-22|2025-03-23|2025-03-24|2025-03-25|2025-03-26|2025-03-27|2025-03-28,2025-03-29 00:00,2025-03-29 00:00,8.633094239485217e-13,5.684341886080802e-14,0,True,Optimization terminated successfully. (HiGHS Status 7: Optimal),950,0.0
2025-03-30,0,0.14049516699924425,42453.53579969945,144,40,6626,2025-02-18|2025-02-19|2025-02-20|2025-02-21|2025-02-22|2025-02-23|2025-02-24|2025-02-25|2025-02-26|2025-02-27|2025-02-28|2025-03-01|2025-03-02|2025-03-03|2025-03-04|2025-03-05|2025-03-06|2025-03-07|2025-03-08|2025-03-09|2025-03-10|2025-03-11|2025-03-12|2025-03-13|2025-03-14|2025-03-15|2025-03-16|2025-03-17|2025-03-18|2025-03-19|2025-03-20|2025-03-21|2025-03-22|2025-03-23|2025-03-24|2025-03-25|2025-03-26|2025-03-27|2025-03-28|2025-03-29,2025-03-30 00:00,2025-03-30 00:00,8.810729923425242e-13,1.1368683772161603e-13,0,True,Optimization terminated successfully. (HiGHS Status 7: Optimal),1379,0.0
2025-03-31,0,0.3674372920013411,42215.38619389896,144,40,6626,2025-02-19|2025-02-20|2025-02-21|2025-02-22|2025-02-23|2025-02-24|2025-02-25|2025-02-26|2025-02-27|2025-02-28|2025-03-01|2025-03-02|2025-03-03|2025-03-04|2025-03-05|2025-03-06|2025-03-07|2025-03-08|2025-03-09|2025-03-10|2025-03-11|2025-03-12|2025-03-13|2025-03-14|2025-03-15|2025-03-16|2025-03-17|2025-03-18|2025-03-19|2025-03-20|2025-03-21|2025-03-22|2025-03-23|2025-03-24|2025-03-25|2025-03-26|2025-03-27|2025-03-28|2025-03-29|2025-03-30,2025-03-31 00:00,2025-03-31 00:00,8.881784197001252e-13,1.1368683772161603e-13,0,True,Optimization terminated successfully. (HiGHS Status 7: Optimal),1367,0.0
2025-04-01,0,0.1863498749989958,42097.72298249783,144,40,6626,2025-02-20|2025-02-21|2025-02-22|2025-02-23|2025-02-24|2025-02-25|2025-02-26|2025-02-27|2025-02-28|2025-03-01|2025-03-02|2025-03-03|2025-03-04|2025-03-05|2025-03-06|2025-03-07|2025-03-08|2025-03-09|2025-03-10|2025-03-11|2025-03-12|2025-03-13|2025-03-14|2025-03-15|2025-03-16|2025-03-17|2025-03-18|2025-03-19|2025-03-20|2025-03-21|2025-03-22|2025-03-23|2025-03-24|2025-03-25|2025-03-26|2025-03-27|2025-03-28|2025-03-29|2025-03-30|2025-03-31,2025-04-01 00:00,2025-04-01 00:00,9.094947017729282e-13,1.1368683772161603e-13,0,True,Optimization terminated successfully. (HiGHS Status 7: Optimal),1362,0.0
2025-04-02,0,0.16587658299977193,40412.48365495348,144,40,6626,2025-02-21|2025-02-22|2025-02-23|2025-02-24|2025-02-25|2025-02-26|2025-02-27|2025-02-28|2025-03-01|2025-03-02|2025-03-03|2025-03-04|2025-03-05|2025-03-06|2025-03-07|2025-03-08|2025-03-09|2025-03-10|2025-03-11|2025-03-12|2025-03-13|2025-03-14|2025-03-15|2025-03-16|2025-03-17|2025-03-18|2025-03-19|2025-03-20|2025-03-21|2025-03-22|2025-03-23|2025-03-24|2025-03-25|2025-03-26|2025-03-27|2025-03-28|2025-03-29|2025-03-30|2025-03-31|2025-04-01,2025-04-02 00:00,2025-04-02 00:00,9.094947017729282e-13,1.1368683772161603e-13,0,True,Optimization terminated successfully. (HiGHS Status 7: Optimal),1348,0.0
2025-04-03,0,0.1566199589997268,42421.55600249095,144,40,6626,2025-02-22|2025-02-23|2025-02-24|2025-02-25|2025-02-26|2025-02-27|2025-02-28|2025-03-01|2025-03-02|2025-03-03|2025-03-04|2025-03-05|2025-03-06|2025-03-07|2025-03-08|2025-03-09|2025-03-10|2025-03-11|2025-03-12|2025-03-13|2025-03-14|2025-03-15|2025-03-16|2025-03-17|2025-03-18|2025-03-19|2025-03-20|2025-03-21|2025-03-22|2025-03-23|2025-03-24|2025-03-25|2025-03-26|2025-03-27|2025-03-28|2025-03-29|2025-03-30|2025-03-31|2025-04-01|2025-04-02,2025-04-03 00:00,2025-04-03 00:00,9.094947017729282e-13,1.1368683772161603e-13,0,True,Optimization terminated successfully. (HiGHS Status 7: Optimal),1369,0.0
2025-04-04,0,0.10380679100126144,15692.233767999574,144,40,6626,2025-02-23|2025-02-24|2025-02-25|2025-02-26|2025-02-27|2025-02-28|2025-03-01|2025-03-02|2025-03-03|2025-03-04|2025-03-05|2025-03-06|2025-03-07|2025-03-08|2025-03-09|2025-03-10|2025-03-11|2025-03-12|2025-03-13|2025-03-14|2025-03-15|2025-03-16|2025-03-17|2025-03-18|2025-03-19|2025-03-20|2025-03-21|2025-03-22|2025-03-23|2025-03-24|2025-03-25|2025-03-26|2025-03-27|2025-03-28|2025-03-29|2025-03-30|2025-03-31|2025-04-01|2025-04-02|2025-04-03,2025-04-04 00:00,2025-04-04 00:00,8.189005029635155e-13,1.1368683772161603e-13,0,True,Optimization terminated successfully. (HiGHS Status 7: Optimal),932,0.0
2025-04-05,0,0.09793845899912412,15892.625683886145,144,40,6626,2025-02-24|2025-02-25|2025-02-26|2025-02-27|2025-02-28|2025-03-01|2025-03-02|2025-03-03|2025-03-04|2025-03-05|2025-03-06|2025-03-07|2025-03-08|2025-03-09|2025-03-10|2025-03-11|2025-03-12|2025-03-13|2025-03-14|2025-03-15|2025-03-16|2025-03-17|2025-03-18|2025-03-19|2025-03-20|2025-03-21|2025-03-22|2025-03-23|2025-03-24|2025-03-25|2025-03-26|2025-03-27|2025-03-28|2025-03-29|2025-03-30|2025-03-31|2025-04-01|2025-04-02|2025-04-03|2025-04-04,2025-04-05 00:00,2025-04-05 00:00,8.100187187665142e-13,5.684341886080802e-14,0,True,Optimization terminated successfully. (HiGHS Status 7: Optimal),940,0.0
2025-04-06,0,0.1384399159996974,40301.92626038267,144,40,6626,2025-02-25|2025-02-26|2025-02-27|2025-02-28|2025-03-01|2025-03-02|2025-03-03|2025-03-04|2025-03-05|2025-03-06|2025-03-07|2025-03-08|2025-03-09|2025-03-10|2025-03-11|2025-03-12|2025-03-13|2025-03-14|2025-03-15|2025-03-16|2025-03-17|2025-03-18|2025-03-19|2025-03-20|2025-03-21|2025-03-22|2025-03-23|2025-03-24|2025-03-25|2025-03-26|2025-03-27|2025-03-28|2025-03-29|2025-03-30|2025-03-31|2025-04-01|2025-04-02|2025-04-03|2025-04-04|2025-04-05,2025-04-06 00:00,2025-04-06 00:00,9.094947017729282e-13,1.1368683772161603e-13,0,True,Optimization terminated successfully. (HiGHS Status 7: Optimal),1318,0.0
2025-04-07,0,0.1276003330003732,40310.76334529724,144,40,6626,2025-02-26|2025-02-27|2025-02-28|2025-03-01|2025-03-02|2025-03-03|2025-03-04|2025-03-05|2025-03-06|2025-03-07|2025-03-08|2025-03-09|2025-03-10|2025-03-11|2025-03-12|2025-03-13|2025-03-14|2025-03-15|2025-03-16|2025-03-17|2025-03-18|2025-03-19|2025-03-20|2025-03-21|2025-03-22|2025-03-23|2025-03-24|2025-03-25|2025-03-26|2025-03-27|2025-03-28|2025-03-29|2025-03-30|2025-03-31|2025-04-01|2025-04-02|2025-04-03|2025-04-04|2025-04-05|2025-04-06,2025-04-07 00:00,2025-04-07 00:00,9.094947017729282e-13,1.1368683772161603e-13,0,True,Optimization terminated successfully. (HiGHS Status 7: Optimal),1326,0.0
2025-04-08,0,0.12770879099844024,41053.43548882253,144,40,6626,2025-02-27|2025-02-28|2025-03-01|2025-03-02|2025-03-03|2025-03-04|2025-03-05|2025-03-06|2025-03-07|2025-03-08|2025-03-09|2025-03-10|2025-03-11|2025-03-12|2025-03-13|2025-03-14|2025-03-15|2025-03-16|2025-03-17|2025-03-18|2025-03-19|2025-03-20|2025-03-21|2025-03-22|2025-03-23|2025-03-24|2025-03-25|2025-03-26|2025-03-27|2025-03-28|2025-03-29|2025-03-30|2025-03-31|2025-04-01|2025-04-02|2025-04-03|2025-04-04|2025-04-05|2025-04-06|2025-04-07,2025-04-08 00:00,2025-04-08 00:00,9.094947017729282e-13,1.1368683772161603e-13,0,True,Optimization terminated successfully. (HiGHS Status 7: Optimal),1334,0.0
2025-04-09,0,0.13984975000130362,39876.17397488088,144,40,6626,2025-02-28|2025-03-01|2025-03-02|2025-03-03|2025-03-04|2025-03-05|2025-03-06|2025-03-07|2025-03-08|2025-03-09|2025-03-10|2025-03-11|2025-03-12|2025-03-13|2025-03-14|2025-03-15|2025-03-16|2025-03-17|2025-03-18|2025-03-19|2025-03-20|2025-03-21|2025-03-22|2025-03-23|2025-03-24|2025-03-25|2025-03-26|2025-03-27|2025-03-28|2025-03-29|2025-03-30|2025-03-31|2025-04-01|2025-04-02|2025-04-03|2025-04-04|2025-04-05|2025-04-06|2025-04-07|2025-04-08,2025-04-09 00:00,2025-04-09 00:00,9.094947017729282e-13,1.1368683772161603e-13,0,True,Optimization terminated successfully. (HiGHS Status 7: Optimal),1332,0.0
2025-04-10,0,0.1643954589999339,41128.35732248178,144,40,6626,2025-03-01|2025-03-02|2025-03-03|2025-03-04|2025-03-05|2025-03-06|2025-03-07|2025-03-08|2025-03-09|2025-03-10|2025-03-11|2025-03-12|2025-03-13|2025-03-14|2025-03-15|2025-03-16|2025-03-17|2025-03-18|2025-03-19|2025-03-20|2025-03-21|2025-03-22|2025-03-23|2025-03-24|2025-03-25|2025-03-26|2025-03-27|2025-03-28|2025-03-29|2025-03-30|2025-03-31|2025-04-01|2025-04-02|2025-04-03|2025-04-04|2025-04-05|2025-04-06|2025-04-07|2025-04-08|2025-04-09,2025-04-10 00:00,2025-04-10 00:00,9.094947017729282e-13,1.1368683772161603e-13,0,True,Optimization terminated successfully. (HiGHS Status 7: Optimal),1348,0.0
2025-04-11,0,0.09676779199980956,15226.83172941452,144,40,6626,2025-03-02|2025-03-03|2025-03-04|2025-03-05|2025-03-06|2025-03-07|2025-03-08|2025-03-09|2025-03-10|2025-03-11|2025-03-12|2025-03-13|2025-03-14|2025-03-15|2025-03-16|2025-03-17|2025-03-18|2025-03-19|2025-03-20|2025-03-21|2025-03-22|2025-03-23|2025-03-24|2025-03-25|2025-03-26|2025-03-27|2025-03-28|2025-03-29|2025-03-30|2025-03-31|2025-04-01|2025-04-02|2025-04-03|2025-04-04|2025-04-05|2025-04-06|2025-04-07|2025-04-08|2025-04-09|2025-04-10,2025-04-11 00:00,2025-04-11 00:00,8.526512829121202e-13,1.1368683772161603e-13,0,True,Optimization terminated successfully. (HiGHS Status 7: Optimal),917,0.0
2025-04-12,0,0.0959583339990786,15465.988403358224,144,40,6626,2025-03-03|2025-03-04|2025-03-05|2025-03-06|2025-03-07|2025-03-08|2025-03-09|2025-03-10|2025-03-11|2025-03-12|2025-03-13|2025-03-14|2025-03-15|2025-03-16|2025-03-17|2025-03-18|2025-03-19|2025-03-20|2025-03-21|2025-03-22|2025-03-23|2025-03-24|2025-03-25|2025-03-26|2025-03-27|2025-03-28|2025-03-29|2025-03-30|2025-03-31|2025-04-01|2025-04-02|2025-04-03|2025-04-04|2025-04-05|2025-04-06|2025-04-07|2025-04-08|2025-04-09|2025-04-10|2025-04-11,2025-04-12 00:00,2025-04-12 00:00,8.526512829121202e-13,5.684341886080802e-14,0,True,Optimization terminated successfully. (HiGHS Status 7: Optimal),925,0.0
2025-04-13,0,0.13307445899954473,38781.901425707074,144,40,6626,2025-03-04|2025-03-05|2025-03-06|2025-03-07|2025-03-08|2025-03-09|2025-03-10|2025-03-11|2025-03-12|2025-03-13|2025-03-14|2025-03-15|2025-03-16|2025-03-17|2025-03-18|2025-03-19|2025-03-20|2025-03-21|2025-03-22|2025-03-23|2025-03-24|2025-03-25|2025-03-26|2025-03-27|2025-03-28|2025-03-29|2025-03-30|2025-03-31|2025-04-01|2025-04-02|2025-04-03|2025-04-04|2025-04-05|2025-04-06|2025-04-07|2025-04-08|2025-04-09|2025-04-10|2025-04-11|2025-04-12,2025-04-13 00:00,2025-04-13 00:00,7.673861546209082e-13,1.1368683772161603e-13,0,True,Optimization terminated successfully. (HiGHS Status 7: Optimal),1305,0.0
2025-04-14,0,0.15393049999875075,38058.65924775567,144,40,6626,2025-03-05|2025-03-06|2025-03-07|2025-03-08|2025-03-09|2025-03-10|2025-03-11|2025-03-12|2025-03-13|2025-03-14|2025-03-15|2025-03-16|2025-03-17|2025-03-18|2025-03-19|2025-03-20|2025-03-21|2025-03-22|2025-03-23|2025-03-24|2025-03-25|2025-03-26|2025-03-27|2025-03-28|2025-03-29|2025-03-30|2025-03-31|2025-04-01|2025-04-02|2025-04-03|2025-04-04|2025-04-05|2025-04-06|2025-04-07|2025-04-08|2025-04-09|2025-04-10|2025-04-11|2025-04-12|2025-04-13,2025-04-14 00:00,2025-04-14 00:00,8.881784197001252e-13,1.1368683772161603e-13,0,True,Optimization terminated successfully. (HiGHS Status 7: Optimal),1278,0.0
2025-04-15,0,0.14063712499955727,39652.841797357185,144,40,6626,2025-03-06|2025-03-07|2025-03-08|2025-03-09|2025-03-10|2025-03-11|2025-03-12|2025-03-13|2025-03-14|2025-03-15|2025-03-16|2025-03-17|2025-03-18|2025-03-19|2025-03-20|2025-03-21|2025-03-22|2025-03-23|2025-03-24|2025-03-25|2025-03-26|2025-03-27|2025-03-28|2025-03-29|2025-03-30|2025-03-31|2025-04-01|2025-04-02|2025-04-03|2025-04-04|2025-04-05|2025-04-06|2025-04-07|2025-04-08|2025-04-09|2025-04-10|2025-04-11|2025-04-12|2025-04-13|2025-04-14,2025-04-15 00:00,2025-04-15 00:00,8.810729923425242e-13,2.2737367544323206e-13,0,True,Optimization terminated successfully. (HiGHS Status 7: Optimal),1318,0.0
2025-04-16,0,0.1382290829988051,39154.50042206448,144,40,6626,2025-03-07|2025-03-08|2025-03-09|2025-03-10|2025-03-11|2025-03-12|2025-03-13|2025-03-14|2025-03-15|2025-03-16|2025-03-17|2025-03-18|2025-03-19|2025-03-20|2025-03-21|2025-03-22|2025-03-23|2025-03-24|2025-03-25|2025-03-26|2025-03-27|2025-03-28|2025-03-29|2025-03-30|2025-03-31|2025-04-01|2025-04-02|2025-04-03|2025-04-04|2025-04-05|2025-04-06|2025-04-07|2025-04-08|2025-04-09|2025-04-10|2025-04-11|2025-04-12|2025-04-13|2025-04-14|2025-04-15,2025-04-16 00:00,2025-04-16 00:00,9.094947017729282e-13,1.1368683772161603e-13,0,True,Optimization terminated successfully. (HiGHS Status 7: Optimal),1313,0.0
2025-04-17,0,0.1416477090006083,38978.699906285474,144,40,6626,2025-03-08|2025-03-09|2025-03-10|2025-03-11|2025-03-12|2025-03-13|2025-03-14|2025-03-15|2025-03-16|2025-03-17|2025-03-18|2025-03-19|2025-03-20|2025-03-21|2025-03-22|2025-03-23|2025-03-24|2025-03-25|2025-03-26|2025-03-27|2025-03-28|2025-03-29|2025-03-30|2025-03-31|2025-04-01|2025-04-02|2025-04-03|2025-04-04|2025-04-05|2025-04-06|2025-04-07|2025-04-08|2025-04-09|2025-04-10|2025-04-11|2025-04-12|2025-04-13|2025-04-14|2025-04-15|2025-04-16,2025-04-17 00:00,2025-04-17 00:00,8.384404281969182e-13,2.2737367544323206e-13,0,True,Optimization terminated successfully. (HiGHS Status 7: Optimal),1305,0.0
2025-04-18,0,0.10256154099988635,14849.747776783173,144,40,6626,2025-03-09|2025-03-10|2025-03-11|2025-03-12|2025-03-13|2025-03-14|2025-03-15|2025-03-16|2025-03-17|2025-03-18|2025-03-19|2025-03-20|2025-03-21|2025-03-22|2025-03-23|2025-03-24|2025-03-25|2025-03-26|2025-03-27|2025-03-28|2025-03-29|2025-03-30|2025-03-31|2025-04-01|2025-04-02|2025-04-03|2025-04-04|2025-04-05|2025-04-06|2025-04-07|2025-04-08|2025-04-09|2025-04-10|2025-04-11|2025-04-12|2025-04-13|2025-04-14|2025-04-15|2025-04-16|2025-04-17,2025-04-18 00:00,2025-04-18 00:00,7.958078640513122e-13,5.684341886080802e-14,0,True,Optimization terminated successfully. (HiGHS Status 7: Optimal),900,0.0
2025-04-19,0,0.15628950000063924,14889.985171196313,144,40,6626,2025-03-10|2025-03-11|2025-03-12|2025-03-13|2025-03-14|2025-03-15|2025-03-16|2025-03-17|2025-03-18|2025-03-19|2025-03-20|2025-03-21|2025-03-22|2025-03-23|2025-03-24|2025-03-25|2025-03-26|2025-03-27|2025-03-28|2025-03-29|2025-03-30|2025-03-31|2025-04-01|2025-04-02|2025-04-03|2025-04-04|2025-04-05|2025-04-06|2025-04-07|2025-04-08|2025-04-09|2025-04-10|2025-04-11|2025-04-12|2025-04-13|2025-04-14|2025-04-15|2025-04-16|2025-04-17|2025-04-18,2025-04-19 00:00,2025-04-19 00:00,8.526512829121202e-13,5.684341886080802e-14,0,True,Optimization terminated successfully. (HiGHS Status 7: Optimal),912,0.0
2025-04-20,0,0.20943616600015957,37570.37982556181,144,40,6626,2025-03-11|2025-03-12|2025-03-13|2025-03-14|2025-03-15|2025-03-16|2025-03-17|2025-03-18|2025-03-19|2025-03-20|2025-03-21|2025-03-22|2025-03-23|2025-03-24|2025-03-25|2025-03-26|2025-03-27|2025-03-28|2025-03-29|2025-03-30|2025-03-31|2025-04-01|2025-04-02|2025-04-03|2025-04-04|2025-04-05|2025-04-06|2025-04-07|2025-04-08|2025-04-09|2025-04-10|2025-04-11|2025-04-12|2025-04-13|2025-04-14|2025-04-15|2025-04-16|2025-04-17|2025-04-18|2025-04-19,2025-04-20 00:00,2025-04-20 00:00,8.242295734817162e-13,1.1368683772161603e-13,0,True,Optimization terminated successfully. (HiGHS Status 7: Optimal),1285,0.0
2025-04-21,0,0.192030624999461,37234.728209017754,144,40,6626,2025-03-12|2025-03-13|2025-03-14|2025-03-15|2025-03-16|2025-03-17|2025-03-18|2025-03-19|2025-03-20|2025-03-21|2025-03-22|2025-03-23|2025-03-24|2025-03-25|2025-03-26|2025-03-27|2025-03-28|2025-03-29|2025-03-30|2025-03-31|2025-04-01|2025-04-02|2025-04-03|2025-04-04|2025-04-05|2025-04-06|2025-04-07|2025-04-08|2025-04-09|2025-04-10|2025-04-11|2025-04-12|2025-04-13|2025-04-14|2025-04-15|2025-04-16|2025-04-17|2025-04-18|2025-04-19|2025-04-20,2025-04-21 00:00,2025-04-21 00:00,8.810729923425242e-13,1.1368683772161603e-13,0,True,Optimization terminated successfully. (HiGHS Status 7: Optimal),1275,0.0
2025-04-22,0,0.17265958300049533,38116.54092860673,144,40,6626,2025-03-13|2025-03-14|2025-03-15|2025-03-16|2025-03-17|2025-03-18|2025-03-19|2025-03-20|2025-03-21|2025-03-22|2025-03-23|2025-03-24|2025-03-25|2025-03-26|2025-03-27|2025-03-28|2025-03-29|2025-03-30|2025-03-31|2025-04-01|2025-04-02|2025-04-03|2025-04-04|2025-04-05|2025-04-06|2025-04-07|2025-04-08|2025-04-09|2025-04-10|2025-04-11|2025-04-12|2025-04-13|2025-04-14|2025-04-15|2025-04-16|2025-04-17|2025-04-18|2025-04-19|2025-04-20|2025-04-21,2025-04-22 00:00,2025-04-22 00:00,8.526512829121202e-13,1.1368683772161603e-13,0,True,Optimization terminated successfully. (HiGHS Status 7: Optimal),1285,0.0
2025-04-23,0,0.14394629199887277,38380.759471187885,144,40,6626,2025-03-14|2025-03-15|2025-03-16|2025-03-17|2025-03-18|2025-03-19|2025-03-20|2025-03-21|2025-03-22|2025-03-23|2025-03-24|2025-03-25|2025-03-26|2025-03-27|2025-03-28|2025-03-29|2025-03-30|2025-03-31|2025-04-01|2025-04-02|2025-04-03|2025-04-04|2025-04-05|2025-04-06|2025-04-07|2025-04-08|2025-04-09|2025-04-10|2025-04-11|2025-04-12|2025-04-13|2025-04-14|2025-04-15|2025-04-16|2025-04-17|2025-04-18|2025-04-19|2025-04-20|2025-04-21|2025-04-22,2025-04-23 00:00,2025-04-23 00:00,9.094947017729282e-13,2.2737367544323206e-13,0,True,Optimization terminated successfully. (HiGHS Status 7: Optimal),1307,0.0
2025-04-24,0,0.1443836670005112,37479.79606243177,144,40,6626,2025-03-15|2025-03-16|2025-03-17|2025-03-18|2025-03-19|2025-03-20|2025-03-21|2025-03-22|2025-03-23|2025-03-24|2025-03-25|2025-03-26|2025-03-27|2025-03-28|2025-03-29|2025-03-30|2025-03-31|2025-04-01|2025-04-02|2025-04-03|2025-04-04|2025-04-05|2025-04-06|2025-04-07|2025-04-08|2025-04-09|2025-04-10|2025-04-11|2025-04-12|2025-04-13|2025-04-14|2025-04-15|2025-04-16|2025-04-17|2025-04-18|2025-04-19|2025-04-20|2025-04-21|2025-04-22|2025-04-23,2025-04-24 00:00,2025-04-24 00:00,8.526512829121202e-13,2.2737367544323206e-13,0,True,Optimization terminated successfully. (HiGHS Status 7: Optimal),1287,0.0
2025-04-25,0,0.12481099999968137,14254.005813619791,144,40,6626,2025-03-16|2025-03-17|2025-03-18|2025-03-19|2025-03-20|2025-03-21|2025-03-22|2025-03-23|2025-03-24|2025-03-25|2025-03-26|2025-03-27|2025-03-28|2025-03-29|2025-03-30|2025-03-31|2025-04-01|2025-04-02|2025-04-03|2025-04-04|2025-04-05|2025-04-06|2025-04-07|2025-04-08|2025-04-09|2025-04-10|2025-04-11|2025-04-12|2025-04-13|2025-04-14|2025-04-15|2025-04-16|2025-04-17|2025-04-18|2025-04-19|2025-04-20|2025-04-21|2025-04-22|2025-04-23|2025-04-24,2025-04-25 00:00,2025-04-25 00:00,9.663381206337363e-13,5.684341886080802e-14,0,True,Optimization terminated successfully. (HiGHS Status 7: Optimal),894,0.0
2025-04-26,0,0.12443337500008056,14300.60739454469,144,40,6626,2025-03-17|2025-03-18|2025-03-19|2025-03-20|2025-03-21|2025-03-22|2025-03-23|2025-03-24|2025-03-25|2025-03-26|2025-03-27|2025-03-28|2025-03-29|2025-03-30|2025-03-31|2025-04-01|2025-04-02|2025-04-03|2025-04-04|2025-04-05|2025-04-06|2025-04-07|2025-04-08|2025-04-09|2025-04-10|2025-04-11|2025-04-12|2025-04-13|2025-04-14|2025-04-15|2025-04-16|2025-04-17|2025-04-18|2025-04-19|2025-04-20|2025-04-21|2025-04-22|2025-04-23|2025-04-24|2025-04-25,2025-04-26 00:00,2025-04-26 00:00,8.526512829121202e-13,5.684341886080802e-14,0,True,Optimization terminated successfully. (HiGHS Status 7: Optimal),904,0.0
2025-04-27,0,0.16110699999990175,36337.53812610366,144,40,6626,2025-03-18|2025-03-19|2025-03-20|2025-03-21|2025-03-22|2025-03-23|2025-03-24|2025-03-25|2025-03-26|2025-03-27|2025-03-28|2025-03-29|2025-03-30|2025-03-31|2025-04-01|2025-04-02|2025-04-03|2025-04-04|2025-04-05|2025-04-06|2025-04-07|2025-04-08|2025-04-09|2025-04-10|2025-04-11|2025-04-12|2025-04-13|2025-04-14|2025-04-15|2025-04-16|2025-04-17|2025-04-18|2025-04-19|2025-04-20|2025-04-21|2025-04-22|2025-04-23|2025-04-24|2025-04-25|2025-04-26,2025-04-27 00:00,2025-04-27 00:00,9.094947017729282e-13,2.2737367544323206e-13,0,True,Optimization terminated successfully. (HiGHS Status 7: Optimal),1272,0.0
2025-04-28,0,0.15913733299930755,35612.841179386065,144,40,6626,2025-03-19|2025-03-20|2025-03-21|2025-03-22|2025-03-23|2025-03-24|2025-03-25|2025-03-26|2025-03-27|2025-03-28|2025-03-29|2025-03-30|2025-03-31|2025-04-01|2025-04-02|2025-04-03|2025-04-04|2025-04-05|2025-04-06|2025-04-07|2025-04-08|2025-04-09|2025-04-10|2025-04-11|2025-04-12|2025-04-13|2025-04-14|2025-04-15|2025-04-16|2025-04-17|2025-04-18|2025-04-19|2025-04-20|2025-04-21|2025-04-22|2025-04-23|2025-04-24|2025-04-25|2025-04-26|2025-04-27,2025-04-28 00:00,2025-04-28 00:00,7.833733661755105e-13,1.1368683772161603e-13,0,True,Optimization terminated successfully. (HiGHS Status 7: Optimal),1270,0.0
2025-04-29,0,0.17046208399915486,37007.01154741714,144,40,6626,2025-03-20|2025-03-21|2025-03-22|2025-03-23|2025-03-24|2025-03-25|2025-03-26|2025-03-27|2025-03-28|2025-03-29|2025-03-30|2025-03-31|2025-04-01|2025-04-02|2025-04-03|2025-04-04|2025-04-05|2025-04-06|2025-04-07|2025-04-08|2025-04-09|2025-04-10|2025-04-11|2025-04-12|2025-04-13|2025-04-14|2025-04-15|2025-04-16|2025-04-17|2025-04-18|2025-04-19|2025-04-20|2025-04-21|2025-04-22|2025-04-23|2025-04-24|2025-04-25|2025-04-26|2025-04-27|2025-04-28,2025-04-29 00:00,2025-04-29 00:00,9.094947017729282e-13,1.1368683772161603e-13,0,True,Optimization terminated successfully. (HiGHS Status 7: Optimal),1286,0.0
2025-04-30,0,0.20991208299892605,38035.306745443675,144,40,6626,2025-03-21|2025-03-22|2025-03-23|2025-03-24|2025-03-25|2025-03-26|2025-03-27|2025-03-28|2025-03-29|2025-03-30|2025-03-31|2025-04-01|2025-04-02|2025-04-03|2025-04-04|2025-04-05|2025-04-06|2025-04-07|2025-04-08|2025-04-09|2025-04-10|2025-04-11|2025-04-12|2025-04-13|2025-04-14|2025-04-15|2025-04-16|2025-04-17|2025-04-18|2025-04-19|2025-04-20|2025-04-21|2025-04-22|2025-04-23|2025-04-24|2025-04-25|2025-04-26|2025-04-27|2025-04-28|2025-04-29,2025-04-30 00:00,2025-04-30 00:00,7.958078640513122e-13,1.1368683772161603e-13,0,True,Optimization terminated successfully. (HiGHS Status 7: Optimal),1298,0.0
2025-05-01,0,0.1625962910002272,36184.06595594799,144,40,6626,2025-03-22|2025-03-23|2025-03-24|2025-03-25|2025-03-26|2025-03-27|2025-03-28|2025-03-29|2025-03-30|2025-03-31|2025-04-01|2025-04-02|2025-04-03|2025-04-04|2025-04-05|2025-04-06|2025-04-07|2025-04-08|2025-04-09|2025-04-10|2025-04-11|2025-04-12|2025-04-13|2025-04-14|2025-04-15|2025-04-16|2025-04-17|2025-04-18|2025-04-19|2025-04-20|2025-04-21|2025-04-22|2025-04-23|2025-04-24|2025-04-25|2025-04-26|2025-04-27|2025-04-28|2025-04-29|2025-04-30,2025-05-01 00:00,2025-05-01 00:00,7.389644451905042e-13,1.1368683772161603e-13,0,True,Optimization terminated successfully. (HiGHS Status 7: Optimal),1278,0.0
2025-05-02,0,0.10142933299903234,14056.329343963953,144,40,6626,2025-03-23|2025-03-24|2025-03-25|2025-03-26|2025-03-27|2025-03-28|2025-03-29|2025-03-30|2025-03-31|2025-04-01|2025-04-02|2025-04-03|2025-04-04|2025-04-05|2025-04-06|2025-04-07|2025-04-08|2025-04-09|2025-04-10|2025-04-11|2025-04-12|2025-04-13|2025-04-14|2025-04-15|2025-04-16|2025-04-17|2025-04-18|2025-04-19|2025-04-20|2025-04-21|2025-04-22|2025-04-23|2025-04-24|2025-04-25|2025-04-26|2025-04-27|2025-04-28|2025-04-29|2025-04-30|2025-05-01,2025-05-02 00:00,2025-05-02 00:00,8.526512829121202e-13,5.684341886080802e-14,0,True,Optimization terminated successfully. (HiGHS Status 7: Optimal),869,0.0
2025-05-03,0,0.1119036669988418,14464.501076763965,144,40,6626,2025-03-24|2025-03-25|2025-03-26|2025-03-27|2025-03-28|2025-03-29|2025-03-30|2025-03-31|2025-04-01|2025-04-02|2025-04-03|2025-04-04|2025-04-05|2025-04-06|2025-04-07|2025-04-08|2025-04-09|2025-04-10|2025-04-11|2025-04-12|2025-04-13|2025-04-14|2025-04-15|2025-04-16|2025-04-17|2025-04-18|2025-04-19|2025-04-20|2025-04-21|2025-04-22|2025-04-23|2025-04-24|2025-04-25|2025-04-26|2025-04-27|2025-04-28|2025-04-29|2025-04-30|2025-05-01|2025-05-02,2025-05-03 00:00,2025-05-03 00:00,8.810729923425242e-13,2.2737367544323206e-13,0,True,Optimization terminated successfully. (HiGHS Status 7: Optimal),903,0.0
2025-05-04,0,0.15123645799940277,37345.45773907002,144,40,6626,2025-03-25|2025-03-26|2025-03-27|2025-03-28|2025-03-29|2025-03-30|2025-03-31|2025-04-01|2025-04-02|2025-04-03|2025-04-04|2025-04-05|2025-04-06|2025-04-07|2025-04-08|2025-04-09|2025-04-10|2025-04-11|2025-04-12|2025-04-13|2025-04-14|2025-04-15|2025-04-16|2025-04-17|2025-04-18|2025-04-19|2025-04-20|2025-04-21|2025-04-22|2025-04-23|2025-04-24|2025-04-25|2025-04-26|2025-04-27|2025-04-28|2025-04-29|2025-04-30|2025-05-01|2025-05-02|2025-05-03,2025-05-04 00:00,2025-05-04 00:00,7.958078640513122e-13,1.1368683772161603e-13,0,True,Optimization terminated successfully. (HiGHS Status 7: Optimal),1279,0.0
2025-05-05,0,0.1258225420006056,37513.89032419131,144,40,6626,2025-03-26|2025-03-27|2025-03-28|2025-03-29|2025-03-30|2025-03-31|2025-04-01|2025-04-02|2025-04-03|2025-04-04|2025-04-05|2025-04-06|2025-04-07|2025-04-08|2025-04-09|2025-04-10|2025-04-11|2025-04-12|2025-04-13|2025-04-14|2025-04-15|2025-04-16|2025-04-17|2025-04-18|2025-04-19|2025-04-20|2025-04-21|2025-04-22|2025-04-23|2025-04-24|2025-04-25|2025-04-26|2025-04-27|2025-04-28|2025-04-29|2025-04-30|2025-05-01|2025-05-02|2025-05-03|2025-05-04,2025-05-05 00:00,2025-05-05 00:00,9.094947017729282e-13,1.1368683772161603e-13,0,True,Optimization terminated successfully. (HiGHS Status 7: Optimal),1289,0.0
2025-05-06,0,0.12688770800014026,37391.231738758484,144,40,6626,2025-03-27|2025-03-28|2025-03-29|2025-03-30|2025-03-31|2025-04-01|2025-04-02|2025-04-03|2025-04-04|2025-04-05|2025-04-06|2025-04-07|2025-04-08|2025-04-09|2025-04-10|2025-04-11|2025-04-12|2025-04-13|2025-04-14|2025-04-15|2025-04-16|2025-04-17|2025-04-18|2025-04-19|2025-04-20|2025-04-21|2025-04-22|2025-04-23|2025-04-24|2025-04-25|2025-04-26|2025-04-27|2025-04-28|2025-04-29|2025-04-30|2025-05-01|2025-05-02|2025-05-03|2025-05-04|2025-05-05,2025-05-06 00:00,2025-05-06 00:00,7.389644451905042e-13,1.1368683772161603e-13,0,True,Optimization terminated successfully. (HiGHS Status 7: Optimal),1280,0.0
2025-05-07,0,0.1275655410008767,38680.051236640706,144,40,6626,2025-03-28|2025-03-29|2025-03-30|2025-03-31|2025-04-01|2025-04-02|2025-04-03|2025-04-04|2025-04-05|2025-04-06|2025-04-07|2025-04-08|2025-04-09|2025-04-10|2025-04-11|2025-04-12|2025-04-13|2025-04-14|2025-04-15|2025-04-16|2025-04-17|2025-04-18|2025-04-19|2025-04-20|2025-04-21|2025-04-22|2025-04-23|2025-04-24|2025-04-25|2025-04-26|2025-04-27|2025-04-28|2025-04-29|2025-04-30|2025-05-01|2025-05-02|2025-05-03|2025-05-04|2025-05-05|2025-05-06,2025-05-07 00:00,2025-05-07 00:00,8.384404281969182e-13,1.1368683772161603e-13,0,True,Optimization terminated successfully. (HiGHS Status 7: Optimal),1302,0.0
2025-05-08,0,0.12345416700009082,38582.37912277618,144,40,6626,2025-03-29|2025-03-30|2025-03-31|2025-04-01|2025-04-02|2025-04-03|2025-04-04|2025-04-05|2025-04-06|2025-04-07|2025-04-08|2025-04-09|2025-04-10|2025-04-11|2025-04-12|2025-04-13|2025-04-14|2025-04-15|2025-04-16|2025-04-17|2025-04-18|2025-04-19|2025-04-20|2025-04-21|2025-04-22|2025-04-23|2025-04-24|2025-04-25|2025-04-26|2025-04-27|2025-04-28|2025-04-29|2025-04-30|2025-05-01|2025-05-02|2025-05-03|2025-05-04|2025-05-05|2025-05-06|2025-05-07,2025-05-08 00:00,2025-05-08 00:00,9.094947017729282e-13,1.1368683772161603e-13,0,True,Optimization terminated successfully. (HiGHS Status 7: Optimal),1275,0.0
2025-05-09,0,0.10229208300006576,16061.729262575178,144,40,6626,2025-03-30|2025-03-31|2025-04-01|2025-04-02|2025-04-03|2025-04-04|2025-04-05|2025-04-06|2025-04-07|2025-04-08|2025-04-09|2025-04-10|2025-04-11|2025-04-12|2025-04-13|2025-04-14|2025-04-15|2025-04-16|2025-04-17|2025-04-18|2025-04-19|2025-04-20|2025-04-21|2025-04-22|2025-04-23|2025-04-24|2025-04-25|2025-04-26|2025-04-27|2025-04-28|2025-04-29|2025-04-30|2025-05-01|2025-05-02|2025-05-03|2025-05-04|2025-05-05|2025-05-06|2025-05-07|2025-05-08,2025-05-09 00:00,2025-05-09 00:00,9.094947017729282e-13,5.684341886080802e-14,0,True,Optimization terminated successfully. (HiGHS Status 7: Optimal),922,0.0
2025-05-10,0,0.11697445800018613,16040.326896840576,144,40,6626,2025-03-31|2025-04-01|2025-04-02|2025-04-03|2025-04-04|2025-04-05|2025-04-06|2025-04-07|2025-04-08|2025-04-09|2025-04-10|2025-04-11|2025-04-12|2025-04-13|2025-04-14|2025-04-15|2025-04-16|2025-04-17|2025-04-18|2025-04-19|2025-04-20|2025-04-21|2025-04-22|2025-04-23|2025-04-24|2025-04-25|2025-04-26|2025-04-27|2025-04-28|2025-04-29|2025-04-30|2025-05-01|2025-05-02|2025-05-03|2025-05-04|2025-05-05|2025-05-06|2025-05-07|2025-05-08|2025-05-09,2025-05-10 00:00,2025-05-10 00:00,9.094947017729282e-13,2.2737367544323206e-13,0,True,Optimization terminated successfully. (HiGHS Status 7: Optimal),925,0.0
2025-05-11,0,0.1397599590000027,39276.445721217344,144,40,6626,2025-04-01|2025-04-02|2025-04-03|2025-04-04|2025-04-05|2025-04-06|2025-04-07|2025-04-08|2025-04-09|2025-04-10|2025-04-11|2025-04-12|2025-04-13|2025-04-14|2025-04-15|2025-04-16|2025-04-17|2025-04-18|2025-04-19|2025-04-20|2025-04-21|2025-04-22|2025-04-23|2025-04-24|2025-04-25|2025-04-26|2025-04-27|2025-04-28|2025-04-29|2025-04-30|2025-05-01|2025-05-02|2025-05-03|2025-05-04|2025-05-05|2025-05-06|2025-05-07|2025-05-08|2025-05-09|2025-05-10,2025-05-11 00:00,2025-05-11 00:00,8.242295734817162e-13,1.1368683772161603e-13,0,True,Optimization terminated successfully. (HiGHS Status 7: Optimal),1260,0.0
2025-05-12,0,0.1336029169997346,40127.368416053774,144,40,6626,2025-04-02|2025-04-03|2025-04-04|2025-04-05|2025-04-06|2025-04-07|2025-04-08|2025-04-09|2025-04-10|2025-04-11|2025-04-12|2025-04-13|2025-04-14|2025-04-15|2025-04-16|2025-04-17|2025-04-18|2025-04-19|2025-04-20|2025-04-21|2025-04-22|2025-04-23|2025-04-24|2025-04-25|2025-04-26|2025-04-27|2025-04-28|2025-04-29|2025-04-30|2025-05-01|2025-05-02|2025-05-03|2025-05-04|2025-05-05|2025-05-06|2025-05-07|2025-05-08|2025-05-09|2025-05-10|2025-05-11,2025-05-12 00:00,2025-05-12 00:00,8.810729923425242e-13,1.1368683772161603e-13,0,True,Optimization terminated successfully. (HiGHS Status 7: Optimal),1294,0.0
2025-05-13,0,0.15078491600070265,39013.29904065526,144,40,6626,2025-04-03|2025-04-04|2025-04-05|2025-04-06|2025-04-07|2025-04-08|2025-04-09|2025-04-10|2025-04-11|2025-04-12|2025-04-13|2025-04-14|2025-04-15|2025-04-16|2025-04-17|2025-04-18|2025-04-19|2025-04-20|2025-04-21|2025-04-22|2025-04-23|2025-04-24|2025-04-25|2025-04-26|2025-04-27|2025-04-28|2025-04-29|2025-04-30|2025-05-01|2025-05-02|2025-05-03|2025-05-04|2025-05-05|2025-05-06|2025-05-07|2025-05-08|2025-05-09|2025-05-10|2025-05-11|2025-05-12,2025-05-13 00:00,2025-05-13 00:00,8.526512829121202e-13,2.2737367544323206e-13,0,True,Optimization terminated successfully. (HiGHS Status 7: Optimal),1286,0.0
2025-05-14,0,0.1384656250011176,39943.815081836445,144,40,6626,2025-04-04|2025-04-05|2025-04-06|2025-04-07|2025-04-08|2025-04-09|2025-04-10|2025-04-11|2025-04-12|2025-04-13|2025-04-14|2025-04-15|2025-04-16|2025-04-17|2025-04-18|2025-04-19|2025-04-20|2025-04-21|2025-04-22|2025-04-23|2025-04-24|2025-04-25|2025-04-26|2025-04-27|2025-04-28|2025-04-29|2025-04-30|2025-05-01|2025-05-02|2025-05-03|2025-05-04|2025-05-05|2025-05-06|2025-05-07|2025-05-08|2025-05-09|2025-05-10|2025-05-11|2025-05-12|2025-05-13,2025-05-14 00:00,2025-05-14 00:00,6.821210263296962e-13,1.1368683772161603e-13,0,True,Optimization terminated successfully. (HiGHS Status 7: Optimal),1284,0.0
2025-05-15,0,0.18378712499907124,40026.103252153625,144,40,6626,2025-04-05|2025-04-06|2025-04-07|2025-04-08|2025-04-09|2025-04-10|2025-04-11|2025-04-12|2025-04-13|2025-04-14|2025-04-15|2025-04-16|2025-04-17|2025-04-18|2025-04-19|2025-04-20|2025-04-21|2025-04-22|2025-04-23|2025-04-24|2025-04-25|2025-04-26|2025-04-27|2025-04-28|2025-04-29|2025-04-30|2025-05-01|2025-05-02|2025-05-03|2025-05-04|2025-05-05|2025-05-06|2025-05-07|2025-05-08|2025-05-09|2025-05-10|2025-05-11|2025-05-12|2025-05-13|2025-05-14,2025-05-15 00:00,2025-05-15 00:00,9.094947017729282e-13,2.2737367544323206e-13,0,True,Optimization terminated successfully. (HiGHS Status 7: Optimal),1286,0.0
2025-05-16,0,0.09705937500075379,16798.603840251915,144,40,6626,2025-04-06|2025-04-07|2025-04-08|2025-04-09|2025-04-10|2025-04-11|2025-04-12|2025-04-13|2025-04-14|2025-04-15|2025-04-16|2025-04-17|2025-04-18|2025-04-19|2025-04-20|2025-04-21|2025-04-22|2025-04-23|2025-04-24|2025-04-25|2025-04-26|2025-04-27|2025-04-28|2025-04-29|2025-04-30|2025-05-01|2025-05-02|2025-05-03|2025-05-04|2025-05-05|2025-05-06|2025-05-07|2025-05-08|2025-05-09|2025-05-10|2025-05-11|2025-05-12|2025-05-13|2025-05-14|2025-05-15,2025-05-16 00:00,2025-05-16 00:00,8.810729923425242e-13,5.684341886080802e-14,0,True,Optimization terminated successfully. (HiGHS Status 7: Optimal),930,0.0
2025-05-17,0,0.09792029200070829,16777.776444179886,144,40,6626,2025-04-07|2025-04-08|2025-04-09|2025-04-10|2025-04-11|2025-04-12|2025-04-13|2025-04-14|2025-04-15|2025-04-16|2025-04-17|2025-04-18|2025-04-19|2025-04-20|2025-04-21|2025-04-22|2025-04-23|2025-04-24|2025-04-25|2025-04-26|2025-04-27|2025-04-28|2025-04-29|2025-04-30|2025-05-01|2025-05-02|2025-05-03|2025-05-04|2025-05-05|2025-05-06|2025-05-07|2025-05-08|2025-05-09|2025-05-10|2025-05-11|2025-05-12|2025-05-13|2025-05-14|2025-05-15|2025-05-16,2025-05-17 00:00,2025-05-17 00:00,8.810729923425242e-13,2.2737367544323206e-13,0,True,Optimization terminated successfully. (HiGHS Status 7: Optimal),938,0.0
2025-05-18,0,0.12295979200098373,40251.6547348847,144,40,6626,2025-04-08|2025-04-09|2025-04-10|2025-04-11|2025-04-12|2025-04-13|2025-04-14|2025-04-15|2025-04-16|2025-04-17|2025-04-18|2025-04-19|2025-04-20|2025-04-21|2025-04-22|2025-04-23|2025-04-24|2025-04-25|2025-04-26|2025-04-27|2025-04-28|2025-04-29|2025-04-30|2025-05-01|2025-05-02|2025-05-03|2025-05-04|2025-05-05|2025-05-06|2025-05-07|2025-05-08|2025-05-09|2025-05-10|2025-05-11|2025-05-12|2025-05-13|2025-05-14|2025-05-15|2025-05-16|2025-05-17,2025-05-18 00:00,2025-05-18 00:00,9.094947017729282e-13,1.1368683772161603e-13,0,True,Optimization terminated successfully. (HiGHS Status 7: Optimal),1276,0.0
2025-05-19,0,0.12728229200001806,40772.758794382695,144,40,6626,2025-04-09|2025-04-10|2025-04-11|2025-04-12|2025-04-13|2025-04-14|2025-04-15|2025-04-16|2025-04-17|2025-04-18|2025-04-19|2025-04-20|2025-04-21|2025-04-22|2025-04-23|2025-04-24|2025-04-25|2025-04-26|2025-04-27|2025-04-28|2025-04-29|2025-04-30|2025-05-01|2025-05-02|2025-05-03|2025-05-04|2025-05-05|2025-05-06|2025-05-07|2025-05-08|2025-05-09|2025-05-10|2025-05-11|2025-05-12|2025-05-13|2025-05-14|2025-05-15|2025-05-16|2025-05-17|2025-05-18,2025-05-19 00:00,2025-05-19 00:00,8.810729923425242e-13,1.1368683772161603e-13,0,True,Optimization terminated successfully. (HiGHS Status 7: Optimal),1302,0.0
2025-05-20,0,0.12451041600070312,39986.016324036624,144,40,6626,2025-04-10|2025-04-11|2025-04-12|2025-04-13|2025-04-14|2025-04-15|2025-04-16|2025-04-17|2025-04-18|2025-04-19|2025-04-20|2025-04-21|2025-04-22|2025-04-23|2025-04-24|2025-04-25|2025-04-26|2025-04-27|2025-04-28|2025-04-29|2025-04-30|2025-05-01|2025-05-02|2025-05-03|2025-05-04|2025-05-05|2025-05-06|2025-05-07|2025-05-08|2025-05-09|2025-05-10|2025-05-11|2025-05-12|2025-05-13|2025-05-14|2025-05-15|2025-05-16|2025-05-17|2025-05-18|2025-05-19,2025-05-20 00:00,2025-05-20 00:00,7.673861546209082e-13,2.2737367544323206e-13,0,True,Optimization terminated successfully. (HiGHS Status 7: Optimal),1288,0.0
2025-05-21,0,0.1310207080005057,40259.4831497846,144,40,6626,2025-04-11|2025-04-12|2025-04-13|2025-04-14|2025-04-15|2025-04-16|2025-04-17|2025-04-18|2025-04-19|2025-04-20|2025-04-21|2025-04-22|2025-04-23|2025-04-24|2025-04-25|2025-04-26|2025-04-27|2025-04-28|2025-04-29|2025-04-30|2025-05-01|2025-05-02|2025-05-03|2025-05-04|2025-05-05|2025-05-06|2025-05-07|2025-05-08|2025-05-09|2025-05-10|2025-05-11|2025-05-12|2025-05-13|2025-05-14|2025-05-15|2025-05-16|2025-05-17|2025-05-18|2025-05-19|2025-05-20,2025-05-21 00:00,2025-05-21 00:00,9.094947017729282e-13,1.1368683772161603e-13,0,True,Optimization terminated successfully. (HiGHS Status 7: Optimal),1290,0.0
2025-05-22,0,0.1386465000014141,40696.75246632022,144,40,6626,2025-04-12|2025-04-13|2025-04-14|2025-04-15|2025-04-16|2025-04-17|2025-04-18|2025-04-19|2025-04-20|2025-04-21|2025-04-22|2025-04-23|2025-04-24|2025-04-25|2025-04-26|2025-04-27|2025-04-28|2025-04-29|2025-04-30|2025-05-01|2025-05-02|2025-05-03|2025-05-04|2025-05-05|2025-05-06|2025-05-07|2025-05-08|2025-05-09|2025-05-10|2025-05-11|2025-05-12|2025-05-13|2025-05-14|2025-05-15|2025-05-16|2025-05-17|2025-05-18|2025-05-19|2025-05-20|2025-05-21,2025-05-22 00:00,2025-05-22 00:00,9.094947017729282e-13,1.1368683772161603e-13,0,True,Optimization terminated successfully. (HiGHS Status 7: Optimal),1287,0.0
2025-05-23,0,0.0951729169992177,17187.13330256254,144,40,6626,2025-04-13|2025-04-14|2025-04-15|2025-04-16|2025-04-17|2025-04-18|2025-04-19|2025-04-20|2025-04-21|2025-04-22|2025-04-23|2025-04-24|2025-04-25|2025-04-26|2025-04-27|2025-04-28|2025-04-29|2025-04-30|2025-05-01|2025-05-02|2025-05-03|2025-05-04|2025-05-05|2025-05-06|2025-05-07|2025-05-08|2025-05-09|2025-05-10|2025-05-11|2025-05-12|2025-05-13|2025-05-14|2025-05-15|2025-05-16|2025-05-17|2025-05-18|2025-05-19|2025-05-20|2025-05-21|2025-05-22,2025-05-23 00:00,2025-05-23 00:00,9.094947017729282e-13,5.684341886080802e-14,0,True,Optimization terminated successfully. (HiGHS Status 7: Optimal),926,0.0
2025-05-24,0,0.10568004100059625,17372.958857040154,144,40,6626,2025-04-14|2025-04-15|2025-04-16|2025-04-17|2025-04-18|2025-04-19|2025-04-20|2025-04-21|2025-04-22|2025-04-23|2025-04-24|2025-04-25|2025-04-26|2025-04-27|2025-04-28|2025-04-29|2025-04-30|2025-05-01|2025-05-02|2025-05-03|2025-05-04|2025-05-05|2025-05-06|2025-05-07|2025-05-08|2025-05-09|2025-05-10|2025-05-11|2025-05-12|2025-05-13|2025-05-14|2025-05-15|2025-05-16|2025-05-17|2025-05-18|2025-05-19|2025-05-20|2025-05-21|2025-05-22|2025-05-23,2025-05-24 00:00,2025-05-24 00:00,8.881784197001252e-13,1.1368683772161603e-13,0,True,Optimization terminated successfully. (HiGHS Status 7: Optimal),932,0.0
2025-05-25,0,0.12345854200066242,40876.910263690304,144,40,6626,2025-04-15|2025-04-16|2025-04-17|2025-04-18|2025-04-19|2025-04-20|2025-04-21|2025-04-22|2025-04-23|2025-04-24|2025-04-25|2025-04-26|2025-04-27|2025-04-28|2025-04-29|2025-04-30|2025-05-01|2025-05-02|2025-05-03|2025-05-04|2025-05-05|2025-05-06|2025-05-07|2025-05-08|2025-05-09|2025-05-10|2025-05-11|2025-05-12|2025-05-13|2025-05-14|2025-05-15|2025-05-16|2025-05-17|2025-05-18|2025-05-19|2025-05-20|2025-05-21|2025-05-22|2025-05-23|2025-05-24,2025-05-25 00:00,2025-05-25 00:00,8.588685318500211e-13,1.1368683772161603e-13,0,True,Optimization terminated successfully. (HiGHS Status 7: Optimal),1289,0.0
2025-05-26,0,0.1261709169993992,41098.271937405814,144,40,6626,2025-04-16|2025-04-17|2025-04-18|2025-04-19|2025-04-20|2025-04-21|2025-04-22|2025-04-23|2025-04-24|2025-04-25|2025-04-26|2025-04-27|2025-04-28|2025-04-29|2025-04-30|2025-05-01|2025-05-02|2025-05-03|2025-05-04|2025-05-05|2025-05-06|2025-05-07|2025-05-08|2025-05-09|2025-05-10|2025-05-11|2025-05-12|2025-05-13|2025-05-14|2025-05-15|2025-05-16|2025-05-17|2025-05-18|2025-05-19|2025-05-20|2025-05-21|2025-05-22|2025-05-23|2025-05-24|2025-05-25,2025-05-26 00:00,2025-05-26 00:00,7.034373084024992e-13,1.1368683772161603e-13,0,True,Optimization terminated successfully. (HiGHS Status 7: Optimal),1308,0.0
2025-05-27,0,0.12467087499862828,40874.47842573778,144,40,6626,2025-04-17|2025-04-18|2025-04-19|2025-04-20|2025-04-21|2025-04-22|2025-04-23|2025-04-24|2025-04-25|2025-04-26|2025-04-27|2025-04-28|2025-04-29|2025-04-30|2025-05-01|2025-05-02|2025-05-03|2025-05-04|2025-05-05|2025-05-06|2025-05-07|2025-05-08|2025-05-09|2025-05-10|2025-05-11|2025-05-12|2025-05-13|2025-05-14|2025-05-15|2025-05-16|2025-05-17|2025-05-18|2025-05-19|2025-05-20|2025-05-21|2025-05-22|2025-05-23|2025-05-24|2025-05-25|2025-05-26,2025-05-27 00:00,2025-05-27 00:00,8.384404281969182e-13,1.1368683772161603e-13,0,True,Optimization terminated successfully. (HiGHS Status 7: Optimal),1297,0.0
2025-05-28,0,0.11989987500055577,40825.204529100105,144,40,6626,2025-04-18|2025-04-19|2025-04-20|2025-04-21|2025-04-22|2025-04-23|2025-04-24|2025-04-25|2025-04-26|2025-04-27|2025-04-28|2025-04-29|2025-04-30|2025-05-01|2025-05-02|2025-05-03|2025-05-04|2025-05-05|2025-05-06|2025-05-07|2025-05-08|2025-05-09|2025-05-10|2025-05-11|2025-05-12|2025-05-13|2025-05-14|2025-05-15|2025-05-16|2025-05-17|2025-05-18|2025-05-19|2025-05-20|2025-05-21|2025-05-22|2025-05-23|2025-05-24|2025-05-25|2025-05-26|2025-05-27,2025-05-28 00:00,2025-05-28 00:00,9.094947017729282e-13,1.1368683772161603e-13,0,True,Optimization terminated successfully. (HiGHS Status 7: Optimal),1302,0.0
2025-05-29,0,0.12163266700008535,41613.88748145295,144,40,6626,2025-04-19|2025-04-20|2025-04-21|2025-04-22|2025-04-23|2025-04-24|2025-04-25|2025-04-26|2025-04-27|2025-04-28|2025-04-29|2025-04-30|2025-05-01|2025-05-02|2025-05-03|2025-05-04|2025-05-05|2025-05-06|2025-05-07|2025-05-08|2025-05-09|2025-05-10|2025-05-11|2025-05-12|2025-05-13|2025-05-14|2025-05-15|2025-05-16|2025-05-17|2025-05-18|2025-05-19|2025-05-20|2025-05-21|2025-05-22|2025-05-23|2025-05-24|2025-05-25|2025-05-26|2025-05-27|2025-05-28,2025-05-29 00:00,2025-05-29 00:00,7.958078640513122e-13,1.1368683772161603e-13,0,True,Optimization terminated successfully. (HiGHS Status 7: Optimal),1296,0.0
2025-05-30,0,0.09305049999966286,17647.90183661776,144,40,6626,2025-04-20|2025-04-21|2025-04-22|2025-04-23|2025-04-24|2025-04-25|2025-04-26|2025-04-27|2025-04-28|2025-04-29|2025-04-30|2025-05-01|2025-05-02|2025-05-03|2025-05-04|2025-05-05|2025-05-06|2025-05-07|2025-05-08|2025-05-09|2025-05-10|2025-05-11|2025-05-12|2025-05-13|2025-05-14|2025-05-15|2025-05-16|2025-05-17|2025-05-18|2025-05-19|2025-05-20|2025-05-21|2025-05-22|2025-05-23|2025-05-24|2025-05-25|2025-05-26|2025-05-27|2025-05-28|2025-05-29,2025-05-30 00:00,2025-05-30 00:00,9.094947017729282e-13,5.684341886080802e-14,0,True,Optimization terminated successfully. (HiGHS Status 7: Optimal),928,0.0
2025-05-31,0,0.09040008400006627,17640.443977656963,144,40,6626,2025-04-21|2025-04-22|2025-04-23|2025-04-24|2025-04-25|2025-04-26|2025-04-27|2025-04-28|2025-04-29|2025-04-30|2025-05-01|2025-05-02|2025-05-03|2025-05-04|2025-05-05|2025-05-06|2025-05-07|2025-05-08|2025-05-09|2025-05-10|2025-05-11|2025-05-12|2025-05-13|2025-05-14|2025-05-15|2025-05-16|2025-05-17|2025-05-18|2025-05-19|2025-05-20|2025-05-21|2025-05-22|2025-05-23|2025-05-24|2025-05-25|2025-05-26|2025-05-27|2025-05-28|2025-05-29|2025-05-30,2025-05-31 00:00,2025-05-31 00:00,9.094947017729282e-13,0.0,0,True,Optimization terminated successfully. (HiGHS Status 7: Optimal),941,0.0
2025-06-01,0,0.1227782500009198,41259.42679548974,144,40,6626,2025-04-22|2025-04-23|2025-04-24|2025-04-25|2025-04-26|2025-04-27|2025-04-28|2025-04-29|2025-04-30|2025-05-01|2025-05-02|2025-05-03|2025-05-04|2025-05-05|2025-05-06|2025-05-07|2025-05-08|2025-05-09|2025-05-10|2025-05-11|2025-05-12|2025-05-13|2025-05-14|2025-05-15|2025-05-16|2025-05-17|2025-05-18|2025-05-19|2025-05-20|2025-05-21|2025-05-22|2025-05-23|2025-05-24|2025-05-25|2025-05-26|2025-05-27|2025-05-28|2025-05-29|2025-05-30|2025-05-31,2025-06-01 00:00,2025-06-01 00:00,8.810729923425242e-13,1.1368683772161603e-13,0,True,Optimization terminated successfully. (HiGHS Status 7: Optimal),1293,0.0
2025-06-02,0,0.12014499999895634,42374.07293558845,144,40,6626,2025-04-23|2025-04-24|2025-04-25|2025-04-26|2025-04-27|2025-04-28|2025-04-29|2025-04-30|2025-05-01|2025-05-02|2025-05-03|2025-05-04|2025-05-05|2025-05-06|2025-05-07|2025-05-08|2025-05-09|2025-05-10|2025-05-11|2025-05-12|2025-05-13|2025-05-14|2025-05-15|2025-05-16|2025-05-17|2025-05-18|2025-05-19|2025-05-20|2025-05-21|2025-05-22|2025-05-23|2025-05-24|2025-05-25|2025-05-26|2025-05-27|2025-05-28|2025-05-29|2025-05-30|2025-05-31|2025-06-01,2025-06-02 00:00,2025-06-02 00:00,7.958078640513122e-13,1.1368683772161603e-13,0,True,Optimization terminated successfully. (HiGHS Status 7: Optimal),1318,0.0
2025-06-03,0,0.12308362500152725,43460.10731830858,144,40,6626,2025-04-24|2025-04-25|2025-04-26|2025-04-27|2025-04-28|2025-04-29|2025-04-30|2025-05-01|2025-05-02|2025-05-03|2025-05-04|2025-05-05|2025-05-06|2025-05-07|2025-05-08|2025-05-09|2025-05-10|2025-05-11|2025-05-12|2025-05-13|2025-05-14|2025-05-15|2025-05-16|2025-05-17|2025-05-18|2025-05-19|2025-05-20|2025-05-21|2025-05-22|2025-05-23|2025-05-24|2025-05-25|2025-05-26|2025-05-27|2025-05-28|2025-05-29|2025-05-30|2025-05-31|2025-06-01|2025-06-02,2025-06-03 00:00,2025-06-03 00:00,9.094947017729282e-13,1.1368683772161603e-13,0,True,Optimization terminated successfully. (HiGHS Status 7: Optimal),1333,0.0
2025-06-04,0,0.12045370799933153,44570.89057061722,144,40,6626,2025-04-25|2025-04-26|2025-04-27|2025-04-28|2025-04-29|2025-04-30|2025-05-01|2025-05-02|2025-05-03|2025-05-04|2025-05-05|2025-05-06|2025-05-07|2025-05-08|2025-05-09|2025-05-10|2025-05-11|2025-05-12|2025-05-13|2025-05-14|2025-05-15|2025-05-16|2025-05-17|2025-05-18|2025-05-19|2025-05-20|2025-05-21|2025-05-22|2025-05-23|2025-05-24|2025-05-25|2025-05-26|2025-05-27|2025-05-28|2025-05-29|2025-05-30|2025-05-31|2025-06-01|2025-06-02|2025-06-03,2025-06-04 00:00,2025-06-04 00:00,8.810729923425242e-13,2.2737367544323206e-13,0,True,Optimization terminated successfully. (HiGHS Status 7: Optimal),1346,0.0
2025-06-05,0,0.1126610419996723,45495.38935011587,144,40,6626,2025-04-26|2025-04-27|2025-04-28|2025-04-29|2025-04-30|2025-05-01|2025-05-02|2025-05-03|2025-05-04|2025-05-05|2025-05-06|2025-05-07|2025-05-08|2025-05-09|2025-05-10|2025-05-11|2025-05-12|2025-05-13|2025-05-14|2025-05-15|2025-05-16|2025-05-17|2025-05-18|2025-05-19|2025-05-20|2025-05-21|2025-05-22|2025-05-23|2025-05-24|2025-05-25|2025-05-26|2025-05-27|2025-05-28|2025-05-29|2025-05-30|2025-05-31|2025-06-01|2025-06-02|2025-06-03|2025-06-04,2025-06-05 00:00,2025-06-05 00:00,9.094947017729282e-13,1.1368683772161603e-13,0,True,Optimization terminated successfully. (HiGHS Status 7: Optimal),1344,0.0
2025-06-06,0,0.09236179199979233,19153.549823095964,144,40,6626,2025-04-27|2025-04-28|2025-04-29|2025-04-30|2025-05-01|2025-05-02|2025-05-03|2025-05-04|2025-05-05|2025-05-06|2025-05-07|2025-05-08|2025-05-09|2025-05-10|2025-05-11|2025-05-12|2025-05-13|2025-05-14|2025-05-15|2025-05-16|2025-05-17|2025-05-18|2025-05-19|2025-05-20|2025-05-21|2025-05-22|2025-05-23|2025-05-24|2025-05-25|2025-05-26|2025-05-27|2025-05-28|2025-05-29|2025-05-30|2025-05-31|2025-06-01|2025-06-02|2025-06-03|2025-06-04|2025-06-05,2025-06-06 00:00,2025-06-06 00:00,9.094947017729282e-13,0.0,0,True,Optimization terminated successfully. (HiGHS Status 7: Optimal),962,0.0
2025-06-07,0,0.10071208400040632,19764.44321273426,144,40,6626,2025-04-28|2025-04-29|2025-04-30|2025-05-01|2025-05-02|2025-05-03|2025-05-04|2025-05-05|2025-05-06|2025-05-07|2025-05-08|2025-05-09|2025-05-10|2025-05-11|2025-05-12|2025-05-13|2025-05-14|2025-05-15|2025-05-16|2025-05-17|2025-05-18|2025-05-19|2025-05-20|2025-05-21|2025-05-22|2025-05-23|2025-05-24|2025-05-25|2025-05-26|2025-05-27|2025-05-28|2025-05-29|2025-05-30|2025-05-31|2025-06-01|2025-06-02|2025-06-03|2025-06-04|2025-06-05|2025-06-06,2025-06-07 00:00,2025-06-07 00:00,8.526512829121202e-13,1.1368683772161603e-13,0,True,Optimization terminated successfully. (HiGHS Status 7: Optimal),1022,0.0
2025-06-08,0,0.12240891600049508,50863.797971031556,144,40,6626,2025-04-29|2025-04-30|2025-05-01|2025-05-02|2025-05-03|2025-05-04|2025-05-05|2025-05-06|2025-05-07|2025-05-08|2025-05-09|2025-05-10|2025-05-11|2025-05-12|2025-05-13|2025-05-14|2025-05-15|2025-05-16|2025-05-17|2025-05-18|2025-05-19|2025-05-20|2025-05-21|2025-05-22|2025-05-23|2025-05-24|2025-05-25|2025-05-26|2025-05-27|2025-05-28|2025-05-29|2025-05-30|2025-05-31|2025-06-01|2025-06-02|2025-06-03|2025-06-04|2025-06-05|2025-06-06|2025-06-07,2025-06-08 00:00,2025-06-08 00:00,9.094947017729282e-13,2.2737367544323206e-13,0,True,Optimization terminated successfully. (HiGHS Status 7: Optimal),1360,0.0
2025-06-09,0,0.11972670900104276,50143.57590132062,144,40,6626,2025-04-30|2025-05-01|2025-05-02|2025-05-03|2025-05-04|2025-05-05|2025-05-06|2025-05-07|2025-05-08|2025-05-09|2025-05-10|2025-05-11|2025-05-12|2025-05-13|2025-05-14|2025-05-15|2025-05-16|2025-05-17|2025-05-18|2025-05-19|2025-05-20|2025-05-21|2025-05-22|2025-05-23|2025-05-24|2025-05-25|2025-05-26|2025-05-27|2025-05-28|2025-05-29|2025-05-30|2025-05-31|2025-06-01|2025-06-02|2025-06-03|2025-06-04|2025-06-05|2025-06-06|2025-06-07|2025-06-08,2025-06-09 00:00,2025-06-09 00:00,9.094947017729282e-13,1.1368683772161603e-13,0,True,Optimization terminated successfully. (HiGHS Status 7: Optimal),1355,0.0
2025-06-10,0,0.11540104199957568,50959.596188436604,144,40,6626,2025-05-01|2025-05-02|2025-05-03|2025-05-04|2025-05-05|2025-05-06|2025-05-07|2025-05-08|2025-05-09|2025-05-10|2025-05-11|2025-05-12|2025-05-13|2025-05-14|2025-05-15|2025-05-16|2025-05-17|2025-05-18|2025-05-19|2025-05-20|2025-05-21|2025-05-22|2025-05-23|2025-05-24|2025-05-25|2025-05-26|2025-05-27|2025-05-28|2025-05-29|2025-05-30|2025-05-31|2025-06-01|2025-06-02|2025-06-03|2025-06-04|2025-06-05|2025-06-06|2025-06-07|2025-06-08|2025-06-09,2025-06-10 00:00,2025-06-10 00:00,8.526512829121202e-13,1.1368683772161603e-13,0,True,Optimization terminated successfully. (HiGHS Status 7: Optimal),1374,0.0
2025-06-11,0,0.1213636669999687,51102.7447833444,144,40,6626,2025-05-02|2025-05-03|2025-05-04|2025-05-05|2025-05-06|2025-05-07|2025-05-08|2025-05-09|2025-05-10|2025-05-11|2025-05-12|2025-05-13|2025-05-14|2025-05-15|2025-05-16|2025-05-17|2025-05-18|2025-05-19|2025-05-20|2025-05-21|2025-05-22|2025-05-23|2025-05-24|2025-05-25|2025-05-26|2025-05-27|2025-05-28|2025-05-29|2025-05-30|2025-05-31|2025-06-01|2025-06-02|2025-06-03|2025-06-04|2025-06-05|2025-06-06|2025-06-07|2025-06-08|2025-06-09|2025-06-10,2025-06-11 00:00,2025-06-11 00:00,7.958078640513122e-13,2.2737367544323206e-13,0,True,Optimization terminated successfully. (HiGHS Status 7: Optimal),1374,0.0
2025-06-12,0,0.11299687500104483,52417.04546851237,144,40,6626,2025-05-03|2025-05-04|2025-05-05|2025-05-06|2025-05-07|2025-05-08|2025-05-09|2025-05-10|2025-05-11|2025-05-12|2025-05-13|2025-05-14|2025-05-15|2025-05-16|2025-05-17|2025-05-18|2025-05-19|2025-05-20|2025-05-21|2025-05-22|2025-05-23|2025-05-24|2025-05-25|2025-05-26|2025-05-27|2025-05-28|2025-05-29|2025-05-30|2025-05-31|2025-06-01|2025-06-02|2025-06-03|2025-06-04|2025-06-05|2025-06-06|2025-06-07|2025-06-08|2025-06-09|2025-06-10|2025-06-11,2025-06-12 00:00,2025-06-12 00:00,9.094947017729282e-13,2.2737367544323206e-13,0,True,Optimization terminated successfully. (HiGHS Status 7: Optimal),1381,0.0
2025-06-13,0,0.09540895800091675,22696.61561405265,144,40,6626,2025-05-04|2025-05-05|2025-05-06|2025-05-07|2025-05-08|2025-05-09|2025-05-10|2025-05-11|2025-05-12|2025-05-13|2025-05-14|2025-05-15|2025-05-16|2025-05-17|2025-05-18|2025-05-19|2025-05-20|2025-05-21|2025-05-22|2025-05-23|2025-05-24|2025-05-25|2025-05-26|2025-05-27|2025-05-28|2025-05-29|2025-05-30|2025-05-31|2025-06-01|2025-06-02|2025-06-03|2025-06-04|2025-06-05|2025-06-06|2025-06-07|2025-06-08|2025-06-09|2025-06-10|2025-06-11|2025-06-12,2025-06-13 00:00,2025-06-13 00:00,8.526512829121202e-13,1.1368683772161603e-13,0,True,Optimization terminated successfully. (HiGHS Status 7: Optimal),1103,0.0
2025-06-14,0,0.14396729200052505,23145.131594365124,144,40,6626,2025-05-05|2025-05-06|2025-05-07|2025-05-08|2025-05-09|2025-05-10|2025-05-11|2025-05-12|2025-05-13|2025-05-14|2025-05-15|2025-05-16|2025-05-17|2025-05-18|2025-05-19|2025-05-20|2025-05-21|2025-05-22|2025-05-23|2025-05-24|2025-05-25|2025-05-26|2025-05-27|2025-05-28|2025-05-29|2025-05-30|2025-05-31|2025-06-01|2025-06-02|2025-06-03|2025-06-04|2025-06-05|2025-06-06|2025-06-07|2025-06-08|2025-06-09|2025-06-10|2025-06-11|2025-06-12|2025-06-13,2025-06-14 00:00,2025-06-14 00:00,1.0231815394945443e-12,1.1368683772161603e-13,0,True,Optimization terminated successfully. (HiGHS Status 7: Optimal),1182,0.0
2025-06-15,0,0.13987004199952935,54700.23845626386,144,40,6626,2025-05-06|2025-05-07|2025-05-08|2025-05-09|2025-05-10|2025-05-11|2025-05-12|2025-05-13|2025-05-14|2025-05-15|2025-05-16|2025-05-17|2025-05-18|2025-05-19|2025-05-20|2025-05-21|2025-05-22|2025-05-23|2025-05-24|2025-05-25|2025-05-26|2025-05-27|2025-05-28|2025-05-29|2025-05-30|2025-05-31|2025-06-01|2025-06-02|2025-06-03|2025-06-04|2025-06-05|2025-06-06|2025-06-07|2025-06-08|2025-06-09|2025-06-10|2025-06-11|2025-06-12|2025-06-13|2025-06-14,2025-06-15 00:00,2025-06-15 00:00,7.958078640513122e-13,5.684341886080802e-14,0,True,Optimization terminated successfully. (HiGHS Status 7: Optimal),1382,0.0
2025-06-16,0,0.12892850000025646,55694.2921556231,144,40,6626,2025-05-07|2025-05-08|2025-05-09|2025-05-10|2025-05-11|2025-05-12|2025-05-13|2025-05-14|2025-05-15|2025-05-16|2025-05-17|2025-05-18|2025-05-19|2025-05-20|2025-05-21|2025-05-22|2025-05-23|2025-05-24|2025-05-25|2025-05-26|2025-05-27|2025-05-28|2025-05-29|2025-05-30|2025-05-31|2025-06-01|2025-06-02|2025-06-03|2025-06-04|2025-06-05|2025-06-06|2025-06-07|2025-06-08|2025-06-09|2025-06-10|2025-06-11|2025-06-12|2025-06-13|2025-06-14|2025-06-15,2025-06-16 00:00,2025-06-16 00:00,7.958078640513122e-13,2.2737367544323206e-13,0,True,Optimization terminated successfully. (HiGHS Status 7: Optimal),1390,0.0
2025-06-17,0,0.12129674999960116,56028.647335501046,144,40,6626,2025-05-08|2025-05-09|2025-05-10|2025-05-11|2025-05-12|2025-05-13|2025-05-14|2025-05-15|2025-05-16|2025-05-17|2025-05-18|2025-05-19|2025-05-20|2025-05-21|2025-05-22|2025-05-23|2025-05-24|2025-05-25|2025-05-26|2025-05-27|2025-05-28|2025-05-29|2025-05-30|2025-05-31|2025-06-01|2025-06-02|2025-06-03|2025-06-04|2025-06-05|2025-06-06|2025-06-07|2025-06-08|2025-06-09|2025-06-10|2025-06-11|2025-06-12|2025-06-13|2025-06-14|2025-06-15|2025-06-16,2025-06-17 00:00,2025-06-17 00:00,9.094947017729282e-13,2.2737367544323206e-13,0,True,Optimization terminated successfully. (HiGHS Status 7: Optimal),1389,0.0
2025-06-18,0,0.11506054200071958,57077.820054868884,144,40,6626,2025-05-09|2025-05-10|2025-05-11|2025-05-12|2025-05-13|2025-05-14|2025-05-15|2025-05-16|2025-05-17|2025-05-18|2025-05-19|2025-05-20|2025-05-21|2025-05-22|2025-05-23|2025-05-24|2025-05-25|2025-05-26|2025-05-27|2025-05-28|2025-05-29|2025-05-30|2025-05-31|2025-06-01|2025-06-02|2025-06-03|2025-06-04|2025-06-05|2025-06-06|2025-06-07|2025-06-08|2025-06-09|2025-06-10|2025-06-11|2025-06-12|2025-06-13|2025-06-14|2025-06-15|2025-06-16|2025-06-17,2025-06-18 00:00,2025-06-18 00:00,9.094947017729282e-13,1.1368683772161603e-13,0,True,Optimization terminated successfully. (HiGHS Status 7: Optimal),1397,0.0
2025-06-19,0,0.1196442919990659,57120.58334603812,144,40,6626,2025-05-10|2025-05-11|2025-05-12|2025-05-13|2025-05-14|2025-05-15|2025-05-16|2025-05-17|2025-05-18|2025-05-19|2025-05-20|2025-05-21|2025-05-22|2025-05-23|2025-05-24|2025-05-25|2025-05-26|2025-05-27|2025-05-28|2025-05-29|2025-05-30|2025-05-31|2025-06-01|2025-06-02|2025-06-03|2025-06-04|2025-06-05|2025-06-06|2025-06-07|2025-06-08|2025-06-09|2025-06-10|2025-06-11|2025-06-12|2025-06-13|2025-06-14|2025-06-15|2025-06-16|2025-06-17|2025-06-18,2025-06-19 00:00,2025-06-19 00:00,9.663381206337363e-13,5.684341886080802e-14,0,True,Optimization terminated successfully. (HiGHS Status 7: Optimal),1403,0.0
2025-06-20,0,0.11899958300091384,26236.03818576469,144,40,6626,2025-05-11|2025-05-12|2025-05-13|2025-05-14|2025-05-15|2025-05-16|2025-05-17|2025-05-18|2025-05-19|2025-05-20|2025-05-21|2025-05-22|2025-05-23|2025-05-24|2025-05-25|2025-05-26|2025-05-27|2025-05-28|2025-05-29|2025-05-30|2025-05-31|2025-06-01|2025-06-02|2025-06-03|2025-06-04|2025-06-05|2025-06-06|2025-06-07|2025-06-08|2025-06-09|2025-06-10|2025-06-11|2025-06-12|2025-06-13|2025-06-14|2025-06-15|2025-06-16|2025-06-17|2025-06-18|2025-06-19,2025-06-20 00:00,2025-06-20 00:00,8.526512829121202e-13,2.2737367544323206e-13,0,True,Optimization terminated successfully. (HiGHS Status 7: Optimal),1210,0.0
2025-06-21,0,0.1354847910006356,25473.95435404832,144,40,6626,2025-05-12|2025-05-13|2025-05-14|2025-05-15|2025-05-16|2025-05-17|2025-05-18|2025-05-19|2025-05-20|2025-05-21|2025-05-22|2025-05-23|2025-05-24|2025-05-25|2025-05-26|2025-05-27|2025-05-28|2025-05-29|2025-05-30|2025-05-31|2025-06-01|2025-06-02|2025-06-03|2025-06-04|2025-06-05|2025-06-06|2025-06-07|2025-06-08|2025-06-09|2025-06-10|2025-06-11|2025-06-12|2025-06-13|2025-06-14|2025-06-15|2025-06-16|2025-06-17|2025-06-18|2025-06-19|2025-06-20,2025-06-21 00:00,2025-06-21 00:00,9.094947017729282e-13,2.2737367544323206e-13,0,True,Optimization terminated successfully. (HiGHS Status 7: Optimal),1210,0.0
2025-06-22,0,0.12042916700011119,58346.97424185517,144,40,6626,2025-05-13|2025-05-14|2025-05-15|2025-05-16|2025-05-17|2025-05-18|2025-05-19|2025-05-20|2025-05-21|2025-05-22|2025-05-23|2025-05-24|2025-05-25|2025-05-26|2025-05-27|2025-05-28|2025-05-29|2025-05-30|2025-05-31|2025-06-01|2025-06-02|2025-06-03|2025-06-04|2025-06-05|2025-06-06|2025-06-07|2025-06-08|2025-06-09|2025-06-10|2025-06-11|2025-06-12|2025-06-13|2025-06-14|2025-06-15|2025-06-16|2025-06-17|2025-06-18|2025-06-19|2025-06-20|2025-06-21,2025-06-22 00:00,2025-06-22 00:00,9.094947017729282e-13,2.2737367544323206e-13,0,True,Optimization terminated successfully. (HiGHS Status 7: Optimal),1386,0.0
2025-06-23,0,0.11229833399920608,60694.34381498506,144,40,6626,2025-05-14|2025-05-15|2025-05-16|2025-05-17|2025-05-18|2025-05-19|2025-05-20|2025-05-21|2025-05-22|2025-05-23|2025-05-24|2025-05-25|2025-05-26|2025-05-27|2025-05-28|2025-05-29|2025-05-30|2025-05-31|2025-06-01|2025-06-02|2025-06-03|2025-06-04|2025-06-05|2025-06-06|2025-06-07|2025-06-08|2025-06-09|2025-06-10|2025-06-11|2025-06-12|2025-06-13|2025-06-14|2025-06-15|2025-06-16|2025-06-17|2025-06-18|2025-06-19|2025-06-20|2025-06-21|2025-06-22,2025-06-23 00:00,2025-06-23 00:00,9.094947017729282e-13,2.2737367544323206e-13,0,True,Optimization terminated successfully. (HiGHS Status 7: Optimal),1373,0.0
2025-06-24,0,0.10448700000051758,60102.40120856684,144,40,6626,2025-05-15|2025-05-16|2025-05-17|2025-05-18|2025-05-19|2025-05-20|2025-05-21|2025-05-22|2025-05-23|2025-05-24|2025-05-25|2025-05-26|2025-05-27|2025-05-28|2025-05-29|2025-05-30|2025-05-31|2025-06-01|2025-06-02|2025-06-03|2025-06-04|2025-06-05|2025-06-06|2025-06-07|2025-06-08|2025-06-09|2025-06-10|2025-06-11|2025-06-12|2025-06-13|2025-06-14|2025-06-15|2025-06-16|2025-06-17|2025-06-18|2025-06-19|2025-06-20|2025-06-21|2025-06-22|2025-06-23,2025-06-24 00:00,2025-06-24 00:00,9.094947017729282e-13,5.684341886080802e-14,0,True,Optimization terminated successfully. (HiGHS Status 7: Optimal),1379,0.0
2025-06-25,0,0.11655849999988277,60858.81794162414,144,40,6626,2025-05-16|2025-05-17|2025-05-18|2025-05-19|2025-05-20|2025-05-21|2025-05-22|2025-05-23|2025-05-24|2025-05-25|2025-05-26|2025-05-27|2025-05-28|2025-05-29|2025-05-30|2025-05-31|2025-06-01|2025-06-02|2025-06-03|2025-06-04|2025-06-05|2025-06-06|2025-06-07|2025-06-08|2025-06-09|2025-06-10|2025-06-11|2025-06-12|2025-06-13|2025-06-14|2025-06-15|2025-06-16|2025-06-17|2025-06-18|2025-06-19|2025-06-20|2025-06-21|2025-06-22|2025-06-23|2025-06-24,2025-06-25 00:00,2025-06-25 00:00,9.094947017729282e-13,2.2737367544323206e-13,0,True,Optimization terminated successfully. (HiGHS Status 7: Optimal),1374,0.0
2025-06-26,0,0.1178206250006042,60588.70623049311,144,40,6626,2025-05-17|2025-05-18|2025-05-19|2025-05-20|2025-05-21|2025-05-22|2025-05-23|2025-05-24|2025-05-25|2025-05-26|2025-05-27|2025-05-28|2025-05-29|2025-05-30|2025-05-31|2025-06-01|2025-06-02|2025-06-03|2025-06-04|2025-06-05|2025-06-06|2025-06-07|2025-06-08|2025-06-09|2025-06-10|2025-06-11|2025-06-12|2025-06-13|2025-06-14|2025-06-15|2025-06-16|2025-06-17|2025-06-18|2025-06-19|2025-06-20|2025-06-21|2025-06-22|2025-06-23|2025-06-24|2025-06-25,2025-06-26 00:00,2025-06-26 00:00,9.094947017729282e-13,2.2737367544323206e-13,0,True,Optimization terminated successfully. (HiGHS Status 7: Optimal),1387,0.0
2025-06-27,0,0.17788641699917207,28539.950031200886,144,40,6626,2025-05-18|2025-05-19|2025-05-20|2025-05-21|2025-05-22|2025-05-23|2025-05-24|2025-05-25|2025-05-26|2025-05-27|2025-05-28|2025-05-29|2025-05-30|2025-05-31|2025-06-01|2025-06-02|2025-06-03|2025-06-04|2025-06-05|2025-06-06|2025-06-07|2025-06-08|2025-06-09|2025-06-10|2025-06-11|2025-06-12|2025-06-13|2025-06-14|2025-06-15|2025-06-16|2025-06-17|2025-06-18|2025-06-19|2025-06-20|2025-06-21|2025-06-22|2025-06-23|2025-06-24|2025-06-25|2025-06-26,2025-06-27 00:00,2025-06-27 00:00,9.094947017729282e-13,1.1368683772161603e-13,0,True,Optimization terminated successfully. (HiGHS Status 7: Optimal),1251,0.0
2025-06-28,0,0.17994129200087627,27741.058067817714,144,40,6626,2025-05-19|2025-05-20|2025-05-21|2025-05-22|2025-05-23|2025-05-24|2025-05-25|2025-05-26|2025-05-27|2025-05-28|2025-05-29|2025-05-30|2025-05-31|2025-06-01|2025-06-02|2025-06-03|2025-06-04|2025-06-05|2025-06-06|2025-06-07|2025-06-08|2025-06-09|2025-06-10|2025-06-11|2025-06-12|2025-06-13|2025-06-14|2025-06-15|2025-06-16|2025-06-17|2025-06-18|2025-06-19|2025-06-20|2025-06-21|2025-06-22|2025-06-23|2025-06-24|2025-06-25|2025-06-26|2025-06-27,2025-06-28 00:00,2025-06-28 00:00,7.958078640513122e-13,1.1368683772161603e-13,0,True,Optimization terminated successfully. (HiGHS Status 7: Optimal),1263,0.0
2025-06-29,0,0.12229712500084133,61926.107742890796,144,40,6626,2025-05-20|2025-05-21|2025-05-22|2025-05-23|2025-05-24|2025-05-25|2025-05-26|2025-05-27|2025-05-28|2025-05-29|2025-05-30|2025-05-31|2025-06-01|2025-06-02|2025-06-03|2025-06-04|2025-06-05|2025-06-06|2025-06-07|2025-06-08|2025-06-09|2025-06-10|2025-06-11|2025-06-12|2025-06-13|2025-06-14|2025-06-15|2025-06-16|2025-06-17|2025-06-18|2025-06-19|2025-06-20|2025-06-21|2025-06-22|2025-06-23|2025-06-24|2025-06-25|2025-06-26|2025-06-27|2025-06-28,2025-06-29 00:00,2025-06-29 00:00,7.958078640513122e-13,0.0,0,True,Optimization terminated successfully. (HiGHS Status 7: Optimal),1375,0.0
2025-06-30,0,0.11733366699991166,63357.78856742631,144,40,6626,2025-05-21|2025-05-22|2025-05-23|2025-05-24|2025-05-25|2025-05-26|2025-05-27|2025-05-28|2025-05-29|2025-05-30|2025-05-31|2025-06-01|2025-06-02|2025-06-03|2025-06-04|2025-06-05|2025-06-06|2025-06-07|2025-06-08|2025-06-09|2025-06-10|2025-06-11|2025-06-12|2025-06-13|2025-06-14|2025-06-15|2025-06-16|2025-06-17|2025-06-18|2025-06-19|2025-06-20|2025-06-21|2025-06-22|2025-06-23|2025-06-24|2025-06-25|2025-06-26|2025-06-27|2025-06-28|2025-06-29,2025-06-30 00:00,2025-06-30 00:00,9.094947017729282e-13,5.684341886080802e-14,0,True,Optimization terminated successfully. (HiGHS Status 7: Optimal),1377,0.0
2025-07-01,0,0.121964999998454,65263.33084911604,144,40,6626,2025-05-22|2025-05-23|2025-05-24|2025-05-25|2025-05-26|2025-05-27|2025-05-28|2025-05-29|2025-05-30|2025-05-31|2025-06-01|2025-06-02|2025-06-03|2025-06-04|2025-06-05|2025-06-06|2025-06-07|2025-06-08|2025-06-09|2025-06-10|2025-06-11|2025-06-12|2025-06-13|2025-06-14|2025-06-15|2025-06-16|2025-06-17|2025-06-18|2025-06-19|2025-06-20|2025-06-21|2025-06-22|2025-06-23|2025-06-24|2025-06-25|2025-06-26|2025-06-27|2025-06-28|2025-06-29|2025-06-30,2025-07-01 00:00,2025-07-01 00:00,9.094947017729282e-13,2.2737367544323206e-13,0,True,Optimization terminated successfully. (HiGHS Status 7: Optimal),1383,0.0
2025-07-02,0,0.1217832919992361,64640.16531704262,144,40,6626,2025-05-23|2025-05-24|2025-05-25|2025-05-26|2025-05-27|2025-05-28|2025-05-29|2025-05-30|2025-05-31|2025-06-01|2025-06-02|2025-06-03|2025-06-04|2025-06-05|2025-06-06|2025-06-07|2025-06-08|2025-06-09|2025-06-10|2025-06-11|2025-06-12|2025-06-13|2025-06-14|2025-06-15|2025-06-16|2025-06-17|2025-06-18|2025-06-19|2025-06-20|2025-06-21|2025-06-22|2025-06-23|2025-06-24|2025-06-25|2025-06-26|2025-06-27|2025-06-28|2025-06-29|2025-06-30|2025-07-01,2025-07-02 00:00,2025-07-02 00:00,7.958078640513122e-13,2.2737367544323206e-13,0,True,Optimization terminated successfully. (HiGHS Status 7: Optimal),1382,0.0
2025-07-03,0,0.12515020799946797,63650.88675736098,144,40,6626,2025-05-24|2025-05-25|2025-05-26|2025-05-27|2025-05-28|2025-05-29|2025-05-30|2025-05-31|2025-06-01|2025-06-02|2025-06-03|2025-06-04|2025-06-05|2025-06-06|2025-06-07|2025-06-08|2025-06-09|2025-06-10|2025-06-11|2025-06-12|2025-06-13|2025-06-14|2025-06-15|2025-06-16|2025-06-17|2025-06-18|2025-06-19|2025-06-20|2025-06-21|2025-06-22|2025-06-23|2025-06-24|2025-06-25|2025-06-26|2025-06-27|2025-06-28|2025-06-29|2025-06-30|2025-07-01|2025-07-02,2025-07-03 00:00,2025-07-03 00:00,7.958078640513122e-13,2.2737367544323206e-13,0,True,Optimization terminated successfully. (HiGHS Status 7: Optimal),1384,0.0
2025-07-04,0,0.12437024999962887,31115.96498518529,144,40,6626,2025-05-25|2025-05-26|2025-05-27|2025-05-28|2025-05-29|2025-05-30|2025-05-31|2025-06-01|2025-06-02|2025-06-03|2025-06-04|2025-06-05|2025-06-06|2025-06-07|2025-06-08|2025-06-09|2025-06-10|2025-06-11|2025-06-12|2025-06-13|2025-06-14|2025-06-15|2025-06-16|2025-06-17|2025-06-18|2025-06-19|2025-06-20|2025-06-21|2025-06-22|2025-06-23|2025-06-24|2025-06-25|2025-06-26|2025-06-27|2025-06-28|2025-06-29|2025-06-30|2025-07-01|2025-07-02|2025-07-03,2025-07-04 00:00,2025-07-04 00:00,8.846257060213247e-13,1.1368683772161603e-13,0,True,Optimization terminated successfully. (HiGHS Status 7: Optimal),1275,0.0
2025-07-05,0,0.12199683299877506,30704.69788406282,144,40,6626,2025-05-26|2025-05-27|2025-05-28|2025-05-29|2025-05-30|2025-05-31|2025-06-01|2025-06-02|2025-06-03|2025-06-04|2025-06-05|2025-06-06|2025-06-07|2025-06-08|2025-06-09|2025-06-10|2025-06-11|2025-06-12|2025-06-13|2025-06-14|2025-06-15|2025-06-16|2025-06-17|2025-06-18|2025-06-19|2025-06-20|2025-06-21|2025-06-22|2025-06-23|2025-06-24|2025-06-25|2025-06-26|2025-06-27|2025-06-28|2025-06-29|2025-06-30|2025-07-01|2025-07-02|2025-07-03|2025-07-04,2025-07-05 00:00,2025-07-05 00:00,1.0231815394945443e-12,1.1368683772161603e-13,0,True,Optimization terminated successfully. (HiGHS Status 7: Optimal),1280,0.0
2025-07-06,0,0.11208025000087218,62553.49857134775,144,40,6626,2025-05-27|2025-05-28|2025-05-29|2025-05-30|2025-05-31|2025-06-01|2025-06-02|2025-06-03|2025-06-04|2025-06-05|2025-06-06|2025-06-07|2025-06-08|2025-06-09|2025-06-10|2025-06-11|2025-06-12|2025-06-13|2025-06-14|2025-06-15|2025-06-16|2025-06-17|2025-06-18|2025-06-19|2025-06-20|2025-06-21|2025-06-22|2025-06-23|2025-06-24|2025-06-25|2025-06-26|2025-06-27|2025-06-28|2025-06-29|2025-06-30|2025-07-01|2025-07-02|2025-07-03|2025-07-04|2025-07-05,2025-07-06 00:00,2025-07-06 00:00,1.0231815394945443e-12,2.2737367544323206e-13,0,True,Optimization terminated successfully. (HiGHS Status 7: Optimal),1380,0.0
2025-07-07,0,0.10818929199922422,64680.92972276165,144,40,6626,2025-05-28|2025-05-29|2025-05-30|2025-05-31|2025-06-01|2025-06-02|2025-06-03|2025-06-04|2025-06-05|2025-06-06|2025-06-07|2025-06-08|2025-06-09|2025-06-10|2025-06-11|2025-06-12|2025-06-13|2025-06-14|2025-06-15|2025-06-16|2025-06-17|2025-06-18|2025-06-19|2025-06-20|2025-06-21|2025-06-22|2025-06-23|2025-06-24|2025-06-25|2025-06-26|2025-06-27|2025-06-28|2025-06-29|2025-06-30|2025-07-01|2025-07-02|2025-07-03|2025-07-04|2025-07-05|2025-07-06,2025-07-07 00:00,2025-07-07 00:00,7.958078640513122e-13,5.684341886080802e-14,0,True,Optimization terminated successfully. (HiGHS Status 7: Optimal),1377,0.0
2025-07-08,0,0.10987512499923469,68459.96070661001,144,40,6626,2025-05-29|2025-05-30|2025-05-31|2025-06-01|2025-06-02|2025-06-03|2025-06-04|2025-06-05|2025-06-06|2025-06-07|2025-06-08|2025-06-09|2025-06-10|2025-06-11|2025-06-12|2025-06-13|2025-06-14|2025-06-15|2025-06-16|2025-06-17|2025-06-18|2025-06-19|2025-06-20|2025-06-21|2025-06-22|2025-06-23|2025-06-24|2025-06-25|2025-06-26|2025-06-27|2025-06-28|2025-06-29|2025-06-30|2025-07-01|2025-07-02|2025-07-03|2025-07-04|2025-07-05|2025-07-06|2025-07-07,2025-07-08 00:00,2025-07-08 00:00,9.094947017729282e-13,2.2737367544323206e-13,0,True,Optimization terminated successfully. (HiGHS Status 7: Optimal),1386,0.0
2025-07-09,0,0.10542345799876784,66470.62059623112,144,40,6626,2025-05-30|2025-05-31|2025-06-01|2025-06-02|2025-06-03|2025-06-04|2025-06-05|2025-06-06|2025-06-07|2025-06-08|2025-06-09|2025-06-10|2025-06-11|2025-06-12|2025-06-13|2025-06-14|2025-06-15|2025-06-16|2025-06-17|2025-06-18|2025-06-19|2025-06-20|2025-06-21|2025-06-22|2025-06-23|2025-06-24|2025-06-25|2025-06-26|2025-06-27|2025-06-28|2025-06-29|2025-06-30|2025-07-01|2025-07-02|2025-07-03|2025-07-04|2025-07-05|2025-07-06|2025-07-07|2025-07-08,2025-07-09 00:00,2025-07-09 00:00,7.958078640513122e-13,2.2737367544323206e-13,0,True,Optimization terminated successfully. (HiGHS Status 7: Optimal),1390,0.0
2025-07-10,0,0.10870641699875705,66321.692297467,144,40,6626,2025-05-31|2025-06-01|2025-06-02|2025-06-03|2025-06-04|2025-06-05|2025-06-06|2025-06-07|2025-06-08|2025-06-09|2025-06-10|2025-06-11|2025-06-12|2025-06-13|2025-06-14|2025-06-15|2025-06-16|2025-06-17|2025-06-18|2025-06-19|2025-06-20|2025-06-21|2025-06-22|2025-06-23|2025-06-24|2025-06-25|2025-06-26|2025-06-27|2025-06-28|2025-06-29|2025-06-30|2025-07-01|2025-07-02|2025-07-03|2025-07-04|2025-07-05|2025-07-06|2025-07-07|2025-07-08|2025-07-09,2025-07-10 00:00,2025-07-10 00:00,7.958078640513122e-13,5.684341886080802e-14,0,True,Optimization terminated successfully. (HiGHS Status 7: Optimal),1380,0.0
2025-07-11,0,0.1133651660002215,32016.487768809184,144,40,6626,2025-06-01|2025-06-02|2025-06-03|2025-06-04|2025-06-05|2025-06-06|2025-06-07|2025-06-08|2025-06-09|2025-06-10|2025-06-11|2025-06-12|2025-06-13|2025-06-14|2025-06-15|2025-06-16|2025-06-17|2025-06-18|2025-06-19|2025-06-20|2025-06-21|2025-06-22|2025-06-23|2025-06-24|2025-06-25|2025-06-26|2025-06-27|2025-06-28|2025-06-29|2025-06-30|2025-07-01|2025-07-02|2025-07-03|2025-07-04|2025-07-05|2025-07-06|2025-07-07|2025-07-08|2025-07-09|2025-07-10,2025-07-11 00:00,2025-07-11 00:00,9.094947017729282e-13,1.1368683772161603e-13,0,True,Optimization terminated successfully. (HiGHS Status 7: Optimal),1265,0.0
2025-07-12,0,0.11720729099943128,31362.36170454764,144,40,6626,2025-06-02|2025-06-03|2025-06-04|2025-06-05|2025-06-06|2025-06-07|2025-06-08|2025-06-09|2025-06-10|2025-06-11|2025-06-12|2025-06-13|2025-06-14|2025-06-15|2025-06-16|2025-06-17|2025-06-18|2025-06-19|2025-06-20|2025-06-21|2025-06-22|2025-06-23|2025-06-24|2025-06-25|2025-06-26|2025-06-27|2025-06-28|2025-06-29|2025-06-30|2025-07-01|2025-07-02|2025-07-03|2025-07-04|2025-07-05|2025-07-06|2025-07-07|2025-07-08|2025-07-09|2025-07-10|2025-07-11,2025-07-12 00:00,2025-07-12 00:00,8.846257060213247e-13,1.1368683772161603e-13,0,True,Optimization terminated successfully. (HiGHS Status 7: Optimal),1263,0.0
2025-07-13,0,0.1086518749998504,65424.22932878308,144,40,6626,2025-06-03|2025-06-04|2025-06-05|2025-06-06|2025-06-07|2025-06-08|2025-06-09|2025-06-10|2025-06-11|2025-06-12|2025-06-13|2025-06-14|2025-06-15|2025-06-16|2025-06-17|2025-06-18|2025-06-19|2025-06-20|2025-06-21|2025-06-22|2025-06-23|2025-06-24|2025-06-25|2025-06-26|2025-06-27|2025-06-28|2025-06-29|2025-06-30|2025-07-01|2025-07-02|2025-07-03|2025-07-04|2025-07-05|2025-07-06|2025-07-07|2025-07-08|2025-07-09|2025-07-10|2025-07-11|2025-07-12,2025-07-13 00:00,2025-07-13 00:00,7.958078640513122e-13,5.684341886080802e-14,0,True,Optimization terminated successfully. (HiGHS Status 7: Optimal),1378,0.0
2025-07-14,0,0.10946162500113132,64693.9216119999,144,40,6626,2025-06-04|2025-06-05|2025-06-06|2025-06-07|2025-06-08|2025-06-09|2025-06-10|2025-06-11|2025-06-12|2025-06-13|2025-06-14|2025-06-15|2025-06-16|2025-06-17|2025-06-18|2025-06-19|2025-06-20|2025-06-21|2025-06-22|2025-06-23|2025-06-24|2025-06-25|2025-06-26|2025-06-27|2025-06-28|2025-06-29|2025-06-30|2025-07-01|2025-07-02|2025-07-03|2025-07-04|2025-07-05|2025-07-06|2025-07-07|2025-07-08|2025-07-09|2025-07-10|2025-07-11|2025-07-12|2025-07-13,2025-07-14 00:00,2025-07-14 00:00,8.526512829121202e-13,2.2737367544323206e-13,0,True,Optimization terminated successfully. (HiGHS Status 7: Optimal),1374,0.0
2025-07-15,0,0.11156345800009149,68753.56412932432,144,40,6626,2025-06-05|2025-06-06|2025-06-07|2025-06-08|2025-06-09|2025-06-10|2025-06-11|2025-06-12|2025-06-13|2025-06-14|2025-06-15|2025-06-16|2025-06-17|2025-06-18|2025-06-19|2025-06-20|2025-06-21|2025-06-22|2025-06-23|2025-06-24|2025-06-25|2025-06-26|2025-06-27|2025-06-28|2025-06-29|2025-06-30|2025-07-01|2025-07-02|2025-07-03|2025-07-04|2025-07-05|2025-07-06|2025-07-07|2025-07-08|2025-07-09|2025-07-10|2025-07-11|2025-07-12|2025-07-13|2025-07-14,2025-07-15 00:00,2025-07-15 00:00,9.094947017729282e-13,2.2737367544323206e-13,0,True,Optimization terminated successfully. (HiGHS Status 7: Optimal),1374,0.0
2025-07-16,0,0.10996754099869577,65082.590994716025,144,40,6626,2025-06-06|2025-06-07|2025-06-08|2025-06-09|2025-06-10|2025-06-11|2025-06-12|2025-06-13|2025-06-14|2025-06-15|2025-06-16|2025-06-17|2025-06-18|2025-06-19|2025-06-20|2025-06-21|2025-06-22|2025-06-23|2025-06-24|2025-06-25|2025-06-26|2025-06-27|2025-06-28|2025-06-29|2025-06-30|2025-07-01|2025-07-02|2025-07-03|2025-07-04|2025-07-05|2025-07-06|2025-07-07|2025-07-08|2025-07-09|2025-07-10|2025-07-11|2025-07-12|2025-07-13|2025-07-14|2025-07-15,2025-07-16 00:00,2025-07-16 00:00,8.526512829121202e-13,1.1368683772161603e-13,0,True,Optimization terminated successfully. (HiGHS Status 7: Optimal),1382,0.0
2025-07-17,0,0.10477495799932512,64681.417895848426,144,40,6626,2025-06-07|2025-06-08|2025-06-09|2025-06-10|2025-06-11|2025-06-12|2025-06-13|2025-06-14|2025-06-15|2025-06-16|2025-06-17|2025-06-18|2025-06-19|2025-06-20|2025-06-21|2025-06-22|2025-06-23|2025-06-24|2025-06-25|2025-06-26|2025-06-27|2025-06-28|2025-06-29|2025-06-30|2025-07-01|2025-07-02|2025-07-03|2025-07-04|2025-07-05|2025-07-06|2025-07-07|2025-07-08|2025-07-09|2025-07-10|2025-07-11|2025-07-12|2025-07-13|2025-07-14|2025-07-15|2025-07-16,2025-07-17 00:00,2025-07-17 00:00,8.526512829121202e-13,5.684341886080802e-14,0,True,Optimization terminated successfully. (HiGHS Status 7: Optimal),1373,0.0
2025-07-18,0,0.10456554099982895,31225.433554744224,144,40,6626,2025-06-08|2025-06-09|2025-06-10|2025-06-11|2025-06-12|2025-06-13|2025-06-14|2025-06-15|2025-06-16|2025-06-17|2025-06-18|2025-06-19|2025-06-20|2025-06-21|2025-06-22|2025-06-23|2025-06-24|2025-06-25|2025-06-26|2025-06-27|2025-06-28|2025-06-29|2025-06-30|2025-07-01|2025-07-02|2025-07-03|2025-07-04|2025-07-05|2025-07-06|2025-07-07|2025-07-08|2025-07-09|2025-07-10|2025-07-11|2025-07-12|2025-07-13|2025-07-14|2025-07-15|2025-07-16|2025-07-17,2025-07-18 00:00,2025-07-18 00:00,8.810729923425242e-13,1.1368683772161603e-13,0,True,Optimization terminated successfully. (HiGHS Status 7: Optimal),1218,0.0
2025-07-19,0,0.10363116700136743,30998.086935863907,144,40,6626,2025-06-09|2025-06-10|2025-06-11|2025-06-12|2025-06-13|2025-06-14|2025-06-15|2025-06-16|2025-06-17|2025-06-18|2025-06-19|2025-06-20|2025-06-21|2025-06-22|2025-06-23|2025-06-24|2025-06-25|2025-06-26|2025-06-27|2025-06-28|2025-06-29|2025-06-30|2025-07-01|2025-07-02|2025-07-03|2025-07-04|2025-07-05|2025-07-06|2025-07-07|2025-07-08|2025-07-09|2025-07-10|2025-07-11|2025-07-12|2025-07-13|2025-07-14|2025-07-15|2025-07-16|2025-07-17|2025-07-18,2025-07-19 00:00,2025-07-19 00:00,1.0231815394945443e-12,1.1368683772161603e-13,0,True,Optimization terminated successfully. (HiGHS Status 7: Optimal),1219,0.0
2025-07-20,0,0.10256416700030968,62931.81251830829,144,40,6626,2025-06-10|2025-06-11|2025-06-12|2025-06-13|2025-06-14|2025-06-15|2025-06-16|2025-06-17|2025-06-18|2025-06-19|2025-06-20|2025-06-21|2025-06-22|2025-06-23|2025-06-24|2025-06-25|2025-06-26|2025-06-27|2025-06-28|2025-06-29|2025-06-30|2025-07-01|2025-07-02|2025-07-03|2025-07-04|2025-07-05|2025-07-06|2025-07-07|2025-07-08|2025-07-09|2025-07-10|2025-07-11|2025-07-12|2025-07-13|2025-07-14|2025-07-15|2025-07-16|2025-07-17|2025-07-18|2025-07-19,2025-07-20 00:00,2025-07-20 00:00,9.094947017729282e-13,2.2737367544323206e-13,0,True,Optimization terminated successfully. (HiGHS Status 7: Optimal),1390,0.0
2025-07-21,0,0.11203370800103585,61960.957838065544,144,40,6626,2025-06-11|2025-06-12|2025-06-13|2025-06-14|2025-06-15|2025-06-16|2025-06-17|2025-06-18|2025-06-19|2025-06-20|2025-06-21|2025-06-22|2025-06-23|2025-06-24|2025-06-25|2025-06-26|2025-06-27|2025-06-28|2025-06-29|2025-06-30|2025-07-01|2025-07-02|2025-07-03|2025-07-04|2025-07-05|2025-07-06|2025-07-07|2025-07-08|2025-07-09|2025-07-10|2025-07-11|2025-07-12|2025-07-13|2025-07-14|2025-07-15|2025-07-16|2025-07-17|2025-07-18|2025-07-19|2025-07-20,2025-07-21 00:00,2025-07-21 00:00,9.094947017729282e-13,2.2737367544323206e-13,0,True,Optimization terminated successfully. (HiGHS Status 7: Optimal),1384,0.0
2025-07-22,0,0.10602691600070102,64993.386920511555,144,40,6626,2025-06-12|2025-06-13|2025-06-14|2025-06-15|2025-06-16|2025-06-17|2025-06-18|2025-06-19|2025-06-20|2025-06-21|2025-06-22|2025-06-23|2025-06-24|2025-06-25|2025-06-26|2025-06-27|2025-06-28|2025-06-29|2025-06-30|2025-07-01|2025-07-02|2025-07-03|2025-07-04|2025-07-05|2025-07-06|2025-07-07|2025-07-08|2025-07-09|2025-07-10|2025-07-11|2025-07-12|2025-07-13|2025-07-14|2025-07-15|2025-07-16|2025-07-17|2025-07-18|2025-07-19|2025-07-20|2025-07-21,2025-07-22 00:00,2025-07-22 00:00,8.526512829121202e-13,0.0,0,True,Optimization terminated successfully. (HiGHS Status 7: Optimal),1362,0.0
2025-07-23,0,0.11319079100030649,61713.06390369386,144,40,6626,2025-06-13|2025-06-14|2025-06-15|2025-06-16|2025-06-17|2025-06-18|2025-06-19|2025-06-20|2025-06-21|2025-06-22|2025-06-23|2025-06-24|2025-06-25|2025-06-26|2025-06-27|2025-06-28|2025-06-29|2025-06-30|2025-07-01|2025-07-02|2025-07-03|2025-07-04|2025-07-05|2025-07-06|2025-07-07|2025-07-08|2025-07-09|2025-07-10|2025-07-11|2025-07-12|2025-07-13|2025-07-14|2025-07-15|2025-07-16|2025-07-17|2025-07-18|2025-07-19|2025-07-20|2025-07-21|2025-07-22,2025-07-23 00:00,2025-07-23 00:00,9.094947017729282e-13,0.0,0,True,Optimization terminated successfully. (HiGHS Status 7: Optimal),1379,0.0
2025-07-24,0,0.10403116599991336,62109.538368440124,144,40,6626,2025-06-14|2025-06-15|2025-06-16|2025-06-17|2025-06-18|2025-06-19|2025-06-20|2025-06-21|2025-06-22|2025-06-23|2025-06-24|2025-06-25|2025-06-26|2025-06-27|2025-06-28|2025-06-29|2025-06-30|2025-07-01|2025-07-02|2025-07-03|2025-07-04|2025-07-05|2025-07-06|2025-07-07|2025-07-08|2025-07-09|2025-07-10|2025-07-11|2025-07-12|2025-07-13|2025-07-14|2025-07-15|2025-07-16|2025-07-17|2025-07-18|2025-07-19|2025-07-20|2025-07-21|2025-07-22|2025-07-23,2025-07-24 00:00,2025-07-24 00:00,9.663381206337363e-13,2.2737367544323206e-13,0,True,Optimization terminated successfully. (HiGHS Status 7: Optimal),1406,0.0
2025-07-25,0,0.10126608300015505,30767.01023019949,144,40,6626,2025-06-15|2025-06-16|2025-06-17|2025-06-18|2025-06-19|2025-06-20|2025-06-21|2025-06-22|2025-06-23|2025-06-24|2025-06-25|2025-06-26|2025-06-27|2025-06-28|2025-06-29|2025-06-30|2025-07-01|2025-07-02|2025-07-03|2025-07-04|2025-07-05|2025-07-06|2025-07-07|2025-07-08|2025-07-09|2025-07-10|2025-07-11|2025-07-12|2025-07-13|2025-07-14|2025-07-15|2025-07-16|2025-07-17|2025-07-18|2025-07-19|2025-07-20|2025-07-21|2025-07-22|2025-07-23|2025-07-24,2025-07-25 00:00,2025-07-25 00:00,1.0231815394945443e-12,1.1368683772161603e-13,0,True,Optimization terminated successfully. (HiGHS Status 7: Optimal),1172,0.0
2025-07-26,0,0.09200991699981387,30812.027353990077,144,40,6626,2025-06-16|2025-06-17|2025-06-18|2025-06-19|2025-06-20|2025-06-21|2025-06-22|2025-06-23|2025-06-24|2025-06-25|2025-06-26|2025-06-27|2025-06-28|2025-06-29|2025-06-30|2025-07-01|2025-07-02|2025-07-03|2025-07-04|2025-07-05|2025-07-06|2025-07-07|2025-07-08|2025-07-09|2025-07-10|2025-07-11|2025-07-12|2025-07-13|2025-07-14|2025-07-15|2025-07-16|2025-07-17|2025-07-18|2025-07-19|2025-07-20|2025-07-21|2025-07-22|2025-07-23|2025-07-24|2025-07-25,2025-07-26 00:00,2025-07-26 00:00,6.536993168992922e-13,1.1368683772161603e-13,0,True,Optimization terminated successfully. (HiGHS Status 7: Optimal),1084,0.0
2025-07-27,0,0.1123139169994829,60242.48519322412,144,40,6626,2025-06-17|2025-06-18|2025-06-19|2025-06-20|2025-06-21|2025-06-22|2025-06-23|2025-06-24|2025-06-25|2025-06-26|2025-06-27|2025-06-28|2025-06-29|2025-06-30|2025-07-01|2025-07-02|2025-07-03|2025-07-04|2025-07-05|2025-07-06|2025-07-07|2025-07-08|2025-07-09|2025-07-10|2025-07-11|2025-07-12|2025-07-13|2025-07-14|2025-07-15|2025-07-16|2025-07-17|2025-07-18|2025-07-19|2025-07-20|2025-07-21|2025-07-22|2025-07-23|2025-07-24|2025-07-25|2025-07-26,2025-07-27 00:00,2025-07-27 00:00,9.094947017729282e-13,2.2737367544323206e-13,0,True,Optimization terminated successfully. (HiGHS Status 7: Optimal),1387,0.0
2025-07-28,0,0.10911183399912261,59228.11073669427,144,40,6626,2025-06-18|2025-06-19|2025-06-20|2025-06-21|2025-06-22|2025-06-23|2025-06-24|2025-06-25|2025-06-26|2025-06-27|2025-06-28|2025-06-29|2025-06-30|2025-07-01|2025-07-02|2025-07-03|2025-07-04|2025-07-05|2025-07-06|2025-07-07|2025-07-08|2025-07-09|2025-07-10|2025-07-11|2025-07-12|2025-07-13|2025-07-14|2025-07-15|2025-07-16|2025-07-17|2025-07-18|2025-07-19|2025-07-20|2025-07-21|2025-07-22|2025-07-23|2025-07-24|2025-07-25|2025-07-26|2025-07-27,2025-07-28 00:00,2025-07-28 00:00,8.526512829121202e-13,1.1368683772161603e-13,0,True,Optimization terminated successfully. (HiGHS Status 7: Optimal),1372,0.0
2025-07-29,0,0.10435470800075564,61317.085296066754,144,40,6626,2025-06-19|2025-06-20|2025-06-21|2025-06-22|2025-06-23|2025-06-24|2025-06-25|2025-06-26|2025-06-27|2025-06-28|2025-06-29|2025-06-30|2025-07-01|2025-07-02|2025-07-03|2025-07-04|2025-07-05|2025-07-06|2025-07-07|2025-07-08|2025-07-09|2025-07-10|2025-07-11|2025-07-12|2025-07-13|2025-07-14|2025-07-15|2025-07-16|2025-07-17|2025-07-18|2025-07-19|2025-07-20|2025-07-21|2025-07-22|2025-07-23|2025-07-24|2025-07-25|2025-07-26|2025-07-27|2025-07-28,2025-07-29 00:00,2025-07-29 00:00,8.846257060213247e-13,1.1368683772161603e-13,0,True,Optimization terminated successfully. (HiGHS Status 7: Optimal),1384,0.0
2025-07-30,0,0.10664816600001359,59842.98594210619,144,40,6626,2025-06-20|2025-06-21|2025-06-22|2025-06-23|2025-06-24|2025-06-25|2025-06-26|2025-06-27|2025-06-28|2025-06-29|2025-06-30|2025-07-01|2025-07-02|2025-07-03|2025-07-04|2025-07-05|2025-07-06|2025-07-07|2025-07-08|2025-07-09|2025-07-10|2025-07-11|2025-07-12|2025-07-13|2025-07-14|2025-07-15|2025-07-16|2025-07-17|2025-07-18|2025-07-19|2025-07-20|2025-07-21|2025-07-22|2025-07-23|2025-07-24|2025-07-25|2025-07-26|2025-07-27|2025-07-28|2025-07-29,2025-07-30 00:00,2025-07-30 00:00,8.668621376273222e-13,1.1368683772161603e-13,0,True,Optimization terminated successfully. (HiGHS Status 7: Optimal),1374,0.0
2025-07-31,0,0.09954558400022506,61125.58310389388,144,40,6626,2025-06-21|2025-06-22|2025-06-23|2025-06-24|2025-06-25|2025-06-26|2025-06-27|2025-06-28|2025-06-29|2025-06-30|2025-07-01|2025-07-02|2025-07-03|2025-07-04|2025-07-05|2025-07-06|2025-07-07|2025-07-08|2025-07-09|2025-07-10|2025-07-11|2025-07-12|2025-07-13|2025-07-14|2025-07-15|2025-07-16|2025-07-17|2025-07-18|2025-07-19|2025-07-20|2025-07-21|2025-07-22|2025-07-23|2025-07-24|2025-07-25|2025-07-26|2025-07-27|2025-07-28|2025-07-29|2025-07-30,2025-07-31 00:00,2025-07-31 00:00,8.100187187665142e-13,1.1368683772161603e-13,0,True,Optimization terminated successfully. (HiGHS Status 7: Optimal),1381,0.0
2025-08-01,0,0.0818949580007029,31311.882936856124,144,40,6626,2025-06-22|2025-06-23|2025-06-24|2025-06-25|2025-06-26|2025-06-27|2025-06-28|2025-06-29|2025-06-30|2025-07-01|2025-07-02|2025-07-03|2025-07-04|2025-07-05|2025-07-06|2025-07-07|2025-07-08|2025-07-09|2025-07-10|2025-07-11|2025-07-12|2025-07-13|2025-07-14|2025-07-15|2025-07-16|2025-07-17|2025-07-18|2025-07-19|2025-07-20|2025-07-21|2025-07-22|2025-07-23|2025-07-24|2025-07-25|2025-07-26|2025-07-27|2025-07-28|2025-07-29|2025-07-30|2025-07-31,2025-08-01 00:00,2025-08-01 00:00,8.526512829121202e-13,1.1368683772161603e-13,0,True,Optimization terminated successfully. (HiGHS Status 7: Optimal),1063,0.0
2025-08-02,0,0.08267091599918786,31591.219642589676,144,40,6626,2025-06-23|2025-06-24|2025-06-25|2025-06-26|2025-06-27|2025-06-28|2025-06-29|2025-06-30|2025-07-01|2025-07-02|2025-07-03|2025-07-04|2025-07-05|2025-07-06|2025-07-07|2025-07-08|2025-07-09|2025-07-10|2025-07-11|2025-07-12|2025-07-13|2025-07-14|2025-07-15|2025-07-16|2025-07-17|2025-07-18|2025-07-19|2025-07-20|2025-07-21|2025-07-22|2025-07-23|2025-07-24|2025-07-25|2025-07-26|2025-07-27|2025-07-28|2025-07-29|2025-07-30|2025-07-31|2025-08-01,2025-08-02 00:00,2025-08-02 00:00,9.094947017729282e-13,0.0,0,True,Optimization terminated successfully. (HiGHS Status 7: Optimal),1028,0.0
2025-08-03,0,0.09939624999969965,60070.310318993936,144,40,6626,2025-06-24|2025-06-25|2025-06-26|2025-06-27|2025-06-28|2025-06-29|2025-06-30|2025-07-01|2025-07-02|2025-07-03|2025-07-04|2025-07-05|2025-07-06|2025-07-07|2025-07-08|2025-07-09|2025-07-10|2025-07-11|2025-07-12|2025-07-13|2025-07-14|2025-07-15|2025-07-16|2025-07-17|2025-07-18|2025-07-19|2025-07-20|2025-07-21|2025-07-22|2025-07-23|2025-07-24|2025-07-25|2025-07-26|2025-07-27|2025-07-28|2025-07-29|2025-07-30|2025-07-31|2025-08-01|2025-08-02,2025-08-03 00:00,2025-08-03 00:00,7.958078640513122e-13,1.1368683772161603e-13,0,True,Optimization terminated successfully. (HiGHS Status 7: Optimal),1386,0.0
2025-08-04,0,0.10338708299968857,59650.18976702949,144,40,6626,2025-06-25|2025-06-26|2025-06-27|2025-06-28|2025-06-29|2025-06-30|2025-07-01|2025-07-02|2025-07-03|2025-07-04|2025-07-05|2025-07-06|2025-07-07|2025-07-08|2025-07-09|2025-07-10|2025-07-11|2025-07-12|2025-07-13|2025-07-14|2025-07-15|2025-07-16|2025-07-17|2025-07-18|2025-07-19|2025-07-20|2025-07-21|2025-07-22|2025-07-23|2025-07-24|2025-07-25|2025-07-26|2025-07-27|2025-07-28|2025-07-29|2025-07-30|2025-07-31|2025-08-01|2025-08-02|2025-08-03,2025-08-04 00:00,2025-08-04 00:00,9.094947017729282e-13,1.1368683772161603e-13,0,True,Optimization terminated successfully. (HiGHS Status 7: Optimal),1395,0.0
2025-08-05,0,0.10754458299925318,59737.09678145987,144,40,6626,2025-06-26|2025-06-27|2025-06-28|2025-06-29|2025-06-30|2025-07-01|2025-07-02|2025-07-03|2025-07-04|2025-07-05|2025-07-06|2025-07-07|2025-07-08|2025-07-09|2025-07-10|2025-07-11|2025-07-12|2025-07-13|2025-07-14|2025-07-15|2025-07-16|2025-07-17|2025-07-18|2025-07-19|2025-07-20|2025-07-21|2025-07-22|2025-07-23|2025-07-24|2025-07-25|2025-07-26|2025-07-27|2025-07-28|2025-07-29|2025-07-30|2025-07-31|2025-08-01|2025-08-02|2025-08-03|2025-08-04,2025-08-05 00:00,2025-08-05 00:00,8.526512829121202e-13,1.1368683772161603e-13,0,True,Optimization terminated successfully. (HiGHS Status 7: Optimal),1377,0.0
2025-08-06,0,0.09759487500014075,59021.99378286298,144,40,6626,2025-06-27|2025-06-28|2025-06-29|2025-06-30|2025-07-01|2025-07-02|2025-07-03|2025-07-04|2025-07-05|2025-07-06|2025-07-07|2025-07-08|2025-07-09|2025-07-10|2025-07-11|2025-07-12|2025-07-13|2025-07-14|2025-07-15|2025-07-16|2025-07-17|2025-07-18|2025-07-19|2025-07-20|2025-07-21|2025-07-22|2025-07-23|2025-07-24|2025-07-25|2025-07-26|2025-07-27|2025-07-28|2025-07-29|2025-07-30|2025-07-31|2025-08-01|2025-08-02|2025-08-03|2025-08-04|2025-08-05,2025-08-06 00:00,2025-08-06 00:00,8.810729923425242e-13,2.2737367544323206e-13,0,True,Optimization terminated successfully. (HiGHS Status 7: Optimal),1381,0.0
2025-08-07,0,0.0976335420000396,59159.55166460789,144,40,6626,2025-06-28|2025-06-29|2025-06-30|2025-07-01|2025-07-02|2025-07-03|2025-07-04|2025-07-05|2025-07-06|2025-07-07|2025-07-08|2025-07-09|2025-07-10|2025-07-11|2025-07-12|2025-07-13|2025-07-14|2025-07-15|2025-07-16|2025-07-17|2025-07-18|2025-07-19|2025-07-20|2025-07-21|2025-07-22|2025-07-23|2025-07-24|2025-07-25|2025-07-26|2025-07-27|2025-07-28|2025-07-29|2025-07-30|2025-07-31|2025-08-01|2025-08-02|2025-08-03|2025-08-04|2025-08-05|2025-08-06,2025-08-07 00:00,2025-08-07 00:00,8.100187187665142e-13,2.2737367544323206e-13,0,True,Optimization terminated successfully. (HiGHS Status 7: Optimal),1358,0.0
2025-08-08,0,0.07955145800042374,30696.44258171042,144,40,6626,2025-06-29|2025-06-30|2025-07-01|2025-07-02|2025-07-03|2025-07-04|2025-07-05|2025-07-06|2025-07-07|2025-07-08|2025-07-09|2025-07-10|2025-07-11|2025-07-12|2025-07-13|2025-07-14|2025-07-15|2025-07-16|2025-07-17|2025-07-18|2025-07-19|2025-07-20|2025-07-21|2025-07-22|2025-07-23|2025-07-24|2025-07-25|2025-07-26|2025-07-27|2025-07-28|2025-07-29|2025-07-30|2025-07-31|2025-08-01|2025-08-02|2025-08-03|2025-08-04|2025-08-05|2025-08-06|2025-08-07,2025-08-08 00:00,2025-08-08 00:00,9.094947017729282e-13,0.0,0,True,Optimization terminated successfully. (HiGHS Status 7: Optimal),996,0.0
2025-08-09,0,0.0808128749995376,30976.60480543697,144,40,6626,2025-06-30|2025-07-01|2025-07-02|2025-07-03|2025-07-04|2025-07-05|2025-07-06|2025-07-07|2025-07-08|2025-07-09|2025-07-10|2025-07-11|2025-07-12|2025-07-13|2025-07-14|2025-07-15|2025-07-16|2025-07-17|2025-07-18|2025-07-19|2025-07-20|2025-07-21|2025-07-22|2025-07-23|2025-07-24|2025-07-25|2025-07-26|2025-07-27|2025-07-28|2025-07-29|2025-07-30|2025-07-31|2025-08-01|2025-08-02|2025-08-03|2025-08-04|2025-08-05|2025-08-06|2025-08-07|2025-08-08,2025-08-09 00:00,2025-08-09 00:00,7.958078640513122e-13,0.0,0,True,Optimization terminated successfully. (HiGHS Status 7: Optimal),996,0.0
2025-08-10,0,0.09140487500008021,56159.75252733474,144,40,6626,2025-07-01|2025-07-02|2025-07-03|2025-07-04|2025-07-05|2025-07-06|2025-07-07|2025-07-08|2025-07-09|2025-07-10|2025-07-11|2025-07-12|2025-07-13|2025-07-14|2025-07-15|2025-07-16|2025-07-17|2025-07-18|2025-07-19|2025-07-20|2025-07-21|2025-07-22|2025-07-23|2025-07-24|2025-07-25|2025-07-26|2025-07-27|2025-07-28|2025-07-29|2025-07-30|2025-07-31|2025-08-01|2025-08-02|2025-08-03|2025-08-04|2025-08-05|2025-08-06|2025-08-07|2025-08-08|2025-08-09,2025-08-10 00:00,2025-08-10 00:00,1.0231815394945443e-12,1.1368683772161603e-13,0,True,Optimization terminated successfully. (HiGHS Status 7: Optimal),1301,0.0
2025-08-11,0,0.09905683299984958,57721.634942601435,144,40,6626,2025-07-02|2025-07-03|2025-07-04|2025-07-05|2025-07-06|2025-07-07|2025-07-08|2025-07-09|2025-07-10|2025-07-11|2025-07-12|2025-07-13|2025-07-14|2025-07-15|2025-07-16|2025-07-17|2025-07-18|2025-07-19|2025-07-20|2025-07-21|2025-07-22|2025-07-23|2025-07-24|2025-07-25|2025-07-26|2025-07-27|2025-07-28|2025-07-29|2025-07-30|2025-07-31|2025-08-01|2025-08-02|2025-08-03|2025-08-04|2025-08-05|2025-08-06|2025-08-07|2025-08-08|2025-08-09|2025-08-10,2025-08-11 00:00,2025-08-11 00:00,9.094947017729282e-13,1.1368683772161603e-13,0,True,Optimization terminated successfully. (HiGHS Status 7: Optimal),1351,0.0
2025-08-12,0,0.10485583300032886,57073.91002262175,144,40,6626,2025-07-03|2025-07-04|2025-07-05|2025-07-06|2025-07-07|2025-07-08|2025-07-09|2025-07-10|2025-07-11|2025-07-12|2025-07-13|2025-07-14|2025-07-15|2025-07-16|2025-07-17|2025-07-18|2025-07-19|2025-07-20|2025-07-21|2025-07-22|2025-07-23|2025-07-24|2025-07-25|2025-07-26|2025-07-27|2025-07-28|2025-07-29|2025-07-30|2025-07-31|2025-08-01|2025-08-02|2025-08-03|2025-08-04|2025-08-05|2025-08-06|2025-08-07|2025-08-08|2025-08-09|2025-08-10|2025-08-11,2025-08-12 00:00,2025-08-12 00:00,1.0231815394945443e-12,0.0,0,True,Optimization terminated successfully. (HiGHS Status 7: Optimal),1360,0.0
2025-08-13,0,0.09356462499999907,57259.914226029134,144,40,6626,2025-07-04|2025-07-05|2025-07-06|2025-07-07|2025-07-08|2025-07-09|2025-07-10|2025-07-11|2025-07-12|2025-07-13|2025-07-14|2025-07-15|2025-07-16|2025-07-17|2025-07-18|2025-07-19|2025-07-20|2025-07-21|2025-07-22|2025-07-23|2025-07-24|2025-07-25|2025-07-26|2025-07-27|2025-07-28|2025-07-29|2025-07-30|2025-07-31|2025-08-01|2025-08-02|2025-08-03|2025-08-04|2025-08-05|2025-08-06|2025-08-07|2025-08-08|2025-08-09|2025-08-10|2025-08-11|2025-08-12,2025-08-13 00:00,2025-08-13 00:00,9.094947017729282e-13,2.2737367544323206e-13,0,True,Optimization terminated successfully. (HiGHS Status 7: Optimal),1330,0.0
2025-08-14,0,0.09771408300002804,56452.953609794,144,40,6626,2025-07-05|2025-07-06|2025-07-07|2025-07-08|2025-07-09|2025-07-10|2025-07-11|2025-07-12|2025-07-13|2025-07-14|2025-07-15|2025-07-16|2025-07-17|2025-07-18|2025-07-19|2025-07-20|2025-07-21|2025-07-22|2025-07-23|2025-07-24|2025-07-25|2025-07-26|2025-07-27|2025-07-28|2025-07-29|2025-07-30|2025-07-31|2025-08-01|2025-08-02|2025-08-03|2025-08-04|2025-08-05|2025-08-06|2025-08-07|2025-08-08|2025-08-09|2025-08-10|2025-08-11|2025-08-12|2025-08-13,2025-08-14 00:00,2025-08-14 00:00,9.094947017729282e-13,0.0,0,True,Optimization terminated successfully. (HiGHS Status 7: Optimal),1343,0.0
2025-08-15,0,0.07787975000064762,29185.41056534229,144,40,6626,2025-07-06|2025-07-07|2025-07-08|2025-07-09|2025-07-10|2025-07-11|2025-07-12|2025-07-13|2025-07-14|2025-07-15|2025-07-16|2025-07-17|2025-07-18|2025-07-19|2025-07-20|2025-07-21|2025-07-22|2025-07-23|2025-07-24|2025-07-25|2025-07-26|2025-07-27|2025-07-28|2025-07-29|2025-07-30|2025-07-31|2025-08-01|2025-08-02|2025-08-03|2025-08-04|2025-08-05|2025-08-06|2025-08-07|2025-08-08|2025-08-09|2025-08-10|2025-08-11|2025-08-12|2025-08-13|2025-08-14,2025-08-15 00:00,2025-08-15 00:00,7.389644451905042e-13,0.0,0,True,Optimization terminated successfully. (HiGHS Status 7: Optimal),979,0.0
2025-08-16,0,0.0794400000013411,29035.35674576547,144,40,6626,2025-07-07|2025-07-08|2025-07-09|2025-07-10|2025-07-11|2025-07-12|2025-07-13|2025-07-14|2025-07-15|2025-07-16|2025-07-17|2025-07-18|2025-07-19|2025-07-20|2025-07-21|2025-07-22|2025-07-23|2025-07-24|2025-07-25|2025-07-26|2025-07-27|2025-07-28|2025-07-29|2025-07-30|2025-07-31|2025-08-01|2025-08-02|2025-08-03|2025-08-04|2025-08-05|2025-08-06|2025-08-07|2025-08-08|2025-08-09|2025-08-10|2025-08-11|2025-08-12|2025-08-13|2025-08-14|2025-08-15,2025-08-16 00:00,2025-08-16 00:00,8.242295734817162e-13,0.0,0,True,Optimization terminated successfully. (HiGHS Status 7: Optimal),962,0.0
2025-08-17,0,0.09954941700016207,53632.52284533911,144,40,6626,2025-07-08|2025-07-09|2025-07-10|2025-07-11|2025-07-12|2025-07-13|2025-07-14|2025-07-15|2025-07-16|2025-07-17|2025-07-18|2025-07-19|2025-07-20|2025-07-21|2025-07-22|2025-07-23|2025-07-24|2025-07-25|2025-07-26|2025-07-27|2025-07-28|2025-07-29|2025-07-30|2025-07-31|2025-08-01|2025-08-02|2025-08-03|2025-08-04|2025-08-05|2025-08-06|2025-08-07|2025-08-08|2025-08-09|2025-08-10|2025-08-11|2025-08-12|2025-08-13|2025-08-14|2025-08-15|2025-08-16,2025-08-17 00:00,2025-08-17 00:00,8.668621376273222e-13,1.1368683772161603e-13,0,True,Optimization terminated successfully. (HiGHS Status 7: Optimal),1303,0.0
2025-08-18,0,0.09786649999841757,54661.7572866685,144,40,6626,2025-07-09|2025-07-10|2025-07-11|2025-07-12|2025-07-13|2025-07-14|2025-07-15|2025-07-16|2025-07-17|2025-07-18|2025-07-19|2025-07-20|2025-07-21|2025-07-22|2025-07-23|2025-07-24|2025-07-25|2025-07-26|2025-07-27|2025-07-28|2025-07-29|2025-07-30|2025-07-31|2025-08-01|2025-08-02|2025-08-03|2025-08-04|2025-08-05|2025-08-06|2025-08-07|2025-08-08|2025-08-09|2025-08-10|2025-08-11|2025-08-12|2025-08-13|2025-08-14|2025-08-15|2025-08-16|2025-08-17,2025-08-18 00:00,2025-08-18 00:00,9.094947017729282e-13,2.2737367544323206e-13,0,True,Optimization terminated successfully. (HiGHS Status 7: Optimal),1305,0.0
2025-08-19,0,0.10252595800011477,54497.9160136363,144,40,6626,2025-07-10|2025-07-11|2025-07-12|2025-07-13|2025-07-14|2025-07-15|2025-07-16|2025-07-17|2025-07-18|2025-07-19|2025-07-20|2025-07-21|2025-07-22|2025-07-23|2025-07-24|2025-07-25|2025-07-26|2025-07-27|2025-07-28|2025-07-29|2025-07-30|2025-07-31|2025-08-01|2025-08-02|2025-08-03|2025-08-04|2025-08-05|2025-08-06|2025-08-07|2025-08-08|2025-08-09|2025-08-10|2025-08-11|2025-08-12|2025-08-13|2025-08-14|2025-08-15|2025-08-16|2025-08-17|2025-08-18,2025-08-19 00:00,2025-08-19 00:00,8.597567102697212e-13,2.2737367544323206e-13,0,True,Optimization terminated successfully. (HiGHS Status 7: Optimal),1337,0.0
2025-08-20,0,0.10354350000125123,54432.985670644135,144,40,6626,2025-07-11|2025-07-12|2025-07-13|2025-07-14|2025-07-15|2025-07-16|2025-07-17|2025-07-18|2025-07-19|2025-07-20|2025-07-21|2025-07-22|2025-07-23|2025-07-24|2025-07-25|2025-07-26|2025-07-27|2025-07-28|2025-07-29|2025-07-30|2025-07-31|2025-08-01|2025-08-02|2025-08-03|2025-08-04|2025-08-05|2025-08-06|2025-08-07|2025-08-08|2025-08-09|2025-08-10|2025-08-11|2025-08-12|2025-08-13|2025-08-14|2025-08-15|2025-08-16|2025-08-17|2025-08-18|2025-08-19,2025-08-20 00:00,2025-08-20 00:00,8.810729923425242e-13,1.1368683772161603e-13,0,True,Optimization terminated successfully. (HiGHS Status 7: Optimal),1324,0.0
2025-08-21,0,0.09374374999970314,53537.58338405343,144,40,6626,2025-07-12|2025-07-13|2025-07-14|2025-07-15|2025-07-16|2025-07-17|2025-07-18|2025-07-19|2025-07-20|2025-07-21|2025-07-22|2025-07-23|2025-07-24|2025-07-25|2025-07-26|2025-07-27|2025-07-28|2025-07-29|2025-07-30|2025-07-31|2025-08-01|2025-08-02|2025-08-03|2025-08-04|2025-08-05|2025-08-06|2025-08-07|2025-08-08|2025-08-09|2025-08-10|2025-08-11|2025-08-12|2025-08-13|2025-08-14|2025-08-15|2025-08-16|2025-08-17|2025-08-18|2025-08-19|2025-08-20,2025-08-21 00:00,2025-08-21 00:00,9.094947017729282e-13,1.1368683772161603e-13,0,True,Optimization terminated successfully. (HiGHS Status 7: Optimal),1313,0.0
2025-08-22,0,0.08445545799986576,27220.923542246892,144,40,6626,2025-07-13|2025-07-14|2025-07-15|2025-07-16|2025-07-17|2025-07-18|2025-07-19|2025-07-20|2025-07-21|2025-07-22|2025-07-23|2025-07-24|2025-07-25|2025-07-26|2025-07-27|2025-07-28|2025-07-29|2025-07-30|2025-07-31|2025-08-01|2025-08-02|2025-08-03|2025-08-04|2025-08-05|2025-08-06|2025-08-07|2025-08-08|2025-08-09|2025-08-10|2025-08-11|2025-08-12|2025-08-13|2025-08-14|2025-08-15|2025-08-16|2025-08-17|2025-08-18|2025-08-19|2025-08-20|2025-08-21,2025-08-22 00:00,2025-08-22 00:00,8.952838470577262e-13,0.0,0,True,Optimization terminated successfully. (HiGHS Status 7: Optimal),958,0.0
2025-08-23,0,0.08491262499956065,27126.546052119353,144,40,6626,2025-07-14|2025-07-15|2025-07-16|2025-07-17|2025-07-18|2025-07-19|2025-07-20|2025-07-21|2025-07-22|2025-07-23|2025-07-24|2025-07-25|2025-07-26|2025-07-27|2025-07-28|2025-07-29|2025-07-30|2025-07-31|2025-08-01|2025-08-02|2025-08-03|2025-08-04|2025-08-05|2025-08-06|2025-08-07|2025-08-08|2025-08-09|2025-08-10|2025-08-11|2025-08-12|2025-08-13|2025-08-14|2025-08-15|2025-08-16|2025-08-17|2025-08-18|2025-08-19|2025-08-20|2025-08-21|2025-08-22,2025-08-23 00:00,2025-08-23 00:00,8.242295734817162e-13,2.2737367544323206e-13,0,True,Optimization terminated successfully. (HiGHS Status 7: Optimal),958,0.0
2025-08-24,0,0.1013291669987666,51071.12785558155,144,40,6626,2025-07-15|2025-07-16|2025-07-17|2025-07-18|2025-07-19|2025-07-20|2025-07-21|2025-07-22|2025-07-23|2025-07-24|2025-07-25|2025-07-26|2025-07-27|2025-07-28|2025-07-29|2025-07-30|2025-07-31|2025-08-01|2025-08-02|2025-08-03|2025-08-04|2025-08-05|2025-08-06|2025-08-07|2025-08-08|2025-08-09|2025-08-10|2025-08-11|2025-08-12|2025-08-13|2025-08-14|2025-08-15|2025-08-16|2025-08-17|2025-08-18|2025-08-19|2025-08-20|2025-08-21|2025-08-22|2025-08-23,2025-08-24 00:00,2025-08-24 00:00,9.094947017729282e-13,2.2737367544323206e-13,0,True,Optimization terminated successfully. (HiGHS Status 7: Optimal),1290,0.0
2025-08-25,0,0.12070737500107498,52061.43638945986,144,40,6626,2025-07-16|2025-07-17|2025-07-18|2025-07-19|2025-07-20|2025-07-21|2025-07-22|2025-07-23|2025-07-24|2025-07-25|2025-07-26|2025-07-27|2025-07-28|2025-07-29|2025-07-30|2025-07-31|2025-08-01|2025-08-02|2025-08-03|2025-08-04|2025-08-05|2025-08-06|2025-08-07|2025-08-08|2025-08-09|2025-08-10|2025-08-11|2025-08-12|2025-08-13|2025-08-14|2025-08-15|2025-08-16|2025-08-17|2025-08-18|2025-08-19|2025-08-20|2025-08-21|2025-08-22|2025-08-23|2025-08-24,2025-08-25 00:00,2025-08-25 00:00,8.668621376273222e-13,1.1368683772161603e-13,0,True,Optimization terminated successfully. (HiGHS Status 7: Optimal),1318,0.0
2025-08-26,0,0.1368426669996552,52076.36610838951,144,40,6626,2025-07-17|2025-07-18|2025-07-19|2025-07-20|2025-07-21|2025-07-22|2025-07-23|2025-07-24|2025-07-25|2025-07-26|2025-07-27|2025-07-28|2025-07-29|2025-07-30|2025-07-31|2025-08-01|2025-08-02|2025-08-03|2025-08-04|2025-08-05|2025-08-06|2025-08-07|2025-08-08|2025-08-09|2025-08-10|2025-08-11|2025-08-12|2025-08-13|2025-08-14|2025-08-15|2025-08-16|2025-08-17|2025-08-18|2025-08-19|2025-08-20|2025-08-21|2025-08-22|2025-08-23|2025-08-24|2025-08-25,2025-08-26 00:00,2025-08-26 00:00,7.958078640513122e-13,1.1368683772161603e-13,0,True,Optimization terminated successfully. (HiGHS Status 7: Optimal),1319,0.0
2025-08-27,0,0.11280450000049314,52859.035118682266,144,40,6626,2025-07-18|2025-07-19|2025-07-20|2025-07-21|2025-07-22|2025-07-23|2025-07-24|2025-07-25|2025-07-26|2025-07-27|2025-07-28|2025-07-29|2025-07-30|2025-07-31|2025-08-01|2025-08-02|2025-08-03|2025-08-04|2025-08-05|2025-08-06|2025-08-07|2025-08-08|2025-08-09|2025-08-10|2025-08-11|2025-08-12|2025-08-13|2025-08-14|2025-08-15|2025-08-16|2025-08-17|2025-08-18|2025-08-19|2025-08-20|2025-08-21|2025-08-22|2025-08-23|2025-08-24|2025-08-25|2025-08-26,2025-08-27 00:00,2025-08-27 00:00,9.094947017729282e-13,1.1368683772161603e-13,0,True,Optimization terminated successfully. (HiGHS Status 7: Optimal),1343,0.0
2025-08-28,0,0.11432104200139293,51422.930149422355,144,40,6626,2025-07-19|2025-07-20|2025-07-21|2025-07-22|2025-07-23|2025-07-24|2025-07-25|2025-07-26|2025-07-27|2025-07-28|2025-07-29|2025-07-30|2025-07-31|2025-08-01|2025-08-02|2025-08-03|2025-08-04|2025-08-05|2025-08-06|2025-08-07|2025-08-08|2025-08-09|2025-08-10|2025-08-11|2025-08-12|2025-08-13|2025-08-14|2025-08-15|2025-08-16|2025-08-17|2025-08-18|2025-08-19|2025-08-20|2025-08-21|2025-08-22|2025-08-23|2025-08-24|2025-08-25|2025-08-26|2025-08-27,2025-08-28 00:00,2025-08-28 00:00,9.094947017729282e-13,2.2737367544323206e-13,0,True,Optimization terminated successfully. (HiGHS Status 7: Optimal),1319,0.0
2025-08-29,0,0.0835255829988455,26104.713757657584,144,40,6626,2025-07-20|2025-07-21|2025-07-22|2025-07-23|2025-07-24|2025-07-25|2025-07-26|2025-07-27|2025-07-28|2025-07-29|2025-07-30|2025-07-31|2025-08-01|2025-08-02|2025-08-03|2025-08-04|2025-08-05|2025-08-06|2025-08-07|2025-08-08|2025-08-09|2025-08-10|2025-08-11|2025-08-12|2025-08-13|2025-08-14|2025-08-15|2025-08-16|2025-08-17|2025-08-18|2025-08-19|2025-08-20|2025-08-21|2025-08-22|2025-08-23|2025-08-24|2025-08-25|2025-08-26|2025-08-27|2025-08-28,2025-08-29 00:00,2025-08-29 00:00,7.958078640513122e-13,0.0,0,True,Optimization terminated successfully. (HiGHS Status 7: Optimal),955,0.0
2025-08-30,0,0.08618979200036847,25925.951924833458,144,40,6626,2025-07-21|2025-07-22|2025-07-23|2025-07-24|2025-07-25|2025-07-26|2025-07-27|2025-07-28|2025-07-29|2025-07-30|2025-07-31|2025-08-01|2025-08-02|2025-08-03|2025-08-04|2025-08-05|2025-08-06|2025-08-07|2025-08-08|2025-08-09|2025-08-10|2025-08-11|2025-08-12|2025-08-13|2025-08-14|2025-08-15|2025-08-16|2025-08-17|2025-08-18|2025-08-19|2025-08-20|2025-08-21|2025-08-22|2025-08-23|2025-08-24|2025-08-25|2025-08-26|2025-08-27|2025-08-28|2025-08-29,2025-08-30 00:00,2025-08-30 00:00,7.958078640513122e-13,2.2737367544323206e-13,0,True,Optimization terminated successfully. (HiGHS Status 7: Optimal),958,0.0
2025-08-31,0,0.10027758399883169,49345.72633020619,144,40,6626,2025-07-22|2025-07-23|2025-07-24|2025-07-25|2025-07-26|2025-07-27|2025-07-28|2025-07-29|2025-07-30|2025-07-31|2025-08-01|2025-08-02|2025-08-03|2025-08-04|2025-08-05|2025-08-06|2025-08-07|2025-08-08|2025-08-09|2025-08-10|2025-08-11|2025-08-12|2025-08-13|2025-08-14|2025-08-15|2025-08-16|2025-08-17|2025-08-18|2025-08-19|2025-08-20|2025-08-21|2025-08-22|2025-08-23|2025-08-24|2025-08-25|2025-08-26|2025-08-27|2025-08-28|2025-08-29|2025-08-30,2025-08-31 00:00,2025-08-31 00:00,9.094947017729282e-13,1.1368683772161603e-13,0,True,Optimization terminated successfully. (HiGHS Status 7: Optimal),1267,0.0
2025-09-01,0,0.1099443329985661,50752.10984013294,144,40,6626,2025-07-23|2025-07-24|2025-07-25|2025-07-26|2025-07-27|2025-07-28|2025-07-29|2025-07-30|2025-07-31|2025-08-01|2025-08-02|2025-08-03|2025-08-04|2025-08-05|2025-08-06|2025-08-07|2025-08-08|2025-08-09|2025-08-10|2025-08-11|2025-08-12|2025-08-13|2025-08-14|2025-08-15|2025-08-16|2025-08-17|2025-08-18|2025-08-19|2025-08-20|2025-08-21|2025-08-22|2025-08-23|2025-08-24|2025-08-25|2025-08-26|2025-08-27|2025-08-28|2025-08-29|2025-08-30|2025-08-31,2025-09-01 00:00,2025-09-01 00:00,9.094947017729282e-13,1.1368683772161603e-13,0,True,Optimization terminated successfully. (HiGHS Status 7: Optimal),1309,0.0
2025-09-02,0,0.12777462499980174,50288.680406721796,144,40,6626,2025-07-24|2025-07-25|2025-07-26|2025-07-27|2025-07-28|2025-07-29|2025-07-30|2025-07-31|2025-08-01|2025-08-02|2025-08-03|2025-08-04|2025-08-05|2025-08-06|2025-08-07|2025-08-08|2025-08-09|2025-08-10|2025-08-11|2025-08-12|2025-08-13|2025-08-14|2025-08-15|2025-08-16|2025-08-17|2025-08-18|2025-08-19|2025-08-20|2025-08-21|2025-08-22|2025-08-23|2025-08-24|2025-08-25|2025-08-26|2025-08-27|2025-08-28|2025-08-29|2025-08-30|2025-08-31|2025-09-01,2025-09-02 00:00,2025-09-02 00:00,8.597567102697212e-13,1.1368683772161603e-13,0,True,Optimization terminated successfully. (HiGHS Status 7: Optimal),1294,0.0
2025-09-03,0,0.115623499999856,51633.70391760232,144,40,6626,2025-07-25|2025-07-26|2025-07-27|2025-07-28|2025-07-29|2025-07-30|2025-07-31|2025-08-01|2025-08-02|2025-08-03|2025-08-04|2025-08-05|2025-08-06|2025-08-07|2025-08-08|2025-08-09|2025-08-10|2025-08-11|2025-08-12|2025-08-13|2025-08-14|2025-08-15|2025-08-16|2025-08-17|2025-08-18|2025-08-19|2025-08-20|2025-08-21|2025-08-22|2025-08-23|2025-08-24|2025-08-25|2025-08-26|2025-08-27|2025-08-28|2025-08-29|2025-08-30|2025-08-31|2025-09-01|2025-09-02,2025-09-03 00:00,2025-09-03 00:00,9.094947017729282e-13,1.1368683772161603e-13,0,True,Optimization terminated successfully. (HiGHS Status 7: Optimal),1339,0.0
2025-09-04,0,0.10248212499936926,50451.72049379075,144,40,6626,2025-07-26|2025-07-27|2025-07-28|2025-07-29|2025-07-30|2025-07-31|2025-08-01|2025-08-02|2025-08-03|2025-08-04|2025-08-05|2025-08-06|2025-08-07|2025-08-08|2025-08-09|2025-08-10|2025-08-11|2025-08-12|2025-08-13|2025-08-14|2025-08-15|2025-08-16|2025-08-17|2025-08-18|2025-08-19|2025-08-20|2025-08-21|2025-08-22|2025-08-23|2025-08-24|2025-08-25|2025-08-26|2025-08-27|2025-08-28|2025-08-29|2025-08-30|2025-08-31|2025-09-01|2025-09-02|2025-09-03,2025-09-04 00:00,2025-09-04 00:00,8.384404281969182e-13,5.684341886080802e-14,0,True,Optimization terminated successfully. (HiGHS Status 7: Optimal),1312,0.0
2025-09-05,0,0.09013741700073297,25622.480084826948,144,40,6626,2025-07-27|2025-07-28|2025-07-29|2025-07-30|2025-07-31|2025-08-01|2025-08-02|2025-08-03|2025-08-04|2025-08-05|2025-08-06|2025-08-07|2025-08-08|2025-08-09|2025-08-10|2025-08-11|2025-08-12|2025-08-13|2025-08-14|2025-08-15|2025-08-16|2025-08-17|2025-08-18|2025-08-19|2025-08-20|2025-08-21|2025-08-22|2025-08-23|2025-08-24|2025-08-25|2025-08-26|2025-08-27|2025-08-28|2025-08-29|2025-08-30|2025-08-31|2025-09-01|2025-09-02|2025-09-03|2025-09-04,2025-09-05 00:00,2025-09-05 00:00,7.958078640513122e-13,2.2737367544323206e-13,0,True,Optimization terminated successfully. (HiGHS Status 7: Optimal),969,0.0
2025-09-06,0,0.08349729200017464,25456.96143724983,144,40,6626,2025-07-28|2025-07-29|2025-07-30|2025-07-31|2025-08-01|2025-08-02|2025-08-03|2025-08-04|2025-08-05|2025-08-06|2025-08-07|2025-08-08|2025-08-09|2025-08-10|2025-08-11|2025-08-12|2025-08-13|2025-08-14|2025-08-15|2025-08-16|2025-08-17|2025-08-18|2025-08-19|2025-08-20|2025-08-21|2025-08-22|2025-08-23|2025-08-24|2025-08-25|2025-08-26|2025-08-27|2025-08-28|2025-08-29|2025-08-30|2025-08-31|2025-09-01|2025-09-02|2025-09-03|2025-09-04|2025-09-05,2025-09-06 00:00,2025-09-06 00:00,7.958078640513122e-13,2.2737367544323206e-13,0,True,Optimization terminated successfully. (HiGHS Status 7: Optimal),956,0.0
2025-09-07,0,0.11018104200047674,49273.81892253803,144,40,6626,2025-07-29|2025-07-30|2025-07-31|2025-08-01|2025-08-02|2025-08-03|2025-08-04|2025-08-05|2025-08-06|2025-08-07|2025-08-08|2025-08-09|2025-08-10|2025-08-11|2025-08-12|2025-08-13|2025-08-14|2025-08-15|2025-08-16|2025-08-17|2025-08-18|2025-08-19|2025-08-20|2025-08-21|2025-08-22|2025-08-23|2025-08-24|2025-08-25|2025-08-26|2025-08-27|2025-08-28|2025-08-29|2025-08-30|2025-08-31|2025-09-01|2025-09-02|2025-09-03|2025-09-04|2025-09-05|2025-09-06,2025-09-07 00:00,2025-09-07 00:00,8.100187187665142e-13,1.1368683772161603e-13,0,True,Optimization terminated successfully. (HiGHS Status 7: Optimal),1271,0.0
2025-09-08,0,0.1155107920003502,47747.551738857735,144,40,6626,2025-07-30|2025-07-31|2025-08-01|2025-08-02|2025-08-03|2025-08-04|2025-08-05|2025-08-06|2025-08-07|2025-08-08|2025-08-09|2025-08-10|2025-08-11|2025-08-12|2025-08-13|2025-08-14|2025-08-15|2025-08-16|2025-08-17|2025-08-18|2025-08-19|2025-08-20|2025-08-21|2025-08-22|2025-08-23|2025-08-24|2025-08-25|2025-08-26|2025-08-27|2025-08-28|2025-08-29|2025-08-30|2025-08-31|2025-09-01|2025-09-02|2025-09-03|2025-09-04|2025-09-05|2025-09-06|2025-09-07,2025-09-08 00:00,2025-09-08 00:00,8.242295734817162e-13,1.1368683772161603e-13,0,True,Optimization terminated successfully. (HiGHS Status 7: Optimal),1290,0.0
2025-09-09,0,0.11251641700073378,47633.4849540532,144,40,6626,2025-07-31|2025-08-01|2025-08-02|2025-08-03|2025-08-04|2025-08-05|2025-08-06|2025-08-07|2025-08-08|2025-08-09|2025-08-10|2025-08-11|2025-08-12|2025-08-13|2025-08-14|2025-08-15|2025-08-16|2025-08-17|2025-08-18|2025-08-19|2025-08-20|2025-08-21|2025-08-22|2025-08-23|2025-08-24|2025-08-25|2025-08-26|2025-08-27|2025-08-28|2025-08-29|2025-08-30|2025-08-31|2025-09-01|2025-09-02|2025-09-03|2025-09-04|2025-09-05|2025-09-06|2025-09-07|2025-09-08,2025-09-09 00:00,2025-09-09 00:00,9.094947017729282e-13,1.1368683772161603e-13,0,True,Optimization terminated successfully. (HiGHS Status 7: Optimal),1292,0.0
2025-09-10,0,0.10854516700055683,48761.39109982521,144,40,6626,2025-08-01|2025-08-02|2025-08-03|2025-08-04|2025-08-05|2025-08-06|2025-08-07|2025-08-08|2025-08-09|2025-08-10|2025-08-11|2025-08-12|2025-08-13|2025-08-14|2025-08-15|2025-08-16|2025-08-17|2025-08-18|2025-08-19|2025-08-20|2025-08-21|2025-08-22|2025-08-23|2025-08-24|2025-08-25|2025-08-26|2025-08-27|2025-08-28|2025-08-29|2025-08-30|2025-08-31|2025-09-01|2025-09-02|2025-09-03|2025-09-04|2025-09-05|2025-09-06|2025-09-07|2025-09-08|2025-09-09,2025-09-10 00:00,2025-09-10 00:00,8.242295734817162e-13,5.684341886080802e-14,0,True,Optimization terminated successfully. (HiGHS Status 7: Optimal),1321,0.0
2025-09-11,0,0.10100270899965835,48314.853889874816,144,40,6626,2025-08-02|2025-08-03|2025-08-04|2025-08-05|2025-08-06|2025-08-07|2025-08-08|2025-08-09|2025-08-10|2025-08-11|2025-08-12|2025-08-13|2025-08-14|2025-08-15|2025-08-16|2025-08-17|2025-08-18|2025-08-19|2025-08-20|2025-08-21|2025-08-22|2025-08-23|2025-08-24|2025-08-25|2025-08-26|2025-08-27|2025-08-28|2025-08-29|2025-08-30|2025-08-31|2025-09-01|2025-09-02|2025-09-03|2025-09-04|2025-09-05|2025-09-06|2025-09-07|2025-09-08|2025-09-09|2025-09-10,2025-09-11 00:00,2025-09-11 00:00,8.384404281969182e-13,1.1368683772161603e-13,0,True,Optimization terminated successfully. (HiGHS Status 7: Optimal),1307,0.0
2025-09-12,0,0.0835040410001966,23714.031274022374,144,40,6626,2025-08-03|2025-08-04|2025-08-05|2025-08-06|2025-08-07|2025-08-08|2025-08-09|2025-08-10|2025-08-11|2025-08-12|2025-08-13|2025-08-14|2025-08-15|2025-08-16|2025-08-17|2025-08-18|2025-08-19|2025-08-20|2025-08-21|2025-08-22|2025-08-23|2025-08-24|2025-08-25|2025-08-26|2025-08-27|2025-08-28|2025-08-29|2025-08-30|2025-08-31|2025-09-01|2025-09-02|2025-09-03|2025-09-04|2025-09-05|2025-09-06|2025-09-07|2025-09-08|2025-09-09|2025-09-10|2025-09-11,2025-09-12 00:00,2025-09-12 00:00,9.094947017729282e-13,5.684341886080802e-14,0,True,Optimization terminated successfully. (HiGHS Status 7: Optimal),961,0.0
2025-09-13,0,0.08305670799927611,23580.895195075744,144,40,6626,2025-08-04|2025-08-05|2025-08-06|2025-08-07|2025-08-08|2025-08-09|2025-08-10|2025-08-11|2025-08-12|2025-08-13|2025-08-14|2025-08-15|2025-08-16|2025-08-17|2025-08-18|2025-08-19|2025-08-20|2025-08-21|2025-08-22|2025-08-23|2025-08-24|2025-08-25|2025-08-26|2025-08-27|2025-08-28|2025-08-29|2025-08-30|2025-08-31|2025-09-01|2025-09-02|2025-09-03|2025-09-04|2025-09-05|2025-09-06|2025-09-07|2025-09-08|2025-09-09|2025-09-10|2025-09-11|2025-09-12,2025-09-13 00:00,2025-09-13 00:00,7.815970093361102e-13,5.684341886080802e-14,0,True,Optimization terminated successfully. (HiGHS Status 7: Optimal),953,0.0
2025-09-14,0,0.10906091700053366,47279.47847804884,144,40,6626,2025-08-05|2025-08-06|2025-08-07|2025-08-08|2025-08-09|2025-08-10|2025-08-11|2025-08-12|2025-08-13|2025-08-14|2025-08-15|2025-08-16|2025-08-17|2025-08-18|2025-08-19|2025-08-20|2025-08-21|2025-08-22|2025-08-23|2025-08-24|2025-08-25|2025-08-26|2025-08-27|2025-08-28|2025-08-29|2025-08-30|2025-08-31|2025-09-01|2025-09-02|2025-09-03|2025-09-04|2025-09-05|2025-09-06|2025-09-07|2025-09-08|2025-09-09|2025-09-10|2025-09-11|2025-09-12|2025-09-13,2025-09-14 00:00,2025-09-14 00:00,8.810729923425242e-13,1.1368683772161603e-13,0,True,Optimization terminated successfully. (HiGHS Status 7: Optimal),1293,0.0
2025-09-15,0,0.11824595899997803,46744.3624154884,144,40,6626,2025-08-06|2025-08-07|2025-08-08|2025-08-09|2025-08-10|2025-08-11|2025-08-12|2025-08-13|2025-08-14|2025-08-15|2025-08-16|2025-08-17|2025-08-18|2025-08-19|2025-08-20|2025-08-21|2025-08-22|2025-08-23|2025-08-24|2025-08-25|2025-08-26|2025-08-27|2025-08-28|2025-08-29|2025-08-30|2025-08-31|2025-09-01|2025-09-02|2025-09-03|2025-09-04|2025-09-05|2025-09-06|2025-09-07|2025-09-08|2025-09-09|2025-09-10|2025-09-11|2025-09-12|2025-09-13|2025-09-14,2025-09-15 00:00,2025-09-15 00:00,8.881784197001252e-13,1.1368683772161603e-13,0,True,Optimization terminated successfully. (HiGHS Status 7: Optimal),1321,0.0
2025-09-16,0,0.16295616700153914,45321.95946058151,144,40,6626,2025-08-07|2025-08-08|2025-08-09|2025-08-10|2025-08-11|2025-08-12|2025-08-13|2025-08-14|2025-08-15|2025-08-16|2025-08-17|2025-08-18|2025-08-19|2025-08-20|2025-08-21|2025-08-22|2025-08-23|2025-08-24|2025-08-25|2025-08-26|2025-08-27|2025-08-28|2025-08-29|2025-08-30|2025-08-31|2025-09-01|2025-09-02|2025-09-03|2025-09-04|2025-09-05|2025-09-06|2025-09-07|2025-09-08|2025-09-09|2025-09-10|2025-09-11|2025-09-12|2025-09-13|2025-09-14|2025-09-15,2025-09-16 00:00,2025-09-16 00:00,8.668621376273222e-13,1.1368683772161603e-13,0,True,Optimization terminated successfully. (HiGHS Status 7: Optimal),1295,0.0
2025-09-17,0,0.15706958400005533,48145.59797392384,144,40,6626,2025-08-08|2025-08-09|2025-08-10|2025-08-11|2025-08-12|2025-08-13|2025-08-14|2025-08-15|2025-08-16|2025-08-17|2025-08-18|2025-08-19|2025-08-20|2025-08-21|2025-08-22|2025-08-23|2025-08-24|2025-08-25|2025-08-26|2025-08-27|2025-08-28|2025-08-29|2025-08-30|2025-08-31|2025-09-01|2025-09-02|2025-09-03|2025-09-04|2025-09-05|2025-09-06|2025-09-07|2025-09-08|2025-09-09|2025-09-10|2025-09-11|2025-09-12|2025-09-13|2025-09-14|2025-09-15|2025-09-16,2025-09-17 00:00,2025-09-17 00:00,9.094947017729282e-13,1.1368683772161603e-13,0,True,Optimization terminated successfully. (HiGHS Status 7: Optimal),1351,0.0
2025-09-18,0,0.153739666000547,46322.09199321571,144,40,6626,2025-08-09|2025-08-10|2025-08-11|2025-08-12|2025-08-13|2025-08-14|2025-08-15|2025-08-16|2025-08-17|2025-08-18|2025-08-19|2025-08-20|2025-08-21|2025-08-22|2025-08-23|2025-08-24|2025-08-25|2025-08-26|2025-08-27|2025-08-28|2025-08-29|2025-08-30|2025-08-31|2025-09-01|2025-09-02|2025-09-03|2025-09-04|2025-09-05|2025-09-06|2025-09-07|2025-09-08|2025-09-09|2025-09-10|2025-09-11|2025-09-12|2025-09-13|2025-09-14|2025-09-15|2025-09-16|2025-09-17,2025-09-18 00:00,2025-09-18 00:00,9.094947017729282e-13,1.1368683772161603e-13,0,True,Optimization terminated successfully. (HiGHS Status 7: Optimal),1324,0.0
2025-09-19,0,0.12975991600069392,22191.57365518527,144,40,6626,2025-08-10|2025-08-11|2025-08-12|2025-08-13|2025-08-14|2025-08-15|2025-08-16|2025-08-17|2025-08-18|2025-08-19|2025-08-20|2025-08-21|2025-08-22|2025-08-23|2025-08-24|2025-08-25|2025-08-26|2025-08-27|2025-08-28|2025-08-29|2025-08-30|2025-08-31|2025-09-01|2025-09-02|2025-09-03|2025-09-04|2025-09-05|2025-09-06|2025-09-07|2025-09-08|2025-09-09|2025-09-10|2025-09-11|2025-09-12|2025-09-13|2025-09-14|2025-09-15|2025-09-16|2025-09-17|2025-09-18,2025-09-19 00:00,2025-09-19 00:00,7.958078640513122e-13,2.2737367544323206e-13,0,True,Optimization terminated successfully. (HiGHS Status 7: Optimal),962,0.0
2025-09-20,0,0.12908962499932386,22098.72833068023,144,40,6626,2025-08-11|2025-08-12|2025-08-13|2025-08-14|2025-08-15|2025-08-16|2025-08-17|2025-08-18|2025-08-19|2025-08-20|2025-08-21|2025-08-22|2025-08-23|2025-08-24|2025-08-25|2025-08-26|2025-08-27|2025-08-28|2025-08-29|2025-08-30|2025-08-31|2025-09-01|2025-09-02|2025-09-03|2025-09-04|2025-09-05|2025-09-06|2025-09-07|2025-09-08|2025-09-09|2025-09-10|2025-09-11|2025-09-12|2025-09-13|2025-09-14|2025-09-15|2025-09-16|2025-09-17|2025-09-18|2025-09-19,2025-09-20 00:00,2025-09-20 00:00,9.023892744153272e-13,5.684341886080802e-14,0,True,Optimization terminated successfully. (HiGHS Status 7: Optimal),956,0.0
2025-09-21,0,0.11873683300109406,46842.334079396554,144,40,6626,2025-08-12|2025-08-13|2025-08-14|2025-08-15|2025-08-16|2025-08-17|2025-08-18|2025-08-19|2025-08-20|2025-08-21|2025-08-22|2025-08-23|2025-08-24|2025-08-25|2025-08-26|2025-08-27|2025-08-28|2025-08-29|2025-08-30|2025-08-31|2025-09-01|2025-09-02|2025-09-03|2025-09-04|2025-09-05|2025-09-06|2025-09-07|2025-09-08|2025-09-09|2025-09-10|2025-09-11|2025-09-12|2025-09-13|2025-09-14|2025-09-15|2025-09-16|2025-09-17|2025-09-18|2025-09-19|2025-09-20,2025-09-21 00:00,2025-09-21 00:00,7.958078640513122e-13,1.1368683772161603e-13,0,True,Optimization terminated successfully. (HiGHS Status 7: Optimal),1351,0.0
2025-09-22,0,0.11986124999930325,45344.11135875146,144,40,6626,2025-08-13|2025-08-14|2025-08-15|2025-08-16|2025-08-17|2025-08-18|2025-08-19|2025-08-20|2025-08-21|2025-08-22|2025-08-23|2025-08-24|2025-08-25|2025-08-26|2025-08-27|2025-08-28|2025-08-29|2025-08-30|2025-08-31|2025-09-01|2025-09-02|2025-09-03|2025-09-04|2025-09-05|2025-09-06|2025-09-07|2025-09-08|2025-09-09|2025-09-10|2025-09-11|2025-09-12|2025-09-13|2025-09-14|2025-09-15|2025-09-16|2025-09-17|2025-09-18|2025-09-19|2025-09-20|2025-09-21,2025-09-22 00:00,2025-09-22 00:00,9.094947017729282e-13,1.1368683772161603e-13,0,True,Optimization terminated successfully. (HiGHS Status 7: Optimal),1341,0.0
2025-09-23,0,0.1269888329989044,44568.02689804266,144,40,6626,2025-08-14|2025-08-15|2025-08-16|2025-08-17|2025-08-18|2025-08-19|2025-08-20|2025-08-21|2025-08-22|2025-08-23|2025-08-24|2025-08-25|2025-08-26|2025-08-27|2025-08-28|2025-08-29|2025-08-30|2025-08-31|2025-09-01|2025-09-02|2025-09-03|2025-09-04|2025-09-05|2025-09-06|2025-09-07|2025-09-08|2025-09-09|2025-09-10|2025-09-11|2025-09-12|2025-09-13|2025-09-14|2025-09-15|2025-09-16|2025-09-17|2025-09-18|2025-09-19|2025-09-20|2025-09-21|2025-09-22,2025-09-23 00:00,2025-09-23 00:00,9.094947017729282e-13,1.1368683772161603e-13,0,True,Optimization terminated successfully. (HiGHS Status 7: Optimal),1326,0.0
2025-09-24,0,0.13722799999959534,46612.89513979091,144,40,6626,2025-08-15|2025-08-16|2025-08-17|2025-08-18|2025-08-19|2025-08-20|2025-08-21|2025-08-22|2025-08-23|2025-08-24|2025-08-25|2025-08-26|2025-08-27|2025-08-28|2025-08-29|2025-08-30|2025-08-31|2025-09-01|2025-09-02|2025-09-03|2025-09-04|2025-09-05|2025-09-06|2025-09-07|2025-09-08|2025-09-09|2025-09-10|2025-09-11|2025-09-12|2025-09-13|2025-09-14|2025-09-15|2025-09-16|2025-09-17|2025-09-18|2025-09-19|2025-09-20|2025-09-21|2025-09-22|2025-09-23,2025-09-24 00:00,2025-09-24 00:00,8.100187187665142e-13,1.1368683772161603e-13,0,True,Optimization terminated successfully. (HiGHS Status 7: Optimal),1360,0.0
2025-09-25,0,0.1491830420000042,45575.013682316836,144,40,6626,2025-08-16|2025-08-17|2025-08-18|2025-08-19|2025-08-20|2025-08-21|2025-08-22|2025-08-23|2025-08-24|2025-08-25|2025-08-26|2025-08-27|2025-08-28|2025-08-29|2025-08-30|2025-08-31|2025-09-01|2025-09-02|2025-09-03|2025-09-04|2025-09-05|2025-09-06|2025-09-07|2025-09-08|2025-09-09|2025-09-10|2025-09-11|2025-09-12|2025-09-13|2025-09-14|2025-09-15|2025-09-16|2025-09-17|2025-09-18|2025-09-19|2025-09-20|2025-09-21|2025-09-22|2025-09-23|2025-09-24,2025-09-25 00:00,2025-09-25 00:00,8.810729923425242e-13,1.1368683772161603e-13,0,True,Optimization terminated successfully. (HiGHS Status 7: Optimal),1350,0.0
2025-09-26,0,0.09630699999979697,20592.00390645748,144,40,6626,2025-08-17|2025-08-18|2025-08-19|2025-08-20|2025-08-21|2025-08-22|2025-08-23|2025-08-24|2025-08-25|2025-08-26|2025-08-27|2025-08-28|2025-08-29|2025-08-30|2025-08-31|2025-09-01|2025-09-02|2025-09-03|2025-09-04|2025-09-05|2025-09-06|2025-09-07|2025-09-08|2025-09-09|2025-09-10|2025-09-11|2025-09-12|2025-09-13|2025-09-14|2025-09-15|2025-09-16|2025-09-17|2025-09-18|2025-09-19|2025-09-20|2025-09-21|2025-09-22|2025-09-23|2025-09-24|2025-09-25,2025-09-26 00:00,2025-09-26 00:00,9.094947017729282e-13,5.684341886080802e-14,0,True,Optimization terminated successfully. (HiGHS Status 7: Optimal),966,0.0
2025-09-27,0,0.11163620799925411,20596.693359089575,144,40,6626,2025-08-18|2025-08-19|2025-08-20|2025-08-21|2025-08-22|2025-08-23|2025-08-24|2025-08-25|2025-08-26|2025-08-27|2025-08-28|2025-08-29|2025-08-30|2025-08-31|2025-09-01|2025-09-02|2025-09-03|2025-09-04|2025-09-05|2025-09-06|2025-09-07|2025-09-08|2025-09-09|2025-09-10|2025-09-11|2025-09-12|2025-09-13|2025-09-14|2025-09-15|2025-09-16|2025-09-17|2025-09-18|2025-09-19|2025-09-20|2025-09-21|2025-09-22|2025-09-23|2025-09-24|2025-09-25|2025-09-26,2025-09-27 00:00,2025-09-27 00:00,9.094947017729282e-13,0.0,0,True,Optimization terminated successfully. (HiGHS Status 7: Optimal),963,0.0
2025-09-28,0,0.124786625001434,46081.27571407788,144,40,6626,2025-08-19|2025-08-20|2025-08-21|2025-08-22|2025-08-23|2025-08-24|2025-08-25|2025-08-26|2025-08-27|2025-08-28|2025-08-29|2025-08-30|2025-08-31|2025-09-01|2025-09-02|2025-09-03|2025-09-04|2025-09-05|2025-09-06|2025-09-07|2025-09-08|2025-09-09|2025-09-10|2025-09-11|2025-09-12|2025-09-13|2025-09-14|2025-09-15|2025-09-16|2025-09-17|2025-09-18|2025-09-19|2025-09-20|2025-09-21|2025-09-22|2025-09-23|2025-09-24|2025-09-25|2025-09-26|2025-09-27,2025-09-28 00:00,2025-09-28 00:00,8.668621376273222e-13,1.1368683772161603e-13,0,True,Optimization terminated successfully. (HiGHS Status 7: Optimal),1349,0.0
2025-09-29,0,0.12375616600002104,44048.0727925786,144,40,6626,2025-08-20|2025-08-21|2025-08-22|2025-08-23|2025-08-24|2025-08-25|2025-08-26|2025-08-27|2025-08-28|2025-08-29|2025-08-30|2025-08-31|2025-09-01|2025-09-02|2025-09-03|2025-09-04|2025-09-05|2025-09-06|2025-09-07|2025-09-08|2025-09-09|2025-09-10|2025-09-11|2025-09-12|2025-09-13|2025-09-14|2025-09-15|2025-09-16|2025-09-17|2025-09-18|2025-09-19|2025-09-20|2025-09-21|2025-09-22|2025-09-23|2025-09-24|2025-09-25|2025-09-26|2025-09-27|2025-09-28,2025-09-29 00:00,2025-09-29 00:00,8.810729923425242e-13,1.1368683772161603e-13,0,True,Optimization terminated successfully. (HiGHS Status 7: Optimal),1349,0.0
2025-09-30,0,0.12437820800005284,44434.73704483007,144,40,6626,2025-08-21|2025-08-22|2025-08-23|2025-08-24|2025-08-25|2025-08-26|2025-08-27|2025-08-28|2025-08-29|2025-08-30|2025-08-31|2025-09-01|2025-09-02|2025-09-03|2025-09-04|2025-09-05|2025-09-06|2025-09-07|2025-09-08|2025-09-09|2025-09-10|2025-09-11|2025-09-12|2025-09-13|2025-09-14|2025-09-15|2025-09-16|2025-09-17|2025-09-18|2025-09-19|2025-09-20|2025-09-21|2025-09-22|2025-09-23|2025-09-24|2025-09-25|2025-09-26|2025-09-27|2025-09-28|2025-09-29,2025-09-30 00:00,2025-09-30 00:00,8.810729923425242e-13,1.1368683772161603e-13,0,True,Optimization terminated successfully. (HiGHS Status 7: Optimal),1352,0.0
2025-10-01,0,0.117770417000429,45947.57749940918,144,40,6626,2025-08-22|2025-08-23|2025-08-24|2025-08-25|2025-08-26|2025-08-27|2025-08-28|2025-08-29|2025-08-30|2025-08-31|2025-09-01|2025-09-02|2025-09-03|2025-09-04|2025-09-05|2025-09-06|2025-09-07|2025-09-08|2025-09-09|2025-09-10|2025-09-11|2025-09-12|2025-09-13|2025-09-14|2025-09-15|2025-09-16|2025-09-17|2025-09-18|2025-09-19|2025-09-20|2025-09-21|2025-09-22|2025-09-23|2025-09-24|2025-09-25|2025-09-26|2025-09-27|2025-09-28|2025-09-29|2025-09-30,2025-10-01 00:00,2025-10-01 00:00,9.094947017729282e-13,1.1368683772161603e-13,0,True,Optimization terminated successfully. (HiGHS Status 7: Optimal),1363,0.0
2025-10-02,0,0.3438236669990147,44305.9985234749,144,40,6626,2025-08-23|2025-08-24|2025-08-25|2025-08-26|2025-08-27|2025-08-28|2025-08-29|2025-08-30|2025-08-31|2025-09-01|2025-09-02|2025-09-03|2025-09-04|2025-09-05|2025-09-06|2025-09-07|2025-09-08|2025-09-09|2025-09-10|2025-09-11|2025-09-12|2025-09-13|2025-09-14|2025-09-15|2025-09-16|2025-09-17|2025-09-18|2025-09-19|2025-09-20|2025-09-21|2025-09-22|2025-09-23|2025-09-24|2025-09-25|2025-09-26|2025-09-27|2025-09-28|2025-09-29|2025-09-30|2025-10-01,2025-10-02 00:00,2025-10-02 00:00,9.094947017729282e-13,1.1368683772161603e-13,0,True,Optimization terminated successfully. (HiGHS Status 7: Optimal),1352,0.0
2025-10-03,0,0.10905400000046939,18837.106240272056,144,40,6626,2025-08-24|2025-08-25|2025-08-26|2025-08-27|2025-08-28|2025-08-29|2025-08-30|2025-08-31|2025-09-01|2025-09-02|2025-09-03|2025-09-04|2025-09-05|2025-09-06|2025-09-07|2025-09-08|2025-09-09|2025-09-10|2025-09-11|2025-09-12|2025-09-13|2025-09-14|2025-09-15|2025-09-16|2025-09-17|2025-09-18|2025-09-19|2025-09-20|2025-09-21|2025-09-22|2025-09-23|2025-09-24|2025-09-25|2025-09-26|2025-09-27|2025-09-28|2025-09-29|2025-09-30|2025-10-01|2025-10-02,2025-10-03 00:00,2025-10-03 00:00,9.094947017729282e-13,5.684341886080802e-14,0,True,Optimization terminated successfully. (HiGHS Status 7: Optimal),972,0.0
2025-10-04,0,0.09525791699888941,19227.197392740338,144,40,6626,2025-08-25|2025-08-26|2025-08-27|2025-08-28|2025-08-29|2025-08-30|2025-08-31|2025-09-01|2025-09-02|2025-09-03|2025-09-04|2025-09-05|2025-09-06|2025-09-07|2025-09-08|2025-09-09|2025-09-10|2025-09-11|2025-09-12|2025-09-13|2025-09-14|2025-09-15|2025-09-16|2025-09-17|2025-09-18|2025-09-19|2025-09-20|2025-09-21|2025-09-22|2025-09-23|2025-09-24|2025-09-25|2025-09-26|2025-09-27|2025-09-28|2025-09-29|2025-09-30|2025-10-01|2025-10-02|2025-10-03,2025-10-04 00:00,2025-10-04 00:00,8.526512829121202e-13,2.2737367544323206e-13,0,True,Optimization terminated successfully. (HiGHS Status 7: Optimal),983,0.0
2025-10-05,0,0.11312550000002375,45246.46554360134,144,40,6626,2025-08-26|2025-08-27|2025-08-28|2025-08-29|2025-08-30|2025-08-31|2025-09-01|2025-09-02|2025-09-03|2025-09-04|2025-09-05|2025-09-06|2025-09-07|2025-09-08|2025-09-09|2025-09-10|2025-09-11|2025-09-12|2025-09-13|2025-09-14|2025-09-15|2025-09-16|2025-09-17|2025-09-18|2025-09-19|2025-09-20|2025-09-21|2025-09-22|2025-09-23|2025-09-24|2025-09-25|2025-09-26|2025-09-27|2025-09-28|2025-09-29|2025-09-30|2025-10-01|2025-10-02|2025-10-03|2025-10-04,2025-10-05 00:00,2025-10-05 00:00,1.0231815394945443e-12,1.1368683772161603e-13,0,True,Optimization terminated successfully. (HiGHS Status 7: Optimal),1356,0.0
2025-10-06,0,0.11722804199962411,45619.08676721372,144,40,6626,2025-08-27|2025-08-28|2025-08-29|2025-08-30|2025-08-31|2025-09-01|2025-09-02|2025-09-03|2025-09-04|2025-09-05|2025-09-06|2025-09-07|2025-09-08|2025-09-09|2025-09-10|2025-09-11|2025-09-12|2025-09-13|2025-09-14|2025-09-15|2025-09-16|2025-09-17|2025-09-18|2025-09-19|2025-09-20|2025-09-21|2025-09-22|2025-09-23|2025-09-24|2025-09-25|2025-09-26|2025-09-27|2025-09-28|2025-09-29|2025-09-30|2025-10-01|2025-10-02|2025-10-03|2025-10-04|2025-10-05,2025-10-06 00:00,2025-10-06 00:00,8.753830993413203e-13,1.1368683772161603e-13,0,True,Optimization terminated successfully. (HiGHS Status 7: Optimal),1358,0.0
2025-10-07,0,0.11419249999926251,46002.31143232188,144,40,6626,2025-08-28|2025-08-29|2025-08-30|2025-08-31|2025-09-01|2025-09-02|2025-09-03|2025-09-04|2025-09-05|2025-09-06|2025-09-07|2025-09-08|2025-09-09|2025-09-10|2025-09-11|2025-09-12|2025-09-13|2025-09-14|2025-09-15|2025-09-16|2025-09-17|2025-09-18|2025-09-19|2025-09-20|2025-09-21|2025-09-22|2025-09-23|2025-09-24|2025-09-25|2025-09-26|2025-09-27|2025-09-28|2025-09-29|2025-09-30|2025-10-01|2025-10-02|2025-10-03|2025-10-04|2025-10-05|2025-10-06,2025-10-07 00:00,2025-10-07 00:00,1.0231815394945443e-12,2.2737367544323206e-13,0,True,Optimization terminated successfully. (HiGHS Status 7: Optimal),1361,2.2737367544323206e-13
2025-10-08,0,0.1148148329994001,43998.04423710385,144,40,6626,2025-08-29|2025-08-30|2025-08-31|2025-09-01|2025-09-02|2025-09-03|2025-09-04|2025-09-05|2025-09-06|2025-09-07|2025-09-08|2025-09-09|2025-09-10|2025-09-11|2025-09-12|2025-09-13|2025-09-14|2025-09-15|2025-09-16|2025-09-17|2025-09-18|2025-09-19|2025-09-20|2025-09-21|2025-09-22|2025-09-23|2025-09-24|2025-09-25|2025-09-26|2025-09-27|2025-09-28|2025-09-29|2025-09-30|2025-10-01|2025-10-02|2025-10-03|2025-10-04|2025-10-05|2025-10-06|2025-10-07,2025-10-08 00:00,2025-10-08 00:00,9.094947017729282e-13,1.1368683772161603e-13,0,True,Optimization terminated successfully. (HiGHS Status 7: Optimal),1362,0.0
2025-10-09,0,0.12124091700025019,42911.958754645566,144,40,6626,2025-08-30|2025-08-31|2025-09-01|2025-09-02|2025-09-03|2025-09-04|2025-09-05|2025-09-06|2025-09-07|2025-09-08|2025-09-09|2025-09-10|2025-09-11|2025-09-12|2025-09-13|2025-09-14|2025-09-15|2025-09-16|2025-09-17|2025-09-18|2025-09-19|2025-09-20|2025-09-21|2025-09-22|2025-09-23|2025-09-24|2025-09-25|2025-09-26|2025-09-27|2025-09-28|2025-09-29|2025-09-30|2025-10-01|2025-10-02|2025-10-03|2025-10-04|2025-10-05|2025-10-06|2025-10-07|2025-10-08,2025-10-09 00:00,2025-10-09 00:00,9.094947017729282e-13,1.1368683772161603e-13,0,True,Optimization terminated successfully. (HiGHS Status 7: Optimal),1355,0.0
2025-10-10,0,0.08687558299970988,17677.416093802593,144,40,6626,2025-08-31|2025-09-01|2025-09-02|2025-09-03|2025-09-04|2025-09-05|2025-09-06|2025-09-07|2025-09-08|2025-09-09|2025-09-10|2025-09-11|2025-09-12|2025-09-13|2025-09-14|2025-09-15|2025-09-16|2025-09-17|2025-09-18|2025-09-19|2025-09-20|2025-09-21|2025-09-22|2025-09-23|2025-09-24|2025-09-25|2025-09-26|2025-09-27|2025-09-28|2025-09-29|2025-09-30|2025-10-01|2025-10-02|2025-10-03|2025-10-04|2025-10-05|2025-10-06|2025-10-07|2025-10-08|2025-10-09,2025-10-10 00:00,2025-10-10 00:00,7.744915819785092e-13,1.1368683772161603e-13,0,True,Optimization terminated successfully. (HiGHS Status 7: Optimal),955,0.0
2025-10-11,0,0.09204220900028304,18307.392512861385,144,40,6626,2025-09-01|2025-09-02|2025-09-03|2025-09-04|2025-09-05|2025-09-06|2025-09-07|2025-09-08|2025-09-09|2025-09-10|2025-09-11|2025-09-12|2025-09-13|2025-09-14|2025-09-15|2025-09-16|2025-09-17|2025-09-18|2025-09-19|2025-09-20|2025-09-21|2025-09-22|2025-09-23|2025-09-24|2025-09-25|2025-09-26|2025-09-27|2025-09-28|2025-09-29|2025-09-30|2025-10-01|2025-10-02|2025-10-03|2025-10-04|2025-10-05|2025-10-06|2025-10-07|2025-10-08|2025-10-09|2025-10-10,2025-10-11 00:00,2025-10-11 00:00,8.242295734817162e-13,1.1368683772161603e-13,0,True,Optimization terminated successfully. (HiGHS Status 7: Optimal),971,0.0
2025-10-12,0,0.1206951250005659,44254.539918598864,144,40,6626,2025-09-02|2025-09-03|2025-09-04|2025-09-05|2025-09-06|2025-09-07|2025-09-08|2025-09-09|2025-09-10|2025-09-11|2025-09-12|2025-09-13|2025-09-14|2025-09-15|2025-09-16|2025-09-17|2025-09-18|2025-09-19|2025-09-20|2025-09-21|2025-09-22|2025-09-23|2025-09-24|2025-09-25|2025-09-26|2025-09-27|2025-09-28|2025-09-29|2025-09-30|2025-10-01|2025-10-02|2025-10-03|2025-10-04|2025-10-05|2025-10-06|2025-10-07|2025-10-08|2025-10-09|2025-10-10|2025-10-11,2025-10-12 00:00,2025-10-12 00:00,7.958078640513122e-13,2.2737367544323206e-13,0,True,Optimization terminated successfully. (HiGHS Status 7: Optimal),1363,0.0
2025-10-13,0,0.12241283399998792,44501.733236391505,144,40,6626,2025-09-03|2025-09-04|2025-09-05|2025-09-06|2025-09-07|2025-09-08|2025-09-09|2025-09-10|2025-09-11|2025-09-12|2025-09-13|2025-09-14|2025-09-15|2025-09-16|2025-09-17|2025-09-18|2025-09-19|2025-09-20|2025-09-21|2025-09-22|2025-09-23|2025-09-24|2025-09-25|2025-09-26|2025-09-27|2025-09-28|2025-09-29|2025-09-30|2025-10-01|2025-10-02|2025-10-03|2025-10-04|2025-10-05|2025-10-06|2025-10-07|2025-10-08|2025-10-09|2025-10-10|2025-10-11|2025-10-12,2025-10-13 00:00,2025-10-13 00:00,9.094947017729282e-13,1.1368683772161603e-13,0,True,Optimization terminated successfully. (HiGHS Status 7: Optimal),1356,0.0
2025-10-14,0,0.1237146669991489,45928.2238427214,144,40,6626,2025-09-04|2025-09-05|2025-09-06|2025-09-07|2025-09-08|2025-09-09|2025-09-10|2025-09-11|2025-09-12|2025-09-13|2025-09-14|2025-09-15|2025-09-16|2025-09-17|2025-09-18|2025-09-19|2025-09-20|2025-09-21|2025-09-22|2025-09-23|2025-09-24|2025-09-25|2025-09-26|2025-09-27|2025-09-28|2025-09-29|2025-09-30|2025-10-01|2025-10-02|2025-10-03|2025-10-04|2025-10-05|2025-10-06|2025-10-07|2025-10-08|2025-10-09|2025-10-10|2025-10-11|2025-10-12|2025-10-13,2025-10-14 00:00,2025-10-14 00:00,9.094947017729282e-13,1.1368683772161603e-13,0,True,Optimization terminated successfully. (HiGHS Status 7: Optimal),1362,0.0
2025-10-15,0,0.12610995899922273,42718.040814260574,144,40,6626,2025-09-05|2025-09-06|2025-09-07|2025-09-08|2025-09-09|2025-09-10|2025-09-11|2025-09-12|2025-09-13|2025-09-14|2025-09-15|2025-09-16|2025-09-17|2025-09-18|2025-09-19|2025-09-20|2025-09-21|2025-09-22|2025-09-23|2025-09-24|2025-09-25|2025-09-26|2025-09-27|2025-09-28|2025-09-29|2025-09-30|2025-10-01|2025-10-02|2025-10-03|2025-10-04|2025-10-05|2025-10-06|2025-10-07|2025-10-08|2025-10-09|2025-10-10|2025-10-11|2025-10-12|2025-10-13|2025-10-14,2025-10-15 00:00,2025-10-15 00:00,9.094947017729282e-13,1.1368683772161603e-13,0,True,Optimization terminated successfully. (HiGHS Status 7: Optimal),1348,0.0
2025-10-16,0,0.1272314580000966,43071.93646108835,144,40,6626,2025-09-06|2025-09-07|2025-09-08|2025-09-09|2025-09-10|2025-09-11|2025-09-12|2025-09-13|2025-09-14|2025-09-15|2025-09-16|2025-09-17|2025-09-18|2025-09-19|2025-09-20|2025-09-21|2025-09-22|2025-09-23|2025-09-24|2025-09-25|2025-09-26|2025-09-27|2025-09-28|2025-09-29|2025-09-30|2025-10-01|2025-10-02|2025-10-03|2025-10-04|2025-10-05|2025-10-06|2025-10-07|2025-10-08|2025-10-09|2025-10-10|2025-10-11|2025-10-12|2025-10-13|2025-10-14|2025-10-15,2025-10-16 00:00,2025-10-16 00:00,8.242295734817162e-13,1.1368683772161603e-13,0,True,Optimization terminated successfully. (HiGHS Status 7: Optimal),1354,0.0
2025-10-17,0,0.10403087499980757,17588.511858451344,144,40,6626,2025-09-07|2025-09-08|2025-09-09|2025-09-10|2025-09-11|2025-09-12|2025-09-13|2025-09-14|2025-09-15|2025-09-16|2025-09-17|2025-09-18|2025-09-19|2025-09-20|2025-09-21|2025-09-22|2025-09-23|2025-09-24|2025-09-25|2025-09-26|2025-09-27|2025-09-28|2025-09-29|2025-09-30|2025-10-01|2025-10-02|2025-10-03|2025-10-04|2025-10-05|2025-10-06|2025-10-07|2025-10-08|2025-10-09|2025-10-10|2025-10-11|2025-10-12|2025-10-13|2025-10-14|2025-10-15|2025-10-16,2025-10-17 00:00,2025-10-17 00:00,8.242295734817162e-13,2.2737367544323206e-13,0,True,Optimization terminated successfully. (HiGHS Status 7: Optimal),953,0.0
2025-10-18,0,0.09902141700149514,18348.428219306024,144,40,6626,2025-09-08|2025-09-09|2025-09-10|2025-09-11|2025-09-12|2025-09-13|2025-09-14|2025-09-15|2025-09-16|2025-09-17|2025-09-18|2025-09-19|2025-09-20|2025-09-21|2025-09-22|2025-09-23|2025-09-24|2025-09-25|2025-09-26|2025-09-27|2025-09-28|2025-09-29|2025-09-30|2025-10-01|2025-10-02|2025-10-03|2025-10-04|2025-10-05|2025-10-06|2025-10-07|2025-10-08|2025-10-09|2025-10-10|2025-10-11|2025-10-12|2025-10-13|2025-10-14|2025-10-15|2025-10-16|2025-10-17,2025-10-18 00:00,2025-10-18 00:00,9.094947017729282e-13,2.2737367544323206e-13,0,True,Optimization terminated successfully. (HiGHS Status 7: Optimal),989,0.0
2025-10-19,0,0.12635095800033014,44459.04166728823,144,40,6626,2025-09-09|2025-09-10|2025-09-11|2025-09-12|2025-09-13|2025-09-14|2025-09-15|2025-09-16|2025-09-17|2025-09-18|2025-09-19|2025-09-20|2025-09-21|2025-09-22|2025-09-23|2025-09-24|2025-09-25|2025-09-26|2025-09-27|2025-09-28|2025-09-29|2025-09-30|2025-10-01|2025-10-02|2025-10-03|2025-10-04|2025-10-05|2025-10-06|2025-10-07|2025-10-08|2025-10-09|2025-10-10|2025-10-11|2025-10-12|2025-10-13|2025-10-14|2025-10-15|2025-10-16|2025-10-17|2025-10-18,2025-10-19 00:00,2025-10-19 00:00,8.668621376273222e-13,1.1368683772161603e-13,0,True,Optimization terminated successfully. (HiGHS Status 7: Optimal),1359,0.0
2025-10-20,0,0.12059562500144239,45438.51040808842,144,40,6626,2025-09-10|2025-09-11|2025-09-12|2025-09-13|2025-09-14|2025-09-15|2025-09-16|2025-09-17|2025-09-18|2025-09-19|2025-09-20|2025-09-21|2025-09-22|2025-09-23|2025-09-24|2025-09-25|2025-09-26|2025-09-27|2025-09-28|2025-09-29|2025-09-30|2025-10-01|2025-10-02|2025-10-03|2025-10-04|2025-10-05|2025-10-06|2025-10-07|2025-10-08|2025-10-09|2025-10-10|2025-10-11|2025-10-12|2025-10-13|2025-10-14|2025-10-15|2025-10-16|2025-10-17|2025-10-18|2025-10-19,2025-10-20 00:00,2025-10-20 00:00,8.242295734817162e-13,1.1368683772161603e-13,0,True,Optimization terminated successfully. (HiGHS Status 7: Optimal),1361,0.0
2025-10-21,0,0.12269458300033875,47037.95161047852,144,40,6626,2025-09-11|2025-09-12|2025-09-13|2025-09-14|2025-09-15|2025-09-16|2025-09-17|2025-09-18|2025-09-19|2025-09-20|2025-09-21|2025-09-22|2025-09-23|2025-09-24|2025-09-25|2025-09-26|2025-09-27|2025-09-28|2025-09-29|2025-09-30|2025-10-01|2025-10-02|2025-10-03|2025-10-04|2025-10-05|2025-10-06|2025-10-07|2025-10-08|2025-10-09|2025-10-10|2025-10-11|2025-10-12|2025-10-13|2025-10-14|2025-10-15|2025-10-16|2025-10-17|2025-10-18|2025-10-19|2025-10-20,2025-10-21 00:00,2025-10-21 00:00,9.094947017729282e-13,2.2737367544323206e-13,0,True,Optimization terminated successfully. (HiGHS Status 7: Optimal),1371,0.0
2025-10-22,0,0.1277295830004732,43759.973738440676,144,40,6626,2025-09-12|2025-09-13|2025-09-14|2025-09-15|2025-09-16|2025-09-17|2025-09-18|2025-09-19|2025-09-20|2025-09-21|2025-09-22|2025-09-23|2025-09-24|2025-09-25|2025-09-26|2025-09-27|2025-09-28|2025-09-29|2025-09-30|2025-10-01|2025-10-02|2025-10-03|2025-10-04|2025-10-05|2025-10-06|2025-10-07|2025-10-08|2025-10-09|2025-10-10|2025-10-11|2025-10-12|2025-10-13|2025-10-14|2025-10-15|2025-10-16|2025-10-17|2025-10-18|2025-10-19|2025-10-20|2025-10-21,2025-10-22 00:00,2025-10-22 00:00,8.100187187665142e-13,1.1368683772161603e-13,0,True,Optimization terminated successfully. (HiGHS Status 7: Optimal),1363,0.0
2025-10-23,0,0.12275529100043059,44675.48479610055,144,40,6626,2025-09-13|2025-09-14|2025-09-15|2025-09-16|2025-09-17|2025-09-18|2025-09-19|2025-09-20|2025-09-21|2025-09-22|2025-09-23|2025-09-24|2025-09-25|2025-09-26|2025-09-27|2025-09-28|2025-09-29|2025-09-30|2025-10-01|2025-10-02|2025-10-03|2025-10-04|2025-10-05|2025-10-06|2025-10-07|2025-10-08|2025-10-09|2025-10-10|2025-10-11|2025-10-12|2025-10-13|2025-10-14|2025-10-15|2025-10-16|2025-10-17|2025-10-18|2025-10-19|2025-10-20|2025-10-21|2025-10-22,2025-10-23 00:00,2025-10-23 00:00,7.958078640513122e-13,1.1368683772161603e-13,0,True,Optimization terminated successfully. (HiGHS Status 7: Optimal),1352,0.0
2025-10-24,0,0.10133474999929604,17652.049105625014,144,40,6626,2025-09-14|2025-09-15|2025-09-16|2025-09-17|2025-09-18|2025-09-19|2025-09-20|2025-09-21|2025-09-22|2025-09-23|2025-09-24|2025-09-25|2025-09-26|2025-09-27|2025-09-28|2025-09-29|2025-09-30|2025-10-01|2025-10-02|2025-10-03|2025-10-04|2025-10-05|2025-10-06|2025-10-07|2025-10-08|2025-10-09|2025-10-10|2025-10-11|2025-10-12|2025-10-13|2025-10-14|2025-10-15|2025-10-16|2025-10-17|2025-10-18|2025-10-19|2025-10-20|2025-10-21|2025-10-22|2025-10-23,2025-10-24 00:00,2025-10-24 00:00,8.526512829121202e-13,2.2737367544323206e-13,0,True,Optimization terminated successfully. (HiGHS Status 7: Optimal),961,0.0
2025-10-25,0,0.10166812500028755,18508.20805235982,144,40,6626,2025-09-15|2025-09-16|2025-09-17|2025-09-18|2025-09-19|2025-09-20|2025-09-21|2025-09-22|2025-09-23|2025-09-24|2025-09-25|2025-09-26|2025-09-27|2025-09-28|2025-09-29|2025-09-30|2025-10-01|2025-10-02|2025-10-03|2025-10-04|2025-10-05|2025-10-06|2025-10-07|2025-10-08|2025-10-09|2025-10-10|2025-10-11|2025-10-12|2025-10-13|2025-10-14|2025-10-15|2025-10-16|2025-10-17|2025-10-18|2025-10-19|2025-10-20|2025-10-21|2025-10-22|2025-10-23|2025-10-24,2025-10-25 00:00,2025-10-25 00:00,8.526512829121202e-13,5.684341886080802e-14,0,True,Optimization terminated successfully. (HiGHS Status 7: Optimal),982,0.0
2025-10-26,0,0.11832054199840059,46578.32544090137,144,40,6626,2025-09-16|2025-09-17|2025-09-18|2025-09-19|2025-09-20|2025-09-21|2025-09-22|2025-09-23|2025-09-24|2025-09-25|2025-09-26|2025-09-27|2025-09-28|2025-09-29|2025-09-30|2025-10-01|2025-10-02|2025-10-03|2025-10-04|2025-10-05|2025-10-06|2025-10-07|2025-10-08|2025-10-09|2025-10-10|2025-10-11|2025-10-12|2025-10-13|2025-10-14|2025-10-15|2025-10-16|2025-10-17|2025-10-18|2025-10-19|2025-10-20|2025-10-21|2025-10-22|2025-10-23|2025-10-24|2025-10-25,2025-10-26 00:00,2025-10-26 00:00,9.094947017729282e-13,1.1368683772161603e-13,0,True,Optimization terminated successfully. (HiGHS Status 7: Optimal),1360,0.0
2025-10-27,0,0.11927850000029139,46965.30256186131,144,40,6626,2025-09-17|2025-09-18|2025-09-19|2025-09-20|2025-09-21|2025-09-22|2025-09-23|2025-09-24|2025-09-25|2025-09-26|2025-09-27|2025-09-28|2025-09-29|2025-09-30|2025-10-01|2025-10-02|2025-10-03|2025-10-04|2025-10-05|2025-10-06|2025-10-07|2025-10-08|2025-10-09|2025-10-10|2025-10-11|2025-10-12|2025-10-13|2025-10-14|2025-10-15|2025-10-16|2025-10-17|2025-10-18|2025-10-19|2025-10-20|2025-10-21|2025-10-22|2025-10-23|2025-10-24|2025-10-25|2025-10-26,2025-10-27 00:00,2025-10-27 00:00,8.100187187665142e-13,2.2737367544323206e-13,0,True,Optimization terminated successfully. (HiGHS Status 7: Optimal),1379,0.0
2025-10-28,0,0.1124672499990993,48464.63382933843,144,40,6626,2025-09-18|2025-09-19|2025-09-20|2025-09-21|2025-09-22|2025-09-23|2025-09-24|2025-09-25|2025-09-26|2025-09-27|2025-09-28|2025-09-29|2025-09-30|2025-10-01|2025-10-02|2025-10-03|2025-10-04|2025-10-05|2025-10-06|2025-10-07|2025-10-08|2025-10-09|2025-10-10|2025-10-11|2025-10-12|2025-10-13|2025-10-14|2025-10-15|2025-10-16|2025-10-17|2025-10-18|2025-10-19|2025-10-20|2025-10-21|2025-10-22|2025-10-23|2025-10-24|2025-10-25|2025-10-26|2025-10-27,2025-10-28 00:00,2025-10-28 00:00,9.094947017729282e-13,1.1368683772161603e-13,0,True,Optimization terminated successfully. (HiGHS Status 7: Optimal),1377,0.0
2025-10-29,0,0.11483962500096823,45329.883974825236,144,40,6626,2025-09-19|2025-09-20|2025-09-21|2025-09-22|2025-09-23|2025-09-24|2025-09-25|2025-09-26|2025-09-27|2025-09-28|2025-09-29|2025-09-30|2025-10-01|2025-10-02|2025-10-03|2025-10-04|2025-10-05|2025-10-06|2025-10-07|2025-10-08|2025-10-09|2025-10-10|2025-10-11|2025-10-12|2025-10-13|2025-10-14|2025-10-15|2025-10-16|2025-10-17|2025-10-18|2025-10-19|2025-10-20|2025-10-21|2025-10-22|2025-10-23|2025-10-24|2025-10-25|2025-10-26|2025-10-27|2025-10-28,2025-10-29 00:00,2025-10-29 00:00,9.094947017729282e-13,2.2737367544323206e-13,0,True,Optimization terminated successfully. (HiGHS Status 7: Optimal),1362,0.0
2025-10-30,0,0.1187015830000746,46012.62167772539,144,40,6626,2025-09-20|2025-09-21|2025-09-22|2025-09-23|2025-09-24|2025-09-25|2025-09-26|2025-09-27|2025-09-28|2025-09-29|2025-09-30|2025-10-01|2025-10-02|2025-10-03|2025-10-04|2025-10-05|2025-10-06|2025-10-07|2025-10-08|2025-10-09|2025-10-10|2025-10-11|2025-10-12|2025-10-13|2025-10-14|2025-10-15|2025-10-16|2025-10-17|2025-10-18|2025-10-19|2025-10-20|2025-10-21|2025-10-22|2025-10-23|2025-10-24|2025-10-25|2025-10-26|2025-10-27|2025-10-28|2025-10-29,2025-10-30 00:00,2025-10-30 00:00,1.0231815394945443e-12,1.1368683772161603e-13,0,True,Optimization terminated successfully. (HiGHS Status 7: Optimal),1367,0.0
2025-10-31,0,0.09806133299935027,18174.29622245047,144,40,6626,2025-09-21|2025-09-22|2025-09-23|2025-09-24|2025-09-25|2025-09-26|2025-09-27|2025-09-28|2025-09-29|2025-09-30|2025-10-01|2025-10-02|2025-10-03|2025-10-04|2025-10-05|2025-10-06|2025-10-07|2025-10-08|2025-10-09|2025-10-10|2025-10-11|2025-10-12|2025-10-13|2025-10-14|2025-10-15|2025-10-16|2025-10-17|2025-10-18|2025-10-19|2025-10-20|2025-10-21|2025-10-22|2025-10-23|2025-10-24|2025-10-25|2025-10-26|2025-10-27|2025-10-28|2025-10-29|2025-10-30,2025-10-31 00:00,2025-10-31 00:00,8.526512829121202e-13,2.2737367544323206e-13,0,True,Optimization terminated successfully. (HiGHS Status 7: Optimal),975,0.0
2025-11-01,0,0.09893879199989897,18591.32118714049,144,40,6626,2025-09-22|2025-09-23|2025-09-24|2025-09-25|2025-09-26|2025-09-27|2025-09-28|2025-09-29|2025-09-30|2025-10-01|2025-10-02|2025-10-03|2025-10-04|2025-10-05|2025-10-06|2025-10-07|2025-10-08|2025-10-09|2025-10-10|2025-10-11|2025-10-12|2025-10-13|2025-10-14|2025-10-15|2025-10-16|2025-10-17|2025-10-18|2025-10-19|2025-10-20|2025-10-21|2025-10-22|2025-10-23|2025-10-24|2025-10-25|2025-10-26|2025-10-27|2025-10-28|2025-10-29|2025-10-30|2025-10-31,2025-11-01 00:00,2025-11-01 00:00,7.958078640513122e-13,1.1368683772161603e-13,0,True,Optimization terminated successfully. (HiGHS Status 7: Optimal),988,0.0
2025-11-02,0,0.11809999999968568,47627.54693552004,144,40,6626,2025-09-23|2025-09-24|2025-09-25|2025-09-26|2025-09-27|2025-09-28|2025-09-29|2025-09-30|2025-10-01|2025-10-02|2025-10-03|2025-10-04|2025-10-05|2025-10-06|2025-10-07|2025-10-08|2025-10-09|2025-10-10|2025-10-11|2025-10-12|2025-10-13|2025-10-14|2025-10-15|2025-10-16|2025-10-17|2025-10-18|2025-10-19|2025-10-20|2025-10-21|2025-10-22|2025-10-23|2025-10-24|2025-10-25|2025-10-26|2025-10-27|2025-10-28|2025-10-29|2025-10-30|2025-10-31|2025-11-01,2025-11-02 00:00,2025-11-02 00:00,9.094947017729282e-13,1.1368683772161603e-13,0,True,Optimization terminated successfully. (HiGHS Status 7: Optimal),1390,0.0
2025-11-03,0,0.11735950000002049,48136.49544133308,144,40,6626,2025-09-24|2025-09-25|2025-09-26|2025-09-27|2025-09-28|2025-09-29|2025-09-30|2025-10-01|2025-10-02|2025-10-03|2025-10-04|2025-10-05|2025-10-06|2025-10-07|2025-10-08|2025-10-09|2025-10-10|2025-10-11|2025-10-12|2025-10-13|2025-10-14|2025-10-15|2025-10-16|2025-10-17|2025-10-18|2025-10-19|2025-10-20|2025-10-21|2025-10-22|2025-10-23|2025-10-24|2025-10-25|2025-10-26|2025-10-27|2025-10-28|2025-10-29|2025-10-30|2025-10-31|2025-11-01|2025-11-02,2025-11-03 00:00,2025-11-03 00:00,9.094947017729282e-13,1.1368683772161603e-13,0,True,Optimization terminated successfully. (HiGHS Status 7: Optimal),1390,0.0
2025-11-04,0,0.11756887499905133,49511.490846089204,144,40,6626,2025-09-25|2025-09-26|2025-09-27|2025-09-28|2025-09-29|2025-09-30|2025-10-01|2025-10-02|2025-10-03|2025-10-04|2025-10-05|2025-10-06|2025-10-07|2025-10-08|2025-10-09|2025-10-10|2025-10-11|2025-10-12|2025-10-13|2025-10-14|2025-10-15|2025-10-16|2025-10-17|2025-10-18|2025-10-19|2025-10-20|2025-10-21|2025-10-22|2025-10-23|2025-10-24|2025-10-25|2025-10-26|2025-10-27|2025-10-28|2025-10-29|2025-10-30|2025-10-31|2025-11-01|2025-11-02|2025-11-03,2025-11-04 00:00,2025-11-04 00:00,8.526512829121202e-13,2.2737367544323206e-13,0,True,Optimization terminated successfully. (HiGHS Status 7: Optimal),1407,0.0
2025-11-05,0,0.11375562499961234,49955.005097678884,144,40,6626,2025-09-26|2025-09-27|2025-09-28|2025-09-29|2025-09-30|2025-10-01|2025-10-02|2025-10-03|2025-10-04|2025-10-05|2025-10-06|2025-10-07|2025-10-08|2025-10-09|2025-10-10|2025-10-11|2025-10-12|2025-10-13|2025-10-14|2025-10-15|2025-10-16|2025-10-17|2025-10-18|2025-10-19|2025-10-20|2025-10-21|2025-10-22|2025-10-23|2025-10-24|2025-10-25|2025-10-26|2025-10-27|2025-10-28|2025-10-29|2025-10-30|2025-10-31|2025-11-01|2025-11-02|2025-11-03|2025-11-04,2025-11-05 00:00,2025-11-05 00:00,9.094947017729282e-13,2.2737367544323206e-13,0,True,Optimization terminated successfully. (HiGHS Status 7: Optimal),1421,0.0
2025-11-06,0,0.11491808299979311,49071.56177030759,144,40,6626,2025-09-27|2025-09-28|2025-09-29|2025-09-30|2025-10-01|2025-10-02|2025-10-03|2025-10-04|2025-10-05|2025-10-06|2025-10-07|2025-10-08|2025-10-09|2025-10-10|2025-10-11|2025-10-12|2025-10-13|2025-10-14|2025-10-15|2025-10-16|2025-10-17|2025-10-18|2025-10-19|2025-10-20|2025-10-21|2025-10-22|2025-10-23|2025-10-24|2025-10-25|2025-10-26|2025-10-27|2025-10-28|2025-10-29|2025-10-30|2025-10-31|2025-11-01|2025-11-02|2025-11-03|2025-11-04|2025-11-05,2025-11-06 00:00,2025-11-06 00:00,8.384404281969182e-13,2.2737367544323206e-13,0,True,Optimization terminated successfully. (HiGHS Status 7: Optimal),1382,0.0
2025-11-07,0,0.10055512500002806,19432.90201475673,144,40,6626,2025-09-28|2025-09-29|2025-09-30|2025-10-01|2025-10-02|2025-10-03|2025-10-04|2025-10-05|2025-10-06|2025-10-07|2025-10-08|2025-10-09|2025-10-10|2025-10-11|2025-10-12|2025-10-13|2025-10-14|2025-10-15|2025-10-16|2025-10-17|2025-10-18|2025-10-19|2025-10-20|2025-10-21|2025-10-22|2025-10-23|2025-10-24|2025-10-25|2025-10-26|2025-10-27|2025-10-28|2025-10-29|2025-10-30|2025-10-31|2025-11-01|2025-11-02|2025-11-03|2025-11-04|2025-11-05|2025-11-06,2025-11-07 00:00,2025-11-07 00:00,9.094947017729282e-13,5.684341886080802e-14,0,True,Optimization terminated successfully. (HiGHS Status 7: Optimal),1022,0.0
2025-11-08,0,0.10399854099887307,19432.39068984926,144,40,6626,2025-09-29|2025-09-30|2025-10-01|2025-10-02|2025-10-03|2025-10-04|2025-10-05|2025-10-06|2025-10-07|2025-10-08|2025-10-09|2025-10-10|2025-10-11|2025-10-12|2025-10-13|2025-10-14|2025-10-15|2025-10-16|2025-10-17|2025-10-18|2025-10-19|2025-10-20|2025-10-21|2025-10-22|2025-10-23|2025-10-24|2025-10-25|2025-10-26|2025-10-27|2025-10-28|2025-10-29|2025-10-30|2025-10-31|2025-11-01|2025-11-02|2025-11-03|2025-11-04|2025-11-05|2025-11-06|2025-11-07,2025-11-08 00:00,2025-11-08 00:00,8.526512829121202e-13,1.1368683772161603e-13,0,True,Optimization terminated successfully. (HiGHS Status 7: Optimal),1041,0.0
2025-11-09,0,0.1120759999994334,50855.21295386281,144,40,6626,2025-09-30|2025-10-01|2025-10-02|2025-10-03|2025-10-04|2025-10-05|2025-10-06|2025-10-07|2025-10-08|2025-10-09|2025-10-10|2025-10-11|2025-10-12|2025-10-13|2025-10-14|2025-10-15|2025-10-16|2025-10-17|2025-10-18|2025-10-19|2025-10-20|2025-10-21|2025-10-22|2025-10-23|2025-10-24|2025-10-25|2025-10-26|2025-10-27|2025-10-28|2025-10-29|2025-10-30|2025-10-31|2025-11-01|2025-11-02|2025-11-03|2025-11-04|2025-11-05|2025-11-06|2025-11-07|2025-11-08,2025-11-09 00:00,2025-11-09 00:00,7.958078640513122e-13,1.1368683772161603e-13,0,True,Optimization terminated successfully. (HiGHS Status 7: Optimal),1411,0.0
2025-11-10,0,0.11700004100021033,50670.21307394404,144,40,6626,2025-10-01|2025-10-02|2025-10-03|2025-10-04|2025-10-05|2025-10-06|2025-10-07|2025-10-08|2025-10-09|2025-10-10|2025-10-11|2025-10-12|2025-10-13|2025-10-14|2025-10-15|2025-10-16|2025-10-17|2025-10-18|2025-10-19|2025-10-20|2025-10-21|2025-10-22|2025-10-23|2025-10-24|2025-10-25|2025-10-26|2025-10-27|2025-10-28|2025-10-29|2025-10-30|2025-10-31|2025-11-01|2025-11-02|2025-11-03|2025-11-04|2025-11-05|2025-11-06|2025-11-07|2025-11-08|2025-11-09,2025-11-10 00:00,2025-11-10 00:00,9.094947017729282e-13,2.2737367544323206e-13,0,True,Optimization terminated successfully. (HiGHS Status 7: Optimal),1416,0.0
2025-11-11,0,0.11235329200098931,51942.434723764054,144,40,6626,2025-10-02|2025-10-03|2025-10-04|2025-10-05|2025-10-06|2025-10-07|2025-10-08|2025-10-09|2025-10-10|2025-10-11|2025-10-12|2025-10-13|2025-10-14|2025-10-15|2025-10-16|2025-10-17|2025-10-18|2025-10-19|2025-10-20|2025-10-21|2025-10-22|2025-10-23|2025-10-24|2025-10-25|2025-10-26|2025-10-27|2025-10-28|2025-10-29|2025-10-30|2025-10-31|2025-11-01|2025-11-02|2025-11-03|2025-11-04|2025-11-05|2025-11-06|2025-11-07|2025-11-08|2025-11-09|2025-11-10,2025-11-11 00:00,2025-11-11 00:00,9.094947017729282e-13,0.0,0,True,Optimization terminated successfully. (HiGHS Status 7: Optimal),1409,0.0
2025-11-12,0,0.11974575000022014,52954.406189216264,144,40,6626,2025-10-03|2025-10-04|2025-10-05|2025-10-06|2025-10-07|2025-10-08|2025-10-09|2025-10-10|2025-10-11|2025-10-12|2025-10-13|2025-10-14|2025-10-15|2025-10-16|2025-10-17|2025-10-18|2025-10-19|2025-10-20|2025-10-21|2025-10-22|2025-10-23|2025-10-24|2025-10-25|2025-10-26|2025-10-27|2025-10-28|2025-10-29|2025-10-30|2025-10-31|2025-11-01|2025-11-02|2025-11-03|2025-11-04|2025-11-05|2025-11-06|2025-11-07|2025-11-08|2025-11-09|2025-11-10|2025-11-11,2025-11-12 00:00,2025-11-12 00:00,8.526512829121202e-13,2.2737367544323206e-13,0,True,Optimization terminated successfully. (HiGHS Status 7: Optimal),1421,0.0
2025-11-13,0,0.1259022089998325,52373.14796809008,144,40,6626,2025-10-04|2025-10-05|2025-10-06|2025-10-07|2025-10-08|2025-10-09|2025-10-10|2025-10-11|2025-10-12|2025-10-13|2025-10-14|2025-10-15|2025-10-16|2025-10-17|2025-10-18|2025-10-19|2025-10-20|2025-10-21|2025-10-22|2025-10-23|2025-10-24|2025-10-25|2025-10-26|2025-10-27|2025-10-28|2025-10-29|2025-10-30|2025-10-31|2025-11-01|2025-11-02|2025-11-03|2025-11-04|2025-11-05|2025-11-06|2025-11-07|2025-11-08|2025-11-09|2025-11-10|2025-11-11|2025-11-12,2025-11-13 00:00,2025-11-13 00:00,7.958078640513122e-13,1.1368683772161603e-13,0,True,Optimization terminated successfully. (HiGHS Status 7: Optimal),1410,0.0
2025-11-14,0,0.1208301249989745,20433.556135680465,144,40,6626,2025-10-05|2025-10-06|2025-10-07|2025-10-08|2025-10-09|2025-10-10|2025-10-11|2025-10-12|2025-10-13|2025-10-14|2025-10-15|2025-10-16|2025-10-17|2025-10-18|2025-10-19|2025-10-20|2025-10-21|2025-10-22|2025-10-23|2025-10-24|2025-10-25|2025-10-26|2025-10-27|2025-10-28|2025-10-29|2025-10-30|2025-10-31|2025-11-01|2025-11-02|2025-11-03|2025-11-04|2025-11-05|2025-11-06|2025-11-07|2025-11-08|2025-11-09|2025-11-10|2025-11-11|2025-11-12|2025-11-13,2025-11-14 00:00,2025-11-14 00:00,7.673861546209082e-13,1.1368683772161603e-13,0,True,Optimization terminated successfully. (HiGHS Status 7: Optimal),1104,0.0
2025-11-15,0,0.12293729200064263,20263.61536566352,144,40,6626,2025-10-06|2025-10-07|2025-10-08|2025-10-09|2025-10-10|2025-10-11|2025-10-12|2025-10-13|2025-10-14|2025-10-15|2025-10-16|2025-10-17|2025-10-18|2025-10-19|2025-10-20|2025-10-21|2025-10-22|2025-10-23|2025-10-24|2025-10-25|2025-10-26|2025-10-27|2025-10-28|2025-10-29|2025-10-30|2025-10-31|2025-11-01|2025-11-02|2025-11-03|2025-11-04|2025-11-05|2025-11-06|2025-11-07|2025-11-08|2025-11-09|2025-11-10|2025-11-11|2025-11-12|2025-11-13|2025-11-14,2025-11-15 00:00,2025-11-15 00:00,9.094947017729282e-13,1.1368683772161603e-13,0,True,Optimization terminated successfully. (HiGHS Status 7: Optimal),1135,0.0
2025-11-16,0,0.11433724999915285,53652.98322823565,144,40,6626,2025-10-07|2025-10-08|2025-10-09|2025-10-10|2025-10-11|2025-10-12|2025-10-13|2025-10-14|2025-10-15|2025-10-16|2025-10-17|2025-10-18|2025-10-19|2025-10-20|2025-10-21|2025-10-22|2025-10-23|2025-10-24|2025-10-25|2025-10-26|2025-10-27|2025-10-28|2025-10-29|2025-10-30|2025-10-31|2025-11-01|2025-11-02|2025-11-03|2025-11-04|2025-11-05|2025-11-06|2025-11-07|2025-11-08|2025-11-09|2025-11-10|2025-11-11|2025-11-12|2025-11-13|2025-11-14|2025-11-15,2025-11-16 00:00,2025-11-16 00:00,7.958078640513122e-13,2.2737367544323206e-13,0,True,Optimization terminated successfully. (HiGHS Status 7: Optimal),1406,0.0
2025-11-17,0,0.11958287499874132,54225.36030552808,144,40,6626,2025-10-08|2025-10-09|2025-10-10|2025-10-11|2025-10-12|2025-10-13|2025-10-14|2025-10-15|2025-10-16|2025-10-17|2025-10-18|2025-10-19|2025-10-20|2025-10-21|2025-10-22|2025-10-23|2025-10-24|2025-10-25|2025-10-26|2025-10-27|2025-10-28|2025-10-29|2025-10-30|2025-10-31|2025-11-01|2025-11-02|2025-11-03|2025-11-04|2025-11-05|2025-11-06|2025-11-07|2025-11-08|2025-11-09|2025-11-10|2025-11-11|2025-11-12|2025-11-13|2025-11-14|2025-11-15|2025-11-16,2025-11-17 00:00,2025-11-17 00:00,9.094947017729282e-13,2.2737367544323206e-13,0,True,Optimization terminated successfully. (HiGHS Status 7: Optimal),1413,0.0
2025-11-18,0,0.11626758300008078,54280.819640512396,144,40,6626,2025-10-09|2025-10-10|2025-10-11|2025-10-12|2025-10-13|2025-10-14|2025-10-15|2025-10-16|2025-10-17|2025-10-18|2025-10-19|2025-10-20|2025-10-21|2025-10-22|2025-10-23|2025-10-24|2025-10-25|2025-10-26|2025-10-27|2025-10-28|2025-10-29|2025-10-30|2025-10-31|2025-11-01|2025-11-02|2025-11-03|2025-11-04|2025-11-05|2025-11-06|2025-11-07|2025-11-08|2025-11-09|2025-11-10|2025-11-11|2025-11-12|2025-11-13|2025-11-14|2025-11-15|2025-11-16|2025-11-17,2025-11-18 00:00,2025-11-18 00:00,9.094947017729282e-13,2.2737367544323206e-13,0,True,Optimization terminated successfully. (HiGHS Status 7: Optimal),1408,0.0
2025-11-19,0,0.1102855000008276,55128.99388974377,144,40,6626,2025-10-10|2025-10-11|2025-10-12|2025-10-13|2025-10-14|2025-10-15|2025-10-16|2025-10-17|2025-10-18|2025-10-19|2025-10-20|2025-10-21|2025-10-22|2025-10-23|2025-10-24|2025-10-25|2025-10-26|2025-10-27|2025-10-28|2025-10-29|2025-10-30|2025-10-31|2025-11-01|2025-11-02|2025-11-03|2025-11-04|2025-11-05|2025-11-06|2025-11-07|2025-11-08|2025-11-09|2025-11-10|2025-11-11|2025-11-12|2025-11-13|2025-11-14|2025-11-15|2025-11-16|2025-11-17|2025-11-18,2025-11-19 00:00,2025-11-19 00:00,9.094947017729282e-13,2.2737367544323206e-13,0,True,Optimization terminated successfully. (HiGHS Status 7: Optimal),1406,0.0
2025-11-20,0,0.11261633300091489,54397.4172817829,144,40,6626,2025-10-11|2025-10-12|2025-10-13|2025-10-14|2025-10-15|2025-10-16|2025-10-17|2025-10-18|2025-10-19|2025-10-20|2025-10-21|2025-10-22|2025-10-23|2025-10-24|2025-10-25|2025-10-26|2025-10-27|2025-10-28|2025-10-29|2025-10-30|2025-10-31|2025-11-01|2025-11-02|2025-11-03|2025-11-04|2025-11-05|2025-11-06|2025-11-07|2025-11-08|2025-11-09|2025-11-10|2025-11-11|2025-11-12|2025-11-13|2025-11-14|2025-11-15|2025-11-16|2025-11-17|2025-11-18|2025-11-19,2025-11-20 00:00,2025-11-20 00:00,7.958078640513122e-13,0.0,0,True,Optimization terminated successfully. (HiGHS Status 7: Optimal),1405,0.0
2025-11-21,0,0.13021350000053644,21943.797257237995,144,40,6626,2025-10-12|2025-10-13|2025-10-14|2025-10-15|2025-10-16|2025-10-17|2025-10-18|2025-10-19|2025-10-20|2025-10-21|2025-10-22|2025-10-23|2025-10-24|2025-10-25|2025-10-26|2025-10-27|2025-10-28|2025-10-29|2025-10-30|2025-10-31|2025-11-01|2025-11-02|2025-11-03|2025-11-04|2025-11-05|2025-11-06|2025-11-07|2025-11-08|2025-11-09|2025-11-10|2025-11-11|2025-11-12|2025-11-13|2025-11-14|2025-11-15|2025-11-16|2025-11-17|2025-11-18|2025-11-19|2025-11-20,2025-11-21 00:00,2025-11-21 00:00,8.526512829121202e-13,1.1368683772161603e-13,0,True,Optimization terminated successfully. (HiGHS Status 7: Optimal),1209,0.0
2025-11-22,0,0.12494879199948628,21903.988724099712,144,40,6626,2025-10-13|2025-10-14|2025-10-15|2025-10-16|2025-10-17|2025-10-18|2025-10-19|2025-10-20|2025-10-21|2025-10-22|2025-10-23|2025-10-24|2025-10-25|2025-10-26|2025-10-27|2025-10-28|2025-10-29|2025-10-30|2025-10-31|2025-11-01|2025-11-02|2025-11-03|2025-11-04|2025-11-05|2025-11-06|2025-11-07|2025-11-08|2025-11-09|2025-11-10|2025-11-11|2025-11-12|2025-11-13|2025-11-14|2025-11-15|2025-11-16|2025-11-17|2025-11-18|2025-11-19|2025-11-20|2025-11-21,2025-11-22 00:00,2025-11-22 00:00,8.526512829121202e-13,1.1368683772161603e-13,0,True,Optimization terminated successfully. (HiGHS Status 7: Optimal),1208,0.0
2025-11-23,0,0.11310470899843494,55858.20293031162,144,40,6626,2025-10-14|2025-10-15|2025-10-16|2025-10-17|2025-10-18|2025-10-19|2025-10-20|2025-10-21|2025-10-22|2025-10-23|2025-10-24|2025-10-25|2025-10-26|2025-10-27|2025-10-28|2025-10-29|2025-10-30|2025-10-31|2025-11-01|2025-11-02|2025-11-03|2025-11-04|2025-11-05|2025-11-06|2025-11-07|2025-11-08|2025-11-09|2025-11-10|2025-11-11|2025-11-12|2025-11-13|2025-11-14|2025-11-15|2025-11-16|2025-11-17|2025-11-18|2025-11-19|2025-11-20|2025-11-21|2025-11-22,2025-11-23 00:00,2025-11-23 00:00,9.094947017729282e-13,0.0,0,True,Optimization terminated successfully. (HiGHS Status 7: Optimal),1403,0.0
2025-11-24,0,0.14000324999869918,55925.531868561855,144,40,6626,2025-10-15|2025-10-16|2025-10-17|2025-10-18|2025-10-19|2025-10-20|2025-10-21|2025-10-22|2025-10-23|2025-10-24|2025-10-25|2025-10-26|2025-10-27|2025-10-28|2025-10-29|2025-10-30|2025-10-31|2025-11-01|2025-11-02|2025-11-03|2025-11-04|2025-11-05|2025-11-06|2025-11-07|2025-11-08|2025-11-09|2025-11-10|2025-11-11|2025-11-12|2025-11-13|2025-11-14|2025-11-15|2025-11-16|2025-11-17|2025-11-18|2025-11-19|2025-11-20|2025-11-21|2025-11-22|2025-11-23,2025-11-24 00:00,2025-11-24 00:00,8.526512829121202e-13,2.2737367544323206e-13,0,True,Optimization terminated successfully. (HiGHS Status 7: Optimal),1397,0.0
2025-11-25,0,0.19837420900148572,56044.56328629416,144,40,6626,2025-10-16|2025-10-17|2025-10-18|2025-10-19|2025-10-20|2025-10-21|2025-10-22|2025-10-23|2025-10-24|2025-10-25|2025-10-26|2025-10-27|2025-10-28|2025-10-29|2025-10-30|2025-10-31|2025-11-01|2025-11-02|2025-11-03|2025-11-04|2025-11-05|2025-11-06|2025-11-07|2025-11-08|2025-11-09|2025-11-10|2025-11-11|2025-11-12|2025-11-13|2025-11-14|2025-11-15|2025-11-16|2025-11-17|2025-11-18|2025-11-19|2025-11-20|2025-11-21|2025-11-22|2025-11-23|2025-11-24,2025-11-25 00:00,2025-11-25 00:00,7.958078640513122e-13,2.2737367544323206e-13,0,True,Optimization terminated successfully. (HiGHS Status 7: Optimal),1401,0.0
2025-11-26,0,0.1944922909988236,57048.52545090229,144,40,6626,2025-10-17|2025-10-18|2025-10-19|2025-10-20|2025-10-21|2025-10-22|2025-10-23|2025-10-24|2025-10-25|2025-10-26|2025-10-27|2025-10-28|2025-10-29|2025-10-30|2025-10-31|2025-11-01|2025-11-02|2025-11-03|2025-11-04|2025-11-05|2025-11-06|2025-11-07|2025-11-08|2025-11-09|2025-11-10|2025-11-11|2025-11-12|2025-11-13|2025-11-14|2025-11-15|2025-11-16|2025-11-17|2025-11-18|2025-11-19|2025-11-20|2025-11-21|2025-11-22|2025-11-23|2025-11-24|2025-11-25,2025-11-26 00:00,2025-11-26 00:00,8.526512829121202e-13,2.2737367544323206e-13,0,True,Optimization terminated successfully. (HiGHS Status 7: Optimal),1410,0.0
2025-11-27,0,0.19379512500017881,56595.81316603851,144,40,6626,2025-10-18|2025-10-19|2025-10-20|2025-10-21|2025-10-22|2025-10-23|2025-10-24|2025-10-25|2025-10-26|2025-10-27|2025-10-28|2025-10-29|2025-10-30|2025-10-31|2025-11-01|2025-11-02|2025-11-03|2025-11-04|2025-11-05|2025-11-06|2025-11-07|2025-11-08|2025-11-09|2025-11-10|2025-11-11|2025-11-12|2025-11-13|2025-11-14|2025-11-15|2025-11-16|2025-11-17|2025-11-18|2025-11-19|2025-11-20|2025-11-21|2025-11-22|2025-11-23|2025-11-24|2025-11-25|2025-11-26,2025-11-27 00:00,2025-11-27 00:00,9.094947017729282e-13,2.2737367544323206e-13,0,True,Optimization terminated successfully. (HiGHS Status 7: Optimal),1398,0.0
2025-11-28,0,0.13992595899981097,23200.30062532542,144,40,6626,2025-10-19|2025-10-20|2025-10-21|2025-10-22|2025-10-23|2025-10-24|2025-10-25|2025-10-26|2025-10-27|2025-10-28|2025-10-29|2025-10-30|2025-10-31|2025-11-01|2025-11-02|2025-11-03|2025-11-04|2025-11-05|2025-11-06|2025-11-07|2025-11-08|2025-11-09|2025-11-10|2025-11-11|2025-11-12|2025-11-13|2025-11-14|2025-11-15|2025-11-16|2025-11-17|2025-11-18|2025-11-19|2025-11-20|2025-11-21|2025-11-22|2025-11-23|2025-11-24|2025-11-25|2025-11-26|2025-11-27,2025-11-28 00:00,2025-11-28 00:00,9.094947017729282e-13,1.1368683772161603e-13,0,True,Optimization terminated successfully. (HiGHS Status 7: Optimal),1229,0.0
2025-11-29,0,0.13081741599853558,23192.667648160605,144,40,6626,2025-10-20|2025-10-21|2025-10-22|2025-10-23|2025-10-24|2025-10-25|2025-10-26|2025-10-27|2025-10-28|2025-10-29|2025-10-30|2025-10-31|2025-11-01|2025-11-02|2025-11-03|2025-11-04|2025-11-05|2025-11-06|2025-11-07|2025-11-08|2025-11-09|2025-11-10|2025-11-11|2025-11-12|2025-11-13|2025-11-14|2025-11-15|2025-11-16|2025-11-17|2025-11-18|2025-11-19|2025-11-20|2025-11-21|2025-11-22|2025-11-23|2025-11-24|2025-11-25|2025-11-26|2025-11-27|2025-11-28,2025-11-29 00:00,2025-11-29 00:00,8.526512829121202e-13,1.1368683772161603e-13,0,True,Optimization terminated successfully. (HiGHS Status 7: Optimal),1225,0.0
2025-11-30,0,0.10932666699955007,57907.34818890211,144,40,6626,2025-10-21|2025-10-22|2025-10-23|2025-10-24|2025-10-25|2025-10-26|2025-10-27|2025-10-28|2025-10-29|2025-10-30|2025-10-31|2025-11-01|2025-11-02|2025-11-03|2025-11-04|2025-11-05|2025-11-06|2025-11-07|2025-11-08|2025-11-09|2025-11-10|2025-11-11|2025-11-12|2025-11-13|2025-11-14|2025-11-15|2025-11-16|2025-11-17|2025-11-18|2025-11-19|2025-11-20|2025-11-21|2025-11-22|2025-11-23|2025-11-24|2025-11-25|2025-11-26|2025-11-27|2025-11-28|2025-11-29,2025-11-30 00:00,2025-11-30 00:00,8.526512829121202e-13,2.2737367544323206e-13,0,True,Optimization terminated successfully. (HiGHS Status 7: Optimal),1399,0.0
2025-12-01,0,0.11632287499924132,57811.07782911179,144,40,6626,2025-10-22|2025-10-23|2025-10-24|2025-10-25|2025-10-26|2025-10-27|2025-10-28|2025-10-29|2025-10-30|2025-10-31|2025-11-01|2025-11-02|2025-11-03|2025-11-04|2025-11-05|2025-11-06|2025-11-07|2025-11-08|2025-11-09|2025-11-10|2025-11-11|2025-11-12|2025-11-13|2025-11-14|2025-11-15|2025-11-16|2025-11-17|2025-11-18|2025-11-19|2025-11-20|2025-11-21|2025-11-22|2025-11-23|2025-11-24|2025-11-25|2025-11-26|2025-11-27|2025-11-28|2025-11-29|2025-11-30,2025-12-01 00:00,2025-12-01 00:00,7.958078640513122e-13,2.2737367544323206e-13,0,True,Optimization terminated successfully. (HiGHS Status 7: Optimal),1394,0.0
2025-12-02,0,0.11937191700053518,58121.801820770066,144,40,6626,2025-10-23|2025-10-24|2025-10-25|2025-10-26|2025-10-27|2025-10-28|2025-10-29|2025-10-30|2025-10-31|2025-11-01|2025-11-02|2025-11-03|2025-11-04|2025-11-05|2025-11-06|2025-11-07|2025-11-08|2025-11-09|2025-11-10|2025-11-11|2025-11-12|2025-11-13|2025-11-14|2025-11-15|2025-11-16|2025-11-17|2025-11-18|2025-11-19|2025-11-20|2025-11-21|2025-11-22|2025-11-23|2025-11-24|2025-11-25|2025-11-26|2025-11-27|2025-11-28|2025-11-29|2025-11-30|2025-12-01,2025-12-02 00:00,2025-12-02 00:00,8.526512829121202e-13,2.2737367544323206e-13,0,True,Optimization terminated successfully. (HiGHS Status 7: Optimal),1392,0.0
2025-12-03,0,0.11384620800163248,59178.20213138757,144,40,6626,2025-10-24|2025-10-25|2025-10-26|2025-10-27|2025-10-28|2025-10-29|2025-10-30|2025-10-31|2025-11-01|2025-11-02|2025-11-03|2025-11-04|2025-11-05|2025-11-06|2025-11-07|2025-11-08|2025-11-09|2025-11-10|2025-11-11|2025-11-12|2025-11-13|2025-11-14|2025-11-15|2025-11-16|2025-11-17|2025-11-18|2025-11-19|2025-11-20|2025-11-21|2025-11-22|2025-11-23|2025-11-24|2025-11-25|2025-11-26|2025-11-27|2025-11-28|2025-11-29|2025-11-30|2025-12-01|2025-12-02,2025-12-03 00:00,2025-12-03 00:00,9.094947017729282e-13,2.2737367544323206e-13,0,True,Optimization terminated successfully. (HiGHS Status 7: Optimal),1388,0.0
2025-12-04,0,0.11880766700051026,59712.62802140516,144,40,6626,2025-10-25|2025-10-26|2025-10-27|2025-10-28|2025-10-29|2025-10-30|2025-10-31|2025-11-01|2025-11-02|2025-11-03|2025-11-04|2025-11-05|2025-11-06|2025-11-07|2025-11-08|2025-11-09|2025-11-10|2025-11-11|2025-11-12|2025-11-13|2025-11-14|2025-11-15|2025-11-16|2025-11-17|2025-11-18|2025-11-19|2025-11-20|2025-11-21|2025-11-22|2025-11-23|2025-11-24|2025-11-25|2025-11-26|2025-11-27|2025-11-28|2025-11-29|2025-11-30|2025-12-01|2025-12-02|2025-12-03,2025-12-04 00:00,2025-12-04 00:00,9.094947017729282e-13,2.2737367544323206e-13,0,True,Optimization terminated successfully. (HiGHS Status 7: Optimal),1400,0.0
2025-12-05,0,0.1343669170000794,25227.878792872387,144,40,6626,2025-10-26|2025-10-27|2025-10-28|2025-10-29|2025-10-30|2025-10-31|2025-11-01|2025-11-02|2025-11-03|2025-11-04|2025-11-05|2025-11-06|2025-11-07|2025-11-08|2025-11-09|2025-11-10|2025-11-11|2025-11-12|2025-11-13|2025-11-14|2025-11-15|2025-11-16|2025-11-17|2025-11-18|2025-11-19|2025-11-20|2025-11-21|2025-11-22|2025-11-23|2025-11-24|2025-11-25|2025-11-26|2025-11-27|2025-11-28|2025-11-29|2025-11-30|2025-12-01|2025-12-02|2025-12-03|2025-12-04,2025-12-05 00:00,2025-12-05 00:00,8.810729923425242e-13,1.1368683772161603e-13,0,True,Optimization terminated successfully. (HiGHS Status 7: Optimal),1245,0.0
2025-12-06,0,0.13682849999895552,26193.52620133223,144,40,6626,2025-10-27|2025-10-28|2025-10-29|2025-10-30|2025-10-31|2025-11-01|2025-11-02|2025-11-03|2025-11-04|2025-11-05|2025-11-06|2025-11-07|2025-11-08|2025-11-09|2025-11-10|2025-11-11|2025-11-12|2025-11-13|2025-11-14|2025-11-15|2025-11-16|2025-11-17|2025-11-18|2025-11-19|2025-11-20|2025-11-21|2025-11-22|2025-11-23|2025-11-24|2025-11-25|2025-11-26|2025-11-27|2025-11-28|2025-11-29|2025-11-30|2025-12-01|2025-12-02|2025-12-03|2025-12-04|2025-12-05,2025-12-06 00:00,2025-12-06 00:00,8.810729923425242e-13,1.1368683772161603e-13,0,True,Optimization terminated successfully. (HiGHS Status 7: Optimal),1267,0.0
2025-12-07,0,0.12445562499851803,61933.88665728046,144,40,6626,2025-10-28|2025-10-29|2025-10-30|2025-10-31|2025-11-01|2025-11-02|2025-11-03|2025-11-04|2025-11-05|2025-11-06|2025-11-07|2025-11-08|2025-11-09|2025-11-10|2025-11-11|2025-11-12|2025-11-13|2025-11-14|2025-11-15|2025-11-16|2025-11-17|2025-11-18|2025-11-19|2025-11-20|2025-11-21|2025-11-22|2025-11-23|2025-11-24|2025-11-25|2025-11-26|2025-11-27|2025-11-28|2025-11-29|2025-11-30|2025-12-01|2025-12-02|2025-12-03|2025-12-04|2025-12-05|2025-12-06,2025-12-07 00:00,2025-12-07 00:00,8.526512829121202e-13,0.0,0,True,Optimization terminated successfully. (HiGHS Status 7: Optimal),1398,0.0
2025-12-08,0,0.11369941699922492,63118.123104228995,144,40,6626,2025-10-29|2025-10-30|2025-10-31|2025-11-01|2025-11-02|2025-11-03|2025-11-04|2025-11-05|2025-11-06|2025-11-07|2025-11-08|2025-11-09|2025-11-10|2025-11-11|2025-11-12|2025-11-13|2025-11-14|2025-11-15|2025-11-16|2025-11-17|2025-11-18|2025-11-19|2025-11-20|2025-11-21|2025-11-22|2025-11-23|2025-11-24|2025-11-25|2025-11-26|2025-11-27|2025-11-28|2025-11-29|2025-11-30|2025-12-01|2025-12-02|2025-12-03|2025-12-04|2025-12-05|2025-12-06|2025-12-07,2025-12-08 00:00,2025-12-08 00:00,7.958078640513122e-13,0.0,0,True,Optimization terminated successfully. (HiGHS Status 7: Optimal),1392,0.0
2025-12-09,0,0.11423329100034607,63844.208029332825,144,40,6626,2025-10-30|2025-10-31|2025-11-01|2025-11-02|2025-11-03|2025-11-04|2025-11-05|2025-11-06|2025-11-07|2025-11-08|2025-11-09|2025-11-10|2025-11-11|2025-11-12|2025-11-13|2025-11-14|2025-11-15|2025-11-16|2025-11-17|2025-11-18|2025-11-19|2025-11-20|2025-11-21|2025-11-22|2025-11-23|2025-11-24|2025-11-25|2025-11-26|2025-11-27|2025-11-28|2025-11-29|2025-11-30|2025-12-01|2025-12-02|2025-12-03|2025-12-04|2025-12-05|2025-12-06|2025-12-07|2025-12-08,2025-12-09 00:00,2025-12-09 00:00,9.094947017729282e-13,2.2737367544323206e-13,0,True,Optimization terminated successfully. (HiGHS Status 7: Optimal),1396,0.0
2025-12-10,0,0.11336466600005224,63791.64378277762,144,40,6626,2025-10-31|2025-11-01|2025-11-02|2025-11-03|2025-11-04|2025-11-05|2025-11-06|2025-11-07|2025-11-08|2025-11-09|2025-11-10|2025-11-11|2025-11-12|2025-11-13|2025-11-14|2025-11-15|2025-11-16|2025-11-17|2025-11-18|2025-11-19|2025-11-20|2025-11-21|2025-11-22|2025-11-23|2025-11-24|2025-11-25|2025-11-26|2025-11-27|2025-11-28|2025-11-29|2025-11-30|2025-12-01|2025-12-02|2025-12-03|2025-12-04|2025-12-05|2025-12-06|2025-12-07|2025-12-08|2025-12-09,2025-12-10 00:00,2025-12-10 00:00,9.094947017729282e-13,2.2737367544323206e-13,0,True,Optimization terminated successfully. (HiGHS Status 7: Optimal),1399,0.0
2025-12-11,0,0.12464770800033875,63675.3271114018,144,40,6626,2025-11-01|2025-11-02|2025-11-03|2025-11-04|2025-11-05|2025-11-06|2025-11-07|2025-11-08|2025-11-09|2025-11-10|2025-11-11|2025-11-12|2025-11-13|2025-11-14|2025-11-15|2025-11-16|2025-11-17|2025-11-18|2025-11-19|2025-11-20|2025-11-21|2025-11-22|2025-11-23|2025-11-24|2025-11-25|2025-11-26|2025-11-27|2025-11-28|2025-11-29|2025-11-30|2025-12-01|2025-12-02|2025-12-03|2025-12-04|2025-12-05|2025-12-06|2025-12-07|2025-12-08|2025-12-09|2025-12-10,2025-12-11 00:00,2025-12-11 00:00,7.958078640513122e-13,2.2737367544323206e-13,0,True,Optimization terminated successfully. (HiGHS Status 7: Optimal),1389,0.0
2025-12-12,0,0.13913862499975949,28313.916333558984,144,40,6626,2025-11-02|2025-11-03|2025-11-04|2025-11-05|2025-11-06|2025-11-07|2025-11-08|2025-11-09|2025-11-10|2025-11-11|2025-11-12|2025-11-13|2025-11-14|2025-11-15|2025-11-16|2025-11-17|2025-11-18|2025-11-19|2025-11-20|2025-11-21|2025-11-22|2025-11-23|2025-11-24|2025-11-25|2025-11-26|2025-11-27|2025-11-28|2025-11-29|2025-11-30|2025-12-01|2025-12-02|2025-12-03|2025-12-04|2025-12-05|2025-12-06|2025-12-07|2025-12-08|2025-12-09|2025-12-10|2025-12-11,2025-12-12 00:00,2025-12-12 00:00,9.094947017729282e-13,1.1368683772161603e-13,0,True,Optimization terminated successfully. (HiGHS Status 7: Optimal),1305,0.0
2025-12-13,0,0.1322327090001636,29508.939860728085,144,40,6626,2025-11-03|2025-11-04|2025-11-05|2025-11-06|2025-11-07|2025-11-08|2025-11-09|2025-11-10|2025-11-11|2025-11-12|2025-11-13|2025-11-14|2025-11-15|2025-11-16|2025-11-17|2025-11-18|2025-11-19|2025-11-20|2025-11-21|2025-11-22|2025-11-23|2025-11-24|2025-11-25|2025-11-26|2025-11-27|2025-11-28|2025-11-29|2025-11-30|2025-12-01|2025-12-02|2025-12-03|2025-12-04|2025-12-05|2025-12-06|2025-12-07|2025-12-08|2025-12-09|2025-12-10|2025-12-11|2025-12-12,2025-12-13 00:00,2025-12-13 00:00,9.094947017729282e-13,5.684341886080802e-14,0,True,Optimization terminated successfully. (HiGHS Status 7: Optimal),1325,0.0
2025-12-14,0,0.11100095800065901,65246.374288112966,144,40,6626,2025-11-04|2025-11-05|2025-11-06|2025-11-07|2025-11-08|2025-11-09|2025-11-10|2025-11-11|2025-11-12|2025-11-13|2025-11-14|2025-11-15|2025-11-16|2025-11-17|2025-11-18|2025-11-19|2025-11-20|2025-11-21|2025-11-22|2025-11-23|2025-11-24|2025-11-25|2025-11-26|2025-11-27|2025-11-28|2025-11-29|2025-11-30|2025-12-01|2025-12-02|2025-12-03|2025-12-04|2025-12-05|2025-12-06|2025-12-07|2025-12-08|2025-12-09|2025-12-10|2025-12-11|2025-12-12|2025-12-13,2025-12-14 00:00,2025-12-14 00:00,9.094947017729282e-13,2.2737367544323206e-13,0,True,Optimization terminated successfully. (HiGHS Status 7: Optimal),1401,0.0
2025-12-15,0,0.1153895419993205,65784.0382014834,144,40,6626,2025-11-05|2025-11-06|2025-11-07|2025-11-08|2025-11-09|2025-11-10|2025-11-11|2025-11-12|2025-11-13|2025-11-14|2025-11-15|2025-11-16|2025-11-17|2025-11-18|2025-11-19|2025-11-20|2025-11-21|2025-11-22|2025-11-23|2025-11-24|2025-11-25|2025-11-26|2025-11-27|2025-11-28|2025-11-29|2025-11-30|2025-12-01|2025-12-02|2025-12-03|2025-12-04|2025-12-05|2025-12-06|2025-12-07|2025-12-08|2025-12-09|2025-12-10|2025-12-11|2025-12-12|2025-12-13|2025-12-14,2025-12-15 00:00,2025-12-15 00:00,8.526512829121202e-13,2.2737367544323206e-13,0,True,Optimization terminated successfully. (HiGHS Status 7: Optimal),1404,0.0
2025-12-16,0,0.11136395900030038,66979.35578092442,144,40,6626,2025-11-06|2025-11-07|2025-11-08|2025-11-09|2025-11-10|2025-11-11|2025-11-12|2025-11-13|2025-11-14|2025-11-15|2025-11-16|2025-11-17|2025-11-18|2025-11-19|2025-11-20|2025-11-21|2025-11-22|2025-11-23|2025-11-24|2025-11-25|2025-11-26|2025-11-27|2025-11-28|2025-11-29|2025-11-30|2025-12-01|2025-12-02|2025-12-03|2025-12-04|2025-12-05|2025-12-06|2025-12-07|2025-12-08|2025-12-09|2025-12-10|2025-12-11|2025-12-12|2025-12-13|2025-12-14|2025-12-15,2025-12-16 00:00,2025-12-16 00:00,7.958078640513122e-13,2.2737367544323206e-13,0,True,Optimization terminated successfully. (HiGHS Status 7: Optimal),1409,0.0
2025-12-17,0,0.11491299999943294,66824.22984336695,144,40,6626,2025-11-07|2025-11-08|2025-11-09|2025-11-10|2025-11-11|2025-11-12|2025-11-13|2025-11-14|2025-11-15|2025-11-16|2025-11-17|2025-11-18|2025-11-19|2025-11-20|2025-11-21|2025-11-22|2025-11-23|2025-11-24|2025-11-25|2025-11-26|2025-11-27|2025-11-28|2025-11-29|2025-11-30|2025-12-01|2025-12-02|2025-12-03|2025-12-04|2025-12-05|2025-12-06|2025-12-07|2025-12-08|2025-12-09|2025-12-10|2025-12-11|2025-12-12|2025-12-13|2025-12-14|2025-12-15|2025-12-16,2025-12-17 00:00,2025-12-17 00:00,7.958078640513122e-13,2.2737367544323206e-13,0,True,Optimization terminated successfully. (HiGHS Status 7: Optimal),1394,0.0
2025-12-18,0,0.11119629200038617,66159.40713764315,144,40,6626,2025-11-08|2025-11-09|2025-11-10|2025-11-11|2025-11-12|2025-11-13|2025-11-14|2025-11-15|2025-11-16|2025-11-17|2025-11-18|2025-11-19|2025-11-20|2025-11-21|2025-11-22|2025-11-23|2025-11-24|2025-11-25|2025-11-26|2025-11-27|2025-11-28|2025-11-29|2025-11-30|2025-12-01|2025-12-02|2025-12-03|2025-12-04|2025-12-05|2025-12-06|2025-12-07|2025-12-08|2025-12-09|2025-12-10|2025-12-11|2025-12-12|2025-12-13|2025-12-14|2025-12-15|2025-12-16|2025-12-17,2025-12-18 00:00,2025-12-18 00:00,7.958078640513122e-13,5.684341886080802e-14,0,True,Optimization terminated successfully. (HiGHS Status 7: Optimal),1401,0.0
2025-12-19,0,0.1323045830013143,30707.372949021978,144,40,6626,2025-11-09|2025-11-10|2025-11-11|2025-11-12|2025-11-13|2025-11-14|2025-11-15|2025-11-16|2025-11-17|2025-11-18|2025-11-19|2025-11-20|2025-11-21|2025-11-22|2025-11-23|2025-11-24|2025-11-25|2025-11-26|2025-11-27|2025-11-28|2025-11-29|2025-11-30|2025-12-01|2025-12-02|2025-12-03|2025-12-04|2025-12-05|2025-12-06|2025-12-07|2025-12-08|2025-12-09|2025-12-10|2025-12-11|2025-12-12|2025-12-13|2025-12-14|2025-12-15|2025-12-16|2025-12-17|2025-12-18,2025-12-19 00:00,2025-12-19 00:00,8.419931418757187e-13,1.1368683772161603e-13,0,True,Optimization terminated successfully. (HiGHS Status 7: Optimal),1347,0.0
2025-12-20,0,0.12598679200164042,31924.170973756885,144,40,6626,2025-11-10|2025-11-11|2025-11-12|2025-11-13|2025-11-14|2025-11-15|2025-11-16|2025-11-17|2025-11-18|2025-11-19|2025-11-20|2025-11-21|2025-11-22|2025-11-23|2025-11-24|2025-11-25|2025-11-26|2025-11-27|2025-11-28|2025-11-29|2025-11-30|2025-12-01|2025-12-02|2025-12-03|2025-12-04|2025-12-05|2025-12-06|2025-12-07|2025-12-08|2025-12-09|2025-12-10|2025-12-11|2025-12-12|2025-12-13|2025-12-14|2025-12-15|2025-12-16|2025-12-17|2025-12-18|2025-12-19,2025-12-20 00:00,2025-12-20 00:00,8.242295734817162e-13,5.684341886080802e-14,0,True,Optimization terminated successfully. (HiGHS Status 7: Optimal),1365,0.0
2025-12-21,0,0.11037454200049979,67665.61866540622,144,40,6626,2025-11-11|2025-11-12|2025-11-13|2025-11-14|2025-11-15|2025-11-16|2025-11-17|2025-11-18|2025-11-19|2025-11-20|2025-11-21|2025-11-22|2025-11-23|2025-11-24|2025-11-25|2025-11-26|2025-11-27|2025-11-28|2025-11-29|2025-11-30|2025-12-01|2025-12-02|2025-12-03|2025-12-04|2025-12-05|2025-12-06|2025-12-07|2025-12-08|2025-12-09|2025-12-10|2025-12-11|2025-12-12|2025-12-13|2025-12-14|2025-12-15|2025-12-16|2025-12-17|2025-12-18|2025-12-19|2025-12-20,2025-12-21 00:00,2025-12-21 00:00,7.958078640513122e-13,2.2737367544323206e-13,0,True,Optimization terminated successfully. (HiGHS Status 7: Optimal),1407,0.0
2025-12-22,0,0.10705474999849685,68620.29700272193,144,40,6626,2025-11-12|2025-11-13|2025-11-14|2025-11-15|2025-11-16|2025-11-17|2025-11-18|2025-11-19|2025-11-20|2025-11-21|2025-11-22|2025-11-23|2025-11-24|2025-11-25|2025-11-26|2025-11-27|2025-11-28|2025-11-29|2025-11-30|2025-12-01|2025-12-02|2025-12-03|2025-12-04|2025-12-05|2025-12-06|2025-12-07|2025-12-08|2025-12-09|2025-12-10|2025-12-11|2025-12-12|2025-12-13|2025-12-14|2025-12-15|2025-12-16|2025-12-17|2025-12-18|2025-12-19|2025-12-20|2025-12-21,2025-12-22 00:00,2025-12-22 00:00,7.958078640513122e-13,2.2737367544323206e-13,0,True,Optimization terminated successfully. (HiGHS Status 7: Optimal),1397,0.0
2025-12-23,0,0.10361062499941909,69508.06654036794,144,40,6626,2025-11-13|2025-11-14|2025-11-15|2025-11-16|2025-11-17|2025-11-18|2025-11-19|2025-11-20|2025-11-21|2025-11-22|2025-11-23|2025-11-24|2025-11-25|2025-11-26|2025-11-27|2025-11-28|2025-11-29|2025-11-30|2025-12-01|2025-12-02|2025-12-03|2025-12-04|2025-12-05|2025-12-06|2025-12-07|2025-12-08|2025-12-09|2025-12-10|2025-12-11|2025-12-12|2025-12-13|2025-12-14|2025-12-15|2025-12-16|2025-12-17|2025-12-18|2025-12-19|2025-12-20|2025-12-21|2025-12-22,2025-12-23 00:00,2025-12-23 00:00,7.958078640513122e-13,5.684341886080802e-14,0,True,Optimization terminated successfully. (HiGHS Status 7: Optimal),1400,0.0
2025-12-24,0,0.11093758300012269,68975.00669108475,144,40,6626,2025-11-14|2025-11-15|2025-11-16|2025-11-17|2025-11-18|2025-11-19|2025-11-20|2025-11-21|2025-11-22|2025-11-23|2025-11-24|2025-11-25|2025-11-26|2025-11-27|2025-11-28|2025-11-29|2025-11-30|2025-12-01|2025-12-02|2025-12-03|2025-12-04|2025-12-05|2025-12-06|2025-12-07|2025-12-08|2025-12-09|2025-12-10|2025-12-11|2025-12-12|2025-12-13|2025-12-14|2025-12-15|2025-12-16|2025-12-17|2025-12-18|2025-12-19|2025-12-20|2025-12-21|2025-12-22|2025-12-23,2025-12-24 00:00,2025-12-24 00:00,7.958078640513122e-13,0.0,0,True,Optimization terminated successfully. (HiGHS Status 7: Optimal),1391,0.0
2025-12-25,0,0.10464629200032505,68477.2168970082,144,40,6626,2025-11-15|2025-11-16|2025-11-17|2025-11-18|2025-11-19|2025-11-20|2025-11-21|2025-11-22|2025-11-23|2025-11-24|2025-11-25|2025-11-26|2025-11-27|2025-11-28|2025-11-29|2025-11-30|2025-12-01|2025-12-02|2025-12-03|2025-12-04|2025-12-05|2025-12-06|2025-12-07|2025-12-08|2025-12-09|2025-12-10|2025-12-11|2025-12-12|2025-12-13|2025-12-14|2025-12-15|2025-12-16|2025-12-17|2025-12-18|2025-12-19|2025-12-20|2025-12-21|2025-12-22|2025-12-23|2025-12-24,2025-12-25 00:00,2025-12-25 00:00,7.958078640513122e-13,2.2737367544323206e-13,0,True,Optimization terminated successfully. (HiGHS Status 7: Optimal),1400,0.0
2025-12-26,0,0.12560441699861258,32958.48400211811,144,40,6626,2025-11-16|2025-11-17|2025-11-18|2025-11-19|2025-11-20|2025-11-21|2025-11-22|2025-11-23|2025-11-24|2025-11-25|2025-11-26|2025-11-27|2025-11-28|2025-11-29|2025-11-30|2025-12-01|2025-12-02|2025-12-03|2025-12-04|2025-12-05|2025-12-06|2025-12-07|2025-12-08|2025-12-09|2025-12-10|2025-12-11|2025-12-12|2025-12-13|2025-12-14|2025-12-15|2025-12-16|2025-12-17|2025-12-18|2025-12-19|2025-12-20|2025-12-21|2025-12-22|2025-12-23|2025-12-24|2025-12-25,2025-12-26 00:00,2025-12-26 00:00,9.094947017729282e-13,2.2737367544323206e-13,0,True,Optimization terminated successfully. (HiGHS Status 7: Optimal),1370,0.0
2025-12-27,0,0.1278882499991596,33882.078103413856,144,40,6626,2025-11-17|2025-11-18|2025-11-19|2025-11-20|2025-11-21|2025-11-22|2025-11-23|2025-11-24|2025-11-25|2025-11-26|2025-11-27|2025-11-28|2025-11-29|2025-11-30|2025-12-01|2025-12-02|2025-12-03|2025-12-04|2025-12-05|2025-12-06|2025-12-07|2025-12-08|2025-12-09|2025-12-10|2025-12-11|2025-12-12|2025-12-13|2025-12-14|2025-12-15|2025-12-16|2025-12-17|2025-12-18|2025-12-19|2025-12-20|2025-12-21|2025-12-22|2025-12-23|2025-12-24|2025-12-25|2025-12-26,2025-12-27 00:00,2025-12-27 00:00,9.094947017729282e-13,5.684341886080802e-14,0,True,Optimization terminated successfully. (HiGHS Status 7: Optimal),1376,0.0
2025-12-28,0,0.10758225000063248,70075.71012848998,144,40,6626,2025-11-18|2025-11-19|2025-11-20|2025-11-21|2025-11-22|2025-11-23|2025-11-24|2025-11-25|2025-11-26|2025-11-27|2025-11-28|2025-11-29|2025-11-30|2025-12-01|2025-12-02|2025-12-03|2025-12-04|2025-12-05|2025-12-06|2025-12-07|2025-12-08|2025-12-09|2025-12-10|2025-12-11|2025-12-12|2025-12-13|2025-12-14|2025-12-15|2025-12-16|2025-12-17|2025-12-18|2025-12-19|2025-12-20|2025-12-21|2025-12-22|2025-12-23|2025-12-24|2025-12-25|2025-12-26|2025-12-27,2025-12-28 00:00,2025-12-28 00:00,7.958078640513122e-13,5.684341886080802e-14,0,True,Optimization terminated successfully. (HiGHS Status 7: Optimal),1399,0.0
2025-12-29,0,0.10675341600108368,71268.37735861195,144,40,6626,2025-11-19|2025-11-20|2025-11-21|2025-11-22|2025-11-23|2025-11-24|2025-11-25|2025-11-26|2025-11-27|2025-11-28|2025-11-29|2025-11-30|2025-12-01|2025-12-02|2025-12-03|2025-12-04|2025-12-05|2025-12-06|2025-12-07|2025-12-08|2025-12-09|2025-12-10|2025-12-11|2025-12-12|2025-12-13|2025-12-14|2025-12-15|2025-12-16|2025-12-17|2025-12-18|2025-12-19|2025-12-20|2025-12-21|2025-12-22|2025-12-23|2025-12-24|2025-12-25|2025-12-26|2025-12-27|2025-12-28,2025-12-29 00:00,2025-12-29 00:00,7.958078640513122e-13,2.2737367544323206e-13,0,True,Optimization terminated successfully. (HiGHS Status 7: Optimal),1382,0.0
2025-12-30,0,0.1090241670008254,71453.89717131681,144,40,6626,2025-11-20|2025-11-21|2025-11-22|2025-11-23|2025-11-24|2025-11-25|2025-11-26|2025-11-27|2025-11-28|2025-11-29|2025-11-30|2025-12-01|2025-12-02|2025-12-03|2025-12-04|2025-12-05|2025-12-06|2025-12-07|2025-12-08|2025-12-09|2025-12-10|2025-12-11|2025-12-12|2025-12-13|2025-12-14|2025-12-15|2025-12-16|2025-12-17|2025-12-18|2025-12-19|2025-12-20|2025-12-21|2025-12-22|2025-12-23|2025-12-24|2025-12-25|2025-12-26|2025-12-27|2025-12-28|2025-12-29,2025-12-30 00:00,2025-12-30 00:00,7.958078640513122e-13,2.2737367544323206e-13,0,True,Optimization terminated successfully. (HiGHS Status 7: Optimal),1396,0.0
2025-12-31,0,0.10991908299911302,70945.05969005753,144,40,6626,2025-11-21|2025-11-22|2025-11-23|2025-11-24|2025-11-25|2025-11-26|2025-11-27|2025-11-28|2025-11-29|2025-11-30|2025-12-01|2025-12-02|2025-12-03|2025-12-04|2025-12-05|2025-12-06|2025-12-07|2025-12-08|2025-12-09|2025-12-10|2025-12-11|2025-12-12|2025-12-13|2025-12-14|2025-12-15|2025-12-16|2025-12-17|2025-12-18|2025-12-19|2025-12-20|2025-12-21|2025-12-22|2025-12-23|2025-12-24|2025-12-25|2025-12-26|2025-12-27|2025-12-28|2025-12-29|2025-12-30,2025-12-31 00:00,2025-12-31 00:00,9.094947017729282e-13,2.2737367544323206e-13,0,True,Optimization terminated successfully. (HiGHS Status 7: Optimal),1393,0.0
