date,issue_hour,seconds,objective,horizon_intervals,scenarios,variables,history_dates,latest_observation,decision_time,max_soc_residual,max_balance_residual,status,success,message,iterations,lp_residual
2025-02-01,0,0.030291208999187802,25945.41003007825,144,10,2306,2025-01-22|2025-01-23|2025-01-24|2025-01-25|2025-01-26|2025-01-27|2025-01-28|2025-01-29|2025-01-30|2025-01-31,2025-02-01 00:00,2025-02-01 00:00,9.094947017729282e-13,5.684341886080802e-14,0,True,Optimization terminated successfully. (HiGHS Status 7: Optimal),499,0.0
2025-02-02,0,0.02893283400044311,61166.27582412932,144,10,2306,2025-01-23|2025-01-24|2025-01-25|2025-01-26|2025-01-27|2025-01-28|2025-01-29|2025-01-30|2025-01-31|2025-02-01,2025-02-02 00:00,2025-02-02 00:00,1.0231815394945443e-12,0.0,0,True,Optimization terminated successfully. (HiGHS Status 7: Optimal),531,0.0
2025-02-03,0,0.03000541700021131,59316.57390737186,144,10,2306,2025-01-24|2025-01-25|2025-01-26|2025-01-27|2025-01-28|2025-01-29|2025-01-30|2025-01-31|2025-02-01|2025-02-02,2025-02-03 00:00,2025-02-03 00:00,7.958078640513122e-13,0.0,0,True,Optimization terminated successfully. (HiGHS Status 7: Optimal),535,0.0
2025-02-04,0,0.027211624999836204,59281.48606600207,144,10,2306,2025-01-25|2025-01-26|2025-01-27|2025-01-28|2025-01-29|2025-01-30|2025-01-31|2025-02-01|2025-02-02|2025-02-03,2025-02-04 00:00,2025-02-04 00:00,8.526512829121202e-13,0.0,0,True,Optimization terminated successfully. (HiGHS Status 7: Optimal),524,0.0
2025-02-05,0,0.028765750001184642,58774.30787083084,144,10,2306,2025-01-26|2025-01-27|2025-01-28|2025-01-29|2025-01-30|2025-01-31|2025-02-01|2025-02-02|2025-02-03|2025-02-04,2025-02-05 00:00,2025-02-05 00:00,9.379164112033322e-13,0.0,0,True,Optimization terminated successfully. (HiGHS Status 7: Optimal),522,0.0
2025-02-06,0,0.03012795900031051,59232.74815454392,144,10,2306,2025-01-27|2025-01-28|2025-01-29|2025-01-30|2025-01-31|2025-02-01|2025-02-02|2025-02-03|2025-02-04|2025-02-05,2025-02-06 00:00,2025-02-06 00:00,8.810729923425242e-13,2.842170943040401e-14,0,True,Optimization terminated successfully. (HiGHS Status 7: Optimal),536,0.0
2025-02-07,0,0.03326016699975298,23710.85786186539,144,10,2306,2025-01-28|2025-01-29|2025-01-30|2025-01-31|2025-02-01|2025-02-02|2025-02-03|2025-02-04|2025-02-05|2025-02-06,2025-02-07 00:00,2025-02-07 00:00,8.810729923425242e-13,1.1368683772161603e-13,0,True,Optimization terminated successfully. (HiGHS Status 7: Optimal),489,0.0
2025-02-08,0,0.0318066669988184,22306.127492639327,144,10,2306,2025-01-29|2025-01-30|2025-01-31|2025-02-01|2025-02-02|2025-02-03|2025-02-04|2025-02-05|2025-02-06|2025-02-07,2025-02-08 00:00,2025-02-08 00:00,9.094947017729282e-13,1.1368683772161603e-13,0,True,Optimization terminated successfully. (HiGHS Status 7: Optimal),479,0.0
2025-02-09,0,0.03354866600056994,56306.14877013979,144,10,2306,2025-01-30|2025-01-31|2025-02-01|2025-02-02|2025-02-03|2025-02-04|2025-02-05|2025-02-06|2025-02-07|2025-02-08,2025-02-09 00:00,2025-02-09 00:00,9.094947017729282e-13,2.842170943040401e-14,0,True,Optimization terminated successfully. (HiGHS Status 7: Optimal),536,0.0
2025-02-10,0,0.030616041000030236,55243.9837302818,144,10,2306,2025-01-31|2025-02-01|2025-02-02|2025-02-03|2025-02-04|2025-02-05|2025-02-06|2025-02-07|2025-02-08|2025-02-09,2025-02-10 00:00,2025-02-10 00:00,8.526512829121202e-13,5.684341886080802e-14,0,True,Optimization terminated successfully. (HiGHS Status 7: Optimal),537,0.0
2025-02-11,0,0.02943299999969895,54911.16061666954,144,10,2306,2025-02-01|2025-02-02|2025-02-03|2025-02-04|2025-02-05|2025-02-06|2025-02-07|2025-02-08|2025-02-09|2025-02-10,2025-02-11 00:00,2025-02-11 00:00,9.094947017729282e-13,2.2737367544323206e-13,0,True,Optimization terminated successfully. (HiGHS Status 7: Optimal),531,0.0
2025-02-12,0,0.030394499999601976,54767.01270481237,144,10,2306,2025-02-02|2025-02-03|2025-02-04|2025-02-05|2025-02-06|2025-02-07|2025-02-08|2025-02-09|2025-02-10|2025-02-11,2025-02-12 00:00,2025-02-12 00:00,9.094947017729282e-13,2.2737367544323206e-13,0,True,Optimization terminated successfully. (HiGHS Status 7: Optimal),522,0.0
2025-02-13,0,0.03676383299898589,55207.53134371187,144,10,2306,2025-02-03|2025-02-04|2025-02-05|2025-02-06|2025-02-07|2025-02-08|2025-02-09|2025-02-10|2025-02-11|2025-02-12,2025-02-13 00:00,2025-02-13 00:00,8.526512829121202e-13,1.1368683772161603e-13,0,True,Optimization terminated successfully. (HiGHS Status 7: Optimal),534,0.0
2025-02-14,0,0.03345333300057973,20594.02817874871,144,10,2306,2025-02-04|2025-02-05|2025-02-06|2025-02-07|2025-02-08|2025-02-09|2025-02-10|2025-02-11|2025-02-12|2025-02-13,2025-02-14 00:00,2025-02-14 00:00,8.668621376273222e-13,1.1368683772161603e-13,0,True,Optimization terminated successfully. (HiGHS Status 7: Optimal),484,0.0
2025-02-15,0,0.0283457500008808,19906.830667774106,144,10,2306,2025-02-05|2025-02-06|2025-02-07|2025-02-08|2025-02-09|2025-02-10|2025-02-11|2025-02-12|2025-02-13|2025-02-14,2025-02-15 00:00,2025-02-15 00:00,6.821210263296962e-13,1.1368683772161603e-13,0,True,Optimization terminated successfully. (HiGHS Status 7: Optimal),477,0.0
2025-02-16,0,0.030860167000355432,53199.632469942,144,10,2306,2025-02-06|2025-02-07|2025-02-08|2025-02-09|2025-02-10|2025-02-11|2025-02-12|2025-02-13|2025-02-14|2025-02-15,2025-02-16 00:00,2025-02-16 00:00,7.958078640513122e-13,1.1368683772161603e-13,0,True,Optimization terminated successfully. (HiGHS Status 7: Optimal),534,0.0
2025-02-17,0,0.03029466699990735,51794.18686165062,144,10,2306,2025-02-07|2025-02-08|2025-02-09|2025-02-10|2025-02-11|2025-02-12|2025-02-13|2025-02-14|2025-02-15|2025-02-16,2025-02-17 00:00,2025-02-17 00:00,8.810729923425242e-13,1.1368683772161603e-13,0,True,Optimization terminated successfully. (HiGHS Status 7: Optimal),547,0.0
2025-02-18,0,0.0367383749999135,51581.87650826517,144,10,2306,2025-02-08|2025-02-09|2025-02-10|2025-02-11|2025-02-12|2025-02-13|2025-02-14|2025-02-15|2025-02-16|2025-02-17,2025-02-18 00:00,2025-02-18 00:00,8.526512829121202e-13,0.0,0,True,Optimization terminated successfully. (HiGHS Status 7: Optimal),538,0.0
2025-02-19,0,0.036683625001387554,51094.30878209416,144,10,2306,2025-02-09|2025-02-10|2025-02-11|2025-02-12|2025-02-13|2025-02-14|2025-02-15|2025-02-16|2025-02-17|2025-02-18,2025-02-19 00:00,2025-02-19 00:00,7.958078640513122e-13,0.0,0,True,Optimization terminated successfully. (HiGHS Status 7: Optimal),538,0.0
2025-02-20,0,0.03247008300058951,50682.454519776235,144,10,2306,2025-02-10|2025-02-11|2025-02-12|2025-02-13|2025-02-14|2025-02-15|2025-02-16|2025-02-17|2025-02-18|2025-02-19,2025-02-20 00:00,2025-02-20 00:00,7.958078640513122e-13,1.4210854715202004e-14,0,True,Optimization terminated successfully. (HiGHS Status 7: Optimal),543,0.0
2025-02-21,0,0.02918429199962702,19290.252594657348,144,10,2306,2025-02-11|2025-02-12|2025-02-13|2025-02-14|2025-02-15|2025-02-16|2025-02-17|2025-02-18|2025-02-19|2025-02-20,2025-02-21 00:00,2025-02-21 00:00,9.094947017729282e-13,5.684341886080802e-14,0,True,Optimization terminated successfully. (HiGHS Status 7: Optimal),438,0.0
2025-02-22,0,0.02932154199879733,19081.31045845484,144,10,2306,2025-02-12|2025-02-13|2025-02-14|2025-02-15|2025-02-16|2025-02-17|2025-02-18|2025-02-19|2025-02-20|2025-02-21,2025-02-22 00:00,2025-02-22 00:00,9.094947017729282e-13,5.684341886080802e-14,0,True,Optimization terminated successfully. (HiGHS Status 7: Optimal),438,0.0
2025-02-23,0,0.0362177499991958,50462.98301623862,144,10,2306,2025-02-13|2025-02-14|2025-02-15|2025-02-16|2025-02-17|2025-02-18|2025-02-19|2025-02-20|2025-02-21|2025-02-22,2025-02-23 00:00,2025-02-23 00:00,8.242295734817162e-13,0.0,0,True,Optimization terminated successfully. (HiGHS Status 7: Optimal),540,0.0
2025-02-24,0,0.03619241700107523,48644.64675819956,144,10,2306,2025-02-14|2025-02-15|2025-02-16|2025-02-17|2025-02-18|2025-02-19|2025-02-20|2025-02-21|2025-02-22|2025-02-23,2025-02-24 00:00,2025-02-24 00:00,8.526512829121202e-13,1.4210854715202004e-14,0,True,Optimization terminated successfully. (HiGHS Status 7: Optimal),532,0.0
2025-02-25,0,0.03637754100054735,49703.51598740606,144,10,2306,2025-02-15|2025-02-16|2025-02-17|2025-02-18|2025-02-19|2025-02-20|2025-02-21|2025-02-22|2025-02-23|2025-02-24,2025-02-25 00:00,2025-02-25 00:00,7.958078640513122e-13,0.0,0,True,Optimization terminated successfully. (HiGHS Status 7: Optimal),540,0.0
2025-02-26,0,0.03553466700032004,48696.31881443382,144,10,2306,2025-02-16|2025-02-17|2025-02-18|2025-02-19|2025-02-20|2025-02-21|2025-02-22|2025-02-23|2025-02-24|2025-02-25,2025-02-26 00:00,2025-02-26 00:00,9.094947017729282e-13,1.1368683772161603e-13,0,True,Optimization terminated successfully. (HiGHS Status 7: Optimal),534,0.0
2025-02-27,0,0.029907083000580315,48066.18703886299,144,10,2306,2025-02-17|2025-02-18|2025-02-19|2025-02-20|2025-02-21|2025-02-22|2025-02-23|2025-02-24|2025-02-25|2025-02-26,2025-02-27 00:00,2025-02-27 00:00,8.526512829121202e-13,1.1368683772161603e-13,0,True,Optimization terminated successfully. (HiGHS Status 7: Optimal),533,0.0
2025-02-28,0,0.033680165999612655,18740.759400398118,144,10,2306,2025-02-18|2025-02-19|2025-02-20|2025-02-21|2025-02-22|2025-02-23|2025-02-24|2025-02-25|2025-02-26|2025-02-27,2025-02-28 00:00,2025-02-28 00:00,7.958078640513122e-13,5.684341886080802e-14,0,True,Optimization terminated successfully. (HiGHS Status 7: Optimal),440,0.0
2025-03-01,0,0.03257899999880465,18535.00962566447,144,10,2306,2025-02-19|2025-02-20|2025-02-21|2025-02-22|2025-02-23|2025-02-24|2025-02-25|2025-02-26|2025-02-27|2025-02-28,2025-03-01 00:00,2025-03-01 00:00,8.242295734817162e-13,1.1368683772161603e-13,0,True,Optimization terminated successfully. (HiGHS Status 7: Optimal),432,0.0
2025-03-02,0,0.036108708000028855,48429.58160366111,144,10,2306,2025-02-20|2025-02-21|2025-02-22|2025-02-23|2025-02-24|2025-02-25|2025-02-26|2025-02-27|2025-02-28|2025-03-01,2025-03-02 00:00,2025-03-02 00:00,9.094947017729282e-13,0.0,0,True,Optimization terminated successfully. (HiGHS Status 7: Optimal),542,0.0
2025-03-03,0,0.0364041670000006,47823.7006046895,144,10,2306,2025-02-21|2025-02-22|2025-02-23|2025-02-24|2025-02-25|2025-02-26|2025-02-27|2025-02-28|2025-03-01|2025-03-02,2025-03-03 00:00,2025-03-03 00:00,9.094947017729282e-13,2.2737367544323206e-13,0,True,Optimization terminated successfully. (HiGHS Status 7: Optimal),541,0.0
2025-03-04,0,0.03574270900026022,49433.44831455,144,10,2306,2025-02-22|2025-02-23|2025-02-24|2025-02-25|2025-02-26|2025-02-27|2025-02-28|2025-03-01|2025-03-02|2025-03-03,2025-03-04 00:00,2025-03-04 00:00,7.958078640513122e-13,5.684341886080802e-14,0,True,Optimization terminated successfully. (HiGHS Status 7: Optimal),536,0.0
2025-03-05,0,0.03676041700055066,50125.75283299876,144,10,2306,2025-02-23|2025-02-24|2025-02-25|2025-02-26|2025-02-27|2025-02-28|2025-03-01|2025-03-02|2025-03-03|2025-03-04,2025-03-05 00:00,2025-03-05 00:00,8.206768598029157e-13,1.1368683772161603e-13,0,True,Optimization terminated successfully. (HiGHS Status 7: Optimal),539,0.0
2025-03-06,0,0.0319386659994052,48636.34138261525,144,10,2306,2025-02-24|2025-02-25|2025-02-26|2025-02-27|2025-02-28|2025-03-01|2025-03-02|2025-03-03|2025-03-04|2025-03-05,2025-03-06 00:00,2025-03-06 00:00,9.094947017729282e-13,0.0,0,True,Optimization terminated successfully. (HiGHS Status 7: Optimal),535,0.0
2025-03-07,0,0.029315624999071588,18127.465106623546,144,10,2306,2025-02-25|2025-02-26|2025-02-27|2025-02-28|2025-03-01|2025-03-02|2025-03-03|2025-03-04|2025-03-05|2025-03-06,2025-03-07 00:00,2025-03-07 00:00,7.958078640513122e-13,1.1368683772161603e-13,0,True,Optimization terminated successfully. (HiGHS Status 7: Optimal),446,0.0
2025-03-08,0,0.02658841599986772,17995.05963120232,144,10,2306,2025-02-26|2025-02-27|2025-02-28|2025-03-01|2025-03-02|2025-03-03|2025-03-04|2025-03-05|2025-03-06|2025-03-07,2025-03-08 00:00,2025-03-08 00:00,6.821210263296962e-13,1.1368683772161603e-13,0,True,Optimization terminated successfully. (HiGHS Status 7: Optimal),455,0.0
2025-03-09,0,0.030690792000314104,50149.69493634934,144,10,2306,2025-02-27|2025-02-28|2025-03-01|2025-03-02|2025-03-03|2025-03-04|2025-03-05|2025-03-06|2025-03-07|2025-03-08,2025-03-09 00:00,2025-03-09 00:00,7.958078640513122e-13,5.684341886080802e-14,0,True,Optimization terminated successfully. (HiGHS Status 7: Optimal),549,0.0
2025-03-10,0,0.029725250000410597,47861.185136033535,144,10,2306,2025-02-28|2025-03-01|2025-03-02|2025-03-03|2025-03-04|2025-03-05|2025-03-06|2025-03-07|2025-03-08|2025-03-09,2025-03-10 00:00,2025-03-10 00:00,9.663381206337363e-13,1.1368683772161603e-13,0,True,Optimization terminated successfully. (HiGHS Status 7: Optimal),543,0.0
2025-03-11,0,0.029825415998857352,47464.32805263065,144,10,2306,2025-03-01|2025-03-02|2025-03-03|2025-03-04|2025-03-05|2025-03-06|2025-03-07|2025-03-08|2025-03-09|2025-03-10,2025-03-11 00:00,2025-03-11 00:00,9.094947017729282e-13,2.2737367544323206e-13,0,True,Optimization terminated successfully. (HiGHS Status 7: Optimal),532,0.0
2025-03-12,0,0.030359458000020823,47629.51193402655,144,10,2306,2025-03-02|2025-03-03|2025-03-04|2025-03-05|2025-03-06|2025-03-07|2025-03-08|2025-03-09|2025-03-10|2025-03-11,2025-03-12 00:00,2025-03-12 00:00,7.958078640513122e-13,2.2737367544323206e-13,0,True,Optimization terminated successfully. (HiGHS Status 7: Optimal),536,0.0
2025-03-13,0,0.030605042000388494,45728.24457605778,144,10,2306,2025-03-03|2025-03-04|2025-03-05|2025-03-06|2025-03-07|2025-03-08|2025-03-09|2025-03-10|2025-03-11|2025-03-12,2025-03-13 00:00,2025-03-13 00:00,1.0231815394945443e-12,5.684341886080802e-14,0,True,Optimization terminated successfully. (HiGHS Status 7: Optimal),532,0.0
2025-03-14,0,0.026431166999827838,17195.743804316033,144,10,2306,2025-03-04|2025-03-05|2025-03-06|2025-03-07|2025-03-08|2025-03-09|2025-03-10|2025-03-11|2025-03-12|2025-03-13,2025-03-14 00:00,2025-03-14 00:00,7.958078640513122e-13,1.1368683772161603e-13,0,True,Optimization terminated successfully. (HiGHS Status 7: Optimal),435,0.0
2025-03-15,0,0.027205250000406522,17158.679510071866,144,10,2306,2025-03-05|2025-03-06|2025-03-07|2025-03-08|2025-03-09|2025-03-10|2025-03-11|2025-03-12|2025-03-13|2025-03-14,2025-03-15 00:00,2025-03-15 00:00,8.242295734817162e-13,1.1368683772161603e-13,0,True,Optimization terminated successfully. (HiGHS Status 7: Optimal),435,0.0
2025-03-16,0,0.030649500000436092,47096.77908962292,144,10,2306,2025-03-06|2025-03-07|2025-03-08|2025-03-09|2025-03-10|2025-03-11|2025-03-12|2025-03-13|2025-03-14|2025-03-15,2025-03-16 00:00,2025-03-16 00:00,9.094947017729282e-13,1.1368683772161603e-13,0,True,Optimization terminated successfully. (HiGHS Status 7: Optimal),526,0.0
2025-03-17,0,0.03043245799926808,46489.34962549067,144,10,2306,2025-03-07|2025-03-08|2025-03-09|2025-03-10|2025-03-11|2025-03-12|2025-03-13|2025-03-14|2025-03-15|2025-03-16,2025-03-17 00:00,2025-03-17 00:00,9.094947017729282e-13,2.2737367544323206e-13,0,True,Optimization terminated successfully. (HiGHS Status 7: Optimal),538,0.0
2025-03-18,0,0.03021762500065961,44694.299630408255,144,10,2306,2025-03-08|2025-03-09|2025-03-10|2025-03-11|2025-03-12|2025-03-13|2025-03-14|2025-03-15|2025-03-16|2025-03-17,2025-03-18 00:00,2025-03-18 00:00,7.958078640513122e-13,1.4210854715202004e-14,0,True,Optimization terminated successfully. (HiGHS Status 7: Optimal),540,0.0
2025-03-19,0,0.029978959000800387,44911.27889380083,144,10,2306,2025-03-09|2025-03-10|2025-03-11|2025-03-12|2025-03-13|2025-03-14|2025-03-15|2025-03-16|2025-03-17|2025-03-18,2025-03-19 00:00,2025-03-19 00:00,8.242295734817162e-13,1.1368683772161603e-13,0,True,Optimization terminated successfully. (HiGHS Status 7: Optimal),533,0.0
2025-03-20,0,0.030671625001559732,45190.58577162983,144,10,2306,2025-03-10|2025-03-11|2025-03-12|2025-03-13|2025-03-14|2025-03-15|2025-03-16|2025-03-17|2025-03-18|2025-03-19,2025-03-20 00:00,2025-03-20 00:00,9.094947017729282e-13,1.1368683772161603e-13,0,True,Optimization terminated successfully. (HiGHS Status 7: Optimal),530,0.0
2025-03-21,0,0.02600137499939592,16714.276537863938,144,10,2306,2025-03-11|2025-03-12|2025-03-13|2025-03-14|2025-03-15|2025-03-16|2025-03-17|2025-03-18|2025-03-19|2025-03-20,2025-03-21 00:00,2025-03-21 00:00,8.242295734817162e-13,5.684341886080802e-14,0,True,Optimization terminated successfully. (HiGHS Status 7: Optimal),424,0.0
2025-03-22,0,0.02667466700040677,16756.727405519163,144,10,2306,2025-03-12|2025-03-13|2025-03-14|2025-03-15|2025-03-16|2025-03-17|2025-03-18|2025-03-19|2025-03-20|2025-03-21,2025-03-22 00:00,2025-03-22 00:00,7.958078640513122e-13,1.1368683772161603e-13,0,True,Optimization terminated successfully. (HiGHS Status 7: Optimal),427,0.0
2025-03-23,0,0.031162958999630064,44652.193024900305,144,10,2306,2025-03-13|2025-03-14|2025-03-15|2025-03-16|2025-03-17|2025-03-18|2025-03-19|2025-03-20|2025-03-21|2025-03-22,2025-03-23 00:00,2025-03-23 00:00,9.094947017729282e-13,2.2737367544323206e-13,0,True,Optimization terminated successfully. (HiGHS Status 7: Optimal),540,0.0
2025-03-24,0,0.030661875000078,42812.995369706165,144,10,2306,2025-03-14|2025-03-15|2025-03-16|2025-03-17|2025-03-18|2025-03-19|2025-03-20|2025-03-21|2025-03-22|2025-03-23,2025-03-24 00:00,2025-03-24 00:00,9.094947017729282e-13,5.684341886080802e-14,0,True,Optimization terminated successfully. (HiGHS Status 7: Optimal),527,0.0
2025-03-25,0,0.028419874999599415,41718.40759961987,144,10,2306,2025-03-15|2025-03-16|2025-03-17|2025-03-18|2025-03-19|2025-03-20|2025-03-21|2025-03-22|2025-03-23|2025-03-24,2025-03-25 00:00,2025-03-25 00:00,8.846257060213247e-13,1.1368683772161603e-13,0,True,Optimization terminated successfully. (HiGHS Status 7: Optimal),529,0.0
2025-03-26,0,0.02981250000084401,41250.79681633566,144,10,2306,2025-03-16|2025-03-17|2025-03-18|2025-03-19|2025-03-20|2025-03-21|2025-03-22|2025-03-23|2025-03-24|2025-03-25,2025-03-26 00:00,2025-03-26 00:00,8.242295734817162e-13,1.1368683772161603e-13,0,True,Optimization terminated successfully. (HiGHS Status 7: Optimal),532,0.0
2025-03-27,0,0.029199083999628783,42054.22878541446,144,10,2306,2025-03-17|2025-03-18|2025-03-19|2025-03-20|2025-03-21|2025-03-22|2025-03-23|2025-03-24|2025-03-25|2025-03-26,2025-03-27 00:00,2025-03-27 00:00,8.881784197001252e-13,1.1368683772161603e-13,0,True,Optimization terminated successfully. (HiGHS Status 7: Optimal),531,0.0
2025-03-28,0,0.023851125000874163,15946.95136123541,144,10,2306,2025-03-18|2025-03-19|2025-03-20|2025-03-21|2025-03-22|2025-03-23|2025-03-24|2025-03-25|2025-03-26|2025-03-27,2025-03-28 00:00,2025-03-28 00:00,9.094947017729282e-13,1.1368683772161603e-13,0,True,Optimization terminated successfully. (HiGHS Status 7: Optimal),413,0.0
2025-03-29,0,0.025921124999513268,16082.283244647706,144,10,2306,2025-03-19|2025-03-20|2025-03-21|2025-03-22|2025-03-23|2025-03-24|2025-03-25|2025-03-26|2025-03-27|2025-03-28,2025-03-29 00:00,2025-03-29 00:00,7.958078640513122e-13,2.2737367544323206e-13,0,True,Optimization terminated successfully. (HiGHS Status 7: Optimal),424,0.0
2025-03-30,0,0.029510416999983136,41252.57126800181,144,10,2306,2025-03-20|2025-03-21|2025-03-22|2025-03-23|2025-03-24|2025-03-25|2025-03-26|2025-03-27|2025-03-28|2025-03-29,2025-03-30 00:00,2025-03-30 00:00,9.094947017729282e-13,5.684341886080802e-14,0,True,Optimization terminated successfully. (HiGHS Status 7: Optimal),528,0.0
2025-03-31,0,0.030098082999757025,40768.14508484076,144,10,2306,2025-03-21|2025-03-22|2025-03-23|2025-03-24|2025-03-25|2025-03-26|2025-03-27|2025-03-28|2025-03-29|2025-03-30,2025-03-31 00:00,2025-03-31 00:00,9.094947017729282e-13,1.1368683772161603e-13,0,True,Optimization terminated successfully. (HiGHS Status 7: Optimal),541,0.0
2025-04-01,0,0.03167570900041028,40904.91860917242,144,10,2306,2025-03-22|2025-03-23|2025-03-24|2025-03-25|2025-03-26|2025-03-27|2025-03-28|2025-03-29|2025-03-30|2025-03-31,2025-04-01 00:00,2025-04-01 00:00,9.094947017729282e-13,1.1368683772161603e-13,0,True,Optimization terminated successfully. (HiGHS Status 7: Optimal),535,0.0
2025-04-02,0,0.028145459000370465,39627.88752659247,144,10,2306,2025-03-23|2025-03-24|2025-03-25|2025-03-26|2025-03-27|2025-03-28|2025-03-29|2025-03-30|2025-03-31|2025-04-01,2025-04-02 00:00,2025-04-02 00:00,9.094947017729282e-13,1.1368683772161603e-13,0,True,Optimization terminated successfully. (HiGHS Status 7: Optimal),535,0.0
2025-04-03,0,0.02901120800015633,42409.47282551773,144,10,2306,2025-03-24|2025-03-25|2025-03-26|2025-03-27|2025-03-28|2025-03-29|2025-03-30|2025-03-31|2025-04-01|2025-04-02,2025-04-03 00:00,2025-04-03 00:00,9.094947017729282e-13,1.1368683772161603e-13,0,True,Optimization terminated successfully. (HiGHS Status 7: Optimal),526,0.0
2025-04-04,0,0.02589970799999719,15519.98544927521,144,10,2306,2025-03-25|2025-03-26|2025-03-27|2025-03-28|2025-03-29|2025-03-30|2025-03-31|2025-04-01|2025-04-02|2025-04-03,2025-04-04 00:00,2025-04-04 00:00,9.094947017729282e-13,5.684341886080802e-14,0,True,Optimization terminated successfully. (HiGHS Status 7: Optimal),414,0.0
2025-04-05,0,0.026017874999524793,15679.994922934573,144,10,2306,2025-03-26|2025-03-27|2025-03-28|2025-03-29|2025-03-30|2025-03-31|2025-04-01|2025-04-02|2025-04-03|2025-04-04,2025-04-05 00:00,2025-04-05 00:00,1.0231815394945443e-12,5.684341886080802e-14,0,True,Optimization terminated successfully. (HiGHS Status 7: Optimal),416,0.0
2025-04-06,0,0.030651666998892324,40376.02663149926,144,10,2306,2025-03-27|2025-03-28|2025-03-29|2025-03-30|2025-03-31|2025-04-01|2025-04-02|2025-04-03|2025-04-04|2025-04-05,2025-04-06 00:00,2025-04-06 00:00,9.094947017729282e-13,5.684341886080802e-14,0,True,Optimization terminated successfully. (HiGHS Status 7: Optimal),538,0.0
2025-04-07,0,0.03044104100081313,40405.04680728168,144,10,2306,2025-03-28|2025-03-29|2025-03-30|2025-03-31|2025-04-01|2025-04-02|2025-04-03|2025-04-04|2025-04-05|2025-04-06,2025-04-07 00:00,2025-04-07 00:00,9.094947017729282e-13,1.1368683772161603e-13,0,True,Optimization terminated successfully. (HiGHS Status 7: Optimal),529,0.0
2025-04-08,0,0.029697833000682294,41098.55815377761,144,10,2306,2025-03-29|2025-03-30|2025-03-31|2025-04-01|2025-04-02|2025-04-03|2025-04-04|2025-04-05|2025-04-06|2025-04-07,2025-04-08 00:00,2025-04-08 00:00,8.668621376273222e-13,1.1368683772161603e-13,0,True,Optimization terminated successfully. (HiGHS Status 7: Optimal),537,0.0
2025-04-09,0,0.027769333000833285,40052.852225788716,144,10,2306,2025-03-30|2025-03-31|2025-04-01|2025-04-02|2025-04-03|2025-04-04|2025-04-05|2025-04-06|2025-04-07|2025-04-08,2025-04-09 00:00,2025-04-09 00:00,9.094947017729282e-13,1.1368683772161603e-13,0,True,Optimization terminated successfully. (HiGHS Status 7: Optimal),538,0.0
2025-04-10,0,0.028865666999990935,41610.60857501519,144,10,2306,2025-03-31|2025-04-01|2025-04-02|2025-04-03|2025-04-04|2025-04-05|2025-04-06|2025-04-07|2025-04-08|2025-04-09,2025-04-10 00:00,2025-04-10 00:00,9.094947017729282e-13,1.1368683772161603e-13,0,True,Optimization terminated successfully. (HiGHS Status 7: Optimal),541,0.0
2025-04-11,0,0.02526716700049292,15139.961934367915,144,10,2306,2025-04-01|2025-04-02|2025-04-03|2025-04-04|2025-04-05|2025-04-06|2025-04-07|2025-04-08|2025-04-09|2025-04-10,2025-04-11 00:00,2025-04-11 00:00,7.389644451905042e-13,2.2737367544323206e-13,0,True,Optimization terminated successfully. (HiGHS Status 7: Optimal),410,0.0
2025-04-12,0,0.02557991700086859,15377.821336587282,144,10,2306,2025-04-02|2025-04-03|2025-04-04|2025-04-05|2025-04-06|2025-04-07|2025-04-08|2025-04-09|2025-04-10|2025-04-11,2025-04-12 00:00,2025-04-12 00:00,7.673861546209082e-13,2.2737367544323206e-13,0,True,Optimization terminated successfully. (HiGHS Status 7: Optimal),415,0.0
2025-04-13,0,0.02980208400003903,38582.88783404437,144,10,2306,2025-04-03|2025-04-04|2025-04-05|2025-04-06|2025-04-07|2025-04-08|2025-04-09|2025-04-10|2025-04-11|2025-04-12,2025-04-13 00:00,2025-04-13 00:00,8.526512829121202e-13,1.1368683772161603e-13,0,True,Optimization terminated successfully. (HiGHS Status 7: Optimal),529,0.0
2025-04-14,0,0.029592625000077533,37921.57553373245,144,10,2306,2025-04-04|2025-04-05|2025-04-06|2025-04-07|2025-04-08|2025-04-09|2025-04-10|2025-04-11|2025-04-12|2025-04-13,2025-04-14 00:00,2025-04-14 00:00,1.0231815394945443e-12,1.1368683772161603e-13,0,True,Optimization terminated successfully. (HiGHS Status 7: Optimal),507,0.0
2025-04-15,0,0.029574665999462013,39698.38984296746,144,10,2306,2025-04-05|2025-04-06|2025-04-07|2025-04-08|2025-04-09|2025-04-10|2025-04-11|2025-04-12|2025-04-13|2025-04-14,2025-04-15 00:00,2025-04-15 00:00,9.094947017729282e-13,1.1368683772161603e-13,0,True,Optimization terminated successfully. (HiGHS Status 7: Optimal),519,0.0
2025-04-16,0,0.027703333000317798,39077.805432709945,144,10,2306,2025-04-06|2025-04-07|2025-04-08|2025-04-09|2025-04-10|2025-04-11|2025-04-12|2025-04-13|2025-04-14|2025-04-15,2025-04-16 00:00,2025-04-16 00:00,9.094947017729282e-13,1.1368683772161603e-13,0,True,Optimization terminated successfully. (HiGHS Status 7: Optimal),528,0.0
2025-04-17,0,0.02886166600001161,39044.134614661154,144,10,2306,2025-04-07|2025-04-08|2025-04-09|2025-04-10|2025-04-11|2025-04-12|2025-04-13|2025-04-14|2025-04-15|2025-04-16,2025-04-17 00:00,2025-04-17 00:00,7.958078640513122e-13,5.684341886080802e-14,0,True,Optimization terminated successfully. (HiGHS Status 7: Optimal),532,0.0
2025-04-18,0,0.02265145799901802,14792.465187321246,144,10,2306,2025-04-08|2025-04-09|2025-04-10|2025-04-11|2025-04-12|2025-04-13|2025-04-14|2025-04-15|2025-04-16|2025-04-17,2025-04-18 00:00,2025-04-18 00:00,7.958078640513122e-13,5.684341886080802e-14,0,True,Optimization terminated successfully. (HiGHS Status 7: Optimal),403,0.0
2025-04-19,0,0.025720999999975902,14777.96381113354,144,10,2306,2025-04-09|2025-04-10|2025-04-11|2025-04-12|2025-04-13|2025-04-14|2025-04-15|2025-04-16|2025-04-17|2025-04-18,2025-04-19 00:00,2025-04-19 00:00,8.526512829121202e-13,5.684341886080802e-14,0,True,Optimization terminated successfully. (HiGHS Status 7: Optimal),403,0.0
2025-04-20,0,0.027432875000158674,37288.06305461544,144,10,2306,2025-04-10|2025-04-11|2025-04-12|2025-04-13|2025-04-14|2025-04-15|2025-04-16|2025-04-17|2025-04-18|2025-04-19,2025-04-20 00:00,2025-04-20 00:00,9.094947017729282e-13,1.1368683772161603e-13,0,True,Optimization terminated successfully. (HiGHS Status 7: Optimal),517,0.0
2025-04-21,0,0.028336540999589488,37100.70913077213,144,10,2306,2025-04-11|2025-04-12|2025-04-13|2025-04-14|2025-04-15|2025-04-16|2025-04-17|2025-04-18|2025-04-19|2025-04-20,2025-04-21 00:00,2025-04-21 00:00,8.526512829121202e-13,2.2737367544323206e-13,0,True,Optimization terminated successfully. (HiGHS Status 7: Optimal),510,0.0
2025-04-22,0,0.03013045799889369,37962.567005944504,144,10,2306,2025-04-12|2025-04-13|2025-04-14|2025-04-15|2025-04-16|2025-04-17|2025-04-18|2025-04-19|2025-04-20|2025-04-21,2025-04-22 00:00,2025-04-22 00:00,8.313350008393172e-13,1.1368683772161603e-13,0,True,Optimization terminated successfully. (HiGHS Status 7: Optimal),521,0.0
2025-04-23,0,0.030401250000068103,38393.21560490621,144,10,2306,2025-04-13|2025-04-14|2025-04-15|2025-04-16|2025-04-17|2025-04-18|2025-04-19|2025-04-20|2025-04-21|2025-04-22,2025-04-23 00:00,2025-04-23 00:00,8.810729923425242e-13,1.1368683772161603e-13,0,True,Optimization terminated successfully. (HiGHS Status 7: Optimal),534,0.0
2025-04-24,0,0.02948020800067752,37281.4723736786,144,10,2306,2025-04-14|2025-04-15|2025-04-16|2025-04-17|2025-04-18|2025-04-19|2025-04-20|2025-04-21|2025-04-22|2025-04-23,2025-04-24 00:00,2025-04-24 00:00,9.094947017729282e-13,1.1368683772161603e-13,0,True,Optimization terminated successfully. (HiGHS Status 7: Optimal),522,0.0
2025-04-25,0,0.02554950000012468,13847.457181295826,144,10,2306,2025-04-15|2025-04-16|2025-04-17|2025-04-18|2025-04-19|2025-04-20|2025-04-21|2025-04-22|2025-04-23|2025-04-24,2025-04-25 00:00,2025-04-25 00:00,8.810729923425242e-13,5.684341886080802e-14,0,True,Optimization terminated successfully. (HiGHS Status 7: Optimal),400,0.0
2025-04-26,0,0.0257795419984177,13883.554748959781,144,10,2306,2025-04-16|2025-04-17|2025-04-18|2025-04-19|2025-04-20|2025-04-21|2025-04-22|2025-04-23|2025-04-24|2025-04-25,2025-04-26 00:00,2025-04-26 00:00,8.952838470577262e-13,5.684341886080802e-14,0,True,Optimization terminated successfully. (HiGHS Status 7: Optimal),404,0.0
2025-04-27,0,0.029824541001289617,35774.075850103094,144,10,2306,2025-04-17|2025-04-18|2025-04-19|2025-04-20|2025-04-21|2025-04-22|2025-04-23|2025-04-24|2025-04-25|2025-04-26,2025-04-27 00:00,2025-04-27 00:00,1.0231815394945443e-12,2.2737367544323206e-13,0,True,Optimization terminated successfully. (HiGHS Status 7: Optimal),511,0.0
2025-04-28,0,0.029144707999876118,35178.80158487806,144,10,2306,2025-04-18|2025-04-19|2025-04-20|2025-04-21|2025-04-22|2025-04-23|2025-04-24|2025-04-25|2025-04-26|2025-04-27,2025-04-28 00:00,2025-04-28 00:00,9.094947017729282e-13,1.1368683772161603e-13,0,True,Optimization terminated successfully. (HiGHS Status 7: Optimal),508,0.0
2025-04-29,0,0.029724500000156695,37490.827799357634,144,10,2306,2025-04-19|2025-04-20|2025-04-21|2025-04-22|2025-04-23|2025-04-24|2025-04-25|2025-04-26|2025-04-27|2025-04-28,2025-04-29 00:00,2025-04-29 00:00,9.094947017729282e-13,1.1368683772161603e-13,0,True,Optimization terminated successfully. (HiGHS Status 7: Optimal),517,0.0
2025-04-30,0,0.03077241699975275,38481.50724639685,144,10,2306,2025-04-20|2025-04-21|2025-04-22|2025-04-23|2025-04-24|2025-04-25|2025-04-26|2025-04-27|2025-04-28|2025-04-29,2025-04-30 00:00,2025-04-30 00:00,7.958078640513122e-13,1.1368683772161603e-13,0,True,Optimization terminated successfully. (HiGHS Status 7: Optimal),541,0.0
2025-05-01,0,0.03006387499954144,36610.57787011154,144,10,2306,2025-04-21|2025-04-22|2025-04-23|2025-04-24|2025-04-25|2025-04-26|2025-04-27|2025-04-28|2025-04-29|2025-04-30,2025-05-01 00:00,2025-05-01 00:00,8.810729923425242e-13,5.684341886080802e-14,0,True,Optimization terminated successfully. (HiGHS Status 7: Optimal),515,0.0
2025-05-02,0,0.02419295800063992,14553.214465279165,144,10,2306,2025-04-22|2025-04-23|2025-04-24|2025-04-25|2025-04-26|2025-04-27|2025-04-28|2025-04-29|2025-04-30|2025-05-01,2025-05-02 00:00,2025-05-02 00:00,8.242295734817162e-13,2.2737367544323206e-13,0,True,Optimization terminated successfully. (HiGHS Status 7: Optimal),397,0.0
2025-05-03,0,0.025370749999638065,15735.972393003336,144,10,2306,2025-04-23|2025-04-24|2025-04-25|2025-04-26|2025-04-27|2025-04-28|2025-04-29|2025-04-30|2025-05-01|2025-05-02,2025-05-03 00:00,2025-05-03 00:00,9.094947017729282e-13,2.2737367544323206e-13,0,True,Optimization terminated successfully. (HiGHS Status 7: Optimal),411,0.0
2025-05-04,0,0.031128874999922118,40654.70448904931,144,10,2306,2025-04-24|2025-04-25|2025-04-26|2025-04-27|2025-04-28|2025-04-29|2025-04-30|2025-05-01|2025-05-02|2025-05-03,2025-05-04 00:00,2025-05-04 00:00,8.242295734817162e-13,1.1368683772161603e-13,0,True,Optimization terminated successfully. (HiGHS Status 7: Optimal),528,0.0
2025-05-05,0,0.030349332999321632,40963.607669946105,144,10,2306,2025-04-25|2025-04-26|2025-04-27|2025-04-28|2025-04-29|2025-04-30|2025-05-01|2025-05-02|2025-05-03|2025-05-04,2025-05-05 00:00,2025-05-05 00:00,8.526512829121202e-13,0.0,0,True,Optimization terminated successfully. (HiGHS Status 7: Optimal),525,0.0
2025-05-06,0,0.0298508750001929,41023.20178211309,144,10,2306,2025-04-26|2025-04-27|2025-04-28|2025-04-29|2025-04-30|2025-05-01|2025-05-02|2025-05-03|2025-05-04|2025-05-05,2025-05-06 00:00,2025-05-06 00:00,9.094947017729282e-13,1.1368683772161603e-13,0,True,Optimization terminated successfully. (HiGHS Status 7: Optimal),516,0.0
2025-05-07,0,0.027150166999490466,42381.47286828122,144,10,2306,2025-04-27|2025-04-28|2025-04-29|2025-04-30|2025-05-01|2025-05-02|2025-05-03|2025-05-04|2025-05-05|2025-05-06,2025-05-07 00:00,2025-05-07 00:00,7.958078640513122e-13,0.0,0,True,Optimization terminated successfully. (HiGHS Status 7: Optimal),544,0.0
2025-05-08,0,0.02620687499984342,42163.82094008285,144,10,2306,2025-04-28|2025-04-29|2025-04-30|2025-05-01|2025-05-02|2025-05-03|2025-05-04|2025-05-05|2025-05-06|2025-05-07,2025-05-08 00:00,2025-05-08 00:00,9.094947017729282e-13,0.0,0,True,Optimization terminated successfully. (HiGHS Status 7: Optimal),525,0.0
2025-05-09,0,0.02353904200026591,17721.827002740614,144,10,2306,2025-04-29|2025-04-30|2025-05-01|2025-05-02|2025-05-03|2025-05-04|2025-05-05|2025-05-06|2025-05-07|2025-05-08,2025-05-09 00:00,2025-05-09 00:00,9.094947017729282e-13,5.684341886080802e-14,0,True,Optimization terminated successfully. (HiGHS Status 7: Optimal),412,0.0
2025-05-10,0,0.025561749998814776,17634.876752900414,144,10,2306,2025-04-30|2025-05-01|2025-05-02|2025-05-03|2025-05-04|2025-05-05|2025-05-06|2025-05-07|2025-05-08|2025-05-09,2025-05-10 00:00,2025-05-10 00:00,9.094947017729282e-13,5.684341886080802e-14,0,True,Optimization terminated successfully. (HiGHS Status 7: Optimal),416,0.0
2025-05-11,0,0.028593375000127708,42350.61922379804,144,10,2306,2025-05-01|2025-05-02|2025-05-03|2025-05-04|2025-05-05|2025-05-06|2025-05-07|2025-05-08|2025-05-09|2025-05-10,2025-05-11 00:00,2025-05-11 00:00,8.384404281969182e-13,1.1368683772161603e-13,0,True,Optimization terminated successfully. (HiGHS Status 7: Optimal),536,0.0
2025-05-12,0,0.027503332999913255,43234.42738977107,144,10,2306,2025-05-02|2025-05-03|2025-05-04|2025-05-05|2025-05-06|2025-05-07|2025-05-08|2025-05-09|2025-05-10|2025-05-11,2025-05-12 00:00,2025-05-12 00:00,9.094947017729282e-13,1.1368683772161603e-13,0,True,Optimization terminated successfully. (HiGHS Status 7: Optimal),536,0.0
2025-05-13,0,0.02845049999996263,41115.47976188832,144,10,2306,2025-05-03|2025-05-04|2025-05-05|2025-05-06|2025-05-07|2025-05-08|2025-05-09|2025-05-10|2025-05-11|2025-05-12,2025-05-13 00:00,2025-05-13 00:00,7.958078640513122e-13,1.1368683772161603e-13,0,True,Optimization terminated successfully. (HiGHS Status 7: Optimal),518,0.0
2025-05-14,0,0.026388209000288043,41810.371460603485,144,10,2306,2025-05-04|2025-05-05|2025-05-06|2025-05-07|2025-05-08|2025-05-09|2025-05-10|2025-05-11|2025-05-12|2025-05-13,2025-05-14 00:00,2025-05-14 00:00,9.094947017729282e-13,1.1368683772161603e-13,0,True,Optimization terminated successfully. (HiGHS Status 7: Optimal),534,0.0
2025-05-15,0,0.02611100000103761,41773.98531477395,144,10,2306,2025-05-05|2025-05-06|2025-05-07|2025-05-08|2025-05-09|2025-05-10|2025-05-11|2025-05-12|2025-05-13|2025-05-14,2025-05-15 00:00,2025-05-15 00:00,1.0231815394945443e-12,1.1368683772161603e-13,0,True,Optimization terminated successfully. (HiGHS Status 7: Optimal),526,0.0
2025-05-16,0,0.024815208000291022,17448.561086471866,144,10,2306,2025-05-06|2025-05-07|2025-05-08|2025-05-09|2025-05-10|2025-05-11|2025-05-12|2025-05-13|2025-05-14|2025-05-15,2025-05-16 00:00,2025-05-16 00:00,8.739675649849232e-13,5.684341886080802e-14,0,True,Optimization terminated successfully. (HiGHS Status 7: Optimal),419,0.0
2025-05-17,0,0.023568875001728884,17318.27723004082,144,10,2306,2025-05-07|2025-05-08|2025-05-09|2025-05-10|2025-05-11|2025-05-12|2025-05-13|2025-05-14|2025-05-15|2025-05-16,2025-05-17 00:00,2025-05-17 00:00,7.247535904753022e-13,2.2737367544323206e-13,0,True,Optimization terminated successfully. (HiGHS Status 7: Optimal),412,0.0
2025-05-18,0,0.025154958000712213,41187.421707782625,144,10,2306,2025-05-08|2025-05-09|2025-05-10|2025-05-11|2025-05-12|2025-05-13|2025-05-14|2025-05-15|2025-05-16|2025-05-17,2025-05-18 00:00,2025-05-18 00:00,7.602807272633072e-13,1.1368683772161603e-13,0,True,Optimization terminated successfully. (HiGHS Status 7: Optimal),525,0.0
2025-05-19,0,0.030239458001233288,41360.77492296624,144,10,2306,2025-05-09|2025-05-10|2025-05-11|2025-05-12|2025-05-13|2025-05-14|2025-05-15|2025-05-16|2025-05-17|2025-05-18,2025-05-19 00:00,2025-05-19 00:00,9.094947017729282e-13,0.0,0,True,Optimization terminated successfully. (HiGHS Status 7: Optimal),537,0.0
2025-05-20,0,0.0274196660011512,40485.28098796475,144,10,2306,2025-05-10|2025-05-11|2025-05-12|2025-05-13|2025-05-14|2025-05-15|2025-05-16|2025-05-17|2025-05-18|2025-05-19,2025-05-20 00:00,2025-05-20 00:00,9.094947017729282e-13,1.1368683772161603e-13,0,True,Optimization terminated successfully. (HiGHS Status 7: Optimal),521,0.0
2025-05-21,0,0.028136999999333057,40250.72691246518,144,10,2306,2025-05-11|2025-05-12|2025-05-13|2025-05-14|2025-05-15|2025-05-16|2025-05-17|2025-05-18|2025-05-19|2025-05-20,2025-05-21 00:00,2025-05-21 00:00,8.668621376273222e-13,1.1368683772161603e-13,0,True,Optimization terminated successfully. (HiGHS Status 7: Optimal),524,0.0
2025-05-22,0,0.02492316700045194,40371.14149577543,144,10,2306,2025-05-12|2025-05-13|2025-05-14|2025-05-15|2025-05-16|2025-05-17|2025-05-18|2025-05-19|2025-05-20|2025-05-21,2025-05-22 00:00,2025-05-22 00:00,8.526512829121202e-13,0.0,0,True,Optimization terminated successfully. (HiGHS Status 7: Optimal),511,0.0
2025-05-23,0,0.02304258399999526,16642.020393253122,144,10,2306,2025-05-13|2025-05-14|2025-05-15|2025-05-16|2025-05-17|2025-05-18|2025-05-19|2025-05-20|2025-05-21|2025-05-22,2025-05-23 00:00,2025-05-23 00:00,9.094947017729282e-13,5.684341886080802e-14,0,True,Optimization terminated successfully. (HiGHS Status 7: Optimal),413,0.0
2025-05-24,0,0.02334691699979885,16755.230125949376,144,10,2306,2025-05-14|2025-05-15|2025-05-16|2025-05-17|2025-05-18|2025-05-19|2025-05-20|2025-05-21|2025-05-22|2025-05-23,2025-05-24 00:00,2025-05-24 00:00,8.881784197001252e-13,1.1368683772161603e-13,0,True,Optimization terminated successfully. (HiGHS Status 7: Optimal),412,0.0
2025-05-25,0,0.026740041001175996,39798.30060108092,144,10,2306,2025-05-15|2025-05-16|2025-05-17|2025-05-18|2025-05-19|2025-05-20|2025-05-21|2025-05-22|2025-05-23|2025-05-24,2025-05-25 00:00,2025-05-25 00:00,9.094947017729282e-13,1.1368683772161603e-13,0,True,Optimization terminated successfully. (HiGHS Status 7: Optimal),520,0.0
2025-05-26,0,0.026989666001099977,39753.988678287344,144,10,2306,2025-05-16|2025-05-17|2025-05-18|2025-05-19|2025-05-20|2025-05-21|2025-05-22|2025-05-23|2025-05-24|2025-05-25,2025-05-26 00:00,2025-05-26 00:00,7.034373084024992e-13,8.526512829121202e-14,0,True,Optimization terminated successfully. (HiGHS Status 7: Optimal),521,0.0
2025-05-27,0,0.027908583000680665,39810.20636666337,144,10,2306,2025-05-17|2025-05-18|2025-05-19|2025-05-20|2025-05-21|2025-05-22|2025-05-23|2025-05-24|2025-05-25|2025-05-26,2025-05-27 00:00,2025-05-27 00:00,8.597567102697212e-13,0.0,0,True,Optimization terminated successfully. (HiGHS Status 7: Optimal),522,0.0
2025-05-28,0,0.027765167000325164,39193.848865397085,144,10,2306,2025-05-18|2025-05-19|2025-05-20|2025-05-21|2025-05-22|2025-05-23|2025-05-24|2025-05-25|2025-05-26|2025-05-27,2025-05-28 00:00,2025-05-28 00:00,8.526512829121202e-13,5.684341886080802e-14,0,True,Optimization terminated successfully. (HiGHS Status 7: Optimal),513,0.0
2025-05-29,0,0.02714616599951114,39789.62327289869,144,10,2306,2025-05-19|2025-05-20|2025-05-21|2025-05-22|2025-05-23|2025-05-24|2025-05-25|2025-05-26|2025-05-27|2025-05-28,2025-05-29 00:00,2025-05-29 00:00,7.958078640513122e-13,1.1368683772161603e-13,0,True,Optimization terminated successfully. (HiGHS Status 7: Optimal),517,0.0
2025-05-30,0,0.02463170800001535,16277.906353110831,144,10,2306,2025-05-20|2025-05-21|2025-05-22|2025-05-23|2025-05-24|2025-05-25|2025-05-26|2025-05-27|2025-05-28|2025-05-29,2025-05-30 00:00,2025-05-30 00:00,8.526512829121202e-13,5.684341886080802e-14,0,True,Optimization terminated successfully. (HiGHS Status 7: Optimal),409,0.0
2025-05-31,0,0.02200441700006195,16166.706322131673,144,10,2306,2025-05-21|2025-05-22|2025-05-23|2025-05-24|2025-05-25|2025-05-26|2025-05-27|2025-05-28|2025-05-29|2025-05-30,2025-05-31 00:00,2025-05-31 00:00,8.242295734817162e-13,0.0,0,True,Optimization terminated successfully. (HiGHS Status 7: Optimal),402,0.0
2025-06-01,0,0.029828332999386475,38628.09164272342,144,10,2306,2025-05-22|2025-05-23|2025-05-24|2025-05-25|2025-05-26|2025-05-27|2025-05-28|2025-05-29|2025-05-30|2025-05-31,2025-06-01 00:00,2025-06-01 00:00,7.958078640513122e-13,1.1368683772161603e-13,0,True,Optimization terminated successfully. (HiGHS Status 7: Optimal),513,0.0
2025-06-02,0,0.026181749999523163,43525.64879595028,144,10,2306,2025-05-23|2025-05-24|2025-05-25|2025-05-26|2025-05-27|2025-05-28|2025-05-29|2025-05-30|2025-05-31|2025-06-01,2025-06-02 00:00,2025-06-02 00:00,8.242295734817162e-13,2.842170943040401e-14,0,True,Optimization terminated successfully. (HiGHS Status 7: Optimal),543,0.0
2025-06-03,0,0.02631245800148463,47162.44678258392,144,10,2306,2025-05-24|2025-05-25|2025-05-26|2025-05-27|2025-05-28|2025-05-29|2025-05-30|2025-05-31|2025-06-01|2025-06-02,2025-06-03 00:00,2025-06-03 00:00,9.094947017729282e-13,1.1368683772161603e-13,0,True,Optimization terminated successfully. (HiGHS Status 7: Optimal),545,0.0
2025-06-04,0,0.029980500001329347,48468.03007489214,144,10,2306,2025-05-25|2025-05-26|2025-05-27|2025-05-28|2025-05-29|2025-05-30|2025-05-31|2025-06-01|2025-06-02|2025-06-03,2025-06-04 00:00,2025-06-04 00:00,9.094947017729282e-13,1.4210854715202004e-14,0,True,Optimization terminated successfully. (HiGHS Status 7: Optimal),539,0.0
2025-06-05,0,0.031159207999735372,49918.564321403064,144,10,2306,2025-05-26|2025-05-27|2025-05-28|2025-05-29|2025-05-30|2025-05-31|2025-06-01|2025-06-02|2025-06-03|2025-06-04,2025-06-05 00:00,2025-06-05 00:00,8.810729923425242e-13,5.684341886080802e-14,0,True,Optimization terminated successfully. (HiGHS Status 7: Optimal),541,0.0
2025-06-06,0,0.030933207999623846,21057.959100859363,144,10,2306,2025-05-27|2025-05-28|2025-05-29|2025-05-30|2025-05-31|2025-06-01|2025-06-02|2025-06-03|2025-06-04|2025-06-05,2025-06-06 00:00,2025-06-06 00:00,9.094947017729282e-13,5.684341886080802e-14,0,True,Optimization terminated successfully. (HiGHS Status 7: Optimal),434,0.0
2025-06-07,0,0.028168208000352024,22194.445647392808,144,10,2306,2025-05-28|2025-05-29|2025-05-30|2025-05-31|2025-06-01|2025-06-02|2025-06-03|2025-06-04|2025-06-05|2025-06-06,2025-06-07 00:00,2025-06-07 00:00,8.242295734817162e-13,1.1368683772161603e-13,0,True,Optimization terminated successfully. (HiGHS Status 7: Optimal),471,0.0
2025-06-08,0,0.029874791000111145,56130.848687016376,144,10,2306,2025-05-29|2025-05-30|2025-05-31|2025-06-01|2025-06-02|2025-06-03|2025-06-04|2025-06-05|2025-06-06|2025-06-07,2025-06-08 00:00,2025-06-08 00:00,9.094947017729282e-13,1.1368683772161603e-13,0,True,Optimization terminated successfully. (HiGHS Status 7: Optimal),528,0.0
2025-06-09,0,0.029183417000240297,55198.63209947484,144,10,2306,2025-05-30|2025-05-31|2025-06-01|2025-06-02|2025-06-03|2025-06-04|2025-06-05|2025-06-06|2025-06-07|2025-06-08,2025-06-09 00:00,2025-06-09 00:00,8.526512829121202e-13,5.684341886080802e-14,0,True,Optimization terminated successfully. (HiGHS Status 7: Optimal),526,0.0
2025-06-10,0,0.029742708000412676,55891.52811754896,144,10,2306,2025-05-31|2025-06-01|2025-06-02|2025-06-03|2025-06-04|2025-06-05|2025-06-06|2025-06-07|2025-06-08|2025-06-09,2025-06-10 00:00,2025-06-10 00:00,7.958078640513122e-13,2.2737367544323206e-13,0,True,Optimization terminated successfully. (HiGHS Status 7: Optimal),528,0.0
2025-06-11,0,0.029916584000602597,55806.28208891452,144,10,2306,2025-06-01|2025-06-02|2025-06-03|2025-06-04|2025-06-05|2025-06-06|2025-06-07|2025-06-08|2025-06-09|2025-06-10,2025-06-11 00:00,2025-06-11 00:00,9.663381206337363e-13,1.1368683772161603e-13,0,True,Optimization terminated successfully. (HiGHS Status 7: Optimal),532,0.0
2025-06-12,0,0.030189167000571615,56576.730930254314,144,10,2306,2025-06-02|2025-06-03|2025-06-04|2025-06-05|2025-06-06|2025-06-07|2025-06-08|2025-06-09|2025-06-10|2025-06-11,2025-06-12 00:00,2025-06-12 00:00,9.663381206337363e-13,2.2737367544323206e-13,0,True,Optimization terminated successfully. (HiGHS Status 7: Optimal),532,0.0
2025-06-13,0,0.027398125001127482,24705.80607039463,144,10,2306,2025-06-03|2025-06-04|2025-06-05|2025-06-06|2025-06-07|2025-06-08|2025-06-09|2025-06-10|2025-06-11|2025-06-12,2025-06-13 00:00,2025-06-13 00:00,8.881784197001252e-13,1.1368683772161603e-13,0,True,Optimization terminated successfully. (HiGHS Status 7: Optimal),474,0.0
2025-06-14,0,0.030437249999522464,25236.09567825083,144,10,2306,2025-06-04|2025-06-05|2025-06-06|2025-06-07|2025-06-08|2025-06-09|2025-06-10|2025-06-11|2025-06-12|2025-06-13,2025-06-14 00:00,2025-06-14 00:00,7.673861546209082e-13,1.1368683772161603e-13,0,True,Optimization terminated successfully. (HiGHS Status 7: Optimal),500,0.0
2025-06-15,0,0.03126775000055204,58096.07387624126,144,10,2306,2025-06-05|2025-06-06|2025-06-07|2025-06-08|2025-06-09|2025-06-10|2025-06-11|2025-06-12|2025-06-13|2025-06-14,2025-06-15 00:00,2025-06-15 00:00,8.526512829121202e-13,2.2737367544323206e-13,0,True,Optimization terminated successfully. (HiGHS Status 7: Optimal),533,0.0
2025-06-16,0,0.03019483299976855,58849.2419208257,144,10,2306,2025-06-06|2025-06-07|2025-06-08|2025-06-09|2025-06-10|2025-06-11|2025-06-12|2025-06-13|2025-06-14|2025-06-15,2025-06-16 00:00,2025-06-16 00:00,7.958078640513122e-13,2.2737367544323206e-13,0,True,Optimization terminated successfully. (HiGHS Status 7: Optimal),525,0.0
2025-06-17,0,0.027177457999641774,57770.52317152411,144,10,2306,2025-06-07|2025-06-08|2025-06-09|2025-06-10|2025-06-11|2025-06-12|2025-06-13|2025-06-14|2025-06-15|2025-06-16,2025-06-17 00:00,2025-06-17 00:00,9.094947017729282e-13,2.842170943040401e-14,0,True,Optimization terminated successfully. (HiGHS Status 7: Optimal),531,0.0
2025-06-18,0,0.02756658399994194,57848.20718671346,144,10,2306,2025-06-08|2025-06-09|2025-06-10|2025-06-11|2025-06-12|2025-06-13|2025-06-14|2025-06-15|2025-06-16|2025-06-17,2025-06-18 00:00,2025-06-18 00:00,9.094947017729282e-13,1.1368683772161603e-13,0,True,Optimization terminated successfully. (HiGHS Status 7: Optimal),531,0.0
2025-06-19,0,0.029657125000085216,57789.40512179912,144,10,2306,2025-06-09|2025-06-10|2025-06-11|2025-06-12|2025-06-13|2025-06-14|2025-06-15|2025-06-16|2025-06-17|2025-06-18,2025-06-19 00:00,2025-06-19 00:00,7.958078640513122e-13,0.0,0,True,Optimization terminated successfully. (HiGHS Status 7: Optimal),532,0.0
2025-06-20,0,0.03035079199980828,25923.77386467779,144,10,2306,2025-06-10|2025-06-11|2025-06-12|2025-06-13|2025-06-14|2025-06-15|2025-06-16|2025-06-17|2025-06-18|2025-06-19,2025-06-20 00:00,2025-06-20 00:00,9.094947017729282e-13,1.1368683772161603e-13,0,True,Optimization terminated successfully. (HiGHS Status 7: Optimal),502,0.0
2025-06-21,0,0.029690792000110378,24854.627782996486,144,10,2306,2025-06-11|2025-06-12|2025-06-13|2025-06-14|2025-06-15|2025-06-16|2025-06-17|2025-06-18|2025-06-19|2025-06-20,2025-06-21 00:00,2025-06-21 00:00,8.810729923425242e-13,8.881784197001252e-16,0,True,Optimization terminated successfully. (HiGHS Status 7: Optimal),502,0.0
2025-06-22,0,0.028949416999239475,57135.92825017258,144,10,2306,2025-06-12|2025-06-13|2025-06-14|2025-06-15|2025-06-16|2025-06-17|2025-06-18|2025-06-19|2025-06-20|2025-06-21,2025-06-22 00:00,2025-06-22 00:00,9.094947017729282e-13,2.2737367544323206e-13,0,True,Optimization terminated successfully. (HiGHS Status 7: Optimal),532,0.0
2025-06-23,0,0.028336332999970182,58795.59295185741,144,10,2306,2025-06-13|2025-06-14|2025-06-15|2025-06-16|2025-06-17|2025-06-18|2025-06-19|2025-06-20|2025-06-21|2025-06-22,2025-06-23 00:00,2025-06-23 00:00,7.958078640513122e-13,1.1368683772161603e-13,0,True,Optimization terminated successfully. (HiGHS Status 7: Optimal),532,0.0
2025-06-24,0,0.026577459000691306,56501.43979496386,144,10,2306,2025-06-14|2025-06-15|2025-06-16|2025-06-17|2025-06-18|2025-06-19|2025-06-20|2025-06-21|2025-06-22|2025-06-23,2025-06-24 00:00,2025-06-24 00:00,9.094947017729282e-13,1.1368683772161603e-13,0,True,Optimization terminated successfully. (HiGHS Status 7: Optimal),537,0.0
2025-06-25,0,0.030296624998300103,56775.69364115706,144,10,2306,2025-06-15|2025-06-16|2025-06-17|2025-06-18|2025-06-19|2025-06-20|2025-06-21|2025-06-22|2025-06-23|2025-06-24,2025-06-25 00:00,2025-06-25 00:00,7.958078640513122e-13,0.0,0,True,Optimization terminated successfully. (HiGHS Status 7: Optimal),535,0.0
2025-06-26,0,0.02942425000037474,56165.845186150436,144,10,2306,2025-06-16|2025-06-17|2025-06-18|2025-06-19|2025-06-20|2025-06-21|2025-06-22|2025-06-23|2025-06-24|2025-06-25,2025-06-26 00:00,2025-06-26 00:00,8.526512829121202e-13,0.0,0,True,Optimization terminated successfully. (HiGHS Status 7: Optimal),530,0.0
2025-06-27,0,0.029605834000903997,24360.342293590435,144,10,2306,2025-06-17|2025-06-18|2025-06-19|2025-06-20|2025-06-21|2025-06-22|2025-06-23|2025-06-24|2025-06-25|2025-06-26,2025-06-27 00:00,2025-06-27 00:00,1.0231815394945443e-12,1.1368683772161603e-13,0,True,Optimization terminated successfully. (HiGHS Status 7: Optimal),482,0.0
2025-06-28,0,0.024633208000523155,22587.47545405198,144,10,2306,2025-06-18|2025-06-19|2025-06-20|2025-06-21|2025-06-22|2025-06-23|2025-06-24|2025-06-25|2025-06-26|2025-06-27,2025-06-28 00:00,2025-06-28 00:00,9.094947017729282e-13,1.1368683772161603e-13,0,True,Optimization terminated successfully. (HiGHS Status 7: Optimal),469,0.0
2025-06-29,0,0.029599625000628293,54449.74711044164,144,10,2306,2025-06-19|2025-06-20|2025-06-21|2025-06-22|2025-06-23|2025-06-24|2025-06-25|2025-06-26|2025-06-27|2025-06-28,2025-06-29 00:00,2025-06-29 00:00,9.094947017729282e-13,1.1368683772161603e-13,0,True,Optimization terminated successfully. (HiGHS Status 7: Optimal),531,0.0
2025-06-30,0,0.0254020419997687,55587.7784399294,144,10,2306,2025-06-20|2025-06-21|2025-06-22|2025-06-23|2025-06-24|2025-06-25|2025-06-26|2025-06-27|2025-06-28|2025-06-29,2025-06-30 00:00,2025-06-30 00:00,9.094947017729282e-13,2.2737367544323206e-13,0,True,Optimization terminated successfully. (HiGHS Status 7: Optimal),537,0.0
2025-07-01,0,0.028546792000270216,57362.46557523557,144,10,2306,2025-06-21|2025-06-22|2025-06-23|2025-06-24|2025-06-25|2025-06-26|2025-06-27|2025-06-28|2025-06-29|2025-06-30,2025-07-01 00:00,2025-07-01 00:00,1.0231815394945443e-12,5.684341886080802e-14,0,True,Optimization terminated successfully. (HiGHS Status 7: Optimal),538,0.0
2025-07-02,0,0.029109082999639213,57776.60628227405,144,10,2306,2025-06-22|2025-06-23|2025-06-24|2025-06-25|2025-06-26|2025-06-27|2025-06-28|2025-06-29|2025-06-30|2025-07-01,2025-07-02 00:00,2025-07-02 00:00,7.958078640513122e-13,2.842170943040401e-14,0,True,Optimization terminated successfully. (HiGHS Status 7: Optimal),533,0.0
2025-07-03,0,0.027853708999828086,57704.213736740254,144,10,2306,2025-06-23|2025-06-24|2025-06-25|2025-06-26|2025-06-27|2025-06-28|2025-06-29|2025-06-30|2025-07-01|2025-07-02,2025-07-03 00:00,2025-07-03 00:00,7.958078640513122e-13,5.684341886080802e-14,0,True,Optimization terminated successfully. (HiGHS Status 7: Optimal),533,0.0
2025-07-04,0,0.024392957999225473,27299.314763885748,144,10,2306,2025-06-24|2025-06-25|2025-06-26|2025-06-27|2025-06-28|2025-06-29|2025-06-30|2025-07-01|2025-07-02|2025-07-03,2025-07-04 00:00,2025-07-04 00:00,8.846257060213247e-13,1.1368683772161603e-13,0,True,Optimization terminated successfully. (HiGHS Status 7: Optimal),477,0.0
2025-07-05,0,0.026799499999469845,26209.873935981814,144,10,2306,2025-06-25|2025-06-26|2025-06-27|2025-06-28|2025-06-29|2025-06-30|2025-07-01|2025-07-02|2025-07-03|2025-07-04,2025-07-05 00:00,2025-07-05 00:00,9.094947017729282e-13,1.1368683772161603e-13,0,True,Optimization terminated successfully. (HiGHS Status 7: Optimal),475,0.0
2025-07-06,0,0.027455292000013287,55333.32423155381,144,10,2306,2025-06-26|2025-06-27|2025-06-28|2025-06-29|2025-06-30|2025-07-01|2025-07-02|2025-07-03|2025-07-04|2025-07-05,2025-07-06 00:00,2025-07-06 00:00,9.094947017729282e-13,5.684341886080802e-14,0,True,Optimization terminated successfully. (HiGHS Status 7: Optimal),541,0.0
2025-07-07,0,0.028023500000927015,58108.17967576736,144,10,2306,2025-06-27|2025-06-28|2025-06-29|2025-06-30|2025-07-01|2025-07-02|2025-07-03|2025-07-04|2025-07-05|2025-07-06,2025-07-07 00:00,2025-07-07 00:00,8.526512829121202e-13,1.1368683772161603e-13,0,True,Optimization terminated successfully. (HiGHS Status 7: Optimal),527,0.0
2025-07-08,0,0.028802333001294755,61842.089664122424,144,10,2306,2025-06-28|2025-06-29|2025-06-30|2025-07-01|2025-07-02|2025-07-03|2025-07-04|2025-07-05|2025-07-06|2025-07-07,2025-07-08 00:00,2025-07-08 00:00,8.526512829121202e-13,2.2737367544323206e-13,0,True,Optimization terminated successfully. (HiGHS Status 7: Optimal),527,0.0
2025-07-09,0,0.02622387499832257,59767.91643024734,144,10,2306,2025-06-29|2025-06-30|2025-07-01|2025-07-02|2025-07-03|2025-07-04|2025-07-05|2025-07-06|2025-07-07|2025-07-08,2025-07-09 00:00,2025-07-09 00:00,7.958078640513122e-13,0.0,0,True,Optimization terminated successfully. (HiGHS Status 7: Optimal),529,0.0
2025-07-10,0,0.026993957999366103,59004.10225255822,144,10,2306,2025-06-30|2025-07-01|2025-07-02|2025-07-03|2025-07-04|2025-07-05|2025-07-06|2025-07-07|2025-07-08|2025-07-09,2025-07-10 00:00,2025-07-10 00:00,8.881784197001252e-13,1.1368683772161603e-13,0,True,Optimization terminated successfully. (HiGHS Status 7: Optimal),534,0.0
2025-07-11,0,0.025613667001380236,28791.972670222385,144,10,2306,2025-07-01|2025-07-02|2025-07-03|2025-07-04|2025-07-05|2025-07-06|2025-07-07|2025-07-08|2025-07-09|2025-07-10,2025-07-11 00:00,2025-07-11 00:00,7.958078640513122e-13,0.0,0,True,Optimization terminated successfully. (HiGHS Status 7: Optimal),442,0.0
2025-07-12,0,0.025376457999300328,28762.342533141236,144,10,2306,2025-07-02|2025-07-03|2025-07-04|2025-07-05|2025-07-06|2025-07-07|2025-07-08|2025-07-09|2025-07-10|2025-07-11,2025-07-12 00:00,2025-07-12 00:00,8.988365607365267e-13,0.0,0,True,Optimization terminated successfully. (HiGHS Status 7: Optimal),438,0.0
2025-07-13,0,0.029166457999963313,58572.91121984947,144,10,2306,2025-07-03|2025-07-04|2025-07-05|2025-07-06|2025-07-07|2025-07-08|2025-07-09|2025-07-10|2025-07-11|2025-07-12,2025-07-13 00:00,2025-07-13 00:00,1.0231815394945443e-12,5.684341886080802e-14,0,True,Optimization terminated successfully. (HiGHS Status 7: Optimal),535,0.0
2025-07-14,0,0.026106084000275587,57227.247086495016,144,10,2306,2025-07-04|2025-07-05|2025-07-06|2025-07-07|2025-07-08|2025-07-09|2025-07-10|2025-07-11|2025-07-12|2025-07-13,2025-07-14 00:00,2025-07-14 00:00,9.094947017729282e-13,0.0,0,True,Optimization terminated successfully. (HiGHS Status 7: Optimal),545,0.0
2025-07-15,0,0.028335332999631646,61173.31292842841,144,10,2306,2025-07-05|2025-07-06|2025-07-07|2025-07-08|2025-07-09|2025-07-10|2025-07-11|2025-07-12|2025-07-13|2025-07-14,2025-07-15 00:00,2025-07-15 00:00,7.958078640513122e-13,5.684341886080802e-14,0,True,Optimization terminated successfully. (HiGHS Status 7: Optimal),526,0.0
2025-07-16,0,0.02946262499972363,57524.247294805165,144,10,2306,2025-07-06|2025-07-07|2025-07-08|2025-07-09|2025-07-10|2025-07-11|2025-07-12|2025-07-13|2025-07-14|2025-07-15,2025-07-16 00:00,2025-07-16 00:00,9.094947017729282e-13,5.684341886080802e-14,0,True,Optimization terminated successfully. (HiGHS Status 7: Optimal),534,0.0
2025-07-17,0,0.02881037500083039,56329.48142377339,144,10,2306,2025-07-07|2025-07-08|2025-07-09|2025-07-10|2025-07-11|2025-07-12|2025-07-13|2025-07-14|2025-07-15|2025-07-16,2025-07-17 00:00,2025-07-17 00:00,9.094947017729282e-13,1.1368683772161603e-13,0,True,Optimization terminated successfully. (HiGHS Status 7: Optimal),536,0.0
2025-07-18,0,0.02421558300011384,28064.151838286238,144,10,2306,2025-07-08|2025-07-09|2025-07-10|2025-07-11|2025-07-12|2025-07-13|2025-07-14|2025-07-15|2025-07-16|2025-07-17,2025-07-18 00:00,2025-07-18 00:00,8.810729923425242e-13,2.842170943040401e-14,0,True,Optimization terminated successfully. (HiGHS Status 7: Optimal),433,0.0
2025-07-19,0,0.025663375001386157,28096.92740811793,144,10,2306,2025-07-09|2025-07-10|2025-07-11|2025-07-12|2025-07-13|2025-07-14|2025-07-15|2025-07-16|2025-07-17|2025-07-18,2025-07-19 00:00,2025-07-19 00:00,7.958078640513122e-13,0.0,0,True,Optimization terminated successfully. (HiGHS Status 7: Optimal),439,0.0
2025-07-20,0,0.027214542000365327,55747.987580200606,144,10,2306,2025-07-10|2025-07-11|2025-07-12|2025-07-13|2025-07-14|2025-07-15|2025-07-16|2025-07-17|2025-07-18|2025-07-19,2025-07-20 00:00,2025-07-20 00:00,8.810729923425242e-13,1.4210854715202004e-14,0,True,Optimization terminated successfully. (HiGHS Status 7: Optimal),538,0.0
2025-07-21,0,0.027118959000290488,54841.08423084182,144,10,2306,2025-07-11|2025-07-12|2025-07-13|2025-07-14|2025-07-15|2025-07-16|2025-07-17|2025-07-18|2025-07-19|2025-07-20,2025-07-21 00:00,2025-07-21 00:00,8.668621376273222e-13,4.547473508864641e-13,0,True,Optimization terminated successfully. (HiGHS Status 7: Optimal),540,0.0
2025-07-22,0,0.02830333400015661,58270.70848338423,144,10,2306,2025-07-12|2025-07-13|2025-07-14|2025-07-15|2025-07-16|2025-07-17|2025-07-18|2025-07-19|2025-07-20|2025-07-21,2025-07-22 00:00,2025-07-22 00:00,9.094947017729282e-13,1.1368683772161603e-13,0,True,Optimization terminated successfully. (HiGHS Status 7: Optimal),536,0.0
2025-07-23,0,0.025974916999984998,55570.266169733295,144,10,2306,2025-07-13|2025-07-14|2025-07-15|2025-07-16|2025-07-17|2025-07-18|2025-07-19|2025-07-20|2025-07-21|2025-07-22,2025-07-23 00:00,2025-07-23 00:00,9.094947017729282e-13,0.0,0,True,Optimization terminated successfully. (HiGHS Status 7: Optimal),526,0.0
2025-07-24,0,0.027170874998773797,56504.75971836491,144,10,2306,2025-07-14|2025-07-15|2025-07-16|2025-07-17|2025-07-18|2025-07-19|2025-07-20|2025-07-21|2025-07-22|2025-07-23,2025-07-24 00:00,2025-07-24 00:00,1.0231815394945443e-12,1.1368683772161603e-13,0,True,Optimization terminated successfully. (HiGHS Status 7: Optimal),531,0.0
2025-07-25,0,0.024001249999855645,27927.765553742836,144,10,2306,2025-07-15|2025-07-16|2025-07-17|2025-07-18|2025-07-19|2025-07-20|2025-07-21|2025-07-22|2025-07-23|2025-07-24,2025-07-25 00:00,2025-07-25 00:00,8.589795541524836e-13,2.2737367544323206e-13,0,True,Optimization terminated successfully. (HiGHS Status 7: Optimal),437,0.0
2025-07-26,0,0.02480154099976062,28294.68447671605,144,10,2306,2025-07-16|2025-07-17|2025-07-18|2025-07-19|2025-07-20|2025-07-21|2025-07-22|2025-07-23|2025-07-24|2025-07-25,2025-07-26 00:00,2025-07-26 00:00,9.094947017729282e-13,0.0,0,True,Optimization terminated successfully. (HiGHS Status 7: Optimal),438,0.0
2025-07-27,0,0.029742583999905037,55664.894677103504,144,10,2306,2025-07-17|2025-07-18|2025-07-19|2025-07-20|2025-07-21|2025-07-22|2025-07-23|2025-07-24|2025-07-25|2025-07-26,2025-07-27 00:00,2025-07-27 00:00,8.100187187665142e-13,2.842170943040401e-14,0,True,Optimization terminated successfully. (HiGHS Status 7: Optimal),546,0.0
2025-07-28,0,0.028412540999852354,55214.98166818633,144,10,2306,2025-07-18|2025-07-19|2025-07-20|2025-07-21|2025-07-22|2025-07-23|2025-07-24|2025-07-25|2025-07-26|2025-07-27,2025-07-28 00:00,2025-07-28 00:00,1.0231815394945443e-12,1.1368683772161603e-13,0,True,Optimization terminated successfully. (HiGHS Status 7: Optimal),535,0.0
2025-07-29,0,0.02811137499884353,57747.987930564625,144,10,2306,2025-07-19|2025-07-20|2025-07-21|2025-07-22|2025-07-23|2025-07-24|2025-07-25|2025-07-26|2025-07-27|2025-07-28,2025-07-29 00:00,2025-07-29 00:00,8.100187187665142e-13,5.684341886080802e-14,0,True,Optimization terminated successfully. (HiGHS Status 7: Optimal),541,0.0
2025-07-30,0,0.028989667000132613,56303.24468003318,144,10,2306,2025-07-20|2025-07-21|2025-07-22|2025-07-23|2025-07-24|2025-07-25|2025-07-26|2025-07-27|2025-07-28|2025-07-29,2025-07-30 00:00,2025-07-30 00:00,8.881784197001252e-13,1.1368683772161603e-13,0,True,Optimization terminated successfully. (HiGHS Status 7: Optimal),536,0.0
2025-07-31,0,0.029041083000265644,57634.14026159963,144,10,2306,2025-07-21|2025-07-22|2025-07-23|2025-07-24|2025-07-25|2025-07-26|2025-07-27|2025-07-28|2025-07-29|2025-07-30,2025-07-31 00:00,2025-07-31 00:00,8.526512829121202e-13,2.842170943040401e-14,0,True,Optimization terminated successfully. (HiGHS Status 7: Optimal),533,0.0
2025-08-01,0,0.025837290999334073,27681.57318917103,144,10,2306,2025-07-22|2025-07-23|2025-07-24|2025-07-25|2025-07-26|2025-07-27|2025-07-28|2025-07-29|2025-07-30|2025-07-31,2025-08-01 00:00,2025-08-01 00:00,8.952838470577262e-13,0.0,0,True,Optimization terminated successfully. (HiGHS Status 7: Optimal),441,0.0
2025-08-02,0,0.02557445900129096,27922.16160445854,144,10,2306,2025-07-23|2025-07-24|2025-07-25|2025-07-26|2025-07-27|2025-07-28|2025-07-29|2025-07-30|2025-07-31|2025-08-01,2025-08-02 00:00,2025-08-02 00:00,7.744915819785092e-13,0.0,0,True,Optimization terminated successfully. (HiGHS Status 7: Optimal),439,0.0
2025-08-03,0,0.028310707999480655,55810.922570521754,144,10,2306,2025-07-24|2025-07-25|2025-07-26|2025-07-27|2025-07-28|2025-07-29|2025-07-30|2025-07-31|2025-08-01|2025-08-02,2025-08-03 00:00,2025-08-03 00:00,7.958078640513122e-13,1.1368683772161603e-13,0,True,Optimization terminated successfully. (HiGHS Status 7: Optimal),536,0.0
2025-08-04,0,0.03038212499996007,55416.513696080234,144,10,2306,2025-07-25|2025-07-26|2025-07-27|2025-07-28|2025-07-29|2025-07-30|2025-07-31|2025-08-01|2025-08-02|2025-08-03,2025-08-04 00:00,2025-08-04 00:00,7.958078640513122e-13,7.105427357601002e-15,0,True,Optimization terminated successfully. (HiGHS Status 7: Optimal),552,0.0
2025-08-05,0,0.029142624998712563,55398.02210061279,144,10,2306,2025-07-26|2025-07-27|2025-07-28|2025-07-29|2025-07-30|2025-07-31|2025-08-01|2025-08-02|2025-08-03|2025-08-04,2025-08-05 00:00,2025-08-05 00:00,8.881784197001252e-13,1.1368683772161603e-13,0,True,Optimization terminated successfully. (HiGHS Status 7: Optimal),544,0.0
2025-08-06,0,0.030275667000751127,54295.2901086254,144,10,2306,2025-07-27|2025-07-28|2025-07-29|2025-07-30|2025-07-31|2025-08-01|2025-08-02|2025-08-03|2025-08-04|2025-08-05,2025-08-06 00:00,2025-08-06 00:00,9.094947017729282e-13,1.1368683772161603e-13,0,True,Optimization terminated successfully. (HiGHS Status 7: Optimal),542,0.0
2025-08-07,0,0.026992875000360073,54145.436476470815,144,10,2306,2025-07-28|2025-07-29|2025-07-30|2025-07-31|2025-08-01|2025-08-02|2025-08-03|2025-08-04|2025-08-05|2025-08-06,2025-08-07 00:00,2025-08-07 00:00,8.206768598029157e-13,0.0,0,True,Optimization terminated successfully. (HiGHS Status 7: Optimal),524,0.0
2025-08-08,0,0.02472183300051256,25369.67370705728,144,10,2306,2025-07-29|2025-07-30|2025-07-31|2025-08-01|2025-08-02|2025-08-03|2025-08-04|2025-08-05|2025-08-06|2025-08-07,2025-08-08 00:00,2025-08-08 00:00,8.526512829121202e-13,0.0,0,True,Optimization terminated successfully. (HiGHS Status 7: Optimal),424,0.0
2025-08-09,0,0.025190166999891517,25479.858305974172,144,10,2306,2025-07-30|2025-07-31|2025-08-01|2025-08-02|2025-08-03|2025-08-04|2025-08-05|2025-08-06|2025-08-07|2025-08-08,2025-08-09 00:00,2025-08-09 00:00,7.958078640513122e-13,2.2737367544323206e-13,0,True,Optimization terminated successfully. (HiGHS Status 7: Optimal),424,0.0
2025-08-10,0,0.025168166999719688,48571.58776037269,144,10,2306,2025-07-31|2025-08-01|2025-08-02|2025-08-03|2025-08-04|2025-08-05|2025-08-06|2025-08-07|2025-08-08|2025-08-09,2025-08-10 00:00,2025-08-10 00:00,9.094947017729282e-13,1.1368683772161603e-13,0,True,Optimization terminated successfully. (HiGHS Status 7: Optimal),514,0.0
2025-08-11,0,0.028710499998851446,49308.953149644076,144,10,2306,2025-08-01|2025-08-02|2025-08-03|2025-08-04|2025-08-05|2025-08-06|2025-08-07|2025-08-08|2025-08-09|2025-08-10,2025-08-11 00:00,2025-08-11 00:00,8.668621376273222e-13,5.684341886080802e-14,0,True,Optimization terminated successfully. (HiGHS Status 7: Optimal),512,0.0
2025-08-12,0,0.02911691599911137,48998.657811518235,144,10,2306,2025-08-02|2025-08-03|2025-08-04|2025-08-05|2025-08-06|2025-08-07|2025-08-08|2025-08-09|2025-08-10|2025-08-11,2025-08-12 00:00,2025-08-12 00:00,1.0231815394945443e-12,0.0,0,True,Optimization terminated successfully. (HiGHS Status 7: Optimal),520,0.0
2025-08-13,0,0.02559833299892489,50056.57428271652,144,10,2306,2025-08-03|2025-08-04|2025-08-05|2025-08-06|2025-08-07|2025-08-08|2025-08-09|2025-08-10|2025-08-11|2025-08-12,2025-08-13 00:00,2025-08-13 00:00,7.958078640513122e-13,1.1368683772161603e-13,0,True,Optimization terminated successfully. (HiGHS Status 7: Optimal),511,0.0
2025-08-14,0,0.026572458000373445,49691.07075820465,144,10,2306,2025-08-04|2025-08-05|2025-08-06|2025-08-07|2025-08-08|2025-08-09|2025-08-10|2025-08-11|2025-08-12|2025-08-13,2025-08-14 00:00,2025-08-14 00:00,8.384404281969182e-13,2.2737367544323206e-13,0,True,Optimization terminated successfully. (HiGHS Status 7: Optimal),528,0.0
2025-08-15,0,0.0264067910011363,24803.351709350216,144,10,2306,2025-08-05|2025-08-06|2025-08-07|2025-08-08|2025-08-09|2025-08-10|2025-08-11|2025-08-12|2025-08-13|2025-08-14,2025-08-15 00:00,2025-08-15 00:00,8.526512829121202e-13,2.842170943040401e-14,0,True,Optimization terminated successfully. (HiGHS Status 7: Optimal),418,0.0
2025-08-16,0,0.024859791999915615,25184.345149493754,144,10,2306,2025-08-06|2025-08-07|2025-08-08|2025-08-09|2025-08-10|2025-08-11|2025-08-12|2025-08-13|2025-08-14|2025-08-15,2025-08-16 00:00,2025-08-16 00:00,9.094947017729282e-13,2.2737367544323206e-13,0,True,Optimization terminated successfully. (HiGHS Status 7: Optimal),417,0.0
2025-08-17,0,0.02759087500089663,48200.14838153895,144,10,2306,2025-08-07|2025-08-08|2025-08-09|2025-08-10|2025-08-11|2025-08-12|2025-08-13|2025-08-14|2025-08-15|2025-08-16,2025-08-17 00:00,2025-08-17 00:00,8.881784197001252e-13,1.1368683772161603e-13,0,True,Optimization terminated successfully. (HiGHS Status 7: Optimal),517,0.0
2025-08-18,0,0.02663820899942948,49477.70368982332,144,10,2306,2025-08-08|2025-08-09|2025-08-10|2025-08-11|2025-08-12|2025-08-13|2025-08-14|2025-08-15|2025-08-16|2025-08-17,2025-08-18 00:00,2025-08-18 00:00,7.958078640513122e-13,2.2737367544323206e-13,0,True,Optimization terminated successfully. (HiGHS Status 7: Optimal),519,0.0
2025-08-19,0,0.029316792000827263,49623.23363997373,144,10,2306,2025-08-09|2025-08-10|2025-08-11|2025-08-12|2025-08-13|2025-08-14|2025-08-15|2025-08-16|2025-08-17|2025-08-18,2025-08-19 00:00,2025-08-19 00:00,8.597567102697212e-13,0.0,0,True,Optimization terminated successfully. (HiGHS Status 7: Optimal),522,0.0
2025-08-20,0,0.029644416999872192,49958.91546947252,144,10,2306,2025-08-10|2025-08-11|2025-08-12|2025-08-13|2025-08-14|2025-08-15|2025-08-16|2025-08-17|2025-08-18|2025-08-19,2025-08-20 00:00,2025-08-20 00:00,8.242295734817162e-13,1.1368683772161603e-13,0,True,Optimization terminated successfully. (HiGHS Status 7: Optimal),519,0.0
2025-08-21,0,0.025316749999547028,49622.76266399413,144,10,2306,2025-08-11|2025-08-12|2025-08-13|2025-08-14|2025-08-15|2025-08-16|2025-08-17|2025-08-18|2025-08-19|2025-08-20,2025-08-21 00:00,2025-08-21 00:00,9.094947017729282e-13,1.1368683772161603e-13,0,True,Optimization terminated successfully. (HiGHS Status 7: Optimal),514,0.0
2025-08-22,0,0.025173333999191527,25085.354856189788,144,10,2306,2025-08-12|2025-08-13|2025-08-14|2025-08-15|2025-08-16|2025-08-17|2025-08-18|2025-08-19|2025-08-20|2025-08-21,2025-08-22 00:00,2025-08-22 00:00,9.094947017729282e-13,0.0,0,True,Optimization terminated successfully. (HiGHS Status 7: Optimal),410,0.0
2025-08-23,0,0.022024083000360406,25500.873576887057,144,10,2306,2025-08-13|2025-08-14|2025-08-15|2025-08-16|2025-08-17|2025-08-18|2025-08-19|2025-08-20|2025-08-21|2025-08-22,2025-08-23 00:00,2025-08-23 00:00,8.242295734817162e-13,2.2737367544323206e-13,0,True,Optimization terminated successfully. (HiGHS Status 7: Optimal),416,0.0
2025-08-24,0,0.02539262500067707,49464.32133711638,144,10,2306,2025-08-14|2025-08-15|2025-08-16|2025-08-17|2025-08-18|2025-08-19|2025-08-20|2025-08-21|2025-08-22|2025-08-23,2025-08-24 00:00,2025-08-24 00:00,8.526512829121202e-13,1.1368683772161603e-13,0,True,Optimization terminated successfully. (HiGHS Status 7: Optimal),528,0.0
2025-08-25,0,0.024937624999438412,50773.07208901949,144,10,2306,2025-08-15|2025-08-16|2025-08-17|2025-08-18|2025-08-19|2025-08-20|2025-08-21|2025-08-22|2025-08-23|2025-08-24,2025-08-25 00:00,2025-08-25 00:00,8.810729923425242e-13,5.684341886080802e-14,0,True,Optimization terminated successfully. (HiGHS Status 7: Optimal),521,0.0
2025-08-26,0,0.026366334001068026,51324.77280178617,144,10,2306,2025-08-16|2025-08-17|2025-08-18|2025-08-19|2025-08-20|2025-08-21|2025-08-22|2025-08-23|2025-08-24|2025-08-25,2025-08-26 00:00,2025-08-26 00:00,8.242295734817162e-13,1.1368683772161603e-13,0,True,Optimization terminated successfully. (HiGHS Status 7: Optimal),533,0.0
2025-08-27,0,0.029481749999831663,52424.28431210163,144,10,2306,2025-08-17|2025-08-18|2025-08-19|2025-08-20|2025-08-21|2025-08-22|2025-08-23|2025-08-24|2025-08-25|2025-08-26,2025-08-27 00:00,2025-08-27 00:00,9.094947017729282e-13,5.684341886080802e-14,0,True,Optimization terminated successfully. (HiGHS Status 7: Optimal),529,0.0
2025-08-28,0,0.026433791999807,51086.3051334938,144,10,2306,2025-08-18|2025-08-19|2025-08-20|2025-08-21|2025-08-22|2025-08-23|2025-08-24|2025-08-25|2025-08-26|2025-08-27,2025-08-28 00:00,2025-08-28 00:00,8.810729923425242e-13,2.2737367544323206e-13,0,True,Optimization terminated successfully. (HiGHS Status 7: Optimal),528,0.0
2025-08-29,0,0.02342920799856074,25667.37796998124,144,10,2306,2025-08-19|2025-08-20|2025-08-21|2025-08-22|2025-08-23|2025-08-24|2025-08-25|2025-08-26|2025-08-27|2025-08-28,2025-08-29 00:00,2025-08-29 00:00,9.094947017729282e-13,0.0,0,True,Optimization terminated successfully. (HiGHS Status 7: Optimal),417,0.0
2025-08-30,0,0.02132566700129246,25670.21410798312,144,10,2306,2025-08-20|2025-08-21|2025-08-22|2025-08-23|2025-08-24|2025-08-25|2025-08-26|2025-08-27|2025-08-28|2025-08-29,2025-08-30 00:00,2025-08-30 00:00,6.821210263296962e-13,1.1368683772161603e-13,0,True,Optimization terminated successfully. (HiGHS Status 7: Optimal),423,0.0
2025-08-31,0,0.026953124999636202,49929.77909529236,144,10,2306,2025-08-21|2025-08-22|2025-08-23|2025-08-24|2025-08-25|2025-08-26|2025-08-27|2025-08-28|2025-08-29|2025-08-30,2025-08-31 00:00,2025-08-31 00:00,8.668621376273222e-13,1.1368683772161603e-13,0,True,Optimization terminated successfully. (HiGHS Status 7: Optimal),506,0.0
2025-09-01,0,0.024589583999841125,51443.705310002464,144,10,2306,2025-08-22|2025-08-23|2025-08-24|2025-08-25|2025-08-26|2025-08-27|2025-08-28|2025-08-29|2025-08-30|2025-08-31,2025-09-01 00:00,2025-09-01 00:00,9.094947017729282e-13,1.1368683772161603e-13,0,True,Optimization terminated successfully. (HiGHS Status 7: Optimal),527,0.0
2025-09-02,0,0.026608500000293134,50713.03306091124,144,10,2306,2025-08-23|2025-08-24|2025-08-25|2025-08-26|2025-08-27|2025-08-28|2025-08-29|2025-08-30|2025-08-31|2025-09-01,2025-09-02 00:00,2025-09-02 00:00,8.810729923425242e-13,1.1368683772161603e-13,0,True,Optimization terminated successfully. (HiGHS Status 7: Optimal),524,0.0
2025-09-03,0,0.026566041000478435,52145.06504621769,144,10,2306,2025-08-24|2025-08-25|2025-08-26|2025-08-27|2025-08-28|2025-08-29|2025-08-30|2025-08-31|2025-09-01|2025-09-02,2025-09-03 00:00,2025-09-03 00:00,8.526512829121202e-13,2.842170943040401e-14,0,True,Optimization terminated successfully. (HiGHS Status 7: Optimal),537,0.0
2025-09-04,0,0.026955082999847946,50823.12847615556,144,10,2306,2025-08-25|2025-08-26|2025-08-27|2025-08-28|2025-08-29|2025-08-30|2025-08-31|2025-09-01|2025-09-02|2025-09-03,2025-09-04 00:00,2025-09-04 00:00,9.094947017729282e-13,1.1368683772161603e-13,0,True,Optimization terminated successfully. (HiGHS Status 7: Optimal),537,0.0
2025-09-05,0,0.021979334000207018,25236.44194716667,144,10,2306,2025-08-26|2025-08-27|2025-08-28|2025-08-29|2025-08-30|2025-08-31|2025-09-01|2025-09-02|2025-09-03|2025-09-04,2025-09-05 00:00,2025-09-05 00:00,1.0231815394945443e-12,5.684341886080802e-14,0,True,Optimization terminated successfully. (HiGHS Status 7: Optimal),422,0.0
2025-09-06,0,0.02247245800026576,24919.705216608752,144,10,2306,2025-08-27|2025-08-28|2025-08-29|2025-08-30|2025-08-31|2025-09-01|2025-09-02|2025-09-03|2025-09-04|2025-09-05,2025-09-06 00:00,2025-09-06 00:00,9.094947017729282e-13,2.2737367544323206e-13,0,True,Optimization terminated successfully. (HiGHS Status 7: Optimal),421,0.0
2025-09-07,0,0.0270974169998226,49306.068298533166,144,10,2306,2025-08-28|2025-08-29|2025-08-30|2025-08-31|2025-09-01|2025-09-02|2025-09-03|2025-09-04|2025-09-05|2025-09-06,2025-09-07 00:00,2025-09-07 00:00,9.094947017729282e-13,1.1368683772161603e-13,0,True,Optimization terminated successfully. (HiGHS Status 7: Optimal),515,0.0
2025-09-08,0,0.028564124999320484,46877.89956731774,144,10,2306,2025-08-29|2025-08-30|2025-08-31|2025-09-01|2025-09-02|2025-09-03|2025-09-04|2025-09-05|2025-09-06|2025-09-07,2025-09-08 00:00,2025-09-08 00:00,9.094947017729282e-13,1.1368683772161603e-13,0,True,Optimization terminated successfully. (HiGHS Status 7: Optimal),525,0.0
2025-09-09,0,0.02552862499942421,45963.06076332567,144,10,2306,2025-08-30|2025-08-31|2025-09-01|2025-09-02|2025-09-03|2025-09-04|2025-09-05|2025-09-06|2025-09-07|2025-09-08,2025-09-09 00:00,2025-09-09 00:00,9.094947017729282e-13,1.1368683772161603e-13,0,True,Optimization terminated successfully. (HiGHS Status 7: Optimal),511,0.0
2025-09-10,0,0.026240457998937927,45141.40602244746,144,10,2306,2025-08-31|2025-09-01|2025-09-02|2025-09-03|2025-09-04|2025-09-05|2025-09-06|2025-09-07|2025-09-08|2025-09-09,2025-09-10 00:00,2025-09-10 00:00,9.094947017729282e-13,1.1368683772161603e-13,0,True,Optimization terminated successfully. (HiGHS Status 7: Optimal),526,0.0
2025-09-11,0,0.02864262500042969,42726.06357485084,144,10,2306,2025-09-01|2025-09-02|2025-09-03|2025-09-04|2025-09-05|2025-09-06|2025-09-07|2025-09-08|2025-09-09|2025-09-10,2025-09-11 00:00,2025-09-11 00:00,8.668621376273222e-13,1.1368683772161603e-13,0,True,Optimization terminated successfully. (HiGHS Status 7: Optimal),528,0.0
2025-09-12,0,0.02217579199896136,18594.045368604166,144,10,2306,2025-09-02|2025-09-03|2025-09-04|2025-09-05|2025-09-06|2025-09-07|2025-09-08|2025-09-09|2025-09-10|2025-09-11,2025-09-12 00:00,2025-09-12 00:00,9.094947017729282e-13,5.684341886080802e-14,0,True,Optimization terminated successfully. (HiGHS Status 7: Optimal),414,0.0
2025-09-13,0,0.02276112499930605,18670.46500911751,144,10,2306,2025-09-03|2025-09-04|2025-09-05|2025-09-06|2025-09-07|2025-09-08|2025-09-09|2025-09-10|2025-09-11|2025-09-12,2025-09-13 00:00,2025-09-13 00:00,7.958078640513122e-13,7.105427357601002e-15,0,True,Optimization terminated successfully. (HiGHS Status 7: Optimal),416,0.0
2025-09-14,0,0.026499207999222563,42184.03329123536,144,10,2306,2025-09-04|2025-09-05|2025-09-06|2025-09-07|2025-09-08|2025-09-09|2025-09-10|2025-09-11|2025-09-12|2025-09-13,2025-09-14 00:00,2025-09-14 00:00,9.094947017729282e-13,1.1368683772161603e-13,0,True,Optimization terminated successfully. (HiGHS Status 7: Optimal),513,0.0
2025-09-15,0,0.025618666999434936,42053.573944125834,144,10,2306,2025-09-05|2025-09-06|2025-09-07|2025-09-08|2025-09-09|2025-09-10|2025-09-11|2025-09-12|2025-09-13|2025-09-14,2025-09-15 00:00,2025-09-15 00:00,9.094947017729282e-13,1.1368683772161603e-13,0,True,Optimization terminated successfully. (HiGHS Status 7: Optimal),541,0.0
2025-09-16,0,0.0248983750007028,41196.10229406054,144,10,2306,2025-09-06|2025-09-07|2025-09-08|2025-09-09|2025-09-10|2025-09-11|2025-09-12|2025-09-13|2025-09-14|2025-09-15,2025-09-16 00:00,2025-09-16 00:00,8.810729923425242e-13,1.1368683772161603e-13,0,True,Optimization terminated successfully. (HiGHS Status 7: Optimal),518,0.0
2025-09-17,0,0.02543883399994229,44609.53996751014,144,10,2306,2025-09-07|2025-09-08|2025-09-09|2025-09-10|2025-09-11|2025-09-12|2025-09-13|2025-09-14|2025-09-15|2025-09-16,2025-09-17 00:00,2025-09-17 00:00,9.094947017729282e-13,1.1368683772161603e-13,0,True,Optimization terminated successfully. (HiGHS Status 7: Optimal),533,0.0
2025-09-18,0,0.02685166699848196,42974.422547269016,144,10,2306,2025-09-08|2025-09-09|2025-09-10|2025-09-11|2025-09-12|2025-09-13|2025-09-14|2025-09-15|2025-09-16|2025-09-17,2025-09-18 00:00,2025-09-18 00:00,9.094947017729282e-13,1.1368683772161603e-13,0,True,Optimization terminated successfully. (HiGHS Status 7: Optimal),531,0.0
2025-09-19,0,0.02371537500039267,19166.78885152729,144,10,2306,2025-09-09|2025-09-10|2025-09-11|2025-09-12|2025-09-13|2025-09-14|2025-09-15|2025-09-16|2025-09-17|2025-09-18,2025-09-19 00:00,2025-09-19 00:00,8.242295734817162e-13,2.2737367544323206e-13,0,True,Optimization terminated successfully. (HiGHS Status 7: Optimal),418,0.0
2025-09-20,0,0.021668458999556606,19233.105919733338,144,10,2306,2025-09-10|2025-09-11|2025-09-12|2025-09-13|2025-09-14|2025-09-15|2025-09-16|2025-09-17|2025-09-18|2025-09-19,2025-09-20 00:00,2025-09-20 00:00,7.389644451905042e-13,1.1368683772161603e-13,0,True,Optimization terminated successfully. (HiGHS Status 7: Optimal),417,0.0
2025-09-21,0,0.028857708000941784,44220.0589053806,144,10,2306,2025-09-11|2025-09-12|2025-09-13|2025-09-14|2025-09-15|2025-09-16|2025-09-17|2025-09-18|2025-09-19|2025-09-20,2025-09-21 00:00,2025-09-21 00:00,8.668621376273222e-13,1.1368683772161603e-13,0,True,Optimization terminated successfully. (HiGHS Status 7: Optimal),536,0.0
2025-09-22,0,0.02583404100005282,42842.84553746804,144,10,2306,2025-09-12|2025-09-13|2025-09-14|2025-09-15|2025-09-16|2025-09-17|2025-09-18|2025-09-19|2025-09-20|2025-09-21,2025-09-22 00:00,2025-09-22 00:00,8.810729923425242e-13,1.1368683772161603e-13,0,True,Optimization terminated successfully. (HiGHS Status 7: Optimal),531,0.0
2025-09-23,0,0.02582858300047519,42677.944959516026,144,10,2306,2025-09-13|2025-09-14|2025-09-15|2025-09-16|2025-09-17|2025-09-18|2025-09-19|2025-09-20|2025-09-21|2025-09-22,2025-09-23 00:00,2025-09-23 00:00,8.668621376273222e-13,1.1368683772161603e-13,0,True,Optimization terminated successfully. (HiGHS Status 7: Optimal),529,0.0
2025-09-24,0,0.025499250001303153,45549.29690242806,144,10,2306,2025-09-14|2025-09-15|2025-09-16|2025-09-17|2025-09-18|2025-09-19|2025-09-20|2025-09-21|2025-09-22|2025-09-23,2025-09-24 00:00,2025-09-24 00:00,9.094947017729282e-13,1.1368683772161603e-13,0,True,Optimization terminated successfully. (HiGHS Status 7: Optimal),533,0.0
2025-09-25,0,0.026751166000394733,44687.61977206784,144,10,2306,2025-09-15|2025-09-16|2025-09-17|2025-09-18|2025-09-19|2025-09-20|2025-09-21|2025-09-22|2025-09-23|2025-09-24,2025-09-25 00:00,2025-09-25 00:00,9.094947017729282e-13,1.1368683772161603e-13,0,True,Optimization terminated successfully. (HiGHS Status 7: Optimal),531,0.0
2025-09-26,0,0.0238146659994527,19784.09806405146,144,10,2306,2025-09-16|2025-09-17|2025-09-18|2025-09-19|2025-09-20|2025-09-21|2025-09-22|2025-09-23|2025-09-24|2025-09-25,2025-09-26 00:00,2025-09-26 00:00,9.094947017729282e-13,5.684341886080802e-14,0,True,Optimization terminated successfully. (HiGHS Status 7: Optimal),427,0.0
2025-09-27,0,0.023735999999189517,19879.87638030081,144,10,2306,2025-09-17|2025-09-18|2025-09-19|2025-09-20|2025-09-21|2025-09-22|2025-09-23|2025-09-24|2025-09-25|2025-09-26,2025-09-27 00:00,2025-09-27 00:00,8.526512829121202e-13,2.2737367544323206e-13,0,True,Optimization terminated successfully. (HiGHS Status 7: Optimal),422,0.0
2025-09-28,0,0.028085083000405575,46467.829376242575,144,10,2306,2025-09-18|2025-09-19|2025-09-20|2025-09-21|2025-09-22|2025-09-23|2025-09-24|2025-09-25|2025-09-26|2025-09-27,2025-09-28 00:00,2025-09-28 00:00,9.094947017729282e-13,1.1368683772161603e-13,0,True,Optimization terminated successfully. (HiGHS Status 7: Optimal),540,0.0
2025-09-29,0,0.028013082999677863,44566.68774374403,144,10,2306,2025-09-19|2025-09-20|2025-09-21|2025-09-22|2025-09-23|2025-09-24|2025-09-25|2025-09-26|2025-09-27|2025-09-28,2025-09-29 00:00,2025-09-29 00:00,9.094947017729282e-13,1.1368683772161603e-13,0,True,Optimization terminated successfully. (HiGHS Status 7: Optimal),531,0.0
2025-09-30,0,0.026283999999577645,45434.19679067762,144,10,2306,2025-09-20|2025-09-21|2025-09-22|2025-09-23|2025-09-24|2025-09-25|2025-09-26|2025-09-27|2025-09-28|2025-09-29,2025-09-30 00:00,2025-09-30 00:00,8.668621376273222e-13,1.1368683772161603e-13,0,True,Optimization terminated successfully. (HiGHS Status 7: Optimal),535,0.0
2025-10-01,0,0.02606858400031342,47165.30252940924,144,10,2306,2025-09-21|2025-09-22|2025-09-23|2025-09-24|2025-09-25|2025-09-26|2025-09-27|2025-09-28|2025-09-29|2025-09-30,2025-10-01 00:00,2025-10-01 00:00,8.384404281969182e-13,1.1368683772161603e-13,0,True,Optimization terminated successfully. (HiGHS Status 7: Optimal),530,0.0
2025-10-02,0,0.028109374999985448,45561.056389399855,144,10,2306,2025-09-22|2025-09-23|2025-09-24|2025-09-25|2025-09-26|2025-09-27|2025-09-28|2025-09-29|2025-09-30|2025-10-01,2025-10-02 00:00,2025-10-02 00:00,8.526512829121202e-13,1.1368683772161603e-13,0,True,Optimization terminated successfully. (HiGHS Status 7: Optimal),537,0.0
2025-10-03,0,0.023635457999262144,19375.24979590667,144,10,2306,2025-09-23|2025-09-24|2025-09-25|2025-09-26|2025-09-27|2025-09-28|2025-09-29|2025-09-30|2025-10-01|2025-10-02,2025-10-03 00:00,2025-10-03 00:00,8.668621376273222e-13,5.684341886080802e-14,0,True,Optimization terminated successfully. (HiGHS Status 7: Optimal),428,0.0
2025-10-04,0,0.023137624999435502,19794.561360247888,144,10,2306,2025-09-24|2025-09-25|2025-09-26|2025-09-27|2025-09-28|2025-09-29|2025-09-30|2025-10-01|2025-10-02|2025-10-03,2025-10-04 00:00,2025-10-04 00:00,8.526512829121202e-13,2.2737367544323206e-13,0,True,Optimization terminated successfully. (HiGHS Status 7: Optimal),428,0.0
2025-10-05,0,0.02741979100028402,46565.22562348761,144,10,2306,2025-09-25|2025-09-26|2025-09-27|2025-09-28|2025-09-29|2025-09-30|2025-10-01|2025-10-02|2025-10-03|2025-10-04,2025-10-05 00:00,2025-10-05 00:00,8.810729923425242e-13,1.1368683772161603e-13,0,True,Optimization terminated successfully. (HiGHS Status 7: Optimal),530,0.0
2025-10-06,0,0.02813741700083483,46841.33166320457,144,10,2306,2025-09-26|2025-09-27|2025-09-28|2025-09-29|2025-09-30|2025-10-01|2025-10-02|2025-10-03|2025-10-04|2025-10-05,2025-10-06 00:00,2025-10-06 00:00,8.100187187665142e-13,1.1368683772161603e-13,0,True,Optimization terminated successfully. (HiGHS Status 7: Optimal),532,0.0
2025-10-07,0,0.026414375000967993,46910.2993883205,144,10,2306,2025-09-27|2025-09-28|2025-09-29|2025-09-30|2025-10-01|2025-10-02|2025-10-03|2025-10-04|2025-10-05|2025-10-06,2025-10-07 00:00,2025-10-07 00:00,9.094947017729282e-13,1.1368683772161603e-13,0,True,Optimization terminated successfully. (HiGHS Status 7: Optimal),530,0.0
2025-10-08,0,0.026354792000347516,44223.137558546056,144,10,2306,2025-09-28|2025-09-29|2025-09-30|2025-10-01|2025-10-02|2025-10-03|2025-10-04|2025-10-05|2025-10-06|2025-10-07,2025-10-08 00:00,2025-10-08 00:00,7.958078640513122e-13,1.1368683772161603e-13,0,True,Optimization terminated successfully. (HiGHS Status 7: Optimal),534,0.0
2025-10-09,0,0.027521250000063446,43053.55056614023,144,10,2306,2025-09-29|2025-09-30|2025-10-01|2025-10-02|2025-10-03|2025-10-04|2025-10-05|2025-10-06|2025-10-07|2025-10-08,2025-10-09 00:00,2025-10-09 00:00,7.958078640513122e-13,5.684341886080802e-14,0,True,Optimization terminated successfully. (HiGHS Status 7: Optimal),533,0.0
2025-10-10,0,0.02256154200040328,17484.3575143784,144,10,2306,2025-09-30|2025-10-01|2025-10-02|2025-10-03|2025-10-04|2025-10-05|2025-10-06|2025-10-07|2025-10-08|2025-10-09,2025-10-10 00:00,2025-10-10 00:00,9.094947017729282e-13,2.2737367544323206e-13,0,True,Optimization terminated successfully. (HiGHS Status 7: Optimal),422,0.0
2025-10-11,0,0.02631462499994086,17330.230805092917,144,10,2306,2025-10-01|2025-10-02|2025-10-03|2025-10-04|2025-10-05|2025-10-06|2025-10-07|2025-10-08|2025-10-09|2025-10-10,2025-10-11 00:00,2025-10-11 00:00,9.094947017729282e-13,2.2737367544323206e-13,0,True,Optimization terminated successfully. (HiGHS Status 7: Optimal),427,0.0
2025-10-12,0,0.02625133400033519,41659.81414758743,144,10,2306,2025-10-02|2025-10-03|2025-10-04|2025-10-05|2025-10-06|2025-10-07|2025-10-08|2025-10-09|2025-10-10|2025-10-11,2025-10-12 00:00,2025-10-12 00:00,8.810729923425242e-13,1.1368683772161603e-13,0,True,Optimization terminated successfully. (HiGHS Status 7: Optimal),528,0.0
2025-10-13,0,0.026774708001539693,42087.271302850444,144,10,2306,2025-10-03|2025-10-04|2025-10-05|2025-10-06|2025-10-07|2025-10-08|2025-10-09|2025-10-10|2025-10-11|2025-10-12,2025-10-13 00:00,2025-10-13 00:00,8.526512829121202e-13,4.973799150320701e-14,0,True,Optimization terminated successfully. (HiGHS Status 7: Optimal),525,0.0
2025-10-14,0,0.025275958998463466,43370.803762076896,144,10,2306,2025-10-04|2025-10-05|2025-10-06|2025-10-07|2025-10-08|2025-10-09|2025-10-10|2025-10-11|2025-10-12|2025-10-13,2025-10-14 00:00,2025-10-14 00:00,8.668621376273222e-13,1.1368683772161603e-13,0,True,Optimization terminated successfully. (HiGHS Status 7: Optimal),532,0.0
2025-10-15,0,0.026383624999652966,40149.22176203201,144,10,2306,2025-10-05|2025-10-06|2025-10-07|2025-10-08|2025-10-09|2025-10-10|2025-10-11|2025-10-12|2025-10-13|2025-10-14,2025-10-15 00:00,2025-10-15 00:00,8.881784197001252e-13,1.1368683772161603e-13,0,True,Optimization terminated successfully. (HiGHS Status 7: Optimal),517,0.0
2025-10-16,0,0.029798374998790678,41397.390717063856,144,10,2306,2025-10-06|2025-10-07|2025-10-08|2025-10-09|2025-10-10|2025-10-11|2025-10-12|2025-10-13|2025-10-14|2025-10-15,2025-10-16 00:00,2025-10-16 00:00,7.958078640513122e-13,1.1368683772161603e-13,0,True,Optimization terminated successfully. (HiGHS Status 7: Optimal),525,0.0
2025-10-17,0,0.022412875001464272,17217.020504772645,144,10,2306,2025-10-07|2025-10-08|2025-10-09|2025-10-10|2025-10-11|2025-10-12|2025-10-13|2025-10-14|2025-10-15|2025-10-16,2025-10-17 00:00,2025-10-17 00:00,9.094947017729282e-13,0.0,0,True,Optimization terminated successfully. (HiGHS Status 7: Optimal),425,0.0
2025-10-18,0,0.02290283299953444,18082.07902557193,144,10,2306,2025-10-08|2025-10-09|2025-10-10|2025-10-11|2025-10-12|2025-10-13|2025-10-14|2025-10-15|2025-10-16|2025-10-17,2025-10-18 00:00,2025-10-18 00:00,9.094947017729282e-13,2.2737367544323206e-13,0,True,Optimization terminated successfully. (HiGHS Status 7: Optimal),439,0.0
2025-10-19,0,0.02815833400018164,43800.91854322509,144,10,2306,2025-10-09|2025-10-10|2025-10-11|2025-10-12|2025-10-13|2025-10-14|2025-10-15|2025-10-16|2025-10-17|2025-10-18,2025-10-19 00:00,2025-10-19 00:00,8.668621376273222e-13,1.1368683772161603e-13,0,True,Optimization terminated successfully. (HiGHS Status 7: Optimal),530,0.0
2025-10-20,0,0.02572433400018781,45258.46499757908,144,10,2306,2025-10-10|2025-10-11|2025-10-12|2025-10-13|2025-10-14|2025-10-15|2025-10-16|2025-10-17|2025-10-18|2025-10-19,2025-10-20 00:00,2025-10-20 00:00,9.094947017729282e-13,1.1368683772161603e-13,0,True,Optimization terminated successfully. (HiGHS Status 7: Optimal),527,0.0
2025-10-21,0,0.02700912500040431,47263.1847820184,144,10,2306,2025-10-11|2025-10-12|2025-10-13|2025-10-14|2025-10-15|2025-10-16|2025-10-17|2025-10-18|2025-10-19|2025-10-20,2025-10-21 00:00,2025-10-21 00:00,9.094947017729282e-13,7.105427357601002e-15,0,True,Optimization terminated successfully. (HiGHS Status 7: Optimal),529,0.0
2025-10-22,0,0.026864957999350736,44036.16427572992,144,10,2306,2025-10-12|2025-10-13|2025-10-14|2025-10-15|2025-10-16|2025-10-17|2025-10-18|2025-10-19|2025-10-20|2025-10-21,2025-10-22 00:00,2025-10-22 00:00,8.810729923425242e-13,1.1368683772161603e-13,0,True,Optimization terminated successfully. (HiGHS Status 7: Optimal),524,0.0
2025-10-23,0,0.02542866600015259,45727.95378320862,144,10,2306,2025-10-13|2025-10-14|2025-10-15|2025-10-16|2025-10-17|2025-10-18|2025-10-19|2025-10-20|2025-10-21|2025-10-22,2025-10-23 00:00,2025-10-23 00:00,7.513989430663059e-13,1.1368683772161603e-13,0,True,Optimization terminated successfully. (HiGHS Status 7: Optimal),528,0.0
2025-10-24,0,0.02614966700093646,17866.124061285584,144,10,2306,2025-10-14|2025-10-15|2025-10-16|2025-10-17|2025-10-18|2025-10-19|2025-10-20|2025-10-21|2025-10-22|2025-10-23,2025-10-24 00:00,2025-10-24 00:00,8.526512829121202e-13,5.684341886080802e-14,0,True,Optimization terminated successfully. (HiGHS Status 7: Optimal),433,0.0
2025-10-25,0,0.023581625000588247,18943.940090843957,144,10,2306,2025-10-15|2025-10-16|2025-10-17|2025-10-18|2025-10-19|2025-10-20|2025-10-21|2025-10-22|2025-10-23|2025-10-24,2025-10-25 00:00,2025-10-25 00:00,6.821210263296962e-13,5.684341886080802e-14,0,True,Optimization terminated successfully. (HiGHS Status 7: Optimal),441,0.0
2025-10-26,0,0.02713758299978508,47918.00711222893,144,10,2306,2025-10-16|2025-10-17|2025-10-18|2025-10-19|2025-10-20|2025-10-21|2025-10-22|2025-10-23|2025-10-24|2025-10-25,2025-10-26 00:00,2025-10-26 00:00,1.0231815394945443e-12,1.1368683772161603e-13,0,True,Optimization terminated successfully. (HiGHS Status 7: Optimal),523,0.0
2025-10-27,0,0.02637374999903841,47953.11940685707,144,10,2306,2025-10-17|2025-10-18|2025-10-19|2025-10-20|2025-10-21|2025-10-22|2025-10-23|2025-10-24|2025-10-25|2025-10-26,2025-10-27 00:00,2025-10-27 00:00,9.094947017729282e-13,1.1368683772161603e-13,0,True,Optimization terminated successfully. (HiGHS Status 7: Optimal),533,0.0
2025-10-28,0,0.02732362499955343,49459.094182777735,144,10,2306,2025-10-18|2025-10-19|2025-10-20|2025-10-21|2025-10-22|2025-10-23|2025-10-24|2025-10-25|2025-10-26|2025-10-27,2025-10-28 00:00,2025-10-28 00:00,9.094947017729282e-13,2.2737367544323206e-13,0,True,Optimization terminated successfully. (HiGHS Status 7: Optimal),530,0.0
2025-10-29,0,0.027514375000464497,46271.469171615,144,10,2306,2025-10-19|2025-10-20|2025-10-21|2025-10-22|2025-10-23|2025-10-24|2025-10-25|2025-10-26|2025-10-27|2025-10-28,2025-10-29 00:00,2025-10-29 00:00,9.094947017729282e-13,1.1368683772161603e-13,0,True,Optimization terminated successfully. (HiGHS Status 7: Optimal),529,0.0
2025-10-30,0,0.026426958000229206,47013.30428089242,144,10,2306,2025-10-20|2025-10-21|2025-10-22|2025-10-23|2025-10-24|2025-10-25|2025-10-26|2025-10-27|2025-10-28|2025-10-29,2025-10-30 00:00,2025-10-30 00:00,9.094947017729282e-13,1.7763568394002505e-15,0,True,Optimization terminated successfully. (HiGHS Status 7: Optimal),533,0.0
2025-10-31,0,0.0249612090010487,18438.78808610988,144,10,2306,2025-10-21|2025-10-22|2025-10-23|2025-10-24|2025-10-25|2025-10-26|2025-10-27|2025-10-28|2025-10-29|2025-10-30,2025-10-31 00:00,2025-10-31 00:00,7.958078640513122e-13,2.2737367544323206e-13,0,True,Optimization terminated successfully. (HiGHS Status 7: Optimal),432,0.0
2025-11-01,0,0.025043083000127808,18894.643799520265,144,10,2306,2025-10-22|2025-10-23|2025-10-24|2025-10-25|2025-10-26|2025-10-27|2025-10-28|2025-10-29|2025-10-30|2025-10-31,2025-11-01 00:00,2025-11-01 00:00,7.815970093361102e-13,1.1368683772161603e-13,0,True,Optimization terminated successfully. (HiGHS Status 7: Optimal),444,0.0
2025-11-02,0,0.025862583999696653,48616.21128523507,144,10,2306,2025-10-23|2025-10-24|2025-10-25|2025-10-26|2025-10-27|2025-10-28|2025-10-29|2025-10-30|2025-10-31|2025-11-01,2025-11-02 00:00,2025-11-02 00:00,9.663381206337363e-13,2.842170943040401e-14,0,True,Optimization terminated successfully. (HiGHS Status 7: Optimal),532,0.0
2025-11-03,0,0.026241125000524335,49270.00513436559,144,10,2306,2025-10-24|2025-10-25|2025-10-26|2025-10-27|2025-10-28|2025-10-29|2025-10-30|2025-10-31|2025-11-01|2025-11-02,2025-11-03 00:00,2025-11-03 00:00,1.0231815394945443e-12,5.684341886080802e-14,0,True,Optimization terminated successfully. (HiGHS Status 7: Optimal),526,0.0
2025-11-04,0,0.028211541999553447,50703.669991519746,144,10,2306,2025-10-25|2025-10-26|2025-10-27|2025-10-28|2025-10-29|2025-10-30|2025-10-31|2025-11-01|2025-11-02|2025-11-03,2025-11-04 00:00,2025-11-04 00:00,8.810729923425242e-13,2.2737367544323206e-13,0,True,Optimization terminated successfully. (HiGHS Status 7: Optimal),539,0.0
2025-11-05,0,0.026547084000412724,51187.90533790884,144,10,2306,2025-10-26|2025-10-27|2025-10-28|2025-10-29|2025-10-30|2025-10-31|2025-11-01|2025-11-02|2025-11-03|2025-11-04,2025-11-05 00:00,2025-11-05 00:00,9.094947017729282e-13,2.2737367544323206e-13,0,True,Optimization terminated successfully. (HiGHS Status 7: Optimal),541,0.0
2025-11-06,0,0.027776458000516868,50303.70965942491,144,10,2306,2025-10-27|2025-10-28|2025-10-29|2025-10-30|2025-10-31|2025-11-01|2025-11-02|2025-11-03|2025-11-04|2025-11-05,2025-11-06 00:00,2025-11-06 00:00,9.094947017729282e-13,5.684341886080802e-14,0,True,Optimization terminated successfully. (HiGHS Status 7: Optimal),541,0.0
2025-11-07,0,0.025881582998408703,19862.336550331536,144,10,2306,2025-10-28|2025-10-29|2025-10-30|2025-10-31|2025-11-01|2025-11-02|2025-11-03|2025-11-04|2025-11-05|2025-11-06,2025-11-07 00:00,2025-11-07 00:00,7.958078640513122e-13,1.1368683772161603e-13,0,True,Optimization terminated successfully. (HiGHS Status 7: Optimal),446,0.0
2025-11-08,0,0.026449082999533857,19896.667295802185,144,10,2306,2025-10-29|2025-10-30|2025-10-31|2025-11-01|2025-11-02|2025-11-03|2025-11-04|2025-11-05|2025-11-06|2025-11-07,2025-11-08 00:00,2025-11-08 00:00,7.389644451905042e-13,1.1368683772161603e-13,0,True,Optimization terminated successfully. (HiGHS Status 7: Optimal),456,0.0
2025-11-09,0,0.026470374999917112,52181.01148075012,144,10,2306,2025-10-30|2025-10-31|2025-11-01|2025-11-02|2025-11-03|2025-11-04|2025-11-05|2025-11-06|2025-11-07|2025-11-08,2025-11-09 00:00,2025-11-09 00:00,8.810729923425242e-13,1.1368683772161603e-13,0,True,Optimization terminated successfully. (HiGHS Status 7: Optimal),537,0.0
2025-11-10,0,0.02640145800069149,51969.319718698716,144,10,2306,2025-10-31|2025-11-01|2025-11-02|2025-11-03|2025-11-04|2025-11-05|2025-11-06|2025-11-07|2025-11-08|2025-11-09,2025-11-10 00:00,2025-11-10 00:00,7.958078640513122e-13,2.2737367544323206e-13,0,True,Optimization terminated successfully. (HiGHS Status 7: Optimal),540,0.0
2025-11-11,0,0.02775320799992187,52862.76837407558,144,10,2306,2025-11-01|2025-11-02|2025-11-03|2025-11-04|2025-11-05|2025-11-06|2025-11-07|2025-11-08|2025-11-09|2025-11-10,2025-11-11 00:00,2025-11-11 00:00,8.242295734817162e-13,1.1368683772161603e-13,0,True,Optimization terminated successfully. (HiGHS Status 7: Optimal),539,0.0
2025-11-12,0,0.026631250000718865,53740.2684950856,144,10,2306,2025-11-02|2025-11-03|2025-11-04|2025-11-05|2025-11-06|2025-11-07|2025-11-08|2025-11-09|2025-11-10|2025-11-11,2025-11-12 00:00,2025-11-12 00:00,8.384404281969182e-13,2.2737367544323206e-13,0,True,Optimization terminated successfully. (HiGHS Status 7: Optimal),544,0.0
2025-11-13,0,0.03166099999907601,52855.64977163411,144,10,2306,2025-11-03|2025-11-04|2025-11-05|2025-11-06|2025-11-07|2025-11-08|2025-11-09|2025-11-10|2025-11-11|2025-11-12,2025-11-13 00:00,2025-11-13 00:00,8.526512829121202e-13,5.684341886080802e-14,0,True,Optimization terminated successfully. (HiGHS Status 7: Optimal),543,0.0
2025-11-14,0,0.0325068750007631,20488.48358585348,144,10,2306,2025-11-04|2025-11-05|2025-11-06|2025-11-07|2025-11-08|2025-11-09|2025-11-10|2025-11-11|2025-11-12|2025-11-13,2025-11-14 00:00,2025-11-14 00:00,8.979483823168266e-13,1.1368683772161603e-13,0,True,Optimization terminated successfully. (HiGHS Status 7: Optimal),463,0.0
2025-11-15,0,0.03403491599965491,20282.053969429064,144,10,2306,2025-11-05|2025-11-06|2025-11-07|2025-11-08|2025-11-09|2025-11-10|2025-11-11|2025-11-12|2025-11-13|2025-11-14,2025-11-15 00:00,2025-11-15 00:00,9.094947017729282e-13,1.1368683772161603e-13,0,True,Optimization terminated successfully. (HiGHS Status 7: Optimal),475,0.0
2025-11-16,0,0.036700833001305,53829.70073691551,144,10,2306,2025-11-06|2025-11-07|2025-11-08|2025-11-09|2025-11-10|2025-11-11|2025-11-12|2025-11-13|2025-11-14|2025-11-15,2025-11-16 00:00,2025-11-16 00:00,7.958078640513122e-13,0.0,0,True,Optimization terminated successfully. (HiGHS Status 7: Optimal),536,0.0
2025-11-17,0,0.035158332999344566,53968.5081042746,144,10,2306,2025-11-07|2025-11-08|2025-11-09|2025-11-10|2025-11-11|2025-11-12|2025-11-13|2025-11-14|2025-11-15|2025-11-16,2025-11-17 00:00,2025-11-17 00:00,9.094947017729282e-13,0.0,0,True,Optimization terminated successfully. (HiGHS Status 7: Optimal),536,0.0
2025-11-18,0,0.029447000000800472,53758.36379075924,144,10,2306,2025-11-08|2025-11-09|2025-11-10|2025-11-11|2025-11-12|2025-11-13|2025-11-14|2025-11-15|2025-11-16|2025-11-17,2025-11-18 00:00,2025-11-18 00:00,7.958078640513122e-13,2.2737367544323206e-13,0,True,Optimization terminated successfully. (HiGHS Status 7: Optimal),528,0.0
2025-11-19,0,0.030448041999989073,54622.54250336626,144,10,2306,2025-11-09|2025-11-10|2025-11-11|2025-11-12|2025-11-13|2025-11-14|2025-11-15|2025-11-16|2025-11-17|2025-11-18,2025-11-19 00:00,2025-11-19 00:00,9.094947017729282e-13,5.684341886080802e-14,0,True,Optimization terminated successfully. (HiGHS Status 7: Optimal),541,0.0
2025-11-20,0,0.02989220899871725,53834.37815363735,144,10,2306,2025-11-10|2025-11-11|2025-11-12|2025-11-13|2025-11-14|2025-11-15|2025-11-16|2025-11-17|2025-11-18|2025-11-19,2025-11-20 00:00,2025-11-20 00:00,9.094947017729282e-13,1.4210854715202004e-14,0,True,Optimization terminated successfully. (HiGHS Status 7: Optimal),537,0.0
2025-11-21,0,0.02458841699990444,21147.946250655023,144,10,2306,2025-11-11|2025-11-12|2025-11-13|2025-11-14|2025-11-15|2025-11-16|2025-11-17|2025-11-18|2025-11-19|2025-11-20,2025-11-21 00:00,2025-11-21 00:00,7.958078640513122e-13,1.1368683772161603e-13,0,True,Optimization terminated successfully. (HiGHS Status 7: Optimal),473,0.0
2025-11-22,0,0.02465570800086425,21109.131304165523,144,10,2306,2025-11-12|2025-11-13|2025-11-14|2025-11-15|2025-11-16|2025-11-17|2025-11-18|2025-11-19|2025-11-20|2025-11-21,2025-11-22 00:00,2025-11-22 00:00,8.526512829121202e-13,1.1368683772161603e-13,0,True,Optimization terminated successfully. (HiGHS Status 7: Optimal),477,0.0
2025-11-23,0,0.02658625000003667,54780.164183533496,144,10,2306,2025-11-13|2025-11-14|2025-11-15|2025-11-16|2025-11-17|2025-11-18|2025-11-19|2025-11-20|2025-11-21|2025-11-22,2025-11-23 00:00,2025-11-23 00:00,9.094947017729282e-13,0.0,0,True,Optimization terminated successfully. (HiGHS Status 7: Optimal),530,0.0
2025-11-24,0,0.027297249998810003,54879.994788898475,144,10,2306,2025-11-14|2025-11-15|2025-11-16|2025-11-17|2025-11-18|2025-11-19|2025-11-20|2025-11-21|2025-11-22|2025-11-23,2025-11-24 00:00,2025-11-24 00:00,8.242295734817162e-13,2.2737367544323206e-13,0,True,Optimization terminated successfully. (HiGHS Status 7: Optimal),540,0.0
2025-11-25,0,0.02945670900044206,54920.42122438869,144,10,2306,2025-11-15|2025-11-16|2025-11-17|2025-11-18|2025-11-19|2025-11-20|2025-11-21|2025-11-22|2025-11-23|2025-11-24,2025-11-25 00:00,2025-11-25 00:00,9.094947017729282e-13,2.2737367544323206e-13,0,True,Optimization terminated successfully. (HiGHS Status 7: Optimal),536,0.0
2025-11-26,0,0.025495750000118278,55809.45662789652,144,10,2306,2025-11-16|2025-11-17|2025-11-18|2025-11-19|2025-11-20|2025-11-21|2025-11-22|2025-11-23|2025-11-24|2025-11-25,2025-11-26 00:00,2025-11-26 00:00,1.0231815394945443e-12,2.2737367544323206e-13,0,True,Optimization terminated successfully. (HiGHS Status 7: Optimal),540,0.0
2025-11-27,0,0.03011795800011896,54953.96644179875,144,10,2306,2025-11-17|2025-11-18|2025-11-19|2025-11-20|2025-11-21|2025-11-22|2025-11-23|2025-11-24|2025-11-25|2025-11-26,2025-11-27 00:00,2025-11-27 00:00,9.094947017729282e-13,0.0,0,True,Optimization terminated successfully. (HiGHS Status 7: Optimal),525,0.0
2025-11-28,0,0.0265752089999296,22008.964308989962,144,10,2306,2025-11-18|2025-11-19|2025-11-20|2025-11-21|2025-11-22|2025-11-23|2025-11-24|2025-11-25|2025-11-26|2025-11-27,2025-11-28 00:00,2025-11-28 00:00,9.094947017729282e-13,1.1368683772161603e-13,0,True,Optimization terminated successfully. (HiGHS Status 7: Optimal),479,0.0
2025-11-29,0,0.024284584000270115,21937.75080818048,144,10,2306,2025-11-19|2025-11-20|2025-11-21|2025-11-22|2025-11-23|2025-11-24|2025-11-25|2025-11-26|2025-11-27|2025-11-28,2025-11-29 00:00,2025-11-29 00:00,7.958078640513122e-13,1.1368683772161603e-13,0,True,Optimization terminated successfully. (HiGHS Status 7: Optimal),476,0.0
2025-11-30,0,0.02563866599848552,56604.98396551871,144,10,2306,2025-11-20|2025-11-21|2025-11-22|2025-11-23|2025-11-24|2025-11-25|2025-11-26|2025-11-27|2025-11-28|2025-11-29,2025-11-30 00:00,2025-11-30 00:00,8.526512829121202e-13,0.0,0,True,Optimization terminated successfully. (HiGHS Status 7: Optimal),532,0.0
2025-12-01,0,0.02720516699992004,56562.426519748304,144,10,2306,2025-11-21|2025-11-22|2025-11-23|2025-11-24|2025-11-25|2025-11-26|2025-11-27|2025-11-28|2025-11-29|2025-11-30,2025-12-01 00:00,2025-12-01 00:00,7.958078640513122e-13,2.2737367544323206e-13,0,True,Optimization terminated successfully. (HiGHS Status 7: Optimal),528,0.0
2025-12-02,0,0.027246666999417357,58261.91883875267,144,10,2306,2025-11-22|2025-11-23|2025-11-24|2025-11-25|2025-11-26|2025-11-27|2025-11-28|2025-11-29|2025-11-30|2025-12-01,2025-12-02 00:00,2025-12-02 00:00,9.663381206337363e-13,5.684341886080802e-14,0,True,Optimization terminated successfully. (HiGHS Status 7: Optimal),529,0.0
2025-12-03,0,0.026504040999498102,60591.497734857854,144,10,2306,2025-11-23|2025-11-24|2025-11-25|2025-11-26|2025-11-27|2025-11-28|2025-11-29|2025-11-30|2025-12-01|2025-12-02,2025-12-03 00:00,2025-12-03 00:00,9.094947017729282e-13,5.684341886080802e-14,0,True,Optimization terminated successfully. (HiGHS Status 7: Optimal),532,0.0
2025-12-04,0,0.02667454200127395,61333.59946693521,144,10,2306,2025-11-24|2025-11-25|2025-11-26|2025-11-27|2025-11-28|2025-11-29|2025-11-30|2025-12-01|2025-12-02|2025-12-03,2025-12-04 00:00,2025-12-04 00:00,8.526512829121202e-13,5.684341886080802e-14,0,True,Optimization terminated successfully. (HiGHS Status 7: Optimal),530,0.0
2025-12-05,0,0.025662292000561138,26409.190075630675,144,10,2306,2025-11-25|2025-11-26|2025-11-27|2025-11-28|2025-11-29|2025-11-30|2025-12-01|2025-12-02|2025-12-03|2025-12-04,2025-12-05 00:00,2025-12-05 00:00,9.094947017729282e-13,1.1368683772161603e-13,0,True,Optimization terminated successfully. (HiGHS Status 7: Optimal),514,0.0
2025-12-06,0,0.029905207999036065,27486.078770359156,144,10,2306,2025-11-26|2025-11-27|2025-11-28|2025-11-29|2025-11-30|2025-12-01|2025-12-02|2025-12-03|2025-12-04|2025-12-05,2025-12-06 00:00,2025-12-06 00:00,7.815970093361102e-13,5.684341886080802e-14,0,True,Optimization terminated successfully. (HiGHS Status 7: Optimal),529,0.0
2025-12-07,0,0.026229334000163362,64012.87428391096,144,10,2306,2025-11-27|2025-11-28|2025-11-29|2025-11-30|2025-12-01|2025-12-02|2025-12-03|2025-12-04|2025-12-05|2025-12-06,2025-12-07 00:00,2025-12-07 00:00,7.958078640513122e-13,0.0,0,True,Optimization terminated successfully. (HiGHS Status 7: Optimal),537,0.0
2025-12-08,0,0.025992750001023524,65157.14529159333,144,10,2306,2025-11-28|2025-11-29|2025-11-30|2025-12-01|2025-12-02|2025-12-03|2025-12-04|2025-12-05|2025-12-06|2025-12-07,2025-12-08 00:00,2025-12-08 00:00,7.958078640513122e-13,0.0,0,True,Optimization terminated successfully. (HiGHS Status 7: Optimal),528,0.0
2025-12-09,0,0.025276416999986395,65924.51900083854,144,10,2306,2025-11-29|2025-11-30|2025-12-01|2025-12-02|2025-12-03|2025-12-04|2025-12-05|2025-12-06|2025-12-07|2025-12-08,2025-12-09 00:00,2025-12-09 00:00,7.958078640513122e-13,5.684341886080802e-14,0,True,Optimization terminated successfully. (HiGHS Status 7: Optimal),530,0.0
2025-12-10,0,0.026419041998451576,65881.32771462284,144,10,2306,2025-11-30|2025-12-01|2025-12-02|2025-12-03|2025-12-04|2025-12-05|2025-12-06|2025-12-07|2025-12-08|2025-12-09,2025-12-10 00:00,2025-12-10 00:00,7.958078640513122e-13,0.0,0,True,Optimization terminated successfully. (HiGHS Status 7: Optimal),528,0.0
2025-12-11,0,0.026150499999857857,65809.99836265933,144,10,2306,2025-12-01|2025-12-02|2025-12-03|2025-12-04|2025-12-05|2025-12-06|2025-12-07|2025-12-08|2025-12-09|2025-12-10,2025-12-11 00:00,2025-12-11 00:00,8.526512829121202e-13,0.0,0,True,Optimization terminated successfully. (HiGHS Status 7: Optimal),527,0.0
2025-12-12,0,0.031521207998594036,29803.057971044982,144,10,2306,2025-12-02|2025-12-03|2025-12-04|2025-12-05|2025-12-06|2025-12-07|2025-12-08|2025-12-09|2025-12-10|2025-12-11,2025-12-12 00:00,2025-12-12 00:00,9.094947017729282e-13,1.1368683772161603e-13,0,True,Optimization terminated successfully. (HiGHS Status 7: Optimal),537,0.0
2025-12-13,0,0.026363082999523613,30647.739819703682,144,10,2306,2025-12-03|2025-12-04|2025-12-05|2025-12-06|2025-12-07|2025-12-08|2025-12-09|2025-12-10|2025-12-11|2025-12-12,2025-12-13 00:00,2025-12-13 00:00,9.094947017729282e-13,1.1368683772161603e-13,0,True,Optimization terminated successfully. (HiGHS Status 7: Optimal),530,0.0
2025-12-14,0,0.026436041000124533,66424.25644109915,144,10,2306,2025-12-04|2025-12-05|2025-12-06|2025-12-07|2025-12-08|2025-12-09|2025-12-10|2025-12-11|2025-12-12|2025-12-13,2025-12-14 00:00,2025-12-14 00:00,9.094947017729282e-13,0.0,0,True,Optimization terminated successfully. (HiGHS Status 7: Optimal),531,0.0
2025-12-15,0,0.025190375001329812,66371.573119385,144,10,2306,2025-12-05|2025-12-06|2025-12-07|2025-12-08|2025-12-09|2025-12-10|2025-12-11|2025-12-12|2025-12-13|2025-12-14,2025-12-15 00:00,2025-12-15 00:00,7.958078640513122e-13,0.0,0,True,Optimization terminated successfully. (HiGHS Status 7: Optimal),531,0.0
2025-12-16,0,0.024447208999845316,66991.86677658054,144,10,2306,2025-12-06|2025-12-07|2025-12-08|2025-12-09|2025-12-10|2025-12-11|2025-12-12|2025-12-13|2025-12-14|2025-12-15,2025-12-16 00:00,2025-12-16 00:00,7.958078640513122e-13,2.2737367544323206e-13,0,True,Optimization terminated successfully. (HiGHS Status 7: Optimal),533,0.0
2025-12-17,0,0.024716457999602426,66130.0994161391,144,10,2306,2025-12-07|2025-12-08|2025-12-09|2025-12-10|2025-12-11|2025-12-12|2025-12-13|2025-12-14|2025-12-15|2025-12-16,2025-12-17 00:00,2025-12-17 00:00,9.094947017729282e-13,5.684341886080802e-14,0,True,Optimization terminated successfully. (HiGHS Status 7: Optimal),525,0.0
2025-12-18,0,0.02532908399916778,65168.856562937435,144,10,2306,2025-12-08|2025-12-09|2025-12-10|2025-12-11|2025-12-12|2025-12-13|2025-12-14|2025-12-15|2025-12-16|2025-12-17,2025-12-18 00:00,2025-12-18 00:00,7.958078640513122e-13,0.0,0,True,Optimization terminated successfully. (HiGHS Status 7: Optimal),521,0.0
2025-12-19,0,0.028015249999953085,29582.78951901918,144,10,2306,2025-12-09|2025-12-10|2025-12-11|2025-12-12|2025-12-13|2025-12-14|2025-12-15|2025-12-16|2025-12-17|2025-12-18,2025-12-19 00:00,2025-12-19 00:00,9.094947017729282e-13,1.1368683772161603e-13,0,True,Optimization terminated successfully. (HiGHS Status 7: Optimal),530,0.0
2025-12-20,0,0.027788833000158775,30506.2265685136,144,10,2306,2025-12-10|2025-12-11|2025-12-12|2025-12-13|2025-12-14|2025-12-15|2025-12-16|2025-12-17|2025-12-18|2025-12-19,2025-12-20 00:00,2025-12-20 00:00,9.094947017729282e-13,5.684341886080802e-14,0,True,Optimization terminated successfully. (HiGHS Status 7: Optimal),529,0.0
2025-12-21,0,0.025621624999985215,65848.60110280373,144,10,2306,2025-12-11|2025-12-12|2025-12-13|2025-12-14|2025-12-15|2025-12-16|2025-12-17|2025-12-18|2025-12-19|2025-12-20,2025-12-21 00:00,2025-12-21 00:00,7.958078640513122e-13,5.684341886080802e-14,0,True,Optimization terminated successfully. (HiGHS Status 7: Optimal),538,0.0
2025-12-22,0,0.025390165999851888,66661.18146944452,144,10,2306,2025-12-12|2025-12-13|2025-12-14|2025-12-15|2025-12-16|2025-12-17|2025-12-18|2025-12-19|2025-12-20|2025-12-21,2025-12-22 00:00,2025-12-22 00:00,7.958078640513122e-13,2.2737367544323206e-13,0,True,Optimization terminated successfully. (HiGHS Status 7: Optimal),527,0.0
2025-12-23,0,0.027612625000983826,66958.82327297048,144,10,2306,2025-12-13|2025-12-14|2025-12-15|2025-12-16|2025-12-17|2025-12-18|2025-12-19|2025-12-20|2025-12-21|2025-12-22,2025-12-23 00:00,2025-12-23 00:00,7.958078640513122e-13,5.684341886080802e-14,0,True,Optimization terminated successfully. (HiGHS Status 7: Optimal),543,0.0
2025-12-24,0,0.02437229200040747,65886.81752355937,144,10,2306,2025-12-14|2025-12-15|2025-12-16|2025-12-17|2025-12-18|2025-12-19|2025-12-20|2025-12-21|2025-12-22|2025-12-23,2025-12-24 00:00,2025-12-24 00:00,9.094947017729282e-13,5.684341886080802e-14,0,True,Optimization terminated successfully. (HiGHS Status 7: Optimal),528,0.0
2025-12-25,0,0.029726208000283805,64938.91296452702,144,10,2306,2025-12-15|2025-12-16|2025-12-17|2025-12-18|2025-12-19|2025-12-20|2025-12-21|2025-12-22|2025-12-23|2025-12-24,2025-12-25 00:00,2025-12-25 00:00,7.958078640513122e-13,0.0,0,True,Optimization terminated successfully. (HiGHS Status 7: Optimal),536,0.0
2025-12-26,0,0.03212958299991442,29384.26425283764,144,10,2306,2025-12-16|2025-12-17|2025-12-18|2025-12-19|2025-12-20|2025-12-21|2025-12-22|2025-12-23|2025-12-24|2025-12-25,2025-12-26 00:00,2025-12-26 00:00,9.094947017729282e-13,5.684341886080802e-14,0,True,Optimization terminated successfully. (HiGHS Status 7: Optimal),533,0.0
2025-12-27,0,0.038471166999443085,29969.998969612145,144,10,2306,2025-12-17|2025-12-18|2025-12-19|2025-12-20|2025-12-21|2025-12-22|2025-12-23|2025-12-24|2025-12-25|2025-12-26,2025-12-27 00:00,2025-12-27 00:00,8.100187187665142e-13,1.1368683772161603e-13,0,True,Optimization terminated successfully. (HiGHS Status 7: Optimal),526,0.0
2025-12-28,0,0.054773500000010245,65587.3198868478,144,10,2306,2025-12-18|2025-12-19|2025-12-20|2025-12-21|2025-12-22|2025-12-23|2025-12-24|2025-12-25|2025-12-26|2025-12-27,2025-12-28 00:00,2025-12-28 00:00,9.094947017729282e-13,2.2737367544323206e-13,0,True,Optimization terminated successfully. (HiGHS Status 7: Optimal),527,0.0
2025-12-29,0,0.0440250420015218,66191.30816423804,144,10,2306,2025-12-19|2025-12-20|2025-12-21|2025-12-22|2025-12-23|2025-12-24|2025-12-25|2025-12-26|2025-12-27|2025-12-28,2025-12-29 00:00,2025-12-29 00:00,9.094947017729282e-13,5.684341886080802e-14,0,True,Optimization terminated successfully. (HiGHS Status 7: Optimal),529,0.0
2025-12-30,0,0.040944917000160785,65800.69585591413,144,10,2306,2025-12-20|2025-12-21|2025-12-22|2025-12-23|2025-12-24|2025-12-25|2025-12-26|2025-12-27|2025-12-28|2025-12-29,2025-12-30 00:00,2025-12-30 00:00,7.958078640513122e-13,2.2737367544323206e-13,0,True,Optimization terminated successfully. (HiGHS Status 7: Optimal),524,0.0
2025-12-31,0,0.046366290998776094,64937.21471714909,144,10,2306,2025-12-21|2025-12-22|2025-12-23|2025-12-24|2025-12-25|2025-12-26|2025-12-27|2025-12-28|2025-12-29|2025-12-30,2025-12-31 00:00,2025-12-31 00:00,9.094947017729282e-13,2.2737367544323206e-13,0,True,Optimization terminated successfully. (HiGHS Status 7: Optimal),517,0.0
