mode,scenario,date,issue_hour,solver_method,seconds,objective,max_balance_residual_kwh,max_soc_residual_kwh,scenario_count,latest_observation_time,decision_time,history_dates,common_action_intervals
q3,S2,2025-02-01,0,highs-ipm,0.06794045800052118,1423.660975222944,4.0945025148175773e-13,9.094947017729282e-13,20,2025-02-01 00:00,2025-02-01 00:00,2025-01-12|2025-01-13|2025-01-14|2025-01-15|2025-01-16|2025-01-17|2025-01-18|2025-01-19|2025-01-20|2025-01-21|2025-01-22|2025-01-23|2025-01-24|2025-01-25|2025-01-26|2025-01-27|2025-01-28|2025-01-29|2025-01-30|2025-01-31,144
q3,S2,2025-02-01,6,highs-ipm,0.08660641700407723,10473.894179575656,2.2737367544323206e-13,9.094947017729282e-13,20,2025-02-01 06:00,2025-02-01 06:00,2025-01-12|2025-01-13|2025-01-14|2025-01-15|2025-01-16|2025-01-17|2025-01-18|2025-01-19|2025-01-20|2025-01-21|2025-01-22|2025-01-23|2025-01-24|2025-01-25|2025-01-26|2025-01-27|2025-01-28|2025-01-29|2025-01-30|2025-01-31,144
q3,S2,2025-02-01,12,highs-ipm,0.07775104200118221,32564.433976616136,2.2737367544323206e-13,9.094947017729282e-13,20,2025-02-01 12:00,2025-02-01 12:00,2025-01-12|2025-01-13|2025-01-14|2025-01-15|2025-01-16|2025-01-17|2025-01-18|2025-01-19|2025-01-20|2025-01-21|2025-01-22|2025-01-23|2025-01-24|2025-01-25|2025-01-26|2025-01-27|2025-01-28|2025-01-29|2025-01-30|2025-01-31,144
q3,S2,2025-02-02,0,highs-ipm,0.05599341599736363,1880.6063146738593,1.1368683772161603e-13,7.958078640513122e-13,20,2025-02-02 00:00,2025-02-02 00:00,2025-01-13|2025-01-14|2025-01-15|2025-01-16|2025-01-17|2025-01-18|2025-01-19|2025-01-20|2025-01-21|2025-01-22|2025-01-23|2025-01-24|2025-01-25|2025-01-26|2025-01-27|2025-01-28|2025-01-29|2025-01-30|2025-01-31|2025-02-01,144
q3,S2,2025-02-02,6,highs-ipm,0.07860074999916833,10998.715928804968,2.6645352591003757e-13,9.094947017729282e-13,20,2025-02-02 06:00,2025-02-02 06:00,2025-01-13|2025-01-14|2025-01-15|2025-01-16|2025-01-17|2025-01-18|2025-01-19|2025-01-20|2025-01-21|2025-01-22|2025-01-23|2025-01-24|2025-01-25|2025-01-26|2025-01-27|2025-01-28|2025-01-29|2025-01-30|2025-01-31|2025-02-01,144
q3,S2,2025-02-02,12,highs-ipm,0.07667125000443775,29372.947084544376,2.2737367544323206e-13,8.526512829121202e-13,20,2025-02-02 12:00,2025-02-02 12:00,2025-01-13|2025-01-14|2025-01-15|2025-01-16|2025-01-17|2025-01-18|2025-01-19|2025-01-20|2025-01-21|2025-01-22|2025-01-23|2025-01-24|2025-01-25|2025-01-26|2025-01-27|2025-01-28|2025-01-29|2025-01-30|2025-01-31|2025-02-01,144
q3,S2,2025-02-03,0,highs-ipm,0.059499750001123175,1891.5578701295476,2.2737367544323206e-13,9.094947017729282e-13,20,2025-02-03 00:00,2025-02-03 00:00,2025-01-14|2025-01-15|2025-01-16|2025-01-17|2025-01-18|2025-01-19|2025-01-20|2025-01-21|2025-01-22|2025-01-23|2025-01-24|2025-01-25|2025-01-26|2025-01-27|2025-01-28|2025-01-29|2025-01-30|2025-01-31|2025-02-01|2025-02-02,144
q3,S2,2025-02-03,6,highs-ipm,0.08643304200086277,10258.981953627304,2.2737367544323206e-13,9.663381206337363e-13,20,2025-02-03 06:00,2025-02-03 06:00,2025-01-14|2025-01-15|2025-01-16|2025-01-17|2025-01-18|2025-01-19|2025-01-20|2025-01-21|2025-01-22|2025-01-23|2025-01-24|2025-01-25|2025-01-26|2025-01-27|2025-01-28|2025-01-29|2025-01-30|2025-01-31|2025-02-01|2025-02-02,144
q3,S2,2025-02-03,12,highs-ipm,0.07558612499997253,28259.428756701527,2.2737367544323206e-13,9.094947017729282e-13,20,2025-02-03 12:00,2025-02-03 12:00,2025-01-14|2025-01-15|2025-01-16|2025-01-17|2025-01-18|2025-01-19|2025-01-20|2025-01-21|2025-01-22|2025-01-23|2025-01-24|2025-01-25|2025-01-26|2025-01-27|2025-01-28|2025-01-29|2025-01-30|2025-01-31|2025-02-01|2025-02-02,144
q3,S2,2025-02-04,0,highs-ipm,0.05642954200448003,1869.9626214199525,2.2737367544323206e-13,7.958078640513122e-13,20,2025-02-04 00:00,2025-02-04 00:00,2025-01-15|2025-01-16|2025-01-17|2025-01-18|2025-01-19|2025-01-20|2025-01-21|2025-01-22|2025-01-23|2025-01-24|2025-01-25|2025-01-26|2025-01-27|2025-01-28|2025-01-29|2025-01-30|2025-01-31|2025-02-01|2025-02-02|2025-02-03,144
q3,S2,2025-02-04,6,highs-ipm,0.07760937500279397,10558.285905039882,2.2737367544323206e-13,9.094947017729282e-13,20,2025-02-04 06:00,2025-02-04 06:00,2025-01-15|2025-01-16|2025-01-17|2025-01-18|2025-01-19|2025-01-20|2025-01-21|2025-01-22|2025-01-23|2025-01-24|2025-01-25|2025-01-26|2025-01-27|2025-01-28|2025-01-29|2025-01-30|2025-01-31|2025-02-01|2025-02-02|2025-02-03,144
q3,S2,2025-02-04,12,highs-ipm,0.07404554100503447,24160.372434551304,2.2737367544323206e-13,9.663381206337363e-13,20,2025-02-04 12:00,2025-02-04 12:00,2025-01-15|2025-01-16|2025-01-17|2025-01-18|2025-01-19|2025-01-20|2025-01-21|2025-01-22|2025-01-23|2025-01-24|2025-01-25|2025-01-26|2025-01-27|2025-01-28|2025-01-29|2025-01-30|2025-01-31|2025-02-01|2025-02-02|2025-02-03,144
q3,S2,2025-02-05,0,highs-ipm,0.054440749998320825,1750.6755788549785,1.1368683772161603e-13,9.094947017729282e-13,20,2025-02-05 00:00,2025-02-05 00:00,2025-01-16|2025-01-17|2025-01-18|2025-01-19|2025-01-20|2025-01-21|2025-01-22|2025-01-23|2025-01-24|2025-01-25|2025-01-26|2025-01-27|2025-01-28|2025-01-29|2025-01-30|2025-01-31|2025-02-01|2025-02-02|2025-02-03|2025-02-04,144
q3,S2,2025-02-05,6,highs-ipm,0.08047879199875752,12532.127580118413,1.1368683772161603e-13,7.958078640513122e-13,20,2025-02-05 06:00,2025-02-05 06:00,2025-01-16|2025-01-17|2025-01-18|2025-01-19|2025-01-20|2025-01-21|2025-01-22|2025-01-23|2025-01-24|2025-01-25|2025-01-26|2025-01-27|2025-01-28|2025-01-29|2025-01-30|2025-01-31|2025-02-01|2025-02-02|2025-02-03|2025-02-04,144
q3,S2,2025-02-05,12,highs-ipm,0.08359716599807143,30817.538788034122,0.0,9.094947017729282e-13,20,2025-02-05 12:00,2025-02-05 12:00,2025-01-16|2025-01-17|2025-01-18|2025-01-19|2025-01-20|2025-01-21|2025-01-22|2025-01-23|2025-01-24|2025-01-25|2025-01-26|2025-01-27|2025-01-28|2025-01-29|2025-01-30|2025-01-31|2025-02-01|2025-02-02|2025-02-03|2025-02-04,144
q3,S2,2025-02-06,0,highs-ipm,0.10011866700369865,1746.5953374402707,2.2737367544323206e-13,7.958078640513122e-13,20,2025-02-06 00:00,2025-02-06 00:00,2025-01-17|2025-01-18|2025-01-19|2025-01-20|2025-01-21|2025-01-22|2025-01-23|2025-01-24|2025-01-25|2025-01-26|2025-01-27|2025-01-28|2025-01-29|2025-01-30|2025-01-31|2025-02-01|2025-02-02|2025-02-03|2025-02-04|2025-02-05,144
q3,S2,2025-02-06,6,highs-ipm,0.13319112500175834,7476.231917051877,1.0231815394945443e-12,9.094947017729282e-13,20,2025-02-06 06:00,2025-02-06 06:00,2025-01-17|2025-01-18|2025-01-19|2025-01-20|2025-01-21|2025-01-22|2025-01-23|2025-01-24|2025-01-25|2025-01-26|2025-01-27|2025-01-28|2025-01-29|2025-01-30|2025-01-31|2025-02-01|2025-02-02|2025-02-03|2025-02-04|2025-02-05,144
q3,S2,2025-02-06,12,highs-ipm,0.0853198330005398,17185.759764323142,0.0,1.0231815394945443e-12,20,2025-02-06 12:00,2025-02-06 12:00,2025-01-17|2025-01-18|2025-01-19|2025-01-20|2025-01-21|2025-01-22|2025-01-23|2025-01-24|2025-01-25|2025-01-26|2025-01-27|2025-01-28|2025-01-29|2025-01-30|2025-01-31|2025-02-01|2025-02-02|2025-02-03|2025-02-04|2025-02-05,144
q3,S2,2025-02-07,0,highs-ipm,0.05985974999930477,1548.0620236854709,8.242295734817162e-13,8.668621376273222e-13,20,2025-02-07 00:00,2025-02-07 00:00,2025-01-18|2025-01-19|2025-01-20|2025-01-21|2025-01-22|2025-01-23|2025-01-24|2025-01-25|2025-01-26|2025-01-27|2025-01-28|2025-01-29|2025-01-30|2025-01-31|2025-02-01|2025-02-02|2025-02-03|2025-02-04|2025-02-05|2025-02-06,144
q3,S2,2025-02-07,6,highs-ipm,0.07920933400600916,8512.87053392148,1.1368683772161603e-13,8.526512829121202e-13,20,2025-02-07 06:00,2025-02-07 06:00,2025-01-18|2025-01-19|2025-01-20|2025-01-21|2025-01-22|2025-01-23|2025-01-24|2025-01-25|2025-01-26|2025-01-27|2025-01-28|2025-01-29|2025-01-30|2025-01-31|2025-02-01|2025-02-02|2025-02-03|2025-02-04|2025-02-05|2025-02-06,144
q3,S2,2025-02-07,12,highs-ipm,0.07492037500196602,9446.10079101261,5.684341886080802e-14,9.094947017729282e-13,20,2025-02-07 12:00,2025-02-07 12:00,2025-01-18|2025-01-19|2025-01-20|2025-01-21|2025-01-22|2025-01-23|2025-01-24|2025-01-25|2025-01-26|2025-01-27|2025-01-28|2025-01-29|2025-01-30|2025-01-31|2025-02-01|2025-02-02|2025-02-03|2025-02-04|2025-02-05|2025-02-06,144
q3,S2,2025-02-08,0,highs-ipm,0.05927558300027158,1229.9736119688732,1.1368683772161603e-13,9.094947017729282e-13,20,2025-02-08 00:00,2025-02-08 00:00,2025-01-19|2025-01-20|2025-01-21|2025-01-22|2025-01-23|2025-01-24|2025-01-25|2025-01-26|2025-01-27|2025-01-28|2025-01-29|2025-01-30|2025-01-31|2025-02-01|2025-02-02|2025-02-03|2025-02-04|2025-02-05|2025-02-06|2025-02-07,144
q3,S2,2025-02-08,6,highs-ipm,0.08106425000005402,12717.83538019237,1.1368683772161603e-13,9.094947017729282e-13,20,2025-02-08 06:00,2025-02-08 06:00,2025-01-19|2025-01-20|2025-01-21|2025-01-22|2025-01-23|2025-01-24|2025-01-25|2025-01-26|2025-01-27|2025-01-28|2025-01-29|2025-01-30|2025-01-31|2025-02-01|2025-02-02|2025-02-03|2025-02-04|2025-02-05|2025-02-06|2025-02-07,144
q3,S2,2025-02-08,12,highs-ipm,0.0741854579973733,28594.970997837285,1.1368683772161603e-13,8.588685318500211e-13,20,2025-02-08 12:00,2025-02-08 12:00,2025-01-19|2025-01-20|2025-01-21|2025-01-22|2025-01-23|2025-01-24|2025-01-25|2025-01-26|2025-01-27|2025-01-28|2025-01-29|2025-01-30|2025-01-31|2025-02-01|2025-02-02|2025-02-03|2025-02-04|2025-02-05|2025-02-06|2025-02-07,144
q3,S2,2025-02-09,0,highs-ipm,0.06696687499788823,1774.857583711781,2.2737367544323206e-13,9.094947017729282e-13,20,2025-02-09 00:00,2025-02-09 00:00,2025-01-20|2025-01-21|2025-01-22|2025-01-23|2025-01-24|2025-01-25|2025-01-26|2025-01-27|2025-01-28|2025-01-29|2025-01-30|2025-01-31|2025-02-01|2025-02-02|2025-02-03|2025-02-04|2025-02-05|2025-02-06|2025-02-07|2025-02-08,144
q3,S2,2025-02-09,6,highs-ipm,0.09791570800007321,11448.055450247386,2.2737367544323206e-13,9.023892744153272e-13,20,2025-02-09 06:00,2025-02-09 06:00,2025-01-20|2025-01-21|2025-01-22|2025-01-23|2025-01-24|2025-01-25|2025-01-26|2025-01-27|2025-01-28|2025-01-29|2025-01-30|2025-01-31|2025-02-01|2025-02-02|2025-02-03|2025-02-04|2025-02-05|2025-02-06|2025-02-07|2025-02-08,144
q3,S2,2025-02-09,12,highs-ipm,0.08621449999918696,27530.632922068402,1.1368683772161603e-13,9.094947017729282e-13,20,2025-02-09 12:00,2025-02-09 12:00,2025-01-20|2025-01-21|2025-01-22|2025-01-23|2025-01-24|2025-01-25|2025-01-26|2025-01-27|2025-01-28|2025-01-29|2025-01-30|2025-01-31|2025-02-01|2025-02-02|2025-02-03|2025-02-04|2025-02-05|2025-02-06|2025-02-07|2025-02-08,144
q3,S2,2025-02-10,0,highs-ipm,0.0585538750019623,1850.5880797582336,5.684341886080801e-13,8.526512829121202e-13,20,2025-02-10 00:00,2025-02-10 00:00,2025-01-21|2025-01-22|2025-01-23|2025-01-24|2025-01-25|2025-01-26|2025-01-27|2025-01-28|2025-01-29|2025-01-30|2025-01-31|2025-02-01|2025-02-02|2025-02-03|2025-02-04|2025-02-05|2025-02-06|2025-02-07|2025-02-08|2025-02-09,144
q3,S2,2025-02-10,6,highs-ipm,0.08670983299816726,9116.190690570973,2.2737367544323206e-13,7.958078640513122e-13,20,2025-02-10 06:00,2025-02-10 06:00,2025-01-21|2025-01-22|2025-01-23|2025-01-24|2025-01-25|2025-01-26|2025-01-27|2025-01-28|2025-01-29|2025-01-30|2025-01-31|2025-02-01|2025-02-02|2025-02-03|2025-02-04|2025-02-05|2025-02-06|2025-02-07|2025-02-08|2025-02-09,144
q3,S2,2025-02-10,12,highs-ipm,0.07873570800438756,23404.66522556922,2.2737367544323206e-13,8.810729923425242e-13,20,2025-02-10 12:00,2025-02-10 12:00,2025-01-21|2025-01-22|2025-01-23|2025-01-24|2025-01-25|2025-01-26|2025-01-27|2025-01-28|2025-01-29|2025-01-30|2025-01-31|2025-02-01|2025-02-02|2025-02-03|2025-02-04|2025-02-05|2025-02-06|2025-02-07|2025-02-08|2025-02-09,144
q3,S2,2025-02-11,0,highs-ipm,0.05984216600336367,1798.5778717546789,5.684341886080801e-13,7.958078640513122e-13,20,2025-02-11 00:00,2025-02-11 00:00,2025-01-22|2025-01-23|2025-01-24|2025-01-25|2025-01-26|2025-01-27|2025-01-28|2025-01-29|2025-01-30|2025-01-31|2025-02-01|2025-02-02|2025-02-03|2025-02-04|2025-02-05|2025-02-06|2025-02-07|2025-02-08|2025-02-09|2025-02-10,144
q3,S2,2025-02-11,6,highs-ipm,0.08402691600349499,10026.32056384518,2.2737367544323206e-13,8.331113576787175e-13,20,2025-02-11 06:00,2025-02-11 06:00,2025-01-22|2025-01-23|2025-01-24|2025-01-25|2025-01-26|2025-01-27|2025-01-28|2025-01-29|2025-01-30|2025-01-31|2025-02-01|2025-02-02|2025-02-03|2025-02-04|2025-02-05|2025-02-06|2025-02-07|2025-02-08|2025-02-09|2025-02-10,144
q3,S2,2025-02-11,12,highs-ipm,0.07304670799931046,18674.546752500737,2.2737367544323206e-13,8.526512829121202e-13,20,2025-02-11 12:00,2025-02-11 12:00,2025-01-22|2025-01-23|2025-01-24|2025-01-25|2025-01-26|2025-01-27|2025-01-28|2025-01-29|2025-01-30|2025-01-31|2025-02-01|2025-02-02|2025-02-03|2025-02-04|2025-02-05|2025-02-06|2025-02-07|2025-02-08|2025-02-09|2025-02-10,144
q3,S2,2025-02-12,0,highs-ipm,0.05602608299523126,1791.4915555492942,2.2737367544323206e-13,9.094947017729282e-13,20,2025-02-12 00:00,2025-02-12 00:00,2025-01-23|2025-01-24|2025-01-25|2025-01-26|2025-01-27|2025-01-28|2025-01-29|2025-01-30|2025-01-31|2025-02-01|2025-02-02|2025-02-03|2025-02-04|2025-02-05|2025-02-06|2025-02-07|2025-02-08|2025-02-09|2025-02-10|2025-02-11,144
q3,S2,2025-02-12,6,highs-ipm,0.0775359590043081,9545.857255559646,2.2737367544323206e-13,7.958078640513122e-13,20,2025-02-12 06:00,2025-02-12 06:00,2025-01-23|2025-01-24|2025-01-25|2025-01-26|2025-01-27|2025-01-28|2025-01-29|2025-01-30|2025-01-31|2025-02-01|2025-02-02|2025-02-03|2025-02-04|2025-02-05|2025-02-06|2025-02-07|2025-02-08|2025-02-09|2025-02-10|2025-02-11,144
q3,S2,2025-02-12,12,highs-ipm,0.07423700000072131,20939.51061215289,2.2737367544323206e-13,8.526512829121202e-13,20,2025-02-12 12:00,2025-02-12 12:00,2025-01-23|2025-01-24|2025-01-25|2025-01-26|2025-01-27|2025-01-28|2025-01-29|2025-01-30|2025-01-31|2025-02-01|2025-02-02|2025-02-03|2025-02-04|2025-02-05|2025-02-06|2025-02-07|2025-02-08|2025-02-09|2025-02-10|2025-02-11,144
q3,S2,2025-02-13,0,highs-ipm,0.05510908299766015,1578.0290003959542,1.1368683772161603e-13,8.384404281969182e-13,20,2025-02-13 00:00,2025-02-13 00:00,2025-01-24|2025-01-25|2025-01-26|2025-01-27|2025-01-28|2025-01-29|2025-01-30|2025-01-31|2025-02-01|2025-02-02|2025-02-03|2025-02-04|2025-02-05|2025-02-06|2025-02-07|2025-02-08|2025-02-09|2025-02-10|2025-02-11|2025-02-12,144
q3,S2,2025-02-13,6,highs-ipm,0.07386020900594303,7324.473892237881,1.1368683772161603e-13,7.958078640513122e-13,20,2025-02-13 06:00,2025-02-13 06:00,2025-01-24|2025-01-25|2025-01-26|2025-01-27|2025-01-28|2025-01-29|2025-01-30|2025-01-31|2025-02-01|2025-02-02|2025-02-03|2025-02-04|2025-02-05|2025-02-06|2025-02-07|2025-02-08|2025-02-09|2025-02-10|2025-02-11|2025-02-12,144
q3,S2,2025-02-13,12,highs-ipm,0.07231708300241735,11204.966680601441,1.1368683772161603e-13,9.094947017729282e-13,20,2025-02-13 12:00,2025-02-13 12:00,2025-01-24|2025-01-25|2025-01-26|2025-01-27|2025-01-28|2025-01-29|2025-01-30|2025-01-31|2025-02-01|2025-02-02|2025-02-03|2025-02-04|2025-02-05|2025-02-06|2025-02-07|2025-02-08|2025-02-09|2025-02-10|2025-02-11|2025-02-12,144
q3,S2,2025-02-14,0,highs-ipm,0.06085737499961397,1255.227284814298,1.5631940186722204e-13,9.094947017729282e-13,20,2025-02-14 00:00,2025-02-14 00:00,2025-01-25|2025-01-26|2025-01-27|2025-01-28|2025-01-29|2025-01-30|2025-01-31|2025-02-01|2025-02-02|2025-02-03|2025-02-04|2025-02-05|2025-02-06|2025-02-07|2025-02-08|2025-02-09|2025-02-10|2025-02-11|2025-02-12|2025-02-13,144
q3,S2,2025-02-14,6,highs-ipm,0.08374275000096532,8632.987896326838,1.1368683772161603e-13,9.094947017729282e-13,20,2025-02-14 06:00,2025-02-14 06:00,2025-01-25|2025-01-26|2025-01-27|2025-01-28|2025-01-29|2025-01-30|2025-01-31|2025-02-01|2025-02-02|2025-02-03|2025-02-04|2025-02-05|2025-02-06|2025-02-07|2025-02-08|2025-02-09|2025-02-10|2025-02-11|2025-02-12|2025-02-13,144
q3,S2,2025-02-14,12,highs-ipm,0.07804487500106916,9669.1789619894,1.1368683772161603e-13,9.094947017729282e-13,20,2025-02-14 12:00,2025-02-14 12:00,2025-01-25|2025-01-26|2025-01-27|2025-01-28|2025-01-29|2025-01-30|2025-01-31|2025-02-01|2025-02-02|2025-02-03|2025-02-04|2025-02-05|2025-02-06|2025-02-07|2025-02-08|2025-02-09|2025-02-10|2025-02-11|2025-02-12|2025-02-13,144
q3,S2,2025-02-15,0,highs-ipm,0.06286087499756832,1268.1719873014904,1.1368683772161603e-13,9.094947017729282e-13,20,2025-02-15 00:00,2025-02-15 00:00,2025-01-26|2025-01-27|2025-01-28|2025-01-29|2025-01-30|2025-01-31|2025-02-01|2025-02-02|2025-02-03|2025-02-04|2025-02-05|2025-02-06|2025-02-07|2025-02-08|2025-02-09|2025-02-10|2025-02-11|2025-02-12|2025-02-13|2025-02-14,144
q3,S2,2025-02-15,6,highs-ipm,0.09103383299952839,10536.29652804491,5.684341886080802e-14,8.810729923425242e-13,20,2025-02-15 06:00,2025-02-15 06:00,2025-01-26|2025-01-27|2025-01-28|2025-01-29|2025-01-30|2025-01-31|2025-02-01|2025-02-02|2025-02-03|2025-02-04|2025-02-05|2025-02-06|2025-02-07|2025-02-08|2025-02-09|2025-02-10|2025-02-11|2025-02-12|2025-02-13|2025-02-14,144
q3,S2,2025-02-15,12,highs-ipm,0.08526795800571563,25139.208664610553,2.2737367544323206e-13,9.094947017729282e-13,20,2025-02-15 12:00,2025-02-15 12:00,2025-01-26|2025-01-27|2025-01-28|2025-01-29|2025-01-30|2025-01-31|2025-02-01|2025-02-02|2025-02-03|2025-02-04|2025-02-05|2025-02-06|2025-02-07|2025-02-08|2025-02-09|2025-02-10|2025-02-11|2025-02-12|2025-02-13|2025-02-14,144
q3,S2,2025-02-16,0,highs-ipm,0.05531825000070967,1807.9012015904023,2.2737367544323206e-13,9.094947017729282e-13,20,2025-02-16 00:00,2025-02-16 00:00,2025-01-27|2025-01-28|2025-01-29|2025-01-30|2025-01-31|2025-02-01|2025-02-02|2025-02-03|2025-02-04|2025-02-05|2025-02-06|2025-02-07|2025-02-08|2025-02-09|2025-02-10|2025-02-11|2025-02-12|2025-02-13|2025-02-14|2025-02-15,144
q3,S2,2025-02-16,6,highs-ipm,0.0737129169938271,8733.951799211347,1.1368683772161603e-13,9.094947017729282e-13,20,2025-02-16 06:00,2025-02-16 06:00,2025-01-27|2025-01-28|2025-01-29|2025-01-30|2025-01-31|2025-02-01|2025-02-02|2025-02-03|2025-02-04|2025-02-05|2025-02-06|2025-02-07|2025-02-08|2025-02-09|2025-02-10|2025-02-11|2025-02-12|2025-02-13|2025-02-14|2025-02-15,144
q3,S2,2025-02-16,12,highs-ipm,0.07191829200019129,21366.646731477198,1.1368683772161603e-13,9.094947017729282e-13,20,2025-02-16 12:00,2025-02-16 12:00,2025-01-27|2025-01-28|2025-01-29|2025-01-30|2025-01-31|2025-02-01|2025-02-02|2025-02-03|2025-02-04|2025-02-05|2025-02-06|2025-02-07|2025-02-08|2025-02-09|2025-02-10|2025-02-11|2025-02-12|2025-02-13|2025-02-14|2025-02-15,144
q3,S2,2025-02-17,0,highs-ipm,0.05323587499879068,1786.2015638574314,7.958078640513122e-13,9.094947017729282e-13,20,2025-02-17 00:00,2025-02-17 00:00,2025-01-28|2025-01-29|2025-01-30|2025-01-31|2025-02-01|2025-02-02|2025-02-03|2025-02-04|2025-02-05|2025-02-06|2025-02-07|2025-02-08|2025-02-09|2025-02-10|2025-02-11|2025-02-12|2025-02-13|2025-02-14|2025-02-15|2025-02-16,144
q3,S2,2025-02-17,6,highs-ipm,0.07146504200500203,8728.35634710726,1.1368683772161603e-13,9.663381206337363e-13,20,2025-02-17 06:00,2025-02-17 06:00,2025-01-28|2025-01-29|2025-01-30|2025-01-31|2025-02-01|2025-02-02|2025-02-03|2025-02-04|2025-02-05|2025-02-06|2025-02-07|2025-02-08|2025-02-09|2025-02-10|2025-02-11|2025-02-12|2025-02-13|2025-02-14|2025-02-15|2025-02-16,144
q3,S2,2025-02-17,12,highs-ipm,0.07585850000032224,18834.39848881553,1.1368683772161603e-13,9.094947017729282e-13,20,2025-02-17 12:00,2025-02-17 12:00,2025-01-28|2025-01-29|2025-01-30|2025-01-31|2025-02-01|2025-02-02|2025-02-03|2025-02-04|2025-02-05|2025-02-06|2025-02-07|2025-02-08|2025-02-09|2025-02-10|2025-02-11|2025-02-12|2025-02-13|2025-02-14|2025-02-15|2025-02-16,144
q3,S2,2025-02-18,0,highs-ipm,0.05377524999494199,1793.6995580926468,2.2737367544323206e-13,9.094947017729282e-13,20,2025-02-18 00:00,2025-02-18 00:00,2025-01-29|2025-01-30|2025-01-31|2025-02-01|2025-02-02|2025-02-03|2025-02-04|2025-02-05|2025-02-06|2025-02-07|2025-02-08|2025-02-09|2025-02-10|2025-02-11|2025-02-12|2025-02-13|2025-02-14|2025-02-15|2025-02-16|2025-02-17,144
q3,S2,2025-02-18,6,highs-ipm,0.07147850000183098,11866.65714931828,2.2737367544323206e-13,8.668621376273222e-13,20,2025-02-18 06:00,2025-02-18 06:00,2025-01-29|2025-01-30|2025-01-31|2025-02-01|2025-02-02|2025-02-03|2025-02-04|2025-02-05|2025-02-06|2025-02-07|2025-02-08|2025-02-09|2025-02-10|2025-02-11|2025-02-12|2025-02-13|2025-02-14|2025-02-15|2025-02-16|2025-02-17,144
q3,S2,2025-02-18,12,highs-ipm,0.07471074999921257,27576.231782557046,2.2737367544323206e-13,9.094947017729282e-13,20,2025-02-18 12:00,2025-02-18 12:00,2025-01-29|2025-01-30|2025-01-31|2025-02-01|2025-02-02|2025-02-03|2025-02-04|2025-02-05|2025-02-06|2025-02-07|2025-02-08|2025-02-09|2025-02-10|2025-02-11|2025-02-12|2025-02-13|2025-02-14|2025-02-15|2025-02-16|2025-02-17,144
q3,S2,2025-02-19,0,highs-ipm,0.055982249999942724,1899.8947412824407,1.1368683772161603e-13,9.094947017729282e-13,20,2025-02-19 00:00,2025-02-19 00:00,2025-01-30|2025-01-31|2025-02-01|2025-02-02|2025-02-03|2025-02-04|2025-02-05|2025-02-06|2025-02-07|2025-02-08|2025-02-09|2025-02-10|2025-02-11|2025-02-12|2025-02-13|2025-02-14|2025-02-15|2025-02-16|2025-02-17|2025-02-18,144
q3,S2,2025-02-19,6,highs-ipm,0.07663154100009706,11202.61546071557,2.2737367544323206e-13,9.094947017729282e-13,20,2025-02-19 06:00,2025-02-19 06:00,2025-01-30|2025-01-31|2025-02-01|2025-02-02|2025-02-03|2025-02-04|2025-02-05|2025-02-06|2025-02-07|2025-02-08|2025-02-09|2025-02-10|2025-02-11|2025-02-12|2025-02-13|2025-02-14|2025-02-15|2025-02-16|2025-02-17|2025-02-18,144
q3,S2,2025-02-19,12,highs-ipm,0.07360962499660673,20806.498590203137,2.2737367544323206e-13,9.094947017729282e-13,20,2025-02-19 12:00,2025-02-19 12:00,2025-01-30|2025-01-31|2025-02-01|2025-02-02|2025-02-03|2025-02-04|2025-02-05|2025-02-06|2025-02-07|2025-02-08|2025-02-09|2025-02-10|2025-02-11|2025-02-12|2025-02-13|2025-02-14|2025-02-15|2025-02-16|2025-02-17|2025-02-18,144
q3,S2,2025-02-20,0,highs-ipm,0.055384250001225155,1999.342475470714,1.1368683772161603e-13,9.094947017729282e-13,20,2025-02-20 00:00,2025-02-20 00:00,2025-01-31|2025-02-01|2025-02-02|2025-02-03|2025-02-04|2025-02-05|2025-02-06|2025-02-07|2025-02-08|2025-02-09|2025-02-10|2025-02-11|2025-02-12|2025-02-13|2025-02-14|2025-02-15|2025-02-16|2025-02-17|2025-02-18|2025-02-19,144
q3,S2,2025-02-20,6,highs-ipm,0.07781587499630405,9215.669578661116,3.410605131648481e-13,9.094947017729282e-13,20,2025-02-20 06:00,2025-02-20 06:00,2025-01-31|2025-02-01|2025-02-02|2025-02-03|2025-02-04|2025-02-05|2025-02-06|2025-02-07|2025-02-08|2025-02-09|2025-02-10|2025-02-11|2025-02-12|2025-02-13|2025-02-14|2025-02-15|2025-02-16|2025-02-17|2025-02-18|2025-02-19,144
q3,S2,2025-02-20,12,highs-ipm,0.07392612500552787,8550.822765235165,2.2737367544323206e-13,9.094947017729282e-13,20,2025-02-20 12:00,2025-02-20 12:00,2025-01-31|2025-02-01|2025-02-02|2025-02-03|2025-02-04|2025-02-05|2025-02-06|2025-02-07|2025-02-08|2025-02-09|2025-02-10|2025-02-11|2025-02-12|2025-02-13|2025-02-14|2025-02-15|2025-02-16|2025-02-17|2025-02-18|2025-02-19,144
q3,S2,2025-02-21,0,highs-ipm,0.05772866700135637,863.1392701096419,1.1368683772161603e-13,9.663381206337363e-13,20,2025-02-21 00:00,2025-02-21 00:00,2025-02-01|2025-02-02|2025-02-03|2025-02-04|2025-02-05|2025-02-06|2025-02-07|2025-02-08|2025-02-09|2025-02-10|2025-02-11|2025-02-12|2025-02-13|2025-02-14|2025-02-15|2025-02-16|2025-02-17|2025-02-18|2025-02-19|2025-02-20,144
q3,S2,2025-02-21,6,highs-ipm,0.07312329100386705,8247.778390800002,1.1368683772161603e-13,8.739675649849232e-13,20,2025-02-21 06:00,2025-02-21 06:00,2025-02-01|2025-02-02|2025-02-03|2025-02-04|2025-02-05|2025-02-06|2025-02-07|2025-02-08|2025-02-09|2025-02-10|2025-02-11|2025-02-12|2025-02-13|2025-02-14|2025-02-15|2025-02-16|2025-02-17|2025-02-18|2025-02-19|2025-02-20,144
q3,S2,2025-02-21,12,highs-ipm,0.08051487500051735,13267.741379563058,5.684341886080802e-14,9.094947017729282e-13,20,2025-02-21 12:00,2025-02-21 12:00,2025-02-01|2025-02-02|2025-02-03|2025-02-04|2025-02-05|2025-02-06|2025-02-07|2025-02-08|2025-02-09|2025-02-10|2025-02-11|2025-02-12|2025-02-13|2025-02-14|2025-02-15|2025-02-16|2025-02-17|2025-02-18|2025-02-19|2025-02-20,144
q3,S2,2025-02-22,0,highs-ipm,0.05616579100023955,1206.6209218381332,1.1368683772161603e-13,7.389644451905042e-13,20,2025-02-22 00:00,2025-02-22 00:00,2025-02-02|2025-02-03|2025-02-04|2025-02-05|2025-02-06|2025-02-07|2025-02-08|2025-02-09|2025-02-10|2025-02-11|2025-02-12|2025-02-13|2025-02-14|2025-02-15|2025-02-16|2025-02-17|2025-02-18|2025-02-19|2025-02-20|2025-02-21,144
q3,S2,2025-02-22,6,highs-ipm,0.07071583299693884,11405.845496609469,1.1368683772161603e-13,8.242295734817162e-13,20,2025-02-22 06:00,2025-02-22 06:00,2025-02-02|2025-02-03|2025-02-04|2025-02-05|2025-02-06|2025-02-07|2025-02-08|2025-02-09|2025-02-10|2025-02-11|2025-02-12|2025-02-13|2025-02-14|2025-02-15|2025-02-16|2025-02-17|2025-02-18|2025-02-19|2025-02-20|2025-02-21,144
q3,S2,2025-02-22,12,highs-ipm,0.07576533399696928,20711.792437523847,2.2737367544323206e-13,9.094947017729282e-13,20,2025-02-22 12:00,2025-02-22 12:00,2025-02-02|2025-02-03|2025-02-04|2025-02-05|2025-02-06|2025-02-07|2025-02-08|2025-02-09|2025-02-10|2025-02-11|2025-02-12|2025-02-13|2025-02-14|2025-02-15|2025-02-16|2025-02-17|2025-02-18|2025-02-19|2025-02-20|2025-02-21,144
q3,S2,2025-02-23,0,highs-ipm,0.05945945800340269,1880.999305105936,2.2737367544323206e-13,8.526512829121202e-13,20,2025-02-23 00:00,2025-02-23 00:00,2025-02-03|2025-02-04|2025-02-05|2025-02-06|2025-02-07|2025-02-08|2025-02-09|2025-02-10|2025-02-11|2025-02-12|2025-02-13|2025-02-14|2025-02-15|2025-02-16|2025-02-17|2025-02-18|2025-02-19|2025-02-20|2025-02-21|2025-02-22,144
q3,S2,2025-02-23,6,highs-ipm,0.08019554099882953,12403.039115564878,2.2737367544323206e-13,8.810729923425242e-13,20,2025-02-23 06:00,2025-02-23 06:00,2025-02-03|2025-02-04|2025-02-05|2025-02-06|2025-02-07|2025-02-08|2025-02-09|2025-02-10|2025-02-11|2025-02-12|2025-02-13|2025-02-14|2025-02-15|2025-02-16|2025-02-17|2025-02-18|2025-02-19|2025-02-20|2025-02-21|2025-02-22,144
q3,S2,2025-02-23,12,highs-ipm,0.07302250000066124,23448.057619230105,2.2737367544323206e-13,9.094947017729282e-13,20,2025-02-23 12:00,2025-02-23 12:00,2025-02-03|2025-02-04|2025-02-05|2025-02-06|2025-02-07|2025-02-08|2025-02-09|2025-02-10|2025-02-11|2025-02-12|2025-02-13|2025-02-14|2025-02-15|2025-02-16|2025-02-17|2025-02-18|2025-02-19|2025-02-20|2025-02-21|2025-02-22,144
q3,S2,2025-02-24,0,highs-ipm,0.05573791700589936,1580.2249975144284,4.547473508864641e-13,9.094947017729282e-13,20,2025-02-24 00:00,2025-02-24 00:00,2025-02-04|2025-02-05|2025-02-06|2025-02-07|2025-02-08|2025-02-09|2025-02-10|2025-02-11|2025-02-12|2025-02-13|2025-02-14|2025-02-15|2025-02-16|2025-02-17|2025-02-18|2025-02-19|2025-02-20|2025-02-21|2025-02-22|2025-02-23,144
q3,S2,2025-02-24,6,highs-ipm,0.07595712500187801,12049.189141655055,6.821210263296962e-13,9.094947017729282e-13,20,2025-02-24 06:00,2025-02-24 06:00,2025-02-04|2025-02-05|2025-02-06|2025-02-07|2025-02-08|2025-02-09|2025-02-10|2025-02-11|2025-02-12|2025-02-13|2025-02-14|2025-02-15|2025-02-16|2025-02-17|2025-02-18|2025-02-19|2025-02-20|2025-02-21|2025-02-22|2025-02-23,144
q3,S2,2025-02-24,12,highs-ipm,0.0767374579954776,19387.24504369741,6.821210263296962e-13,9.094947017729282e-13,20,2025-02-24 12:00,2025-02-24 12:00,2025-02-04|2025-02-05|2025-02-06|2025-02-07|2025-02-08|2025-02-09|2025-02-10|2025-02-11|2025-02-12|2025-02-13|2025-02-14|2025-02-15|2025-02-16|2025-02-17|2025-02-18|2025-02-19|2025-02-20|2025-02-21|2025-02-22|2025-02-23,144
q3,S2,2025-02-25,0,highs-ipm,0.05676875000062864,1714.4766583566459,2.2737367544323206e-13,7.958078640513122e-13,20,2025-02-25 00:00,2025-02-25 00:00,2025-02-05|2025-02-06|2025-02-07|2025-02-08|2025-02-09|2025-02-10|2025-02-11|2025-02-12|2025-02-13|2025-02-14|2025-02-15|2025-02-16|2025-02-17|2025-02-18|2025-02-19|2025-02-20|2025-02-21|2025-02-22|2025-02-23|2025-02-24,144
q3,S2,2025-02-25,6,highs-ipm,0.0781618749970221,10722.214143084753,1.1368683772161603e-13,9.094947017729282e-13,20,2025-02-25 06:00,2025-02-25 06:00,2025-02-05|2025-02-06|2025-02-07|2025-02-08|2025-02-09|2025-02-10|2025-02-11|2025-02-12|2025-02-13|2025-02-14|2025-02-15|2025-02-16|2025-02-17|2025-02-18|2025-02-19|2025-02-20|2025-02-21|2025-02-22|2025-02-23|2025-02-24,144
q3,S2,2025-02-25,12,highs-ipm,0.07676879199425457,19135.8426339871,2.2737367544323206e-13,9.094947017729282e-13,20,2025-02-25 12:00,2025-02-25 12:00,2025-02-05|2025-02-06|2025-02-07|2025-02-08|2025-02-09|2025-02-10|2025-02-11|2025-02-12|2025-02-13|2025-02-14|2025-02-15|2025-02-16|2025-02-17|2025-02-18|2025-02-19|2025-02-20|2025-02-21|2025-02-22|2025-02-23|2025-02-24,144
q3,S2,2025-02-26,0,highs-ipm,0.05793679100315785,1708.2934916930906,2.8421709430404007e-13,8.633094239485217e-13,20,2025-02-26 00:00,2025-02-26 00:00,2025-02-06|2025-02-07|2025-02-08|2025-02-09|2025-02-10|2025-02-11|2025-02-12|2025-02-13|2025-02-14|2025-02-15|2025-02-16|2025-02-17|2025-02-18|2025-02-19|2025-02-20|2025-02-21|2025-02-22|2025-02-23|2025-02-24|2025-02-25,144
q3,S2,2025-02-26,6,highs-ipm,0.07866962499974761,12766.255297206462,2.2737367544323206e-13,8.988365607365267e-13,20,2025-02-26 06:00,2025-02-26 06:00,2025-02-06|2025-02-07|2025-02-08|2025-02-09|2025-02-10|2025-02-11|2025-02-12|2025-02-13|2025-02-14|2025-02-15|2025-02-16|2025-02-17|2025-02-18|2025-02-19|2025-02-20|2025-02-21|2025-02-22|2025-02-23|2025-02-24|2025-02-25,144
q3,S2,2025-02-26,12,highs-ipm,0.07741758300107904,31461.378686908178,2.2737367544323206e-13,9.094947017729282e-13,20,2025-02-26 12:00,2025-02-26 12:00,2025-02-06|2025-02-07|2025-02-08|2025-02-09|2025-02-10|2025-02-11|2025-02-12|2025-02-13|2025-02-14|2025-02-15|2025-02-16|2025-02-17|2025-02-18|2025-02-19|2025-02-20|2025-02-21|2025-02-22|2025-02-23|2025-02-24|2025-02-25,144
q3,S2,2025-02-27,0,highs-ipm,0.059169500003918074,1650.5090619276157,2.2737367544323206e-13,9.094947017729282e-13,20,2025-02-27 00:00,2025-02-27 00:00,2025-02-07|2025-02-08|2025-02-09|2025-02-10|2025-02-11|2025-02-12|2025-02-13|2025-02-14|2025-02-15|2025-02-16|2025-02-17|2025-02-18|2025-02-19|2025-02-20|2025-02-21|2025-02-22|2025-02-23|2025-02-24|2025-02-25|2025-02-26,144
q3,S2,2025-02-27,6,highs-ipm,0.08209925000119256,8930.136665417875,2.2737367544323206e-13,9.094947017729282e-13,20,2025-02-27 06:00,2025-02-27 06:00,2025-02-07|2025-02-08|2025-02-09|2025-02-10|2025-02-11|2025-02-12|2025-02-13|2025-02-14|2025-02-15|2025-02-16|2025-02-17|2025-02-18|2025-02-19|2025-02-20|2025-02-21|2025-02-22|2025-02-23|2025-02-24|2025-02-25|2025-02-26,144
q3,S2,2025-02-27,12,highs-ipm,0.07567587499943329,9003.133150359516,2.2737367544323206e-13,9.094947017729282e-13,20,2025-02-27 12:00,2025-02-27 12:00,2025-02-07|2025-02-08|2025-02-09|2025-02-10|2025-02-11|2025-02-12|2025-02-13|2025-02-14|2025-02-15|2025-02-16|2025-02-17|2025-02-18|2025-02-19|2025-02-20|2025-02-21|2025-02-22|2025-02-23|2025-02-24|2025-02-25|2025-02-26,144
q3,S2,2025-02-28,0,highs-ipm,0.0664097920016502,594.0878384838505,1.1368683772161603e-13,8.526512829121202e-13,20,2025-02-28 00:00,2025-02-28 00:00,2025-02-08|2025-02-09|2025-02-10|2025-02-11|2025-02-12|2025-02-13|2025-02-14|2025-02-15|2025-02-16|2025-02-17|2025-02-18|2025-02-19|2025-02-20|2025-02-21|2025-02-22|2025-02-23|2025-02-24|2025-02-25|2025-02-26|2025-02-27,144
q3,S2,2025-02-28,6,highs-ipm,0.07812587499938672,8112.161042980018,1.1368683772161603e-13,8.739675649849232e-13,20,2025-02-28 06:00,2025-02-28 06:00,2025-02-08|2025-02-09|2025-02-10|2025-02-11|2025-02-12|2025-02-13|2025-02-14|2025-02-15|2025-02-16|2025-02-17|2025-02-18|2025-02-19|2025-02-20|2025-02-21|2025-02-22|2025-02-23|2025-02-24|2025-02-25|2025-02-26|2025-02-27,144
q3,S2,2025-02-28,12,highs-ipm,0.07799012499890523,9747.32411252535,5.684341886080802e-14,9.094947017729282e-13,20,2025-02-28 12:00,2025-02-28 12:00,2025-02-08|2025-02-09|2025-02-10|2025-02-11|2025-02-12|2025-02-13|2025-02-14|2025-02-15|2025-02-16|2025-02-17|2025-02-18|2025-02-19|2025-02-20|2025-02-21|2025-02-22|2025-02-23|2025-02-24|2025-02-25|2025-02-26|2025-02-27,144
q3,S2,2025-03-01,0,highs-ipm,0.061884666996775195,1210.437984859732,1.1368683772161603e-13,9.094947017729282e-13,20,2025-03-01 00:00,2025-03-01 00:00,2025-02-09|2025-02-10|2025-02-11|2025-02-12|2025-02-13|2025-02-14|2025-02-15|2025-02-16|2025-02-17|2025-02-18|2025-02-19|2025-02-20|2025-02-21|2025-02-22|2025-02-23|2025-02-24|2025-02-25|2025-02-26|2025-02-27|2025-02-28,144
q3,S2,2025-03-01,6,highs-ipm,0.0825423340065754,10160.919085322386,1.1368683772161603e-13,9.094947017729282e-13,20,2025-03-01 06:00,2025-03-01 06:00,2025-02-09|2025-02-10|2025-02-11|2025-02-12|2025-02-13|2025-02-14|2025-02-15|2025-02-16|2025-02-17|2025-02-18|2025-02-19|2025-02-20|2025-02-21|2025-02-22|2025-02-23|2025-02-24|2025-02-25|2025-02-26|2025-02-27|2025-02-28,144
q3,S2,2025-03-01,12,highs-ipm,0.08536908400128596,17005.344414871288,1.1368683772161603e-13,9.094947017729282e-13,20,2025-03-01 12:00,2025-03-01 12:00,2025-02-09|2025-02-10|2025-02-11|2025-02-12|2025-02-13|2025-02-14|2025-02-15|2025-02-16|2025-02-17|2025-02-18|2025-02-19|2025-02-20|2025-02-21|2025-02-22|2025-02-23|2025-02-24|2025-02-25|2025-02-26|2025-02-27|2025-02-28,144
q3,S2,2025-03-02,0,highs-ipm,0.05860191700048745,1750.6471143729266,1.1368683772161603e-12,9.094947017729282e-13,20,2025-03-02 00:00,2025-03-02 00:00,2025-02-10|2025-02-11|2025-02-12|2025-02-13|2025-02-14|2025-02-15|2025-02-16|2025-02-17|2025-02-18|2025-02-19|2025-02-20|2025-02-21|2025-02-22|2025-02-23|2025-02-24|2025-02-25|2025-02-26|2025-02-27|2025-02-28|2025-03-01,144
q3,S2,2025-03-02,6,highs-ipm,0.07397066599514801,12761.926359064508,2.2737367544323206e-13,8.597567102697212e-13,20,2025-03-02 06:00,2025-03-02 06:00,2025-02-10|2025-02-11|2025-02-12|2025-02-13|2025-02-14|2025-02-15|2025-02-16|2025-02-17|2025-02-18|2025-02-19|2025-02-20|2025-02-21|2025-02-22|2025-02-23|2025-02-24|2025-02-25|2025-02-26|2025-02-27|2025-02-28|2025-03-01,144
q3,S2,2025-03-02,12,highs-ipm,0.07290600000123959,28024.785396894444,2.2737367544323206e-13,8.526512829121202e-13,20,2025-03-02 12:00,2025-03-02 12:00,2025-02-10|2025-02-11|2025-02-12|2025-02-13|2025-02-14|2025-02-15|2025-02-16|2025-02-17|2025-02-18|2025-02-19|2025-02-20|2025-02-21|2025-02-22|2025-02-23|2025-02-24|2025-02-25|2025-02-26|2025-02-27|2025-02-28|2025-03-01,144
q3,S2,2025-03-03,0,highs-ipm,0.058556875002977904,1760.4405797812005,3.410605131648481e-13,8.242295734817162e-13,20,2025-03-03 00:00,2025-03-03 00:00,2025-02-11|2025-02-12|2025-02-13|2025-02-14|2025-02-15|2025-02-16|2025-02-17|2025-02-18|2025-02-19|2025-02-20|2025-02-21|2025-02-22|2025-02-23|2025-02-24|2025-02-25|2025-02-26|2025-02-27|2025-02-28|2025-03-01|2025-03-02,144
q3,S2,2025-03-03,6,highs-ipm,0.07355654099956155,10226.097969167658,2.2737367544323206e-13,9.094947017729282e-13,20,2025-03-03 06:00,2025-03-03 06:00,2025-02-11|2025-02-12|2025-02-13|2025-02-14|2025-02-15|2025-02-16|2025-02-17|2025-02-18|2025-02-19|2025-02-20|2025-02-21|2025-02-22|2025-02-23|2025-02-24|2025-02-25|2025-02-26|2025-02-27|2025-02-28|2025-03-01|2025-03-02,144
q3,S2,2025-03-03,12,highs-ipm,0.07515812500059837,25429.7618974305,2.2737367544323206e-13,9.094947017729282e-13,20,2025-03-03 12:00,2025-03-03 12:00,2025-02-11|2025-02-12|2025-02-13|2025-02-14|2025-02-15|2025-02-16|2025-02-17|2025-02-18|2025-02-19|2025-02-20|2025-02-21|2025-02-22|2025-02-23|2025-02-24|2025-02-25|2025-02-26|2025-02-27|2025-02-28|2025-03-01|2025-03-02,144
q3,S2,2025-03-04,0,highs-ipm,0.058382082999742124,1890.1856692292445,6.821210263296962e-13,9.094947017729282e-13,20,2025-03-04 00:00,2025-03-04 00:00,2025-02-12|2025-02-13|2025-02-14|2025-02-15|2025-02-16|2025-02-17|2025-02-18|2025-02-19|2025-02-20|2025-02-21|2025-02-22|2025-02-23|2025-02-24|2025-02-25|2025-02-26|2025-02-27|2025-02-28|2025-03-01|2025-03-02|2025-03-03,144
q3,S2,2025-03-04,6,highs-ipm,0.07363875000010012,12922.323985495408,2.2737367544323206e-13,8.668621376273222e-13,20,2025-03-04 06:00,2025-03-04 06:00,2025-02-12|2025-02-13|2025-02-14|2025-02-15|2025-02-16|2025-02-17|2025-02-18|2025-02-19|2025-02-20|2025-02-21|2025-02-22|2025-02-23|2025-02-24|2025-02-25|2025-02-26|2025-02-27|2025-02-28|2025-03-01|2025-03-02|2025-03-03,144
q3,S2,2025-03-04,12,highs-ipm,0.07090070800040849,19657.127081229366,1.1368683772161603e-13,9.094947017729282e-13,20,2025-03-04 12:00,2025-03-04 12:00,2025-02-12|2025-02-13|2025-02-14|2025-02-15|2025-02-16|2025-02-17|2025-02-18|2025-02-19|2025-02-20|2025-02-21|2025-02-22|2025-02-23|2025-02-24|2025-02-25|2025-02-26|2025-02-27|2025-02-28|2025-03-01|2025-03-02|2025-03-03,144
q3,S2,2025-03-05,0,highs-ipm,0.0567711670009885,1796.870629073855,2.2737367544323206e-13,9.094947017729282e-13,20,2025-03-05 00:00,2025-03-05 00:00,2025-02-13|2025-02-14|2025-02-15|2025-02-16|2025-02-17|2025-02-18|2025-02-19|2025-02-20|2025-02-21|2025-02-22|2025-02-23|2025-02-24|2025-02-25|2025-02-26|2025-02-27|2025-02-28|2025-03-01|2025-03-02|2025-03-03|2025-03-04,144
q3,S2,2025-03-05,6,highs-ipm,0.07708012499642791,10344.327532179808,2.2737367544323206e-13,8.810729923425242e-13,20,2025-03-05 06:00,2025-03-05 06:00,2025-02-13|2025-02-14|2025-02-15|2025-02-16|2025-02-17|2025-02-18|2025-02-19|2025-02-20|2025-02-21|2025-02-22|2025-02-23|2025-02-24|2025-02-25|2025-02-26|2025-02-27|2025-02-28|2025-03-01|2025-03-02|2025-03-03|2025-03-04,144
q3,S2,2025-03-05,12,highs-ipm,0.07528874999843538,21947.53283921479,1.1368683772161603e-13,9.094947017729282e-13,20,2025-03-05 12:00,2025-03-05 12:00,2025-02-13|2025-02-14|2025-02-15|2025-02-16|2025-02-17|2025-02-18|2025-02-19|2025-02-20|2025-02-21|2025-02-22|2025-02-23|2025-02-24|2025-02-25|2025-02-26|2025-02-27|2025-02-28|2025-03-01|2025-03-02|2025-03-03|2025-03-04,144
q3,S2,2025-03-06,0,highs-ipm,0.05893116600054782,1690.6276255707564,1.1368683772161603e-13,9.094947017729282e-13,20,2025-03-06 00:00,2025-03-06 00:00,2025-02-14|2025-02-15|2025-02-16|2025-02-17|2025-02-18|2025-02-19|2025-02-20|2025-02-21|2025-02-22|2025-02-23|2025-02-24|2025-02-25|2025-02-26|2025-02-27|2025-02-28|2025-03-01|2025-03-02|2025-03-03|2025-03-04|2025-03-05,144
q3,S2,2025-03-06,6,highs-ipm,0.07596704100433271,8663.336679862912,2.2737367544323206e-13,9.094947017729282e-13,20,2025-03-06 06:00,2025-03-06 06:00,2025-02-14|2025-02-15|2025-02-16|2025-02-17|2025-02-18|2025-02-19|2025-02-20|2025-02-21|2025-02-22|2025-02-23|2025-02-24|2025-02-25|2025-02-26|2025-02-27|2025-02-28|2025-03-01|2025-03-02|2025-03-03|2025-03-04|2025-03-05,144
q3,S2,2025-03-06,12,highs-ipm,0.07713879200309748,7637.804770921527,1.1368683772161603e-13,9.094947017729282e-13,20,2025-03-06 12:00,2025-03-06 12:00,2025-02-14|2025-02-15|2025-02-16|2025-02-17|2025-02-18|2025-02-19|2025-02-20|2025-02-21|2025-02-22|2025-02-23|2025-02-24|2025-02-25|2025-02-26|2025-02-27|2025-02-28|2025-03-01|2025-03-02|2025-03-03|2025-03-04|2025-03-05,144
q3,S2,2025-03-07,0,highs-ipm,0.06034250000084285,1328.6237632301652,3.1885605267234496e-13,9.094947017729282e-13,20,2025-03-07 00:00,2025-03-07 00:00,2025-02-15|2025-02-16|2025-02-17|2025-02-18|2025-02-19|2025-02-20|2025-02-21|2025-02-22|2025-02-23|2025-02-24|2025-02-25|2025-02-26|2025-02-27|2025-02-28|2025-03-01|2025-03-02|2025-03-03|2025-03-04|2025-03-05|2025-03-06,144
q3,S2,2025-03-07,6,highs-ipm,0.08795400000235531,7336.053603026546,1.1368683772161603e-13,9.094947017729282e-13,20,2025-03-07 06:00,2025-03-07 06:00,2025-02-15|2025-02-16|2025-02-17|2025-02-18|2025-02-19|2025-02-20|2025-02-21|2025-02-22|2025-02-23|2025-02-24|2025-02-25|2025-02-26|2025-02-27|2025-02-28|2025-03-01|2025-03-02|2025-03-03|2025-03-04|2025-03-05|2025-03-06,144
q3,S2,2025-03-07,12,highs-ipm,0.07556062499497784,11713.521347377324,5.684341886080802e-14,9.094947017729282e-13,20,2025-03-07 12:00,2025-03-07 12:00,2025-02-15|2025-02-16|2025-02-17|2025-02-18|2025-02-19|2025-02-20|2025-02-21|2025-02-22|2025-02-23|2025-02-24|2025-02-25|2025-02-26|2025-02-27|2025-02-28|2025-03-01|2025-03-02|2025-03-03|2025-03-04|2025-03-05|2025-03-06,144
q3,S2,2025-03-08,0,highs-ipm,0.06377495799824828,692.0083419082541,2.2737367544323206e-13,9.094947017729282e-13,20,2025-03-08 00:00,2025-03-08 00:00,2025-02-16|2025-02-17|2025-02-18|2025-02-19|2025-02-20|2025-02-21|2025-02-22|2025-02-23|2025-02-24|2025-02-25|2025-02-26|2025-02-27|2025-02-28|2025-03-01|2025-03-02|2025-03-03|2025-03-04|2025-03-05|2025-03-06|2025-03-07,144
q3,S2,2025-03-08,6,highs-ipm,0.0819380410030135,10500.643124352884,2.2737367544323206e-13,9.094947017729282e-13,20,2025-03-08 06:00,2025-03-08 06:00,2025-02-16|2025-02-17|2025-02-18|2025-02-19|2025-02-20|2025-02-21|2025-02-22|2025-02-23|2025-02-24|2025-02-25|2025-02-26|2025-02-27|2025-02-28|2025-03-01|2025-03-02|2025-03-03|2025-03-04|2025-03-05|2025-03-06|2025-03-07,144
q3,S2,2025-03-08,12,highs-ipm,0.07373133399960352,21535.25861588345,2.2737367544323206e-13,9.094947017729282e-13,20,2025-03-08 12:00,2025-03-08 12:00,2025-02-16|2025-02-17|2025-02-18|2025-02-19|2025-02-20|2025-02-21|2025-02-22|2025-02-23|2025-02-24|2025-02-25|2025-02-26|2025-02-27|2025-02-28|2025-03-01|2025-03-02|2025-03-03|2025-03-04|2025-03-05|2025-03-06|2025-03-07,144
q3,S2,2025-03-09,0,highs-ipm,0.053633541996532585,1847.9742394709333,2.2737367544323206e-13,7.958078640513122e-13,20,2025-03-09 00:00,2025-03-09 00:00,2025-02-17|2025-02-18|2025-02-19|2025-02-20|2025-02-21|2025-02-22|2025-02-23|2025-02-24|2025-02-25|2025-02-26|2025-02-27|2025-02-28|2025-03-01|2025-03-02|2025-03-03|2025-03-04|2025-03-05|2025-03-06|2025-03-07|2025-03-08,144
q3,S2,2025-03-09,6,highs-ipm,0.07730983299552463,8285.064858035004,2.2737367544323206e-13,8.952838470577262e-13,20,2025-03-09 06:00,2025-03-09 06:00,2025-02-17|2025-02-18|2025-02-19|2025-02-20|2025-02-21|2025-02-22|2025-02-23|2025-02-24|2025-02-25|2025-02-26|2025-02-27|2025-02-28|2025-03-01|2025-03-02|2025-03-03|2025-03-04|2025-03-05|2025-03-06|2025-03-07|2025-03-08,144
q3,S2,2025-03-09,12,highs-ipm,0.07396241600508802,22103.692642966133,2.2737367544323206e-13,9.094947017729282e-13,20,2025-03-09 12:00,2025-03-09 12:00,2025-02-17|2025-02-18|2025-02-19|2025-02-20|2025-02-21|2025-02-22|2025-02-23|2025-02-24|2025-02-25|2025-02-26|2025-02-27|2025-02-28|2025-03-01|2025-03-02|2025-03-03|2025-03-04|2025-03-05|2025-03-06|2025-03-07|2025-03-08,144
q3,S2,2025-03-10,0,highs-ipm,0.054831834000651725,1828.273192644841,2.2737367544323206e-13,9.094947017729282e-13,20,2025-03-10 00:00,2025-03-10 00:00,2025-02-18|2025-02-19|2025-02-20|2025-02-21|2025-02-22|2025-02-23|2025-02-24|2025-02-25|2025-02-26|2025-02-27|2025-02-28|2025-03-01|2025-03-02|2025-03-03|2025-03-04|2025-03-05|2025-03-06|2025-03-07|2025-03-08|2025-03-09,144
q3,S2,2025-03-10,6,highs-ipm,0.06987116600066656,11875.780742771172,2.2737367544323206e-13,9.094947017729282e-13,20,2025-03-10 06:00,2025-03-10 06:00,2025-02-18|2025-02-19|2025-02-20|2025-02-21|2025-02-22|2025-02-23|2025-02-24|2025-02-25|2025-02-26|2025-02-27|2025-02-28|2025-03-01|2025-03-02|2025-03-03|2025-03-04|2025-03-05|2025-03-06|2025-03-07|2025-03-08|2025-03-09,144
q3,S2,2025-03-10,12,highs-ipm,0.07224549999955343,18458.663520809347,1.1368683772161603e-13,8.206768598029157e-13,20,2025-03-10 12:00,2025-03-10 12:00,2025-02-18|2025-02-19|2025-02-20|2025-02-21|2025-02-22|2025-02-23|2025-02-24|2025-02-25|2025-02-26|2025-02-27|2025-02-28|2025-03-01|2025-03-02|2025-03-03|2025-03-04|2025-03-05|2025-03-06|2025-03-07|2025-03-08|2025-03-09,144
q3,S2,2025-03-11,0,highs-ipm,0.05799791599565651,1705.7626902754532,1.1368683772161603e-13,9.094947017729282e-13,20,2025-03-11 00:00,2025-03-11 00:00,2025-02-19|2025-02-20|2025-02-21|2025-02-22|2025-02-23|2025-02-24|2025-02-25|2025-02-26|2025-02-27|2025-02-28|2025-03-01|2025-03-02|2025-03-03|2025-03-04|2025-03-05|2025-03-06|2025-03-07|2025-03-08|2025-03-09|2025-03-10,144
q3,S2,2025-03-11,6,highs-ipm,0.07819612500315998,18372.45133277381,1.1368683772161603e-13,1.0231815394945443e-12,20,2025-03-11 06:00,2025-03-11 06:00,2025-02-19|2025-02-20|2025-02-21|2025-02-22|2025-02-23|2025-02-24|2025-02-25|2025-02-26|2025-02-27|2025-02-28|2025-03-01|2025-03-02|2025-03-03|2025-03-04|2025-03-05|2025-03-06|2025-03-07|2025-03-08|2025-03-09|2025-03-10,144
q3,S2,2025-03-11,12,highs-ipm,0.07373345799715025,19503.474351166933,1.1368683772161603e-13,9.094947017729282e-13,20,2025-03-11 12:00,2025-03-11 12:00,2025-02-19|2025-02-20|2025-02-21|2025-02-22|2025-02-23|2025-02-24|2025-02-25|2025-02-26|2025-02-27|2025-02-28|2025-03-01|2025-03-02|2025-03-03|2025-03-04|2025-03-05|2025-03-06|2025-03-07|2025-03-08|2025-03-09|2025-03-10,144
q3,S2,2025-03-12,0,highs-ipm,0.058366958000988234,2228.704725573359,1.1368683772161603e-13,9.094947017729282e-13,20,2025-03-12 00:00,2025-03-12 00:00,2025-02-20|2025-02-21|2025-02-22|2025-02-23|2025-02-24|2025-02-25|2025-02-26|2025-02-27|2025-02-28|2025-03-01|2025-03-02|2025-03-03|2025-03-04|2025-03-05|2025-03-06|2025-03-07|2025-03-08|2025-03-09|2025-03-10|2025-03-11,144
q3,S2,2025-03-12,6,highs-ipm,0.07749524999962887,8271.621377951435,1.1368683772161603e-13,8.810729923425242e-13,20,2025-03-12 06:00,2025-03-12 06:00,2025-02-20|2025-02-21|2025-02-22|2025-02-23|2025-02-24|2025-02-25|2025-02-26|2025-02-27|2025-02-28|2025-03-01|2025-03-02|2025-03-03|2025-03-04|2025-03-05|2025-03-06|2025-03-07|2025-03-08|2025-03-09|2025-03-10|2025-03-11,144
q3,S2,2025-03-12,12,highs-ipm,0.07590216599783162,17245.741229004678,1.1368683772161603e-13,9.094947017729282e-13,20,2025-03-12 12:00,2025-03-12 12:00,2025-02-20|2025-02-21|2025-02-22|2025-02-23|2025-02-24|2025-02-25|2025-02-26|2025-02-27|2025-02-28|2025-03-01|2025-03-02|2025-03-03|2025-03-04|2025-03-05|2025-03-06|2025-03-07|2025-03-08|2025-03-09|2025-03-10|2025-03-11,144
q3,S2,2025-03-13,0,highs-ipm,0.062208666997321416,2107.9764383474676,7.673861546209082e-13,8.526512829121202e-13,20,2025-03-13 00:00,2025-03-13 00:00,2025-02-21|2025-02-22|2025-02-23|2025-02-24|2025-02-25|2025-02-26|2025-02-27|2025-02-28|2025-03-01|2025-03-02|2025-03-03|2025-03-04|2025-03-05|2025-03-06|2025-03-07|2025-03-08|2025-03-09|2025-03-10|2025-03-11|2025-03-12,144
q3,S2,2025-03-13,6,highs-ipm,0.07860700000310317,8990.267112668287,1.1368683772161603e-13,8.752998326144734e-13,20,2025-03-13 06:00,2025-03-13 06:00,2025-02-21|2025-02-22|2025-02-23|2025-02-24|2025-02-25|2025-02-26|2025-02-27|2025-02-28|2025-03-01|2025-03-02|2025-03-03|2025-03-04|2025-03-05|2025-03-06|2025-03-07|2025-03-08|2025-03-09|2025-03-10|2025-03-11|2025-03-12,144
q3,S2,2025-03-13,12,highs-ipm,0.07318620799924247,11436.066507349893,1.1368683772161603e-13,9.094947017729282e-13,20,2025-03-13 12:00,2025-03-13 12:00,2025-02-21|2025-02-22|2025-02-23|2025-02-24|2025-02-25|2025-02-26|2025-02-27|2025-02-28|2025-03-01|2025-03-02|2025-03-03|2025-03-04|2025-03-05|2025-03-06|2025-03-07|2025-03-08|2025-03-09|2025-03-10|2025-03-11|2025-03-12,144
q3,S2,2025-03-14,0,highs-ipm,0.0656181660015136,755.0759983156554,2.2737367544323206e-13,6.821210263296962e-13,20,2025-03-14 00:00,2025-03-14 00:00,2025-02-22|2025-02-23|2025-02-24|2025-02-25|2025-02-26|2025-02-27|2025-02-28|2025-03-01|2025-03-02|2025-03-03|2025-03-04|2025-03-05|2025-03-06|2025-03-07|2025-03-08|2025-03-09|2025-03-10|2025-03-11|2025-03-12|2025-03-13,144
q3,S2,2025-03-14,6,highs-ipm,0.07712695899681421,8150.761476375897,2.2737367544323206e-13,8.526512829121202e-13,20,2025-03-14 06:00,2025-03-14 06:00,2025-02-22|2025-02-23|2025-02-24|2025-02-25|2025-02-26|2025-02-27|2025-02-28|2025-03-01|2025-03-02|2025-03-03|2025-03-04|2025-03-05|2025-03-06|2025-03-07|2025-03-08|2025-03-09|2025-03-10|2025-03-11|2025-03-12|2025-03-13,144
q3,S2,2025-03-14,12,highs-ipm,0.08173366700066254,7486.872357934137,2.2737367544323206e-13,8.952838470577262e-13,20,2025-03-14 12:00,2025-03-14 12:00,2025-02-22|2025-02-23|2025-02-24|2025-02-25|2025-02-26|2025-02-27|2025-02-28|2025-03-01|2025-03-02|2025-03-03|2025-03-04|2025-03-05|2025-03-06|2025-03-07|2025-03-08|2025-03-09|2025-03-10|2025-03-11|2025-03-12|2025-03-13,144
q3,S2,2025-03-15,0,highs-ipm,0.0587072909984272,1216.1370132855136,1.1368683772161603e-13,8.668621376273222e-13,20,2025-03-15 00:00,2025-03-15 00:00,2025-02-23|2025-02-24|2025-02-25|2025-02-26|2025-02-27|2025-02-28|2025-03-01|2025-03-02|2025-03-03|2025-03-04|2025-03-05|2025-03-06|2025-03-07|2025-03-08|2025-03-09|2025-03-10|2025-03-11|2025-03-12|2025-03-13|2025-03-14,144
q3,S2,2025-03-15,6,highs-ipm,0.07206229199800873,11898.986222558393,1.1368683772161603e-13,8.242295734817162e-13,20,2025-03-15 06:00,2025-03-15 06:00,2025-02-23|2025-02-24|2025-02-25|2025-02-26|2025-02-27|2025-02-28|2025-03-01|2025-03-02|2025-03-03|2025-03-04|2025-03-05|2025-03-06|2025-03-07|2025-03-08|2025-03-09|2025-03-10|2025-03-11|2025-03-12|2025-03-13|2025-03-14,144
q3,S2,2025-03-15,12,highs-ipm,0.07759795799938729,18015.92928246549,5.684341886080802e-14,8.526512829121202e-13,20,2025-03-15 12:00,2025-03-15 12:00,2025-02-23|2025-02-24|2025-02-25|2025-02-26|2025-02-27|2025-02-28|2025-03-01|2025-03-02|2025-03-03|2025-03-04|2025-03-05|2025-03-06|2025-03-07|2025-03-08|2025-03-09|2025-03-10|2025-03-11|2025-03-12|2025-03-13|2025-03-14,144
q3,S2,2025-03-16,0,highs-ipm,0.058079750000615604,2330.2969989075445,3.410605131648481e-13,9.094947017729282e-13,20,2025-03-16 00:00,2025-03-16 00:00,2025-02-24|2025-02-25|2025-02-26|2025-02-27|2025-02-28|2025-03-01|2025-03-02|2025-03-03|2025-03-04|2025-03-05|2025-03-06|2025-03-07|2025-03-08|2025-03-09|2025-03-10|2025-03-11|2025-03-12|2025-03-13|2025-03-14|2025-03-15,144
q3,S2,2025-03-16,6,highs-ipm,0.07879566700285068,12552.712576823946,2.2737367544323206e-13,9.094947017729282e-13,20,2025-03-16 06:00,2025-03-16 06:00,2025-02-24|2025-02-25|2025-02-26|2025-02-27|2025-02-28|2025-03-01|2025-03-02|2025-03-03|2025-03-04|2025-03-05|2025-03-06|2025-03-07|2025-03-08|2025-03-09|2025-03-10|2025-03-11|2025-03-12|2025-03-13|2025-03-14|2025-03-15,144
q3,S2,2025-03-16,12,highs-ipm,0.07927100000233622,15961.05529966027,2.2737367544323206e-13,9.094947017729282e-13,20,2025-03-16 12:00,2025-03-16 12:00,2025-02-24|2025-02-25|2025-02-26|2025-02-27|2025-02-28|2025-03-01|2025-03-02|2025-03-03|2025-03-04|2025-03-05|2025-03-06|2025-03-07|2025-03-08|2025-03-09|2025-03-10|2025-03-11|2025-03-12|2025-03-13|2025-03-14|2025-03-15,144
q3,S2,2025-03-17,0,highs-ipm,0.06603370800439734,2380.4055682158723,1.1368683772161603e-13,8.526512829121202e-13,20,2025-03-17 00:00,2025-03-17 00:00,2025-02-25|2025-02-26|2025-02-27|2025-02-28|2025-03-01|2025-03-02|2025-03-03|2025-03-04|2025-03-05|2025-03-06|2025-03-07|2025-03-08|2025-03-09|2025-03-10|2025-03-11|2025-03-12|2025-03-13|2025-03-14|2025-03-15|2025-03-16,144
q3,S2,2025-03-17,6,highs-ipm,0.07614979200297967,9327.024090931,1.1368683772161603e-13,9.094947017729282e-13,20,2025-03-17 06:00,2025-03-17 06:00,2025-02-25|2025-02-26|2025-02-27|2025-02-28|2025-03-01|2025-03-02|2025-03-03|2025-03-04|2025-03-05|2025-03-06|2025-03-07|2025-03-08|2025-03-09|2025-03-10|2025-03-11|2025-03-12|2025-03-13|2025-03-14|2025-03-15|2025-03-16,144
q3,S2,2025-03-17,12,highs-ipm,0.07666595799673814,24664.474803040477,1.1368683772161603e-13,8.881784197001252e-13,20,2025-03-17 12:00,2025-03-17 12:00,2025-02-25|2025-02-26|2025-02-27|2025-02-28|2025-03-01|2025-03-02|2025-03-03|2025-03-04|2025-03-05|2025-03-06|2025-03-07|2025-03-08|2025-03-09|2025-03-10|2025-03-11|2025-03-12|2025-03-13|2025-03-14|2025-03-15|2025-03-16,144
q3,S2,2025-03-18,0,highs-ipm,0.05955891699704807,2493.941299942943,1.1368683772161603e-13,8.526512829121202e-13,20,2025-03-18 00:00,2025-03-18 00:00,2025-02-26|2025-02-27|2025-02-28|2025-03-01|2025-03-02|2025-03-03|2025-03-04|2025-03-05|2025-03-06|2025-03-07|2025-03-08|2025-03-09|2025-03-10|2025-03-11|2025-03-12|2025-03-13|2025-03-14|2025-03-15|2025-03-16|2025-03-17,144
q3,S2,2025-03-18,6,highs-ipm,0.08261241699801758,10016.702952915064,2.2737367544323206e-13,9.094947017729282e-13,20,2025-03-18 06:00,2025-03-18 06:00,2025-02-26|2025-02-27|2025-02-28|2025-03-01|2025-03-02|2025-03-03|2025-03-04|2025-03-05|2025-03-06|2025-03-07|2025-03-08|2025-03-09|2025-03-10|2025-03-11|2025-03-12|2025-03-13|2025-03-14|2025-03-15|2025-03-16|2025-03-17,144
q3,S2,2025-03-18,12,highs-ipm,0.08302999999432359,17272.92120109155,1.1368683772161603e-13,7.958078640513122e-13,20,2025-03-18 12:00,2025-03-18 12:00,2025-02-26|2025-02-27|2025-02-28|2025-03-01|2025-03-02|2025-03-03|2025-03-04|2025-03-05|2025-03-06|2025-03-07|2025-03-08|2025-03-09|2025-03-10|2025-03-11|2025-03-12|2025-03-13|2025-03-14|2025-03-15|2025-03-16|2025-03-17,144
q3,S2,2025-03-19,0,highs-ipm,0.05806499999744119,2287.5825791395227,3.907985046680551e-13,8.526512829121202e-13,20,2025-03-19 00:00,2025-03-19 00:00,2025-02-27|2025-02-28|2025-03-01|2025-03-02|2025-03-03|2025-03-04|2025-03-05|2025-03-06|2025-03-07|2025-03-08|2025-03-09|2025-03-10|2025-03-11|2025-03-12|2025-03-13|2025-03-14|2025-03-15|2025-03-16|2025-03-17|2025-03-18,144
q3,S2,2025-03-19,6,highs-ipm,0.07902083299995866,16194.059014403312,1.1368683772161603e-13,1.0231815394945443e-12,20,2025-03-19 06:00,2025-03-19 06:00,2025-02-27|2025-02-28|2025-03-01|2025-03-02|2025-03-03|2025-03-04|2025-03-05|2025-03-06|2025-03-07|2025-03-08|2025-03-09|2025-03-10|2025-03-11|2025-03-12|2025-03-13|2025-03-14|2025-03-15|2025-03-16|2025-03-17|2025-03-18,144
q3,S2,2025-03-19,12,highs-ipm,0.07036495800275588,18737.929238030287,2.2737367544323206e-13,9.094947017729282e-13,20,2025-03-19 12:00,2025-03-19 12:00,2025-02-27|2025-02-28|2025-03-01|2025-03-02|2025-03-03|2025-03-04|2025-03-05|2025-03-06|2025-03-07|2025-03-08|2025-03-09|2025-03-10|2025-03-11|2025-03-12|2025-03-13|2025-03-14|2025-03-15|2025-03-16|2025-03-17|2025-03-18,144
q3,S2,2025-03-20,0,highs-ipm,0.06138341600308195,2306.194887595866,2.1600499167107046e-12,9.663381206337363e-13,20,2025-03-20 00:00,2025-03-20 00:00,2025-02-28|2025-03-01|2025-03-02|2025-03-03|2025-03-04|2025-03-05|2025-03-06|2025-03-07|2025-03-08|2025-03-09|2025-03-10|2025-03-11|2025-03-12|2025-03-13|2025-03-14|2025-03-15|2025-03-16|2025-03-17|2025-03-18|2025-03-19,144
q3,S2,2025-03-20,6,highs-ipm,0.08053095800278243,6688.623409206586,1.1368683772161603e-13,9.094947017729282e-13,20,2025-03-20 06:00,2025-03-20 06:00,2025-02-28|2025-03-01|2025-03-02|2025-03-03|2025-03-04|2025-03-05|2025-03-06|2025-03-07|2025-03-08|2025-03-09|2025-03-10|2025-03-11|2025-03-12|2025-03-13|2025-03-14|2025-03-15|2025-03-16|2025-03-17|2025-03-18|2025-03-19,144
q3,S2,2025-03-20,12,highs-ipm,0.07826479199866299,8461.309091753676,7.958078640513122e-13,9.094947017729282e-13,20,2025-03-20 12:00,2025-03-20 12:00,2025-02-28|2025-03-01|2025-03-02|2025-03-03|2025-03-04|2025-03-05|2025-03-06|2025-03-07|2025-03-08|2025-03-09|2025-03-10|2025-03-11|2025-03-12|2025-03-13|2025-03-14|2025-03-15|2025-03-16|2025-03-17|2025-03-18|2025-03-19,144
q3,S2,2025-03-21,0,highs-ipm,0.06890491700323764,738.1422963139853,1.1368683772161603e-13,9.094947017729282e-13,20,2025-03-21 00:00,2025-03-21 00:00,2025-03-01|2025-03-02|2025-03-03|2025-03-04|2025-03-05|2025-03-06|2025-03-07|2025-03-08|2025-03-09|2025-03-10|2025-03-11|2025-03-12|2025-03-13|2025-03-14|2025-03-15|2025-03-16|2025-03-17|2025-03-18|2025-03-19|2025-03-20,144
q3,S2,2025-03-21,6,highs-ipm,0.0799815829959698,7536.125546732566,5.684341886080802e-14,9.094947017729282e-13,20,2025-03-21 06:00,2025-03-21 06:00,2025-03-01|2025-03-02|2025-03-03|2025-03-04|2025-03-05|2025-03-06|2025-03-07|2025-03-08|2025-03-09|2025-03-10|2025-03-11|2025-03-12|2025-03-13|2025-03-14|2025-03-15|2025-03-16|2025-03-17|2025-03-18|2025-03-19|2025-03-20,144
q3,S2,2025-03-21,12,highs-ipm,0.07678887499787379,6932.244707539626,2.2737367544323206e-13,9.094947017729282e-13,20,2025-03-21 12:00,2025-03-21 12:00,2025-03-01|2025-03-02|2025-03-03|2025-03-04|2025-03-05|2025-03-06|2025-03-07|2025-03-08|2025-03-09|2025-03-10|2025-03-11|2025-03-12|2025-03-13|2025-03-14|2025-03-15|2025-03-16|2025-03-17|2025-03-18|2025-03-19|2025-03-20,144
q3,S2,2025-03-22,0,highs-ipm,0.06517841699678684,762.4110087016758,1.1368683772161603e-13,8.810729923425242e-13,20,2025-03-22 00:00,2025-03-22 00:00,2025-03-02|2025-03-03|2025-03-04|2025-03-05|2025-03-06|2025-03-07|2025-03-08|2025-03-09|2025-03-10|2025-03-11|2025-03-12|2025-03-13|2025-03-14|2025-03-15|2025-03-16|2025-03-17|2025-03-18|2025-03-19|2025-03-20|2025-03-21,144
q3,S2,2025-03-22,6,highs-ipm,0.0765899170000921,10090.343322358443,2.2737367544323206e-13,7.958078640513122e-13,20,2025-03-22 06:00,2025-03-22 06:00,2025-03-02|2025-03-03|2025-03-04|2025-03-05|2025-03-06|2025-03-07|2025-03-08|2025-03-09|2025-03-10|2025-03-11|2025-03-12|2025-03-13|2025-03-14|2025-03-15|2025-03-16|2025-03-17|2025-03-18|2025-03-19|2025-03-20|2025-03-21,144
q3,S2,2025-03-22,12,highs-ipm,0.0787767090005218,18611.35974479105,2.2737367544323206e-13,9.094947017729282e-13,20,2025-03-22 12:00,2025-03-22 12:00,2025-03-02|2025-03-03|2025-03-04|2025-03-05|2025-03-06|2025-03-07|2025-03-08|2025-03-09|2025-03-10|2025-03-11|2025-03-12|2025-03-13|2025-03-14|2025-03-15|2025-03-16|2025-03-17|2025-03-18|2025-03-19|2025-03-20|2025-03-21,144
q3,S2,2025-03-23,0,highs-ipm,0.0603506660045241,2281.113500652188,1.7053025658242404e-13,9.094947017729282e-13,20,2025-03-23 00:00,2025-03-23 00:00,2025-03-03|2025-03-04|2025-03-05|2025-03-06|2025-03-07|2025-03-08|2025-03-09|2025-03-10|2025-03-11|2025-03-12|2025-03-13|2025-03-14|2025-03-15|2025-03-16|2025-03-17|2025-03-18|2025-03-19|2025-03-20|2025-03-21|2025-03-22,144
q3,S2,2025-03-23,6,highs-ipm,0.07114587500109337,9632.881336805622,1.1368683772161603e-13,9.094947017729282e-13,20,2025-03-23 06:00,2025-03-23 06:00,2025-03-03|2025-03-04|2025-03-05|2025-03-06|2025-03-07|2025-03-08|2025-03-09|2025-03-10|2025-03-11|2025-03-12|2025-03-13|2025-03-14|2025-03-15|2025-03-16|2025-03-17|2025-03-18|2025-03-19|2025-03-20|2025-03-21|2025-03-22,144
q3,S2,2025-03-23,12,highs-ipm,0.0757584160019178,19734.894087252003,7.105427357601002e-15,9.094947017729282e-13,20,2025-03-23 12:00,2025-03-23 12:00,2025-03-03|2025-03-04|2025-03-05|2025-03-06|2025-03-07|2025-03-08|2025-03-09|2025-03-10|2025-03-11|2025-03-12|2025-03-13|2025-03-14|2025-03-15|2025-03-16|2025-03-17|2025-03-18|2025-03-19|2025-03-20|2025-03-21|2025-03-22,144
q3,S2,2025-03-24,0,highs-ipm,0.06369433300278615,2190.027192984917,2.2737367544323206e-13,9.094947017729282e-13,20,2025-03-24 00:00,2025-03-24 00:00,2025-03-04|2025-03-05|2025-03-06|2025-03-07|2025-03-08|2025-03-09|2025-03-10|2025-03-11|2025-03-12|2025-03-13|2025-03-14|2025-03-15|2025-03-16|2025-03-17|2025-03-18|2025-03-19|2025-03-20|2025-03-21|2025-03-22|2025-03-23,144
q3,S2,2025-03-24,6,highs-ipm,0.07990854099625722,11136.568643693465,1.1368683772161603e-13,8.189005029635155e-13,20,2025-03-24 06:00,2025-03-24 06:00,2025-03-04|2025-03-05|2025-03-06|2025-03-07|2025-03-08|2025-03-09|2025-03-10|2025-03-11|2025-03-12|2025-03-13|2025-03-14|2025-03-15|2025-03-16|2025-03-17|2025-03-18|2025-03-19|2025-03-20|2025-03-21|2025-03-22|2025-03-23,144
q3,S2,2025-03-24,12,highs-ipm,0.07673345800139941,21932.765506566822,2.2737367544323206e-13,8.810729923425242e-13,20,2025-03-24 12:00,2025-03-24 12:00,2025-03-04|2025-03-05|2025-03-06|2025-03-07|2025-03-08|2025-03-09|2025-03-10|2025-03-11|2025-03-12|2025-03-13|2025-03-14|2025-03-15|2025-03-16|2025-03-17|2025-03-18|2025-03-19|2025-03-20|2025-03-21|2025-03-22|2025-03-23,144
q3,S2,2025-03-25,0,highs-ipm,0.058456166996620595,2340.9669581830867,2.504663143554353e-13,9.094947017729282e-13,20,2025-03-25 00:00,2025-03-25 00:00,2025-03-05|2025-03-06|2025-03-07|2025-03-08|2025-03-09|2025-03-10|2025-03-11|2025-03-12|2025-03-13|2025-03-14|2025-03-15|2025-03-16|2025-03-17|2025-03-18|2025-03-19|2025-03-20|2025-03-21|2025-03-22|2025-03-23|2025-03-24,144
q3,S2,2025-03-25,6,highs-ipm,0.07317275000241352,7621.552960380927,1.1368683772161603e-13,8.526512829121202e-13,20,2025-03-25 06:00,2025-03-25 06:00,2025-03-05|2025-03-06|2025-03-07|2025-03-08|2025-03-09|2025-03-10|2025-03-11|2025-03-12|2025-03-13|2025-03-14|2025-03-15|2025-03-16|2025-03-17|2025-03-18|2025-03-19|2025-03-20|2025-03-21|2025-03-22|2025-03-23|2025-03-24,144
q3,S2,2025-03-25,12,highs-ipm,0.07480991700140294,13791.141284990712,1.1368683772161603e-13,8.810729923425242e-13,20,2025-03-25 12:00,2025-03-25 12:00,2025-03-05|2025-03-06|2025-03-07|2025-03-08|2025-03-09|2025-03-10|2025-03-11|2025-03-12|2025-03-13|2025-03-14|2025-03-15|2025-03-16|2025-03-17|2025-03-18|2025-03-19|2025-03-20|2025-03-21|2025-03-22|2025-03-23|2025-03-24,144
q3,S2,2025-03-26,0,highs-ipm,0.06152612499863608,1857.9878846095671,2.2737367544323206e-13,9.094947017729282e-13,20,2025-03-26 00:00,2025-03-26 00:00,2025-03-06|2025-03-07|2025-03-08|2025-03-09|2025-03-10|2025-03-11|2025-03-12|2025-03-13|2025-03-14|2025-03-15|2025-03-16|2025-03-17|2025-03-18|2025-03-19|2025-03-20|2025-03-21|2025-03-22|2025-03-23|2025-03-24|2025-03-25,144
q3,S2,2025-03-26,6,highs-ipm,0.07514770800480619,11331.474989462202,2.2737367544323206e-13,9.094947017729282e-13,20,2025-03-26 06:00,2025-03-26 06:00,2025-03-06|2025-03-07|2025-03-08|2025-03-09|2025-03-10|2025-03-11|2025-03-12|2025-03-13|2025-03-14|2025-03-15|2025-03-16|2025-03-17|2025-03-18|2025-03-19|2025-03-20|2025-03-21|2025-03-22|2025-03-23|2025-03-24|2025-03-25,144
q3,S2,2025-03-26,12,highs-ipm,0.07435133399849292,14042.761417388401,2.2737367544323206e-13,9.094947017729282e-13,20,2025-03-26 12:00,2025-03-26 12:00,2025-03-06|2025-03-07|2025-03-08|2025-03-09|2025-03-10|2025-03-11|2025-03-12|2025-03-13|2025-03-14|2025-03-15|2025-03-16|2025-03-17|2025-03-18|2025-03-19|2025-03-20|2025-03-21|2025-03-22|2025-03-23|2025-03-24|2025-03-25,144
q3,S2,2025-03-27,0,highs-ipm,0.06359191599767655,2166.6397459875902,5.684341886080801e-13,8.411049634560186e-13,20,2025-03-27 00:00,2025-03-27 00:00,2025-03-07|2025-03-08|2025-03-09|2025-03-10|2025-03-11|2025-03-12|2025-03-13|2025-03-14|2025-03-15|2025-03-16|2025-03-17|2025-03-18|2025-03-19|2025-03-20|2025-03-21|2025-03-22|2025-03-23|2025-03-24|2025-03-25|2025-03-26,144
q3,S2,2025-03-27,6,highs-ipm,0.08078041699627647,8651.880768285902,1.1368683772161603e-13,8.073541835074138e-13,20,2025-03-27 06:00,2025-03-27 06:00,2025-03-07|2025-03-08|2025-03-09|2025-03-10|2025-03-11|2025-03-12|2025-03-13|2025-03-14|2025-03-15|2025-03-16|2025-03-17|2025-03-18|2025-03-19|2025-03-20|2025-03-21|2025-03-22|2025-03-23|2025-03-24|2025-03-25|2025-03-26,144
q3,S2,2025-03-27,12,highs-ipm,0.07422020900412463,6489.441632191274,1.1368683772161603e-13,8.881784197001252e-13,20,2025-03-27 12:00,2025-03-27 12:00,2025-03-07|2025-03-08|2025-03-09|2025-03-10|2025-03-11|2025-03-12|2025-03-13|2025-03-14|2025-03-15|2025-03-16|2025-03-17|2025-03-18|2025-03-19|2025-03-20|2025-03-21|2025-03-22|2025-03-23|2025-03-24|2025-03-25|2025-03-26,144
q3,S2,2025-03-28,0,highs-ipm,0.06704366699705133,763.3474020305734,1.1368683772161603e-13,9.094947017729282e-13,20,2025-03-28 00:00,2025-03-28 00:00,2025-03-08|2025-03-09|2025-03-10|2025-03-11|2025-03-12|2025-03-13|2025-03-14|2025-03-15|2025-03-16|2025-03-17|2025-03-18|2025-03-19|2025-03-20|2025-03-21|2025-03-22|2025-03-23|2025-03-24|2025-03-25|2025-03-26|2025-03-27,144
q3,S2,2025-03-28,6,highs-ipm,0.08120404100191081,7420.628572010337,1.1368683772161603e-13,7.958078640513122e-13,20,2025-03-28 06:00,2025-03-28 06:00,2025-03-08|2025-03-09|2025-03-10|2025-03-11|2025-03-12|2025-03-13|2025-03-14|2025-03-15|2025-03-16|2025-03-17|2025-03-18|2025-03-19|2025-03-20|2025-03-21|2025-03-22|2025-03-23|2025-03-24|2025-03-25|2025-03-26|2025-03-27,144
q3,S2,2025-03-28,12,highs-ipm,0.08098125000105938,6817.160845441298,5.684341886080802e-14,8.469891454865319e-13,20,2025-03-28 12:00,2025-03-28 12:00,2025-03-08|2025-03-09|2025-03-10|2025-03-11|2025-03-12|2025-03-13|2025-03-14|2025-03-15|2025-03-16|2025-03-17|2025-03-18|2025-03-19|2025-03-20|2025-03-21|2025-03-22|2025-03-23|2025-03-24|2025-03-25|2025-03-26|2025-03-27,144
q3,S2,2025-03-29,0,highs-ipm,0.0608267919960781,684.4616497586744,5.684341886080802e-14,7.958078640513122e-13,20,2025-03-29 00:00,2025-03-29 00:00,2025-03-09|2025-03-10|2025-03-11|2025-03-12|2025-03-13|2025-03-14|2025-03-15|2025-03-16|2025-03-17|2025-03-18|2025-03-19|2025-03-20|2025-03-21|2025-03-22|2025-03-23|2025-03-24|2025-03-25|2025-03-26|2025-03-27|2025-03-28,144
q3,S2,2025-03-29,6,highs-ipm,0.07940920800319873,10698.571915227607,2.2737367544323206e-13,8.526512829121202e-13,20,2025-03-29 06:00,2025-03-29 06:00,2025-03-09|2025-03-10|2025-03-11|2025-03-12|2025-03-13|2025-03-14|2025-03-15|2025-03-16|2025-03-17|2025-03-18|2025-03-19|2025-03-20|2025-03-21|2025-03-22|2025-03-23|2025-03-24|2025-03-25|2025-03-26|2025-03-27|2025-03-28,144
q3,S2,2025-03-29,12,highs-ipm,0.07613629200204741,13889.85792710854,2.2737367544323206e-13,8.881784197001252e-13,20,2025-03-29 12:00,2025-03-29 12:00,2025-03-09|2025-03-10|2025-03-11|2025-03-12|2025-03-13|2025-03-14|2025-03-15|2025-03-16|2025-03-17|2025-03-18|2025-03-19|2025-03-20|2025-03-21|2025-03-22|2025-03-23|2025-03-24|2025-03-25|2025-03-26|2025-03-27|2025-03-28,144
q3,S2,2025-03-30,0,highs-ipm,0.05749458300124388,2032.5055866045968,2.0605739337042905e-13,8.526512829121202e-13,20,2025-03-30 00:00,2025-03-30 00:00,2025-03-10|2025-03-11|2025-03-12|2025-03-13|2025-03-14|2025-03-15|2025-03-16|2025-03-17|2025-03-18|2025-03-19|2025-03-20|2025-03-21|2025-03-22|2025-03-23|2025-03-24|2025-03-25|2025-03-26|2025-03-27|2025-03-28|2025-03-29,144
q3,S2,2025-03-30,6,highs-ipm,0.07784116599941626,8606.997722124463,1.1368683772161603e-13,9.094947017729282e-13,20,2025-03-30 06:00,2025-03-30 06:00,2025-03-10|2025-03-11|2025-03-12|2025-03-13|2025-03-14|2025-03-15|2025-03-16|2025-03-17|2025-03-18|2025-03-19|2025-03-20|2025-03-21|2025-03-22|2025-03-23|2025-03-24|2025-03-25|2025-03-26|2025-03-27|2025-03-28|2025-03-29,144
q3,S2,2025-03-30,12,highs-ipm,0.07780579199607018,26163.078737961438,2.2737367544323206e-13,9.094947017729282e-13,20,2025-03-30 12:00,2025-03-30 12:00,2025-03-10|2025-03-11|2025-03-12|2025-03-13|2025-03-14|2025-03-15|2025-03-16|2025-03-17|2025-03-18|2025-03-19|2025-03-20|2025-03-21|2025-03-22|2025-03-23|2025-03-24|2025-03-25|2025-03-26|2025-03-27|2025-03-28|2025-03-29,144
q3,S2,2025-03-31,0,highs-ipm,0.06276866600092035,1801.6005226760278,9.094947017729282e-13,9.094947017729282e-13,20,2025-03-31 00:00,2025-03-31 00:00,2025-03-11|2025-03-12|2025-03-13|2025-03-14|2025-03-15|2025-03-16|2025-03-17|2025-03-18|2025-03-19|2025-03-20|2025-03-21|2025-03-22|2025-03-23|2025-03-24|2025-03-25|2025-03-26|2025-03-27|2025-03-28|2025-03-29|2025-03-30,144
q3,S2,2025-03-31,6,highs-ipm,0.07999774999916553,18097.04943578224,1.1368683772161603e-13,8.57980353430321e-13,20,2025-03-31 06:00,2025-03-31 06:00,2025-03-11|2025-03-12|2025-03-13|2025-03-14|2025-03-15|2025-03-16|2025-03-17|2025-03-18|2025-03-19|2025-03-20|2025-03-21|2025-03-22|2025-03-23|2025-03-24|2025-03-25|2025-03-26|2025-03-27|2025-03-28|2025-03-29|2025-03-30,144
q3,S2,2025-03-31,12,highs-ipm,0.07322874999954365,13672.546019272477,1.1368683772161603e-13,8.597567102697212e-13,20,2025-03-31 12:00,2025-03-31 12:00,2025-03-11|2025-03-12|2025-03-13|2025-03-14|2025-03-15|2025-03-16|2025-03-17|2025-03-18|2025-03-19|2025-03-20|2025-03-21|2025-03-22|2025-03-23|2025-03-24|2025-03-25|2025-03-26|2025-03-27|2025-03-28|2025-03-29|2025-03-30,144
q3,S2,2025-04-01,0,highs-ipm,0.057180957999662496,1917.692096090294,6.821210263296962e-13,9.094947017729282e-13,20,2025-04-01 00:00,2025-04-01 00:00,2025-03-12|2025-03-13|2025-03-14|2025-03-15|2025-03-16|2025-03-17|2025-03-18|2025-03-19|2025-03-20|2025-03-21|2025-03-22|2025-03-23|2025-03-24|2025-03-25|2025-03-26|2025-03-27|2025-03-28|2025-03-29|2025-03-30|2025-03-31,144
q3,S2,2025-04-01,6,highs-ipm,0.08070900000166148,10852.954148921808,2.2737367544323206e-13,8.242295734817162e-13,20,2025-04-01 06:00,2025-04-01 06:00,2025-03-12|2025-03-13|2025-03-14|2025-03-15|2025-03-16|2025-03-17|2025-03-18|2025-03-19|2025-03-20|2025-03-21|2025-03-22|2025-03-23|2025-03-24|2025-03-25|2025-03-26|2025-03-27|2025-03-28|2025-03-29|2025-03-30|2025-03-31,144
q3,S2,2025-04-01,12,highs-ipm,0.07435133400576888,15822.138928163498,2.2737367544323206e-13,9.094947017729282e-13,20,2025-04-01 12:00,2025-04-01 12:00,2025-03-12|2025-03-13|2025-03-14|2025-03-15|2025-03-16|2025-03-17|2025-03-18|2025-03-19|2025-03-20|2025-03-21|2025-03-22|2025-03-23|2025-03-24|2025-03-25|2025-03-26|2025-03-27|2025-03-28|2025-03-29|2025-03-30|2025-03-31,144
q3,S2,2025-04-02,0,highs-ipm,0.058078834001207724,1762.9484286143386,1.1368683772161603e-13,7.958078640513122e-13,20,2025-04-02 00:00,2025-04-02 00:00,2025-03-13|2025-03-14|2025-03-15|2025-03-16|2025-03-17|2025-03-18|2025-03-19|2025-03-20|2025-03-21|2025-03-22|2025-03-23|2025-03-24|2025-03-25|2025-03-26|2025-03-27|2025-03-28|2025-03-29|2025-03-30|2025-03-31|2025-04-01,144
q3,S2,2025-04-02,6,highs-ipm,0.07384766699397005,12005.00305031611,1.1368683772161603e-13,9.094947017729282e-13,20,2025-04-02 06:00,2025-04-02 06:00,2025-03-13|2025-03-14|2025-03-15|2025-03-16|2025-03-17|2025-03-18|2025-03-19|2025-03-20|2025-03-21|2025-03-22|2025-03-23|2025-03-24|2025-03-25|2025-03-26|2025-03-27|2025-03-28|2025-03-29|2025-03-30|2025-03-31|2025-04-01,144
q3,S2,2025-04-02,12,highs-ipm,0.0713639579989831,14882.080198759588,1.1368683772161603e-13,9.094947017729282e-13,20,2025-04-02 12:00,2025-04-02 12:00,2025-03-13|2025-03-14|2025-03-15|2025-03-16|2025-03-17|2025-03-18|2025-03-19|2025-03-20|2025-03-21|2025-03-22|2025-03-23|2025-03-24|2025-03-25|2025-03-26|2025-03-27|2025-03-28|2025-03-29|2025-03-30|2025-03-31|2025-04-01,144
q3,S2,2025-04-03,0,highs-ipm,0.056525624997448176,1677.8471602861623,6.536993168992922e-13,9.094947017729282e-13,20,2025-04-03 00:00,2025-04-03 00:00,2025-03-14|2025-03-15|2025-03-16|2025-03-17|2025-03-18|2025-03-19|2025-03-20|2025-03-21|2025-03-22|2025-03-23|2025-03-24|2025-03-25|2025-03-26|2025-03-27|2025-03-28|2025-03-29|2025-03-30|2025-03-31|2025-04-01|2025-04-02,144
q3,S2,2025-04-03,6,highs-ipm,0.07768904100521468,6167.335680841007,2.2737367544323206e-13,9.094947017729282e-13,20,2025-04-03 06:00,2025-04-03 06:00,2025-03-14|2025-03-15|2025-03-16|2025-03-17|2025-03-18|2025-03-19|2025-03-20|2025-03-21|2025-03-22|2025-03-23|2025-03-24|2025-03-25|2025-03-26|2025-03-27|2025-03-28|2025-03-29|2025-03-30|2025-03-31|2025-04-01|2025-04-02,144
q3,S2,2025-04-03,12,highs-ipm,0.08307691600202816,5860.83400012282,2.2737367544323206e-13,8.526512829121202e-13,20,2025-04-03 12:00,2025-04-03 12:00,2025-03-14|2025-03-15|2025-03-16|2025-03-17|2025-03-18|2025-03-19|2025-03-20|2025-03-21|2025-03-22|2025-03-23|2025-03-24|2025-03-25|2025-03-26|2025-03-27|2025-03-28|2025-03-29|2025-03-30|2025-03-31|2025-04-01|2025-04-02,144
q3,S2,2025-04-04,0,highs-ipm,0.06174175000342075,682.9422782964692,2.2737367544323206e-13,7.958078640513122e-13,20,2025-04-04 00:00,2025-04-04 00:00,2025-03-15|2025-03-16|2025-03-17|2025-03-18|2025-03-19|2025-03-20|2025-03-21|2025-03-22|2025-03-23|2025-03-24|2025-03-25|2025-03-26|2025-03-27|2025-03-28|2025-03-29|2025-03-30|2025-03-31|2025-04-01|2025-04-02|2025-04-03,144
q3,S2,2025-04-04,6,highs-ipm,0.07612141700519715,7380.16803634657,2.2737367544323206e-13,8.526512829121202e-13,20,2025-04-04 06:00,2025-04-04 06:00,2025-03-15|2025-03-16|2025-03-17|2025-03-18|2025-03-19|2025-03-20|2025-03-21|2025-03-22|2025-03-23|2025-03-24|2025-03-25|2025-03-26|2025-03-27|2025-03-28|2025-03-29|2025-03-30|2025-03-31|2025-04-01|2025-04-02|2025-04-03,144
q3,S2,2025-04-04,12,highs-ipm,0.07325062499876367,10352.737229313345,2.2737367544323206e-13,9.094947017729282e-13,20,2025-04-04 12:00,2025-04-04 12:00,2025-03-15|2025-03-16|2025-03-17|2025-03-18|2025-03-19|2025-03-20|2025-03-21|2025-03-22|2025-03-23|2025-03-24|2025-03-25|2025-03-26|2025-03-27|2025-03-28|2025-03-29|2025-03-30|2025-03-31|2025-04-01|2025-04-02|2025-04-03,144
q3,S2,2025-04-05,0,highs-ipm,0.06146008300129324,670.082407794748,1.1368683772161603e-13,8.633094239485217e-13,20,2025-04-05 00:00,2025-04-05 00:00,2025-03-16|2025-03-17|2025-03-18|2025-03-19|2025-03-20|2025-03-21|2025-03-22|2025-03-23|2025-03-24|2025-03-25|2025-03-26|2025-03-27|2025-03-28|2025-03-29|2025-03-30|2025-03-31|2025-04-01|2025-04-02|2025-04-03|2025-04-04,144
q3,S2,2025-04-05,6,highs-ipm,0.07207854199805297,10299.216267712633,5.684341886080802e-14,8.526512829121202e-13,20,2025-04-05 06:00,2025-04-05 06:00,2025-03-16|2025-03-17|2025-03-18|2025-03-19|2025-03-20|2025-03-21|2025-03-22|2025-03-23|2025-03-24|2025-03-25|2025-03-26|2025-03-27|2025-03-28|2025-03-29|2025-03-30|2025-03-31|2025-04-01|2025-04-02|2025-04-03|2025-04-04,144
q3,S2,2025-04-05,12,highs-ipm,0.07258495900168782,30987.447250861627,5.684341886080802e-14,9.094947017729282e-13,20,2025-04-05 12:00,2025-04-05 12:00,2025-03-16|2025-03-17|2025-03-18|2025-03-19|2025-03-20|2025-03-21|2025-03-22|2025-03-23|2025-03-24|2025-03-25|2025-03-26|2025-03-27|2025-03-28|2025-03-29|2025-03-30|2025-03-31|2025-04-01|2025-04-02|2025-04-03|2025-04-04,144
q3,S2,2025-04-06,0,highs-ipm,0.054554082998947706,2156.700326221881,4.547473508864641e-13,7.958078640513122e-13,20,2025-04-06 00:00,2025-04-06 00:00,2025-03-17|2025-03-18|2025-03-19|2025-03-20|2025-03-21|2025-03-22|2025-03-23|2025-03-24|2025-03-25|2025-03-26|2025-03-27|2025-03-28|2025-03-29|2025-03-30|2025-03-31|2025-04-01|2025-04-02|2025-04-03|2025-04-04|2025-04-05,144
q3,S2,2025-04-06,6,highs-ipm,0.07221891699737171,9788.323136449411,2.2737367544323206e-13,9.094947017729282e-13,20,2025-04-06 06:00,2025-04-06 06:00,2025-03-17|2025-03-18|2025-03-19|2025-03-20|2025-03-21|2025-03-22|2025-03-23|2025-03-24|2025-03-25|2025-03-26|2025-03-27|2025-03-28|2025-03-29|2025-03-30|2025-03-31|2025-04-01|2025-04-02|2025-04-03|2025-04-04|2025-04-05,144
q3,S2,2025-04-06,12,highs-ipm,0.07615041700046277,14913.855419380105,1.1368683772161603e-13,9.094947017729282e-13,20,2025-04-06 12:00,2025-04-06 12:00,2025-03-17|2025-03-18|2025-03-19|2025-03-20|2025-03-21|2025-03-22|2025-03-23|2025-03-24|2025-03-25|2025-03-26|2025-03-27|2025-03-28|2025-03-29|2025-03-30|2025-03-31|2025-04-01|2025-04-02|2025-04-03|2025-04-04|2025-04-05,144
q3,S2,2025-04-07,0,highs-ipm,0.05544170799839776,1512.703134794433,2.504663143554353e-13,8.064660050877137e-13,20,2025-04-07 00:00,2025-04-07 00:00,2025-03-18|2025-03-19|2025-03-20|2025-03-21|2025-03-22|2025-03-23|2025-03-24|2025-03-25|2025-03-26|2025-03-27|2025-03-28|2025-03-29|2025-03-30|2025-03-31|2025-04-01|2025-04-02|2025-04-03|2025-04-04|2025-04-05|2025-04-06,144
q3,S2,2025-04-07,6,highs-ipm,0.07606524999573594,13479.12411697468,1.1368683772161603e-13,1.0231815394945443e-12,20,2025-04-07 06:00,2025-04-07 06:00,2025-03-18|2025-03-19|2025-03-20|2025-03-21|2025-03-22|2025-03-23|2025-03-24|2025-03-25|2025-03-26|2025-03-27|2025-03-28|2025-03-29|2025-03-30|2025-03-31|2025-04-01|2025-04-02|2025-04-03|2025-04-04|2025-04-05|2025-04-06,144
q3,S2,2025-04-07,12,highs-ipm,0.07312900000397349,23809.782605695425,1.1368683772161603e-13,1.0231815394945443e-12,20,2025-04-07 12:00,2025-04-07 12:00,2025-03-18|2025-03-19|2025-03-20|2025-03-21|2025-03-22|2025-03-23|2025-03-24|2025-03-25|2025-03-26|2025-03-27|2025-03-28|2025-03-29|2025-03-30|2025-03-31|2025-04-01|2025-04-02|2025-04-03|2025-04-04|2025-04-05|2025-04-06,144
q3,S2,2025-04-08,0,highs-ipm,0.06305937499564607,1875.3795873722847,2.8421709430404007e-13,6.821210263296962e-13,20,2025-04-08 00:00,2025-04-08 00:00,2025-03-19|2025-03-20|2025-03-21|2025-03-22|2025-03-23|2025-03-24|2025-03-25|2025-03-26|2025-03-27|2025-03-28|2025-03-29|2025-03-30|2025-03-31|2025-04-01|2025-04-02|2025-04-03|2025-04-04|2025-04-05|2025-04-06|2025-04-07,144
q3,S2,2025-04-08,6,highs-ipm,0.07332341599976644,9563.953691539633,1.1368683772161603e-13,8.100187187665142e-13,20,2025-04-08 06:00,2025-04-08 06:00,2025-03-19|2025-03-20|2025-03-21|2025-03-22|2025-03-23|2025-03-24|2025-03-25|2025-03-26|2025-03-27|2025-03-28|2025-03-29|2025-03-30|2025-03-31|2025-04-01|2025-04-02|2025-04-03|2025-04-04|2025-04-05|2025-04-06|2025-04-07,144
q3,S2,2025-04-08,12,highs-ipm,0.07751541700417874,17283.930170422904,2.2737367544323206e-13,9.094947017729282e-13,20,2025-04-08 12:00,2025-04-08 12:00,2025-03-19|2025-03-20|2025-03-21|2025-03-22|2025-03-23|2025-03-24|2025-03-25|2025-03-26|2025-03-27|2025-03-28|2025-03-29|2025-03-30|2025-03-31|2025-04-01|2025-04-02|2025-04-03|2025-04-04|2025-04-05|2025-04-06|2025-04-07,144
q3,S2,2025-04-09,0,highs-ipm,0.05842966600175714,2036.721771663926,2.2737367544323206e-13,9.094947017729282e-13,20,2025-04-09 00:00,2025-04-09 00:00,2025-03-20|2025-03-21|2025-03-22|2025-03-23|2025-03-24|2025-03-25|2025-03-26|2025-03-27|2025-03-28|2025-03-29|2025-03-30|2025-03-31|2025-04-01|2025-04-02|2025-04-03|2025-04-04|2025-04-05|2025-04-06|2025-04-07|2025-04-08,144
q3,S2,2025-04-09,6,highs-ipm,0.07574195800407324,12514.121088978325,1.1368683772161603e-13,8.952838470577262e-13,20,2025-04-09 06:00,2025-04-09 06:00,2025-03-20|2025-03-21|2025-03-22|2025-03-23|2025-03-24|2025-03-25|2025-03-26|2025-03-27|2025-03-28|2025-03-29|2025-03-30|2025-03-31|2025-04-01|2025-04-02|2025-04-03|2025-04-04|2025-04-05|2025-04-06|2025-04-07|2025-04-08,144
q3,S2,2025-04-09,12,highs-ipm,0.07688329199299915,28993.499765826487,2.2737367544323206e-13,7.958078640513122e-13,20,2025-04-09 12:00,2025-04-09 12:00,2025-03-20|2025-03-21|2025-03-22|2025-03-23|2025-03-24|2025-03-25|2025-03-26|2025-03-27|2025-03-28|2025-03-29|2025-03-30|2025-03-31|2025-04-01|2025-04-02|2025-04-03|2025-04-04|2025-04-05|2025-04-06|2025-04-07|2025-04-08,144
q3,S2,2025-04-10,0,highs-ipm,0.061747124993416946,1984.9320315059167,5.542233338928781e-13,9.094947017729282e-13,20,2025-04-10 00:00,2025-04-10 00:00,2025-03-21|2025-03-22|2025-03-23|2025-03-24|2025-03-25|2025-03-26|2025-03-27|2025-03-28|2025-03-29|2025-03-30|2025-03-31|2025-04-01|2025-04-02|2025-04-03|2025-04-04|2025-04-05|2025-04-06|2025-04-07|2025-04-08|2025-04-09,144
q3,S2,2025-04-10,6,highs-ipm,0.0696754590026103,9176.89990218644,4.298783551348606e-13,8.810729923425242e-13,20,2025-04-10 06:00,2025-04-10 06:00,2025-03-21|2025-03-22|2025-03-23|2025-03-24|2025-03-25|2025-03-26|2025-03-27|2025-03-28|2025-03-29|2025-03-30|2025-03-31|2025-04-01|2025-04-02|2025-04-03|2025-04-04|2025-04-05|2025-04-06|2025-04-07|2025-04-08|2025-04-09,144
q3,S2,2025-04-10,12,highs-ipm,0.06924045799678424,7320.952879896439,4.298783551348606e-13,8.668621376273222e-13,20,2025-04-10 12:00,2025-04-10 12:00,2025-03-21|2025-03-22|2025-03-23|2025-03-24|2025-03-25|2025-03-26|2025-03-27|2025-03-28|2025-03-29|2025-03-30|2025-03-31|2025-04-01|2025-04-02|2025-04-03|2025-04-04|2025-04-05|2025-04-06|2025-04-07|2025-04-08|2025-04-09,144
q3,S2,2025-04-11,0,highs-ipm,0.05786062499828404,485.4207805548398,9.094947017729282e-13,6.821210263296962e-13,20,2025-04-11 00:00,2025-04-11 00:00,2025-03-22|2025-03-23|2025-03-24|2025-03-25|2025-03-26|2025-03-27|2025-03-28|2025-03-29|2025-03-30|2025-03-31|2025-04-01|2025-04-02|2025-04-03|2025-04-04|2025-04-05|2025-04-06|2025-04-07|2025-04-08|2025-04-09|2025-04-10,144
q3,S2,2025-04-11,6,highs-ipm,0.07170870900154114,8125.95384819872,5.684341886080802e-14,8.970602038971265e-13,20,2025-04-11 06:00,2025-04-11 06:00,2025-03-22|2025-03-23|2025-03-24|2025-03-25|2025-03-26|2025-03-27|2025-03-28|2025-03-29|2025-03-30|2025-03-31|2025-04-01|2025-04-02|2025-04-03|2025-04-04|2025-04-05|2025-04-06|2025-04-07|2025-04-08|2025-04-09|2025-04-10,144
q3,S2,2025-04-11,12,highs-ipm,0.07525499999610474,6456.045635666661,5.684341886080802e-14,9.094947017729282e-13,20,2025-04-11 12:00,2025-04-11 12:00,2025-03-22|2025-03-23|2025-03-24|2025-03-25|2025-03-26|2025-03-27|2025-03-28|2025-03-29|2025-03-30|2025-03-31|2025-04-01|2025-04-02|2025-04-03|2025-04-04|2025-04-05|2025-04-06|2025-04-07|2025-04-08|2025-04-09|2025-04-10,144
q3,S2,2025-04-12,0,highs-ipm,0.0591488339996431,618.4320881646825,1.1368683772161603e-13,8.810729923425242e-13,20,2025-04-12 00:00,2025-04-12 00:00,2025-03-23|2025-03-24|2025-03-25|2025-03-26|2025-03-27|2025-03-28|2025-03-29|2025-03-30|2025-03-31|2025-04-01|2025-04-02|2025-04-03|2025-04-04|2025-04-05|2025-04-06|2025-04-07|2025-04-08|2025-04-09|2025-04-10|2025-04-11,144
q3,S2,2025-04-12,6,highs-ipm,0.09108341699902667,9963.295071343226,5.684341886080802e-14,7.389644451905042e-13,20,2025-04-12 06:00,2025-04-12 06:00,2025-03-23|2025-03-24|2025-03-25|2025-03-26|2025-03-27|2025-03-28|2025-03-29|2025-03-30|2025-03-31|2025-04-01|2025-04-02|2025-04-03|2025-04-04|2025-04-05|2025-04-06|2025-04-07|2025-04-08|2025-04-09|2025-04-10|2025-04-11,144
q3,S2,2025-04-12,12,highs-ipm,0.08655241599626606,12861.318393536934,2.2737367544323206e-13,9.094947017729282e-13,20,2025-04-12 12:00,2025-04-12 12:00,2025-03-23|2025-03-24|2025-03-25|2025-03-26|2025-03-27|2025-03-28|2025-03-29|2025-03-30|2025-03-31|2025-04-01|2025-04-02|2025-04-03|2025-04-04|2025-04-05|2025-04-06|2025-04-07|2025-04-08|2025-04-09|2025-04-10|2025-04-11,144
q3,S2,2025-04-13,0,highs-ipm,0.062213125005655456,2087.6581665597478,6.821210263296962e-13,1.0231815394945443e-12,20,2025-04-13 00:00,2025-04-13 00:00,2025-03-24|2025-03-25|2025-03-26|2025-03-27|2025-03-28|2025-03-29|2025-03-30|2025-03-31|2025-04-01|2025-04-02|2025-04-03|2025-04-04|2025-04-05|2025-04-06|2025-04-07|2025-04-08|2025-04-09|2025-04-10|2025-04-11|2025-04-12,144
q3,S2,2025-04-13,6,highs-ipm,0.0757936250010971,9924.298136450363,1.1368683772161603e-13,9.094947017729282e-13,20,2025-04-13 06:00,2025-04-13 06:00,2025-03-24|2025-03-25|2025-03-26|2025-03-27|2025-03-28|2025-03-29|2025-03-30|2025-03-31|2025-04-01|2025-04-02|2025-04-03|2025-04-04|2025-04-05|2025-04-06|2025-04-07|2025-04-08|2025-04-09|2025-04-10|2025-04-11|2025-04-12,144
q3,S2,2025-04-13,12,highs-ipm,0.07461858299939195,22185.523495111855,1.1368683772161603e-13,9.094947017729282e-13,20,2025-04-13 12:00,2025-04-13 12:00,2025-03-24|2025-03-25|2025-03-26|2025-03-27|2025-03-28|2025-03-29|2025-03-30|2025-03-31|2025-04-01|2025-04-02|2025-04-03|2025-04-04|2025-04-05|2025-04-06|2025-04-07|2025-04-08|2025-04-09|2025-04-10|2025-04-11|2025-04-12,144
q3,S2,2025-04-14,0,highs-ipm,0.06266150000010384,2206.8329775740053,6.536993168992922e-13,7.958078640513122e-13,20,2025-04-14 00:00,2025-04-14 00:00,2025-03-25|2025-03-26|2025-03-27|2025-03-28|2025-03-29|2025-03-30|2025-03-31|2025-04-01|2025-04-02|2025-04-03|2025-04-04|2025-04-05|2025-04-06|2025-04-07|2025-04-08|2025-04-09|2025-04-10|2025-04-11|2025-04-12|2025-04-13,144
q3,S2,2025-04-14,6,highs-ipm,0.08314833299664315,7707.090056878651,1.1368683772161603e-13,8.526512829121202e-13,20,2025-04-14 06:00,2025-04-14 06:00,2025-03-25|2025-03-26|2025-03-27|2025-03-28|2025-03-29|2025-03-30|2025-03-31|2025-04-01|2025-04-02|2025-04-03|2025-04-04|2025-04-05|2025-04-06|2025-04-07|2025-04-08|2025-04-09|2025-04-10|2025-04-11|2025-04-12|2025-04-13,144
q3,S2,2025-04-14,12,highs-ipm,0.07127599999512313,11796.102274802512,1.1368683772161603e-13,9.094947017729282e-13,20,2025-04-14 12:00,2025-04-14 12:00,2025-03-25|2025-03-26|2025-03-27|2025-03-28|2025-03-29|2025-03-30|2025-03-31|2025-04-01|2025-04-02|2025-04-03|2025-04-04|2025-04-05|2025-04-06|2025-04-07|2025-04-08|2025-04-09|2025-04-10|2025-04-11|2025-04-12|2025-04-13,144
q3,S2,2025-04-15,0,highs-ipm,0.0678955830007908,1630.551255677278,2.2737367544323206e-13,9.094947017729282e-13,20,2025-04-15 00:00,2025-04-15 00:00,2025-03-26|2025-03-27|2025-03-28|2025-03-29|2025-03-30|2025-03-31|2025-04-01|2025-04-02|2025-04-03|2025-04-04|2025-04-05|2025-04-06|2025-04-07|2025-04-08|2025-04-09|2025-04-10|2025-04-11|2025-04-12|2025-04-13|2025-04-14,144
q3,S2,2025-04-15,6,highs-ipm,0.07596779199957382,13219.013486581787,1.1368683772161603e-13,8.526512829121202e-13,20,2025-04-15 06:00,2025-04-15 06:00,2025-03-26|2025-03-27|2025-03-28|2025-03-29|2025-03-30|2025-03-31|2025-04-01|2025-04-02|2025-04-03|2025-04-04|2025-04-05|2025-04-06|2025-04-07|2025-04-08|2025-04-09|2025-04-10|2025-04-11|2025-04-12|2025-04-13|2025-04-14,144
q3,S2,2025-04-15,12,highs-ipm,0.07685899999341927,19400.000122941878,1.1368683772161603e-13,8.668621376273222e-13,20,2025-04-15 12:00,2025-04-15 12:00,2025-03-26|2025-03-27|2025-03-28|2025-03-29|2025-03-30|2025-03-31|2025-04-01|2025-04-02|2025-04-03|2025-04-04|2025-04-05|2025-04-06|2025-04-07|2025-04-08|2025-04-09|2025-04-10|2025-04-11|2025-04-12|2025-04-13|2025-04-14,144
q3,S2,2025-04-16,0,highs-ipm,0.0599473330003093,2175.124460816899,1.1368683772161603e-13,8.810729923425242e-13,20,2025-04-16 00:00,2025-04-16 00:00,2025-03-27|2025-03-28|2025-03-29|2025-03-30|2025-03-31|2025-04-01|2025-04-02|2025-04-03|2025-04-04|2025-04-05|2025-04-06|2025-04-07|2025-04-08|2025-04-09|2025-04-10|2025-04-11|2025-04-12|2025-04-13|2025-04-14|2025-04-15,144
q3,S2,2025-04-16,6,highs-ipm,0.0794475840011728,12995.466430335546,1.1368683772161603e-13,9.094947017729282e-13,20,2025-04-16 06:00,2025-04-16 06:00,2025-03-27|2025-03-28|2025-03-29|2025-03-30|2025-03-31|2025-04-01|2025-04-02|2025-04-03|2025-04-04|2025-04-05|2025-04-06|2025-04-07|2025-04-08|2025-04-09|2025-04-10|2025-04-11|2025-04-12|2025-04-13|2025-04-14|2025-04-15,144
q3,S2,2025-04-16,12,highs-ipm,0.07377416699455353,12821.034640165442,1.1368683772161603e-13,9.094947017729282e-13,20,2025-04-16 12:00,2025-04-16 12:00,2025-03-27|2025-03-28|2025-03-29|2025-03-30|2025-03-31|2025-04-01|2025-04-02|2025-04-03|2025-04-04|2025-04-05|2025-04-06|2025-04-07|2025-04-08|2025-04-09|2025-04-10|2025-04-11|2025-04-12|2025-04-13|2025-04-14|2025-04-15,144
q3,S2,2025-04-17,0,highs-ipm,0.05888579200109234,1963.0204307237107,1.1368683772161603e-13,9.094947017729282e-13,20,2025-04-17 00:00,2025-04-17 00:00,2025-03-28|2025-03-29|2025-03-30|2025-03-31|2025-04-01|2025-04-02|2025-04-03|2025-04-04|2025-04-05|2025-04-06|2025-04-07|2025-04-08|2025-04-09|2025-04-10|2025-04-11|2025-04-12|2025-04-13|2025-04-14|2025-04-15|2025-04-16,144
q3,S2,2025-04-17,6,highs-ipm,0.07591966600011801,11439.322118490729,1.1368683772161603e-13,9.094947017729282e-13,20,2025-04-17 06:00,2025-04-17 06:00,2025-03-28|2025-03-29|2025-03-30|2025-03-31|2025-04-01|2025-04-02|2025-04-03|2025-04-04|2025-04-05|2025-04-06|2025-04-07|2025-04-08|2025-04-09|2025-04-10|2025-04-11|2025-04-12|2025-04-13|2025-04-14|2025-04-15|2025-04-16,144
q3,S2,2025-04-17,12,highs-ipm,0.08176108300540363,7087.645059007371,4.547473508864641e-13,8.810729923425242e-13,20,2025-04-17 12:00,2025-04-17 12:00,2025-03-28|2025-03-29|2025-03-30|2025-03-31|2025-04-01|2025-04-02|2025-04-03|2025-04-04|2025-04-05|2025-04-06|2025-04-07|2025-04-08|2025-04-09|2025-04-10|2025-04-11|2025-04-12|2025-04-13|2025-04-14|2025-04-15|2025-04-16,144
q3,S2,2025-04-18,0,highs-ipm,0.06545041700155707,544.075837713409,4.547473508864641e-13,9.663381206337363e-13,20,2025-04-18 00:00,2025-04-18 00:00,2025-03-29|2025-03-30|2025-03-31|2025-04-01|2025-04-02|2025-04-03|2025-04-04|2025-04-05|2025-04-06|2025-04-07|2025-04-08|2025-04-09|2025-04-10|2025-04-11|2025-04-12|2025-04-13|2025-04-14|2025-04-15|2025-04-16|2025-04-17,144
q3,S2,2025-04-18,6,highs-ipm,0.07537483300257009,7442.148994607537,2.2737367544323206e-13,9.663381206337363e-13,20,2025-04-18 06:00,2025-04-18 06:00,2025-03-29|2025-03-30|2025-03-31|2025-04-01|2025-04-02|2025-04-03|2025-04-04|2025-04-05|2025-04-06|2025-04-07|2025-04-08|2025-04-09|2025-04-10|2025-04-11|2025-04-12|2025-04-13|2025-04-14|2025-04-15|2025-04-16|2025-04-17,144
q3,S2,2025-04-18,12,highs-ipm,0.07749175000208197,6875.077074241512,2.2737367544323206e-13,9.663381206337363e-13,20,2025-04-18 12:00,2025-04-18 12:00,2025-03-29|2025-03-30|2025-03-31|2025-04-01|2025-04-02|2025-04-03|2025-04-04|2025-04-05|2025-04-06|2025-04-07|2025-04-08|2025-04-09|2025-04-10|2025-04-11|2025-04-12|2025-04-13|2025-04-14|2025-04-15|2025-04-16|2025-04-17,144
q3,S2,2025-04-19,0,highs-ipm,0.06970287500007544,563.3334326472627,5.684341886080802e-14,9.094947017729282e-13,20,2025-04-19 00:00,2025-04-19 00:00,2025-03-30|2025-03-31|2025-04-01|2025-04-02|2025-04-03|2025-04-04|2025-04-05|2025-04-06|2025-04-07|2025-04-08|2025-04-09|2025-04-10|2025-04-11|2025-04-12|2025-04-13|2025-04-14|2025-04-15|2025-04-16|2025-04-17|2025-04-18,144
q3,S2,2025-04-19,6,highs-ipm,0.07692074999795295,10032.491437953162,2.2737367544323206e-13,9.663381206337363e-13,20,2025-04-19 06:00,2025-04-19 06:00,2025-03-30|2025-03-31|2025-04-01|2025-04-02|2025-04-03|2025-04-04|2025-04-05|2025-04-06|2025-04-07|2025-04-08|2025-04-09|2025-04-10|2025-04-11|2025-04-12|2025-04-13|2025-04-14|2025-04-15|2025-04-16|2025-04-17|2025-04-18,144
q3,S2,2025-04-19,12,highs-ipm,0.08198566699866205,14804.161471982607,1.1368683772161603e-13,8.810729923425242e-13,20,2025-04-19 12:00,2025-04-19 12:00,2025-03-30|2025-03-31|2025-04-01|2025-04-02|2025-04-03|2025-04-04|2025-04-05|2025-04-06|2025-04-07|2025-04-08|2025-04-09|2025-04-10|2025-04-11|2025-04-12|2025-04-13|2025-04-14|2025-04-15|2025-04-16|2025-04-17|2025-04-18,144
q3,S2,2025-04-20,0,highs-ipm,0.05861820900463499,1708.4485712914684,1.1368683772161603e-13,8.739675649849232e-13,20,2025-04-20 00:00,2025-04-20 00:00,2025-03-31|2025-04-01|2025-04-02|2025-04-03|2025-04-04|2025-04-05|2025-04-06|2025-04-07|2025-04-08|2025-04-09|2025-04-10|2025-04-11|2025-04-12|2025-04-13|2025-04-14|2025-04-15|2025-04-16|2025-04-17|2025-04-18|2025-04-19,144
q3,S2,2025-04-20,6,highs-ipm,0.07825245799904224,10647.198345287019,2.2737367544323206e-13,8.908429549592256e-13,20,2025-04-20 06:00,2025-04-20 06:00,2025-03-31|2025-04-01|2025-04-02|2025-04-03|2025-04-04|2025-04-05|2025-04-06|2025-04-07|2025-04-08|2025-04-09|2025-04-10|2025-04-11|2025-04-12|2025-04-13|2025-04-14|2025-04-15|2025-04-16|2025-04-17|2025-04-18|2025-04-19,144
q3,S2,2025-04-20,12,highs-ipm,0.0728140830033226,13161.176152498027,2.2737367544323206e-13,9.094947017729282e-13,20,2025-04-20 12:00,2025-04-20 12:00,2025-03-31|2025-04-01|2025-04-02|2025-04-03|2025-04-04|2025-04-05|2025-04-06|2025-04-07|2025-04-08|2025-04-09|2025-04-10|2025-04-11|2025-04-12|2025-04-13|2025-04-14|2025-04-15|2025-04-16|2025-04-17|2025-04-18|2025-04-19,144
q3,S2,2025-04-21,0,highs-ipm,0.061721375001070555,2236.878912303449,2.504663143554353e-13,9.094947017729282e-13,20,2025-04-21 00:00,2025-04-21 00:00,2025-04-01|2025-04-02|2025-04-03|2025-04-04|2025-04-05|2025-04-06|2025-04-07|2025-04-08|2025-04-09|2025-04-10|2025-04-11|2025-04-12|2025-04-13|2025-04-14|2025-04-15|2025-04-16|2025-04-17|2025-04-18|2025-04-19|2025-04-20,144
q3,S2,2025-04-21,6,highs-ipm,0.08077537499775644,8081.4372837449,1.1368683772161603e-12,8.872902412804251e-13,20,2025-04-21 06:00,2025-04-21 06:00,2025-04-01|2025-04-02|2025-04-03|2025-04-04|2025-04-05|2025-04-06|2025-04-07|2025-04-08|2025-04-09|2025-04-10|2025-04-11|2025-04-12|2025-04-13|2025-04-14|2025-04-15|2025-04-16|2025-04-17|2025-04-18|2025-04-19|2025-04-20,144
q3,S2,2025-04-21,12,highs-ipm,0.07870395799545804,12051.372250677068,1.1368683772161603e-13,8.86402062860725e-13,20,2025-04-21 12:00,2025-04-21 12:00,2025-04-01|2025-04-02|2025-04-03|2025-04-04|2025-04-05|2025-04-06|2025-04-07|2025-04-08|2025-04-09|2025-04-10|2025-04-11|2025-04-12|2025-04-13|2025-04-14|2025-04-15|2025-04-16|2025-04-17|2025-04-18|2025-04-19|2025-04-20,144
q3,S2,2025-04-22,0,highs-ipm,0.06066887499764562,1887.8550705880473,2.2737367544323206e-13,1.0231815394945443e-12,20,2025-04-22 00:00,2025-04-22 00:00,2025-04-02|2025-04-03|2025-04-04|2025-04-05|2025-04-06|2025-04-07|2025-04-08|2025-04-09|2025-04-10|2025-04-11|2025-04-12|2025-04-13|2025-04-14|2025-04-15|2025-04-16|2025-04-17|2025-04-18|2025-04-19|2025-04-20|2025-04-21,144
q3,S2,2025-04-22,6,highs-ipm,0.07759100000112085,15308.88667574022,1.1368683772161603e-13,9.094947017729282e-13,20,2025-04-22 06:00,2025-04-22 06:00,2025-04-02|2025-04-03|2025-04-04|2025-04-05|2025-04-06|2025-04-07|2025-04-08|2025-04-09|2025-04-10|2025-04-11|2025-04-12|2025-04-13|2025-04-14|2025-04-15|2025-04-16|2025-04-17|2025-04-18|2025-04-19|2025-04-20|2025-04-21,144
q3,S2,2025-04-22,12,highs-ipm,0.07232604100136086,14381.495596527146,1.1368683772161603e-13,9.094947017729282e-13,20,2025-04-22 12:00,2025-04-22 12:00,2025-04-02|2025-04-03|2025-04-04|2025-04-05|2025-04-06|2025-04-07|2025-04-08|2025-04-09|2025-04-10|2025-04-11|2025-04-12|2025-04-13|2025-04-14|2025-04-15|2025-04-16|2025-04-17|2025-04-18|2025-04-19|2025-04-20|2025-04-21,144
q3,S2,2025-04-23,0,highs-ipm,0.05957991700415732,1775.3958376617754,2.2737367544323206e-13,9.094947017729282e-13,20,2025-04-23 00:00,2025-04-23 00:00,2025-04-03|2025-04-04|2025-04-05|2025-04-06|2025-04-07|2025-04-08|2025-04-09|2025-04-10|2025-04-11|2025-04-12|2025-04-13|2025-04-14|2025-04-15|2025-04-16|2025-04-17|2025-04-18|2025-04-19|2025-04-20|2025-04-21|2025-04-22,144
q3,S2,2025-04-23,6,highs-ipm,0.07575387499673525,14055.503447667177,2.2737367544323206e-13,8.881784197001252e-13,20,2025-04-23 06:00,2025-04-23 06:00,2025-04-03|2025-04-04|2025-04-05|2025-04-06|2025-04-07|2025-04-08|2025-04-09|2025-04-10|2025-04-11|2025-04-12|2025-04-13|2025-04-14|2025-04-15|2025-04-16|2025-04-17|2025-04-18|2025-04-19|2025-04-20|2025-04-21|2025-04-22,144
q3,S2,2025-04-23,12,highs-ipm,0.07440316600695951,15036.166821746729,2.2737367544323206e-13,9.094947017729282e-13,20,2025-04-23 12:00,2025-04-23 12:00,2025-04-03|2025-04-04|2025-04-05|2025-04-06|2025-04-07|2025-04-08|2025-04-09|2025-04-10|2025-04-11|2025-04-12|2025-04-13|2025-04-14|2025-04-15|2025-04-16|2025-04-17|2025-04-18|2025-04-19|2025-04-20|2025-04-21|2025-04-22,144
q3,S2,2025-04-24,0,highs-ipm,0.05955537500267383,1737.2071308608947,1.1368683772161603e-13,9.094947017729282e-13,20,2025-04-24 00:00,2025-04-24 00:00,2025-04-04|2025-04-05|2025-04-06|2025-04-07|2025-04-08|2025-04-09|2025-04-10|2025-04-11|2025-04-12|2025-04-13|2025-04-14|2025-04-15|2025-04-16|2025-04-17|2025-04-18|2025-04-19|2025-04-20|2025-04-21|2025-04-22|2025-04-23,144
q3,S2,2025-04-24,6,highs-ipm,0.07322908299829578,7328.553440494315,1.1368683772161603e-13,8.526512829121202e-13,20,2025-04-24 06:00,2025-04-24 06:00,2025-04-04|2025-04-05|2025-04-06|2025-04-07|2025-04-08|2025-04-09|2025-04-10|2025-04-11|2025-04-12|2025-04-13|2025-04-14|2025-04-15|2025-04-16|2025-04-17|2025-04-18|2025-04-19|2025-04-20|2025-04-21|2025-04-22|2025-04-23,144
q3,S2,2025-04-24,12,highs-ipm,0.07508908399904612,6863.591356553445,1.1368683772161603e-13,7.673861546209082e-13,20,2025-04-24 12:00,2025-04-24 12:00,2025-04-04|2025-04-05|2025-04-06|2025-04-07|2025-04-08|2025-04-09|2025-04-10|2025-04-11|2025-04-12|2025-04-13|2025-04-14|2025-04-15|2025-04-16|2025-04-17|2025-04-18|2025-04-19|2025-04-20|2025-04-21|2025-04-22|2025-04-23,144
q3,S2,2025-04-25,0,highs-ipm,0.05981591700401623,541.4619785329135,8.526512829121202e-13,8.526512829121202e-13,20,2025-04-25 00:00,2025-04-25 00:00,2025-04-05|2025-04-06|2025-04-07|2025-04-08|2025-04-09|2025-04-10|2025-04-11|2025-04-12|2025-04-13|2025-04-14|2025-04-15|2025-04-16|2025-04-17|2025-04-18|2025-04-19|2025-04-20|2025-04-21|2025-04-22|2025-04-23|2025-04-24,144
q3,S2,2025-04-25,6,highs-ipm,0.07237995899777161,7443.193088454181,5.684341886080802e-14,8.968381592922015e-13,20,2025-04-25 06:00,2025-04-25 06:00,2025-04-05|2025-04-06|2025-04-07|2025-04-08|2025-04-09|2025-04-10|2025-04-11|2025-04-12|2025-04-13|2025-04-14|2025-04-15|2025-04-16|2025-04-17|2025-04-18|2025-04-19|2025-04-20|2025-04-21|2025-04-22|2025-04-23|2025-04-24,144
q3,S2,2025-04-25,12,highs-ipm,0.07378524999512592,6034.383539475921,5.684341886080802e-14,9.094947017729282e-13,20,2025-04-25 12:00,2025-04-25 12:00,2025-04-05|2025-04-06|2025-04-07|2025-04-08|2025-04-09|2025-04-10|2025-04-11|2025-04-12|2025-04-13|2025-04-14|2025-04-15|2025-04-16|2025-04-17|2025-04-18|2025-04-19|2025-04-20|2025-04-21|2025-04-22|2025-04-23|2025-04-24,144
q3,S2,2025-04-26,0,highs-ipm,0.06170683299569646,542.2694909481966,2.2737367544323206e-13,7.958078640513122e-13,20,2025-04-26 00:00,2025-04-26 00:00,2025-04-06|2025-04-07|2025-04-08|2025-04-09|2025-04-10|2025-04-11|2025-04-12|2025-04-13|2025-04-14|2025-04-15|2025-04-16|2025-04-17|2025-04-18|2025-04-19|2025-04-20|2025-04-21|2025-04-22|2025-04-23|2025-04-24|2025-04-25,144
q3,S2,2025-04-26,6,highs-ipm,0.0732194169977447,10119.964521843078,0.0,7.958078640513122e-13,20,2025-04-26 06:00,2025-04-26 06:00,2025-04-06|2025-04-07|2025-04-08|2025-04-09|2025-04-10|2025-04-11|2025-04-12|2025-04-13|2025-04-14|2025-04-15|2025-04-16|2025-04-17|2025-04-18|2025-04-19|2025-04-20|2025-04-21|2025-04-22|2025-04-23|2025-04-24|2025-04-25,144
q3,S2,2025-04-26,12,highs-ipm,0.07646195899724262,18447.918211915417,2.2737367544323206e-13,9.094947017729282e-13,20,2025-04-26 12:00,2025-04-26 12:00,2025-04-06|2025-04-07|2025-04-08|2025-04-09|2025-04-10|2025-04-11|2025-04-12|2025-04-13|2025-04-14|2025-04-15|2025-04-16|2025-04-17|2025-04-18|2025-04-19|2025-04-20|2025-04-21|2025-04-22|2025-04-23|2025-04-24|2025-04-25,144
q3,S2,2025-04-27,0,highs-ipm,0.06431349999911617,1550.655372252557,1.1368683772161603e-13,9.094947017729282e-13,20,2025-04-27 00:00,2025-04-27 00:00,2025-04-07|2025-04-08|2025-04-09|2025-04-10|2025-04-11|2025-04-12|2025-04-13|2025-04-14|2025-04-15|2025-04-16|2025-04-17|2025-04-18|2025-04-19|2025-04-20|2025-04-21|2025-04-22|2025-04-23|2025-04-24|2025-04-25|2025-04-26,144
q3,S2,2025-04-27,6,highs-ipm,0.07181316700007301,12494.408745463454,1.1368683772161603e-13,8.952838470577262e-13,20,2025-04-27 06:00,2025-04-27 06:00,2025-04-07|2025-04-08|2025-04-09|2025-04-10|2025-04-11|2025-04-12|2025-04-13|2025-04-14|2025-04-15|2025-04-16|2025-04-17|2025-04-18|2025-04-19|2025-04-20|2025-04-21|2025-04-22|2025-04-23|2025-04-24|2025-04-25|2025-04-26,144
q3,S2,2025-04-27,12,highs-ipm,0.07176779099972919,13628.967843264114,1.1368683772161603e-13,8.384404281969182e-13,20,2025-04-27 12:00,2025-04-27 12:00,2025-04-07|2025-04-08|2025-04-09|2025-04-10|2025-04-11|2025-04-12|2025-04-13|2025-04-14|2025-04-15|2025-04-16|2025-04-17|2025-04-18|2025-04-19|2025-04-20|2025-04-21|2025-04-22|2025-04-23|2025-04-24|2025-04-25|2025-04-26,144
q3,S2,2025-04-28,0,highs-ipm,0.06118129200331168,2112.2482153284686,2.2737367544323206e-13,8.242295734817162e-13,20,2025-04-28 00:00,2025-04-28 00:00,2025-04-08|2025-04-09|2025-04-10|2025-04-11|2025-04-12|2025-04-13|2025-04-14|2025-04-15|2025-04-16|2025-04-17|2025-04-18|2025-04-19|2025-04-20|2025-04-21|2025-04-22|2025-04-23|2025-04-24|2025-04-25|2025-04-26|2025-04-27,144
q3,S2,2025-04-28,6,highs-ipm,0.08426045899977908,11843.29133380576,2.2737367544323206e-13,9.094947017729282e-13,20,2025-04-28 06:00,2025-04-28 06:00,2025-04-08|2025-04-09|2025-04-10|2025-04-11|2025-04-12|2025-04-13|2025-04-14|2025-04-15|2025-04-16|2025-04-17|2025-04-18|2025-04-19|2025-04-20|2025-04-21|2025-04-22|2025-04-23|2025-04-24|2025-04-25|2025-04-26|2025-04-27,144
q3,S2,2025-04-28,12,highs-ipm,0.07888766700489214,12611.115080706648,2.2737367544323206e-13,9.094947017729282e-13,20,2025-04-28 12:00,2025-04-28 12:00,2025-04-08|2025-04-09|2025-04-10|2025-04-11|2025-04-12|2025-04-13|2025-04-14|2025-04-15|2025-04-16|2025-04-17|2025-04-18|2025-04-19|2025-04-20|2025-04-21|2025-04-22|2025-04-23|2025-04-24|2025-04-25|2025-04-26|2025-04-27,144
q3,S2,2025-04-29,0,highs-ipm,0.0653454170023906,1614.8649340851414,2.2737367544323206e-13,9.094947017729282e-13,20,2025-04-29 00:00,2025-04-29 00:00,2025-04-09|2025-04-10|2025-04-11|2025-04-12|2025-04-13|2025-04-14|2025-04-15|2025-04-16|2025-04-17|2025-04-18|2025-04-19|2025-04-20|2025-04-21|2025-04-22|2025-04-23|2025-04-24|2025-04-25|2025-04-26|2025-04-27|2025-04-28,144
q3,S2,2025-04-29,6,highs-ipm,0.07842700000037439,10741.430354642933,2.2737367544323206e-13,9.094947017729282e-13,20,2025-04-29 06:00,2025-04-29 06:00,2025-04-09|2025-04-10|2025-04-11|2025-04-12|2025-04-13|2025-04-14|2025-04-15|2025-04-16|2025-04-17|2025-04-18|2025-04-19|2025-04-20|2025-04-21|2025-04-22|2025-04-23|2025-04-24|2025-04-25|2025-04-26|2025-04-27|2025-04-28,144
q3,S2,2025-04-29,12,highs-ipm,0.07986312499997439,15099.698254443869,2.2737367544323206e-13,9.094947017729282e-13,20,2025-04-29 12:00,2025-04-29 12:00,2025-04-09|2025-04-10|2025-04-11|2025-04-12|2025-04-13|2025-04-14|2025-04-15|2025-04-16|2025-04-17|2025-04-18|2025-04-19|2025-04-20|2025-04-21|2025-04-22|2025-04-23|2025-04-24|2025-04-25|2025-04-26|2025-04-27|2025-04-28,144
q3,S2,2025-04-30,0,highs-ipm,0.06992895800067345,1474.5915576316834,2.2737367544323206e-13,9.094947017729282e-13,20,2025-04-30 00:00,2025-04-30 00:00,2025-04-10|2025-04-11|2025-04-12|2025-04-13|2025-04-14|2025-04-15|2025-04-16|2025-04-17|2025-04-18|2025-04-19|2025-04-20|2025-04-21|2025-04-22|2025-04-23|2025-04-24|2025-04-25|2025-04-26|2025-04-27|2025-04-28|2025-04-29,144
q3,S2,2025-04-30,6,highs-ipm,0.07759020800585859,10617.226319510446,2.2737367544323206e-13,9.094947017729282e-13,20,2025-04-30 06:00,2025-04-30 06:00,2025-04-10|2025-04-11|2025-04-12|2025-04-13|2025-04-14|2025-04-15|2025-04-16|2025-04-17|2025-04-18|2025-04-19|2025-04-20|2025-04-21|2025-04-22|2025-04-23|2025-04-24|2025-04-25|2025-04-26|2025-04-27|2025-04-28|2025-04-29,144
q3,S2,2025-04-30,12,highs-ipm,0.08064620799996192,13987.562057725347,2.2737367544323206e-13,9.094947017729282e-13,20,2025-04-30 12:00,2025-04-30 12:00,2025-04-10|2025-04-11|2025-04-12|2025-04-13|2025-04-14|2025-04-15|2025-04-16|2025-04-17|2025-04-18|2025-04-19|2025-04-20|2025-04-21|2025-04-22|2025-04-23|2025-04-24|2025-04-25|2025-04-26|2025-04-27|2025-04-28|2025-04-29,144
q3,S2,2025-05-01,0,highs-ipm,0.06863362500007497,1571.294105116905,2.2737367544323206e-13,9.094947017729282e-13,20,2025-05-01 00:00,2025-05-01 00:00,2025-04-11|2025-04-12|2025-04-13|2025-04-14|2025-04-15|2025-04-16|2025-04-17|2025-04-18|2025-04-19|2025-04-20|2025-04-21|2025-04-22|2025-04-23|2025-04-24|2025-04-25|2025-04-26|2025-04-27|2025-04-28|2025-04-29|2025-04-30,144
q3,S2,2025-05-01,6,highs-ipm,0.08584537499700673,7777.77969537357,2.2737367544323206e-13,9.094947017729282e-13,20,2025-05-01 06:00,2025-05-01 06:00,2025-04-11|2025-04-12|2025-04-13|2025-04-14|2025-04-15|2025-04-16|2025-04-17|2025-04-18|2025-04-19|2025-04-20|2025-04-21|2025-04-22|2025-04-23|2025-04-24|2025-04-25|2025-04-26|2025-04-27|2025-04-28|2025-04-29|2025-04-30,144
q3,S2,2025-05-01,12,highs-ipm,0.07978162499784958,6638.413193697656,2.2737367544323206e-13,9.094947017729282e-13,20,2025-05-01 12:00,2025-05-01 12:00,2025-04-11|2025-04-12|2025-04-13|2025-04-14|2025-04-15|2025-04-16|2025-04-17|2025-04-18|2025-04-19|2025-04-20|2025-04-21|2025-04-22|2025-04-23|2025-04-24|2025-04-25|2025-04-26|2025-04-27|2025-04-28|2025-04-29|2025-04-30,144
q3,S2,2025-05-02,0,highs-ipm,0.06399333399895113,1017.0025079009073,1.1368683772161603e-13,8.810729923425242e-13,20,2025-05-02 00:00,2025-05-02 00:00,2025-04-12|2025-04-13|2025-04-14|2025-04-15|2025-04-16|2025-04-17|2025-04-18|2025-04-19|2025-04-20|2025-04-21|2025-04-22|2025-04-23|2025-04-24|2025-04-25|2025-04-26|2025-04-27|2025-04-28|2025-04-29|2025-04-30|2025-05-01,144
q3,S2,2025-05-02,6,highs-ipm,0.08213395800703438,7860.131580614428,1.1368683772161603e-13,1.0231815394945443e-12,20,2025-05-02 06:00,2025-05-02 06:00,2025-04-12|2025-04-13|2025-04-14|2025-04-15|2025-04-16|2025-04-17|2025-04-18|2025-04-19|2025-04-20|2025-04-21|2025-04-22|2025-04-23|2025-04-24|2025-04-25|2025-04-26|2025-04-27|2025-04-28|2025-04-29|2025-04-30|2025-05-01,144
q3,S2,2025-05-02,12,highs-ipm,0.07394445800309768,6009.750203140763,5.684341886080802e-14,7.958078640513122e-13,20,2025-05-02 12:00,2025-05-02 12:00,2025-04-12|2025-04-13|2025-04-14|2025-04-15|2025-04-16|2025-04-17|2025-04-18|2025-04-19|2025-04-20|2025-04-21|2025-04-22|2025-04-23|2025-04-24|2025-04-25|2025-04-26|2025-04-27|2025-04-28|2025-04-29|2025-04-30|2025-05-01,144
q3,S2,2025-05-03,0,highs-ipm,0.06598845899861772,1169.0809668290503,4.121147867408581e-13,8.952838470577262e-13,20,2025-05-03 00:00,2025-05-03 00:00,2025-04-13|2025-04-14|2025-04-15|2025-04-16|2025-04-17|2025-04-18|2025-04-19|2025-04-20|2025-04-21|2025-04-22|2025-04-23|2025-04-24|2025-04-25|2025-04-26|2025-04-27|2025-04-28|2025-04-29|2025-04-30|2025-05-01|2025-05-02,144
q3,S2,2025-05-03,6,highs-ipm,0.08131300000241026,10439.5505032895,5.684341886080802e-14,9.094947017729282e-13,20,2025-05-03 06:00,2025-05-03 06:00,2025-04-13|2025-04-14|2025-04-15|2025-04-16|2025-04-17|2025-04-18|2025-04-19|2025-04-20|2025-04-21|2025-04-22|2025-04-23|2025-04-24|2025-04-25|2025-04-26|2025-04-27|2025-04-28|2025-04-29|2025-04-30|2025-05-01|2025-05-02,144
q3,S2,2025-05-03,12,highs-ipm,0.07551524999871617,16092.218946397625,2.2737367544323206e-13,9.094947017729282e-13,20,2025-05-03 12:00,2025-05-03 12:00,2025-04-13|2025-04-14|2025-04-15|2025-04-16|2025-04-17|2025-04-18|2025-04-19|2025-04-20|2025-04-21|2025-04-22|2025-04-23|2025-04-24|2025-04-25|2025-04-26|2025-04-27|2025-04-28|2025-04-29|2025-04-30|2025-05-01|2025-05-02,144
q3,S2,2025-05-04,0,highs-ipm,0.0600767080031801,2385.864227500231,2.2737367544323206e-13,9.094947017729282e-13,20,2025-05-04 00:00,2025-05-04 00:00,2025-04-14|2025-04-15|2025-04-16|2025-04-17|2025-04-18|2025-04-19|2025-04-20|2025-04-21|2025-04-22|2025-04-23|2025-04-24|2025-04-25|2025-04-26|2025-04-27|2025-04-28|2025-04-29|2025-04-30|2025-05-01|2025-05-02|2025-05-03,144
q3,S2,2025-05-04,6,highs-ipm,0.07137958300154423,9938.977567369,1.1368683772161603e-13,8.668621376273222e-13,20,2025-05-04 06:00,2025-05-04 06:00,2025-04-14|2025-04-15|2025-04-16|2025-04-17|2025-04-18|2025-04-19|2025-04-20|2025-04-21|2025-04-22|2025-04-23|2025-04-24|2025-04-25|2025-04-26|2025-04-27|2025-04-28|2025-04-29|2025-04-30|2025-05-01|2025-05-02|2025-05-03,144
q3,S2,2025-05-04,12,highs-ipm,0.07802100000117207,13879.771588921873,1.1368683772161603e-13,9.094947017729282e-13,20,2025-05-04 12:00,2025-05-04 12:00,2025-04-14|2025-04-15|2025-04-16|2025-04-17|2025-04-18|2025-04-19|2025-04-20|2025-04-21|2025-04-22|2025-04-23|2025-04-24|2025-04-25|2025-04-26|2025-04-27|2025-04-28|2025-04-29|2025-04-30|2025-05-01|2025-05-02|2025-05-03,144
q3,S2,2025-05-05,0,highs-ipm,0.06015116599883186,2611.1431421934144,5.684341886080801e-13,1.0231815394945443e-12,20,2025-05-05 00:00,2025-05-05 00:00,2025-04-15|2025-04-16|2025-04-17|2025-04-18|2025-04-19|2025-04-20|2025-04-21|2025-04-22|2025-04-23|2025-04-24|2025-04-25|2025-04-26|2025-04-27|2025-04-28|2025-04-29|2025-04-30|2025-05-01|2025-05-02|2025-05-03|2025-05-04,144
q3,S2,2025-05-05,6,highs-ipm,0.07486549999885028,10117.101247072453,5.684341886080801e-13,1.0231815394945443e-12,20,2025-05-05 06:00,2025-05-05 06:00,2025-04-15|2025-04-16|2025-04-17|2025-04-18|2025-04-19|2025-04-20|2025-04-21|2025-04-22|2025-04-23|2025-04-24|2025-04-25|2025-04-26|2025-04-27|2025-04-28|2025-04-29|2025-04-30|2025-05-01|2025-05-02|2025-05-03|2025-05-04,144
q3,S2,2025-05-05,12,highs-ipm,0.07361845800187439,12400.358470338111,1.1368683772161603e-13,9.094947017729282e-13,20,2025-05-05 12:00,2025-05-05 12:00,2025-04-15|2025-04-16|2025-04-17|2025-04-18|2025-04-19|2025-04-20|2025-04-21|2025-04-22|2025-04-23|2025-04-24|2025-04-25|2025-04-26|2025-04-27|2025-04-28|2025-04-29|2025-04-30|2025-05-01|2025-05-02|2025-05-03|2025-05-04,144
q3,S2,2025-05-06,0,highs-ipm,0.06404754200048046,2128.1969009482937,1.1368683772161603e-13,9.094947017729282e-13,20,2025-05-06 00:00,2025-05-06 00:00,2025-04-16|2025-04-17|2025-04-18|2025-04-19|2025-04-20|2025-04-21|2025-04-22|2025-04-23|2025-04-24|2025-04-25|2025-04-26|2025-04-27|2025-04-28|2025-04-29|2025-04-30|2025-05-01|2025-05-02|2025-05-03|2025-05-04|2025-05-05,144
q3,S2,2025-05-06,6,highs-ipm,0.0780799999993178,13243.118727725507,1.1368683772161603e-13,9.094947017729282e-13,20,2025-05-06 06:00,2025-05-06 06:00,2025-04-16|2025-04-17|2025-04-18|2025-04-19|2025-04-20|2025-04-21|2025-04-22|2025-04-23|2025-04-24|2025-04-25|2025-04-26|2025-04-27|2025-04-28|2025-04-29|2025-04-30|2025-05-01|2025-05-02|2025-05-03|2025-05-04|2025-05-05,144
q3,S2,2025-05-06,12,highs-ipm,0.07158891599829076,26642.84450158077,2.2737367544323206e-13,1.0231815394945443e-12,20,2025-05-06 12:00,2025-05-06 12:00,2025-04-16|2025-04-17|2025-04-18|2025-04-19|2025-04-20|2025-04-21|2025-04-22|2025-04-23|2025-04-24|2025-04-25|2025-04-26|2025-04-27|2025-04-28|2025-04-29|2025-04-30|2025-05-01|2025-05-02|2025-05-03|2025-05-04|2025-05-05,144
q3,S2,2025-05-07,0,highs-ipm,0.058539707999443635,2069.18184998825,1.1368683772161603e-12,9.094947017729282e-13,20,2025-05-07 00:00,2025-05-07 00:00,2025-04-17|2025-04-18|2025-04-19|2025-04-20|2025-04-21|2025-04-22|2025-04-23|2025-04-24|2025-04-25|2025-04-26|2025-04-27|2025-04-28|2025-04-29|2025-04-30|2025-05-01|2025-05-02|2025-05-03|2025-05-04|2025-05-05|2025-05-06,144
q3,S2,2025-05-07,6,highs-ipm,0.07593333300610539,12995.448505868966,1.1368683772161603e-13,9.094947017729282e-13,20,2025-05-07 06:00,2025-05-07 06:00,2025-04-17|2025-04-18|2025-04-19|2025-04-20|2025-04-21|2025-04-22|2025-04-23|2025-04-24|2025-04-25|2025-04-26|2025-04-27|2025-04-28|2025-04-29|2025-04-30|2025-05-01|2025-05-02|2025-05-03|2025-05-04|2025-05-05|2025-05-06,144
q3,S2,2025-05-07,12,highs-ipm,0.07132266699773027,22291.823711660956,1.1368683772161603e-13,9.094947017729282e-13,20,2025-05-07 12:00,2025-05-07 12:00,2025-04-17|2025-04-18|2025-04-19|2025-04-20|2025-04-21|2025-04-22|2025-04-23|2025-04-24|2025-04-25|2025-04-26|2025-04-27|2025-04-28|2025-04-29|2025-04-30|2025-05-01|2025-05-02|2025-05-03|2025-05-04|2025-05-05|2025-05-06,144
q3,S2,2025-05-08,0,highs-ipm,0.058770541996636894,2391.2017473065894,2.2737367544323206e-13,9.094947017729282e-13,20,2025-05-08 00:00,2025-05-08 00:00,2025-04-18|2025-04-19|2025-04-20|2025-04-21|2025-04-22|2025-04-23|2025-04-24|2025-04-25|2025-04-26|2025-04-27|2025-04-28|2025-04-29|2025-04-30|2025-05-01|2025-05-02|2025-05-03|2025-05-04|2025-05-05|2025-05-06|2025-05-07,144
q3,S2,2025-05-08,6,highs-ipm,0.07762104200082831,7522.989736552453,2.2737367544323206e-13,9.094947017729282e-13,20,2025-05-08 06:00,2025-05-08 06:00,2025-04-18|2025-04-19|2025-04-20|2025-04-21|2025-04-22|2025-04-23|2025-04-24|2025-04-25|2025-04-26|2025-04-27|2025-04-28|2025-04-29|2025-04-30|2025-05-01|2025-05-02|2025-05-03|2025-05-04|2025-05-05|2025-05-06|2025-05-07,144
q3,S2,2025-05-08,12,highs-ipm,0.0722937499958789,10980.524097221149,2.2737367544323206e-13,9.094947017729282e-13,20,2025-05-08 12:00,2025-05-08 12:00,2025-04-18|2025-04-19|2025-04-20|2025-04-21|2025-04-22|2025-04-23|2025-04-24|2025-04-25|2025-04-26|2025-04-27|2025-04-28|2025-04-29|2025-04-30|2025-05-01|2025-05-02|2025-05-03|2025-05-04|2025-05-05|2025-05-06|2025-05-07,144
q3,S2,2025-05-09,0,highs-ipm,0.060088083999289665,1042.9965830558203,5.684341886080801e-13,9.094947017729282e-13,20,2025-05-09 00:00,2025-05-09 00:00,2025-04-19|2025-04-20|2025-04-21|2025-04-22|2025-04-23|2025-04-24|2025-04-25|2025-04-26|2025-04-27|2025-04-28|2025-04-29|2025-04-30|2025-05-01|2025-05-02|2025-05-03|2025-05-04|2025-05-05|2025-05-06|2025-05-07|2025-05-08,144
q3,S2,2025-05-09,6,highs-ipm,0.07332254200446187,8597.371331415048,5.684341886080802e-14,8.313350008393172e-13,20,2025-05-09 06:00,2025-05-09 06:00,2025-04-19|2025-04-20|2025-04-21|2025-04-22|2025-04-23|2025-04-24|2025-04-25|2025-04-26|2025-04-27|2025-04-28|2025-04-29|2025-04-30|2025-05-01|2025-05-02|2025-05-03|2025-05-04|2025-05-05|2025-05-06|2025-05-07|2025-05-08,144
q3,S2,2025-05-09,12,highs-ipm,0.13592862500081537,10618.629501706226,5.684341886080802e-14,9.094947017729282e-13,20,2025-05-09 12:00,2025-05-09 12:00,2025-04-19|2025-04-20|2025-04-21|2025-04-22|2025-04-23|2025-04-24|2025-04-25|2025-04-26|2025-04-27|2025-04-28|2025-04-29|2025-04-30|2025-05-01|2025-05-02|2025-05-03|2025-05-04|2025-05-05|2025-05-06|2025-05-07|2025-05-08,144
q3,S2,2025-05-10,0,highs-ipm,0.08006933399883565,1018.2888484020068,6.821210263296962e-13,7.958078640513122e-13,20,2025-05-10 00:00,2025-05-10 00:00,2025-04-20|2025-04-21|2025-04-22|2025-04-23|2025-04-24|2025-04-25|2025-04-26|2025-04-27|2025-04-28|2025-04-29|2025-04-30|2025-05-01|2025-05-02|2025-05-03|2025-05-04|2025-05-05|2025-05-06|2025-05-07|2025-05-08|2025-05-09,144
q3,S2,2025-05-10,6,highs-ipm,0.09235741700103972,11247.510465302368,1.1368683772161603e-13,9.094947017729282e-13,20,2025-05-10 06:00,2025-05-10 06:00,2025-04-20|2025-04-21|2025-04-22|2025-04-23|2025-04-24|2025-04-25|2025-04-26|2025-04-27|2025-04-28|2025-04-29|2025-04-30|2025-05-01|2025-05-02|2025-05-03|2025-05-04|2025-05-05|2025-05-06|2025-05-07|2025-05-08|2025-05-09,144
q3,S2,2025-05-10,12,highs-ipm,0.08521241600101348,14888.628205932226,5.684341886080802e-14,9.094947017729282e-13,20,2025-05-10 12:00,2025-05-10 12:00,2025-04-20|2025-04-21|2025-04-22|2025-04-23|2025-04-24|2025-04-25|2025-04-26|2025-04-27|2025-04-28|2025-04-29|2025-04-30|2025-05-01|2025-05-02|2025-05-03|2025-05-04|2025-05-05|2025-05-06|2025-05-07|2025-05-08|2025-05-09,144
q3,S2,2025-05-11,0,highs-ipm,0.05509620800148696,2668.9806021318755,1.1368683772161603e-13,9.094947017729282e-13,20,2025-05-11 00:00,2025-05-11 00:00,2025-04-21|2025-04-22|2025-04-23|2025-04-24|2025-04-25|2025-04-26|2025-04-27|2025-04-28|2025-04-29|2025-04-30|2025-05-01|2025-05-02|2025-05-03|2025-05-04|2025-05-05|2025-05-06|2025-05-07|2025-05-08|2025-05-09|2025-05-10,144
q3,S2,2025-05-11,6,highs-ipm,0.08014154199918266,12016.058426407766,1.1368683772161603e-13,9.094947017729282e-13,20,2025-05-11 06:00,2025-05-11 06:00,2025-04-21|2025-04-22|2025-04-23|2025-04-24|2025-04-25|2025-04-26|2025-04-27|2025-04-28|2025-04-29|2025-04-30|2025-05-01|2025-05-02|2025-05-03|2025-05-04|2025-05-05|2025-05-06|2025-05-07|2025-05-08|2025-05-09|2025-05-10,144
q3,S2,2025-05-11,12,highs-ipm,0.07231637500080978,17333.94572915462,1.1368683772161603e-13,9.094947017729282e-13,20,2025-05-11 12:00,2025-05-11 12:00,2025-04-21|2025-04-22|2025-04-23|2025-04-24|2025-04-25|2025-04-26|2025-04-27|2025-04-28|2025-04-29|2025-04-30|2025-05-01|2025-05-02|2025-05-03|2025-05-04|2025-05-05|2025-05-06|2025-05-07|2025-05-08|2025-05-09|2025-05-10,144
q3,S2,2025-05-12,0,highs-ipm,0.061400209000566974,1990.4888937576027,7.958078640513122e-13,9.094947017729282e-13,20,2025-05-12 00:00,2025-05-12 00:00,2025-04-22|2025-04-23|2025-04-24|2025-04-25|2025-04-26|2025-04-27|2025-04-28|2025-04-29|2025-04-30|2025-05-01|2025-05-02|2025-05-03|2025-05-04|2025-05-05|2025-05-06|2025-05-07|2025-05-08|2025-05-09|2025-05-10|2025-05-11,144
q3,S2,2025-05-12,6,highs-ipm,0.07722116600052686,14720.08635719997,2.2737367544323206e-13,7.958078640513122e-13,20,2025-05-12 06:00,2025-05-12 06:00,2025-04-22|2025-04-23|2025-04-24|2025-04-25|2025-04-26|2025-04-27|2025-04-28|2025-04-29|2025-04-30|2025-05-01|2025-05-02|2025-05-03|2025-05-04|2025-05-05|2025-05-06|2025-05-07|2025-05-08|2025-05-09|2025-05-10|2025-05-11,144
q3,S2,2025-05-12,12,highs-ipm,0.07165070899645798,13942.6611645679,2.2737367544323206e-13,9.094947017729282e-13,20,2025-05-12 12:00,2025-05-12 12:00,2025-04-22|2025-04-23|2025-04-24|2025-04-25|2025-04-26|2025-04-27|2025-04-28|2025-04-29|2025-04-30|2025-05-01|2025-05-02|2025-05-03|2025-05-04|2025-05-05|2025-05-06|2025-05-07|2025-05-08|2025-05-09|2025-05-10|2025-05-11,144
q3,S2,2025-05-13,0,highs-ipm,0.05605262500466779,2557.791700309016,1.1368683772161603e-13,9.094947017729282e-13,20,2025-05-13 00:00,2025-05-13 00:00,2025-04-23|2025-04-24|2025-04-25|2025-04-26|2025-04-27|2025-04-28|2025-04-29|2025-04-30|2025-05-01|2025-05-02|2025-05-03|2025-05-04|2025-05-05|2025-05-06|2025-05-07|2025-05-08|2025-05-09|2025-05-10|2025-05-11|2025-05-12,144
q3,S2,2025-05-13,6,highs-ipm,0.07739620800566627,9774.990749585608,1.1368683772161603e-13,8.668621376273222e-13,20,2025-05-13 06:00,2025-05-13 06:00,2025-04-23|2025-04-24|2025-04-25|2025-04-26|2025-04-27|2025-04-28|2025-04-29|2025-04-30|2025-05-01|2025-05-02|2025-05-03|2025-05-04|2025-05-05|2025-05-06|2025-05-07|2025-05-08|2025-05-09|2025-05-10|2025-05-11|2025-05-12,144
q3,S2,2025-05-13,12,highs-ipm,0.07252049999806331,25822.236103147734,2.2737367544323206e-13,9.094947017729282e-13,20,2025-05-13 12:00,2025-05-13 12:00,2025-04-23|2025-04-24|2025-04-25|2025-04-26|2025-04-27|2025-04-28|2025-04-29|2025-04-30|2025-05-01|2025-05-02|2025-05-03|2025-05-04|2025-05-05|2025-05-06|2025-05-07|2025-05-08|2025-05-09|2025-05-10|2025-05-11|2025-05-12,144
q3,S2,2025-05-14,0,highs-ipm,0.05811295800231164,2118.782325502569,2.2737367544323206e-13,9.094947017729282e-13,20,2025-05-14 00:00,2025-05-14 00:00,2025-04-24|2025-04-25|2025-04-26|2025-04-27|2025-04-28|2025-04-29|2025-04-30|2025-05-01|2025-05-02|2025-05-03|2025-05-04|2025-05-05|2025-05-06|2025-05-07|2025-05-08|2025-05-09|2025-05-10|2025-05-11|2025-05-12|2025-05-13,144
q3,S2,2025-05-14,6,highs-ipm,0.07003241599886678,11782.008015305573,1.1368683772161603e-13,9.094947017729282e-13,20,2025-05-14 06:00,2025-05-14 06:00,2025-04-24|2025-04-25|2025-04-26|2025-04-27|2025-04-28|2025-04-29|2025-04-30|2025-05-01|2025-05-02|2025-05-03|2025-05-04|2025-05-05|2025-05-06|2025-05-07|2025-05-08|2025-05-09|2025-05-10|2025-05-11|2025-05-12|2025-05-13,144
q3,S2,2025-05-14,12,highs-ipm,0.0719494590011891,12767.549929504261,1.1368683772161603e-13,9.094947017729282e-13,20,2025-05-14 12:00,2025-05-14 12:00,2025-04-24|2025-04-25|2025-04-26|2025-04-27|2025-04-28|2025-04-29|2025-04-30|2025-05-01|2025-05-02|2025-05-03|2025-05-04|2025-05-05|2025-05-06|2025-05-07|2025-05-08|2025-05-09|2025-05-10|2025-05-11|2025-05-12|2025-05-13,144
q3,S2,2025-05-15,0,highs-ipm,0.05558533300063573,1975.4968185605949,1.1368683772161603e-13,9.094947017729282e-13,20,2025-05-15 00:00,2025-05-15 00:00,2025-04-25|2025-04-26|2025-04-27|2025-04-28|2025-04-29|2025-04-30|2025-05-01|2025-05-02|2025-05-03|2025-05-04|2025-05-05|2025-05-06|2025-05-07|2025-05-08|2025-05-09|2025-05-10|2025-05-11|2025-05-12|2025-05-13|2025-05-14,144
q3,S2,2025-05-15,6,highs-ipm,0.07255487499787705,10459.413787398049,1.1368683772161603e-13,8.810729923425242e-13,20,2025-05-15 06:00,2025-05-15 06:00,2025-04-25|2025-04-26|2025-04-27|2025-04-28|2025-04-29|2025-04-30|2025-05-01|2025-05-02|2025-05-03|2025-05-04|2025-05-05|2025-05-06|2025-05-07|2025-05-08|2025-05-09|2025-05-10|2025-05-11|2025-05-12|2025-05-13|2025-05-14,144
q3,S2,2025-05-15,12,highs-ipm,0.06881487499776995,5972.617081326612,1.1368683772161603e-13,8.810729923425242e-13,20,2025-05-15 12:00,2025-05-15 12:00,2025-04-25|2025-04-26|2025-04-27|2025-04-28|2025-04-29|2025-04-30|2025-05-01|2025-05-02|2025-05-03|2025-05-04|2025-05-05|2025-05-06|2025-05-07|2025-05-08|2025-05-09|2025-05-10|2025-05-11|2025-05-12|2025-05-13|2025-05-14,144
q3,S2,2025-05-16,0,highs-ipm,0.05988908399740467,991.6229957619781,2.2737367544323206e-13,8.526512829121202e-13,20,2025-05-16 00:00,2025-05-16 00:00,2025-04-26|2025-04-27|2025-04-28|2025-04-29|2025-04-30|2025-05-01|2025-05-02|2025-05-03|2025-05-04|2025-05-05|2025-05-06|2025-05-07|2025-05-08|2025-05-09|2025-05-10|2025-05-11|2025-05-12|2025-05-13|2025-05-14|2025-05-15,144
q3,S2,2025-05-16,6,highs-ipm,0.07834170800197171,7573.335746941407,2.2737367544323206e-13,7.958078640513122e-13,20,2025-05-16 06:00,2025-05-16 06:00,2025-04-26|2025-04-27|2025-04-28|2025-04-29|2025-04-30|2025-05-01|2025-05-02|2025-05-03|2025-05-04|2025-05-05|2025-05-06|2025-05-07|2025-05-08|2025-05-09|2025-05-10|2025-05-11|2025-05-12|2025-05-13|2025-05-14|2025-05-15,144
q3,S2,2025-05-16,12,highs-ipm,0.07233616699522827,6280.467372202251,1.0231815394945443e-12,7.958078640513122e-13,20,2025-05-16 12:00,2025-05-16 12:00,2025-04-26|2025-04-27|2025-04-28|2025-04-29|2025-04-30|2025-05-01|2025-05-02|2025-05-03|2025-05-04|2025-05-05|2025-05-06|2025-05-07|2025-05-08|2025-05-09|2025-05-10|2025-05-11|2025-05-12|2025-05-13|2025-05-14|2025-05-15,144
q3,S2,2025-05-17,0,highs-ipm,0.06343362500047078,967.7477015077079,1.4210854715202004e-14,8.384404281969182e-13,20,2025-05-17 00:00,2025-05-17 00:00,2025-04-27|2025-04-28|2025-04-29|2025-04-30|2025-05-01|2025-05-02|2025-05-03|2025-05-04|2025-05-05|2025-05-06|2025-05-07|2025-05-08|2025-05-09|2025-05-10|2025-05-11|2025-05-12|2025-05-13|2025-05-14|2025-05-15|2025-05-16,144
q3,S2,2025-05-17,6,highs-ipm,0.08035162500164006,10205.537421715262,1.1368683772161603e-13,7.105427357601002e-13,20,2025-05-17 06:00,2025-05-17 06:00,2025-04-27|2025-04-28|2025-04-29|2025-04-30|2025-05-01|2025-05-02|2025-05-03|2025-05-04|2025-05-05|2025-05-06|2025-05-07|2025-05-08|2025-05-09|2025-05-10|2025-05-11|2025-05-12|2025-05-13|2025-05-14|2025-05-15|2025-05-16,144
q3,S2,2025-05-17,12,highs-ipm,0.07805908400041517,16483.830234023575,1.1368683772161603e-13,9.094947017729282e-13,20,2025-05-17 12:00,2025-05-17 12:00,2025-04-27|2025-04-28|2025-04-29|2025-04-30|2025-05-01|2025-05-02|2025-05-03|2025-05-04|2025-05-05|2025-05-06|2025-05-07|2025-05-08|2025-05-09|2025-05-10|2025-05-11|2025-05-12|2025-05-13|2025-05-14|2025-05-15|2025-05-16,144
q3,S2,2025-05-18,0,highs-ipm,0.053704167003161274,2252.49332780902,1.1368683772161603e-13,9.094947017729282e-13,20,2025-05-18 00:00,2025-05-18 00:00,2025-04-28|2025-04-29|2025-04-30|2025-05-01|2025-05-02|2025-05-03|2025-05-04|2025-05-05|2025-05-06|2025-05-07|2025-05-08|2025-05-09|2025-05-10|2025-05-11|2025-05-12|2025-05-13|2025-05-14|2025-05-15|2025-05-16|2025-05-17,144
q3,S2,2025-05-18,6,highs-ipm,0.07554054199863458,10073.768199889877,1.1368683772161603e-13,9.094947017729282e-13,20,2025-05-18 06:00,2025-05-18 06:00,2025-04-28|2025-04-29|2025-04-30|2025-05-01|2025-05-02|2025-05-03|2025-05-04|2025-05-05|2025-05-06|2025-05-07|2025-05-08|2025-05-09|2025-05-10|2025-05-11|2025-05-12|2025-05-13|2025-05-14|2025-05-15|2025-05-16|2025-05-17,144
q3,S2,2025-05-18,12,highs-ipm,0.0736380839953199,16790.5021258236,1.1368683772161603e-13,7.958078640513122e-13,20,2025-05-18 12:00,2025-05-18 12:00,2025-04-28|2025-04-29|2025-04-30|2025-05-01|2025-05-02|2025-05-03|2025-05-04|2025-05-05|2025-05-06|2025-05-07|2025-05-08|2025-05-09|2025-05-10|2025-05-11|2025-05-12|2025-05-13|2025-05-14|2025-05-15|2025-05-16|2025-05-17,144
q3,S2,2025-05-19,0,highs-ipm,0.051802916001179256,2102.15172401303,2.2737367544323206e-13,7.958078640513122e-13,20,2025-05-19 00:00,2025-05-19 00:00,2025-04-29|2025-04-30|2025-05-01|2025-05-02|2025-05-03|2025-05-04|2025-05-05|2025-05-06|2025-05-07|2025-05-08|2025-05-09|2025-05-10|2025-05-11|2025-05-12|2025-05-13|2025-05-14|2025-05-15|2025-05-16|2025-05-17|2025-05-18,144
q3,S2,2025-05-19,6,highs-ipm,0.07138783299888019,10571.45703230839,2.2737367544323206e-13,9.094947017729282e-13,20,2025-05-19 06:00,2025-05-19 06:00,2025-04-29|2025-04-30|2025-05-01|2025-05-02|2025-05-03|2025-05-04|2025-05-05|2025-05-06|2025-05-07|2025-05-08|2025-05-09|2025-05-10|2025-05-11|2025-05-12|2025-05-13|2025-05-14|2025-05-15|2025-05-16|2025-05-17|2025-05-18,144
q3,S2,2025-05-19,12,highs-ipm,0.07776041699980851,21586.38358501334,2.2737367544323206e-13,8.952838470577262e-13,20,2025-05-19 12:00,2025-05-19 12:00,2025-04-29|2025-04-30|2025-05-01|2025-05-02|2025-05-03|2025-05-04|2025-05-05|2025-05-06|2025-05-07|2025-05-08|2025-05-09|2025-05-10|2025-05-11|2025-05-12|2025-05-13|2025-05-14|2025-05-15|2025-05-16|2025-05-17|2025-05-18,144
q3,S2,2025-05-20,0,highs-ipm,0.05744687499827705,2122.8941006063305,1.1368683772161603e-13,7.958078640513122e-13,20,2025-05-20 00:00,2025-05-20 00:00,2025-04-30|2025-05-01|2025-05-02|2025-05-03|2025-05-04|2025-05-05|2025-05-06|2025-05-07|2025-05-08|2025-05-09|2025-05-10|2025-05-11|2025-05-12|2025-05-13|2025-05-14|2025-05-15|2025-05-16|2025-05-17|2025-05-18|2025-05-19,144
q3,S2,2025-05-20,6,highs-ipm,0.0803638749930542,13031.673729782322,1.1368683772161603e-13,9.094947017729282e-13,20,2025-05-20 06:00,2025-05-20 06:00,2025-04-30|2025-05-01|2025-05-02|2025-05-03|2025-05-04|2025-05-05|2025-05-06|2025-05-07|2025-05-08|2025-05-09|2025-05-10|2025-05-11|2025-05-12|2025-05-13|2025-05-14|2025-05-15|2025-05-16|2025-05-17|2025-05-18|2025-05-19,144
q3,S2,2025-05-20,12,highs-ipm,0.07088120799744502,14234.455137810446,1.1368683772161603e-13,9.663381206337363e-13,20,2025-05-20 12:00,2025-05-20 12:00,2025-04-30|2025-05-01|2025-05-02|2025-05-03|2025-05-04|2025-05-05|2025-05-06|2025-05-07|2025-05-08|2025-05-09|2025-05-10|2025-05-11|2025-05-12|2025-05-13|2025-05-14|2025-05-15|2025-05-16|2025-05-17|2025-05-18|2025-05-19,144
q3,S2,2025-05-21,0,highs-ipm,0.06013391699525528,2049.995641389153,6.821210263296962e-13,9.094947017729282e-13,20,2025-05-21 00:00,2025-05-21 00:00,2025-05-01|2025-05-02|2025-05-03|2025-05-04|2025-05-05|2025-05-06|2025-05-07|2025-05-08|2025-05-09|2025-05-10|2025-05-11|2025-05-12|2025-05-13|2025-05-14|2025-05-15|2025-05-16|2025-05-17|2025-05-18|2025-05-19|2025-05-20,144
q3,S2,2025-05-21,6,highs-ipm,0.07403033400623826,15515.311066213195,2.2737367544323206e-13,8.337219803422613e-13,20,2025-05-21 06:00,2025-05-21 06:00,2025-05-01|2025-05-02|2025-05-03|2025-05-04|2025-05-05|2025-05-06|2025-05-07|2025-05-08|2025-05-09|2025-05-10|2025-05-11|2025-05-12|2025-05-13|2025-05-14|2025-05-15|2025-05-16|2025-05-17|2025-05-18|2025-05-19|2025-05-20,144
q3,S2,2025-05-21,12,highs-ipm,0.07440437500190455,19063.179100724265,1.1368683772161603e-13,9.094947017729282e-13,20,2025-05-21 12:00,2025-05-21 12:00,2025-05-01|2025-05-02|2025-05-03|2025-05-04|2025-05-05|2025-05-06|2025-05-07|2025-05-08|2025-05-09|2025-05-10|2025-05-11|2025-05-12|2025-05-13|2025-05-14|2025-05-15|2025-05-16|2025-05-17|2025-05-18|2025-05-19|2025-05-20,144
q3,S2,2025-05-22,0,highs-ipm,0.057821166003122926,1962.0046286336055,3.410605131648481e-13,9.094947017729282e-13,20,2025-05-22 00:00,2025-05-22 00:00,2025-05-02|2025-05-03|2025-05-04|2025-05-05|2025-05-06|2025-05-07|2025-05-08|2025-05-09|2025-05-10|2025-05-11|2025-05-12|2025-05-13|2025-05-14|2025-05-15|2025-05-16|2025-05-17|2025-05-18|2025-05-19|2025-05-20|2025-05-21,144
q3,S2,2025-05-22,6,highs-ipm,0.07562708399927942,8031.7461191322545,1.1368683772161603e-13,9.094947017729282e-13,20,2025-05-22 06:00,2025-05-22 06:00,2025-05-02|2025-05-03|2025-05-04|2025-05-05|2025-05-06|2025-05-07|2025-05-08|2025-05-09|2025-05-10|2025-05-11|2025-05-12|2025-05-13|2025-05-14|2025-05-15|2025-05-16|2025-05-17|2025-05-18|2025-05-19|2025-05-20|2025-05-21,144
q3,S2,2025-05-22,12,highs-ipm,0.07519841600151267,6127.16676442839,3.410605131648481e-13,9.094947017729282e-13,20,2025-05-22 12:00,2025-05-22 12:00,2025-05-02|2025-05-03|2025-05-04|2025-05-05|2025-05-06|2025-05-07|2025-05-08|2025-05-09|2025-05-10|2025-05-11|2025-05-12|2025-05-13|2025-05-14|2025-05-15|2025-05-16|2025-05-17|2025-05-18|2025-05-19|2025-05-20|2025-05-21,144
q3,S2,2025-05-23,0,highs-ipm,0.06335541600128636,1015.2179364771358,3.410605131648481e-13,1.0231815394945443e-12,20,2025-05-23 00:00,2025-05-23 00:00,2025-05-03|2025-05-04|2025-05-05|2025-05-06|2025-05-07|2025-05-08|2025-05-09|2025-05-10|2025-05-11|2025-05-12|2025-05-13|2025-05-14|2025-05-15|2025-05-16|2025-05-17|2025-05-18|2025-05-19|2025-05-20|2025-05-21|2025-05-22,144
q3,S2,2025-05-23,6,highs-ipm,0.07790491699415725,7769.882183018852,3.410605131648481e-13,1.0231815394945443e-12,20,2025-05-23 06:00,2025-05-23 06:00,2025-05-03|2025-05-04|2025-05-05|2025-05-06|2025-05-07|2025-05-08|2025-05-09|2025-05-10|2025-05-11|2025-05-12|2025-05-13|2025-05-14|2025-05-15|2025-05-16|2025-05-17|2025-05-18|2025-05-19|2025-05-20|2025-05-21|2025-05-22,144
q3,S2,2025-05-23,12,highs-ipm,0.0767252079967875,7014.628654809364,1.1368683772161603e-13,9.094947017729282e-13,20,2025-05-23 12:00,2025-05-23 12:00,2025-05-03|2025-05-04|2025-05-05|2025-05-06|2025-05-07|2025-05-08|2025-05-09|2025-05-10|2025-05-11|2025-05-12|2025-05-13|2025-05-14|2025-05-15|2025-05-16|2025-05-17|2025-05-18|2025-05-19|2025-05-20|2025-05-21|2025-05-22,144
q3,S2,2025-05-24,0,highs-ipm,0.06382337499962887,885.7799856305927,6.679101716144942e-13,9.094947017729282e-13,20,2025-05-24 00:00,2025-05-24 00:00,2025-05-04|2025-05-05|2025-05-06|2025-05-07|2025-05-08|2025-05-09|2025-05-10|2025-05-11|2025-05-12|2025-05-13|2025-05-14|2025-05-15|2025-05-16|2025-05-17|2025-05-18|2025-05-19|2025-05-20|2025-05-21|2025-05-22|2025-05-23,144
q3,S2,2025-05-24,6,highs-ipm,0.07136362500023097,10293.637935226863,1.1368683772161603e-12,9.094947017729282e-13,20,2025-05-24 06:00,2025-05-24 06:00,2025-05-04|2025-05-05|2025-05-06|2025-05-07|2025-05-08|2025-05-09|2025-05-10|2025-05-11|2025-05-12|2025-05-13|2025-05-14|2025-05-15|2025-05-16|2025-05-17|2025-05-18|2025-05-19|2025-05-20|2025-05-21|2025-05-22|2025-05-23,144
q3,S2,2025-05-24,12,highs-ipm,0.07364641700405627,14655.56378764239,1.1368683772161603e-12,9.094947017729282e-13,20,2025-05-24 12:00,2025-05-24 12:00,2025-05-04|2025-05-05|2025-05-06|2025-05-07|2025-05-08|2025-05-09|2025-05-10|2025-05-11|2025-05-12|2025-05-13|2025-05-14|2025-05-15|2025-05-16|2025-05-17|2025-05-18|2025-05-19|2025-05-20|2025-05-21|2025-05-22|2025-05-23,144
q3,S2,2025-05-25,0,highs-ipm,0.060738791995390784,1979.6366616489252,1.1368683772161603e-13,9.094947017729282e-13,20,2025-05-25 00:00,2025-05-25 00:00,2025-05-05|2025-05-06|2025-05-07|2025-05-08|2025-05-09|2025-05-10|2025-05-11|2025-05-12|2025-05-13|2025-05-14|2025-05-15|2025-05-16|2025-05-17|2025-05-18|2025-05-19|2025-05-20|2025-05-21|2025-05-22|2025-05-23|2025-05-24,144
q3,S2,2025-05-25,6,highs-ipm,0.07014608299505198,10474.549905082582,2.2737367544323206e-13,8.633094239485217e-13,20,2025-05-25 06:00,2025-05-25 06:00,2025-05-05|2025-05-06|2025-05-07|2025-05-08|2025-05-09|2025-05-10|2025-05-11|2025-05-12|2025-05-13|2025-05-14|2025-05-15|2025-05-16|2025-05-17|2025-05-18|2025-05-19|2025-05-20|2025-05-21|2025-05-22|2025-05-23|2025-05-24,144
q3,S2,2025-05-25,12,highs-ipm,0.08299383300618501,27603.100729403795,2.2737367544323206e-13,9.094947017729282e-13,20,2025-05-25 12:00,2025-05-25 12:00,2025-05-05|2025-05-06|2025-05-07|2025-05-08|2025-05-09|2025-05-10|2025-05-11|2025-05-12|2025-05-13|2025-05-14|2025-05-15|2025-05-16|2025-05-17|2025-05-18|2025-05-19|2025-05-20|2025-05-21|2025-05-22|2025-05-23|2025-05-24,144
q3,S2,2025-05-26,0,highs-ipm,0.06068112499633571,1956.9018962497596,2.2737367544323206e-13,7.958078640513122e-13,20,2025-05-26 00:00,2025-05-26 00:00,2025-05-06|2025-05-07|2025-05-08|2025-05-09|2025-05-10|2025-05-11|2025-05-12|2025-05-13|2025-05-14|2025-05-15|2025-05-16|2025-05-17|2025-05-18|2025-05-19|2025-05-20|2025-05-21|2025-05-22|2025-05-23|2025-05-24|2025-05-25,144
q3,S2,2025-05-26,6,highs-ipm,0.06965641699935077,12762.526970528177,1.1368683772161603e-13,9.094947017729282e-13,20,2025-05-26 06:00,2025-05-26 06:00,2025-05-06|2025-05-07|2025-05-08|2025-05-09|2025-05-10|2025-05-11|2025-05-12|2025-05-13|2025-05-14|2025-05-15|2025-05-16|2025-05-17|2025-05-18|2025-05-19|2025-05-20|2025-05-21|2025-05-22|2025-05-23|2025-05-24|2025-05-25,144
q3,S2,2025-05-26,12,highs-ipm,0.06472279199806508,15494.528748099618,1.1368683772161603e-13,9.094947017729282e-13,20,2025-05-26 12:00,2025-05-26 12:00,2025-05-06|2025-05-07|2025-05-08|2025-05-09|2025-05-10|2025-05-11|2025-05-12|2025-05-13|2025-05-14|2025-05-15|2025-05-16|2025-05-17|2025-05-18|2025-05-19|2025-05-20|2025-05-21|2025-05-22|2025-05-23|2025-05-24|2025-05-25,144
q3,S2,2025-05-27,0,highs-ipm,0.05836512499809032,1673.7807458840878,1.1368683772161603e-13,9.094947017729282e-13,20,2025-05-27 00:00,2025-05-27 00:00,2025-05-07|2025-05-08|2025-05-09|2025-05-10|2025-05-11|2025-05-12|2025-05-13|2025-05-14|2025-05-15|2025-05-16|2025-05-17|2025-05-18|2025-05-19|2025-05-20|2025-05-21|2025-05-22|2025-05-23|2025-05-24|2025-05-25|2025-05-26,144
q3,S2,2025-05-27,6,highs-ipm,0.06957991700619459,14357.212335857983,1.1368683772161603e-13,8.952838470577262e-13,20,2025-05-27 06:00,2025-05-27 06:00,2025-05-07|2025-05-08|2025-05-09|2025-05-10|2025-05-11|2025-05-12|2025-05-13|2025-05-14|2025-05-15|2025-05-16|2025-05-17|2025-05-18|2025-05-19|2025-05-20|2025-05-21|2025-05-22|2025-05-23|2025-05-24|2025-05-25|2025-05-26,144
q3,S2,2025-05-27,12,highs-ipm,0.07191033299750416,17658.204034075967,1.1368683772161603e-13,9.094947017729282e-13,20,2025-05-27 12:00,2025-05-27 12:00,2025-05-07|2025-05-08|2025-05-09|2025-05-10|2025-05-11|2025-05-12|2025-05-13|2025-05-14|2025-05-15|2025-05-16|2025-05-17|2025-05-18|2025-05-19|2025-05-20|2025-05-21|2025-05-22|2025-05-23|2025-05-24|2025-05-25|2025-05-26,144
q3,S2,2025-05-28,0,highs-ipm,0.055944334002560936,2027.7491021198919,2.2737367544323206e-13,9.094947017729282e-13,20,2025-05-28 00:00,2025-05-28 00:00,2025-05-08|2025-05-09|2025-05-10|2025-05-11|2025-05-12|2025-05-13|2025-05-14|2025-05-15|2025-05-16|2025-05-17|2025-05-18|2025-05-19|2025-05-20|2025-05-21|2025-05-22|2025-05-23|2025-05-24|2025-05-25|2025-05-26|2025-05-27,144
q3,S2,2025-05-28,6,highs-ipm,0.0831847090012161,10496.836633453544,2.2737367544323206e-13,8.881784197001252e-13,20,2025-05-28 06:00,2025-05-28 06:00,2025-05-08|2025-05-09|2025-05-10|2025-05-11|2025-05-12|2025-05-13|2025-05-14|2025-05-15|2025-05-16|2025-05-17|2025-05-18|2025-05-19|2025-05-20|2025-05-21|2025-05-22|2025-05-23|2025-05-24|2025-05-25|2025-05-26|2025-05-27,144
q3,S2,2025-05-28,12,highs-ipm,0.07399229199654656,22575.344327026243,2.2737367544323206e-13,9.094947017729282e-13,20,2025-05-28 12:00,2025-05-28 12:00,2025-05-08|2025-05-09|2025-05-10|2025-05-11|2025-05-12|2025-05-13|2025-05-14|2025-05-15|2025-05-16|2025-05-17|2025-05-18|2025-05-19|2025-05-20|2025-05-21|2025-05-22|2025-05-23|2025-05-24|2025-05-25|2025-05-26|2025-05-27,144
q3,S2,2025-05-29,0,highs-ipm,0.06027841699687997,1907.8609913291857,2.8421709430404007e-13,9.094947017729282e-13,20,2025-05-29 00:00,2025-05-29 00:00,2025-05-09|2025-05-10|2025-05-11|2025-05-12|2025-05-13|2025-05-14|2025-05-15|2025-05-16|2025-05-17|2025-05-18|2025-05-19|2025-05-20|2025-05-21|2025-05-22|2025-05-23|2025-05-24|2025-05-25|2025-05-26|2025-05-27|2025-05-28,144
q3,S2,2025-05-29,6,highs-ipm,0.07109070799924666,10037.907565468337,1.1368683772161603e-13,8.846257060213247e-13,20,2025-05-29 06:00,2025-05-29 06:00,2025-05-09|2025-05-10|2025-05-11|2025-05-12|2025-05-13|2025-05-14|2025-05-15|2025-05-16|2025-05-17|2025-05-18|2025-05-19|2025-05-20|2025-05-21|2025-05-22|2025-05-23|2025-05-24|2025-05-25|2025-05-26|2025-05-27|2025-05-28,144
q3,S2,2025-05-29,12,highs-ipm,0.07739591599965934,6481.822623251156,1.1368683772161603e-13,8.881784197001252e-13,20,2025-05-29 12:00,2025-05-29 12:00,2025-05-09|2025-05-10|2025-05-11|2025-05-12|2025-05-13|2025-05-14|2025-05-15|2025-05-16|2025-05-17|2025-05-18|2025-05-19|2025-05-20|2025-05-21|2025-05-22|2025-05-23|2025-05-24|2025-05-25|2025-05-26|2025-05-27|2025-05-28,144
q3,S2,2025-05-30,0,highs-ipm,0.06290037500002654,1015.5906285755884,5.684341886080802e-14,9.094947017729282e-13,20,2025-05-30 00:00,2025-05-30 00:00,2025-05-10|2025-05-11|2025-05-12|2025-05-13|2025-05-14|2025-05-15|2025-05-16|2025-05-17|2025-05-18|2025-05-19|2025-05-20|2025-05-21|2025-05-22|2025-05-23|2025-05-24|2025-05-25|2025-05-26|2025-05-27|2025-05-28|2025-05-29,144
q3,S2,2025-05-30,6,highs-ipm,0.07002125000144588,7750.058106411597,2.2737367544323206e-13,9.094947017729282e-13,20,2025-05-30 06:00,2025-05-30 06:00,2025-05-10|2025-05-11|2025-05-12|2025-05-13|2025-05-14|2025-05-15|2025-05-16|2025-05-17|2025-05-18|2025-05-19|2025-05-20|2025-05-21|2025-05-22|2025-05-23|2025-05-24|2025-05-25|2025-05-26|2025-05-27|2025-05-28|2025-05-29,144
q3,S2,2025-05-30,12,highs-ipm,0.07639720899896929,6878.8649476652645,5.684341886080802e-14,9.094947017729282e-13,20,2025-05-30 12:00,2025-05-30 12:00,2025-05-10|2025-05-11|2025-05-12|2025-05-13|2025-05-14|2025-05-15|2025-05-16|2025-05-17|2025-05-18|2025-05-19|2025-05-20|2025-05-21|2025-05-22|2025-05-23|2025-05-24|2025-05-25|2025-05-26|2025-05-27|2025-05-28|2025-05-29,144
q3,S2,2025-05-31,0,highs-ipm,0.06439208299707389,1076.5628398042122,2.2737367544323206e-13,7.958078640513122e-13,20,2025-05-31 00:00,2025-05-31 00:00,2025-05-11|2025-05-12|2025-05-13|2025-05-14|2025-05-15|2025-05-16|2025-05-17|2025-05-18|2025-05-19|2025-05-20|2025-05-21|2025-05-22|2025-05-23|2025-05-24|2025-05-25|2025-05-26|2025-05-27|2025-05-28|2025-05-29|2025-05-30,144
q3,S2,2025-05-31,6,highs-ipm,0.07461749999492895,9958.511230525291,2.2737367544323206e-13,8.419931418757187e-13,20,2025-05-31 06:00,2025-05-31 06:00,2025-05-11|2025-05-12|2025-05-13|2025-05-14|2025-05-15|2025-05-16|2025-05-17|2025-05-18|2025-05-19|2025-05-20|2025-05-21|2025-05-22|2025-05-23|2025-05-24|2025-05-25|2025-05-26|2025-05-27|2025-05-28|2025-05-29|2025-05-30,144
q3,S2,2025-05-31,12,highs-ipm,0.08052925000083633,16656.995816139268,2.2737367544323206e-13,9.094947017729282e-13,20,2025-05-31 12:00,2025-05-31 12:00,2025-05-11|2025-05-12|2025-05-13|2025-05-14|2025-05-15|2025-05-16|2025-05-17|2025-05-18|2025-05-19|2025-05-20|2025-05-21|2025-05-22|2025-05-23|2025-05-24|2025-05-25|2025-05-26|2025-05-27|2025-05-28|2025-05-29|2025-05-30,144
q3,S2,2025-06-01,0,highs-ipm,0.055495916996733285,2253.197486257554,2.2737367544323206e-13,9.094947017729282e-13,20,2025-06-01 00:00,2025-06-01 00:00,2025-05-12|2025-05-13|2025-05-14|2025-05-15|2025-05-16|2025-05-17|2025-05-18|2025-05-19|2025-05-20|2025-05-21|2025-05-22|2025-05-23|2025-05-24|2025-05-25|2025-05-26|2025-05-27|2025-05-28|2025-05-29|2025-05-30|2025-05-31,144
q3,S2,2025-06-01,6,highs-ipm,0.073721166998439,9469.57444542843,1.1368683772161603e-13,9.094947017729282e-13,20,2025-06-01 06:00,2025-06-01 06:00,2025-05-12|2025-05-13|2025-05-14|2025-05-15|2025-05-16|2025-05-17|2025-05-18|2025-05-19|2025-05-20|2025-05-21|2025-05-22|2025-05-23|2025-05-24|2025-05-25|2025-05-26|2025-05-27|2025-05-28|2025-05-29|2025-05-30|2025-05-31,144
q3,S2,2025-06-01,12,highs-ipm,0.07207520800147904,12993.095505321477,3.410605131648481e-13,9.094947017729282e-13,20,2025-06-01 12:00,2025-06-01 12:00,2025-05-12|2025-05-13|2025-05-14|2025-05-15|2025-05-16|2025-05-17|2025-05-18|2025-05-19|2025-05-20|2025-05-21|2025-05-22|2025-05-23|2025-05-24|2025-05-25|2025-05-26|2025-05-27|2025-05-28|2025-05-29|2025-05-30|2025-05-31,144
q3,S2,2025-06-02,0,highs-ipm,0.0545499159998144,2511.029881739302,8.526512829121202e-13,7.958078640513122e-13,20,2025-06-02 00:00,2025-06-02 00:00,2025-05-13|2025-05-14|2025-05-15|2025-05-16|2025-05-17|2025-05-18|2025-05-19|2025-05-20|2025-05-21|2025-05-22|2025-05-23|2025-05-24|2025-05-25|2025-05-26|2025-05-27|2025-05-28|2025-05-29|2025-05-30|2025-05-31|2025-06-01,144
q3,S2,2025-06-02,6,highs-ipm,0.07460941599856596,7393.735306270139,2.2737367544323206e-13,7.958078640513122e-13,20,2025-06-02 06:00,2025-06-02 06:00,2025-05-13|2025-05-14|2025-05-15|2025-05-16|2025-05-17|2025-05-18|2025-05-19|2025-05-20|2025-05-21|2025-05-22|2025-05-23|2025-05-24|2025-05-25|2025-05-26|2025-05-27|2025-05-28|2025-05-29|2025-05-30|2025-05-31|2025-06-01,144
q3,S2,2025-06-02,12,highs-ipm,0.07421870800317265,15408.553493794909,2.2737367544323206e-13,8.810729923425242e-13,20,2025-06-02 12:00,2025-06-02 12:00,2025-05-13|2025-05-14|2025-05-15|2025-05-16|2025-05-17|2025-05-18|2025-05-19|2025-05-20|2025-05-21|2025-05-22|2025-05-23|2025-05-24|2025-05-25|2025-05-26|2025-05-27|2025-05-28|2025-05-29|2025-05-30|2025-05-31|2025-06-01,144
q3,S2,2025-06-03,0,highs-ipm,0.05351295899890829,2737.4838586807186,1.1368683772161603e-13,9.094947017729282e-13,20,2025-06-03 00:00,2025-06-03 00:00,2025-05-14|2025-05-15|2025-05-16|2025-05-17|2025-05-18|2025-05-19|2025-05-20|2025-05-21|2025-05-22|2025-05-23|2025-05-24|2025-05-25|2025-05-26|2025-05-27|2025-05-28|2025-05-29|2025-05-30|2025-05-31|2025-06-01|2025-06-02,144
q3,S2,2025-06-03,6,highs-ipm,0.07811983399733435,13459.770529929308,1.1368683772161603e-13,7.815970093361102e-13,20,2025-06-03 06:00,2025-06-03 06:00,2025-05-14|2025-05-15|2025-05-16|2025-05-17|2025-05-18|2025-05-19|2025-05-20|2025-05-21|2025-05-22|2025-05-23|2025-05-24|2025-05-25|2025-05-26|2025-05-27|2025-05-28|2025-05-29|2025-05-30|2025-05-31|2025-06-01|2025-06-02,144
q3,S2,2025-06-03,12,highs-ipm,0.07532358299795305,18967.649248111607,1.1368683772161603e-13,8.348877145181177e-13,20,2025-06-03 12:00,2025-06-03 12:00,2025-05-14|2025-05-15|2025-05-16|2025-05-17|2025-05-18|2025-05-19|2025-05-20|2025-05-21|2025-05-22|2025-05-23|2025-05-24|2025-05-25|2025-05-26|2025-05-27|2025-05-28|2025-05-29|2025-05-30|2025-05-31|2025-06-01|2025-06-02,144
q3,S2,2025-06-04,0,highs-ipm,0.053271167002094444,2985.790505992986,2.2737367544323206e-13,9.094947017729282e-13,20,2025-06-04 00:00,2025-06-04 00:00,2025-05-15|2025-05-16|2025-05-17|2025-05-18|2025-05-19|2025-05-20|2025-05-21|2025-05-22|2025-05-23|2025-05-24|2025-05-25|2025-05-26|2025-05-27|2025-05-28|2025-05-29|2025-05-30|2025-05-31|2025-06-01|2025-06-02|2025-06-03,144
q3,S2,2025-06-04,6,highs-ipm,0.07447341599618085,5918.3230858989045,2.2737367544323206e-13,9.094947017729282e-13,20,2025-06-04 06:00,2025-06-04 06:00,2025-05-15|2025-05-16|2025-05-17|2025-05-18|2025-05-19|2025-05-20|2025-05-21|2025-05-22|2025-05-23|2025-05-24|2025-05-25|2025-05-26|2025-05-27|2025-05-28|2025-05-29|2025-05-30|2025-05-31|2025-06-01|2025-06-02|2025-06-03,144
q3,S2,2025-06-04,12,highs-ipm,0.07369312500668457,16442.477639242476,2.2737367544323206e-13,9.094947017729282e-13,20,2025-06-04 12:00,2025-06-04 12:00,2025-05-15|2025-05-16|2025-05-17|2025-05-18|2025-05-19|2025-05-20|2025-05-21|2025-05-22|2025-05-23|2025-05-24|2025-05-25|2025-05-26|2025-05-27|2025-05-28|2025-05-29|2025-05-30|2025-05-31|2025-06-01|2025-06-02|2025-06-03,144
q3,S2,2025-06-05,0,highs-ipm,0.05035691700322786,2820.1414274602594,1.1368683772161603e-13,8.526512829121202e-13,20,2025-06-05 00:00,2025-06-05 00:00,2025-05-16|2025-05-17|2025-05-18|2025-05-19|2025-05-20|2025-05-21|2025-05-22|2025-05-23|2025-05-24|2025-05-25|2025-05-26|2025-05-27|2025-05-28|2025-05-29|2025-05-30|2025-05-31|2025-06-01|2025-06-02|2025-06-03|2025-06-04,144
q3,S2,2025-06-05,6,highs-ipm,0.07179454099969007,10642.434760018767,2.2737367544323206e-13,9.663381206337363e-13,20,2025-06-05 06:00,2025-06-05 06:00,2025-05-16|2025-05-17|2025-05-18|2025-05-19|2025-05-20|2025-05-21|2025-05-22|2025-05-23|2025-05-24|2025-05-25|2025-05-26|2025-05-27|2025-05-28|2025-05-29|2025-05-30|2025-05-31|2025-06-01|2025-06-02|2025-06-03|2025-06-04,144
q3,S2,2025-06-05,12,highs-ipm,0.07582458300021244,9941.109107255807,2.2737367544323206e-13,8.526512829121202e-13,20,2025-06-05 12:00,2025-06-05 12:00,2025-05-16|2025-05-17|2025-05-18|2025-05-19|2025-05-20|2025-05-21|2025-05-22|2025-05-23|2025-05-24|2025-05-25|2025-05-26|2025-05-27|2025-05-28|2025-05-29|2025-05-30|2025-05-31|2025-06-01|2025-06-02|2025-06-03|2025-06-04,144
q3,S2,2025-06-06,0,highs-ipm,0.05342979200213449,2239.566601961258,1.1368683772161603e-13,7.958078640513122e-13,20,2025-06-06 00:00,2025-06-06 00:00,2025-05-17|2025-05-18|2025-05-19|2025-05-20|2025-05-21|2025-05-22|2025-05-23|2025-05-24|2025-05-25|2025-05-26|2025-05-27|2025-05-28|2025-05-29|2025-05-30|2025-05-31|2025-06-01|2025-06-02|2025-06-03|2025-06-04|2025-06-05,144
q3,S2,2025-06-06,6,highs-ipm,0.08107866699720034,8363.437166096626,1.8189894035458565e-12,8.926193117986259e-13,20,2025-06-06 06:00,2025-06-06 06:00,2025-05-17|2025-05-18|2025-05-19|2025-05-20|2025-05-21|2025-05-22|2025-05-23|2025-05-24|2025-05-25|2025-05-26|2025-05-27|2025-05-28|2025-05-29|2025-05-30|2025-05-31|2025-06-01|2025-06-02|2025-06-03|2025-06-04|2025-06-05,144
q3,S2,2025-06-06,12,highs-ipm,0.06898541600094177,6988.0729570684725,1.1368683772161603e-13,9.094947017729282e-13,20,2025-06-06 12:00,2025-06-06 12:00,2025-05-17|2025-05-18|2025-05-19|2025-05-20|2025-05-21|2025-05-22|2025-05-23|2025-05-24|2025-05-25|2025-05-26|2025-05-27|2025-05-28|2025-05-29|2025-05-30|2025-05-31|2025-06-01|2025-06-02|2025-06-03|2025-06-04|2025-06-05,144
q3,S2,2025-06-07,0,highs-ipm,0.0571815829971456,2182.1100706760963,1.1368683772161603e-13,8.526512829121202e-13,20,2025-06-07 00:00,2025-06-07 00:00,2025-05-18|2025-05-19|2025-05-20|2025-05-21|2025-05-22|2025-05-23|2025-05-24|2025-05-25|2025-05-26|2025-05-27|2025-05-28|2025-05-29|2025-05-30|2025-05-31|2025-06-01|2025-06-02|2025-06-03|2025-06-04|2025-06-05|2025-06-06,144
q3,S2,2025-06-07,6,highs-ipm,0.0782297500045388,10997.573853828848,1.4779288903810084e-12,8.952838470577262e-13,20,2025-06-07 06:00,2025-06-07 06:00,2025-05-18|2025-05-19|2025-05-20|2025-05-21|2025-05-22|2025-05-23|2025-05-24|2025-05-25|2025-05-26|2025-05-27|2025-05-28|2025-05-29|2025-05-30|2025-05-31|2025-06-01|2025-06-02|2025-06-03|2025-06-04|2025-06-05|2025-06-06,144
q3,S2,2025-06-07,12,highs-ipm,0.07466883400047664,16078.790429061351,1.7763568394002505e-15,9.094947017729282e-13,20,2025-06-07 12:00,2025-06-07 12:00,2025-05-18|2025-05-19|2025-05-20|2025-05-21|2025-05-22|2025-05-23|2025-05-24|2025-05-25|2025-05-26|2025-05-27|2025-05-28|2025-05-29|2025-05-30|2025-05-31|2025-06-01|2025-06-02|2025-06-03|2025-06-04|2025-06-05|2025-06-06,144
q3,S2,2025-06-08,0,highs-ipm,0.051099083000735845,2520.3991443383134,1.1368683772161603e-13,9.094947017729282e-13,20,2025-06-08 00:00,2025-06-08 00:00,2025-05-19|2025-05-20|2025-05-21|2025-05-22|2025-05-23|2025-05-24|2025-05-25|2025-05-26|2025-05-27|2025-05-28|2025-05-29|2025-05-30|2025-05-31|2025-06-01|2025-06-02|2025-06-03|2025-06-04|2025-06-05|2025-06-06|2025-06-07,144
q3,S2,2025-06-08,6,highs-ipm,0.07395341699884739,13501.768255598074,1.1368683772161603e-13,9.094947017729282e-13,20,2025-06-08 06:00,2025-06-08 06:00,2025-05-19|2025-05-20|2025-05-21|2025-05-22|2025-05-23|2025-05-24|2025-05-25|2025-05-26|2025-05-27|2025-05-28|2025-05-29|2025-05-30|2025-05-31|2025-06-01|2025-06-02|2025-06-03|2025-06-04|2025-06-05|2025-06-06|2025-06-07,144
q3,S2,2025-06-08,12,highs-ipm,0.07056595899484819,17997.153609553636,1.1368683772161603e-13,8.810729923425242e-13,20,2025-06-08 12:00,2025-06-08 12:00,2025-05-19|2025-05-20|2025-05-21|2025-05-22|2025-05-23|2025-05-24|2025-05-25|2025-05-26|2025-05-27|2025-05-28|2025-05-29|2025-05-30|2025-05-31|2025-06-01|2025-06-02|2025-06-03|2025-06-04|2025-06-05|2025-06-06|2025-06-07,144
q3,S2,2025-06-09,0,highs-ipm,0.056188040995039046,2658.061994629576,8.526512829121202e-13,8.526512829121202e-13,20,2025-06-09 00:00,2025-06-09 00:00,2025-05-20|2025-05-21|2025-05-22|2025-05-23|2025-05-24|2025-05-25|2025-05-26|2025-05-27|2025-05-28|2025-05-29|2025-05-30|2025-05-31|2025-06-01|2025-06-02|2025-06-03|2025-06-04|2025-06-05|2025-06-06|2025-06-07|2025-06-08,144
q3,S2,2025-06-09,6,highs-ipm,0.06861729200318223,10049.960193684015,2.2737367544323206e-13,8.668621376273222e-13,20,2025-06-09 06:00,2025-06-09 06:00,2025-05-20|2025-05-21|2025-05-22|2025-05-23|2025-05-24|2025-05-25|2025-05-26|2025-05-27|2025-05-28|2025-05-29|2025-05-30|2025-05-31|2025-06-01|2025-06-02|2025-06-03|2025-06-04|2025-06-05|2025-06-06|2025-06-07|2025-06-08,144
q3,S2,2025-06-09,12,highs-ipm,0.07148274999781279,27169.846153222756,1.1368683772161603e-13,9.094947017729282e-13,20,2025-06-09 12:00,2025-06-09 12:00,2025-05-20|2025-05-21|2025-05-22|2025-05-23|2025-05-24|2025-05-25|2025-05-26|2025-05-27|2025-05-28|2025-05-29|2025-05-30|2025-05-31|2025-06-01|2025-06-02|2025-06-03|2025-06-04|2025-06-05|2025-06-06|2025-06-07|2025-06-08,144
q3,S2,2025-06-10,0,highs-ipm,0.05488962499657646,2558.532070313928,2.2737367544323206e-13,9.094947017729282e-13,20,2025-06-10 00:00,2025-06-10 00:00,2025-05-21|2025-05-22|2025-05-23|2025-05-24|2025-05-25|2025-05-26|2025-05-27|2025-05-28|2025-05-29|2025-05-30|2025-05-31|2025-06-01|2025-06-02|2025-06-03|2025-06-04|2025-06-05|2025-06-06|2025-06-07|2025-06-08|2025-06-09,144
q3,S2,2025-06-10,6,highs-ipm,0.07057170800544554,12831.300637998267,2.2737367544323206e-13,8.419931418757187e-13,20,2025-06-10 06:00,2025-06-10 06:00,2025-05-21|2025-05-22|2025-05-23|2025-05-24|2025-05-25|2025-05-26|2025-05-27|2025-05-28|2025-05-29|2025-05-30|2025-05-31|2025-06-01|2025-06-02|2025-06-03|2025-06-04|2025-06-05|2025-06-06|2025-06-07|2025-06-08|2025-06-09,144
q3,S2,2025-06-10,12,highs-ipm,0.0736684579969733,30659.113984406285,2.2737367544323206e-13,8.526512829121202e-13,20,2025-06-10 12:00,2025-06-10 12:00,2025-05-21|2025-05-22|2025-05-23|2025-05-24|2025-05-25|2025-05-26|2025-05-27|2025-05-28|2025-05-29|2025-05-30|2025-05-31|2025-06-01|2025-06-02|2025-06-03|2025-06-04|2025-06-05|2025-06-06|2025-06-07|2025-06-08|2025-06-09,144
q3,S2,2025-06-11,0,highs-ipm,0.0509755410021171,2728.3150696690495,2.2737367544323206e-13,7.958078640513122e-13,20,2025-06-11 00:00,2025-06-11 00:00,2025-05-22|2025-05-23|2025-05-24|2025-05-25|2025-05-26|2025-05-27|2025-05-28|2025-05-29|2025-05-30|2025-05-31|2025-06-01|2025-06-02|2025-06-03|2025-06-04|2025-06-05|2025-06-06|2025-06-07|2025-06-08|2025-06-09|2025-06-10,144
q3,S2,2025-06-11,6,highs-ipm,0.07138216699968325,13991.190191212529,2.2737367544323206e-13,9.094947017729282e-13,20,2025-06-11 06:00,2025-06-11 06:00,2025-05-22|2025-05-23|2025-05-24|2025-05-25|2025-05-26|2025-05-27|2025-05-28|2025-05-29|2025-05-30|2025-05-31|2025-06-01|2025-06-02|2025-06-03|2025-06-04|2025-06-05|2025-06-06|2025-06-07|2025-06-08|2025-06-09|2025-06-10,144
q3,S2,2025-06-11,12,highs-ipm,0.07062254199991003,21932.202361609652,1.1368683772161603e-13,9.094947017729282e-13,20,2025-06-11 12:00,2025-06-11 12:00,2025-05-22|2025-05-23|2025-05-24|2025-05-25|2025-05-26|2025-05-27|2025-05-28|2025-05-29|2025-05-30|2025-05-31|2025-06-01|2025-06-02|2025-06-03|2025-06-04|2025-06-05|2025-06-06|2025-06-07|2025-06-08|2025-06-09|2025-06-10,144
q3,S2,2025-06-12,0,highs-ipm,0.04828791600448312,2899.7382737202056,2.8421709430404007e-13,7.958078640513122e-13,20,2025-06-12 00:00,2025-06-12 00:00,2025-05-23|2025-05-24|2025-05-25|2025-05-26|2025-05-27|2025-05-28|2025-05-29|2025-05-30|2025-05-31|2025-06-01|2025-06-02|2025-06-03|2025-06-04|2025-06-05|2025-06-06|2025-06-07|2025-06-08|2025-06-09|2025-06-10|2025-06-11,144
q3,S2,2025-06-12,6,highs-ipm,0.07357999999658205,10771.990894839453,2.2737367544323206e-13,9.094947017729282e-13,20,2025-06-12 06:00,2025-06-12 06:00,2025-05-23|2025-05-24|2025-05-25|2025-05-26|2025-05-27|2025-05-28|2025-05-29|2025-05-30|2025-05-31|2025-06-01|2025-06-02|2025-06-03|2025-06-04|2025-06-05|2025-06-06|2025-06-07|2025-06-08|2025-06-09|2025-06-10|2025-06-11,144
q3,S2,2025-06-12,12,highs-ipm,0.07080029200005811,15164.295770798479,2.2737367544323206e-13,9.094947017729282e-13,20,2025-06-12 12:00,2025-06-12 12:00,2025-05-23|2025-05-24|2025-05-25|2025-05-26|2025-05-27|2025-05-28|2025-05-29|2025-05-30|2025-05-31|2025-06-01|2025-06-02|2025-06-03|2025-06-04|2025-06-05|2025-06-06|2025-06-07|2025-06-08|2025-06-09|2025-06-10|2025-06-11,144
q3,S2,2025-06-13,0,highs-ipm,0.057071333001658786,1941.4780402603767,1.2505552149377763e-12,8.810729923425242e-13,20,2025-06-13 00:00,2025-06-13 00:00,2025-05-24|2025-05-25|2025-05-26|2025-05-27|2025-05-28|2025-05-29|2025-05-30|2025-05-31|2025-06-01|2025-06-02|2025-06-03|2025-06-04|2025-06-05|2025-06-06|2025-06-07|2025-06-08|2025-06-09|2025-06-10|2025-06-11|2025-06-12,144
q3,S2,2025-06-13,6,highs-ipm,0.07373258300503949,8680.11562533635,1.1368683772161603e-13,8.526512829121202e-13,20,2025-06-13 06:00,2025-06-13 06:00,2025-05-24|2025-05-25|2025-05-26|2025-05-27|2025-05-28|2025-05-29|2025-05-30|2025-05-31|2025-06-01|2025-06-02|2025-06-03|2025-06-04|2025-06-05|2025-06-06|2025-06-07|2025-06-08|2025-06-09|2025-06-10|2025-06-11|2025-06-12,144
q3,S2,2025-06-13,12,highs-ipm,0.07156045900046593,7542.495383276881,1.1368683772161603e-13,8.526512829121202e-13,20,2025-06-13 12:00,2025-06-13 12:00,2025-05-24|2025-05-25|2025-05-26|2025-05-27|2025-05-28|2025-05-29|2025-05-30|2025-05-31|2025-06-01|2025-06-02|2025-06-03|2025-06-04|2025-06-05|2025-06-06|2025-06-07|2025-06-08|2025-06-09|2025-06-10|2025-06-11|2025-06-12,144
q3,S2,2025-06-14,0,highs-ipm,0.05735291699966183,1948.595938274542,2.2737367544323206e-13,8.881784197001252e-13,20,2025-06-14 00:00,2025-06-14 00:00,2025-05-25|2025-05-26|2025-05-27|2025-05-28|2025-05-29|2025-05-30|2025-05-31|2025-06-01|2025-06-02|2025-06-03|2025-06-04|2025-06-05|2025-06-06|2025-06-07|2025-06-08|2025-06-09|2025-06-10|2025-06-11|2025-06-12|2025-06-13,144
q3,S2,2025-06-14,6,highs-ipm,0.08028483299858635,11916.165853337927,5.684341886080802e-14,9.094947017729282e-13,20,2025-06-14 06:00,2025-06-14 06:00,2025-05-25|2025-05-26|2025-05-27|2025-05-28|2025-05-29|2025-05-30|2025-05-31|2025-06-01|2025-06-02|2025-06-03|2025-06-04|2025-06-05|2025-06-06|2025-06-07|2025-06-08|2025-06-09|2025-06-10|2025-06-11|2025-06-12|2025-06-13,144
q3,S2,2025-06-14,12,highs-ipm,0.0737376669931109,17171.71176769102,5.684341886080802e-14,9.094947017729282e-13,20,2025-06-14 12:00,2025-06-14 12:00,2025-05-25|2025-05-26|2025-05-27|2025-05-28|2025-05-29|2025-05-30|2025-05-31|2025-06-01|2025-06-02|2025-06-03|2025-06-04|2025-06-05|2025-06-06|2025-06-07|2025-06-08|2025-06-09|2025-06-10|2025-06-11|2025-06-12|2025-06-13,144
q3,S2,2025-06-15,0,highs-ipm,0.05316954099544091,2731.526433256239,2.2737367544323206e-13,7.958078640513122e-13,20,2025-06-15 00:00,2025-06-15 00:00,2025-05-26|2025-05-27|2025-05-28|2025-05-29|2025-05-30|2025-05-31|2025-06-01|2025-06-02|2025-06-03|2025-06-04|2025-06-05|2025-06-06|2025-06-07|2025-06-08|2025-06-09|2025-06-10|2025-06-11|2025-06-12|2025-06-13|2025-06-14,144
q3,S2,2025-06-15,6,highs-ipm,0.07444716600002721,16367.82487124473,1.1368683772161603e-13,9.094947017729282e-13,20,2025-06-15 06:00,2025-06-15 06:00,2025-05-26|2025-05-27|2025-05-28|2025-05-29|2025-05-30|2025-05-31|2025-06-01|2025-06-02|2025-06-03|2025-06-04|2025-06-05|2025-06-06|2025-06-07|2025-06-08|2025-06-09|2025-06-10|2025-06-11|2025-06-12|2025-06-13|2025-06-14,144
q3,S2,2025-06-15,12,highs-ipm,0.07380054199893493,25807.595698072222,2.2737367544323206e-13,9.094947017729282e-13,20,2025-06-15 12:00,2025-06-15 12:00,2025-05-26|2025-05-27|2025-05-28|2025-05-29|2025-05-30|2025-05-31|2025-06-01|2025-06-02|2025-06-03|2025-06-04|2025-06-05|2025-06-06|2025-06-07|2025-06-08|2025-06-09|2025-06-10|2025-06-11|2025-06-12|2025-06-13|2025-06-14,144
q3,S2,2025-06-16,0,highs-ipm,0.05306658300105482,2496.8645465236627,1.1368683772161603e-13,7.958078640513122e-13,20,2025-06-16 00:00,2025-06-16 00:00,2025-05-27|2025-05-28|2025-05-29|2025-05-30|2025-05-31|2025-06-01|2025-06-02|2025-06-03|2025-06-04|2025-06-05|2025-06-06|2025-06-07|2025-06-08|2025-06-09|2025-06-10|2025-06-11|2025-06-12|2025-06-13|2025-06-14|2025-06-15,144
q3,S2,2025-06-16,6,highs-ipm,0.07756599999993341,14998.307679987642,2.2737367544323206e-13,9.094947017729282e-13,20,2025-06-16 06:00,2025-06-16 06:00,2025-05-27|2025-05-28|2025-05-29|2025-05-30|2025-05-31|2025-06-01|2025-06-02|2025-06-03|2025-06-04|2025-06-05|2025-06-06|2025-06-07|2025-06-08|2025-06-09|2025-06-10|2025-06-11|2025-06-12|2025-06-13|2025-06-14|2025-06-15,144
q3,S2,2025-06-16,12,highs-ipm,0.07419379200291587,23482.058146006293,1.1368683772161603e-13,9.094947017729282e-13,20,2025-06-16 12:00,2025-06-16 12:00,2025-05-27|2025-05-28|2025-05-29|2025-05-30|2025-05-31|2025-06-01|2025-06-02|2025-06-03|2025-06-04|2025-06-05|2025-06-06|2025-06-07|2025-06-08|2025-06-09|2025-06-10|2025-06-11|2025-06-12|2025-06-13|2025-06-14|2025-06-15,144
q3,S2,2025-06-17,0,highs-ipm,0.05183287499676226,2410.367337940686,5.684341886080801e-13,7.958078640513122e-13,20,2025-06-17 00:00,2025-06-17 00:00,2025-05-28|2025-05-29|2025-05-30|2025-05-31|2025-06-01|2025-06-02|2025-06-03|2025-06-04|2025-06-05|2025-06-06|2025-06-07|2025-06-08|2025-06-09|2025-06-10|2025-06-11|2025-06-12|2025-06-13|2025-06-14|2025-06-15|2025-06-16,144
q3,S2,2025-06-17,6,highs-ipm,0.07138304099498782,16777.479418471376,2.2737367544323206e-13,9.094947017729282e-13,20,2025-06-17 06:00,2025-06-17 06:00,2025-05-28|2025-05-29|2025-05-30|2025-05-31|2025-06-01|2025-06-02|2025-06-03|2025-06-04|2025-06-05|2025-06-06|2025-06-07|2025-06-08|2025-06-09|2025-06-10|2025-06-11|2025-06-12|2025-06-13|2025-06-14|2025-06-15|2025-06-16,144
q3,S2,2025-06-17,12,highs-ipm,0.07174604199826717,24002.622884151482,2.2737367544323206e-13,9.094947017729282e-13,20,2025-06-17 12:00,2025-06-17 12:00,2025-05-28|2025-05-29|2025-05-30|2025-05-31|2025-06-01|2025-06-02|2025-06-03|2025-06-04|2025-06-05|2025-06-06|2025-06-07|2025-06-08|2025-06-09|2025-06-10|2025-06-11|2025-06-12|2025-06-13|2025-06-14|2025-06-15|2025-06-16,144
q3,S2,2025-06-18,0,highs-ipm,0.05477445800352143,2408.5111931609927,4.298783551348606e-13,9.094947017729282e-13,20,2025-06-18 00:00,2025-06-18 00:00,2025-05-29|2025-05-30|2025-05-31|2025-06-01|2025-06-02|2025-06-03|2025-06-04|2025-06-05|2025-06-06|2025-06-07|2025-06-08|2025-06-09|2025-06-10|2025-06-11|2025-06-12|2025-06-13|2025-06-14|2025-06-15|2025-06-16|2025-06-17,144
q3,S2,2025-06-18,6,highs-ipm,0.07558495800185483,16358.073021724076,1.1368683772161603e-13,8.526512829121202e-13,20,2025-06-18 06:00,2025-06-18 06:00,2025-05-29|2025-05-30|2025-05-31|2025-06-01|2025-06-02|2025-06-03|2025-06-04|2025-06-05|2025-06-06|2025-06-07|2025-06-08|2025-06-09|2025-06-10|2025-06-11|2025-06-12|2025-06-13|2025-06-14|2025-06-15|2025-06-16|2025-06-17,144
q3,S2,2025-06-18,12,highs-ipm,0.2754968330045813,25181.57531322729,1.1368683772161603e-13,8.588685318500211e-13,20,2025-06-18 12:00,2025-06-18 12:00,2025-05-29|2025-05-30|2025-05-31|2025-06-01|2025-06-02|2025-06-03|2025-06-04|2025-06-05|2025-06-06|2025-06-07|2025-06-08|2025-06-09|2025-06-10|2025-06-11|2025-06-12|2025-06-13|2025-06-14|2025-06-15|2025-06-16|2025-06-17,144
q3,S2,2025-06-19,0,highs-ipm,0.05944062499474967,2549.754976545723,1.3642420526593924e-12,9.094947017729282e-13,20,2025-06-19 00:00,2025-06-19 00:00,2025-05-30|2025-05-31|2025-06-01|2025-06-02|2025-06-03|2025-06-04|2025-06-05|2025-06-06|2025-06-07|2025-06-08|2025-06-09|2025-06-10|2025-06-11|2025-06-12|2025-06-13|2025-06-14|2025-06-15|2025-06-16|2025-06-17|2025-06-18,144
q3,S2,2025-06-19,6,highs-ipm,0.08355850000225473,10670.61277582408,1.1368683772161603e-13,8.588685318500211e-13,20,2025-06-19 06:00,2025-06-19 06:00,2025-05-30|2025-05-31|2025-06-01|2025-06-02|2025-06-03|2025-06-04|2025-06-05|2025-06-06|2025-06-07|2025-06-08|2025-06-09|2025-06-10|2025-06-11|2025-06-12|2025-06-13|2025-06-14|2025-06-15|2025-06-16|2025-06-17|2025-06-18,144
q3,S2,2025-06-19,12,highs-ipm,0.07590866700047627,14886.762488633733,1.1368683772161603e-13,7.105427357601002e-13,20,2025-06-19 12:00,2025-06-19 12:00,2025-05-30|2025-05-31|2025-06-01|2025-06-02|2025-06-03|2025-06-04|2025-06-05|2025-06-06|2025-06-07|2025-06-08|2025-06-09|2025-06-10|2025-06-11|2025-06-12|2025-06-13|2025-06-14|2025-06-15|2025-06-16|2025-06-17|2025-06-18,144
q3,S2,2025-06-20,0,highs-ipm,0.06450429199321661,1602.4205968494573,1.1368683772161603e-13,7.958078640513122e-13,20,2025-06-20 00:00,2025-06-20 00:00,2025-05-31|2025-06-01|2025-06-02|2025-06-03|2025-06-04|2025-06-05|2025-06-06|2025-06-07|2025-06-08|2025-06-09|2025-06-10|2025-06-11|2025-06-12|2025-06-13|2025-06-14|2025-06-15|2025-06-16|2025-06-17|2025-06-18|2025-06-19,144
q3,S2,2025-06-20,6,highs-ipm,0.07230200000049081,8905.266954140632,1.1368683772161603e-13,8.952838470577262e-13,20,2025-06-20 06:00,2025-06-20 06:00,2025-05-31|2025-06-01|2025-06-02|2025-06-03|2025-06-04|2025-06-05|2025-06-06|2025-06-07|2025-06-08|2025-06-09|2025-06-10|2025-06-11|2025-06-12|2025-06-13|2025-06-14|2025-06-15|2025-06-16|2025-06-17|2025-06-18|2025-06-19,144
q3,S2,2025-06-20,12,highs-ipm,0.07825162500375882,13517.910302173248,2.2737367544323206e-13,9.094947017729282e-13,20,2025-06-20 12:00,2025-06-20 12:00,2025-05-31|2025-06-01|2025-06-02|2025-06-03|2025-06-04|2025-06-05|2025-06-06|2025-06-07|2025-06-08|2025-06-09|2025-06-10|2025-06-11|2025-06-12|2025-06-13|2025-06-14|2025-06-15|2025-06-16|2025-06-17|2025-06-18|2025-06-19,144
q3,S2,2025-06-21,0,highs-ipm,0.06602250000287313,1110.149295210449,5.684341886080802e-14,9.094947017729282e-13,20,2025-06-21 00:00,2025-06-21 00:00,2025-06-01|2025-06-02|2025-06-03|2025-06-04|2025-06-05|2025-06-06|2025-06-07|2025-06-08|2025-06-09|2025-06-10|2025-06-11|2025-06-12|2025-06-13|2025-06-14|2025-06-15|2025-06-16|2025-06-17|2025-06-18|2025-06-19|2025-06-20,144
q3,S2,2025-06-21,6,highs-ipm,0.07888129200000549,11591.576804163964,1.1368683772161603e-13,9.094947017729282e-13,20,2025-06-21 06:00,2025-06-21 06:00,2025-06-01|2025-06-02|2025-06-03|2025-06-04|2025-06-05|2025-06-06|2025-06-07|2025-06-08|2025-06-09|2025-06-10|2025-06-11|2025-06-12|2025-06-13|2025-06-14|2025-06-15|2025-06-16|2025-06-17|2025-06-18|2025-06-19|2025-06-20,144
q3,S2,2025-06-21,12,highs-ipm,0.07793274999858113,17654.47490696059,2.2737367544323206e-13,9.094947017729282e-13,20,2025-06-21 12:00,2025-06-21 12:00,2025-06-01|2025-06-02|2025-06-03|2025-06-04|2025-06-05|2025-06-06|2025-06-07|2025-06-08|2025-06-09|2025-06-10|2025-06-11|2025-06-12|2025-06-13|2025-06-14|2025-06-15|2025-06-16|2025-06-17|2025-06-18|2025-06-19|2025-06-20,144
q3,S2,2025-06-22,0,highs-ipm,0.05241154200484743,2695.9924924163697,2.5579538487363607e-13,7.958078640513122e-13,20,2025-06-22 00:00,2025-06-22 00:00,2025-06-02|2025-06-03|2025-06-04|2025-06-05|2025-06-06|2025-06-07|2025-06-08|2025-06-09|2025-06-10|2025-06-11|2025-06-12|2025-06-13|2025-06-14|2025-06-15|2025-06-16|2025-06-17|2025-06-18|2025-06-19|2025-06-20|2025-06-21,144
q3,S2,2025-06-22,6,highs-ipm,0.07860766700468957,16786.39580848931,2.2737367544323206e-13,9.094947017729282e-13,20,2025-06-22 06:00,2025-06-22 06:00,2025-06-02|2025-06-03|2025-06-04|2025-06-05|2025-06-06|2025-06-07|2025-06-08|2025-06-09|2025-06-10|2025-06-11|2025-06-12|2025-06-13|2025-06-14|2025-06-15|2025-06-16|2025-06-17|2025-06-18|2025-06-19|2025-06-20|2025-06-21,144
q3,S2,2025-06-22,12,highs-ipm,0.0740349999978207,23363.176031259838,2.2737367544323206e-13,9.094947017729282e-13,20,2025-06-22 12:00,2025-06-22 12:00,2025-06-02|2025-06-03|2025-06-04|2025-06-05|2025-06-06|2025-06-07|2025-06-08|2025-06-09|2025-06-10|2025-06-11|2025-06-12|2025-06-13|2025-06-14|2025-06-15|2025-06-16|2025-06-17|2025-06-18|2025-06-19|2025-06-20|2025-06-21,144
q3,S2,2025-06-23,0,highs-ipm,0.054560999997192994,2591.039731120827,2.2737367544323206e-13,7.958078640513122e-13,20,2025-06-23 00:00,2025-06-23 00:00,2025-06-03|2025-06-04|2025-06-05|2025-06-06|2025-06-07|2025-06-08|2025-06-09|2025-06-10|2025-06-11|2025-06-12|2025-06-13|2025-06-14|2025-06-15|2025-06-16|2025-06-17|2025-06-18|2025-06-19|2025-06-20|2025-06-21|2025-06-22,144
q3,S2,2025-06-23,6,highs-ipm,0.07693562500207918,14097.408136762593,2.2737367544323206e-13,9.094947017729282e-13,20,2025-06-23 06:00,2025-06-23 06:00,2025-06-03|2025-06-04|2025-06-05|2025-06-06|2025-06-07|2025-06-08|2025-06-09|2025-06-10|2025-06-11|2025-06-12|2025-06-13|2025-06-14|2025-06-15|2025-06-16|2025-06-17|2025-06-18|2025-06-19|2025-06-20|2025-06-21|2025-06-22,144
q3,S2,2025-06-23,12,highs-ipm,0.07289129099808633,18690.38584778377,2.2737367544323206e-13,9.094947017729282e-13,20,2025-06-23 12:00,2025-06-23 12:00,2025-06-03|2025-06-04|2025-06-05|2025-06-06|2025-06-07|2025-06-08|2025-06-09|2025-06-10|2025-06-11|2025-06-12|2025-06-13|2025-06-14|2025-06-15|2025-06-16|2025-06-17|2025-06-18|2025-06-19|2025-06-20|2025-06-21|2025-06-22,144
q3,S2,2025-06-24,0,highs-ipm,0.04964420800388325,2738.512581064984,2.2737367544323206e-13,9.094947017729282e-13,20,2025-06-24 00:00,2025-06-24 00:00,2025-06-04|2025-06-05|2025-06-06|2025-06-07|2025-06-08|2025-06-09|2025-06-10|2025-06-11|2025-06-12|2025-06-13|2025-06-14|2025-06-15|2025-06-16|2025-06-17|2025-06-18|2025-06-19|2025-06-20|2025-06-21|2025-06-22|2025-06-23,144
q3,S2,2025-06-24,6,highs-ipm,0.06807683299848577,11782.476648055952,2.2737367544323206e-13,9.094947017729282e-13,20,2025-06-24 06:00,2025-06-24 06:00,2025-06-04|2025-06-05|2025-06-06|2025-06-07|2025-06-08|2025-06-09|2025-06-10|2025-06-11|2025-06-12|2025-06-13|2025-06-14|2025-06-15|2025-06-16|2025-06-17|2025-06-18|2025-06-19|2025-06-20|2025-06-21|2025-06-22|2025-06-23,144
q3,S2,2025-06-24,12,highs-ipm,0.07261395800014725,17512.275134010226,1.1368683772161603e-13,9.094947017729282e-13,20,2025-06-24 12:00,2025-06-24 12:00,2025-06-04|2025-06-05|2025-06-06|2025-06-07|2025-06-08|2025-06-09|2025-06-10|2025-06-11|2025-06-12|2025-06-13|2025-06-14|2025-06-15|2025-06-16|2025-06-17|2025-06-18|2025-06-19|2025-06-20|2025-06-21|2025-06-22|2025-06-23,144
q3,S2,2025-06-25,0,highs-ipm,0.05503491700073937,2641.8162138197536,2.2737367544323206e-13,9.094947017729282e-13,20,2025-06-25 00:00,2025-06-25 00:00,2025-06-05|2025-06-06|2025-06-07|2025-06-08|2025-06-09|2025-06-10|2025-06-11|2025-06-12|2025-06-13|2025-06-14|2025-06-15|2025-06-16|2025-06-17|2025-06-18|2025-06-19|2025-06-20|2025-06-21|2025-06-22|2025-06-23|2025-06-24,144
q3,S2,2025-06-25,6,highs-ipm,0.07291329200234031,14537.460961460794,1.1368683772161603e-13,8.242295734817162e-13,20,2025-06-25 06:00,2025-06-25 06:00,2025-06-05|2025-06-06|2025-06-07|2025-06-08|2025-06-09|2025-06-10|2025-06-11|2025-06-12|2025-06-13|2025-06-14|2025-06-15|2025-06-16|2025-06-17|2025-06-18|2025-06-19|2025-06-20|2025-06-21|2025-06-22|2025-06-23|2025-06-24,144
q3,S2,2025-06-25,12,highs-ipm,0.0714184579992434,26883.424356684776,1.1368683772161603e-13,9.094947017729282e-13,20,2025-06-25 12:00,2025-06-25 12:00,2025-06-05|2025-06-06|2025-06-07|2025-06-08|2025-06-09|2025-06-10|2025-06-11|2025-06-12|2025-06-13|2025-06-14|2025-06-15|2025-06-16|2025-06-17|2025-06-18|2025-06-19|2025-06-20|2025-06-21|2025-06-22|2025-06-23|2025-06-24,144
q3,S2,2025-06-26,0,highs-ipm,0.055843624999397434,2530.136201672705,2.984279490192421e-13,9.094947017729282e-13,20,2025-06-26 00:00,2025-06-26 00:00,2025-06-06|2025-06-07|2025-06-08|2025-06-09|2025-06-10|2025-06-11|2025-06-12|2025-06-13|2025-06-14|2025-06-15|2025-06-16|2025-06-17|2025-06-18|2025-06-19|2025-06-20|2025-06-21|2025-06-22|2025-06-23|2025-06-24|2025-06-25,144
q3,S2,2025-06-26,6,highs-ipm,0.07953916599944932,11392.446268088035,1.1368683772161603e-13,9.094947017729282e-13,20,2025-06-26 06:00,2025-06-26 06:00,2025-06-06|2025-06-07|2025-06-08|2025-06-09|2025-06-10|2025-06-11|2025-06-12|2025-06-13|2025-06-14|2025-06-15|2025-06-16|2025-06-17|2025-06-18|2025-06-19|2025-06-20|2025-06-21|2025-06-22|2025-06-23|2025-06-24|2025-06-25,144
q3,S2,2025-06-26,12,highs-ipm,0.07251829099550378,10615.26986337035,1.1368683772161603e-13,8.668621376273222e-13,20,2025-06-26 12:00,2025-06-26 12:00,2025-06-06|2025-06-07|2025-06-08|2025-06-09|2025-06-10|2025-06-11|2025-06-12|2025-06-13|2025-06-14|2025-06-15|2025-06-16|2025-06-17|2025-06-18|2025-06-19|2025-06-20|2025-06-21|2025-06-22|2025-06-23|2025-06-24|2025-06-25,144
q3,S2,2025-06-27,0,highs-ipm,0.06671579200337874,1259.068209502732,5.684341886080802e-14,9.094947017729282e-13,20,2025-06-27 00:00,2025-06-27 00:00,2025-06-07|2025-06-08|2025-06-09|2025-06-10|2025-06-11|2025-06-12|2025-06-13|2025-06-14|2025-06-15|2025-06-16|2025-06-17|2025-06-18|2025-06-19|2025-06-20|2025-06-21|2025-06-22|2025-06-23|2025-06-24|2025-06-25|2025-06-26,144
q3,S2,2025-06-27,6,highs-ipm,0.07960512499994365,8579.759397352711,1.1368683772161603e-13,1.0231815394945443e-12,20,2025-06-27 06:00,2025-06-27 06:00,2025-06-07|2025-06-08|2025-06-09|2025-06-10|2025-06-11|2025-06-12|2025-06-13|2025-06-14|2025-06-15|2025-06-16|2025-06-17|2025-06-18|2025-06-19|2025-06-20|2025-06-21|2025-06-22|2025-06-23|2025-06-24|2025-06-25|2025-06-26,144
q3,S2,2025-06-27,12,highs-ipm,0.07945304099848727,9036.405004781227,2.2737367544323206e-13,8.331113576787175e-13,20,2025-06-27 12:00,2025-06-27 12:00,2025-06-07|2025-06-08|2025-06-09|2025-06-10|2025-06-11|2025-06-12|2025-06-13|2025-06-14|2025-06-15|2025-06-16|2025-06-17|2025-06-18|2025-06-19|2025-06-20|2025-06-21|2025-06-22|2025-06-23|2025-06-24|2025-06-25|2025-06-26,144
q3,S2,2025-06-28,0,highs-ipm,0.05672950000007404,1156.177402279251,2.2737367544323206e-13,9.094947017729282e-13,20,2025-06-28 00:00,2025-06-28 00:00,2025-06-08|2025-06-09|2025-06-10|2025-06-11|2025-06-12|2025-06-13|2025-06-14|2025-06-15|2025-06-16|2025-06-17|2025-06-18|2025-06-19|2025-06-20|2025-06-21|2025-06-22|2025-06-23|2025-06-24|2025-06-25|2025-06-26|2025-06-27,144
q3,S2,2025-06-28,6,highs-ipm,0.07336395799939055,11883.328643793307,2.2737367544323206e-13,9.094947017729282e-13,20,2025-06-28 06:00,2025-06-28 06:00,2025-06-08|2025-06-09|2025-06-10|2025-06-11|2025-06-12|2025-06-13|2025-06-14|2025-06-15|2025-06-16|2025-06-17|2025-06-18|2025-06-19|2025-06-20|2025-06-21|2025-06-22|2025-06-23|2025-06-24|2025-06-25|2025-06-26|2025-06-27,144
q3,S2,2025-06-28,12,highs-ipm,0.07599754100374412,18305.087907957455,2.2737367544323206e-13,9.094947017729282e-13,20,2025-06-28 12:00,2025-06-28 12:00,2025-06-08|2025-06-09|2025-06-10|2025-06-11|2025-06-12|2025-06-13|2025-06-14|2025-06-15|2025-06-16|2025-06-17|2025-06-18|2025-06-19|2025-06-20|2025-06-21|2025-06-22|2025-06-23|2025-06-24|2025-06-25|2025-06-26|2025-06-27,144
q3,S2,2025-06-29,0,highs-ipm,0.05219533300260082,2196.14988159966,1.1368683772161603e-13,8.08242361927114e-13,20,2025-06-29 00:00,2025-06-29 00:00,2025-06-09|2025-06-10|2025-06-11|2025-06-12|2025-06-13|2025-06-14|2025-06-15|2025-06-16|2025-06-17|2025-06-18|2025-06-19|2025-06-20|2025-06-21|2025-06-22|2025-06-23|2025-06-24|2025-06-25|2025-06-26|2025-06-27|2025-06-28,144
q3,S2,2025-06-29,6,highs-ipm,0.07707070800097426,15154.314410140125,2.2737367544323206e-13,8.633094239485217e-13,20,2025-06-29 06:00,2025-06-29 06:00,2025-06-09|2025-06-10|2025-06-11|2025-06-12|2025-06-13|2025-06-14|2025-06-15|2025-06-16|2025-06-17|2025-06-18|2025-06-19|2025-06-20|2025-06-21|2025-06-22|2025-06-23|2025-06-24|2025-06-25|2025-06-26|2025-06-27|2025-06-28,144
q3,S2,2025-06-29,12,highs-ipm,0.07287020899821073,20451.749855381324,1.1368683772161603e-13,9.094947017729282e-13,20,2025-06-29 12:00,2025-06-29 12:00,2025-06-09|2025-06-10|2025-06-11|2025-06-12|2025-06-13|2025-06-14|2025-06-15|2025-06-16|2025-06-17|2025-06-18|2025-06-19|2025-06-20|2025-06-21|2025-06-22|2025-06-23|2025-06-24|2025-06-25|2025-06-26|2025-06-27|2025-06-28,144
q3,S2,2025-06-30,0,highs-ipm,0.05326649999915389,2400.5866790658265,1.1368683772161603e-13,7.958078640513122e-13,20,2025-06-30 00:00,2025-06-30 00:00,2025-06-10|2025-06-11|2025-06-12|2025-06-13|2025-06-14|2025-06-15|2025-06-16|2025-06-17|2025-06-18|2025-06-19|2025-06-20|2025-06-21|2025-06-22|2025-06-23|2025-06-24|2025-06-25|2025-06-26|2025-06-27|2025-06-28|2025-06-29,144
q3,S2,2025-06-30,6,highs-ipm,0.07998166600009426,12177.500911877383,1.1368683772161603e-13,9.094947017729282e-13,20,2025-06-30 06:00,2025-06-30 06:00,2025-06-10|2025-06-11|2025-06-12|2025-06-13|2025-06-14|2025-06-15|2025-06-16|2025-06-17|2025-06-18|2025-06-19|2025-06-20|2025-06-21|2025-06-22|2025-06-23|2025-06-24|2025-06-25|2025-06-26|2025-06-27|2025-06-28|2025-06-29,144
q3,S2,2025-06-30,12,highs-ipm,0.07229170900245663,15653.613465612592,2.2737367544323206e-13,9.094947017729282e-13,20,2025-06-30 12:00,2025-06-30 12:00,2025-06-10|2025-06-11|2025-06-12|2025-06-13|2025-06-14|2025-06-15|2025-06-16|2025-06-17|2025-06-18|2025-06-19|2025-06-20|2025-06-21|2025-06-22|2025-06-23|2025-06-24|2025-06-25|2025-06-26|2025-06-27|2025-06-28|2025-06-29,144
q3,S2,2025-07-01,0,highs-ipm,0.05836500000441447,2462.646778700677,7.531752999057062e-13,8.841816168114747e-13,20,2025-07-01 00:00,2025-07-01 00:00,2025-06-11|2025-06-12|2025-06-13|2025-06-14|2025-06-15|2025-06-16|2025-06-17|2025-06-18|2025-06-19|2025-06-20|2025-06-21|2025-06-22|2025-06-23|2025-06-24|2025-06-25|2025-06-26|2025-06-27|2025-06-28|2025-06-29|2025-06-30,144
q3,S2,2025-07-01,6,highs-ipm,0.07664020900119795,13137.82235052898,2.2737367544323206e-13,9.094947017729282e-13,20,2025-07-01 06:00,2025-07-01 06:00,2025-06-11|2025-06-12|2025-06-13|2025-06-14|2025-06-15|2025-06-16|2025-06-17|2025-06-18|2025-06-19|2025-06-20|2025-06-21|2025-06-22|2025-06-23|2025-06-24|2025-06-25|2025-06-26|2025-06-27|2025-06-28|2025-06-29|2025-06-30,144
q3,S2,2025-07-01,12,highs-ipm,0.0824540839967085,18090.927933668412,2.2737367544323206e-13,8.952838470577262e-13,20,2025-07-01 12:00,2025-07-01 12:00,2025-06-11|2025-06-12|2025-06-13|2025-06-14|2025-06-15|2025-06-16|2025-06-17|2025-06-18|2025-06-19|2025-06-20|2025-06-21|2025-06-22|2025-06-23|2025-06-24|2025-06-25|2025-06-26|2025-06-27|2025-06-28|2025-06-29|2025-06-30,144
q3,S2,2025-07-02,0,highs-ipm,0.05855383400194114,2628.1030254969032,1.1368683772161603e-13,7.958078640513122e-13,20,2025-07-02 00:00,2025-07-02 00:00,2025-06-12|2025-06-13|2025-06-14|2025-06-15|2025-06-16|2025-06-17|2025-06-18|2025-06-19|2025-06-20|2025-06-21|2025-06-22|2025-06-23|2025-06-24|2025-06-25|2025-06-26|2025-06-27|2025-06-28|2025-06-29|2025-06-30|2025-07-01,144
q3,S2,2025-07-02,6,highs-ipm,0.07853379100561142,11869.954217105236,1.7053025658242404e-13,9.094947017729282e-13,20,2025-07-02 06:00,2025-07-02 06:00,2025-06-12|2025-06-13|2025-06-14|2025-06-15|2025-06-16|2025-06-17|2025-06-18|2025-06-19|2025-06-20|2025-06-21|2025-06-22|2025-06-23|2025-06-24|2025-06-25|2025-06-26|2025-06-27|2025-06-28|2025-06-29|2025-06-30|2025-07-01,144
q3,S2,2025-07-02,12,highs-ipm,0.07754824999574339,16530.379447192405,1.7053025658242404e-13,9.094947017729282e-13,20,2025-07-02 12:00,2025-07-02 12:00,2025-06-12|2025-06-13|2025-06-14|2025-06-15|2025-06-16|2025-06-17|2025-06-18|2025-06-19|2025-06-20|2025-06-21|2025-06-22|2025-06-23|2025-06-24|2025-06-25|2025-06-26|2025-06-27|2025-06-28|2025-06-29|2025-06-30|2025-07-01,144
q3,S2,2025-07-03,0,highs-ipm,0.05904079199535772,3306.5904634709223,3.410605131648481e-13,7.958078640513122e-13,20,2025-07-03 00:00,2025-07-03 00:00,2025-06-13|2025-06-14|2025-06-15|2025-06-16|2025-06-17|2025-06-18|2025-06-19|2025-06-20|2025-06-21|2025-06-22|2025-06-23|2025-06-24|2025-06-25|2025-06-26|2025-06-27|2025-06-28|2025-06-29|2025-06-30|2025-07-01|2025-07-02,144
q3,S2,2025-07-03,6,highs-ipm,0.07742058399890084,11201.839495253515,2.2737367544323206e-13,9.094947017729282e-13,20,2025-07-03 06:00,2025-07-03 06:00,2025-06-13|2025-06-14|2025-06-15|2025-06-16|2025-06-17|2025-06-18|2025-06-19|2025-06-20|2025-06-21|2025-06-22|2025-06-23|2025-06-24|2025-06-25|2025-06-26|2025-06-27|2025-06-28|2025-06-29|2025-06-30|2025-07-01|2025-07-02,144
q3,S2,2025-07-03,12,highs-ipm,0.08010574999934761,8354.564287126033,1.1368683772161603e-13,9.094947017729282e-13,20,2025-07-03 12:00,2025-07-03 12:00,2025-06-13|2025-06-14|2025-06-15|2025-06-16|2025-06-17|2025-06-18|2025-06-19|2025-06-20|2025-06-21|2025-06-22|2025-06-23|2025-06-24|2025-06-25|2025-06-26|2025-06-27|2025-06-28|2025-06-29|2025-06-30|2025-07-01|2025-07-02,144
q3,S2,2025-07-04,0,highs-ipm,0.06493829199462198,1669.338750485344,5.684341886080802e-14,7.958078640513122e-13,20,2025-07-04 00:00,2025-07-04 00:00,2025-06-14|2025-06-15|2025-06-16|2025-06-17|2025-06-18|2025-06-19|2025-06-20|2025-06-21|2025-06-22|2025-06-23|2025-06-24|2025-06-25|2025-06-26|2025-06-27|2025-06-28|2025-06-29|2025-06-30|2025-07-01|2025-07-02|2025-07-03,144
q3,S2,2025-07-04,6,highs-ipm,0.07498762500472367,10486.444841120321,5.684341886080802e-14,8.810729923425242e-13,20,2025-07-04 06:00,2025-07-04 06:00,2025-06-14|2025-06-15|2025-06-16|2025-06-17|2025-06-18|2025-06-19|2025-06-20|2025-06-21|2025-06-22|2025-06-23|2025-06-24|2025-06-25|2025-06-26|2025-06-27|2025-06-28|2025-06-29|2025-06-30|2025-07-01|2025-07-02|2025-07-03,144
q3,S2,2025-07-04,12,highs-ipm,0.07094370800041361,11723.374815489118,1.1368683772161603e-13,8.526512829121202e-13,20,2025-07-04 12:00,2025-07-04 12:00,2025-06-14|2025-06-15|2025-06-16|2025-06-17|2025-06-18|2025-06-19|2025-06-20|2025-06-21|2025-06-22|2025-06-23|2025-06-24|2025-06-25|2025-06-26|2025-06-27|2025-06-28|2025-06-29|2025-06-30|2025-07-01|2025-07-02|2025-07-03,144
q3,S2,2025-07-05,0,highs-ipm,0.06313179100106936,1576.4934947883312,2.2737367544323206e-13,9.094947017729282e-13,20,2025-07-05 00:00,2025-07-05 00:00,2025-06-15|2025-06-16|2025-06-17|2025-06-18|2025-06-19|2025-06-20|2025-06-21|2025-06-22|2025-06-23|2025-06-24|2025-06-25|2025-06-26|2025-06-27|2025-06-28|2025-06-29|2025-06-30|2025-07-01|2025-07-02|2025-07-03|2025-07-04,144
q3,S2,2025-07-05,6,highs-ipm,0.07684579199849395,12519.234779756425,2.2737367544323206e-13,9.094947017729282e-13,20,2025-07-05 06:00,2025-07-05 06:00,2025-06-15|2025-06-16|2025-06-17|2025-06-18|2025-06-19|2025-06-20|2025-06-21|2025-06-22|2025-06-23|2025-06-24|2025-06-25|2025-06-26|2025-06-27|2025-06-28|2025-06-29|2025-06-30|2025-07-01|2025-07-02|2025-07-03|2025-07-04,144
q3,S2,2025-07-05,12,highs-ipm,0.07291704199451488,25217.821362940558,5.684341886080802e-14,9.094947017729282e-13,20,2025-07-05 12:00,2025-07-05 12:00,2025-06-15|2025-06-16|2025-06-17|2025-06-18|2025-06-19|2025-06-20|2025-06-21|2025-06-22|2025-06-23|2025-06-24|2025-06-25|2025-06-26|2025-06-27|2025-06-28|2025-06-29|2025-06-30|2025-07-01|2025-07-02|2025-07-03|2025-07-04,144
q3,S2,2025-07-06,0,highs-ipm,0.05756812499748776,2516.560564157987,2.2737367544323206e-13,8.526512829121202e-13,20,2025-07-06 00:00,2025-07-06 00:00,2025-06-16|2025-06-17|2025-06-18|2025-06-19|2025-06-20|2025-06-21|2025-06-22|2025-06-23|2025-06-24|2025-06-25|2025-06-26|2025-06-27|2025-06-28|2025-06-29|2025-06-30|2025-07-01|2025-07-02|2025-07-03|2025-07-04|2025-07-05,144
q3,S2,2025-07-06,6,highs-ipm,0.07356699999945704,17729.026157721586,1.1368683772161603e-13,8.526512829121202e-13,20,2025-07-06 06:00,2025-07-06 06:00,2025-06-16|2025-06-17|2025-06-18|2025-06-19|2025-06-20|2025-06-21|2025-06-22|2025-06-23|2025-06-24|2025-06-25|2025-06-26|2025-06-27|2025-06-28|2025-06-29|2025-06-30|2025-07-01|2025-07-02|2025-07-03|2025-07-04|2025-07-05,144
q3,S2,2025-07-06,12,highs-ipm,0.07523091600160114,19655.372059863326,2.2737367544323206e-13,8.810729923425242e-13,20,2025-07-06 12:00,2025-07-06 12:00,2025-06-16|2025-06-17|2025-06-18|2025-06-19|2025-06-20|2025-06-21|2025-06-22|2025-06-23|2025-06-24|2025-06-25|2025-06-26|2025-06-27|2025-06-28|2025-06-29|2025-06-30|2025-07-01|2025-07-02|2025-07-03|2025-07-04|2025-07-05,144
q3,S2,2025-07-07,0,highs-ipm,0.05353087499679532,3103.2288149867327,3.410605131648481e-13,8.526512829121202e-13,20,2025-07-07 00:00,2025-07-07 00:00,2025-06-17|2025-06-18|2025-06-19|2025-06-20|2025-06-21|2025-06-22|2025-06-23|2025-06-24|2025-06-25|2025-06-26|2025-06-27|2025-06-28|2025-06-29|2025-06-30|2025-07-01|2025-07-02|2025-07-03|2025-07-04|2025-07-05|2025-07-06,144
q3,S2,2025-07-07,6,highs-ipm,0.07780687500053318,11595.093547431166,2.2737367544323206e-13,9.094947017729282e-13,20,2025-07-07 06:00,2025-07-07 06:00,2025-06-17|2025-06-18|2025-06-19|2025-06-20|2025-06-21|2025-06-22|2025-06-23|2025-06-24|2025-06-25|2025-06-26|2025-06-27|2025-06-28|2025-06-29|2025-06-30|2025-07-01|2025-07-02|2025-07-03|2025-07-04|2025-07-05|2025-07-06,144
q3,S2,2025-07-07,12,highs-ipm,0.07614395800192142,21399.921318046352,1.1368683772161603e-13,9.094947017729282e-13,20,2025-07-07 12:00,2025-07-07 12:00,2025-06-17|2025-06-18|2025-06-19|2025-06-20|2025-06-21|2025-06-22|2025-06-23|2025-06-24|2025-06-25|2025-06-26|2025-06-27|2025-06-28|2025-06-29|2025-06-30|2025-07-01|2025-07-02|2025-07-03|2025-07-04|2025-07-05|2025-07-06,144
q3,S2,2025-07-08,0,highs-ipm,0.05177391699544387,3481.444030378164,1.1368683772161603e-13,1.0231815394945443e-12,20,2025-07-08 00:00,2025-07-08 00:00,2025-06-18|2025-06-19|2025-06-20|2025-06-21|2025-06-22|2025-06-23|2025-06-24|2025-06-25|2025-06-26|2025-06-27|2025-06-28|2025-06-29|2025-06-30|2025-07-01|2025-07-02|2025-07-03|2025-07-04|2025-07-05|2025-07-06|2025-07-07,144
q3,S2,2025-07-08,6,highs-ipm,0.07727083300414961,12435.771403214196,1.1368683772161603e-13,8.810729923425242e-13,20,2025-07-08 06:00,2025-07-08 06:00,2025-06-18|2025-06-19|2025-06-20|2025-06-21|2025-06-22|2025-06-23|2025-06-24|2025-06-25|2025-06-26|2025-06-27|2025-06-28|2025-06-29|2025-06-30|2025-07-01|2025-07-02|2025-07-03|2025-07-04|2025-07-05|2025-07-06|2025-07-07,144
q3,S2,2025-07-08,12,highs-ipm,0.07261329099856084,25861.47156054156,2.2737367544323206e-13,8.171241461241152e-13,20,2025-07-08 12:00,2025-07-08 12:00,2025-06-18|2025-06-19|2025-06-20|2025-06-21|2025-06-22|2025-06-23|2025-06-24|2025-06-25|2025-06-26|2025-06-27|2025-06-28|2025-06-29|2025-06-30|2025-07-01|2025-07-02|2025-07-03|2025-07-04|2025-07-05|2025-07-06|2025-07-07,144
q3,S2,2025-07-09,0,highs-ipm,0.055335875003947876,3417.3610102099615,2.2737367544323206e-13,9.094947017729282e-13,20,2025-07-09 00:00,2025-07-09 00:00,2025-06-19|2025-06-20|2025-06-21|2025-06-22|2025-06-23|2025-06-24|2025-06-25|2025-06-26|2025-06-27|2025-06-28|2025-06-29|2025-06-30|2025-07-01|2025-07-02|2025-07-03|2025-07-04|2025-07-05|2025-07-06|2025-07-07|2025-07-08,144
q3,S2,2025-07-09,6,highs-ipm,0.07507629099563928,12350.97530290481,1.1368683772161603e-13,7.958078640513122e-13,20,2025-07-09 06:00,2025-07-09 06:00,2025-06-19|2025-06-20|2025-06-21|2025-06-22|2025-06-23|2025-06-24|2025-06-25|2025-06-26|2025-06-27|2025-06-28|2025-06-29|2025-06-30|2025-07-01|2025-07-02|2025-07-03|2025-07-04|2025-07-05|2025-07-06|2025-07-07|2025-07-08,144
q3,S2,2025-07-09,12,highs-ipm,0.07784712500142632,27364.84106718422,2.2737367544323206e-13,9.094947017729282e-13,20,2025-07-09 12:00,2025-07-09 12:00,2025-06-19|2025-06-20|2025-06-21|2025-06-22|2025-06-23|2025-06-24|2025-06-25|2025-06-26|2025-06-27|2025-06-28|2025-06-29|2025-06-30|2025-07-01|2025-07-02|2025-07-03|2025-07-04|2025-07-05|2025-07-06|2025-07-07|2025-07-08,144
q3,S2,2025-07-10,0,highs-ipm,0.052416834005271085,3011.1970985949824,2.2737367544323206e-13,9.094947017729282e-13,20,2025-07-10 00:00,2025-07-10 00:00,2025-06-20|2025-06-21|2025-06-22|2025-06-23|2025-06-24|2025-06-25|2025-06-26|2025-06-27|2025-06-28|2025-06-29|2025-06-30|2025-07-01|2025-07-02|2025-07-03|2025-07-04|2025-07-05|2025-07-06|2025-07-07|2025-07-08|2025-07-09,144
q3,S2,2025-07-10,6,highs-ipm,0.07278383300581481,12138.89131998345,1.1368683772161603e-13,9.094947017729282e-13,20,2025-07-10 06:00,2025-07-10 06:00,2025-06-20|2025-06-21|2025-06-22|2025-06-23|2025-06-24|2025-06-25|2025-06-26|2025-06-27|2025-06-28|2025-06-29|2025-06-30|2025-07-01|2025-07-02|2025-07-03|2025-07-04|2025-07-05|2025-07-06|2025-07-07|2025-07-08|2025-07-09,144
q3,S2,2025-07-10,12,highs-ipm,0.0756713749942719,14159.335271769305,1.1368683772161603e-13,9.094947017729282e-13,20,2025-07-10 12:00,2025-07-10 12:00,2025-06-20|2025-06-21|2025-06-22|2025-06-23|2025-06-24|2025-06-25|2025-06-26|2025-06-27|2025-06-28|2025-06-29|2025-06-30|2025-07-01|2025-07-02|2025-07-03|2025-07-04|2025-07-05|2025-07-06|2025-07-07|2025-07-08|2025-07-09,144
q3,S2,2025-07-11,0,highs-ipm,0.05877183299890021,2019.8688285466346,1.1368683772161603e-13,9.094947017729282e-13,20,2025-07-11 00:00,2025-07-11 00:00,2025-06-21|2025-06-22|2025-06-23|2025-06-24|2025-06-25|2025-06-26|2025-06-27|2025-06-28|2025-06-29|2025-06-30|2025-07-01|2025-07-02|2025-07-03|2025-07-04|2025-07-05|2025-07-06|2025-07-07|2025-07-08|2025-07-09|2025-07-10,144
q3,S2,2025-07-11,6,highs-ipm,0.07270066700584721,9999.85977489921,1.1368683772161603e-13,8.810729923425242e-13,20,2025-07-11 06:00,2025-07-11 06:00,2025-06-21|2025-06-22|2025-06-23|2025-06-24|2025-06-25|2025-06-26|2025-06-27|2025-06-28|2025-06-29|2025-06-30|2025-07-01|2025-07-02|2025-07-03|2025-07-04|2025-07-05|2025-07-06|2025-07-07|2025-07-08|2025-07-09|2025-07-10,144
q3,S2,2025-07-11,12,highs-ipm,0.08337112500157673,13403.636615314614,1.1368683772161603e-13,8.810729923425242e-13,20,2025-07-11 12:00,2025-07-11 12:00,2025-06-21|2025-06-22|2025-06-23|2025-06-24|2025-06-25|2025-06-26|2025-06-27|2025-06-28|2025-06-29|2025-06-30|2025-07-01|2025-07-02|2025-07-03|2025-07-04|2025-07-05|2025-07-06|2025-07-07|2025-07-08|2025-07-09|2025-07-10,144
q3,S2,2025-07-12,0,highs-ipm,0.06729008300317219,1307.6605383686392,1.2505552149377763e-12,8.526512829121202e-13,20,2025-07-12 00:00,2025-07-12 00:00,2025-06-22|2025-06-23|2025-06-24|2025-06-25|2025-06-26|2025-06-27|2025-06-28|2025-06-29|2025-06-30|2025-07-01|2025-07-02|2025-07-03|2025-07-04|2025-07-05|2025-07-06|2025-07-07|2025-07-08|2025-07-09|2025-07-10|2025-07-11,144
q3,S2,2025-07-12,6,highs-ipm,0.07192516700160922,13819.935612639054,2.842170943040401e-14,8.526512829121202e-13,20,2025-07-12 06:00,2025-07-12 06:00,2025-06-22|2025-06-23|2025-06-24|2025-06-25|2025-06-26|2025-06-27|2025-06-28|2025-06-29|2025-06-30|2025-07-01|2025-07-02|2025-07-03|2025-07-04|2025-07-05|2025-07-06|2025-07-07|2025-07-08|2025-07-09|2025-07-10|2025-07-11,144
q3,S2,2025-07-12,12,highs-ipm,0.07472770900494652,23050.180397519347,5.684341886080802e-14,9.094947017729282e-13,20,2025-07-12 12:00,2025-07-12 12:00,2025-06-22|2025-06-23|2025-06-24|2025-06-25|2025-06-26|2025-06-27|2025-06-28|2025-06-29|2025-06-30|2025-07-01|2025-07-02|2025-07-03|2025-07-04|2025-07-05|2025-07-06|2025-07-07|2025-07-08|2025-07-09|2025-07-10|2025-07-11,144
q3,S2,2025-07-13,0,highs-ipm,0.05628625000099419,2981.8204513878113,2.2737367544323206e-13,9.663381206337363e-13,20,2025-07-13 00:00,2025-07-13 00:00,2025-06-23|2025-06-24|2025-06-25|2025-06-26|2025-06-27|2025-06-28|2025-06-29|2025-06-30|2025-07-01|2025-07-02|2025-07-03|2025-07-04|2025-07-05|2025-07-06|2025-07-07|2025-07-08|2025-07-09|2025-07-10|2025-07-11|2025-07-12,144
q3,S2,2025-07-13,6,highs-ipm,0.07230845800222596,10667.818275882773,1.1368683772161603e-13,9.094947017729282e-13,20,2025-07-13 06:00,2025-07-13 06:00,2025-06-23|2025-06-24|2025-06-25|2025-06-26|2025-06-27|2025-06-28|2025-06-29|2025-06-30|2025-07-01|2025-07-02|2025-07-03|2025-07-04|2025-07-05|2025-07-06|2025-07-07|2025-07-08|2025-07-09|2025-07-10|2025-07-11|2025-07-12,144
q3,S2,2025-07-13,12,highs-ipm,0.0750395830036723,23079.000321991873,1.1368683772161603e-13,9.094947017729282e-13,20,2025-07-13 12:00,2025-07-13 12:00,2025-06-23|2025-06-24|2025-06-25|2025-06-26|2025-06-27|2025-06-28|2025-06-29|2025-06-30|2025-07-01|2025-07-02|2025-07-03|2025-07-04|2025-07-05|2025-07-06|2025-07-07|2025-07-08|2025-07-09|2025-07-10|2025-07-11|2025-07-12,144
q3,S2,2025-07-14,0,highs-ipm,0.053749833001347724,2966.3201498759427,2.2737367544323206e-13,8.65085780787922e-13,20,2025-07-14 00:00,2025-07-14 00:00,2025-06-24|2025-06-25|2025-06-26|2025-06-27|2025-06-28|2025-06-29|2025-06-30|2025-07-01|2025-07-02|2025-07-03|2025-07-04|2025-07-05|2025-07-06|2025-07-07|2025-07-08|2025-07-09|2025-07-10|2025-07-11|2025-07-12|2025-07-13,144
q3,S2,2025-07-14,6,highs-ipm,0.07445495800493518,12939.116509884281,2.2737367544323206e-13,8.526512829121202e-13,20,2025-07-14 06:00,2025-07-14 06:00,2025-06-24|2025-06-25|2025-06-26|2025-06-27|2025-06-28|2025-06-29|2025-06-30|2025-07-01|2025-07-02|2025-07-03|2025-07-04|2025-07-05|2025-07-06|2025-07-07|2025-07-08|2025-07-09|2025-07-10|2025-07-11|2025-07-12|2025-07-13,144
q3,S2,2025-07-14,12,highs-ipm,0.07290408299741102,19281.35980465531,2.2737367544323206e-13,9.094947017729282e-13,20,2025-07-14 12:00,2025-07-14 12:00,2025-06-24|2025-06-25|2025-06-26|2025-06-27|2025-06-28|2025-06-29|2025-06-30|2025-07-01|2025-07-02|2025-07-03|2025-07-04|2025-07-05|2025-07-06|2025-07-07|2025-07-08|2025-07-09|2025-07-10|2025-07-11|2025-07-12|2025-07-13,144
q3,S2,2025-07-15,0,highs-ipm,0.052727125003002584,2948.06501833094,2.2737367544323206e-13,9.094947017729282e-13,20,2025-07-15 00:00,2025-07-15 00:00,2025-06-25|2025-06-26|2025-06-27|2025-06-28|2025-06-29|2025-06-30|2025-07-01|2025-07-02|2025-07-03|2025-07-04|2025-07-05|2025-07-06|2025-07-07|2025-07-08|2025-07-09|2025-07-10|2025-07-11|2025-07-12|2025-07-13|2025-07-14,144
q3,S2,2025-07-15,6,highs-ipm,0.0744769169978099,11785.105414462085,2.2737367544323206e-13,8.588685318500211e-13,20,2025-07-15 06:00,2025-07-15 06:00,2025-06-25|2025-06-26|2025-06-27|2025-06-28|2025-06-29|2025-06-30|2025-07-01|2025-07-02|2025-07-03|2025-07-04|2025-07-05|2025-07-06|2025-07-07|2025-07-08|2025-07-09|2025-07-10|2025-07-11|2025-07-12|2025-07-13|2025-07-14,144
q3,S2,2025-07-15,12,highs-ipm,0.07419370899879141,19073.652223734713,2.2737367544323206e-13,9.094947017729282e-13,20,2025-07-15 12:00,2025-07-15 12:00,2025-06-25|2025-06-26|2025-06-27|2025-06-28|2025-06-29|2025-06-30|2025-07-01|2025-07-02|2025-07-03|2025-07-04|2025-07-05|2025-07-06|2025-07-07|2025-07-08|2025-07-09|2025-07-10|2025-07-11|2025-07-12|2025-07-13|2025-07-14,144
q3,S2,2025-07-16,0,highs-ipm,0.06089020799845457,2778.588595426687,1.1368683772161603e-13,8.526512829121202e-13,20,2025-07-16 00:00,2025-07-16 00:00,2025-06-26|2025-06-27|2025-06-28|2025-06-29|2025-06-30|2025-07-01|2025-07-02|2025-07-03|2025-07-04|2025-07-05|2025-07-06|2025-07-07|2025-07-08|2025-07-09|2025-07-10|2025-07-11|2025-07-12|2025-07-13|2025-07-14|2025-07-15,144
q3,S2,2025-07-16,6,highs-ipm,0.07810833400435513,11846.02708500042,1.1368683772161603e-13,8.881784197001252e-13,20,2025-07-16 06:00,2025-07-16 06:00,2025-06-26|2025-06-27|2025-06-28|2025-06-29|2025-06-30|2025-07-01|2025-07-02|2025-07-03|2025-07-04|2025-07-05|2025-07-06|2025-07-07|2025-07-08|2025-07-09|2025-07-10|2025-07-11|2025-07-12|2025-07-13|2025-07-14|2025-07-15,144
q3,S2,2025-07-16,12,highs-ipm,0.0750167500009411,23587.79438081799,1.1368683772161603e-13,9.094947017729282e-13,20,2025-07-16 12:00,2025-07-16 12:00,2025-06-26|2025-06-27|2025-06-28|2025-06-29|2025-06-30|2025-07-01|2025-07-02|2025-07-03|2025-07-04|2025-07-05|2025-07-06|2025-07-07|2025-07-08|2025-07-09|2025-07-10|2025-07-11|2025-07-12|2025-07-13|2025-07-14|2025-07-15,144
q3,S2,2025-07-17,0,highs-ipm,0.05614808400423499,2884.747717470364,2.2737367544323206e-13,8.526512829121202e-13,20,2025-07-17 00:00,2025-07-17 00:00,2025-06-27|2025-06-28|2025-06-29|2025-06-30|2025-07-01|2025-07-02|2025-07-03|2025-07-04|2025-07-05|2025-07-06|2025-07-07|2025-07-08|2025-07-09|2025-07-10|2025-07-11|2025-07-12|2025-07-13|2025-07-14|2025-07-15|2025-07-16,144
q3,S2,2025-07-17,6,highs-ipm,0.07815304199903039,12990.381408749066,2.2737367544323206e-13,9.094947017729282e-13,20,2025-07-17 06:00,2025-07-17 06:00,2025-06-27|2025-06-28|2025-06-29|2025-06-30|2025-07-01|2025-07-02|2025-07-03|2025-07-04|2025-07-05|2025-07-06|2025-07-07|2025-07-08|2025-07-09|2025-07-10|2025-07-11|2025-07-12|2025-07-13|2025-07-14|2025-07-15|2025-07-16,144
q3,S2,2025-07-17,12,highs-ipm,0.07275200000003679,14592.544330101666,2.2737367544323206e-13,9.094947017729282e-13,20,2025-07-17 12:00,2025-07-17 12:00,2025-06-27|2025-06-28|2025-06-29|2025-06-30|2025-07-01|2025-07-02|2025-07-03|2025-07-04|2025-07-05|2025-07-06|2025-07-07|2025-07-08|2025-07-09|2025-07-10|2025-07-11|2025-07-12|2025-07-13|2025-07-14|2025-07-15|2025-07-16,144
q3,S2,2025-07-18,0,highs-ipm,0.06671441600337857,2031.177836109933,3.126388037344441e-13,8.526512829121202e-13,20,2025-07-18 00:00,2025-07-18 00:00,2025-06-28|2025-06-29|2025-06-30|2025-07-01|2025-07-02|2025-07-03|2025-07-04|2025-07-05|2025-07-06|2025-07-07|2025-07-08|2025-07-09|2025-07-10|2025-07-11|2025-07-12|2025-07-13|2025-07-14|2025-07-15|2025-07-16|2025-07-17,144
q3,S2,2025-07-18,6,highs-ipm,0.07784804200491635,10058.01162064874,1.1368683772161603e-13,9.094947017729282e-13,20,2025-07-18 06:00,2025-07-18 06:00,2025-06-28|2025-06-29|2025-06-30|2025-07-01|2025-07-02|2025-07-03|2025-07-04|2025-07-05|2025-07-06|2025-07-07|2025-07-08|2025-07-09|2025-07-10|2025-07-11|2025-07-12|2025-07-13|2025-07-14|2025-07-15|2025-07-16|2025-07-17,144
q3,S2,2025-07-18,12,highs-ipm,0.07809083299798658,8520.862393775367,1.1368683772161603e-13,9.094947017729282e-13,20,2025-07-18 12:00,2025-07-18 12:00,2025-06-28|2025-06-29|2025-06-30|2025-07-01|2025-07-02|2025-07-03|2025-07-04|2025-07-05|2025-07-06|2025-07-07|2025-07-08|2025-07-09|2025-07-10|2025-07-11|2025-07-12|2025-07-13|2025-07-14|2025-07-15|2025-07-16|2025-07-17,144
q3,S2,2025-07-19,0,highs-ipm,0.05855137499747798,1919.0451801526751,3.410605131648481e-13,1.0231815394945443e-12,20,2025-07-19 00:00,2025-07-19 00:00,2025-06-29|2025-06-30|2025-07-01|2025-07-02|2025-07-03|2025-07-04|2025-07-05|2025-07-06|2025-07-07|2025-07-08|2025-07-09|2025-07-10|2025-07-11|2025-07-12|2025-07-13|2025-07-14|2025-07-15|2025-07-16|2025-07-17|2025-07-18,144
q3,S2,2025-07-19,6,highs-ipm,0.08277162500598934,12098.866986168598,1.1368683772161603e-13,1.0231815394945443e-12,20,2025-07-19 06:00,2025-07-19 06:00,2025-06-29|2025-06-30|2025-07-01|2025-07-02|2025-07-03|2025-07-04|2025-07-05|2025-07-06|2025-07-07|2025-07-08|2025-07-09|2025-07-10|2025-07-11|2025-07-12|2025-07-13|2025-07-14|2025-07-15|2025-07-16|2025-07-17|2025-07-18,144
q3,S2,2025-07-19,12,highs-ipm,0.07556729100178927,16411.558763910754,1.1368683772161603e-13,9.094947017729282e-13,20,2025-07-19 12:00,2025-07-19 12:00,2025-06-29|2025-06-30|2025-07-01|2025-07-02|2025-07-03|2025-07-04|2025-07-05|2025-07-06|2025-07-07|2025-07-08|2025-07-09|2025-07-10|2025-07-11|2025-07-12|2025-07-13|2025-07-14|2025-07-15|2025-07-16|2025-07-17|2025-07-18,144
q3,S2,2025-07-20,0,highs-ipm,0.05587212499813177,2828.568935711839,2.2737367544323206e-13,9.094947017729282e-13,20,2025-07-20 00:00,2025-07-20 00:00,2025-06-30|2025-07-01|2025-07-02|2025-07-03|2025-07-04|2025-07-05|2025-07-06|2025-07-07|2025-07-08|2025-07-09|2025-07-10|2025-07-11|2025-07-12|2025-07-13|2025-07-14|2025-07-15|2025-07-16|2025-07-17|2025-07-18|2025-07-19,144
q3,S2,2025-07-20,6,highs-ipm,0.0760770839988254,13573.339424838525,2.2737367544323206e-13,7.958078640513122e-13,20,2025-07-20 06:00,2025-07-20 06:00,2025-06-30|2025-07-01|2025-07-02|2025-07-03|2025-07-04|2025-07-05|2025-07-06|2025-07-07|2025-07-08|2025-07-09|2025-07-10|2025-07-11|2025-07-12|2025-07-13|2025-07-14|2025-07-15|2025-07-16|2025-07-17|2025-07-18|2025-07-19,144
q3,S2,2025-07-20,12,highs-ipm,0.07203679200029,20061.534351202496,1.1368683772161603e-13,1.0231815394945443e-12,20,2025-07-20 12:00,2025-07-20 12:00,2025-06-30|2025-07-01|2025-07-02|2025-07-03|2025-07-04|2025-07-05|2025-07-06|2025-07-07|2025-07-08|2025-07-09|2025-07-10|2025-07-11|2025-07-12|2025-07-13|2025-07-14|2025-07-15|2025-07-16|2025-07-17|2025-07-18|2025-07-19,144
q3,S2,2025-07-21,0,highs-ipm,0.05540516600012779,2817.264695236658,2.2737367544323206e-13,7.958078640513122e-13,20,2025-07-21 00:00,2025-07-21 00:00,2025-07-01|2025-07-02|2025-07-03|2025-07-04|2025-07-05|2025-07-06|2025-07-07|2025-07-08|2025-07-09|2025-07-10|2025-07-11|2025-07-12|2025-07-13|2025-07-14|2025-07-15|2025-07-16|2025-07-17|2025-07-18|2025-07-19|2025-07-20,144
q3,S2,2025-07-21,6,highs-ipm,0.07275658399885288,12530.12408797681,2.2737367544323206e-13,9.094947017729282e-13,20,2025-07-21 06:00,2025-07-21 06:00,2025-07-01|2025-07-02|2025-07-03|2025-07-04|2025-07-05|2025-07-06|2025-07-07|2025-07-08|2025-07-09|2025-07-10|2025-07-11|2025-07-12|2025-07-13|2025-07-14|2025-07-15|2025-07-16|2025-07-17|2025-07-18|2025-07-19|2025-07-20,144
q3,S2,2025-07-21,12,highs-ipm,0.07231108399719233,23451.745246498103,2.2737367544323206e-13,1.0231815394945443e-12,20,2025-07-21 12:00,2025-07-21 12:00,2025-07-01|2025-07-02|2025-07-03|2025-07-04|2025-07-05|2025-07-06|2025-07-07|2025-07-08|2025-07-09|2025-07-10|2025-07-11|2025-07-12|2025-07-13|2025-07-14|2025-07-15|2025-07-16|2025-07-17|2025-07-18|2025-07-19|2025-07-20,144
q3,S2,2025-07-22,0,highs-ipm,0.05941054199502105,2899.5570539637097,2.2737367544323206e-13,7.958078640513122e-13,20,2025-07-22 00:00,2025-07-22 00:00,2025-07-02|2025-07-03|2025-07-04|2025-07-05|2025-07-06|2025-07-07|2025-07-08|2025-07-09|2025-07-10|2025-07-11|2025-07-12|2025-07-13|2025-07-14|2025-07-15|2025-07-16|2025-07-17|2025-07-18|2025-07-19|2025-07-20|2025-07-21,144
q3,S2,2025-07-22,6,highs-ipm,0.07306629199592862,22168.084542609562,1.1368683772161603e-13,7.958078640513122e-13,20,2025-07-22 06:00,2025-07-22 06:00,2025-07-02|2025-07-03|2025-07-04|2025-07-05|2025-07-06|2025-07-07|2025-07-08|2025-07-09|2025-07-10|2025-07-11|2025-07-12|2025-07-13|2025-07-14|2025-07-15|2025-07-16|2025-07-17|2025-07-18|2025-07-19|2025-07-20|2025-07-21,144
q3,S2,2025-07-22,12,highs-ipm,0.07445729200117057,19145.810725158288,2.2737367544323206e-13,9.663381206337363e-13,20,2025-07-22 12:00,2025-07-22 12:00,2025-07-02|2025-07-03|2025-07-04|2025-07-05|2025-07-06|2025-07-07|2025-07-08|2025-07-09|2025-07-10|2025-07-11|2025-07-12|2025-07-13|2025-07-14|2025-07-15|2025-07-16|2025-07-17|2025-07-18|2025-07-19|2025-07-20|2025-07-21,144
q3,S2,2025-07-23,0,highs-ipm,0.06185516699770233,3106.69373606494,4.298783551348606e-13,7.958078640513122e-13,20,2025-07-23 00:00,2025-07-23 00:00,2025-07-03|2025-07-04|2025-07-05|2025-07-06|2025-07-07|2025-07-08|2025-07-09|2025-07-10|2025-07-11|2025-07-12|2025-07-13|2025-07-14|2025-07-15|2025-07-16|2025-07-17|2025-07-18|2025-07-19|2025-07-20|2025-07-21|2025-07-22,144
q3,S2,2025-07-23,6,highs-ipm,0.07178283400571672,10136.073935284554,1.1368683772161603e-13,8.526512829121202e-13,20,2025-07-23 06:00,2025-07-23 06:00,2025-07-03|2025-07-04|2025-07-05|2025-07-06|2025-07-07|2025-07-08|2025-07-09|2025-07-10|2025-07-11|2025-07-12|2025-07-13|2025-07-14|2025-07-15|2025-07-16|2025-07-17|2025-07-18|2025-07-19|2025-07-20|2025-07-21|2025-07-22,144
q3,S2,2025-07-23,12,highs-ipm,0.08124524999584537,19147.400177817344,1.1368683772161603e-13,7.958078640513122e-13,20,2025-07-23 12:00,2025-07-23 12:00,2025-07-03|2025-07-04|2025-07-05|2025-07-06|2025-07-07|2025-07-08|2025-07-09|2025-07-10|2025-07-11|2025-07-12|2025-07-13|2025-07-14|2025-07-15|2025-07-16|2025-07-17|2025-07-18|2025-07-19|2025-07-20|2025-07-21|2025-07-22,144
q3,S2,2025-07-24,0,highs-ipm,0.05217075000109617,3075.4410875032713,2.2737367544323206e-13,8.526512829121202e-13,20,2025-07-24 00:00,2025-07-24 00:00,2025-07-04|2025-07-05|2025-07-06|2025-07-07|2025-07-08|2025-07-09|2025-07-10|2025-07-11|2025-07-12|2025-07-13|2025-07-14|2025-07-15|2025-07-16|2025-07-17|2025-07-18|2025-07-19|2025-07-20|2025-07-21|2025-07-22|2025-07-23,144
q3,S2,2025-07-24,6,highs-ipm,0.07626987500407267,8894.294354012967,1.1368683772161603e-13,8.526512829121202e-13,20,2025-07-24 06:00,2025-07-24 06:00,2025-07-04|2025-07-05|2025-07-06|2025-07-07|2025-07-08|2025-07-09|2025-07-10|2025-07-11|2025-07-12|2025-07-13|2025-07-14|2025-07-15|2025-07-16|2025-07-17|2025-07-18|2025-07-19|2025-07-20|2025-07-21|2025-07-22|2025-07-23,144
q3,S2,2025-07-24,12,highs-ipm,0.07351100000232691,8547.388891364524,1.1368683772161603e-13,8.526512829121202e-13,20,2025-07-24 12:00,2025-07-24 12:00,2025-07-04|2025-07-05|2025-07-06|2025-07-07|2025-07-08|2025-07-09|2025-07-10|2025-07-11|2025-07-12|2025-07-13|2025-07-14|2025-07-15|2025-07-16|2025-07-17|2025-07-18|2025-07-19|2025-07-20|2025-07-21|2025-07-22|2025-07-23,144
q3,S2,2025-07-25,0,highs-ipm,0.06475866599794244,1357.0080511543756,5.684341886080802e-14,9.094947017729282e-13,20,2025-07-25 00:00,2025-07-25 00:00,2025-07-05|2025-07-06|2025-07-07|2025-07-08|2025-07-09|2025-07-10|2025-07-11|2025-07-12|2025-07-13|2025-07-14|2025-07-15|2025-07-16|2025-07-17|2025-07-18|2025-07-19|2025-07-20|2025-07-21|2025-07-22|2025-07-23|2025-07-24,144
q3,S2,2025-07-25,6,highs-ipm,0.07192529200256104,11347.56282148056,2.2737367544323206e-13,9.094947017729282e-13,20,2025-07-25 06:00,2025-07-25 06:00,2025-07-05|2025-07-06|2025-07-07|2025-07-08|2025-07-09|2025-07-10|2025-07-11|2025-07-12|2025-07-13|2025-07-14|2025-07-15|2025-07-16|2025-07-17|2025-07-18|2025-07-19|2025-07-20|2025-07-21|2025-07-22|2025-07-23|2025-07-24,144
q3,S2,2025-07-25,12,highs-ipm,0.07350820800638758,13721.161251522595,5.684341886080802e-14,9.094947017729282e-13,20,2025-07-25 12:00,2025-07-25 12:00,2025-07-05|2025-07-06|2025-07-07|2025-07-08|2025-07-09|2025-07-10|2025-07-11|2025-07-12|2025-07-13|2025-07-14|2025-07-15|2025-07-16|2025-07-17|2025-07-18|2025-07-19|2025-07-20|2025-07-21|2025-07-22|2025-07-23|2025-07-24,144
q3,S2,2025-07-26,0,highs-ipm,0.13733945800049696,2000.4077126239247,1.1368683772161603e-13,9.094947017729282e-13,20,2025-07-26 00:00,2025-07-26 00:00,2025-07-06|2025-07-07|2025-07-08|2025-07-09|2025-07-10|2025-07-11|2025-07-12|2025-07-13|2025-07-14|2025-07-15|2025-07-16|2025-07-17|2025-07-18|2025-07-19|2025-07-20|2025-07-21|2025-07-22|2025-07-23|2025-07-24|2025-07-25,144
q3,S2,2025-07-26,6,highs-ipm,0.07782208299613558,13956.590412229283,2.4868995751603507e-14,9.094947017729282e-13,20,2025-07-26 06:00,2025-07-26 06:00,2025-07-06|2025-07-07|2025-07-08|2025-07-09|2025-07-10|2025-07-11|2025-07-12|2025-07-13|2025-07-14|2025-07-15|2025-07-16|2025-07-17|2025-07-18|2025-07-19|2025-07-20|2025-07-21|2025-07-22|2025-07-23|2025-07-24|2025-07-25,144
q3,S2,2025-07-26,12,highs-ipm,0.0920052909932565,29495.7155940542,7.460698725481052e-14,8.526512829121202e-13,20,2025-07-26 12:00,2025-07-26 12:00,2025-07-06|2025-07-07|2025-07-08|2025-07-09|2025-07-10|2025-07-11|2025-07-12|2025-07-13|2025-07-14|2025-07-15|2025-07-16|2025-07-17|2025-07-18|2025-07-19|2025-07-20|2025-07-21|2025-07-22|2025-07-23|2025-07-24|2025-07-25,144
q3,S2,2025-07-27,0,highs-ipm,0.0586230409971904,2823.7001063313014,2.2737367544323206e-13,9.094947017729282e-13,20,2025-07-27 00:00,2025-07-27 00:00,2025-07-07|2025-07-08|2025-07-09|2025-07-10|2025-07-11|2025-07-12|2025-07-13|2025-07-14|2025-07-15|2025-07-16|2025-07-17|2025-07-18|2025-07-19|2025-07-20|2025-07-21|2025-07-22|2025-07-23|2025-07-24|2025-07-25|2025-07-26,144
q3,S2,2025-07-27,6,highs-ipm,0.07998374999442603,15199.802040398112,2.2737367544323206e-13,8.100187187665142e-13,20,2025-07-27 06:00,2025-07-27 06:00,2025-07-07|2025-07-08|2025-07-09|2025-07-10|2025-07-11|2025-07-12|2025-07-13|2025-07-14|2025-07-15|2025-07-16|2025-07-17|2025-07-18|2025-07-19|2025-07-20|2025-07-21|2025-07-22|2025-07-23|2025-07-24|2025-07-25|2025-07-26,144
q3,S2,2025-07-27,12,highs-ipm,0.07640033300413052,25025.613060030344,2.2737367544323206e-13,9.094947017729282e-13,20,2025-07-27 12:00,2025-07-27 12:00,2025-07-07|2025-07-08|2025-07-09|2025-07-10|2025-07-11|2025-07-12|2025-07-13|2025-07-14|2025-07-15|2025-07-16|2025-07-17|2025-07-18|2025-07-19|2025-07-20|2025-07-21|2025-07-22|2025-07-23|2025-07-24|2025-07-25|2025-07-26,144
q3,S2,2025-07-28,0,highs-ipm,0.055157208000309765,2562.684006834786,2.2737367544323206e-13,9.094947017729282e-13,20,2025-07-28 00:00,2025-07-28 00:00,2025-07-08|2025-07-09|2025-07-10|2025-07-11|2025-07-12|2025-07-13|2025-07-14|2025-07-15|2025-07-16|2025-07-17|2025-07-18|2025-07-19|2025-07-20|2025-07-21|2025-07-22|2025-07-23|2025-07-24|2025-07-25|2025-07-26|2025-07-27,144
q3,S2,2025-07-28,6,highs-ipm,0.07715120800276054,16303.064141559942,2.2737367544323206e-13,9.094947017729282e-13,20,2025-07-28 06:00,2025-07-28 06:00,2025-07-08|2025-07-09|2025-07-10|2025-07-11|2025-07-12|2025-07-13|2025-07-14|2025-07-15|2025-07-16|2025-07-17|2025-07-18|2025-07-19|2025-07-20|2025-07-21|2025-07-22|2025-07-23|2025-07-24|2025-07-25|2025-07-26|2025-07-27,144
q3,S2,2025-07-28,12,highs-ipm,0.0782391250031651,21122.33110867135,2.2737367544323206e-13,9.094947017729282e-13,20,2025-07-28 12:00,2025-07-28 12:00,2025-07-08|2025-07-09|2025-07-10|2025-07-11|2025-07-12|2025-07-13|2025-07-14|2025-07-15|2025-07-16|2025-07-17|2025-07-18|2025-07-19|2025-07-20|2025-07-21|2025-07-22|2025-07-23|2025-07-24|2025-07-25|2025-07-26|2025-07-27,144
q3,S2,2025-07-29,0,highs-ipm,0.05606233400612837,2722.8602175538363,2.2737367544323206e-13,9.094947017729282e-13,20,2025-07-29 00:00,2025-07-29 00:00,2025-07-09|2025-07-10|2025-07-11|2025-07-12|2025-07-13|2025-07-14|2025-07-15|2025-07-16|2025-07-17|2025-07-18|2025-07-19|2025-07-20|2025-07-21|2025-07-22|2025-07-23|2025-07-24|2025-07-25|2025-07-26|2025-07-27|2025-07-28,144
q3,S2,2025-07-29,6,highs-ipm,0.07474558299873024,19259.741738113888,4.547473508864641e-13,8.100187187665142e-13,20,2025-07-29 06:00,2025-07-29 06:00,2025-07-09|2025-07-10|2025-07-11|2025-07-12|2025-07-13|2025-07-14|2025-07-15|2025-07-16|2025-07-17|2025-07-18|2025-07-19|2025-07-20|2025-07-21|2025-07-22|2025-07-23|2025-07-24|2025-07-25|2025-07-26|2025-07-27|2025-07-28,144
q3,S2,2025-07-29,12,highs-ipm,0.07619316699856427,20254.53650005845,4.547473508864641e-13,9.094947017729282e-13,20,2025-07-29 12:00,2025-07-29 12:00,2025-07-09|2025-07-10|2025-07-11|2025-07-12|2025-07-13|2025-07-14|2025-07-15|2025-07-16|2025-07-17|2025-07-18|2025-07-19|2025-07-20|2025-07-21|2025-07-22|2025-07-23|2025-07-24|2025-07-25|2025-07-26|2025-07-27|2025-07-28,144
q3,S2,2025-07-30,0,highs-ipm,0.05836495800031116,2564.3415978062358,3.197442310920451e-13,7.958078640513122e-13,20,2025-07-30 00:00,2025-07-30 00:00,2025-07-10|2025-07-11|2025-07-12|2025-07-13|2025-07-14|2025-07-15|2025-07-16|2025-07-17|2025-07-18|2025-07-19|2025-07-20|2025-07-21|2025-07-22|2025-07-23|2025-07-24|2025-07-25|2025-07-26|2025-07-27|2025-07-28|2025-07-29,144
q3,S2,2025-07-30,6,highs-ipm,0.07832804200006649,22721.352658876665,1.1368683772161603e-13,8.526512829121202e-13,20,2025-07-30 06:00,2025-07-30 06:00,2025-07-10|2025-07-11|2025-07-12|2025-07-13|2025-07-14|2025-07-15|2025-07-16|2025-07-17|2025-07-18|2025-07-19|2025-07-20|2025-07-21|2025-07-22|2025-07-23|2025-07-24|2025-07-25|2025-07-26|2025-07-27|2025-07-28|2025-07-29,144
q3,S2,2025-07-30,12,highs-ipm,0.07698145799804479,24084.417992330895,1.1368683772161603e-13,8.86402062860725e-13,20,2025-07-30 12:00,2025-07-30 12:00,2025-07-10|2025-07-11|2025-07-12|2025-07-13|2025-07-14|2025-07-15|2025-07-16|2025-07-17|2025-07-18|2025-07-19|2025-07-20|2025-07-21|2025-07-22|2025-07-23|2025-07-24|2025-07-25|2025-07-26|2025-07-27|2025-07-28|2025-07-29,144
q3,S2,2025-07-31,0,highs-ipm,0.055159374998766,2645.130391954927,2.2737367544323206e-13,1.0231815394945443e-12,20,2025-07-31 00:00,2025-07-31 00:00,2025-07-11|2025-07-12|2025-07-13|2025-07-14|2025-07-15|2025-07-16|2025-07-17|2025-07-18|2025-07-19|2025-07-20|2025-07-21|2025-07-22|2025-07-23|2025-07-24|2025-07-25|2025-07-26|2025-07-27|2025-07-28|2025-07-29|2025-07-30,144
q3,S2,2025-07-31,6,highs-ipm,0.07849662499938859,13868.939258723538,2.2737367544323206e-13,8.881784197001252e-13,20,2025-07-31 06:00,2025-07-31 06:00,2025-07-11|2025-07-12|2025-07-13|2025-07-14|2025-07-15|2025-07-16|2025-07-17|2025-07-18|2025-07-19|2025-07-20|2025-07-21|2025-07-22|2025-07-23|2025-07-24|2025-07-25|2025-07-26|2025-07-27|2025-07-28|2025-07-29|2025-07-30,144
q3,S2,2025-07-31,12,highs-ipm,0.08048166600201512,11623.861577097021,5.684341886080802e-14,8.526512829121202e-13,20,2025-07-31 12:00,2025-07-31 12:00,2025-07-11|2025-07-12|2025-07-13|2025-07-14|2025-07-15|2025-07-16|2025-07-17|2025-07-18|2025-07-19|2025-07-20|2025-07-21|2025-07-22|2025-07-23|2025-07-24|2025-07-25|2025-07-26|2025-07-27|2025-07-28|2025-07-29|2025-07-30,144
q3,S2,2025-08-01,0,highs-ipm,0.06650304199865786,1243.0822068040486,4.263256414560601e-13,9.094947017729282e-13,20,2025-08-01 00:00,2025-08-01 00:00,2025-07-12|2025-07-13|2025-07-14|2025-07-15|2025-07-16|2025-07-17|2025-07-18|2025-07-19|2025-07-20|2025-07-21|2025-07-22|2025-07-23|2025-07-24|2025-07-25|2025-07-26|2025-07-27|2025-07-28|2025-07-29|2025-07-30|2025-07-31,144
q3,S2,2025-08-01,6,highs-ipm,0.07411362499988172,10232.889790569367,1.1368683772161603e-13,9.094947017729282e-13,20,2025-08-01 06:00,2025-08-01 06:00,2025-07-12|2025-07-13|2025-07-14|2025-07-15|2025-07-16|2025-07-17|2025-07-18|2025-07-19|2025-07-20|2025-07-21|2025-07-22|2025-07-23|2025-07-24|2025-07-25|2025-07-26|2025-07-27|2025-07-28|2025-07-29|2025-07-30|2025-07-31,144
q3,S2,2025-08-01,12,highs-ipm,0.07899204199929954,8794.354042781404,2.2737367544323206e-13,8.526512829121202e-13,20,2025-08-01 12:00,2025-08-01 12:00,2025-07-12|2025-07-13|2025-07-14|2025-07-15|2025-07-16|2025-07-17|2025-07-18|2025-07-19|2025-07-20|2025-07-21|2025-07-22|2025-07-23|2025-07-24|2025-07-25|2025-07-26|2025-07-27|2025-07-28|2025-07-29|2025-07-30|2025-07-31,144
q3,S2,2025-08-02,0,highs-ipm,0.060676542001601774,2055.2482479805117,4.298783551348606e-13,8.526512829121202e-13,20,2025-08-02 00:00,2025-08-02 00:00,2025-07-13|2025-07-14|2025-07-15|2025-07-16|2025-07-17|2025-07-18|2025-07-19|2025-07-20|2025-07-21|2025-07-22|2025-07-23|2025-07-24|2025-07-25|2025-07-26|2025-07-27|2025-07-28|2025-07-29|2025-07-30|2025-07-31|2025-08-01,144
q3,S2,2025-08-02,6,highs-ipm,0.0782859999962966,12648.095592331674,2.2737367544323206e-13,9.094947017729282e-13,20,2025-08-02 06:00,2025-08-02 06:00,2025-07-13|2025-07-14|2025-07-15|2025-07-16|2025-07-17|2025-07-18|2025-07-19|2025-07-20|2025-07-21|2025-07-22|2025-07-23|2025-07-24|2025-07-25|2025-07-26|2025-07-27|2025-07-28|2025-07-29|2025-07-30|2025-07-31|2025-08-01,144
q3,S2,2025-08-02,12,highs-ipm,0.07766991700191284,17481.138198334997,2.842170943040401e-14,9.094947017729282e-13,20,2025-08-02 12:00,2025-08-02 12:00,2025-07-13|2025-07-14|2025-07-15|2025-07-16|2025-07-17|2025-07-18|2025-07-19|2025-07-20|2025-07-21|2025-07-22|2025-07-23|2025-07-24|2025-07-25|2025-07-26|2025-07-27|2025-07-28|2025-07-29|2025-07-30|2025-07-31|2025-08-01,144
q3,S2,2025-08-03,0,highs-ipm,0.057302749999507796,2267.4517965743394,1.1368683772161603e-13,9.094947017729282e-13,20,2025-08-03 00:00,2025-08-03 00:00,2025-07-14|2025-07-15|2025-07-16|2025-07-17|2025-07-18|2025-07-19|2025-07-20|2025-07-21|2025-07-22|2025-07-23|2025-07-24|2025-07-25|2025-07-26|2025-07-27|2025-07-28|2025-07-29|2025-07-30|2025-07-31|2025-08-01|2025-08-02,144
q3,S2,2025-08-03,6,highs-ipm,0.07155279099970357,16251.685799617073,1.1368683772161603e-13,8.752998326144734e-13,20,2025-08-03 06:00,2025-08-03 06:00,2025-07-14|2025-07-15|2025-07-16|2025-07-17|2025-07-18|2025-07-19|2025-07-20|2025-07-21|2025-07-22|2025-07-23|2025-07-24|2025-07-25|2025-07-26|2025-07-27|2025-07-28|2025-07-29|2025-07-30|2025-07-31|2025-08-01|2025-08-02,144
q3,S2,2025-08-03,12,highs-ipm,0.07454924999910872,18172.939612169288,1.1368683772161603e-13,7.958078640513122e-13,20,2025-08-03 12:00,2025-08-03 12:00,2025-07-14|2025-07-15|2025-07-16|2025-07-17|2025-07-18|2025-07-19|2025-07-20|2025-07-21|2025-07-22|2025-07-23|2025-07-24|2025-07-25|2025-07-26|2025-07-27|2025-07-28|2025-07-29|2025-07-30|2025-07-31|2025-08-01|2025-08-02,144
q3,S2,2025-08-04,0,highs-ipm,0.0551189580000937,2272.668051288713,3.410605131648481e-13,7.958078640513122e-13,20,2025-08-04 00:00,2025-08-04 00:00,2025-07-15|2025-07-16|2025-07-17|2025-07-18|2025-07-19|2025-07-20|2025-07-21|2025-07-22|2025-07-23|2025-07-24|2025-07-25|2025-07-26|2025-07-27|2025-07-28|2025-07-29|2025-07-30|2025-07-31|2025-08-01|2025-08-02|2025-08-03,144
q3,S2,2025-08-04,6,highs-ipm,0.0678857919992879,15957.71238569349,2.2737367544323206e-13,8.8662410746565e-13,20,2025-08-04 06:00,2025-08-04 06:00,2025-07-15|2025-07-16|2025-07-17|2025-07-18|2025-07-19|2025-07-20|2025-07-21|2025-07-22|2025-07-23|2025-07-24|2025-07-25|2025-07-26|2025-07-27|2025-07-28|2025-07-29|2025-07-30|2025-07-31|2025-08-01|2025-08-02|2025-08-03,144
q3,S2,2025-08-04,12,highs-ipm,0.073541457997635,17563.430664327032,1.1368683772161603e-13,9.094947017729282e-13,20,2025-08-04 12:00,2025-08-04 12:00,2025-07-15|2025-07-16|2025-07-17|2025-07-18|2025-07-19|2025-07-20|2025-07-21|2025-07-22|2025-07-23|2025-07-24|2025-07-25|2025-07-26|2025-07-27|2025-07-28|2025-07-29|2025-07-30|2025-07-31|2025-08-01|2025-08-02|2025-08-03,144
q3,S2,2025-08-05,0,highs-ipm,0.05581754200102296,2305.6015142056076,2.2737367544323206e-13,9.094947017729282e-13,20,2025-08-05 00:00,2025-08-05 00:00,2025-07-16|2025-07-17|2025-07-18|2025-07-19|2025-07-20|2025-07-21|2025-07-22|2025-07-23|2025-07-24|2025-07-25|2025-07-26|2025-07-27|2025-07-28|2025-07-29|2025-07-30|2025-07-31|2025-08-01|2025-08-02|2025-08-03|2025-08-04,144
q3,S2,2025-08-05,6,highs-ipm,0.06988054199609905,16395.174044647312,1.1368683772161603e-13,9.094947017729282e-13,20,2025-08-05 06:00,2025-08-05 06:00,2025-07-16|2025-07-17|2025-07-18|2025-07-19|2025-07-20|2025-07-21|2025-07-22|2025-07-23|2025-07-24|2025-07-25|2025-07-26|2025-07-27|2025-07-28|2025-07-29|2025-07-30|2025-07-31|2025-08-01|2025-08-02|2025-08-03|2025-08-04,144
q3,S2,2025-08-05,12,highs-ipm,0.07309754199377494,26389.82470808316,1.1368683772161603e-13,8.810729923425242e-13,20,2025-08-05 12:00,2025-08-05 12:00,2025-07-16|2025-07-17|2025-07-18|2025-07-19|2025-07-20|2025-07-21|2025-07-22|2025-07-23|2025-07-24|2025-07-25|2025-07-26|2025-07-27|2025-07-28|2025-07-29|2025-07-30|2025-07-31|2025-08-01|2025-08-02|2025-08-03|2025-08-04,144
q3,S2,2025-08-06,0,highs-ipm,0.056891416003054474,2245.3394990477696,4.547473508864641e-13,7.958078640513122e-13,20,2025-08-06 00:00,2025-08-06 00:00,2025-07-17|2025-07-18|2025-07-19|2025-07-20|2025-07-21|2025-07-22|2025-07-23|2025-07-24|2025-07-25|2025-07-26|2025-07-27|2025-07-28|2025-07-29|2025-07-30|2025-07-31|2025-08-01|2025-08-02|2025-08-03|2025-08-04|2025-08-05,144
q3,S2,2025-08-06,6,highs-ipm,0.07207270800427068,12288.02448909671,1.1368683772161603e-13,9.094947017729282e-13,20,2025-08-06 06:00,2025-08-06 06:00,2025-07-17|2025-07-18|2025-07-19|2025-07-20|2025-07-21|2025-07-22|2025-07-23|2025-07-24|2025-07-25|2025-07-26|2025-07-27|2025-07-28|2025-07-29|2025-07-30|2025-07-31|2025-08-01|2025-08-02|2025-08-03|2025-08-04|2025-08-05,144
q3,S2,2025-08-06,12,highs-ipm,0.07321450000017649,18565.76104439223,1.1368683772161603e-13,9.094947017729282e-13,20,2025-08-06 12:00,2025-08-06 12:00,2025-07-17|2025-07-18|2025-07-19|2025-07-20|2025-07-21|2025-07-22|2025-07-23|2025-07-24|2025-07-25|2025-07-26|2025-07-27|2025-07-28|2025-07-29|2025-07-30|2025-07-31|2025-08-01|2025-08-02|2025-08-03|2025-08-04|2025-08-05,144
q3,S2,2025-08-07,0,highs-ipm,0.05379141699813772,2987.1205295391687,1.1368683772161603e-13,8.526512829121202e-13,20,2025-08-07 00:00,2025-08-07 00:00,2025-07-18|2025-07-19|2025-07-20|2025-07-21|2025-07-22|2025-07-23|2025-07-24|2025-07-25|2025-07-26|2025-07-27|2025-07-28|2025-07-29|2025-07-30|2025-07-31|2025-08-01|2025-08-02|2025-08-03|2025-08-04|2025-08-05|2025-08-06,144
q3,S2,2025-08-07,6,highs-ipm,0.07436666700232308,10252.958608223114,3.410605131648481e-13,9.094947017729282e-13,20,2025-08-07 06:00,2025-08-07 06:00,2025-07-18|2025-07-19|2025-07-20|2025-07-21|2025-07-22|2025-07-23|2025-07-24|2025-07-25|2025-07-26|2025-07-27|2025-07-28|2025-07-29|2025-07-30|2025-07-31|2025-08-01|2025-08-02|2025-08-03|2025-08-04|2025-08-05|2025-08-06,144
q3,S2,2025-08-07,12,highs-ipm,0.07733858300343854,9091.870508635682,1.1368683772161603e-13,8.668621376273222e-13,20,2025-08-07 12:00,2025-08-07 12:00,2025-07-18|2025-07-19|2025-07-20|2025-07-21|2025-07-22|2025-07-23|2025-07-24|2025-07-25|2025-07-26|2025-07-27|2025-07-28|2025-07-29|2025-07-30|2025-07-31|2025-08-01|2025-08-02|2025-08-03|2025-08-04|2025-08-05|2025-08-06,144
q3,S2,2025-08-08,0,highs-ipm,0.05946641600166913,1382.129449760977,2.8421709430404007e-13,9.094947017729282e-13,20,2025-08-08 00:00,2025-08-08 00:00,2025-07-19|2025-07-20|2025-07-21|2025-07-22|2025-07-23|2025-07-24|2025-07-25|2025-07-26|2025-07-27|2025-07-28|2025-07-29|2025-07-30|2025-07-31|2025-08-01|2025-08-02|2025-08-03|2025-08-04|2025-08-05|2025-08-06|2025-08-07,144
q3,S2,2025-08-08,6,highs-ipm,0.07098587500513531,10476.91119115475,2.2737367544323206e-13,9.094947017729282e-13,20,2025-08-08 06:00,2025-08-08 06:00,2025-07-19|2025-07-20|2025-07-21|2025-07-22|2025-07-23|2025-07-24|2025-07-25|2025-07-26|2025-07-27|2025-07-28|2025-07-29|2025-07-30|2025-07-31|2025-08-01|2025-08-02|2025-08-03|2025-08-04|2025-08-05|2025-08-06|2025-08-07,144
q3,S2,2025-08-08,12,highs-ipm,0.07775337500061141,9878.012086472858,2.2737367544323206e-13,9.094947017729282e-13,20,2025-08-08 12:00,2025-08-08 12:00,2025-07-19|2025-07-20|2025-07-21|2025-07-22|2025-07-23|2025-07-24|2025-07-25|2025-07-26|2025-07-27|2025-07-28|2025-07-29|2025-07-30|2025-07-31|2025-08-01|2025-08-02|2025-08-03|2025-08-04|2025-08-05|2025-08-06|2025-08-07,144
q3,S2,2025-08-09,0,highs-ipm,0.0668635420006467,1291.8025634670018,5.684341886080802e-14,8.86402062860725e-13,20,2025-08-09 00:00,2025-08-09 00:00,2025-07-20|2025-07-21|2025-07-22|2025-07-23|2025-07-24|2025-07-25|2025-07-26|2025-07-27|2025-07-28|2025-07-29|2025-07-30|2025-07-31|2025-08-01|2025-08-02|2025-08-03|2025-08-04|2025-08-05|2025-08-06|2025-08-07|2025-08-08,144
q3,S2,2025-08-09,6,highs-ipm,0.07129729200096335,12652.052535523228,2.2737367544323206e-13,7.496225862269057e-13,20,2025-08-09 06:00,2025-08-09 06:00,2025-07-20|2025-07-21|2025-07-22|2025-07-23|2025-07-24|2025-07-25|2025-07-26|2025-07-27|2025-07-28|2025-07-29|2025-07-30|2025-07-31|2025-08-01|2025-08-02|2025-08-03|2025-08-04|2025-08-05|2025-08-06|2025-08-07|2025-08-08,144
q3,S2,2025-08-09,12,highs-ipm,0.07574554199527483,15053.982011614815,1.1368683772161603e-13,9.094947017729282e-13,20,2025-08-09 12:00,2025-08-09 12:00,2025-07-20|2025-07-21|2025-07-22|2025-07-23|2025-07-24|2025-07-25|2025-07-26|2025-07-27|2025-07-28|2025-07-29|2025-07-30|2025-07-31|2025-08-01|2025-08-02|2025-08-03|2025-08-04|2025-08-05|2025-08-06|2025-08-07|2025-08-08,144
q3,S2,2025-08-10,0,highs-ipm,0.05826379200152587,2988.707559936722,4.298783551348606e-13,9.094947017729282e-13,20,2025-08-10 00:00,2025-08-10 00:00,2025-07-21|2025-07-22|2025-07-23|2025-07-24|2025-07-25|2025-07-26|2025-07-27|2025-07-28|2025-07-29|2025-07-30|2025-07-31|2025-08-01|2025-08-02|2025-08-03|2025-08-04|2025-08-05|2025-08-06|2025-08-07|2025-08-08|2025-08-09,144
q3,S2,2025-08-10,6,highs-ipm,0.07257387499703327,12249.190977339182,2.2737367544323206e-13,7.958078640513122e-13,20,2025-08-10 06:00,2025-08-10 06:00,2025-07-21|2025-07-22|2025-07-23|2025-07-24|2025-07-25|2025-07-26|2025-07-27|2025-07-28|2025-07-29|2025-07-30|2025-07-31|2025-08-01|2025-08-02|2025-08-03|2025-08-04|2025-08-05|2025-08-06|2025-08-07|2025-08-08|2025-08-09,144
q3,S2,2025-08-10,12,highs-ipm,0.07391008400009014,16321.904408787652,2.2737367544323206e-13,9.094947017729282e-13,20,2025-08-10 12:00,2025-08-10 12:00,2025-07-21|2025-07-22|2025-07-23|2025-07-24|2025-07-25|2025-07-26|2025-07-27|2025-07-28|2025-07-29|2025-07-30|2025-07-31|2025-08-01|2025-08-02|2025-08-03|2025-08-04|2025-08-05|2025-08-06|2025-08-07|2025-08-08|2025-08-09,144
q3,S2,2025-08-11,0,highs-ipm,0.055931249997229315,2672.1131367700445,1.1368683772161603e-13,8.171241461241152e-13,20,2025-08-11 00:00,2025-08-11 00:00,2025-07-22|2025-07-23|2025-07-24|2025-07-25|2025-07-26|2025-07-27|2025-07-28|2025-07-29|2025-07-30|2025-07-31|2025-08-01|2025-08-02|2025-08-03|2025-08-04|2025-08-05|2025-08-06|2025-08-07|2025-08-08|2025-08-09|2025-08-10,144
q3,S2,2025-08-11,6,highs-ipm,0.07862704199942527,14200.148468434132,1.1368683772161603e-13,9.094947017729282e-13,20,2025-08-11 06:00,2025-08-11 06:00,2025-07-22|2025-07-23|2025-07-24|2025-07-25|2025-07-26|2025-07-27|2025-07-28|2025-07-29|2025-07-30|2025-07-31|2025-08-01|2025-08-02|2025-08-03|2025-08-04|2025-08-05|2025-08-06|2025-08-07|2025-08-08|2025-08-09|2025-08-10,144
q3,S2,2025-08-11,12,highs-ipm,0.0723755830040318,17754.34831465163,1.1368683772161603e-13,9.094947017729282e-13,20,2025-08-11 12:00,2025-08-11 12:00,2025-07-22|2025-07-23|2025-07-24|2025-07-25|2025-07-26|2025-07-27|2025-07-28|2025-07-29|2025-07-30|2025-07-31|2025-08-01|2025-08-02|2025-08-03|2025-08-04|2025-08-05|2025-08-06|2025-08-07|2025-08-08|2025-08-09|2025-08-10,144
q3,S2,2025-08-12,0,highs-ipm,0.08301787500386126,3096.248485871191,2.2737367544323206e-13,8.588685318500211e-13,20,2025-08-12 00:00,2025-08-12 00:00,2025-07-23|2025-07-24|2025-07-25|2025-07-26|2025-07-27|2025-07-28|2025-07-29|2025-07-30|2025-07-31|2025-08-01|2025-08-02|2025-08-03|2025-08-04|2025-08-05|2025-08-06|2025-08-07|2025-08-08|2025-08-09|2025-08-10|2025-08-11,144
q3,S2,2025-08-12,6,highs-ipm,0.08067950000258861,13508.804250065921,2.2737367544323206e-13,9.094947017729282e-13,20,2025-08-12 06:00,2025-08-12 06:00,2025-07-23|2025-07-24|2025-07-25|2025-07-26|2025-07-27|2025-07-28|2025-07-29|2025-07-30|2025-07-31|2025-08-01|2025-08-02|2025-08-03|2025-08-04|2025-08-05|2025-08-06|2025-08-07|2025-08-08|2025-08-09|2025-08-10|2025-08-11,144
q3,S2,2025-08-12,12,highs-ipm,0.07454008299828274,27331.686818872942,2.2737367544323206e-13,9.094947017729282e-13,20,2025-08-12 12:00,2025-08-12 12:00,2025-07-23|2025-07-24|2025-07-25|2025-07-26|2025-07-27|2025-07-28|2025-07-29|2025-07-30|2025-07-31|2025-08-01|2025-08-02|2025-08-03|2025-08-04|2025-08-05|2025-08-06|2025-08-07|2025-08-08|2025-08-09|2025-08-10|2025-08-11,144
q3,S2,2025-08-13,0,highs-ipm,0.0556892919994425,2504.7924332418347,1.1368683772161603e-13,8.526512829121202e-13,20,2025-08-13 00:00,2025-08-13 00:00,2025-07-24|2025-07-25|2025-07-26|2025-07-27|2025-07-28|2025-07-29|2025-07-30|2025-07-31|2025-08-01|2025-08-02|2025-08-03|2025-08-04|2025-08-05|2025-08-06|2025-08-07|2025-08-08|2025-08-09|2025-08-10|2025-08-11|2025-08-12,144
q3,S2,2025-08-13,6,highs-ipm,0.0723184169983142,13609.815010497503,1.1368683772161603e-13,1.0231815394945443e-12,20,2025-08-13 06:00,2025-08-13 06:00,2025-07-24|2025-07-25|2025-07-26|2025-07-27|2025-07-28|2025-07-29|2025-07-30|2025-07-31|2025-08-01|2025-08-02|2025-08-03|2025-08-04|2025-08-05|2025-08-06|2025-08-07|2025-08-08|2025-08-09|2025-08-10|2025-08-11|2025-08-12,144
q3,S2,2025-08-13,12,highs-ipm,0.07278512500488432,20276.729694991576,1.1368683772161603e-13,7.958078640513122e-13,20,2025-08-13 12:00,2025-08-13 12:00,2025-07-24|2025-07-25|2025-07-26|2025-07-27|2025-07-28|2025-07-29|2025-07-30|2025-07-31|2025-08-01|2025-08-02|2025-08-03|2025-08-04|2025-08-05|2025-08-06|2025-08-07|2025-08-08|2025-08-09|2025-08-10|2025-08-11|2025-08-12,144
q3,S2,2025-08-14,0,highs-ipm,0.054187708999961615,2451.1282352473563,7.958078640513122e-13,8.810729923425242e-13,20,2025-08-14 00:00,2025-08-14 00:00,2025-07-25|2025-07-26|2025-07-27|2025-07-28|2025-07-29|2025-07-30|2025-07-31|2025-08-01|2025-08-02|2025-08-03|2025-08-04|2025-08-05|2025-08-06|2025-08-07|2025-08-08|2025-08-09|2025-08-10|2025-08-11|2025-08-12|2025-08-13,144
q3,S2,2025-08-14,6,highs-ipm,0.07003470799827483,12311.555366521074,1.1368683772161603e-13,9.094947017729282e-13,20,2025-08-14 06:00,2025-08-14 06:00,2025-07-25|2025-07-26|2025-07-27|2025-07-28|2025-07-29|2025-07-30|2025-07-31|2025-08-01|2025-08-02|2025-08-03|2025-08-04|2025-08-05|2025-08-06|2025-08-07|2025-08-08|2025-08-09|2025-08-10|2025-08-11|2025-08-12|2025-08-13,144
q3,S2,2025-08-14,12,highs-ipm,0.07718916600424564,8832.108080252823,1.1368683772161603e-13,8.668621376273222e-13,20,2025-08-14 12:00,2025-08-14 12:00,2025-07-25|2025-07-26|2025-07-27|2025-07-28|2025-07-29|2025-07-30|2025-07-31|2025-08-01|2025-08-02|2025-08-03|2025-08-04|2025-08-05|2025-08-06|2025-08-07|2025-08-08|2025-08-09|2025-08-10|2025-08-11|2025-08-12|2025-08-13,144
q3,S2,2025-08-15,0,highs-ipm,0.06128375000116648,1603.2730811593253,2.2737367544323206e-13,7.815970093361102e-13,20,2025-08-15 00:00,2025-08-15 00:00,2025-07-26|2025-07-27|2025-07-28|2025-07-29|2025-07-30|2025-07-31|2025-08-01|2025-08-02|2025-08-03|2025-08-04|2025-08-05|2025-08-06|2025-08-07|2025-08-08|2025-08-09|2025-08-10|2025-08-11|2025-08-12|2025-08-13|2025-08-14,144
q3,S2,2025-08-15,6,highs-ipm,0.08181833299749997,9189.409321278807,2.2737367544323206e-13,8.668621376273222e-13,20,2025-08-15 06:00,2025-08-15 06:00,2025-07-26|2025-07-27|2025-07-28|2025-07-29|2025-07-30|2025-07-31|2025-08-01|2025-08-02|2025-08-03|2025-08-04|2025-08-05|2025-08-06|2025-08-07|2025-08-08|2025-08-09|2025-08-10|2025-08-11|2025-08-12|2025-08-13|2025-08-14,144
q3,S2,2025-08-15,12,highs-ipm,0.08106287499686005,8244.703304408808,2.2737367544323206e-13,6.821210263296962e-13,20,2025-08-15 12:00,2025-08-15 12:00,2025-07-26|2025-07-27|2025-07-28|2025-07-29|2025-07-30|2025-07-31|2025-08-01|2025-08-02|2025-08-03|2025-08-04|2025-08-05|2025-08-06|2025-08-07|2025-08-08|2025-08-09|2025-08-10|2025-08-11|2025-08-12|2025-08-13|2025-08-14,144
q3,S2,2025-08-16,0,highs-ipm,0.06567100000393111,1576.5385007529403,4.263256414560601e-13,9.094947017729282e-13,20,2025-08-16 00:00,2025-08-16 00:00,2025-07-27|2025-07-28|2025-07-29|2025-07-30|2025-07-31|2025-08-01|2025-08-02|2025-08-03|2025-08-04|2025-08-05|2025-08-06|2025-08-07|2025-08-08|2025-08-09|2025-08-10|2025-08-11|2025-08-12|2025-08-13|2025-08-14|2025-08-15,144
q3,S2,2025-08-16,6,highs-ipm,0.07978191599977436,11308.40717876959,1.1368683772161603e-13,8.988365607365267e-13,20,2025-08-16 06:00,2025-08-16 06:00,2025-07-27|2025-07-28|2025-07-29|2025-07-30|2025-07-31|2025-08-01|2025-08-02|2025-08-03|2025-08-04|2025-08-05|2025-08-06|2025-08-07|2025-08-08|2025-08-09|2025-08-10|2025-08-11|2025-08-12|2025-08-13|2025-08-14|2025-08-15,144
q3,S2,2025-08-16,12,highs-ipm,0.07674908400076674,17292.380897302493,1.1368683772161603e-13,9.094947017729282e-13,20,2025-08-16 12:00,2025-08-16 12:00,2025-07-27|2025-07-28|2025-07-29|2025-07-30|2025-07-31|2025-08-01|2025-08-02|2025-08-03|2025-08-04|2025-08-05|2025-08-06|2025-08-07|2025-08-08|2025-08-09|2025-08-10|2025-08-11|2025-08-12|2025-08-13|2025-08-14|2025-08-15,144
q3,S2,2025-08-17,0,highs-ipm,0.05856245799805038,2677.944048785376,5.044853423896711e-13,9.094947017729282e-13,20,2025-08-17 00:00,2025-08-17 00:00,2025-07-28|2025-07-29|2025-07-30|2025-07-31|2025-08-01|2025-08-02|2025-08-03|2025-08-04|2025-08-05|2025-08-06|2025-08-07|2025-08-08|2025-08-09|2025-08-10|2025-08-11|2025-08-12|2025-08-13|2025-08-14|2025-08-15|2025-08-16,144
q3,S2,2025-08-17,6,highs-ipm,0.07382316700386582,11988.558118255658,1.1368683772161603e-13,8.881784197001252e-13,20,2025-08-17 06:00,2025-08-17 06:00,2025-07-28|2025-07-29|2025-07-30|2025-07-31|2025-08-01|2025-08-02|2025-08-03|2025-08-04|2025-08-05|2025-08-06|2025-08-07|2025-08-08|2025-08-09|2025-08-10|2025-08-11|2025-08-12|2025-08-13|2025-08-14|2025-08-15|2025-08-16,144
q3,S2,2025-08-17,12,highs-ipm,0.07276512500538956,14668.899584218516,2.2737367544323206e-13,9.094947017729282e-13,20,2025-08-17 12:00,2025-08-17 12:00,2025-07-28|2025-07-29|2025-07-30|2025-07-31|2025-08-01|2025-08-02|2025-08-03|2025-08-04|2025-08-05|2025-08-06|2025-08-07|2025-08-08|2025-08-09|2025-08-10|2025-08-11|2025-08-12|2025-08-13|2025-08-14|2025-08-15|2025-08-16,144
q3,S2,2025-08-18,0,highs-ipm,0.05680820799898356,2607.3033361934167,2.2737367544323206e-13,9.094947017729282e-13,20,2025-08-18 00:00,2025-08-18 00:00,2025-07-29|2025-07-30|2025-07-31|2025-08-01|2025-08-02|2025-08-03|2025-08-04|2025-08-05|2025-08-06|2025-08-07|2025-08-08|2025-08-09|2025-08-10|2025-08-11|2025-08-12|2025-08-13|2025-08-14|2025-08-15|2025-08-16|2025-08-17,144
q3,S2,2025-08-18,6,highs-ipm,0.07043458399857627,12598.433992274147,1.1368683772161603e-13,9.094947017729282e-13,20,2025-08-18 06:00,2025-08-18 06:00,2025-07-29|2025-07-30|2025-07-31|2025-08-01|2025-08-02|2025-08-03|2025-08-04|2025-08-05|2025-08-06|2025-08-07|2025-08-08|2025-08-09|2025-08-10|2025-08-11|2025-08-12|2025-08-13|2025-08-14|2025-08-15|2025-08-16|2025-08-17,144
q3,S2,2025-08-18,12,highs-ipm,0.07200841700250749,15252.99719721816,1.1368683772161603e-13,9.094947017729282e-13,20,2025-08-18 12:00,2025-08-18 12:00,2025-07-29|2025-07-30|2025-07-31|2025-08-01|2025-08-02|2025-08-03|2025-08-04|2025-08-05|2025-08-06|2025-08-07|2025-08-08|2025-08-09|2025-08-10|2025-08-11|2025-08-12|2025-08-13|2025-08-14|2025-08-15|2025-08-16|2025-08-17,144
q3,S2,2025-08-19,0,highs-ipm,0.06229654199705692,2352.0999118457325,1.1368683772161603e-13,9.094947017729282e-13,20,2025-08-19 00:00,2025-08-19 00:00,2025-07-30|2025-07-31|2025-08-01|2025-08-02|2025-08-03|2025-08-04|2025-08-05|2025-08-06|2025-08-07|2025-08-08|2025-08-09|2025-08-10|2025-08-11|2025-08-12|2025-08-13|2025-08-14|2025-08-15|2025-08-16|2025-08-17|2025-08-18,144
q3,S2,2025-08-19,6,highs-ipm,0.07569612500083167,11858.047150837492,1.1368683772161603e-13,9.094947017729282e-13,20,2025-08-19 06:00,2025-08-19 06:00,2025-07-30|2025-07-31|2025-08-01|2025-08-02|2025-08-03|2025-08-04|2025-08-05|2025-08-06|2025-08-07|2025-08-08|2025-08-09|2025-08-10|2025-08-11|2025-08-12|2025-08-13|2025-08-14|2025-08-15|2025-08-16|2025-08-17|2025-08-18,144
q3,S2,2025-08-19,12,highs-ipm,0.07379762499476783,25878.91175027338,1.1368683772161603e-13,8.810729923425242e-13,20,2025-08-19 12:00,2025-08-19 12:00,2025-07-30|2025-07-31|2025-08-01|2025-08-02|2025-08-03|2025-08-04|2025-08-05|2025-08-06|2025-08-07|2025-08-08|2025-08-09|2025-08-10|2025-08-11|2025-08-12|2025-08-13|2025-08-14|2025-08-15|2025-08-16|2025-08-17|2025-08-18,144
q3,S2,2025-08-20,0,highs-ipm,0.05982154199591605,2678.0891073340254,1.1368683772161603e-13,9.094947017729282e-13,20,2025-08-20 00:00,2025-08-20 00:00,2025-07-31|2025-08-01|2025-08-02|2025-08-03|2025-08-04|2025-08-05|2025-08-06|2025-08-07|2025-08-08|2025-08-09|2025-08-10|2025-08-11|2025-08-12|2025-08-13|2025-08-14|2025-08-15|2025-08-16|2025-08-17|2025-08-18|2025-08-19,144
q3,S2,2025-08-20,6,highs-ipm,0.08467829199798871,12912.776031387415,1.1368683772161603e-13,1.0231815394945443e-12,20,2025-08-20 06:00,2025-08-20 06:00,2025-07-31|2025-08-01|2025-08-02|2025-08-03|2025-08-04|2025-08-05|2025-08-06|2025-08-07|2025-08-08|2025-08-09|2025-08-10|2025-08-11|2025-08-12|2025-08-13|2025-08-14|2025-08-15|2025-08-16|2025-08-17|2025-08-18|2025-08-19,144
q3,S2,2025-08-20,12,highs-ipm,0.09271987499960233,20422.03975792822,1.1368683772161603e-13,1.0231815394945443e-12,20,2025-08-20 12:00,2025-08-20 12:00,2025-07-31|2025-08-01|2025-08-02|2025-08-03|2025-08-04|2025-08-05|2025-08-06|2025-08-07|2025-08-08|2025-08-09|2025-08-10|2025-08-11|2025-08-12|2025-08-13|2025-08-14|2025-08-15|2025-08-16|2025-08-17|2025-08-18|2025-08-19,144
q3,S2,2025-08-21,0,highs-ipm,0.060239457998250145,2346.6405235875823,7.105427357601002e-13,9.094947017729282e-13,20,2025-08-21 00:00,2025-08-21 00:00,2025-08-01|2025-08-02|2025-08-03|2025-08-04|2025-08-05|2025-08-06|2025-08-07|2025-08-08|2025-08-09|2025-08-10|2025-08-11|2025-08-12|2025-08-13|2025-08-14|2025-08-15|2025-08-16|2025-08-17|2025-08-18|2025-08-19|2025-08-20,144
q3,S2,2025-08-21,6,highs-ipm,0.08532820899563376,9923.288920773402,1.1368683772161603e-13,7.958078640513122e-13,20,2025-08-21 06:00,2025-08-21 06:00,2025-08-01|2025-08-02|2025-08-03|2025-08-04|2025-08-05|2025-08-06|2025-08-07|2025-08-08|2025-08-09|2025-08-10|2025-08-11|2025-08-12|2025-08-13|2025-08-14|2025-08-15|2025-08-16|2025-08-17|2025-08-18|2025-08-19|2025-08-20,144
q3,S2,2025-08-21,12,highs-ipm,0.07555170799605548,8261.102789028833,1.1368683772161603e-13,9.094947017729282e-13,20,2025-08-21 12:00,2025-08-21 12:00,2025-08-01|2025-08-02|2025-08-03|2025-08-04|2025-08-05|2025-08-06|2025-08-07|2025-08-08|2025-08-09|2025-08-10|2025-08-11|2025-08-12|2025-08-13|2025-08-14|2025-08-15|2025-08-16|2025-08-17|2025-08-18|2025-08-19|2025-08-20,144
q3,S2,2025-08-22,0,highs-ipm,0.06892983300349442,958.6022049724679,2.2737367544323206e-13,7.958078640513122e-13,20,2025-08-22 00:00,2025-08-22 00:00,2025-08-02|2025-08-03|2025-08-04|2025-08-05|2025-08-06|2025-08-07|2025-08-08|2025-08-09|2025-08-10|2025-08-11|2025-08-12|2025-08-13|2025-08-14|2025-08-15|2025-08-16|2025-08-17|2025-08-18|2025-08-19|2025-08-20|2025-08-21,144
q3,S2,2025-08-22,6,highs-ipm,0.07301549999829149,9191.714608969505,2.2737367544323206e-13,7.673861546209082e-13,20,2025-08-22 06:00,2025-08-22 06:00,2025-08-02|2025-08-03|2025-08-04|2025-08-05|2025-08-06|2025-08-07|2025-08-08|2025-08-09|2025-08-10|2025-08-11|2025-08-12|2025-08-13|2025-08-14|2025-08-15|2025-08-16|2025-08-17|2025-08-18|2025-08-19|2025-08-20|2025-08-21,144
q3,S2,2025-08-22,12,highs-ipm,0.07690433300012955,8289.064567246858,1.3642420526593924e-12,6.821210263296962e-13,20,2025-08-22 12:00,2025-08-22 12:00,2025-08-02|2025-08-03|2025-08-04|2025-08-05|2025-08-06|2025-08-07|2025-08-08|2025-08-09|2025-08-10|2025-08-11|2025-08-12|2025-08-13|2025-08-14|2025-08-15|2025-08-16|2025-08-17|2025-08-18|2025-08-19|2025-08-20|2025-08-21,144
q3,S2,2025-08-23,0,highs-ipm,0.06508008400123799,993.5038426451998,7.105427357601002e-15,5.684341886080801e-13,20,2025-08-23 00:00,2025-08-23 00:00,2025-08-03|2025-08-04|2025-08-05|2025-08-06|2025-08-07|2025-08-08|2025-08-09|2025-08-10|2025-08-11|2025-08-12|2025-08-13|2025-08-14|2025-08-15|2025-08-16|2025-08-17|2025-08-18|2025-08-19|2025-08-20|2025-08-21|2025-08-22,144
q3,S2,2025-08-23,6,highs-ipm,0.07034770800237311,12932.361297331816,2.2737367544323206e-13,9.663381206337363e-13,20,2025-08-23 06:00,2025-08-23 06:00,2025-08-03|2025-08-04|2025-08-05|2025-08-06|2025-08-07|2025-08-08|2025-08-09|2025-08-10|2025-08-11|2025-08-12|2025-08-13|2025-08-14|2025-08-15|2025-08-16|2025-08-17|2025-08-18|2025-08-19|2025-08-20|2025-08-21|2025-08-22,144
q3,S2,2025-08-23,12,highs-ipm,0.07685566599684535,26806.338611678762,1.1368683772161603e-13,9.663381206337363e-13,20,2025-08-23 12:00,2025-08-23 12:00,2025-08-03|2025-08-04|2025-08-05|2025-08-06|2025-08-07|2025-08-08|2025-08-09|2025-08-10|2025-08-11|2025-08-12|2025-08-13|2025-08-14|2025-08-15|2025-08-16|2025-08-17|2025-08-18|2025-08-19|2025-08-20|2025-08-21|2025-08-22,144
q3,S2,2025-08-24,0,highs-ipm,0.06328716700227233,2120.759764571235,2.2737367544323206e-13,9.094947017729282e-13,20,2025-08-24 00:00,2025-08-24 00:00,2025-08-04|2025-08-05|2025-08-06|2025-08-07|2025-08-08|2025-08-09|2025-08-10|2025-08-11|2025-08-12|2025-08-13|2025-08-14|2025-08-15|2025-08-16|2025-08-17|2025-08-18|2025-08-19|2025-08-20|2025-08-21|2025-08-22|2025-08-23,144
q3,S2,2025-08-24,6,highs-ipm,0.15351512499910314,11340.046711686884,2.2737367544323206e-13,8.810729923425242e-13,20,2025-08-24 06:00,2025-08-24 06:00,2025-08-04|2025-08-05|2025-08-06|2025-08-07|2025-08-08|2025-08-09|2025-08-10|2025-08-11|2025-08-12|2025-08-13|2025-08-14|2025-08-15|2025-08-16|2025-08-17|2025-08-18|2025-08-19|2025-08-20|2025-08-21|2025-08-22|2025-08-23,144
q3,S2,2025-08-24,12,highs-ipm,0.08027704200503649,19953.095647293307,2.2737367544323206e-13,8.597567102697212e-13,20,2025-08-24 12:00,2025-08-24 12:00,2025-08-04|2025-08-05|2025-08-06|2025-08-07|2025-08-08|2025-08-09|2025-08-10|2025-08-11|2025-08-12|2025-08-13|2025-08-14|2025-08-15|2025-08-16|2025-08-17|2025-08-18|2025-08-19|2025-08-20|2025-08-21|2025-08-22|2025-08-23,144
q3,S2,2025-08-25,0,highs-ipm,0.059597542000119574,2466.6644448717916,2.2737367544323206e-13,1.0231815394945443e-12,20,2025-08-25 00:00,2025-08-25 00:00,2025-08-05|2025-08-06|2025-08-07|2025-08-08|2025-08-09|2025-08-10|2025-08-11|2025-08-12|2025-08-13|2025-08-14|2025-08-15|2025-08-16|2025-08-17|2025-08-18|2025-08-19|2025-08-20|2025-08-21|2025-08-22|2025-08-23|2025-08-24,144
q3,S2,2025-08-25,6,highs-ipm,0.0788018339953851,8719.549080525634,2.2737367544323206e-13,8.641976023682219e-13,20,2025-08-25 06:00,2025-08-25 06:00,2025-08-05|2025-08-06|2025-08-07|2025-08-08|2025-08-09|2025-08-10|2025-08-11|2025-08-12|2025-08-13|2025-08-14|2025-08-15|2025-08-16|2025-08-17|2025-08-18|2025-08-19|2025-08-20|2025-08-21|2025-08-22|2025-08-23|2025-08-24,144
q3,S2,2025-08-25,12,highs-ipm,0.07382091700128512,12000.240034087577,2.2737367544323206e-13,9.094947017729282e-13,20,2025-08-25 12:00,2025-08-25 12:00,2025-08-05|2025-08-06|2025-08-07|2025-08-08|2025-08-09|2025-08-10|2025-08-11|2025-08-12|2025-08-13|2025-08-14|2025-08-15|2025-08-16|2025-08-17|2025-08-18|2025-08-19|2025-08-20|2025-08-21|2025-08-22|2025-08-23|2025-08-24,144
q3,S2,2025-08-26,0,highs-ipm,0.06237099999998463,1886.0678659781445,4.263256414560601e-13,9.094947017729282e-13,20,2025-08-26 00:00,2025-08-26 00:00,2025-08-06|2025-08-07|2025-08-08|2025-08-09|2025-08-10|2025-08-11|2025-08-12|2025-08-13|2025-08-14|2025-08-15|2025-08-16|2025-08-17|2025-08-18|2025-08-19|2025-08-20|2025-08-21|2025-08-22|2025-08-23|2025-08-24|2025-08-25,144
q3,S2,2025-08-26,6,highs-ipm,0.07311208299506688,15113.299820636394,2.2737367544323206e-13,8.881784197001252e-13,20,2025-08-26 06:00,2025-08-26 06:00,2025-08-06|2025-08-07|2025-08-08|2025-08-09|2025-08-10|2025-08-11|2025-08-12|2025-08-13|2025-08-14|2025-08-15|2025-08-16|2025-08-17|2025-08-18|2025-08-19|2025-08-20|2025-08-21|2025-08-22|2025-08-23|2025-08-24|2025-08-25,144
q3,S2,2025-08-26,12,highs-ipm,0.07328304200200364,22362.464916776033,2.2737367544323206e-13,9.094947017729282e-13,20,2025-08-26 12:00,2025-08-26 12:00,2025-08-06|2025-08-07|2025-08-08|2025-08-09|2025-08-10|2025-08-11|2025-08-12|2025-08-13|2025-08-14|2025-08-15|2025-08-16|2025-08-17|2025-08-18|2025-08-19|2025-08-20|2025-08-21|2025-08-22|2025-08-23|2025-08-24|2025-08-25,144
q3,S2,2025-08-27,0,highs-ipm,0.06024641600379255,2175.156670896937,2.2737367544323206e-13,9.094947017729282e-13,20,2025-08-27 00:00,2025-08-27 00:00,2025-08-07|2025-08-08|2025-08-09|2025-08-10|2025-08-11|2025-08-12|2025-08-13|2025-08-14|2025-08-15|2025-08-16|2025-08-17|2025-08-18|2025-08-19|2025-08-20|2025-08-21|2025-08-22|2025-08-23|2025-08-24|2025-08-25|2025-08-26,144
q3,S2,2025-08-27,6,highs-ipm,0.07653516699792817,19643.333691220327,2.2737367544323206e-13,8.171241461241152e-13,20,2025-08-27 06:00,2025-08-27 06:00,2025-08-07|2025-08-08|2025-08-09|2025-08-10|2025-08-11|2025-08-12|2025-08-13|2025-08-14|2025-08-15|2025-08-16|2025-08-17|2025-08-18|2025-08-19|2025-08-20|2025-08-21|2025-08-22|2025-08-23|2025-08-24|2025-08-25|2025-08-26,144
q3,S2,2025-08-27,12,highs-ipm,0.07807466700614896,22252.83179459358,2.2737367544323206e-13,9.094947017729282e-13,20,2025-08-27 12:00,2025-08-27 12:00,2025-08-07|2025-08-08|2025-08-09|2025-08-10|2025-08-11|2025-08-12|2025-08-13|2025-08-14|2025-08-15|2025-08-16|2025-08-17|2025-08-18|2025-08-19|2025-08-20|2025-08-21|2025-08-22|2025-08-23|2025-08-24|2025-08-25|2025-08-26,144
q3,S2,2025-08-28,0,highs-ipm,0.06086516699724598,2286.5297361879966,1.1368683772161603e-13,8.242295734817162e-13,20,2025-08-28 00:00,2025-08-28 00:00,2025-08-08|2025-08-09|2025-08-10|2025-08-11|2025-08-12|2025-08-13|2025-08-14|2025-08-15|2025-08-16|2025-08-17|2025-08-18|2025-08-19|2025-08-20|2025-08-21|2025-08-22|2025-08-23|2025-08-24|2025-08-25|2025-08-26|2025-08-27,144
q3,S2,2025-08-28,6,highs-ipm,0.07642108300206019,16751.972649267198,1.1368683772161603e-13,8.526512829121202e-13,20,2025-08-28 06:00,2025-08-28 06:00,2025-08-08|2025-08-09|2025-08-10|2025-08-11|2025-08-12|2025-08-13|2025-08-14|2025-08-15|2025-08-16|2025-08-17|2025-08-18|2025-08-19|2025-08-20|2025-08-21|2025-08-22|2025-08-23|2025-08-24|2025-08-25|2025-08-26|2025-08-27,144
q3,S2,2025-08-28,12,highs-ipm,0.07973874999879627,12027.375489348708,1.1368683772161603e-13,6.821210263296962e-13,20,2025-08-28 12:00,2025-08-28 12:00,2025-08-08|2025-08-09|2025-08-10|2025-08-11|2025-08-12|2025-08-13|2025-08-14|2025-08-15|2025-08-16|2025-08-17|2025-08-18|2025-08-19|2025-08-20|2025-08-21|2025-08-22|2025-08-23|2025-08-24|2025-08-25|2025-08-26|2025-08-27,144
q3,S2,2025-08-29,0,highs-ipm,0.05707529200299177,1061.3408778790772,1.1368683772161603e-13,9.094947017729282e-13,20,2025-08-29 00:00,2025-08-29 00:00,2025-08-09|2025-08-10|2025-08-11|2025-08-12|2025-08-13|2025-08-14|2025-08-15|2025-08-16|2025-08-17|2025-08-18|2025-08-19|2025-08-20|2025-08-21|2025-08-22|2025-08-23|2025-08-24|2025-08-25|2025-08-26|2025-08-27|2025-08-28,144
q3,S2,2025-08-29,6,highs-ipm,0.08433079200040083,8842.959466911067,5.684341886080802e-14,9.094947017729282e-13,20,2025-08-29 06:00,2025-08-29 06:00,2025-08-09|2025-08-10|2025-08-11|2025-08-12|2025-08-13|2025-08-14|2025-08-15|2025-08-16|2025-08-17|2025-08-18|2025-08-19|2025-08-20|2025-08-21|2025-08-22|2025-08-23|2025-08-24|2025-08-25|2025-08-26|2025-08-27|2025-08-28,144
q3,S2,2025-08-29,12,highs-ipm,0.08008833399799187,8138.118335719589,1.1368683772161603e-13,9.094947017729282e-13,20,2025-08-29 12:00,2025-08-29 12:00,2025-08-09|2025-08-10|2025-08-11|2025-08-12|2025-08-13|2025-08-14|2025-08-15|2025-08-16|2025-08-17|2025-08-18|2025-08-19|2025-08-20|2025-08-21|2025-08-22|2025-08-23|2025-08-24|2025-08-25|2025-08-26|2025-08-27|2025-08-28,144
q3,S2,2025-08-30,0,highs-ipm,0.0682012500037672,1236.6747025959396,2.2737367544323206e-13,8.810729923425242e-13,20,2025-08-30 00:00,2025-08-30 00:00,2025-08-10|2025-08-11|2025-08-12|2025-08-13|2025-08-14|2025-08-15|2025-08-16|2025-08-17|2025-08-18|2025-08-19|2025-08-20|2025-08-21|2025-08-22|2025-08-23|2025-08-24|2025-08-25|2025-08-26|2025-08-27|2025-08-28|2025-08-29,144
q3,S2,2025-08-30,6,highs-ipm,0.07884025000385009,12180.233953483146,2.2737367544323206e-13,8.917311333789257e-13,20,2025-08-30 06:00,2025-08-30 06:00,2025-08-10|2025-08-11|2025-08-12|2025-08-13|2025-08-14|2025-08-15|2025-08-16|2025-08-17|2025-08-18|2025-08-19|2025-08-20|2025-08-21|2025-08-22|2025-08-23|2025-08-24|2025-08-25|2025-08-26|2025-08-27|2025-08-28|2025-08-29,144
q3,S2,2025-08-30,12,highs-ipm,0.0781916670021019,14804.362118032908,2.2737367544323206e-13,9.094947017729282e-13,20,2025-08-30 12:00,2025-08-30 12:00,2025-08-10|2025-08-11|2025-08-12|2025-08-13|2025-08-14|2025-08-15|2025-08-16|2025-08-17|2025-08-18|2025-08-19|2025-08-20|2025-08-21|2025-08-22|2025-08-23|2025-08-24|2025-08-25|2025-08-26|2025-08-27|2025-08-28|2025-08-29,144
q3,S2,2025-08-31,0,highs-ipm,0.06608383300044807,1881.0412515276776,2.2737367544323206e-13,7.958078640513122e-13,20,2025-08-31 00:00,2025-08-31 00:00,2025-08-11|2025-08-12|2025-08-13|2025-08-14|2025-08-15|2025-08-16|2025-08-17|2025-08-18|2025-08-19|2025-08-20|2025-08-21|2025-08-22|2025-08-23|2025-08-24|2025-08-25|2025-08-26|2025-08-27|2025-08-28|2025-08-29|2025-08-30,144
q3,S2,2025-08-31,6,highs-ipm,0.07330733299750136,14367.439043103315,1.1368683772161603e-13,9.094947017729282e-13,20,2025-08-31 06:00,2025-08-31 06:00,2025-08-11|2025-08-12|2025-08-13|2025-08-14|2025-08-15|2025-08-16|2025-08-17|2025-08-18|2025-08-19|2025-08-20|2025-08-21|2025-08-22|2025-08-23|2025-08-24|2025-08-25|2025-08-26|2025-08-27|2025-08-28|2025-08-29|2025-08-30,144
q3,S2,2025-08-31,12,highs-ipm,0.07361241600301582,17662.549747516583,2.2737367544323206e-13,8.668621376273222e-13,20,2025-08-31 12:00,2025-08-31 12:00,2025-08-11|2025-08-12|2025-08-13|2025-08-14|2025-08-15|2025-08-16|2025-08-17|2025-08-18|2025-08-19|2025-08-20|2025-08-21|2025-08-22|2025-08-23|2025-08-24|2025-08-25|2025-08-26|2025-08-27|2025-08-28|2025-08-29|2025-08-30,144
q3,S2,2025-09-01,0,highs-ipm,0.05549820900341729,2518.4288755881066,3.979039320256561e-13,1.0231815394945443e-12,20,2025-09-01 00:00,2025-09-01 00:00,2025-08-12|2025-08-13|2025-08-14|2025-08-15|2025-08-16|2025-08-17|2025-08-18|2025-08-19|2025-08-20|2025-08-21|2025-08-22|2025-08-23|2025-08-24|2025-08-25|2025-08-26|2025-08-27|2025-08-28|2025-08-29|2025-08-30|2025-08-31,144
q3,S2,2025-09-01,6,highs-ipm,0.07351029200071935,9792.891222718732,2.2737367544323206e-13,8.526512829121202e-13,20,2025-09-01 06:00,2025-09-01 06:00,2025-08-12|2025-08-13|2025-08-14|2025-08-15|2025-08-16|2025-08-17|2025-08-18|2025-08-19|2025-08-20|2025-08-21|2025-08-22|2025-08-23|2025-08-24|2025-08-25|2025-08-26|2025-08-27|2025-08-28|2025-08-29|2025-08-30|2025-08-31,144
q3,S2,2025-09-01,12,highs-ipm,0.07642183400457725,20709.115195839193,2.2737367544323206e-13,9.094947017729282e-13,20,2025-09-01 12:00,2025-09-01 12:00,2025-08-12|2025-08-13|2025-08-14|2025-08-15|2025-08-16|2025-08-17|2025-08-18|2025-08-19|2025-08-20|2025-08-21|2025-08-22|2025-08-23|2025-08-24|2025-08-25|2025-08-26|2025-08-27|2025-08-28|2025-08-29|2025-08-30|2025-08-31,144
q3,S2,2025-09-02,0,highs-ipm,0.06070579199877102,2326.4815531770055,2.2737367544323206e-13,8.100187187665142e-13,20,2025-09-02 00:00,2025-09-02 00:00,2025-08-13|2025-08-14|2025-08-15|2025-08-16|2025-08-17|2025-08-18|2025-08-19|2025-08-20|2025-08-21|2025-08-22|2025-08-23|2025-08-24|2025-08-25|2025-08-26|2025-08-27|2025-08-28|2025-08-29|2025-08-30|2025-08-31|2025-09-01,144
q3,S2,2025-09-02,6,highs-ipm,0.07631866600422654,17221.995109485455,2.2737367544323206e-13,8.100187187665142e-13,20,2025-09-02 06:00,2025-09-02 06:00,2025-08-13|2025-08-14|2025-08-15|2025-08-16|2025-08-17|2025-08-18|2025-08-19|2025-08-20|2025-08-21|2025-08-22|2025-08-23|2025-08-24|2025-08-25|2025-08-26|2025-08-27|2025-08-28|2025-08-29|2025-08-30|2025-08-31|2025-09-01,144
q3,S2,2025-09-02,12,highs-ipm,0.07372975000180304,16231.37712409248,2.2737367544323206e-13,9.094947017729282e-13,20,2025-09-02 12:00,2025-09-02 12:00,2025-08-13|2025-08-14|2025-08-15|2025-08-16|2025-08-17|2025-08-18|2025-08-19|2025-08-20|2025-08-21|2025-08-22|2025-08-23|2025-08-24|2025-08-25|2025-08-26|2025-08-27|2025-08-28|2025-08-29|2025-08-30|2025-08-31|2025-09-01,144
q3,S2,2025-09-03,0,highs-ipm,0.0647739999985788,2478.526119191101,2.2737367544323206e-13,9.094947017729282e-13,20,2025-09-03 00:00,2025-09-03 00:00,2025-08-14|2025-08-15|2025-08-16|2025-08-17|2025-08-18|2025-08-19|2025-08-20|2025-08-21|2025-08-22|2025-08-23|2025-08-24|2025-08-25|2025-08-26|2025-08-27|2025-08-28|2025-08-29|2025-08-30|2025-08-31|2025-09-01|2025-09-02,144
q3,S2,2025-09-03,6,highs-ipm,0.08088654199673329,12758.150300777912,2.2737367544323206e-13,9.094947017729282e-13,20,2025-09-03 06:00,2025-09-03 06:00,2025-08-14|2025-08-15|2025-08-16|2025-08-17|2025-08-18|2025-08-19|2025-08-20|2025-08-21|2025-08-22|2025-08-23|2025-08-24|2025-08-25|2025-08-26|2025-08-27|2025-08-28|2025-08-29|2025-08-30|2025-08-31|2025-09-01|2025-09-02,144
q3,S2,2025-09-03,12,highs-ipm,0.07893958299973747,23119.231809513793,2.2737367544323206e-13,9.094947017729282e-13,20,2025-09-03 12:00,2025-09-03 12:00,2025-08-14|2025-08-15|2025-08-16|2025-08-17|2025-08-18|2025-08-19|2025-08-20|2025-08-21|2025-08-22|2025-08-23|2025-08-24|2025-08-25|2025-08-26|2025-08-27|2025-08-28|2025-08-29|2025-08-30|2025-08-31|2025-09-01|2025-09-02,144
q3,S2,2025-09-04,0,highs-ipm,0.05815212499874178,2534.436892347406,3.126388037344441e-13,7.958078640513122e-13,20,2025-09-04 00:00,2025-09-04 00:00,2025-08-15|2025-08-16|2025-08-17|2025-08-18|2025-08-19|2025-08-20|2025-08-21|2025-08-22|2025-08-23|2025-08-24|2025-08-25|2025-08-26|2025-08-27|2025-08-28|2025-08-29|2025-08-30|2025-08-31|2025-09-01|2025-09-02|2025-09-03,144
q3,S2,2025-09-04,6,highs-ipm,0.0742497499959427,10288.271622102555,2.2737367544323206e-13,8.526512829121202e-13,20,2025-09-04 06:00,2025-09-04 06:00,2025-08-15|2025-08-16|2025-08-17|2025-08-18|2025-08-19|2025-08-20|2025-08-21|2025-08-22|2025-08-23|2025-08-24|2025-08-25|2025-08-26|2025-08-27|2025-08-28|2025-08-29|2025-08-30|2025-08-31|2025-09-01|2025-09-02|2025-09-03,144
q3,S2,2025-09-04,12,highs-ipm,0.07512125000357628,8855.32706785762,1.1368683772161603e-13,8.810729923425242e-13,20,2025-09-04 12:00,2025-09-04 12:00,2025-08-15|2025-08-16|2025-08-17|2025-08-18|2025-08-19|2025-08-20|2025-08-21|2025-08-22|2025-08-23|2025-08-24|2025-08-25|2025-08-26|2025-08-27|2025-08-28|2025-08-29|2025-08-30|2025-08-31|2025-09-01|2025-09-02|2025-09-03,144
q3,S2,2025-09-05,0,highs-ipm,0.0610017080034595,992.6525408715083,2.2737367544323206e-13,8.526512829121202e-13,20,2025-09-05 00:00,2025-09-05 00:00,2025-08-16|2025-08-17|2025-08-18|2025-08-19|2025-08-20|2025-08-21|2025-08-22|2025-08-23|2025-08-24|2025-08-25|2025-08-26|2025-08-27|2025-08-28|2025-08-29|2025-08-30|2025-08-31|2025-09-01|2025-09-02|2025-09-03|2025-09-04,144
q3,S2,2025-09-05,6,highs-ipm,0.07272475000354461,9198.179098507773,2.2737367544323206e-13,9.094947017729282e-13,20,2025-09-05 06:00,2025-09-05 06:00,2025-08-16|2025-08-17|2025-08-18|2025-08-19|2025-08-20|2025-08-21|2025-08-22|2025-08-23|2025-08-24|2025-08-25|2025-08-26|2025-08-27|2025-08-28|2025-08-29|2025-08-30|2025-08-31|2025-09-01|2025-09-02|2025-09-03|2025-09-04,144
q3,S2,2025-09-05,12,highs-ipm,0.07948395800485741,8132.6793859502795,5.684341886080802e-14,8.526512829121202e-13,20,2025-09-05 12:00,2025-09-05 12:00,2025-08-16|2025-08-17|2025-08-18|2025-08-19|2025-08-20|2025-08-21|2025-08-22|2025-08-23|2025-08-24|2025-08-25|2025-08-26|2025-08-27|2025-08-28|2025-08-29|2025-08-30|2025-08-31|2025-09-01|2025-09-02|2025-09-03|2025-09-04,144
q3,S2,2025-09-06,0,highs-ipm,0.06393849999585655,1093.4715662882204,5.684341886080802e-14,8.526512829121202e-13,20,2025-09-06 00:00,2025-09-06 00:00,2025-08-17|2025-08-18|2025-08-19|2025-08-20|2025-08-21|2025-08-22|2025-08-23|2025-08-24|2025-08-25|2025-08-26|2025-08-27|2025-08-28|2025-08-29|2025-08-30|2025-08-31|2025-09-01|2025-09-02|2025-09-03|2025-09-04|2025-09-05,144
q3,S2,2025-09-06,6,highs-ipm,0.06972837499779416,12410.646208363192,2.2737367544323206e-13,8.189005029635155e-13,20,2025-09-06 06:00,2025-09-06 06:00,2025-08-17|2025-08-18|2025-08-19|2025-08-20|2025-08-21|2025-08-22|2025-08-23|2025-08-24|2025-08-25|2025-08-26|2025-08-27|2025-08-28|2025-08-29|2025-08-30|2025-08-31|2025-09-01|2025-09-02|2025-09-03|2025-09-04|2025-09-05,144
q3,S2,2025-09-06,12,highs-ipm,0.06903520800551632,13821.333275821555,1.1368683772161603e-13,9.094947017729282e-13,20,2025-09-06 12:00,2025-09-06 12:00,2025-08-17|2025-08-18|2025-08-19|2025-08-20|2025-08-21|2025-08-22|2025-08-23|2025-08-24|2025-08-25|2025-08-26|2025-08-27|2025-08-28|2025-08-29|2025-08-30|2025-08-31|2025-09-01|2025-09-02|2025-09-03|2025-09-04|2025-09-05,144
q3,S2,2025-09-07,0,highs-ipm,0.053879874998528976,2221.2961860350097,4.547473508864641e-13,7.958078640513122e-13,20,2025-09-07 00:00,2025-09-07 00:00,2025-08-18|2025-08-19|2025-08-20|2025-08-21|2025-08-22|2025-08-23|2025-08-24|2025-08-25|2025-08-26|2025-08-27|2025-08-28|2025-08-29|2025-08-30|2025-08-31|2025-09-01|2025-09-02|2025-09-03|2025-09-04|2025-09-05|2025-09-06,144
q3,S2,2025-09-07,6,highs-ipm,0.07364650000090478,17349.775473006193,2.2737367544323206e-13,8.86846152070575e-13,20,2025-09-07 06:00,2025-09-07 06:00,2025-08-18|2025-08-19|2025-08-20|2025-08-21|2025-08-22|2025-08-23|2025-08-24|2025-08-25|2025-08-26|2025-08-27|2025-08-28|2025-08-29|2025-08-30|2025-08-31|2025-09-01|2025-09-02|2025-09-03|2025-09-04|2025-09-05|2025-09-06,144
q3,S2,2025-09-07,12,highs-ipm,0.07102666599530494,15603.21869070241,1.1368683772161603e-13,9.094947017729282e-13,20,2025-09-07 12:00,2025-09-07 12:00,2025-08-18|2025-08-19|2025-08-20|2025-08-21|2025-08-22|2025-08-23|2025-08-24|2025-08-25|2025-08-26|2025-08-27|2025-08-28|2025-08-29|2025-08-30|2025-08-31|2025-09-01|2025-09-02|2025-09-03|2025-09-04|2025-09-05|2025-09-06,144
q3,S2,2025-09-08,0,highs-ipm,0.05391058399982285,2643.3660655158733,1.1368683772161603e-13,9.094947017729282e-13,20,2025-09-08 00:00,2025-09-08 00:00,2025-08-19|2025-08-20|2025-08-21|2025-08-22|2025-08-23|2025-08-24|2025-08-25|2025-08-26|2025-08-27|2025-08-28|2025-08-29|2025-08-30|2025-08-31|2025-09-01|2025-09-02|2025-09-03|2025-09-04|2025-09-05|2025-09-06|2025-09-07,144
q3,S2,2025-09-08,6,highs-ipm,0.07360479199996917,12801.567404812067,1.1368683772161603e-13,9.094947017729282e-13,20,2025-09-08 06:00,2025-09-08 06:00,2025-08-19|2025-08-20|2025-08-21|2025-08-22|2025-08-23|2025-08-24|2025-08-25|2025-08-26|2025-08-27|2025-08-28|2025-08-29|2025-08-30|2025-08-31|2025-09-01|2025-09-02|2025-09-03|2025-09-04|2025-09-05|2025-09-06|2025-09-07,144
q3,S2,2025-09-08,12,highs-ipm,0.06777516700094566,15983.398699546886,1.1368683772161603e-13,9.094947017729282e-13,20,2025-09-08 12:00,2025-09-08 12:00,2025-08-19|2025-08-20|2025-08-21|2025-08-22|2025-08-23|2025-08-24|2025-08-25|2025-08-26|2025-08-27|2025-08-28|2025-08-29|2025-08-30|2025-08-31|2025-09-01|2025-09-02|2025-09-03|2025-09-04|2025-09-05|2025-09-06|2025-09-07,144
q3,S2,2025-09-09,0,highs-ipm,0.05971504199987976,2156.542800402487,1.1368683772161603e-13,9.094947017729282e-13,20,2025-09-09 00:00,2025-09-09 00:00,2025-08-20|2025-08-21|2025-08-22|2025-08-23|2025-08-24|2025-08-25|2025-08-26|2025-08-27|2025-08-28|2025-08-29|2025-08-30|2025-08-31|2025-09-01|2025-09-02|2025-09-03|2025-09-04|2025-09-05|2025-09-06|2025-09-07|2025-09-08,144
q3,S2,2025-09-09,6,highs-ipm,0.08011933299712837,17524.223069461375,1.1368683772161603e-13,9.094947017729282e-13,20,2025-09-09 06:00,2025-09-09 06:00,2025-08-20|2025-08-21|2025-08-22|2025-08-23|2025-08-24|2025-08-25|2025-08-26|2025-08-27|2025-08-28|2025-08-29|2025-08-30|2025-08-31|2025-09-01|2025-09-02|2025-09-03|2025-09-04|2025-09-05|2025-09-06|2025-09-07|2025-09-08,144
q3,S2,2025-09-09,12,highs-ipm,0.06911604200286092,15283.150947670314,2.2737367544323206e-13,8.526512829121202e-13,20,2025-09-09 12:00,2025-09-09 12:00,2025-08-20|2025-08-21|2025-08-22|2025-08-23|2025-08-24|2025-08-25|2025-08-26|2025-08-27|2025-08-28|2025-08-29|2025-08-30|2025-08-31|2025-09-01|2025-09-02|2025-09-03|2025-09-04|2025-09-05|2025-09-06|2025-09-07|2025-09-08,144
q3,S2,2025-09-10,0,highs-ipm,0.05813487500563497,2830.5469265682814,3.979039320256561e-13,9.094947017729282e-13,20,2025-09-10 00:00,2025-09-10 00:00,2025-08-21|2025-08-22|2025-08-23|2025-08-24|2025-08-25|2025-08-26|2025-08-27|2025-08-28|2025-08-29|2025-08-30|2025-08-31|2025-09-01|2025-09-02|2025-09-03|2025-09-04|2025-09-05|2025-09-06|2025-09-07|2025-09-08|2025-09-09,144
q3,S2,2025-09-10,6,highs-ipm,0.07237541599897668,11029.218363531449,2.2737367544323206e-13,9.094947017729282e-13,20,2025-09-10 06:00,2025-09-10 06:00,2025-08-21|2025-08-22|2025-08-23|2025-08-24|2025-08-25|2025-08-26|2025-08-27|2025-08-28|2025-08-29|2025-08-30|2025-08-31|2025-09-01|2025-09-02|2025-09-03|2025-09-04|2025-09-05|2025-09-06|2025-09-07|2025-09-08|2025-09-09,144
q3,S2,2025-09-10,12,highs-ipm,0.0726204160018824,24974.53076919694,2.2737367544323206e-13,9.094947017729282e-13,20,2025-09-10 12:00,2025-09-10 12:00,2025-08-21|2025-08-22|2025-08-23|2025-08-24|2025-08-25|2025-08-26|2025-08-27|2025-08-28|2025-08-29|2025-08-30|2025-08-31|2025-09-01|2025-09-02|2025-09-03|2025-09-04|2025-09-05|2025-09-06|2025-09-07|2025-09-08|2025-09-09,144
q3,S2,2025-09-11,0,highs-ipm,0.053563999994366895,2746.629672289156,2.2737367544323206e-13,1.0231815394945443e-12,20,2025-09-11 00:00,2025-09-11 00:00,2025-08-22|2025-08-23|2025-08-24|2025-08-25|2025-08-26|2025-08-27|2025-08-28|2025-08-29|2025-08-30|2025-08-31|2025-09-01|2025-09-02|2025-09-03|2025-09-04|2025-09-05|2025-09-06|2025-09-07|2025-09-08|2025-09-09|2025-09-10,144
q3,S2,2025-09-11,6,highs-ipm,0.0770863330035354,7024.876846425503,2.2737367544323206e-13,9.094947017729282e-13,20,2025-09-11 06:00,2025-09-11 06:00,2025-08-22|2025-08-23|2025-08-24|2025-08-25|2025-08-26|2025-08-27|2025-08-28|2025-08-29|2025-08-30|2025-08-31|2025-09-01|2025-09-02|2025-09-03|2025-09-04|2025-09-05|2025-09-06|2025-09-07|2025-09-08|2025-09-09|2025-09-10,144
q3,S2,2025-09-11,12,highs-ipm,0.07902487499814015,6613.1889162066955,2.2737367544323206e-13,9.094947017729282e-13,20,2025-09-11 12:00,2025-09-11 12:00,2025-08-22|2025-08-23|2025-08-24|2025-08-25|2025-08-26|2025-08-27|2025-08-28|2025-08-29|2025-08-30|2025-08-31|2025-09-01|2025-09-02|2025-09-03|2025-09-04|2025-09-05|2025-09-06|2025-09-07|2025-09-08|2025-09-09|2025-09-10,144
q3,S2,2025-09-12,0,highs-ipm,0.05555487500532763,1319.629455791265,2.8421709430404007e-13,7.958078640513122e-13,20,2025-09-12 00:00,2025-09-12 00:00,2025-08-23|2025-08-24|2025-08-25|2025-08-26|2025-08-27|2025-08-28|2025-08-29|2025-08-30|2025-08-31|2025-09-01|2025-09-02|2025-09-03|2025-09-04|2025-09-05|2025-09-06|2025-09-07|2025-09-08|2025-09-09|2025-09-10|2025-09-11,144
q3,S2,2025-09-12,6,highs-ipm,0.07115866700041806,8689.951732319954,1.7053025658242404e-12,8.970602038971265e-13,20,2025-09-12 06:00,2025-09-12 06:00,2025-08-23|2025-08-24|2025-08-25|2025-08-26|2025-08-27|2025-08-28|2025-08-29|2025-08-30|2025-08-31|2025-09-01|2025-09-02|2025-09-03|2025-09-04|2025-09-05|2025-09-06|2025-09-07|2025-09-08|2025-09-09|2025-09-10|2025-09-11,144
q3,S2,2025-09-12,12,highs-ipm,0.06794033299956936,13343.49933087902,1.1368683772161603e-13,8.526512829121202e-13,20,2025-09-12 12:00,2025-09-12 12:00,2025-08-23|2025-08-24|2025-08-25|2025-08-26|2025-08-27|2025-08-28|2025-08-29|2025-08-30|2025-08-31|2025-09-01|2025-09-02|2025-09-03|2025-09-04|2025-09-05|2025-09-06|2025-09-07|2025-09-08|2025-09-09|2025-09-10|2025-09-11,144
q3,S2,2025-09-13,0,highs-ipm,0.06019779200141784,1220.2204577767375,5.684341886080802e-14,7.958078640513122e-13,20,2025-09-13 00:00,2025-09-13 00:00,2025-08-24|2025-08-25|2025-08-26|2025-08-27|2025-08-28|2025-08-29|2025-08-30|2025-08-31|2025-09-01|2025-09-02|2025-09-03|2025-09-04|2025-09-05|2025-09-06|2025-09-07|2025-09-08|2025-09-09|2025-09-10|2025-09-11|2025-09-12,144
q3,S2,2025-09-13,6,highs-ipm,0.0748662499972852,11551.021518476791,5.684341886080802e-14,7.958078640513122e-13,20,2025-09-13 06:00,2025-09-13 06:00,2025-08-24|2025-08-25|2025-08-26|2025-08-27|2025-08-28|2025-08-29|2025-08-30|2025-08-31|2025-09-01|2025-09-02|2025-09-03|2025-09-04|2025-09-05|2025-09-06|2025-09-07|2025-09-08|2025-09-09|2025-09-10|2025-09-11|2025-09-12,144
q3,S2,2025-09-13,12,highs-ipm,0.07010616600018693,17955.385012406125,7.958078640513122e-13,8.526512829121202e-13,20,2025-09-13 12:00,2025-09-13 12:00,2025-08-24|2025-08-25|2025-08-26|2025-08-27|2025-08-28|2025-08-29|2025-08-30|2025-08-31|2025-09-01|2025-09-02|2025-09-03|2025-09-04|2025-09-05|2025-09-06|2025-09-07|2025-09-08|2025-09-09|2025-09-10|2025-09-11|2025-09-12,144
q3,S2,2025-09-14,0,highs-ipm,0.05480445799912559,3057.089754980657,2.2737367544323206e-13,9.094947017729282e-13,20,2025-09-14 00:00,2025-09-14 00:00,2025-08-25|2025-08-26|2025-08-27|2025-08-28|2025-08-29|2025-08-30|2025-08-31|2025-09-01|2025-09-02|2025-09-03|2025-09-04|2025-09-05|2025-09-06|2025-09-07|2025-09-08|2025-09-09|2025-09-10|2025-09-11|2025-09-12|2025-09-13,144
q3,S2,2025-09-14,6,highs-ipm,0.07114637499762466,8988.335909598849,1.1368683772161603e-13,8.57980353430321e-13,20,2025-09-14 06:00,2025-09-14 06:00,2025-08-25|2025-08-26|2025-08-27|2025-08-28|2025-08-29|2025-08-30|2025-08-31|2025-09-01|2025-09-02|2025-09-03|2025-09-04|2025-09-05|2025-09-06|2025-09-07|2025-09-08|2025-09-09|2025-09-10|2025-09-11|2025-09-12|2025-09-13,144
q3,S2,2025-09-14,12,highs-ipm,0.07183049999730429,14479.85252255577,1.1368683772161603e-13,8.952838470577262e-13,20,2025-09-14 12:00,2025-09-14 12:00,2025-08-25|2025-08-26|2025-08-27|2025-08-28|2025-08-29|2025-08-30|2025-08-31|2025-09-01|2025-09-02|2025-09-03|2025-09-04|2025-09-05|2025-09-06|2025-09-07|2025-09-08|2025-09-09|2025-09-10|2025-09-11|2025-09-12|2025-09-13,144
q3,S2,2025-09-15,0,highs-ipm,0.05351137500110781,2519.6480886207823,7.389644451905042e-13,9.094947017729282e-13,20,2025-09-15 00:00,2025-09-15 00:00,2025-08-26|2025-08-27|2025-08-28|2025-08-29|2025-08-30|2025-08-31|2025-09-01|2025-09-02|2025-09-03|2025-09-04|2025-09-05|2025-09-06|2025-09-07|2025-09-08|2025-09-09|2025-09-10|2025-09-11|2025-09-12|2025-09-13|2025-09-14,144
q3,S2,2025-09-15,6,highs-ipm,0.07924516700586537,11819.418907939787,1.1368683772161603e-13,9.094947017729282e-13,20,2025-09-15 06:00,2025-09-15 06:00,2025-08-26|2025-08-27|2025-08-28|2025-08-29|2025-08-30|2025-08-31|2025-09-01|2025-09-02|2025-09-03|2025-09-04|2025-09-05|2025-09-06|2025-09-07|2025-09-08|2025-09-09|2025-09-10|2025-09-11|2025-09-12|2025-09-13|2025-09-14,144
q3,S2,2025-09-15,12,highs-ipm,0.07478766699932748,14466.962473302416,1.1368683772161603e-13,9.094947017729282e-13,20,2025-09-15 12:00,2025-09-15 12:00,2025-08-26|2025-08-27|2025-08-28|2025-08-29|2025-08-30|2025-08-31|2025-09-01|2025-09-02|2025-09-03|2025-09-04|2025-09-05|2025-09-06|2025-09-07|2025-09-08|2025-09-09|2025-09-10|2025-09-11|2025-09-12|2025-09-13|2025-09-14,144
q3,S2,2025-09-16,0,highs-ipm,0.05021854199731024,3247.2125048948683,3.410605131648481e-13,1.0231815394945443e-12,20,2025-09-16 00:00,2025-09-16 00:00,2025-08-27|2025-08-28|2025-08-29|2025-08-30|2025-08-31|2025-09-01|2025-09-02|2025-09-03|2025-09-04|2025-09-05|2025-09-06|2025-09-07|2025-09-08|2025-09-09|2025-09-10|2025-09-11|2025-09-12|2025-09-13|2025-09-14|2025-09-15,144
q3,S2,2025-09-16,6,highs-ipm,0.07374783400155138,10134.509534109535,5.684341886080802e-14,9.094947017729282e-13,20,2025-09-16 06:00,2025-09-16 06:00,2025-08-27|2025-08-28|2025-08-29|2025-08-30|2025-08-31|2025-09-01|2025-09-02|2025-09-03|2025-09-04|2025-09-05|2025-09-06|2025-09-07|2025-09-08|2025-09-09|2025-09-10|2025-09-11|2025-09-12|2025-09-13|2025-09-14|2025-09-15,144
q3,S2,2025-09-16,12,highs-ipm,0.06999545799772022,14468.798524208705,1.1368683772161603e-13,8.752998326144734e-13,20,2025-09-16 12:00,2025-09-16 12:00,2025-08-27|2025-08-28|2025-08-29|2025-08-30|2025-08-31|2025-09-01|2025-09-02|2025-09-03|2025-09-04|2025-09-05|2025-09-06|2025-09-07|2025-09-08|2025-09-09|2025-09-10|2025-09-11|2025-09-12|2025-09-13|2025-09-14|2025-09-15,144
q3,S2,2025-09-17,0,highs-ipm,0.05538320900086546,3045.27337995794,5.968558980384842e-13,9.094947017729282e-13,20,2025-09-17 00:00,2025-09-17 00:00,2025-08-28|2025-08-29|2025-08-30|2025-08-31|2025-09-01|2025-09-02|2025-09-03|2025-09-04|2025-09-05|2025-09-06|2025-09-07|2025-09-08|2025-09-09|2025-09-10|2025-09-11|2025-09-12|2025-09-13|2025-09-14|2025-09-15|2025-09-16,144
q3,S2,2025-09-17,6,highs-ipm,0.07846199999767123,10906.453153293158,2.2737367544323206e-13,9.094947017729282e-13,20,2025-09-17 06:00,2025-09-17 06:00,2025-08-28|2025-08-29|2025-08-30|2025-08-31|2025-09-01|2025-09-02|2025-09-03|2025-09-04|2025-09-05|2025-09-06|2025-09-07|2025-09-08|2025-09-09|2025-09-10|2025-09-11|2025-09-12|2025-09-13|2025-09-14|2025-09-15|2025-09-16,144
q3,S2,2025-09-17,12,highs-ipm,0.07237741699645994,25374.151471548797,1.1368683772161603e-13,9.094947017729282e-13,20,2025-09-17 12:00,2025-09-17 12:00,2025-08-28|2025-08-29|2025-08-30|2025-08-31|2025-09-01|2025-09-02|2025-09-03|2025-09-04|2025-09-05|2025-09-06|2025-09-07|2025-09-08|2025-09-09|2025-09-10|2025-09-11|2025-09-12|2025-09-13|2025-09-14|2025-09-15|2025-09-16,144
q3,S2,2025-09-18,0,highs-ipm,0.054329083002812695,2468.1630696649863,1.1368683772161603e-13,8.810729923425242e-13,20,2025-09-18 00:00,2025-09-18 00:00,2025-08-29|2025-08-30|2025-08-31|2025-09-01|2025-09-02|2025-09-03|2025-09-04|2025-09-05|2025-09-06|2025-09-07|2025-09-08|2025-09-09|2025-09-10|2025-09-11|2025-09-12|2025-09-13|2025-09-14|2025-09-15|2025-09-16|2025-09-17,144
q3,S2,2025-09-18,6,highs-ipm,0.07592845800536452,15684.365891389998,2.2737367544323206e-13,9.094947017729282e-13,20,2025-09-18 06:00,2025-09-18 06:00,2025-08-29|2025-08-30|2025-08-31|2025-09-01|2025-09-02|2025-09-03|2025-09-04|2025-09-05|2025-09-06|2025-09-07|2025-09-08|2025-09-09|2025-09-10|2025-09-11|2025-09-12|2025-09-13|2025-09-14|2025-09-15|2025-09-16|2025-09-17,144
q3,S2,2025-09-18,12,highs-ipm,0.07676454199827276,8584.327963438349,2.2737367544323206e-13,9.094947017729282e-13,20,2025-09-18 12:00,2025-09-18 12:00,2025-08-29|2025-08-30|2025-08-31|2025-09-01|2025-09-02|2025-09-03|2025-09-04|2025-09-05|2025-09-06|2025-09-07|2025-09-08|2025-09-09|2025-09-10|2025-09-11|2025-09-12|2025-09-13|2025-09-14|2025-09-15|2025-09-16|2025-09-17,144
q3,S2,2025-09-19,0,highs-ipm,0.06649962499795947,1616.5778793925708,1.1368683772161603e-13,8.526512829121202e-13,20,2025-09-19 00:00,2025-09-19 00:00,2025-08-30|2025-08-31|2025-09-01|2025-09-02|2025-09-03|2025-09-04|2025-09-05|2025-09-06|2025-09-07|2025-09-08|2025-09-09|2025-09-10|2025-09-11|2025-09-12|2025-09-13|2025-09-14|2025-09-15|2025-09-16|2025-09-17|2025-09-18,144
q3,S2,2025-09-19,6,highs-ipm,0.08005345799756469,8831.588135441472,5.684341886080802e-14,9.094947017729282e-13,20,2025-09-19 06:00,2025-09-19 06:00,2025-08-30|2025-08-31|2025-09-01|2025-09-02|2025-09-03|2025-09-04|2025-09-05|2025-09-06|2025-09-07|2025-09-08|2025-09-09|2025-09-10|2025-09-11|2025-09-12|2025-09-13|2025-09-14|2025-09-15|2025-09-16|2025-09-17|2025-09-18,144
q3,S2,2025-09-19,12,highs-ipm,0.07816612500027986,7614.239084540405,1.1368683772161603e-13,9.094947017729282e-13,20,2025-09-19 12:00,2025-09-19 12:00,2025-08-30|2025-08-31|2025-09-01|2025-09-02|2025-09-03|2025-09-04|2025-09-05|2025-09-06|2025-09-07|2025-09-08|2025-09-09|2025-09-10|2025-09-11|2025-09-12|2025-09-13|2025-09-14|2025-09-15|2025-09-16|2025-09-17|2025-09-18,144
q3,S2,2025-09-20,0,highs-ipm,0.06295929100451758,1339.1967274786132,2.2737367544323206e-13,7.958078640513122e-13,20,2025-09-20 00:00,2025-09-20 00:00,2025-08-31|2025-09-01|2025-09-02|2025-09-03|2025-09-04|2025-09-05|2025-09-06|2025-09-07|2025-09-08|2025-09-09|2025-09-10|2025-09-11|2025-09-12|2025-09-13|2025-09-14|2025-09-15|2025-09-16|2025-09-17|2025-09-18|2025-09-19,144
q3,S2,2025-09-20,6,highs-ipm,0.08352987500256859,10750.63356329811,1.1368683772161603e-13,9.094947017729282e-13,20,2025-09-20 06:00,2025-09-20 06:00,2025-08-31|2025-09-01|2025-09-02|2025-09-03|2025-09-04|2025-09-05|2025-09-06|2025-09-07|2025-09-08|2025-09-09|2025-09-10|2025-09-11|2025-09-12|2025-09-13|2025-09-14|2025-09-15|2025-09-16|2025-09-17|2025-09-18|2025-09-19,144
q3,S2,2025-09-20,12,highs-ipm,0.07500458299909951,17929.11837726053,5.684341886080802e-14,9.094947017729282e-13,20,2025-09-20 12:00,2025-09-20 12:00,2025-08-31|2025-09-01|2025-09-02|2025-09-03|2025-09-04|2025-09-05|2025-09-06|2025-09-07|2025-09-08|2025-09-09|2025-09-10|2025-09-11|2025-09-12|2025-09-13|2025-09-14|2025-09-15|2025-09-16|2025-09-17|2025-09-18|2025-09-19,144
q3,S2,2025-09-21,0,highs-ipm,0.05114079200575361,2344.1990986961528,2.2737367544323206e-13,8.86402062860725e-13,20,2025-09-21 00:00,2025-09-21 00:00,2025-09-01|2025-09-02|2025-09-03|2025-09-04|2025-09-05|2025-09-06|2025-09-07|2025-09-08|2025-09-09|2025-09-10|2025-09-11|2025-09-12|2025-09-13|2025-09-14|2025-09-15|2025-09-16|2025-09-17|2025-09-18|2025-09-19|2025-09-20,144
q3,S2,2025-09-21,6,highs-ipm,0.07884645799640566,10502.315301787123,4.121147867408581e-13,1.0231815394945443e-12,20,2025-09-21 06:00,2025-09-21 06:00,2025-09-01|2025-09-02|2025-09-03|2025-09-04|2025-09-05|2025-09-06|2025-09-07|2025-09-08|2025-09-09|2025-09-10|2025-09-11|2025-09-12|2025-09-13|2025-09-14|2025-09-15|2025-09-16|2025-09-17|2025-09-18|2025-09-19|2025-09-20,144
q3,S2,2025-09-21,12,highs-ipm,0.07416170799842803,12898.978960316339,2.0463630789890885e-12,1.0231815394945443e-12,20,2025-09-21 12:00,2025-09-21 12:00,2025-09-01|2025-09-02|2025-09-03|2025-09-04|2025-09-05|2025-09-06|2025-09-07|2025-09-08|2025-09-09|2025-09-10|2025-09-11|2025-09-12|2025-09-13|2025-09-14|2025-09-15|2025-09-16|2025-09-17|2025-09-18|2025-09-19|2025-09-20,144
q3,S2,2025-09-22,0,highs-ipm,0.0596153750011581,2221.280696874046,2.2737367544323206e-13,7.958078640513122e-13,20,2025-09-22 00:00,2025-09-22 00:00,2025-09-02|2025-09-03|2025-09-04|2025-09-05|2025-09-06|2025-09-07|2025-09-08|2025-09-09|2025-09-10|2025-09-11|2025-09-12|2025-09-13|2025-09-14|2025-09-15|2025-09-16|2025-09-17|2025-09-18|2025-09-19|2025-09-20|2025-09-21,144
q3,S2,2025-09-22,6,highs-ipm,0.07636899999488378,8450.792311294716,2.2737367544323206e-13,9.094947017729282e-13,20,2025-09-22 06:00,2025-09-22 06:00,2025-09-02|2025-09-03|2025-09-04|2025-09-05|2025-09-06|2025-09-07|2025-09-08|2025-09-09|2025-09-10|2025-09-11|2025-09-12|2025-09-13|2025-09-14|2025-09-15|2025-09-16|2025-09-17|2025-09-18|2025-09-19|2025-09-20|2025-09-21,144
q3,S2,2025-09-22,12,highs-ipm,0.07527708400448319,16047.066759790416,2.2737367544323206e-13,9.094947017729282e-13,20,2025-09-22 12:00,2025-09-22 12:00,2025-09-02|2025-09-03|2025-09-04|2025-09-05|2025-09-06|2025-09-07|2025-09-08|2025-09-09|2025-09-10|2025-09-11|2025-09-12|2025-09-13|2025-09-14|2025-09-15|2025-09-16|2025-09-17|2025-09-18|2025-09-19|2025-09-20|2025-09-21,144
q3,S2,2025-09-23,0,highs-ipm,0.05754558300395729,2548.9464987283777,1.0231815394945443e-12,8.846257060213247e-13,20,2025-09-23 00:00,2025-09-23 00:00,2025-09-03|2025-09-04|2025-09-05|2025-09-06|2025-09-07|2025-09-08|2025-09-09|2025-09-10|2025-09-11|2025-09-12|2025-09-13|2025-09-14|2025-09-15|2025-09-16|2025-09-17|2025-09-18|2025-09-19|2025-09-20|2025-09-21|2025-09-22,144
q3,S2,2025-09-23,6,highs-ipm,0.07461479100311408,10114.919127306057,1.1368683772161603e-13,8.810729923425242e-13,20,2025-09-23 06:00,2025-09-23 06:00,2025-09-03|2025-09-04|2025-09-05|2025-09-06|2025-09-07|2025-09-08|2025-09-09|2025-09-10|2025-09-11|2025-09-12|2025-09-13|2025-09-14|2025-09-15|2025-09-16|2025-09-17|2025-09-18|2025-09-19|2025-09-20|2025-09-21|2025-09-22,144
q3,S2,2025-09-23,12,highs-ipm,0.07318695800495334,17412.818268979525,1.1368683772161603e-13,9.094947017729282e-13,20,2025-09-23 12:00,2025-09-23 12:00,2025-09-03|2025-09-04|2025-09-05|2025-09-06|2025-09-07|2025-09-08|2025-09-09|2025-09-10|2025-09-11|2025-09-12|2025-09-13|2025-09-14|2025-09-15|2025-09-16|2025-09-17|2025-09-18|2025-09-19|2025-09-20|2025-09-21|2025-09-22,144
q3,S2,2025-09-24,0,highs-ipm,0.059812667001097,2168.0643256442277,3.410605131648481e-13,7.958078640513122e-13,20,2025-09-24 00:00,2025-09-24 00:00,2025-09-04|2025-09-05|2025-09-06|2025-09-07|2025-09-08|2025-09-09|2025-09-10|2025-09-11|2025-09-12|2025-09-13|2025-09-14|2025-09-15|2025-09-16|2025-09-17|2025-09-18|2025-09-19|2025-09-20|2025-09-21|2025-09-22|2025-09-23,144
q3,S2,2025-09-24,6,highs-ipm,0.0704225840017898,12876.063142148509,1.1368683772161603e-13,9.094947017729282e-13,20,2025-09-24 06:00,2025-09-24 06:00,2025-09-04|2025-09-05|2025-09-06|2025-09-07|2025-09-08|2025-09-09|2025-09-10|2025-09-11|2025-09-12|2025-09-13|2025-09-14|2025-09-15|2025-09-16|2025-09-17|2025-09-18|2025-09-19|2025-09-20|2025-09-21|2025-09-22|2025-09-23,144
q3,S2,2025-09-24,12,highs-ipm,0.06682616699981736,20735.701118116736,1.1368683772161603e-13,9.094947017729282e-13,20,2025-09-24 12:00,2025-09-24 12:00,2025-09-04|2025-09-05|2025-09-06|2025-09-07|2025-09-08|2025-09-09|2025-09-10|2025-09-11|2025-09-12|2025-09-13|2025-09-14|2025-09-15|2025-09-16|2025-09-17|2025-09-18|2025-09-19|2025-09-20|2025-09-21|2025-09-22|2025-09-23,144
q3,S2,2025-09-25,0,highs-ipm,0.055869000003440306,2446.6516590142023,6.821210263296962e-13,9.094947017729282e-13,20,2025-09-25 00:00,2025-09-25 00:00,2025-09-05|2025-09-06|2025-09-07|2025-09-08|2025-09-09|2025-09-10|2025-09-11|2025-09-12|2025-09-13|2025-09-14|2025-09-15|2025-09-16|2025-09-17|2025-09-18|2025-09-19|2025-09-20|2025-09-21|2025-09-22|2025-09-23|2025-09-24,144
q3,S2,2025-09-25,6,highs-ipm,0.07832141700055217,9514.573419562224,1.1368683772161603e-13,9.094947017729282e-13,20,2025-09-25 06:00,2025-09-25 06:00,2025-09-05|2025-09-06|2025-09-07|2025-09-08|2025-09-09|2025-09-10|2025-09-11|2025-09-12|2025-09-13|2025-09-14|2025-09-15|2025-09-16|2025-09-17|2025-09-18|2025-09-19|2025-09-20|2025-09-21|2025-09-22|2025-09-23|2025-09-24,144
q3,S2,2025-09-25,12,highs-ipm,0.07116804199904436,18282.43876323127,1.1368683772161603e-13,8.810729923425242e-13,20,2025-09-25 12:00,2025-09-25 12:00,2025-09-05|2025-09-06|2025-09-07|2025-09-08|2025-09-09|2025-09-10|2025-09-11|2025-09-12|2025-09-13|2025-09-14|2025-09-15|2025-09-16|2025-09-17|2025-09-18|2025-09-19|2025-09-20|2025-09-21|2025-09-22|2025-09-23|2025-09-24,144
q3,S2,2025-09-26,0,highs-ipm,0.05241270799888298,1521.8438558150324,1.1368683772161603e-13,9.094947017729282e-13,20,2025-09-26 00:00,2025-09-26 00:00,2025-09-06|2025-09-07|2025-09-08|2025-09-09|2025-09-10|2025-09-11|2025-09-12|2025-09-13|2025-09-14|2025-09-15|2025-09-16|2025-09-17|2025-09-18|2025-09-19|2025-09-20|2025-09-21|2025-09-22|2025-09-23|2025-09-24|2025-09-25,144
q3,S2,2025-09-26,6,highs-ipm,0.0817706250018091,7680.291542136924,1.1368683772161603e-13,9.663381206337363e-13,20,2025-09-26 06:00,2025-09-26 06:00,2025-09-06|2025-09-07|2025-09-08|2025-09-09|2025-09-10|2025-09-11|2025-09-12|2025-09-13|2025-09-14|2025-09-15|2025-09-16|2025-09-17|2025-09-18|2025-09-19|2025-09-20|2025-09-21|2025-09-22|2025-09-23|2025-09-24|2025-09-25,144
q3,S2,2025-09-26,12,highs-ipm,0.09051808399817673,7480.015723772789,2.2737367544323206e-13,9.094947017729282e-13,20,2025-09-26 12:00,2025-09-26 12:00,2025-09-06|2025-09-07|2025-09-08|2025-09-09|2025-09-10|2025-09-11|2025-09-12|2025-09-13|2025-09-14|2025-09-15|2025-09-16|2025-09-17|2025-09-18|2025-09-19|2025-09-20|2025-09-21|2025-09-22|2025-09-23|2025-09-24|2025-09-25,144
q3,S2,2025-09-27,0,highs-ipm,0.06268249999993714,1102.654711879582,0.0,7.958078640513122e-13,20,2025-09-27 00:00,2025-09-27 00:00,2025-09-07|2025-09-08|2025-09-09|2025-09-10|2025-09-11|2025-09-12|2025-09-13|2025-09-14|2025-09-15|2025-09-16|2025-09-17|2025-09-18|2025-09-19|2025-09-20|2025-09-21|2025-09-22|2025-09-23|2025-09-24|2025-09-25|2025-09-26,144
q3,S2,2025-09-27,6,highs-ipm,0.07851470800233074,11516.629546077766,2.2737367544323206e-13,8.952838470577262e-13,20,2025-09-27 06:00,2025-09-27 06:00,2025-09-07|2025-09-08|2025-09-09|2025-09-10|2025-09-11|2025-09-12|2025-09-13|2025-09-14|2025-09-15|2025-09-16|2025-09-17|2025-09-18|2025-09-19|2025-09-20|2025-09-21|2025-09-22|2025-09-23|2025-09-24|2025-09-25|2025-09-26,144
q3,S2,2025-09-27,12,highs-ipm,0.07442495800205506,19259.660706654682,2.2737367544323206e-13,8.526512829121202e-13,20,2025-09-27 12:00,2025-09-27 12:00,2025-09-07|2025-09-08|2025-09-09|2025-09-10|2025-09-11|2025-09-12|2025-09-13|2025-09-14|2025-09-15|2025-09-16|2025-09-17|2025-09-18|2025-09-19|2025-09-20|2025-09-21|2025-09-22|2025-09-23|2025-09-24|2025-09-25|2025-09-26,144
q3,S2,2025-09-28,0,highs-ipm,0.05474316600157181,2508.464185528047,2.2737367544323206e-13,9.094947017729282e-13,20,2025-09-28 00:00,2025-09-28 00:00,2025-09-08|2025-09-09|2025-09-10|2025-09-11|2025-09-12|2025-09-13|2025-09-14|2025-09-15|2025-09-16|2025-09-17|2025-09-18|2025-09-19|2025-09-20|2025-09-21|2025-09-22|2025-09-23|2025-09-24|2025-09-25|2025-09-26|2025-09-27,144
q3,S2,2025-09-28,6,highs-ipm,0.07663683300052071,14932.021040926713,2.2737367544323206e-13,9.094947017729282e-13,20,2025-09-28 06:00,2025-09-28 06:00,2025-09-08|2025-09-09|2025-09-10|2025-09-11|2025-09-12|2025-09-13|2025-09-14|2025-09-15|2025-09-16|2025-09-17|2025-09-18|2025-09-19|2025-09-20|2025-09-21|2025-09-22|2025-09-23|2025-09-24|2025-09-25|2025-09-26|2025-09-27,144
q3,S2,2025-09-28,12,highs-ipm,0.0755688330027624,18342.928556837385,2.2737367544323206e-13,7.531752999057062e-13,20,2025-09-28 12:00,2025-09-28 12:00,2025-09-08|2025-09-09|2025-09-10|2025-09-11|2025-09-12|2025-09-13|2025-09-14|2025-09-15|2025-09-16|2025-09-17|2025-09-18|2025-09-19|2025-09-20|2025-09-21|2025-09-22|2025-09-23|2025-09-24|2025-09-25|2025-09-26|2025-09-27,144
q3,S2,2025-09-29,0,highs-ipm,0.055313833996478934,2599.473649370453,3.979039320256561e-13,7.958078640513122e-13,20,2025-09-29 00:00,2025-09-29 00:00,2025-09-09|2025-09-10|2025-09-11|2025-09-12|2025-09-13|2025-09-14|2025-09-15|2025-09-16|2025-09-17|2025-09-18|2025-09-19|2025-09-20|2025-09-21|2025-09-22|2025-09-23|2025-09-24|2025-09-25|2025-09-26|2025-09-27|2025-09-28,144
q3,S2,2025-09-29,6,highs-ipm,0.07938729200395755,8107.377856168305,2.2737367544323206e-13,8.526512829121202e-13,20,2025-09-29 06:00,2025-09-29 06:00,2025-09-09|2025-09-10|2025-09-11|2025-09-12|2025-09-13|2025-09-14|2025-09-15|2025-09-16|2025-09-17|2025-09-18|2025-09-19|2025-09-20|2025-09-21|2025-09-22|2025-09-23|2025-09-24|2025-09-25|2025-09-26|2025-09-27|2025-09-28,144
q3,S2,2025-09-29,12,highs-ipm,0.07289424999908078,15573.905607694915,2.2737367544323206e-13,9.094947017729282e-13,20,2025-09-29 12:00,2025-09-29 12:00,2025-09-09|2025-09-10|2025-09-11|2025-09-12|2025-09-13|2025-09-14|2025-09-15|2025-09-16|2025-09-17|2025-09-18|2025-09-19|2025-09-20|2025-09-21|2025-09-22|2025-09-23|2025-09-24|2025-09-25|2025-09-26|2025-09-27|2025-09-28,144
q3,S2,2025-09-30,0,highs-ipm,0.05666491600277368,2808.840503615662,1.4779288903810084e-12,9.094947017729282e-13,20,2025-09-30 00:00,2025-09-30 00:00,2025-09-10|2025-09-11|2025-09-12|2025-09-13|2025-09-14|2025-09-15|2025-09-16|2025-09-17|2025-09-18|2025-09-19|2025-09-20|2025-09-21|2025-09-22|2025-09-23|2025-09-24|2025-09-25|2025-09-26|2025-09-27|2025-09-28|2025-09-29,144
q3,S2,2025-09-30,6,highs-ipm,0.07436341699940385,11428.502652853966,1.1368683772161603e-12,8.526512829121202e-13,20,2025-09-30 06:00,2025-09-30 06:00,2025-09-10|2025-09-11|2025-09-12|2025-09-13|2025-09-14|2025-09-15|2025-09-16|2025-09-17|2025-09-18|2025-09-19|2025-09-20|2025-09-21|2025-09-22|2025-09-23|2025-09-24|2025-09-25|2025-09-26|2025-09-27|2025-09-28|2025-09-29,144
q3,S2,2025-09-30,12,highs-ipm,0.07242937499540858,16772.121432761487,1.4779288903810084e-12,9.094947017729282e-13,20,2025-09-30 12:00,2025-09-30 12:00,2025-09-10|2025-09-11|2025-09-12|2025-09-13|2025-09-14|2025-09-15|2025-09-16|2025-09-17|2025-09-18|2025-09-19|2025-09-20|2025-09-21|2025-09-22|2025-09-23|2025-09-24|2025-09-25|2025-09-26|2025-09-27|2025-09-28|2025-09-29,144
q3,S2,2025-10-01,0,highs-ipm,0.05800437500147382,2649.090104818771,1.1368683772161603e-13,9.094947017729282e-13,20,2025-10-01 00:00,2025-10-01 00:00,2025-09-11|2025-09-12|2025-09-13|2025-09-14|2025-09-15|2025-09-16|2025-09-17|2025-09-18|2025-09-19|2025-09-20|2025-09-21|2025-09-22|2025-09-23|2025-09-24|2025-09-25|2025-09-26|2025-09-27|2025-09-28|2025-09-29|2025-09-30,144
q3,S2,2025-10-01,6,highs-ipm,0.08208691600157181,10615.342368645292,1.1368683772161603e-13,8.633094239485217e-13,20,2025-10-01 06:00,2025-10-01 06:00,2025-09-11|2025-09-12|2025-09-13|2025-09-14|2025-09-15|2025-09-16|2025-09-17|2025-09-18|2025-09-19|2025-09-20|2025-09-21|2025-09-22|2025-09-23|2025-09-24|2025-09-25|2025-09-26|2025-09-27|2025-09-28|2025-09-29|2025-09-30,144
q3,S2,2025-10-01,12,highs-ipm,0.07674662500357954,14755.833657689704,1.1368683772161603e-13,9.094947017729282e-13,20,2025-10-01 12:00,2025-10-01 12:00,2025-09-11|2025-09-12|2025-09-13|2025-09-14|2025-09-15|2025-09-16|2025-09-17|2025-09-18|2025-09-19|2025-09-20|2025-09-21|2025-09-22|2025-09-23|2025-09-24|2025-09-25|2025-09-26|2025-09-27|2025-09-28|2025-09-29|2025-09-30,144
q3,S2,2025-10-02,0,highs-ipm,0.08590025000012247,3031.8305422914177,3.410605131648481e-13,7.602807272633072e-13,20,2025-10-02 00:00,2025-10-02 00:00,2025-09-12|2025-09-13|2025-09-14|2025-09-15|2025-09-16|2025-09-17|2025-09-18|2025-09-19|2025-09-20|2025-09-21|2025-09-22|2025-09-23|2025-09-24|2025-09-25|2025-09-26|2025-09-27|2025-09-28|2025-09-29|2025-09-30|2025-10-01,144
q3,S2,2025-10-02,6,highs-ipm,0.0827139579996583,5172.66298849143,1.1368683772161603e-13,9.094947017729282e-13,20,2025-10-02 06:00,2025-10-02 06:00,2025-09-12|2025-09-13|2025-09-14|2025-09-15|2025-09-16|2025-09-17|2025-09-18|2025-09-19|2025-09-20|2025-09-21|2025-09-22|2025-09-23|2025-09-24|2025-09-25|2025-09-26|2025-09-27|2025-09-28|2025-09-29|2025-09-30|2025-10-01,144
q3,S2,2025-10-02,12,highs-ipm,0.08011629200336756,5480.569365636887,1.1368683772161603e-13,8.526512829121202e-13,20,2025-10-02 12:00,2025-10-02 12:00,2025-09-12|2025-09-13|2025-09-14|2025-09-15|2025-09-16|2025-09-17|2025-09-18|2025-09-19|2025-09-20|2025-09-21|2025-09-22|2025-09-23|2025-09-24|2025-09-25|2025-09-26|2025-09-27|2025-09-28|2025-09-29|2025-09-30|2025-10-01,144
q3,S2,2025-10-03,0,highs-ipm,0.06629650000104448,1132.2619246214233,1.1368683772161603e-13,8.526512829121202e-13,20,2025-10-03 00:00,2025-10-03 00:00,2025-09-13|2025-09-14|2025-09-15|2025-09-16|2025-09-17|2025-09-18|2025-09-19|2025-09-20|2025-09-21|2025-09-22|2025-09-23|2025-09-24|2025-09-25|2025-09-26|2025-09-27|2025-09-28|2025-09-29|2025-09-30|2025-10-01|2025-10-02,144
q3,S2,2025-10-03,6,highs-ipm,0.07515099999727681,8226.52979433052,5.684341886080802e-14,8.242295734817162e-13,20,2025-10-03 06:00,2025-10-03 06:00,2025-09-13|2025-09-14|2025-09-15|2025-09-16|2025-09-17|2025-09-18|2025-09-19|2025-09-20|2025-09-21|2025-09-22|2025-09-23|2025-09-24|2025-09-25|2025-09-26|2025-09-27|2025-09-28|2025-09-29|2025-09-30|2025-10-01|2025-10-02,144
q3,S2,2025-10-03,12,highs-ipm,0.07940191700618016,8644.3678576433,5.684341886080802e-14,8.810729923425242e-13,20,2025-10-03 12:00,2025-10-03 12:00,2025-09-13|2025-09-14|2025-09-15|2025-09-16|2025-09-17|2025-09-18|2025-09-19|2025-09-20|2025-09-21|2025-09-22|2025-09-23|2025-09-24|2025-09-25|2025-09-26|2025-09-27|2025-09-28|2025-09-29|2025-09-30|2025-10-01|2025-10-02,144
q3,S2,2025-10-04,0,highs-ipm,0.059978750003210735,1991.318480006835,1.1368683772161603e-13,9.094947017729282e-13,20,2025-10-04 00:00,2025-10-04 00:00,2025-09-14|2025-09-15|2025-09-16|2025-09-17|2025-09-18|2025-09-19|2025-09-20|2025-09-21|2025-09-22|2025-09-23|2025-09-24|2025-09-25|2025-09-26|2025-09-27|2025-09-28|2025-09-29|2025-09-30|2025-10-01|2025-10-02|2025-10-03,144
q3,S2,2025-10-04,6,highs-ipm,0.08488149999902816,10393.38876304896,1.1368683772161603e-13,6.963318810448982e-13,20,2025-10-04 06:00,2025-10-04 06:00,2025-09-14|2025-09-15|2025-09-16|2025-09-17|2025-09-18|2025-09-19|2025-09-20|2025-09-21|2025-09-22|2025-09-23|2025-09-24|2025-09-25|2025-09-26|2025-09-27|2025-09-28|2025-09-29|2025-09-30|2025-10-01|2025-10-02|2025-10-03,144
q3,S2,2025-10-04,12,highs-ipm,0.07866495799680706,25606.91173939923,2.2737367544323206e-13,1.0231815394945443e-12,20,2025-10-04 12:00,2025-10-04 12:00,2025-09-14|2025-09-15|2025-09-16|2025-09-17|2025-09-18|2025-09-19|2025-09-20|2025-09-21|2025-09-22|2025-09-23|2025-09-24|2025-09-25|2025-09-26|2025-09-27|2025-09-28|2025-09-29|2025-09-30|2025-10-01|2025-10-02|2025-10-03,144
q3,S2,2025-10-05,0,highs-ipm,0.06913762500334997,2895.6073589308444,2.2737367544323206e-13,8.739675649849232e-13,20,2025-10-05 00:00,2025-10-05 00:00,2025-09-15|2025-09-16|2025-09-17|2025-09-18|2025-09-19|2025-09-20|2025-09-21|2025-09-22|2025-09-23|2025-09-24|2025-09-25|2025-09-26|2025-09-27|2025-09-28|2025-09-29|2025-09-30|2025-10-01|2025-10-02|2025-10-03|2025-10-04,144
q3,S2,2025-10-05,6,highs-ipm,0.08125812499929452,8208.348540297715,2.2737367544323206e-13,8.810729923425242e-13,20,2025-10-05 06:00,2025-10-05 06:00,2025-09-15|2025-09-16|2025-09-17|2025-09-18|2025-09-19|2025-09-20|2025-09-21|2025-09-22|2025-09-23|2025-09-24|2025-09-25|2025-09-26|2025-09-27|2025-09-28|2025-09-29|2025-09-30|2025-10-01|2025-10-02|2025-10-03|2025-10-04,144
q3,S2,2025-10-05,12,highs-ipm,0.07858741699601524,20709.211582783446,2.2737367544323206e-13,8.881784197001252e-13,20,2025-10-05 12:00,2025-10-05 12:00,2025-09-15|2025-09-16|2025-09-17|2025-09-18|2025-09-19|2025-09-20|2025-09-21|2025-09-22|2025-09-23|2025-09-24|2025-09-25|2025-09-26|2025-09-27|2025-09-28|2025-09-29|2025-09-30|2025-10-01|2025-10-02|2025-10-03|2025-10-04,144
q3,S2,2025-10-06,0,highs-ipm,0.0726017499982845,2507.232647164924,1.1368683772161603e-13,7.958078640513122e-13,20,2025-10-06 00:00,2025-10-06 00:00,2025-09-16|2025-09-17|2025-09-18|2025-09-19|2025-09-20|2025-09-21|2025-09-22|2025-09-23|2025-09-24|2025-09-25|2025-09-26|2025-09-27|2025-09-28|2025-09-29|2025-09-30|2025-10-01|2025-10-02|2025-10-03|2025-10-04|2025-10-05,144
q3,S2,2025-10-06,6,highs-ipm,0.07556629199825693,13288.862326275861,1.1368683772161603e-13,8.313350008393172e-13,20,2025-10-06 06:00,2025-10-06 06:00,2025-09-16|2025-09-17|2025-09-18|2025-09-19|2025-09-20|2025-09-21|2025-09-22|2025-09-23|2025-09-24|2025-09-25|2025-09-26|2025-09-27|2025-09-28|2025-09-29|2025-09-30|2025-10-01|2025-10-02|2025-10-03|2025-10-04|2025-10-05,144
q3,S2,2025-10-06,12,highs-ipm,0.07505212500109337,20425.15087096017,1.1368683772161603e-13,9.094947017729282e-13,20,2025-10-06 12:00,2025-10-06 12:00,2025-09-16|2025-09-17|2025-09-18|2025-09-19|2025-09-20|2025-09-21|2025-09-22|2025-09-23|2025-09-24|2025-09-25|2025-09-26|2025-09-27|2025-09-28|2025-09-29|2025-09-30|2025-10-01|2025-10-02|2025-10-03|2025-10-04|2025-10-05,144
q3,S2,2025-10-07,0,highs-ipm,0.06528895899828058,2952.9094207332073,6.252776074688882e-13,8.526512829121202e-13,20,2025-10-07 00:00,2025-10-07 00:00,2025-09-17|2025-09-18|2025-09-19|2025-09-20|2025-09-21|2025-09-22|2025-09-23|2025-09-24|2025-09-25|2025-09-26|2025-09-27|2025-09-28|2025-09-29|2025-09-30|2025-10-01|2025-10-02|2025-10-03|2025-10-04|2025-10-05|2025-10-06,144
q3,S2,2025-10-07,6,highs-ipm,0.07925516700197477,11105.818303254655,1.1368683772161603e-13,9.094947017729282e-13,20,2025-10-07 06:00,2025-10-07 06:00,2025-09-17|2025-09-18|2025-09-19|2025-09-20|2025-09-21|2025-09-22|2025-09-23|2025-09-24|2025-09-25|2025-09-26|2025-09-27|2025-09-28|2025-09-29|2025-09-30|2025-10-01|2025-10-02|2025-10-03|2025-10-04|2025-10-05|2025-10-06,144
q3,S2,2025-10-07,12,highs-ipm,0.07811733400012599,22923.19497139238,1.1368683772161603e-13,8.810729923425242e-13,20,2025-10-07 12:00,2025-10-07 12:00,2025-09-17|2025-09-18|2025-09-19|2025-09-20|2025-09-21|2025-09-22|2025-09-23|2025-09-24|2025-09-25|2025-09-26|2025-09-27|2025-09-28|2025-09-29|2025-09-30|2025-10-01|2025-10-02|2025-10-03|2025-10-04|2025-10-05|2025-10-06,144
q3,S2,2025-10-08,0,highs-ipm,0.059747708997747395,2577.0883302992916,2.2737367544323206e-13,9.094947017729282e-13,20,2025-10-08 00:00,2025-10-08 00:00,2025-09-18|2025-09-19|2025-09-20|2025-09-21|2025-09-22|2025-09-23|2025-09-24|2025-09-25|2025-09-26|2025-09-27|2025-09-28|2025-09-29|2025-09-30|2025-10-01|2025-10-02|2025-10-03|2025-10-04|2025-10-05|2025-10-06|2025-10-07,144
q3,S2,2025-10-08,6,highs-ipm,0.0876741249958286,10493.042815486899,1.1368683772161603e-13,7.389644451905042e-13,20,2025-10-08 06:00,2025-10-08 06:00,2025-09-18|2025-09-19|2025-09-20|2025-09-21|2025-09-22|2025-09-23|2025-09-24|2025-09-25|2025-09-26|2025-09-27|2025-09-28|2025-09-29|2025-09-30|2025-10-01|2025-10-02|2025-10-03|2025-10-04|2025-10-05|2025-10-06|2025-10-07,144
q3,S2,2025-10-08,12,highs-ipm,0.08396774999710033,14991.177857988927,1.1368683772161603e-13,9.094947017729282e-13,20,2025-10-08 12:00,2025-10-08 12:00,2025-09-18|2025-09-19|2025-09-20|2025-09-21|2025-09-22|2025-09-23|2025-09-24|2025-09-25|2025-09-26|2025-09-27|2025-09-28|2025-09-29|2025-09-30|2025-10-01|2025-10-02|2025-10-03|2025-10-04|2025-10-05|2025-10-06|2025-10-07,144
q3,S2,2025-10-09,0,highs-ipm,0.057968916997197084,3168.4899396955457,1.1368683772161603e-13,1.0231815394945443e-12,20,2025-10-09 00:00,2025-10-09 00:00,2025-09-19|2025-09-20|2025-09-21|2025-09-22|2025-09-23|2025-09-24|2025-09-25|2025-09-26|2025-09-27|2025-09-28|2025-09-29|2025-09-30|2025-10-01|2025-10-02|2025-10-03|2025-10-04|2025-10-05|2025-10-06|2025-10-07|2025-10-08,144
q3,S2,2025-10-09,6,highs-ipm,0.0821577079987037,4401.013719040423,1.1368683772161603e-13,9.094947017729282e-13,20,2025-10-09 06:00,2025-10-09 06:00,2025-09-19|2025-09-20|2025-09-21|2025-09-22|2025-09-23|2025-09-24|2025-09-25|2025-09-26|2025-09-27|2025-09-28|2025-09-29|2025-09-30|2025-10-01|2025-10-02|2025-10-03|2025-10-04|2025-10-05|2025-10-06|2025-10-07|2025-10-08,144
q3,S2,2025-10-09,12,highs-ipm,0.07651654099754523,6351.950241026432,1.1368683772161603e-13,9.094947017729282e-13,20,2025-10-09 12:00,2025-10-09 12:00,2025-09-19|2025-09-20|2025-09-21|2025-09-22|2025-09-23|2025-09-24|2025-09-25|2025-09-26|2025-09-27|2025-09-28|2025-09-29|2025-09-30|2025-10-01|2025-10-02|2025-10-03|2025-10-04|2025-10-05|2025-10-06|2025-10-07|2025-10-08,144
q3,S2,2025-10-10,0,highs-ipm,0.06581229199946392,1174.8462950232065,2.2737367544323206e-13,8.526512829121202e-13,20,2025-10-10 00:00,2025-10-10 00:00,2025-09-20|2025-09-21|2025-09-22|2025-09-23|2025-09-24|2025-09-25|2025-09-26|2025-09-27|2025-09-28|2025-09-29|2025-09-30|2025-10-01|2025-10-02|2025-10-03|2025-10-04|2025-10-05|2025-10-06|2025-10-07|2025-10-08|2025-10-09,144
q3,S2,2025-10-10,6,highs-ipm,0.08302687499963213,8002.83892364429,2.2737367544323206e-13,7.496225862269057e-13,20,2025-10-10 06:00,2025-10-10 06:00,2025-09-20|2025-09-21|2025-09-22|2025-09-23|2025-09-24|2025-09-25|2025-09-26|2025-09-27|2025-09-28|2025-09-29|2025-09-30|2025-10-01|2025-10-02|2025-10-03|2025-10-04|2025-10-05|2025-10-06|2025-10-07|2025-10-08|2025-10-09,144
q3,S2,2025-10-10,12,highs-ipm,0.07580387499911012,7651.567802105378,2.2737367544323206e-13,9.094947017729282e-13,20,2025-10-10 12:00,2025-10-10 12:00,2025-09-20|2025-09-21|2025-09-22|2025-09-23|2025-09-24|2025-09-25|2025-09-26|2025-09-27|2025-09-28|2025-09-29|2025-09-30|2025-10-01|2025-10-02|2025-10-03|2025-10-04|2025-10-05|2025-10-06|2025-10-07|2025-10-08|2025-10-09,144
q3,S2,2025-10-11,0,highs-ipm,0.0692932500023744,1173.2359236561463,1.1368683772161603e-13,8.752998326144734e-13,20,2025-10-11 00:00,2025-10-11 00:00,2025-09-21|2025-09-22|2025-09-23|2025-09-24|2025-09-25|2025-09-26|2025-09-27|2025-09-28|2025-09-29|2025-09-30|2025-10-01|2025-10-02|2025-10-03|2025-10-04|2025-10-05|2025-10-06|2025-10-07|2025-10-08|2025-10-09|2025-10-10,144
q3,S2,2025-10-11,6,highs-ipm,0.08164237500022864,10831.864150453654,5.684341886080802e-14,7.958078640513122e-13,20,2025-10-11 06:00,2025-10-11 06:00,2025-09-21|2025-09-22|2025-09-23|2025-09-24|2025-09-25|2025-09-26|2025-09-27|2025-09-28|2025-09-29|2025-09-30|2025-10-01|2025-10-02|2025-10-03|2025-10-04|2025-10-05|2025-10-06|2025-10-07|2025-10-08|2025-10-09|2025-10-10,144
q3,S2,2025-10-11,12,highs-ipm,0.0773979999939911,20733.94017237367,5.684341886080802e-14,7.958078640513122e-13,20,2025-10-11 12:00,2025-10-11 12:00,2025-09-21|2025-09-22|2025-09-23|2025-09-24|2025-09-25|2025-09-26|2025-09-27|2025-09-28|2025-09-29|2025-09-30|2025-10-01|2025-10-02|2025-10-03|2025-10-04|2025-10-05|2025-10-06|2025-10-07|2025-10-08|2025-10-09|2025-10-10,144
q3,S2,2025-10-12,0,highs-ipm,0.05748529200354824,3021.065312533955,2.2737367544323206e-13,9.094947017729282e-13,20,2025-10-12 00:00,2025-10-12 00:00,2025-09-22|2025-09-23|2025-09-24|2025-09-25|2025-09-26|2025-09-27|2025-09-28|2025-09-29|2025-09-30|2025-10-01|2025-10-02|2025-10-03|2025-10-04|2025-10-05|2025-10-06|2025-10-07|2025-10-08|2025-10-09|2025-10-10|2025-10-11,144
q3,S2,2025-10-12,6,highs-ipm,0.08068504100083373,11494.631809405006,1.1368683772161603e-13,8.633094239485217e-13,20,2025-10-12 06:00,2025-10-12 06:00,2025-09-22|2025-09-23|2025-09-24|2025-09-25|2025-09-26|2025-09-27|2025-09-28|2025-09-29|2025-09-30|2025-10-01|2025-10-02|2025-10-03|2025-10-04|2025-10-05|2025-10-06|2025-10-07|2025-10-08|2025-10-09|2025-10-10|2025-10-11,144
q3,S2,2025-10-12,12,highs-ipm,0.07732929199846694,15803.277651630538,1.1368683772161603e-13,9.094947017729282e-13,20,2025-10-12 12:00,2025-10-12 12:00,2025-09-22|2025-09-23|2025-09-24|2025-09-25|2025-09-26|2025-09-27|2025-09-28|2025-09-29|2025-09-30|2025-10-01|2025-10-02|2025-10-03|2025-10-04|2025-10-05|2025-10-06|2025-10-07|2025-10-08|2025-10-09|2025-10-10|2025-10-11,144
q3,S2,2025-10-13,0,highs-ipm,0.058965291995264124,3092.0997027803783,1.1368683772161603e-13,9.094947017729282e-13,20,2025-10-13 00:00,2025-10-13 00:00,2025-09-23|2025-09-24|2025-09-25|2025-09-26|2025-09-27|2025-09-28|2025-09-29|2025-09-30|2025-10-01|2025-10-02|2025-10-03|2025-10-04|2025-10-05|2025-10-06|2025-10-07|2025-10-08|2025-10-09|2025-10-10|2025-10-11|2025-10-12,144
q3,S2,2025-10-13,6,highs-ipm,0.07633583300048485,10181.039184393474,1.1368683772161603e-13,8.526512829121202e-13,20,2025-10-13 06:00,2025-10-13 06:00,2025-09-23|2025-09-24|2025-09-25|2025-09-26|2025-09-27|2025-09-28|2025-09-29|2025-09-30|2025-10-01|2025-10-02|2025-10-03|2025-10-04|2025-10-05|2025-10-06|2025-10-07|2025-10-08|2025-10-09|2025-10-10|2025-10-11|2025-10-12,144
q3,S2,2025-10-13,12,highs-ipm,0.07581541699619265,14845.307999959192,1.1368683772161603e-13,9.094947017729282e-13,20,2025-10-13 12:00,2025-10-13 12:00,2025-09-23|2025-09-24|2025-09-25|2025-09-26|2025-09-27|2025-09-28|2025-09-29|2025-09-30|2025-10-01|2025-10-02|2025-10-03|2025-10-04|2025-10-05|2025-10-06|2025-10-07|2025-10-08|2025-10-09|2025-10-10|2025-10-11|2025-10-12,144
q3,S2,2025-10-14,0,highs-ipm,0.06027679199905833,3288.5681792492715,1.1368683772161603e-13,1.0231815394945443e-12,20,2025-10-14 00:00,2025-10-14 00:00,2025-09-24|2025-09-25|2025-09-26|2025-09-27|2025-09-28|2025-09-29|2025-09-30|2025-10-01|2025-10-02|2025-10-03|2025-10-04|2025-10-05|2025-10-06|2025-10-07|2025-10-08|2025-10-09|2025-10-10|2025-10-11|2025-10-12|2025-10-13,144
q3,S2,2025-10-14,6,highs-ipm,0.08249950000026729,8911.058050807254,1.1368683772161603e-13,8.641976023682219e-13,20,2025-10-14 06:00,2025-10-14 06:00,2025-09-24|2025-09-25|2025-09-26|2025-09-27|2025-09-28|2025-09-29|2025-09-30|2025-10-01|2025-10-02|2025-10-03|2025-10-04|2025-10-05|2025-10-06|2025-10-07|2025-10-08|2025-10-09|2025-10-10|2025-10-11|2025-10-12|2025-10-13,144
q3,S2,2025-10-14,12,highs-ipm,0.07382633400266059,21364.53805670652,1.1368683772161603e-13,9.094947017729282e-13,20,2025-10-14 12:00,2025-10-14 12:00,2025-09-24|2025-09-25|2025-09-26|2025-09-27|2025-09-28|2025-09-29|2025-09-30|2025-10-01|2025-10-02|2025-10-03|2025-10-04|2025-10-05|2025-10-06|2025-10-07|2025-10-08|2025-10-09|2025-10-10|2025-10-11|2025-10-12|2025-10-13,144
q3,S2,2025-10-15,0,highs-ipm,0.056728957999439444,3290.088441210902,2.2737367544323206e-13,9.094947017729282e-13,20,2025-10-15 00:00,2025-10-15 00:00,2025-09-25|2025-09-26|2025-09-27|2025-09-28|2025-09-29|2025-09-30|2025-10-01|2025-10-02|2025-10-03|2025-10-04|2025-10-05|2025-10-06|2025-10-07|2025-10-08|2025-10-09|2025-10-10|2025-10-11|2025-10-12|2025-10-13|2025-10-14,144
q3,S2,2025-10-15,6,highs-ipm,0.07308062499942025,8999.655505670566,1.1368683772161603e-13,9.094947017729282e-13,20,2025-10-15 06:00,2025-10-15 06:00,2025-09-25|2025-09-26|2025-09-27|2025-09-28|2025-09-29|2025-09-30|2025-10-01|2025-10-02|2025-10-03|2025-10-04|2025-10-05|2025-10-06|2025-10-07|2025-10-08|2025-10-09|2025-10-10|2025-10-11|2025-10-12|2025-10-13|2025-10-14,144
q3,S2,2025-10-15,12,highs-ipm,0.07531383299647132,19486.78936039612,1.1368683772161603e-13,9.094947017729282e-13,20,2025-10-15 12:00,2025-10-15 12:00,2025-09-25|2025-09-26|2025-09-27|2025-09-28|2025-09-29|2025-09-30|2025-10-01|2025-10-02|2025-10-03|2025-10-04|2025-10-05|2025-10-06|2025-10-07|2025-10-08|2025-10-09|2025-10-10|2025-10-11|2025-10-12|2025-10-13|2025-10-14,144
q3,S2,2025-10-16,0,highs-ipm,0.05630491700139828,3259.815140171162,4.547473508864641e-13,9.094947017729282e-13,20,2025-10-16 00:00,2025-10-16 00:00,2025-09-26|2025-09-27|2025-09-28|2025-09-29|2025-09-30|2025-10-01|2025-10-02|2025-10-03|2025-10-04|2025-10-05|2025-10-06|2025-10-07|2025-10-08|2025-10-09|2025-10-10|2025-10-11|2025-10-12|2025-10-13|2025-10-14|2025-10-15,144
q3,S2,2025-10-16,6,highs-ipm,0.07698291599808726,9762.259661644293,2.2737367544323206e-13,9.094947017729282e-13,20,2025-10-16 06:00,2025-10-16 06:00,2025-09-26|2025-09-27|2025-09-28|2025-09-29|2025-09-30|2025-10-01|2025-10-02|2025-10-03|2025-10-04|2025-10-05|2025-10-06|2025-10-07|2025-10-08|2025-10-09|2025-10-10|2025-10-11|2025-10-12|2025-10-13|2025-10-14|2025-10-15,144
q3,S2,2025-10-16,12,highs-ipm,0.07821424999565352,12658.853279642424,2.2737367544323206e-13,8.810729923425242e-13,20,2025-10-16 12:00,2025-10-16 12:00,2025-09-26|2025-09-27|2025-09-28|2025-09-29|2025-09-30|2025-10-01|2025-10-02|2025-10-03|2025-10-04|2025-10-05|2025-10-06|2025-10-07|2025-10-08|2025-10-09|2025-10-10|2025-10-11|2025-10-12|2025-10-13|2025-10-14|2025-10-15,144
q3,S2,2025-10-17,0,highs-ipm,0.05986637499881908,886.0094446226701,2.2737367544323206e-13,7.105427357601002e-13,20,2025-10-17 00:00,2025-10-17 00:00,2025-09-27|2025-09-28|2025-09-29|2025-09-30|2025-10-01|2025-10-02|2025-10-03|2025-10-04|2025-10-05|2025-10-06|2025-10-07|2025-10-08|2025-10-09|2025-10-10|2025-10-11|2025-10-12|2025-10-13|2025-10-14|2025-10-15|2025-10-16,144
q3,S2,2025-10-17,6,highs-ipm,0.07680450000043493,8905.732125931136,2.2737367544323206e-13,8.952838470577262e-13,20,2025-10-17 06:00,2025-10-17 06:00,2025-09-27|2025-09-28|2025-09-29|2025-09-30|2025-10-01|2025-10-02|2025-10-03|2025-10-04|2025-10-05|2025-10-06|2025-10-07|2025-10-08|2025-10-09|2025-10-10|2025-10-11|2025-10-12|2025-10-13|2025-10-14|2025-10-15|2025-10-16,144
q3,S2,2025-10-17,12,highs-ipm,0.07894970800407464,8567.416400672999,5.684341886080802e-14,8.810729923425242e-13,20,2025-10-17 12:00,2025-10-17 12:00,2025-09-27|2025-09-28|2025-09-29|2025-09-30|2025-10-01|2025-10-02|2025-10-03|2025-10-04|2025-10-05|2025-10-06|2025-10-07|2025-10-08|2025-10-09|2025-10-10|2025-10-11|2025-10-12|2025-10-13|2025-10-14|2025-10-15|2025-10-16,144
q3,S2,2025-10-18,0,highs-ipm,0.05819975000486011,1286.889833118277,1.1368683772161603e-13,8.846257060213247e-13,20,2025-10-18 00:00,2025-10-18 00:00,2025-09-28|2025-09-29|2025-09-30|2025-10-01|2025-10-02|2025-10-03|2025-10-04|2025-10-05|2025-10-06|2025-10-07|2025-10-08|2025-10-09|2025-10-10|2025-10-11|2025-10-12|2025-10-13|2025-10-14|2025-10-15|2025-10-16|2025-10-17,144
q3,S2,2025-10-18,6,highs-ipm,0.08055812499515014,10604.411988846952,5.684341886080802e-14,7.958078640513122e-13,20,2025-10-18 06:00,2025-10-18 06:00,2025-09-28|2025-09-29|2025-09-30|2025-10-01|2025-10-02|2025-10-03|2025-10-04|2025-10-05|2025-10-06|2025-10-07|2025-10-08|2025-10-09|2025-10-10|2025-10-11|2025-10-12|2025-10-13|2025-10-14|2025-10-15|2025-10-16|2025-10-17,144
q3,S2,2025-10-18,12,highs-ipm,0.07986795799661195,23336.757261887626,2.2737367544323206e-13,8.739675649849232e-13,20,2025-10-18 12:00,2025-10-18 12:00,2025-09-28|2025-09-29|2025-09-30|2025-10-01|2025-10-02|2025-10-03|2025-10-04|2025-10-05|2025-10-06|2025-10-07|2025-10-08|2025-10-09|2025-10-10|2025-10-11|2025-10-12|2025-10-13|2025-10-14|2025-10-15|2025-10-16|2025-10-17,144
q3,S2,2025-10-19,0,highs-ipm,0.060266291999141686,2893.258514992068,1.1368683772161603e-13,9.094947017729282e-13,20,2025-10-19 00:00,2025-10-19 00:00,2025-09-29|2025-09-30|2025-10-01|2025-10-02|2025-10-03|2025-10-04|2025-10-05|2025-10-06|2025-10-07|2025-10-08|2025-10-09|2025-10-10|2025-10-11|2025-10-12|2025-10-13|2025-10-14|2025-10-15|2025-10-16|2025-10-17|2025-10-18,144
q3,S2,2025-10-19,6,highs-ipm,0.07718908400420332,11288.01387775273,2.2737367544323206e-13,8.926193117986259e-13,20,2025-10-19 06:00,2025-10-19 06:00,2025-09-29|2025-09-30|2025-10-01|2025-10-02|2025-10-03|2025-10-04|2025-10-05|2025-10-06|2025-10-07|2025-10-08|2025-10-09|2025-10-10|2025-10-11|2025-10-12|2025-10-13|2025-10-14|2025-10-15|2025-10-16|2025-10-17|2025-10-18,144
q3,S2,2025-10-19,12,highs-ipm,0.07589274999918416,22015.51932870566,1.1368683772161603e-13,8.668621376273222e-13,20,2025-10-19 12:00,2025-10-19 12:00,2025-09-29|2025-09-30|2025-10-01|2025-10-02|2025-10-03|2025-10-04|2025-10-05|2025-10-06|2025-10-07|2025-10-08|2025-10-09|2025-10-10|2025-10-11|2025-10-12|2025-10-13|2025-10-14|2025-10-15|2025-10-16|2025-10-17|2025-10-18,144
q3,S2,2025-10-20,0,highs-ipm,0.0568929159999243,3143.6405504544873,9.094947017729282e-13,9.094947017729282e-13,20,2025-10-20 00:00,2025-10-20 00:00,2025-09-30|2025-10-01|2025-10-02|2025-10-03|2025-10-04|2025-10-05|2025-10-06|2025-10-07|2025-10-08|2025-10-09|2025-10-10|2025-10-11|2025-10-12|2025-10-13|2025-10-14|2025-10-15|2025-10-16|2025-10-17|2025-10-18|2025-10-19,144
q3,S2,2025-10-20,6,highs-ipm,0.0742761250003241,10350.762554118424,2.2737367544323206e-13,9.094947017729282e-13,20,2025-10-20 06:00,2025-10-20 06:00,2025-09-30|2025-10-01|2025-10-02|2025-10-03|2025-10-04|2025-10-05|2025-10-06|2025-10-07|2025-10-08|2025-10-09|2025-10-10|2025-10-11|2025-10-12|2025-10-13|2025-10-14|2025-10-15|2025-10-16|2025-10-17|2025-10-18|2025-10-19,144
q3,S2,2025-10-20,12,highs-ipm,0.08161529199423967,25221.637994089222,2.2737367544323206e-13,9.094947017729282e-13,20,2025-10-20 12:00,2025-10-20 12:00,2025-09-30|2025-10-01|2025-10-02|2025-10-03|2025-10-04|2025-10-05|2025-10-06|2025-10-07|2025-10-08|2025-10-09|2025-10-10|2025-10-11|2025-10-12|2025-10-13|2025-10-14|2025-10-15|2025-10-16|2025-10-17|2025-10-18|2025-10-19,144
q3,S2,2025-10-21,0,highs-ipm,0.06077695800195215,2863.305244598512,1.1368683772161603e-13,9.094947017729282e-13,20,2025-10-21 00:00,2025-10-21 00:00,2025-10-01|2025-10-02|2025-10-03|2025-10-04|2025-10-05|2025-10-06|2025-10-07|2025-10-08|2025-10-09|2025-10-10|2025-10-11|2025-10-12|2025-10-13|2025-10-14|2025-10-15|2025-10-16|2025-10-17|2025-10-18|2025-10-19|2025-10-20,144
q3,S2,2025-10-21,6,highs-ipm,0.077746125003614,11767.107283149602,2.2737367544323206e-13,9.094947017729282e-13,20,2025-10-21 06:00,2025-10-21 06:00,2025-10-01|2025-10-02|2025-10-03|2025-10-04|2025-10-05|2025-10-06|2025-10-07|2025-10-08|2025-10-09|2025-10-10|2025-10-11|2025-10-12|2025-10-13|2025-10-14|2025-10-15|2025-10-16|2025-10-17|2025-10-18|2025-10-19|2025-10-20,144
q3,S2,2025-10-21,12,highs-ipm,0.07610191600542748,22414.64727403077,1.1368683772161603e-13,9.094947017729282e-13,20,2025-10-21 12:00,2025-10-21 12:00,2025-10-01|2025-10-02|2025-10-03|2025-10-04|2025-10-05|2025-10-06|2025-10-07|2025-10-08|2025-10-09|2025-10-10|2025-10-11|2025-10-12|2025-10-13|2025-10-14|2025-10-15|2025-10-16|2025-10-17|2025-10-18|2025-10-19|2025-10-20,144
q3,S2,2025-10-22,0,highs-ipm,0.059158750002097804,2591.7335099842635,5.400124791776761e-13,8.526512829121202e-13,20,2025-10-22 00:00,2025-10-22 00:00,2025-10-02|2025-10-03|2025-10-04|2025-10-05|2025-10-06|2025-10-07|2025-10-08|2025-10-09|2025-10-10|2025-10-11|2025-10-12|2025-10-13|2025-10-14|2025-10-15|2025-10-16|2025-10-17|2025-10-18|2025-10-19|2025-10-20|2025-10-21,144
q3,S2,2025-10-22,6,highs-ipm,0.07161708299827296,10601.816754524896,2.2737367544323206e-13,9.094947017729282e-13,20,2025-10-22 06:00,2025-10-22 06:00,2025-10-02|2025-10-03|2025-10-04|2025-10-05|2025-10-06|2025-10-07|2025-10-08|2025-10-09|2025-10-10|2025-10-11|2025-10-12|2025-10-13|2025-10-14|2025-10-15|2025-10-16|2025-10-17|2025-10-18|2025-10-19|2025-10-20|2025-10-21,144
q3,S2,2025-10-22,12,highs-ipm,0.0749781670019729,18350.16225752648,1.1368683772161603e-13,9.094947017729282e-13,20,2025-10-22 12:00,2025-10-22 12:00,2025-10-02|2025-10-03|2025-10-04|2025-10-05|2025-10-06|2025-10-07|2025-10-08|2025-10-09|2025-10-10|2025-10-11|2025-10-12|2025-10-13|2025-10-14|2025-10-15|2025-10-16|2025-10-17|2025-10-18|2025-10-19|2025-10-20|2025-10-21,144
q3,S2,2025-10-23,0,highs-ipm,0.06856808399606962,2643.4611562352516,4.547473508864641e-13,7.958078640513122e-13,20,2025-10-23 00:00,2025-10-23 00:00,2025-10-03|2025-10-04|2025-10-05|2025-10-06|2025-10-07|2025-10-08|2025-10-09|2025-10-10|2025-10-11|2025-10-12|2025-10-13|2025-10-14|2025-10-15|2025-10-16|2025-10-17|2025-10-18|2025-10-19|2025-10-20|2025-10-21|2025-10-22,144
q3,S2,2025-10-23,6,highs-ipm,0.07697816700238036,3825.9898401410896,1.1368683772161603e-13,8.668621376273222e-13,20,2025-10-23 06:00,2025-10-23 06:00,2025-10-03|2025-10-04|2025-10-05|2025-10-06|2025-10-07|2025-10-08|2025-10-09|2025-10-10|2025-10-11|2025-10-12|2025-10-13|2025-10-14|2025-10-15|2025-10-16|2025-10-17|2025-10-18|2025-10-19|2025-10-20|2025-10-21|2025-10-22,144
q3,S2,2025-10-23,12,highs-ipm,0.08189975000277627,7177.266858290632,1.1368683772161603e-13,8.384404281969182e-13,20,2025-10-23 12:00,2025-10-23 12:00,2025-10-03|2025-10-04|2025-10-05|2025-10-06|2025-10-07|2025-10-08|2025-10-09|2025-10-10|2025-10-11|2025-10-12|2025-10-13|2025-10-14|2025-10-15|2025-10-16|2025-10-17|2025-10-18|2025-10-19|2025-10-20|2025-10-21|2025-10-22,144
q3,S2,2025-10-24,0,highs-ipm,0.06788408299325965,783.0627881513124,3.907985046680551e-14,9.094947017729282e-13,20,2025-10-24 00:00,2025-10-24 00:00,2025-10-04|2025-10-05|2025-10-06|2025-10-07|2025-10-08|2025-10-09|2025-10-10|2025-10-11|2025-10-12|2025-10-13|2025-10-14|2025-10-15|2025-10-16|2025-10-17|2025-10-18|2025-10-19|2025-10-20|2025-10-21|2025-10-22|2025-10-23,144
q3,S2,2025-10-24,6,highs-ipm,0.08831712499522837,7879.475757988748,5.684341886080802e-14,9.094947017729282e-13,20,2025-10-24 06:00,2025-10-24 06:00,2025-10-04|2025-10-05|2025-10-06|2025-10-07|2025-10-08|2025-10-09|2025-10-10|2025-10-11|2025-10-12|2025-10-13|2025-10-14|2025-10-15|2025-10-16|2025-10-17|2025-10-18|2025-10-19|2025-10-20|2025-10-21|2025-10-22|2025-10-23,144
q3,S2,2025-10-24,12,highs-ipm,0.08212320799793815,9301.323908651406,5.684341886080802e-14,9.094947017729282e-13,20,2025-10-24 12:00,2025-10-24 12:00,2025-10-04|2025-10-05|2025-10-06|2025-10-07|2025-10-08|2025-10-09|2025-10-10|2025-10-11|2025-10-12|2025-10-13|2025-10-14|2025-10-15|2025-10-16|2025-10-17|2025-10-18|2025-10-19|2025-10-20|2025-10-21|2025-10-22|2025-10-23,144
q3,S2,2025-10-25,0,highs-ipm,0.058300208002037834,1685.5359668728124,1.1937117960769683e-12,9.094947017729282e-13,20,2025-10-25 00:00,2025-10-25 00:00,2025-10-05|2025-10-06|2025-10-07|2025-10-08|2025-10-09|2025-10-10|2025-10-11|2025-10-12|2025-10-13|2025-10-14|2025-10-15|2025-10-16|2025-10-17|2025-10-18|2025-10-19|2025-10-20|2025-10-21|2025-10-22|2025-10-23|2025-10-24,144
q3,S2,2025-10-25,6,highs-ipm,0.08373525000206428,10425.30785502033,5.684341886080802e-14,8.846257060213247e-13,20,2025-10-25 06:00,2025-10-25 06:00,2025-10-05|2025-10-06|2025-10-07|2025-10-08|2025-10-09|2025-10-10|2025-10-11|2025-10-12|2025-10-13|2025-10-14|2025-10-15|2025-10-16|2025-10-17|2025-10-18|2025-10-19|2025-10-20|2025-10-21|2025-10-22|2025-10-23|2025-10-24,144
q3,S2,2025-10-25,12,highs-ipm,0.08403033300419338,20452.67483113762,5.684341886080802e-14,8.020251129892131e-13,20,2025-10-25 12:00,2025-10-25 12:00,2025-10-05|2025-10-06|2025-10-07|2025-10-08|2025-10-09|2025-10-10|2025-10-11|2025-10-12|2025-10-13|2025-10-14|2025-10-15|2025-10-16|2025-10-17|2025-10-18|2025-10-19|2025-10-20|2025-10-21|2025-10-22|2025-10-23|2025-10-24,144
q3,S2,2025-10-26,0,highs-ipm,0.06180437500006519,2599.3280084751013,6.821210263296962e-13,9.094947017729282e-13,20,2025-10-26 00:00,2025-10-26 00:00,2025-10-06|2025-10-07|2025-10-08|2025-10-09|2025-10-10|2025-10-11|2025-10-12|2025-10-13|2025-10-14|2025-10-15|2025-10-16|2025-10-17|2025-10-18|2025-10-19|2025-10-20|2025-10-21|2025-10-22|2025-10-23|2025-10-24|2025-10-25,144
q3,S2,2025-10-26,6,highs-ipm,0.07792387500376208,8528.14725312099,1.1368683772161603e-13,9.094947017729282e-13,20,2025-10-26 06:00,2025-10-26 06:00,2025-10-06|2025-10-07|2025-10-08|2025-10-09|2025-10-10|2025-10-11|2025-10-12|2025-10-13|2025-10-14|2025-10-15|2025-10-16|2025-10-17|2025-10-18|2025-10-19|2025-10-20|2025-10-21|2025-10-22|2025-10-23|2025-10-24|2025-10-25,144
q3,S2,2025-10-26,12,highs-ipm,0.07847254200169118,18881.271238944515,1.1368683772161603e-13,9.094947017729282e-13,20,2025-10-26 12:00,2025-10-26 12:00,2025-10-06|2025-10-07|2025-10-08|2025-10-09|2025-10-10|2025-10-11|2025-10-12|2025-10-13|2025-10-14|2025-10-15|2025-10-16|2025-10-17|2025-10-18|2025-10-19|2025-10-20|2025-10-21|2025-10-22|2025-10-23|2025-10-24|2025-10-25,144
q3,S2,2025-10-27,0,highs-ipm,0.060505333000037353,2234.3789737182997,1.1368683772161603e-13,8.242295734817162e-13,20,2025-10-27 00:00,2025-10-27 00:00,2025-10-07|2025-10-08|2025-10-09|2025-10-10|2025-10-11|2025-10-12|2025-10-13|2025-10-14|2025-10-15|2025-10-16|2025-10-17|2025-10-18|2025-10-19|2025-10-20|2025-10-21|2025-10-22|2025-10-23|2025-10-24|2025-10-25|2025-10-26,144
q3,S2,2025-10-27,6,highs-ipm,0.0774494169963873,15700.585583659213,2.2737367544323206e-13,9.094947017729282e-13,20,2025-10-27 06:00,2025-10-27 06:00,2025-10-07|2025-10-08|2025-10-09|2025-10-10|2025-10-11|2025-10-12|2025-10-13|2025-10-14|2025-10-15|2025-10-16|2025-10-17|2025-10-18|2025-10-19|2025-10-20|2025-10-21|2025-10-22|2025-10-23|2025-10-24|2025-10-25|2025-10-26,144
q3,S2,2025-10-27,12,highs-ipm,0.07587387500097975,21398.654304002524,2.2737367544323206e-13,8.526512829121202e-13,20,2025-10-27 12:00,2025-10-27 12:00,2025-10-07|2025-10-08|2025-10-09|2025-10-10|2025-10-11|2025-10-12|2025-10-13|2025-10-14|2025-10-15|2025-10-16|2025-10-17|2025-10-18|2025-10-19|2025-10-20|2025-10-21|2025-10-22|2025-10-23|2025-10-24|2025-10-25|2025-10-26,144
q3,S2,2025-10-28,0,highs-ipm,0.05563933400117094,2174.306502501419,2.984279490192421e-13,8.100187187665142e-13,20,2025-10-28 00:00,2025-10-28 00:00,2025-10-08|2025-10-09|2025-10-10|2025-10-11|2025-10-12|2025-10-13|2025-10-14|2025-10-15|2025-10-16|2025-10-17|2025-10-18|2025-10-19|2025-10-20|2025-10-21|2025-10-22|2025-10-23|2025-10-24|2025-10-25|2025-10-26|2025-10-27,144
q3,S2,2025-10-28,6,highs-ipm,0.07673025000258349,14522.746249484262,2.2737367544323206e-13,9.094947017729282e-13,20,2025-10-28 06:00,2025-10-28 06:00,2025-10-08|2025-10-09|2025-10-10|2025-10-11|2025-10-12|2025-10-13|2025-10-14|2025-10-15|2025-10-16|2025-10-17|2025-10-18|2025-10-19|2025-10-20|2025-10-21|2025-10-22|2025-10-23|2025-10-24|2025-10-25|2025-10-26|2025-10-27,144
q3,S2,2025-10-28,12,highs-ipm,0.07578433300659526,22185.579903489186,2.2737367544323206e-13,9.094947017729282e-13,20,2025-10-28 12:00,2025-10-28 12:00,2025-10-08|2025-10-09|2025-10-10|2025-10-11|2025-10-12|2025-10-13|2025-10-14|2025-10-15|2025-10-16|2025-10-17|2025-10-18|2025-10-19|2025-10-20|2025-10-21|2025-10-22|2025-10-23|2025-10-24|2025-10-25|2025-10-26|2025-10-27,144
q3,S2,2025-10-29,0,highs-ipm,0.05712583300191909,2427.2482253868457,2.2737367544323206e-13,1.0231815394945443e-12,20,2025-10-29 00:00,2025-10-29 00:00,2025-10-09|2025-10-10|2025-10-11|2025-10-12|2025-10-13|2025-10-14|2025-10-15|2025-10-16|2025-10-17|2025-10-18|2025-10-19|2025-10-20|2025-10-21|2025-10-22|2025-10-23|2025-10-24|2025-10-25|2025-10-26|2025-10-27|2025-10-28,144
q3,S2,2025-10-29,6,highs-ipm,0.07462795799801825,11385.543432610264,2.2737367544323206e-13,1.0231815394945443e-12,20,2025-10-29 06:00,2025-10-29 06:00,2025-10-09|2025-10-10|2025-10-11|2025-10-12|2025-10-13|2025-10-14|2025-10-15|2025-10-16|2025-10-17|2025-10-18|2025-10-19|2025-10-20|2025-10-21|2025-10-22|2025-10-23|2025-10-24|2025-10-25|2025-10-26|2025-10-27|2025-10-28,144
q3,S2,2025-10-29,12,highs-ipm,0.07405829100025585,23805.789127716405,2.2737367544323206e-13,1.0231815394945443e-12,20,2025-10-29 12:00,2025-10-29 12:00,2025-10-09|2025-10-10|2025-10-11|2025-10-12|2025-10-13|2025-10-14|2025-10-15|2025-10-16|2025-10-17|2025-10-18|2025-10-19|2025-10-20|2025-10-21|2025-10-22|2025-10-23|2025-10-24|2025-10-25|2025-10-26|2025-10-27|2025-10-28,144
q3,S2,2025-10-30,0,highs-ipm,0.05759412500628969,1918.3947453779688,1.1368683772161603e-13,9.094947017729282e-13,20,2025-10-30 00:00,2025-10-30 00:00,2025-10-10|2025-10-11|2025-10-12|2025-10-13|2025-10-14|2025-10-15|2025-10-16|2025-10-17|2025-10-18|2025-10-19|2025-10-20|2025-10-21|2025-10-22|2025-10-23|2025-10-24|2025-10-25|2025-10-26|2025-10-27|2025-10-28|2025-10-29,144
q3,S2,2025-10-30,6,highs-ipm,0.08074774999840884,9898.03861328238,2.2737367544323206e-13,9.094947017729282e-13,20,2025-10-30 06:00,2025-10-30 06:00,2025-10-10|2025-10-11|2025-10-12|2025-10-13|2025-10-14|2025-10-15|2025-10-16|2025-10-17|2025-10-18|2025-10-19|2025-10-20|2025-10-21|2025-10-22|2025-10-23|2025-10-24|2025-10-25|2025-10-26|2025-10-27|2025-10-28|2025-10-29,144
q3,S2,2025-10-30,12,highs-ipm,0.07913854200160131,9845.24063424121,1.1368683772161603e-13,9.094947017729282e-13,20,2025-10-30 12:00,2025-10-30 12:00,2025-10-10|2025-10-11|2025-10-12|2025-10-13|2025-10-14|2025-10-15|2025-10-16|2025-10-17|2025-10-18|2025-10-19|2025-10-20|2025-10-21|2025-10-22|2025-10-23|2025-10-24|2025-10-25|2025-10-26|2025-10-27|2025-10-28|2025-10-29,144
q3,S2,2025-10-31,0,highs-ipm,0.059115249998285435,1393.0486744086181,1.1368683772161603e-13,9.094947017729282e-13,20,2025-10-31 00:00,2025-10-31 00:00,2025-10-11|2025-10-12|2025-10-13|2025-10-14|2025-10-15|2025-10-16|2025-10-17|2025-10-18|2025-10-19|2025-10-20|2025-10-21|2025-10-22|2025-10-23|2025-10-24|2025-10-25|2025-10-26|2025-10-27|2025-10-28|2025-10-29|2025-10-30,144
q3,S2,2025-10-31,6,highs-ipm,0.07737837499735178,7370.105995146415,1.1368683772161603e-13,9.094947017729282e-13,20,2025-10-31 06:00,2025-10-31 06:00,2025-10-11|2025-10-12|2025-10-13|2025-10-14|2025-10-15|2025-10-16|2025-10-17|2025-10-18|2025-10-19|2025-10-20|2025-10-21|2025-10-22|2025-10-23|2025-10-24|2025-10-25|2025-10-26|2025-10-27|2025-10-28|2025-10-29|2025-10-30,144
q3,S2,2025-10-31,12,highs-ipm,0.0809141659992747,7729.06625565976,5.684341886080802e-14,7.958078640513122e-13,20,2025-10-31 12:00,2025-10-31 12:00,2025-10-11|2025-10-12|2025-10-13|2025-10-14|2025-10-15|2025-10-16|2025-10-17|2025-10-18|2025-10-19|2025-10-20|2025-10-21|2025-10-22|2025-10-23|2025-10-24|2025-10-25|2025-10-26|2025-10-27|2025-10-28|2025-10-29|2025-10-30,144
q3,S2,2025-11-01,0,highs-ipm,0.06504300000233343,790.009572974168,9.094947017729282e-13,9.094947017729282e-13,20,2025-11-01 00:00,2025-11-01 00:00,2025-10-12|2025-10-13|2025-10-14|2025-10-15|2025-10-16|2025-10-17|2025-10-18|2025-10-19|2025-10-20|2025-10-21|2025-10-22|2025-10-23|2025-10-24|2025-10-25|2025-10-26|2025-10-27|2025-10-28|2025-10-29|2025-10-30|2025-10-31,144
q3,S2,2025-11-01,6,highs-ipm,0.08252962500409922,10133.060373008768,9.094947017729282e-13,9.094947017729282e-13,20,2025-11-01 06:00,2025-11-01 06:00,2025-10-12|2025-10-13|2025-10-14|2025-10-15|2025-10-16|2025-10-17|2025-10-18|2025-10-19|2025-10-20|2025-10-21|2025-10-22|2025-10-23|2025-10-24|2025-10-25|2025-10-26|2025-10-27|2025-10-28|2025-10-29|2025-10-30|2025-10-31,144
q3,S2,2025-11-01,12,highs-ipm,0.07924733300023945,18552.994546525228,5.684341886080802e-14,9.094947017729282e-13,20,2025-11-01 12:00,2025-11-01 12:00,2025-10-12|2025-10-13|2025-10-14|2025-10-15|2025-10-16|2025-10-17|2025-10-18|2025-10-19|2025-10-20|2025-10-21|2025-10-22|2025-10-23|2025-10-24|2025-10-25|2025-10-26|2025-10-27|2025-10-28|2025-10-29|2025-10-30|2025-10-31,144
q3,S2,2025-11-02,0,highs-ipm,0.05897583399928408,2223.0401457149865,2.2737367544323206e-13,9.094947017729282e-13,20,2025-11-02 00:00,2025-11-02 00:00,2025-10-13|2025-10-14|2025-10-15|2025-10-16|2025-10-17|2025-10-18|2025-10-19|2025-10-20|2025-10-21|2025-10-22|2025-10-23|2025-10-24|2025-10-25|2025-10-26|2025-10-27|2025-10-28|2025-10-29|2025-10-30|2025-10-31|2025-11-01,144
q3,S2,2025-11-02,6,highs-ipm,0.07805341699713608,14450.493800848844,2.2737367544323206e-13,9.094947017729282e-13,20,2025-11-02 06:00,2025-11-02 06:00,2025-10-13|2025-10-14|2025-10-15|2025-10-16|2025-10-17|2025-10-18|2025-10-19|2025-10-20|2025-10-21|2025-10-22|2025-10-23|2025-10-24|2025-10-25|2025-10-26|2025-10-27|2025-10-28|2025-10-29|2025-10-30|2025-10-31|2025-11-01,144
q3,S2,2025-11-02,12,highs-ipm,0.07582333299797028,19294.817327721874,1.1368683772161603e-13,9.094947017729282e-13,20,2025-11-02 12:00,2025-11-02 12:00,2025-10-13|2025-10-14|2025-10-15|2025-10-16|2025-10-17|2025-10-18|2025-10-19|2025-10-20|2025-10-21|2025-10-22|2025-10-23|2025-10-24|2025-10-25|2025-10-26|2025-10-27|2025-10-28|2025-10-29|2025-10-30|2025-10-31|2025-11-01,144
q3,S2,2025-11-03,0,highs-ipm,0.06044820899842307,2219.450576000417,2.2737367544323206e-13,9.094947017729282e-13,20,2025-11-03 00:00,2025-11-03 00:00,2025-10-14|2025-10-15|2025-10-16|2025-10-17|2025-10-18|2025-10-19|2025-10-20|2025-10-21|2025-10-22|2025-10-23|2025-10-24|2025-10-25|2025-10-26|2025-10-27|2025-10-28|2025-10-29|2025-10-30|2025-10-31|2025-11-01|2025-11-02,144
q3,S2,2025-11-03,6,highs-ipm,0.07606595900142565,10117.078469571177,1.1368683772161603e-13,9.094947017729282e-13,20,2025-11-03 06:00,2025-11-03 06:00,2025-10-14|2025-10-15|2025-10-16|2025-10-17|2025-10-18|2025-10-19|2025-10-20|2025-10-21|2025-10-22|2025-10-23|2025-10-24|2025-10-25|2025-10-26|2025-10-27|2025-10-28|2025-10-29|2025-10-30|2025-10-31|2025-11-01|2025-11-02,144
q3,S2,2025-11-03,12,highs-ipm,0.07780208400072297,20826.675789551617,1.1368683772161603e-13,9.094947017729282e-13,20,2025-11-03 12:00,2025-11-03 12:00,2025-10-14|2025-10-15|2025-10-16|2025-10-17|2025-10-18|2025-10-19|2025-10-20|2025-10-21|2025-10-22|2025-10-23|2025-10-24|2025-10-25|2025-10-26|2025-10-27|2025-10-28|2025-10-29|2025-10-30|2025-10-31|2025-11-01|2025-11-02,144
q3,S2,2025-11-04,0,highs-ipm,0.055359958998451475,2112.4845905328953,2.0605739337042905e-13,7.958078640513122e-13,20,2025-11-04 00:00,2025-11-04 00:00,2025-10-15|2025-10-16|2025-10-17|2025-10-18|2025-10-19|2025-10-20|2025-10-21|2025-10-22|2025-10-23|2025-10-24|2025-10-25|2025-10-26|2025-10-27|2025-10-28|2025-10-29|2025-10-30|2025-10-31|2025-11-01|2025-11-02|2025-11-03,144
q3,S2,2025-11-04,6,highs-ipm,0.07727358400006779,12321.9104880013,2.2737367544323206e-13,7.958078640513122e-13,20,2025-11-04 06:00,2025-11-04 06:00,2025-10-15|2025-10-16|2025-10-17|2025-10-18|2025-10-19|2025-10-20|2025-10-21|2025-10-22|2025-10-23|2025-10-24|2025-10-25|2025-10-26|2025-10-27|2025-10-28|2025-10-29|2025-10-30|2025-10-31|2025-11-01|2025-11-02|2025-11-03,144
q3,S2,2025-11-04,12,highs-ipm,0.07515812500059837,21771.55527822082,3.410605131648481e-13,9.094947017729282e-13,20,2025-11-04 12:00,2025-11-04 12:00,2025-10-15|2025-10-16|2025-10-17|2025-10-18|2025-10-19|2025-10-20|2025-10-21|2025-10-22|2025-10-23|2025-10-24|2025-10-25|2025-10-26|2025-10-27|2025-10-28|2025-10-29|2025-10-30|2025-10-31|2025-11-01|2025-11-02|2025-11-03,144
q3,S2,2025-11-05,0,highs-ipm,0.05533604199445108,2185.4461876142122,2.2737367544323206e-13,9.094947017729282e-13,20,2025-11-05 00:00,2025-11-05 00:00,2025-10-16|2025-10-17|2025-10-18|2025-10-19|2025-10-20|2025-10-21|2025-10-22|2025-10-23|2025-10-24|2025-10-25|2025-10-26|2025-10-27|2025-10-28|2025-10-29|2025-10-30|2025-10-31|2025-11-01|2025-11-02|2025-11-03|2025-11-04,144
q3,S2,2025-11-05,6,highs-ipm,0.07298379199346527,8083.416630311977,2.2737367544323206e-13,8.952838470577262e-13,20,2025-11-05 06:00,2025-11-05 06:00,2025-10-16|2025-10-17|2025-10-18|2025-10-19|2025-10-20|2025-10-21|2025-10-22|2025-10-23|2025-10-24|2025-10-25|2025-10-26|2025-10-27|2025-10-28|2025-10-29|2025-10-30|2025-10-31|2025-11-01|2025-11-02|2025-11-03|2025-11-04,144
q3,S2,2025-11-05,12,highs-ipm,0.07954691600025399,26958.675377098643,2.2737367544323206e-13,9.094947017729282e-13,20,2025-11-05 12:00,2025-11-05 12:00,2025-10-16|2025-10-17|2025-10-18|2025-10-19|2025-10-20|2025-10-21|2025-10-22|2025-10-23|2025-10-24|2025-10-25|2025-10-26|2025-10-27|2025-10-28|2025-10-29|2025-10-30|2025-10-31|2025-11-01|2025-11-02|2025-11-03|2025-11-04,144
q3,S2,2025-11-06,0,highs-ipm,0.05733975000475766,2199.529750850527,2.2737367544323206e-13,7.958078640513122e-13,20,2025-11-06 00:00,2025-11-06 00:00,2025-10-17|2025-10-18|2025-10-19|2025-10-20|2025-10-21|2025-10-22|2025-10-23|2025-10-24|2025-10-25|2025-10-26|2025-10-27|2025-10-28|2025-10-29|2025-10-30|2025-10-31|2025-11-01|2025-11-02|2025-11-03|2025-11-04|2025-11-05,144
q3,S2,2025-11-06,6,highs-ipm,0.08097612500569085,9733.359116288328,2.2737367544323206e-13,9.094947017729282e-13,20,2025-11-06 06:00,2025-11-06 06:00,2025-10-17|2025-10-18|2025-10-19|2025-10-20|2025-10-21|2025-10-22|2025-10-23|2025-10-24|2025-10-25|2025-10-26|2025-10-27|2025-10-28|2025-10-29|2025-10-30|2025-10-31|2025-11-01|2025-11-02|2025-11-03|2025-11-04|2025-11-05,144
q3,S2,2025-11-06,12,highs-ipm,0.07757329200103413,9115.114082183756,2.2737367544323206e-13,9.094947017729282e-13,20,2025-11-06 12:00,2025-11-06 12:00,2025-10-17|2025-10-18|2025-10-19|2025-10-20|2025-10-21|2025-10-22|2025-10-23|2025-10-24|2025-10-25|2025-10-26|2025-10-27|2025-10-28|2025-10-29|2025-10-30|2025-10-31|2025-11-01|2025-11-02|2025-11-03|2025-11-04|2025-11-05,144
q3,S2,2025-11-07,0,highs-ipm,0.06930670799920335,687.6961868355512,1.1368683772161603e-13,9.094947017729282e-13,20,2025-11-07 00:00,2025-11-07 00:00,2025-10-18|2025-10-19|2025-10-20|2025-10-21|2025-10-22|2025-10-23|2025-10-24|2025-10-25|2025-10-26|2025-10-27|2025-10-28|2025-10-29|2025-10-30|2025-10-31|2025-11-01|2025-11-02|2025-11-03|2025-11-04|2025-11-05|2025-11-06,144
q3,S2,2025-11-07,6,highs-ipm,0.07178887500049314,8093.674797236069,1.1368683772161603e-13,8.641976023682219e-13,20,2025-11-07 06:00,2025-11-07 06:00,2025-10-18|2025-10-19|2025-10-20|2025-10-21|2025-10-22|2025-10-23|2025-10-24|2025-10-25|2025-10-26|2025-10-27|2025-10-28|2025-10-29|2025-10-30|2025-10-31|2025-11-01|2025-11-02|2025-11-03|2025-11-04|2025-11-05|2025-11-06,144
q3,S2,2025-11-07,12,highs-ipm,0.08237779200135265,10094.842299638696,1.1368683772161603e-13,9.094947017729282e-13,20,2025-11-07 12:00,2025-11-07 12:00,2025-10-18|2025-10-19|2025-10-20|2025-10-21|2025-10-22|2025-10-23|2025-10-24|2025-10-25|2025-10-26|2025-10-27|2025-10-28|2025-10-29|2025-10-30|2025-10-31|2025-11-01|2025-11-02|2025-11-03|2025-11-04|2025-11-05|2025-11-06,144
q3,S2,2025-11-08,0,highs-ipm,0.061025416005577426,1022.8401041740684,4.547473508864641e-13,9.094947017729282e-13,20,2025-11-08 00:00,2025-11-08 00:00,2025-10-19|2025-10-20|2025-10-21|2025-10-22|2025-10-23|2025-10-24|2025-10-25|2025-10-26|2025-10-27|2025-10-28|2025-10-29|2025-10-30|2025-10-31|2025-11-01|2025-11-02|2025-11-03|2025-11-04|2025-11-05|2025-11-06|2025-11-07,144
q3,S2,2025-11-08,6,highs-ipm,0.08475437499873806,10292.75577663693,5.684341886080802e-14,9.094947017729282e-13,20,2025-11-08 06:00,2025-11-08 06:00,2025-10-19|2025-10-20|2025-10-21|2025-10-22|2025-10-23|2025-10-24|2025-10-25|2025-10-26|2025-10-27|2025-10-28|2025-10-29|2025-10-30|2025-10-31|2025-11-01|2025-11-02|2025-11-03|2025-11-04|2025-11-05|2025-11-06|2025-11-07,144
q3,S2,2025-11-08,12,highs-ipm,0.08347824999509612,19461.81820059405,5.684341886080802e-14,9.094947017729282e-13,20,2025-11-08 12:00,2025-11-08 12:00,2025-10-19|2025-10-20|2025-10-21|2025-10-22|2025-10-23|2025-10-24|2025-10-25|2025-10-26|2025-10-27|2025-10-28|2025-10-29|2025-10-30|2025-10-31|2025-11-01|2025-11-02|2025-11-03|2025-11-04|2025-11-05|2025-11-06|2025-11-07,144
q3,S2,2025-11-09,0,highs-ipm,0.05669099999795435,1801.2932776101716,2.6526928801710393e-13,8.526512829121202e-13,20,2025-11-09 00:00,2025-11-09 00:00,2025-10-20|2025-10-21|2025-10-22|2025-10-23|2025-10-24|2025-10-25|2025-10-26|2025-10-27|2025-10-28|2025-10-29|2025-10-30|2025-10-31|2025-11-01|2025-11-02|2025-11-03|2025-11-04|2025-11-05|2025-11-06|2025-11-07|2025-11-08,144
q3,S2,2025-11-09,6,highs-ipm,0.07125141600408824,10497.612589594737,2.2737367544323206e-13,9.094947017729282e-13,20,2025-11-09 06:00,2025-11-09 06:00,2025-10-20|2025-10-21|2025-10-22|2025-10-23|2025-10-24|2025-10-25|2025-10-26|2025-10-27|2025-10-28|2025-10-29|2025-10-30|2025-10-31|2025-11-01|2025-11-02|2025-11-03|2025-11-04|2025-11-05|2025-11-06|2025-11-07|2025-11-08,144
q3,S2,2025-11-09,12,highs-ipm,0.07630087500001537,24805.22876050489,2.2737367544323206e-13,9.094947017729282e-13,20,2025-11-09 12:00,2025-11-09 12:00,2025-10-20|2025-10-21|2025-10-22|2025-10-23|2025-10-24|2025-10-25|2025-10-26|2025-10-27|2025-10-28|2025-10-29|2025-10-30|2025-10-31|2025-11-01|2025-11-02|2025-11-03|2025-11-04|2025-11-05|2025-11-06|2025-11-07|2025-11-08,144
q3,S2,2025-11-10,0,highs-ipm,0.056890167004894465,1764.7275865146787,2.2737367544323206e-13,9.094947017729282e-13,20,2025-11-10 00:00,2025-11-10 00:00,2025-10-21|2025-10-22|2025-10-23|2025-10-24|2025-10-25|2025-10-26|2025-10-27|2025-10-28|2025-10-29|2025-10-30|2025-10-31|2025-11-01|2025-11-02|2025-11-03|2025-11-04|2025-11-05|2025-11-06|2025-11-07|2025-11-08|2025-11-09,144
q3,S2,2025-11-10,6,highs-ipm,0.07840845800092211,13805.47943659785,2.2737367544323206e-13,8.299125275890162e-13,20,2025-11-10 06:00,2025-11-10 06:00,2025-10-21|2025-10-22|2025-10-23|2025-10-24|2025-10-25|2025-10-26|2025-10-27|2025-10-28|2025-10-29|2025-10-30|2025-10-31|2025-11-01|2025-11-02|2025-11-03|2025-11-04|2025-11-05|2025-11-06|2025-11-07|2025-11-08|2025-11-09,144
q3,S2,2025-11-10,12,highs-ipm,0.07711795900104335,18559.88368797133,1.1368683772161603e-13,9.094947017729282e-13,20,2025-11-10 12:00,2025-11-10 12:00,2025-10-21|2025-10-22|2025-10-23|2025-10-24|2025-10-25|2025-10-26|2025-10-27|2025-10-28|2025-10-29|2025-10-30|2025-10-31|2025-11-01|2025-11-02|2025-11-03|2025-11-04|2025-11-05|2025-11-06|2025-11-07|2025-11-08|2025-11-09,144
q3,S2,2025-11-11,0,highs-ipm,0.05639879199588904,1735.611041725303,6.821210263296962e-13,8.526512829121202e-13,20,2025-11-11 00:00,2025-11-11 00:00,2025-10-22|2025-10-23|2025-10-24|2025-10-25|2025-10-26|2025-10-27|2025-10-28|2025-10-29|2025-10-30|2025-10-31|2025-11-01|2025-11-02|2025-11-03|2025-11-04|2025-11-05|2025-11-06|2025-11-07|2025-11-08|2025-11-09|2025-11-10,144
q3,S2,2025-11-11,6,highs-ipm,0.08152166700165253,10048.028451464359,1.1368683772161603e-13,8.100187187665142e-13,20,2025-11-11 06:00,2025-11-11 06:00,2025-10-22|2025-10-23|2025-10-24|2025-10-25|2025-10-26|2025-10-27|2025-10-28|2025-10-29|2025-10-30|2025-10-31|2025-11-01|2025-11-02|2025-11-03|2025-11-04|2025-11-05|2025-11-06|2025-11-07|2025-11-08|2025-11-09|2025-11-10,144
q3,S2,2025-11-11,12,highs-ipm,0.07679962499969406,25638.879684493102,1.1368683772161603e-13,8.881784197001252e-13,20,2025-11-11 12:00,2025-11-11 12:00,2025-10-22|2025-10-23|2025-10-24|2025-10-25|2025-10-26|2025-10-27|2025-10-28|2025-10-29|2025-10-30|2025-10-31|2025-11-01|2025-11-02|2025-11-03|2025-11-04|2025-11-05|2025-11-06|2025-11-07|2025-11-08|2025-11-09|2025-11-10,144
q3,S2,2025-11-12,0,highs-ipm,0.05934362499829149,1834.1952147243856,2.2737367544323206e-13,9.094947017729282e-13,20,2025-11-12 00:00,2025-11-12 00:00,2025-10-23|2025-10-24|2025-10-25|2025-10-26|2025-10-27|2025-10-28|2025-10-29|2025-10-30|2025-10-31|2025-11-01|2025-11-02|2025-11-03|2025-11-04|2025-11-05|2025-11-06|2025-11-07|2025-11-08|2025-11-09|2025-11-10|2025-11-11,144
q3,S2,2025-11-12,6,highs-ipm,0.08140095799899427,14832.20441723903,2.2737367544323206e-13,8.526512829121202e-13,20,2025-11-12 06:00,2025-11-12 06:00,2025-10-23|2025-10-24|2025-10-25|2025-10-26|2025-10-27|2025-10-28|2025-10-29|2025-10-30|2025-10-31|2025-11-01|2025-11-02|2025-11-03|2025-11-04|2025-11-05|2025-11-06|2025-11-07|2025-11-08|2025-11-09|2025-11-10|2025-11-11,144
q3,S2,2025-11-12,12,highs-ipm,0.07650395800010301,21686.1708498247,2.0463630789890885e-12,9.094947017729282e-13,20,2025-11-12 12:00,2025-11-12 12:00,2025-10-23|2025-10-24|2025-10-25|2025-10-26|2025-10-27|2025-10-28|2025-10-29|2025-10-30|2025-10-31|2025-11-01|2025-11-02|2025-11-03|2025-11-04|2025-11-05|2025-11-06|2025-11-07|2025-11-08|2025-11-09|2025-11-10|2025-11-11,144
q3,S2,2025-11-13,0,highs-ipm,0.05833191599958809,1754.845301481979,9.094947017729282e-13,9.094947017729282e-13,20,2025-11-13 00:00,2025-11-13 00:00,2025-10-24|2025-10-25|2025-10-26|2025-10-27|2025-10-28|2025-10-29|2025-10-30|2025-10-31|2025-11-01|2025-11-02|2025-11-03|2025-11-04|2025-11-05|2025-11-06|2025-11-07|2025-11-08|2025-11-09|2025-11-10|2025-11-11|2025-11-12,144
q3,S2,2025-11-13,6,highs-ipm,0.08179104199371068,9165.80923838934,1.1368683772161603e-13,8.185674360561279e-13,20,2025-11-13 06:00,2025-11-13 06:00,2025-10-24|2025-10-25|2025-10-26|2025-10-27|2025-10-28|2025-10-29|2025-10-30|2025-10-31|2025-11-01|2025-11-02|2025-11-03|2025-11-04|2025-11-05|2025-11-06|2025-11-07|2025-11-08|2025-11-09|2025-11-10|2025-11-11|2025-11-12,144
q3,S2,2025-11-13,12,highs-ipm,0.07443333300034283,10649.848805275387,2.2737367544323206e-13,9.094947017729282e-13,20,2025-11-13 12:00,2025-11-13 12:00,2025-10-24|2025-10-25|2025-10-26|2025-10-27|2025-10-28|2025-10-29|2025-10-30|2025-10-31|2025-11-01|2025-11-02|2025-11-03|2025-11-04|2025-11-05|2025-11-06|2025-11-07|2025-11-08|2025-11-09|2025-11-10|2025-11-11|2025-11-12,144
q3,S2,2025-11-14,0,highs-ipm,0.05903608300286578,1051.200970497976,2.2737367544323206e-13,8.526512829121202e-13,20,2025-11-14 00:00,2025-11-14 00:00,2025-10-25|2025-10-26|2025-10-27|2025-10-28|2025-10-29|2025-10-30|2025-10-31|2025-11-01|2025-11-02|2025-11-03|2025-11-04|2025-11-05|2025-11-06|2025-11-07|2025-11-08|2025-11-09|2025-11-10|2025-11-11|2025-11-12|2025-11-13,144
q3,S2,2025-11-14,6,highs-ipm,0.0846955830056686,7510.094475536581,2.2737367544323206e-13,8.86402062860725e-13,20,2025-11-14 06:00,2025-11-14 06:00,2025-10-25|2025-10-26|2025-10-27|2025-10-28|2025-10-29|2025-10-30|2025-10-31|2025-11-01|2025-11-02|2025-11-03|2025-11-04|2025-11-05|2025-11-06|2025-11-07|2025-11-08|2025-11-09|2025-11-10|2025-11-11|2025-11-12|2025-11-13,144
q3,S2,2025-11-14,12,highs-ipm,0.07406320799782407,8037.592095795437,2.2737367544323206e-13,8.952838470577262e-13,20,2025-11-14 12:00,2025-11-14 12:00,2025-10-25|2025-10-26|2025-10-27|2025-10-28|2025-10-29|2025-10-30|2025-10-31|2025-11-01|2025-11-02|2025-11-03|2025-11-04|2025-11-05|2025-11-06|2025-11-07|2025-11-08|2025-11-09|2025-11-10|2025-11-11|2025-11-12|2025-11-13,144
q3,S2,2025-11-15,0,highs-ipm,0.06268787500448525,1385.4945702382147,1.1368683772161603e-13,9.094947017729282e-13,20,2025-11-15 00:00,2025-11-15 00:00,2025-10-26|2025-10-27|2025-10-28|2025-10-29|2025-10-30|2025-10-31|2025-11-01|2025-11-02|2025-11-03|2025-11-04|2025-11-05|2025-11-06|2025-11-07|2025-11-08|2025-11-09|2025-11-10|2025-11-11|2025-11-12|2025-11-13|2025-11-14,144
q3,S2,2025-11-15,6,highs-ipm,0.08554100000037579,9717.445392185668,1.1368683772161603e-13,8.846257060213247e-13,20,2025-11-15 06:00,2025-11-15 06:00,2025-10-26|2025-10-27|2025-10-28|2025-10-29|2025-10-30|2025-10-31|2025-11-01|2025-11-02|2025-11-03|2025-11-04|2025-11-05|2025-11-06|2025-11-07|2025-11-08|2025-11-09|2025-11-10|2025-11-11|2025-11-12|2025-11-13|2025-11-14,144
q3,S2,2025-11-15,12,highs-ipm,0.08311491700442275,21644.98681953354,5.684341886080802e-14,8.841816168114747e-13,20,2025-11-15 12:00,2025-11-15 12:00,2025-10-26|2025-10-27|2025-10-28|2025-10-29|2025-10-30|2025-10-31|2025-11-01|2025-11-02|2025-11-03|2025-11-04|2025-11-05|2025-11-06|2025-11-07|2025-11-08|2025-11-09|2025-11-10|2025-11-11|2025-11-12|2025-11-13|2025-11-14,144
q3,S2,2025-11-16,0,highs-ipm,0.057502082992868964,1917.2737996824105,4.547473508864641e-13,7.958078640513122e-13,20,2025-11-16 00:00,2025-11-16 00:00,2025-10-27|2025-10-28|2025-10-29|2025-10-30|2025-10-31|2025-11-01|2025-11-02|2025-11-03|2025-11-04|2025-11-05|2025-11-06|2025-11-07|2025-11-08|2025-11-09|2025-11-10|2025-11-11|2025-11-12|2025-11-13|2025-11-14|2025-11-15,144
q3,S2,2025-11-16,6,highs-ipm,0.07868016700376756,13598.258981559218,2.2737367544323206e-13,9.094947017729282e-13,20,2025-11-16 06:00,2025-11-16 06:00,2025-10-27|2025-10-28|2025-10-29|2025-10-30|2025-10-31|2025-11-01|2025-11-02|2025-11-03|2025-11-04|2025-11-05|2025-11-06|2025-11-07|2025-11-08|2025-11-09|2025-11-10|2025-11-11|2025-11-12|2025-11-13|2025-11-14|2025-11-15,144
q3,S2,2025-11-16,12,highs-ipm,0.07846608300314983,28014.7686077525,1.1368683772161603e-13,9.094947017729282e-13,20,2025-11-16 12:00,2025-11-16 12:00,2025-10-27|2025-10-28|2025-10-29|2025-10-30|2025-10-31|2025-11-01|2025-11-02|2025-11-03|2025-11-04|2025-11-05|2025-11-06|2025-11-07|2025-11-08|2025-11-09|2025-11-10|2025-11-11|2025-11-12|2025-11-13|2025-11-14|2025-11-15,144
q3,S2,2025-11-17,0,highs-ipm,0.060868000000482425,1971.3705339035348,1.1368683772161603e-13,9.094947017729282e-13,20,2025-11-17 00:00,2025-11-17 00:00,2025-10-28|2025-10-29|2025-10-30|2025-10-31|2025-11-01|2025-11-02|2025-11-03|2025-11-04|2025-11-05|2025-11-06|2025-11-07|2025-11-08|2025-11-09|2025-11-10|2025-11-11|2025-11-12|2025-11-13|2025-11-14|2025-11-15|2025-11-16,144
q3,S2,2025-11-17,6,highs-ipm,0.07642204199510161,17425.86008523166,2.2737367544323206e-13,8.526512829121202e-13,20,2025-11-17 06:00,2025-11-17 06:00,2025-10-28|2025-10-29|2025-10-30|2025-10-31|2025-11-01|2025-11-02|2025-11-03|2025-11-04|2025-11-05|2025-11-06|2025-11-07|2025-11-08|2025-11-09|2025-11-10|2025-11-11|2025-11-12|2025-11-13|2025-11-14|2025-11-15|2025-11-16,144
q3,S2,2025-11-17,12,highs-ipm,0.0773264170056791,29168.272140076086,2.2737367544323206e-13,8.881784197001252e-13,20,2025-11-17 12:00,2025-11-17 12:00,2025-10-28|2025-10-29|2025-10-30|2025-10-31|2025-11-01|2025-11-02|2025-11-03|2025-11-04|2025-11-05|2025-11-06|2025-11-07|2025-11-08|2025-11-09|2025-11-10|2025-11-11|2025-11-12|2025-11-13|2025-11-14|2025-11-15|2025-11-16,144
q3,S2,2025-11-18,0,highs-ipm,0.055693917005555704,1811.694746330106,1.5347723092418164e-12,9.094947017729282e-13,20,2025-11-18 00:00,2025-11-18 00:00,2025-10-29|2025-10-30|2025-10-31|2025-11-01|2025-11-02|2025-11-03|2025-11-04|2025-11-05|2025-11-06|2025-11-07|2025-11-08|2025-11-09|2025-11-10|2025-11-11|2025-11-12|2025-11-13|2025-11-14|2025-11-15|2025-11-16|2025-11-17,144
q3,S2,2025-11-18,6,highs-ipm,0.0733780000009574,10320.028653123012,1.1368683772161603e-13,8.071321389024888e-13,20,2025-11-18 06:00,2025-11-18 06:00,2025-10-29|2025-10-30|2025-10-31|2025-11-01|2025-11-02|2025-11-03|2025-11-04|2025-11-05|2025-11-06|2025-11-07|2025-11-08|2025-11-09|2025-11-10|2025-11-11|2025-11-12|2025-11-13|2025-11-14|2025-11-15|2025-11-16|2025-11-17,144
q3,S2,2025-11-18,12,highs-ipm,0.07805283299967414,28938.39406146044,7.958078640513122e-13,8.526512829121202e-13,20,2025-11-18 12:00,2025-11-18 12:00,2025-10-29|2025-10-30|2025-10-31|2025-11-01|2025-11-02|2025-11-03|2025-11-04|2025-11-05|2025-11-06|2025-11-07|2025-11-08|2025-11-09|2025-11-10|2025-11-11|2025-11-12|2025-11-13|2025-11-14|2025-11-15|2025-11-16|2025-11-17,144
q3,S2,2025-11-19,0,highs-ipm,0.05791420800233027,1774.6920045433808,1.1368683772161603e-13,9.094947017729282e-13,20,2025-11-19 00:00,2025-11-19 00:00,2025-10-30|2025-10-31|2025-11-01|2025-11-02|2025-11-03|2025-11-04|2025-11-05|2025-11-06|2025-11-07|2025-11-08|2025-11-09|2025-11-10|2025-11-11|2025-11-12|2025-11-13|2025-11-14|2025-11-15|2025-11-16|2025-11-17|2025-11-18,144
q3,S2,2025-11-19,6,highs-ipm,0.07546241600357462,16442.119150860246,2.2737367544323206e-13,8.526512829121202e-13,20,2025-11-19 06:00,2025-11-19 06:00,2025-10-30|2025-10-31|2025-11-01|2025-11-02|2025-11-03|2025-11-04|2025-11-05|2025-11-06|2025-11-07|2025-11-08|2025-11-09|2025-11-10|2025-11-11|2025-11-12|2025-11-13|2025-11-14|2025-11-15|2025-11-16|2025-11-17|2025-11-18,144
q3,S2,2025-11-19,12,highs-ipm,0.07562779099680483,31099.214215465632,1.1368683772161603e-13,9.094947017729282e-13,20,2025-11-19 12:00,2025-11-19 12:00,2025-10-30|2025-10-31|2025-11-01|2025-11-02|2025-11-03|2025-11-04|2025-11-05|2025-11-06|2025-11-07|2025-11-08|2025-11-09|2025-11-10|2025-11-11|2025-11-12|2025-11-13|2025-11-14|2025-11-15|2025-11-16|2025-11-17|2025-11-18,144
q3,S2,2025-11-20,0,highs-ipm,0.05868283299787436,1728.7165692499511,1.0231815394945443e-12,9.094947017729282e-13,20,2025-11-20 00:00,2025-11-20 00:00,2025-10-31|2025-11-01|2025-11-02|2025-11-03|2025-11-04|2025-11-05|2025-11-06|2025-11-07|2025-11-08|2025-11-09|2025-11-10|2025-11-11|2025-11-12|2025-11-13|2025-11-14|2025-11-15|2025-11-16|2025-11-17|2025-11-18|2025-11-19,144
q3,S2,2025-11-20,6,highs-ipm,0.07562604199483758,9709.283163809394,1.1368683772161603e-13,9.094947017729282e-13,20,2025-11-20 06:00,2025-11-20 06:00,2025-10-31|2025-11-01|2025-11-02|2025-11-03|2025-11-04|2025-11-05|2025-11-06|2025-11-07|2025-11-08|2025-11-09|2025-11-10|2025-11-11|2025-11-12|2025-11-13|2025-11-14|2025-11-15|2025-11-16|2025-11-17|2025-11-18|2025-11-19,144
q3,S2,2025-11-20,12,highs-ipm,0.07596291699883295,10274.556644925231,2.2737367544323206e-13,9.094947017729282e-13,20,2025-11-20 12:00,2025-11-20 12:00,2025-10-31|2025-11-01|2025-11-02|2025-11-03|2025-11-04|2025-11-05|2025-11-06|2025-11-07|2025-11-08|2025-11-09|2025-11-10|2025-11-11|2025-11-12|2025-11-13|2025-11-14|2025-11-15|2025-11-16|2025-11-17|2025-11-18|2025-11-19,144
q3,S2,2025-11-21,0,highs-ipm,0.06453787500504404,734.0890434644941,1.1368683772161603e-13,9.094947017729282e-13,20,2025-11-21 00:00,2025-11-21 00:00,2025-11-01|2025-11-02|2025-11-03|2025-11-04|2025-11-05|2025-11-06|2025-11-07|2025-11-08|2025-11-09|2025-11-10|2025-11-11|2025-11-12|2025-11-13|2025-11-14|2025-11-15|2025-11-16|2025-11-17|2025-11-18|2025-11-19|2025-11-20,144
q3,S2,2025-11-21,6,highs-ipm,0.07355991700023878,9235.488816857027,1.1368683772161603e-13,9.094947017729282e-13,20,2025-11-21 06:00,2025-11-21 06:00,2025-11-01|2025-11-02|2025-11-03|2025-11-04|2025-11-05|2025-11-06|2025-11-07|2025-11-08|2025-11-09|2025-11-10|2025-11-11|2025-11-12|2025-11-13|2025-11-14|2025-11-15|2025-11-16|2025-11-17|2025-11-18|2025-11-19|2025-11-20,144
q3,S2,2025-11-21,12,highs-ipm,0.07808216699777404,8809.413641953091,1.1368683772161603e-13,9.094947017729282e-13,20,2025-11-21 12:00,2025-11-21 12:00,2025-11-01|2025-11-02|2025-11-03|2025-11-04|2025-11-05|2025-11-06|2025-11-07|2025-11-08|2025-11-09|2025-11-10|2025-11-11|2025-11-12|2025-11-13|2025-11-14|2025-11-15|2025-11-16|2025-11-17|2025-11-18|2025-11-19|2025-11-20,144
q3,S2,2025-11-22,0,highs-ipm,0.058836917000007816,1120.7490427471369,1.1368683772161603e-13,6.963318810448982e-13,20,2025-11-22 00:00,2025-11-22 00:00,2025-11-02|2025-11-03|2025-11-04|2025-11-05|2025-11-06|2025-11-07|2025-11-08|2025-11-09|2025-11-10|2025-11-11|2025-11-12|2025-11-13|2025-11-14|2025-11-15|2025-11-16|2025-11-17|2025-11-18|2025-11-19|2025-11-20|2025-11-21,144
q3,S2,2025-11-22,6,highs-ipm,0.07894312500138767,9445.01003873832,1.1368683772161603e-13,8.242295734817162e-13,20,2025-11-22 06:00,2025-11-22 06:00,2025-11-02|2025-11-03|2025-11-04|2025-11-05|2025-11-06|2025-11-07|2025-11-08|2025-11-09|2025-11-10|2025-11-11|2025-11-12|2025-11-13|2025-11-14|2025-11-15|2025-11-16|2025-11-17|2025-11-18|2025-11-19|2025-11-20|2025-11-21,144
q3,S2,2025-11-22,12,highs-ipm,0.08099520899850177,22479.63321463777,1.1368683772161603e-13,1.0231815394945443e-12,20,2025-11-22 12:00,2025-11-22 12:00,2025-11-02|2025-11-03|2025-11-04|2025-11-05|2025-11-06|2025-11-07|2025-11-08|2025-11-09|2025-11-10|2025-11-11|2025-11-12|2025-11-13|2025-11-14|2025-11-15|2025-11-16|2025-11-17|2025-11-18|2025-11-19|2025-11-20|2025-11-21,144
q3,S2,2025-11-23,0,highs-ipm,0.05677162500069244,1709.0109448303915,1.9326762412674725e-12,9.094947017729282e-13,20,2025-11-23 00:00,2025-11-23 00:00,2025-11-03|2025-11-04|2025-11-05|2025-11-06|2025-11-07|2025-11-08|2025-11-09|2025-11-10|2025-11-11|2025-11-12|2025-11-13|2025-11-14|2025-11-15|2025-11-16|2025-11-17|2025-11-18|2025-11-19|2025-11-20|2025-11-21|2025-11-22,144
q3,S2,2025-11-23,6,highs-ipm,0.0778667500053416,14695.789209759838,1.1368683772161603e-13,8.810729923425242e-13,20,2025-11-23 06:00,2025-11-23 06:00,2025-11-03|2025-11-04|2025-11-05|2025-11-06|2025-11-07|2025-11-08|2025-11-09|2025-11-10|2025-11-11|2025-11-12|2025-11-13|2025-11-14|2025-11-15|2025-11-16|2025-11-17|2025-11-18|2025-11-19|2025-11-20|2025-11-21|2025-11-22,144
q3,S2,2025-11-23,12,highs-ipm,0.07800108299852582,25071.341918560902,1.1368683772161603e-13,9.094947017729282e-13,20,2025-11-23 12:00,2025-11-23 12:00,2025-11-03|2025-11-04|2025-11-05|2025-11-06|2025-11-07|2025-11-08|2025-11-09|2025-11-10|2025-11-11|2025-11-12|2025-11-13|2025-11-14|2025-11-15|2025-11-16|2025-11-17|2025-11-18|2025-11-19|2025-11-20|2025-11-21|2025-11-22,144
q3,S2,2025-11-24,0,highs-ipm,0.05554387499432778,1601.0103886698041,2.2737367544323206e-13,9.094947017729282e-13,20,2025-11-24 00:00,2025-11-24 00:00,2025-11-04|2025-11-05|2025-11-06|2025-11-07|2025-11-08|2025-11-09|2025-11-10|2025-11-11|2025-11-12|2025-11-13|2025-11-14|2025-11-15|2025-11-16|2025-11-17|2025-11-18|2025-11-19|2025-11-20|2025-11-21|2025-11-22|2025-11-23,144
q3,S2,2025-11-24,6,highs-ipm,0.0798633329977747,12110.254530809572,2.2737367544323206e-13,9.094947017729282e-13,20,2025-11-24 06:00,2025-11-24 06:00,2025-11-04|2025-11-05|2025-11-06|2025-11-07|2025-11-08|2025-11-09|2025-11-10|2025-11-11|2025-11-12|2025-11-13|2025-11-14|2025-11-15|2025-11-16|2025-11-17|2025-11-18|2025-11-19|2025-11-20|2025-11-21|2025-11-22|2025-11-23,144
q3,S2,2025-11-24,12,highs-ipm,0.07451474999834318,24593.693653189417,2.2737367544323206e-13,8.867351297681125e-13,20,2025-11-24 12:00,2025-11-24 12:00,2025-11-04|2025-11-05|2025-11-06|2025-11-07|2025-11-08|2025-11-09|2025-11-10|2025-11-11|2025-11-12|2025-11-13|2025-11-14|2025-11-15|2025-11-16|2025-11-17|2025-11-18|2025-11-19|2025-11-20|2025-11-21|2025-11-22|2025-11-23,144
q3,S2,2025-11-25,0,highs-ipm,0.05604333399969619,1554.8824864693502,3.694822225952521e-13,7.958078640513122e-13,20,2025-11-25 00:00,2025-11-25 00:00,2025-11-05|2025-11-06|2025-11-07|2025-11-08|2025-11-09|2025-11-10|2025-11-11|2025-11-12|2025-11-13|2025-11-14|2025-11-15|2025-11-16|2025-11-17|2025-11-18|2025-11-19|2025-11-20|2025-11-21|2025-11-22|2025-11-23|2025-11-24,144
q3,S2,2025-11-25,6,highs-ipm,0.07941133299755165,8530.137002128713,2.2737367544323206e-13,9.094947017729282e-13,20,2025-11-25 06:00,2025-11-25 06:00,2025-11-05|2025-11-06|2025-11-07|2025-11-08|2025-11-09|2025-11-10|2025-11-11|2025-11-12|2025-11-13|2025-11-14|2025-11-15|2025-11-16|2025-11-17|2025-11-18|2025-11-19|2025-11-20|2025-11-21|2025-11-22|2025-11-23|2025-11-24,144
q3,S2,2025-11-25,12,highs-ipm,0.07546787500177743,22977.879083200132,2.2737367544323206e-13,9.094947017729282e-13,20,2025-11-25 12:00,2025-11-25 12:00,2025-11-05|2025-11-06|2025-11-07|2025-11-08|2025-11-09|2025-11-10|2025-11-11|2025-11-12|2025-11-13|2025-11-14|2025-11-15|2025-11-16|2025-11-17|2025-11-18|2025-11-19|2025-11-20|2025-11-21|2025-11-22|2025-11-23|2025-11-24,144
q3,S2,2025-11-26,0,highs-ipm,0.05612829200254055,1553.7284657201114,2.2737367544323206e-13,9.094947017729282e-13,20,2025-11-26 00:00,2025-11-26 00:00,2025-11-06|2025-11-07|2025-11-08|2025-11-09|2025-11-10|2025-11-11|2025-11-12|2025-11-13|2025-11-14|2025-11-15|2025-11-16|2025-11-17|2025-11-18|2025-11-19|2025-11-20|2025-11-21|2025-11-22|2025-11-23|2025-11-24|2025-11-25,144
q3,S2,2025-11-26,6,highs-ipm,0.07829862499784213,11664.309317899508,2.2737367544323206e-13,9.094947017729282e-13,20,2025-11-26 06:00,2025-11-26 06:00,2025-11-06|2025-11-07|2025-11-08|2025-11-09|2025-11-10|2025-11-11|2025-11-12|2025-11-13|2025-11-14|2025-11-15|2025-11-16|2025-11-17|2025-11-18|2025-11-19|2025-11-20|2025-11-21|2025-11-22|2025-11-23|2025-11-24|2025-11-25,144
q3,S2,2025-11-26,12,highs-ipm,0.07509316700452473,27880.7365160673,2.2737367544323206e-13,1.0231815394945443e-12,20,2025-11-26 12:00,2025-11-26 12:00,2025-11-06|2025-11-07|2025-11-08|2025-11-09|2025-11-10|2025-11-11|2025-11-12|2025-11-13|2025-11-14|2025-11-15|2025-11-16|2025-11-17|2025-11-18|2025-11-19|2025-11-20|2025-11-21|2025-11-22|2025-11-23|2025-11-24|2025-11-25,144
q3,S2,2025-11-27,0,highs-ipm,0.061312542005907744,1570.8165889795014,3.410605131648481e-13,8.242295734817162e-13,20,2025-11-27 00:00,2025-11-27 00:00,2025-11-07|2025-11-08|2025-11-09|2025-11-10|2025-11-11|2025-11-12|2025-11-13|2025-11-14|2025-11-15|2025-11-16|2025-11-17|2025-11-18|2025-11-19|2025-11-20|2025-11-21|2025-11-22|2025-11-23|2025-11-24|2025-11-25|2025-11-26,144
q3,S2,2025-11-27,6,highs-ipm,0.08155245799571276,9219.714823301014,2.2737367544323206e-13,8.526512829121202e-13,20,2025-11-27 06:00,2025-11-27 06:00,2025-11-07|2025-11-08|2025-11-09|2025-11-10|2025-11-11|2025-11-12|2025-11-13|2025-11-14|2025-11-15|2025-11-16|2025-11-17|2025-11-18|2025-11-19|2025-11-20|2025-11-21|2025-11-22|2025-11-23|2025-11-24|2025-11-25|2025-11-26,144
q3,S2,2025-11-27,12,highs-ipm,0.07639920899964636,13576.081429413314,2.2737367544323206e-13,9.094947017729282e-13,20,2025-11-27 12:00,2025-11-27 12:00,2025-11-07|2025-11-08|2025-11-09|2025-11-10|2025-11-11|2025-11-12|2025-11-13|2025-11-14|2025-11-15|2025-11-16|2025-11-17|2025-11-18|2025-11-19|2025-11-20|2025-11-21|2025-11-22|2025-11-23|2025-11-24|2025-11-25|2025-11-26,144
q3,S2,2025-11-28,0,highs-ipm,0.0656643750044168,1009.2888452061854,1.1368683772161603e-13,8.526512829121202e-13,20,2025-11-28 00:00,2025-11-28 00:00,2025-11-08|2025-11-09|2025-11-10|2025-11-11|2025-11-12|2025-11-13|2025-11-14|2025-11-15|2025-11-16|2025-11-17|2025-11-18|2025-11-19|2025-11-20|2025-11-21|2025-11-22|2025-11-23|2025-11-24|2025-11-25|2025-11-26|2025-11-27,144
q3,S2,2025-11-28,6,highs-ipm,0.0815903340044315,8460.41291825474,1.1368683772161603e-13,8.810729923425242e-13,20,2025-11-28 06:00,2025-11-28 06:00,2025-11-08|2025-11-09|2025-11-10|2025-11-11|2025-11-12|2025-11-13|2025-11-14|2025-11-15|2025-11-16|2025-11-17|2025-11-18|2025-11-19|2025-11-20|2025-11-21|2025-11-22|2025-11-23|2025-11-24|2025-11-25|2025-11-26|2025-11-27,144
q3,S2,2025-11-28,12,highs-ipm,0.08112391699978616,9490.604126534146,1.1368683772161603e-13,9.094947017729282e-13,20,2025-11-28 12:00,2025-11-28 12:00,2025-11-08|2025-11-09|2025-11-10|2025-11-11|2025-11-12|2025-11-13|2025-11-14|2025-11-15|2025-11-16|2025-11-17|2025-11-18|2025-11-19|2025-11-20|2025-11-21|2025-11-22|2025-11-23|2025-11-24|2025-11-25|2025-11-26|2025-11-27,144
q3,S2,2025-11-29,0,highs-ipm,0.05878116700478131,1261.6222985749198,5.684341886080801e-13,7.958078640513122e-13,20,2025-11-29 00:00,2025-11-29 00:00,2025-11-09|2025-11-10|2025-11-11|2025-11-12|2025-11-13|2025-11-14|2025-11-15|2025-11-16|2025-11-17|2025-11-18|2025-11-19|2025-11-20|2025-11-21|2025-11-22|2025-11-23|2025-11-24|2025-11-25|2025-11-26|2025-11-27|2025-11-28,144
q3,S2,2025-11-29,6,highs-ipm,0.07988695899985032,8771.262956171382,2.2737367544323206e-13,9.094947017729282e-13,20,2025-11-29 06:00,2025-11-29 06:00,2025-11-09|2025-11-10|2025-11-11|2025-11-12|2025-11-13|2025-11-14|2025-11-15|2025-11-16|2025-11-17|2025-11-18|2025-11-19|2025-11-20|2025-11-21|2025-11-22|2025-11-23|2025-11-24|2025-11-25|2025-11-26|2025-11-27|2025-11-28,144
q3,S2,2025-11-29,12,highs-ipm,0.0837437080044765,26246.453169619053,2.2737367544323206e-13,9.094947017729282e-13,20,2025-11-29 12:00,2025-11-29 12:00,2025-11-09|2025-11-10|2025-11-11|2025-11-12|2025-11-13|2025-11-14|2025-11-15|2025-11-16|2025-11-17|2025-11-18|2025-11-19|2025-11-20|2025-11-21|2025-11-22|2025-11-23|2025-11-24|2025-11-25|2025-11-26|2025-11-27|2025-11-28,144
q3,S2,2025-11-30,0,highs-ipm,0.05625429199426435,1569.560910806131,3.410605131648481e-13,9.094947017729282e-13,20,2025-11-30 00:00,2025-11-30 00:00,2025-11-10|2025-11-11|2025-11-12|2025-11-13|2025-11-14|2025-11-15|2025-11-16|2025-11-17|2025-11-18|2025-11-19|2025-11-20|2025-11-21|2025-11-22|2025-11-23|2025-11-24|2025-11-25|2025-11-26|2025-11-27|2025-11-28|2025-11-29,144
q3,S2,2025-11-30,6,highs-ipm,0.07991791699896567,12839.47879860725,2.2737367544323206e-13,9.663381206337363e-13,20,2025-11-30 06:00,2025-11-30 06:00,2025-11-10|2025-11-11|2025-11-12|2025-11-13|2025-11-14|2025-11-15|2025-11-16|2025-11-17|2025-11-18|2025-11-19|2025-11-20|2025-11-21|2025-11-22|2025-11-23|2025-11-24|2025-11-25|2025-11-26|2025-11-27|2025-11-28|2025-11-29,144
q3,S2,2025-11-30,12,highs-ipm,0.07361979100096505,26920.44095533549,1.1368683772161603e-13,9.094947017729282e-13,20,2025-11-30 12:00,2025-11-30 12:00,2025-11-10|2025-11-11|2025-11-12|2025-11-13|2025-11-14|2025-11-15|2025-11-16|2025-11-17|2025-11-18|2025-11-19|2025-11-20|2025-11-21|2025-11-22|2025-11-23|2025-11-24|2025-11-25|2025-11-26|2025-11-27|2025-11-28|2025-11-29,144
q3,S2,2025-12-01,0,highs-ipm,0.05792216699774144,1524.7545556324665,2.2737367544323206e-13,7.958078640513122e-13,20,2025-12-01 00:00,2025-12-01 00:00,2025-11-11|2025-11-12|2025-11-13|2025-11-14|2025-11-15|2025-11-16|2025-11-17|2025-11-18|2025-11-19|2025-11-20|2025-11-21|2025-11-22|2025-11-23|2025-11-24|2025-11-25|2025-11-26|2025-11-27|2025-11-28|2025-11-29|2025-11-30,144
q3,S2,2025-12-01,6,highs-ipm,0.08172858300531516,9936.477805522689,2.2737367544323206e-13,9.094947017729282e-13,20,2025-12-01 06:00,2025-12-01 06:00,2025-11-11|2025-11-12|2025-11-13|2025-11-14|2025-11-15|2025-11-16|2025-11-17|2025-11-18|2025-11-19|2025-11-20|2025-11-21|2025-11-22|2025-11-23|2025-11-24|2025-11-25|2025-11-26|2025-11-27|2025-11-28|2025-11-29|2025-11-30,144
q3,S2,2025-12-01,12,highs-ipm,0.07916291700530564,29648.895265265543,2.2737367544323206e-13,9.094947017729282e-13,20,2025-12-01 12:00,2025-12-01 12:00,2025-11-11|2025-11-12|2025-11-13|2025-11-14|2025-11-15|2025-11-16|2025-11-17|2025-11-18|2025-11-19|2025-11-20|2025-11-21|2025-11-22|2025-11-23|2025-11-24|2025-11-25|2025-11-26|2025-11-27|2025-11-28|2025-11-29|2025-11-30,144
q3,S2,2025-12-02,0,highs-ipm,0.05731212500541005,1842.2706480401087,2.2737367544323206e-13,9.094947017729282e-13,20,2025-12-02 00:00,2025-12-02 00:00,2025-11-12|2025-11-13|2025-11-14|2025-11-15|2025-11-16|2025-11-17|2025-11-18|2025-11-19|2025-11-20|2025-11-21|2025-11-22|2025-11-23|2025-11-24|2025-11-25|2025-11-26|2025-11-27|2025-11-28|2025-11-29|2025-11-30|2025-12-01,144
q3,S2,2025-12-02,6,highs-ipm,0.08125104200007627,10650.367478172919,1.1368683772161603e-13,8.526512829121202e-13,20,2025-12-02 06:00,2025-12-02 06:00,2025-11-12|2025-11-13|2025-11-14|2025-11-15|2025-11-16|2025-11-17|2025-11-18|2025-11-19|2025-11-20|2025-11-21|2025-11-22|2025-11-23|2025-11-24|2025-11-25|2025-11-26|2025-11-27|2025-11-28|2025-11-29|2025-11-30|2025-12-01,144
q3,S2,2025-12-02,12,highs-ipm,0.07924137500231154,33201.84699012332,4.529709940470639e-14,9.094947017729282e-13,20,2025-12-02 12:00,2025-12-02 12:00,2025-11-12|2025-11-13|2025-11-14|2025-11-15|2025-11-16|2025-11-17|2025-11-18|2025-11-19|2025-11-20|2025-11-21|2025-11-22|2025-11-23|2025-11-24|2025-11-25|2025-11-26|2025-11-27|2025-11-28|2025-11-29|2025-11-30|2025-12-01,144
q3,S2,2025-12-03,0,highs-ipm,0.056023749995802063,2053.513220764325,2.8421709430404007e-13,8.810729923425242e-13,20,2025-12-03 00:00,2025-12-03 00:00,2025-11-13|2025-11-14|2025-11-15|2025-11-16|2025-11-17|2025-11-18|2025-11-19|2025-11-20|2025-11-21|2025-11-22|2025-11-23|2025-11-24|2025-11-25|2025-11-26|2025-11-27|2025-11-28|2025-11-29|2025-11-30|2025-12-01|2025-12-02,144
q3,S2,2025-12-03,6,highs-ipm,0.07477924999693641,16100.136736487999,2.2737367544323206e-13,9.094947017729282e-13,20,2025-12-03 06:00,2025-12-03 06:00,2025-11-13|2025-11-14|2025-11-15|2025-11-16|2025-11-17|2025-11-18|2025-11-19|2025-11-20|2025-11-21|2025-11-22|2025-11-23|2025-11-24|2025-11-25|2025-11-26|2025-11-27|2025-11-28|2025-11-29|2025-11-30|2025-12-01|2025-12-02,144
q3,S2,2025-12-03,12,highs-ipm,0.0784745000055409,26311.445632819086,1.1368683772161603e-13,9.094947017729282e-13,20,2025-12-03 12:00,2025-12-03 12:00,2025-11-13|2025-11-14|2025-11-15|2025-11-16|2025-11-17|2025-11-18|2025-11-19|2025-11-20|2025-11-21|2025-11-22|2025-11-23|2025-11-24|2025-11-25|2025-11-26|2025-11-27|2025-11-28|2025-11-29|2025-11-30|2025-12-01|2025-12-02,144
q3,S2,2025-12-04,0,highs-ipm,0.05589720900024986,2449.3328966937297,2.2737367544323206e-13,9.094947017729282e-13,20,2025-12-04 00:00,2025-12-04 00:00,2025-11-14|2025-11-15|2025-11-16|2025-11-17|2025-11-18|2025-11-19|2025-11-20|2025-11-21|2025-11-22|2025-11-23|2025-11-24|2025-11-25|2025-11-26|2025-11-27|2025-11-28|2025-11-29|2025-11-30|2025-12-01|2025-12-02|2025-12-03,144
q3,S2,2025-12-04,6,highs-ipm,0.07932029200310353,7997.957086231903,2.2737367544323206e-13,8.526512829121202e-13,20,2025-12-04 06:00,2025-12-04 06:00,2025-11-14|2025-11-15|2025-11-16|2025-11-17|2025-11-18|2025-11-19|2025-11-20|2025-11-21|2025-11-22|2025-11-23|2025-11-24|2025-11-25|2025-11-26|2025-11-27|2025-11-28|2025-11-29|2025-11-30|2025-12-01|2025-12-02|2025-12-03,144
q3,S2,2025-12-04,12,highs-ipm,0.07217158399726031,9479.808920704916,2.2737367544323206e-13,9.094947017729282e-13,20,2025-12-04 12:00,2025-12-04 12:00,2025-11-14|2025-11-15|2025-11-16|2025-11-17|2025-11-18|2025-11-19|2025-11-20|2025-11-21|2025-11-22|2025-11-23|2025-11-24|2025-11-25|2025-11-26|2025-11-27|2025-11-28|2025-11-29|2025-11-30|2025-12-01|2025-12-02|2025-12-03,144
q3,S2,2025-12-05,0,highs-ipm,0.05539195900200866,1949.6539836320028,2.2737367544323206e-13,9.094947017729282e-13,20,2025-12-05 00:00,2025-12-05 00:00,2025-11-15|2025-11-16|2025-11-17|2025-11-18|2025-11-19|2025-11-20|2025-11-21|2025-11-22|2025-11-23|2025-11-24|2025-11-25|2025-11-26|2025-11-27|2025-11-28|2025-11-29|2025-11-30|2025-12-01|2025-12-02|2025-12-03|2025-12-04,144
q3,S2,2025-12-05,6,highs-ipm,0.07860908300062874,9026.97402955298,1.1368683772161603e-13,9.094947017729282e-13,20,2025-12-05 06:00,2025-12-05 06:00,2025-11-15|2025-11-16|2025-11-17|2025-11-18|2025-11-19|2025-11-20|2025-11-21|2025-11-22|2025-11-23|2025-11-24|2025-11-25|2025-11-26|2025-11-27|2025-11-28|2025-11-29|2025-11-30|2025-12-01|2025-12-02|2025-12-03|2025-12-04,144
q3,S2,2025-12-05,12,highs-ipm,0.07545087500329828,12237.590421429506,1.1368683772161603e-13,9.094947017729282e-13,20,2025-12-05 12:00,2025-12-05 12:00,2025-11-15|2025-11-16|2025-11-17|2025-11-18|2025-11-19|2025-11-20|2025-11-21|2025-11-22|2025-11-23|2025-11-24|2025-11-25|2025-11-26|2025-11-27|2025-11-28|2025-11-29|2025-11-30|2025-12-01|2025-12-02|2025-12-03|2025-12-04,144
q3,S2,2025-12-06,0,highs-ipm,0.05760291699698428,2008.0376896015418,3.197442310920451e-13,8.881784197001252e-13,20,2025-12-06 00:00,2025-12-06 00:00,2025-11-16|2025-11-17|2025-11-18|2025-11-19|2025-11-20|2025-11-21|2025-11-22|2025-11-23|2025-11-24|2025-11-25|2025-11-26|2025-11-27|2025-11-28|2025-11-29|2025-11-30|2025-12-01|2025-12-02|2025-12-03|2025-12-04|2025-12-05,144
q3,S2,2025-12-06,6,highs-ipm,0.07802729200193426,10996.588179661992,2.2737367544323206e-13,8.526512829121202e-13,20,2025-12-06 06:00,2025-12-06 06:00,2025-11-16|2025-11-17|2025-11-18|2025-11-19|2025-11-20|2025-11-21|2025-11-22|2025-11-23|2025-11-24|2025-11-25|2025-11-26|2025-11-27|2025-11-28|2025-11-29|2025-11-30|2025-12-01|2025-12-02|2025-12-03|2025-12-04|2025-12-05,144
q3,S2,2025-12-06,12,highs-ipm,0.07458475000021281,29421.521338383387,2.2737367544323206e-13,8.242295734817162e-13,20,2025-12-06 12:00,2025-12-06 12:00,2025-11-16|2025-11-17|2025-11-18|2025-11-19|2025-11-20|2025-11-21|2025-11-22|2025-11-23|2025-11-24|2025-11-25|2025-11-26|2025-11-27|2025-11-28|2025-11-29|2025-11-30|2025-12-01|2025-12-02|2025-12-03|2025-12-04|2025-12-05,144
q3,S2,2025-12-07,0,highs-ipm,0.05330658300226787,2304.1730833231627,2.2737367544323206e-13,7.958078640513122e-13,20,2025-12-07 00:00,2025-12-07 00:00,2025-11-17|2025-11-18|2025-11-19|2025-11-20|2025-11-21|2025-11-22|2025-11-23|2025-11-24|2025-11-25|2025-11-26|2025-11-27|2025-11-28|2025-11-29|2025-11-30|2025-12-01|2025-12-02|2025-12-03|2025-12-04|2025-12-05|2025-12-06,144
q3,S2,2025-12-07,6,highs-ipm,0.08405745799973374,9710.911859468382,2.2737367544323206e-13,9.094947017729282e-13,20,2025-12-07 06:00,2025-12-07 06:00,2025-11-17|2025-11-18|2025-11-19|2025-11-20|2025-11-21|2025-11-22|2025-11-23|2025-11-24|2025-11-25|2025-11-26|2025-11-27|2025-11-28|2025-11-29|2025-11-30|2025-12-01|2025-12-02|2025-12-03|2025-12-04|2025-12-05|2025-12-06,144
q3,S2,2025-12-07,12,highs-ipm,0.07658029100275598,30133.465015036134,7.958078640513122e-13,8.526512829121202e-13,20,2025-12-07 12:00,2025-12-07 12:00,2025-11-17|2025-11-18|2025-11-19|2025-11-20|2025-11-21|2025-11-22|2025-11-23|2025-11-24|2025-11-25|2025-11-26|2025-11-27|2025-11-28|2025-11-29|2025-11-30|2025-12-01|2025-12-02|2025-12-03|2025-12-04|2025-12-05|2025-12-06,144
q3,S2,2025-12-08,0,highs-ipm,0.07282924999890383,2440.1643730419796,2.2737367544323206e-13,9.094947017729282e-13,20,2025-12-08 00:00,2025-12-08 00:00,2025-11-18|2025-11-19|2025-11-20|2025-11-21|2025-11-22|2025-11-23|2025-11-24|2025-11-25|2025-11-26|2025-11-27|2025-11-28|2025-11-29|2025-11-30|2025-12-01|2025-12-02|2025-12-03|2025-12-04|2025-12-05|2025-12-06|2025-12-07,144
q3,S2,2025-12-08,6,highs-ipm,0.08058279199758545,12756.186906898178,2.2737367544323206e-13,9.094947017729282e-13,20,2025-12-08 06:00,2025-12-08 06:00,2025-11-18|2025-11-19|2025-11-20|2025-11-21|2025-11-22|2025-11-23|2025-11-24|2025-11-25|2025-11-26|2025-11-27|2025-11-28|2025-11-29|2025-11-30|2025-12-01|2025-12-02|2025-12-03|2025-12-04|2025-12-05|2025-12-06|2025-12-07,144
q3,S2,2025-12-08,12,highs-ipm,0.08194062500115251,34188.10897221636,2.2737367544323206e-13,9.094947017729282e-13,20,2025-12-08 12:00,2025-12-08 12:00,2025-11-18|2025-11-19|2025-11-20|2025-11-21|2025-11-22|2025-11-23|2025-11-24|2025-11-25|2025-11-26|2025-11-27|2025-11-28|2025-11-29|2025-11-30|2025-12-01|2025-12-02|2025-12-03|2025-12-04|2025-12-05|2025-12-06|2025-12-07,144
q3,S2,2025-12-09,0,highs-ipm,0.056008125000516884,2429.9006379707935,4.263256414560601e-13,9.094947017729282e-13,20,2025-12-09 00:00,2025-12-09 00:00,2025-11-19|2025-11-20|2025-11-21|2025-11-22|2025-11-23|2025-11-24|2025-11-25|2025-11-26|2025-11-27|2025-11-28|2025-11-29|2025-11-30|2025-12-01|2025-12-02|2025-12-03|2025-12-04|2025-12-05|2025-12-06|2025-12-07|2025-12-08,144
q3,S2,2025-12-09,6,highs-ipm,0.07977091600332642,11089.060789378073,2.2737367544323206e-13,1.0231815394945443e-12,20,2025-12-09 06:00,2025-12-09 06:00,2025-11-19|2025-11-20|2025-11-21|2025-11-22|2025-11-23|2025-11-24|2025-11-25|2025-11-26|2025-11-27|2025-11-28|2025-11-29|2025-11-30|2025-12-01|2025-12-02|2025-12-03|2025-12-04|2025-12-05|2025-12-06|2025-12-07|2025-12-08,144
q3,S2,2025-12-09,12,highs-ipm,0.07997524999518646,29482.105399441753,2.2737367544323206e-13,9.094947017729282e-13,20,2025-12-09 12:00,2025-12-09 12:00,2025-11-19|2025-11-20|2025-11-21|2025-11-22|2025-11-23|2025-11-24|2025-11-25|2025-11-26|2025-11-27|2025-11-28|2025-11-29|2025-11-30|2025-12-01|2025-12-02|2025-12-03|2025-12-04|2025-12-05|2025-12-06|2025-12-07|2025-12-08,144
q3,S2,2025-12-10,0,highs-ipm,0.05822404199716402,2409.978768756938,2.2737367544323206e-13,7.958078640513122e-13,20,2025-12-10 00:00,2025-12-10 00:00,2025-11-20|2025-11-21|2025-11-22|2025-11-23|2025-11-24|2025-11-25|2025-11-26|2025-11-27|2025-11-28|2025-11-29|2025-11-30|2025-12-01|2025-12-02|2025-12-03|2025-12-04|2025-12-05|2025-12-06|2025-12-07|2025-12-08|2025-12-09,144
q3,S2,2025-12-10,6,highs-ipm,0.07668412500061095,14992.348796413507,1.1368683772161603e-13,9.094947017729282e-13,20,2025-12-10 06:00,2025-12-10 06:00,2025-11-20|2025-11-21|2025-11-22|2025-11-23|2025-11-24|2025-11-25|2025-11-26|2025-11-27|2025-11-28|2025-11-29|2025-11-30|2025-12-01|2025-12-02|2025-12-03|2025-12-04|2025-12-05|2025-12-06|2025-12-07|2025-12-08|2025-12-09,144
q3,S2,2025-12-10,12,highs-ipm,0.07652979100384982,30331.97414510086,5.684341886080801e-13,9.094947017729282e-13,20,2025-12-10 12:00,2025-12-10 12:00,2025-11-20|2025-11-21|2025-11-22|2025-11-23|2025-11-24|2025-11-25|2025-11-26|2025-11-27|2025-11-28|2025-11-29|2025-11-30|2025-12-01|2025-12-02|2025-12-03|2025-12-04|2025-12-05|2025-12-06|2025-12-07|2025-12-08|2025-12-09,144
q3,S2,2025-12-11,0,highs-ipm,0.05696058399917092,2405.0097006947303,2.2737367544323206e-13,8.526512829121202e-13,20,2025-12-11 00:00,2025-12-11 00:00,2025-11-21|2025-11-22|2025-11-23|2025-11-24|2025-11-25|2025-11-26|2025-11-27|2025-11-28|2025-11-29|2025-11-30|2025-12-01|2025-12-02|2025-12-03|2025-12-04|2025-12-05|2025-12-06|2025-12-07|2025-12-08|2025-12-09|2025-12-10,144
q3,S2,2025-12-11,6,highs-ipm,0.07973979099915596,8480.518516047796,2.2737367544323206e-13,7.958078640513122e-13,20,2025-12-11 06:00,2025-12-11 06:00,2025-11-21|2025-11-22|2025-11-23|2025-11-24|2025-11-25|2025-11-26|2025-11-27|2025-11-28|2025-11-29|2025-11-30|2025-12-01|2025-12-02|2025-12-03|2025-12-04|2025-12-05|2025-12-06|2025-12-07|2025-12-08|2025-12-09|2025-12-10,144
q3,S2,2025-12-11,12,highs-ipm,0.07588820800447138,13308.51418354184,1.0231815394945443e-12,6.821210263296962e-13,20,2025-12-11 12:00,2025-12-11 12:00,2025-11-21|2025-11-22|2025-11-23|2025-11-24|2025-11-25|2025-11-26|2025-11-27|2025-11-28|2025-11-29|2025-11-30|2025-12-01|2025-12-02|2025-12-03|2025-12-04|2025-12-05|2025-12-06|2025-12-07|2025-12-08|2025-12-09|2025-12-10,144
q3,S2,2025-12-12,0,highs-ipm,0.05771887500304729,2066.696272740618,2.2737367544323206e-13,8.810729923425242e-13,20,2025-12-12 00:00,2025-12-12 00:00,2025-11-22|2025-11-23|2025-11-24|2025-11-25|2025-11-26|2025-11-27|2025-11-28|2025-11-29|2025-11-30|2025-12-01|2025-12-02|2025-12-03|2025-12-04|2025-12-05|2025-12-06|2025-12-07|2025-12-08|2025-12-09|2025-12-10|2025-12-11,144
q3,S2,2025-12-12,6,highs-ipm,0.07902858300076332,10817.282321449738,2.2737367544323206e-13,8.064660050877137e-13,20,2025-12-12 06:00,2025-12-12 06:00,2025-11-22|2025-11-23|2025-11-24|2025-11-25|2025-11-26|2025-11-27|2025-11-28|2025-11-29|2025-11-30|2025-12-01|2025-12-02|2025-12-03|2025-12-04|2025-12-05|2025-12-06|2025-12-07|2025-12-08|2025-12-09|2025-12-10|2025-12-11,144
q3,S2,2025-12-12,12,highs-ipm,0.07565325000177836,18324.839072880124,2.2737367544323206e-13,8.810729923425242e-13,20,2025-12-12 12:00,2025-12-12 12:00,2025-11-22|2025-11-23|2025-11-24|2025-11-25|2025-11-26|2025-11-27|2025-11-28|2025-11-29|2025-11-30|2025-12-01|2025-12-02|2025-12-03|2025-12-04|2025-12-05|2025-12-06|2025-12-07|2025-12-08|2025-12-09|2025-12-10|2025-12-11,144
q3,S2,2025-12-13,0,highs-ipm,0.0634970000028261,2143.723273214018,5.684341886080802e-14,9.094947017729282e-13,20,2025-12-13 00:00,2025-12-13 00:00,2025-11-23|2025-11-24|2025-11-25|2025-11-26|2025-11-27|2025-11-28|2025-11-29|2025-11-30|2025-12-01|2025-12-02|2025-12-03|2025-12-04|2025-12-05|2025-12-06|2025-12-07|2025-12-08|2025-12-09|2025-12-10|2025-12-11|2025-12-12,144
q3,S2,2025-12-13,6,highs-ipm,0.07725691700034076,13075.180283371477,2.2737367544323206e-13,8.752998326144734e-13,20,2025-12-13 06:00,2025-12-13 06:00,2025-11-23|2025-11-24|2025-11-25|2025-11-26|2025-11-27|2025-11-28|2025-11-29|2025-11-30|2025-12-01|2025-12-02|2025-12-03|2025-12-04|2025-12-05|2025-12-06|2025-12-07|2025-12-08|2025-12-09|2025-12-10|2025-12-11|2025-12-12,144
q3,S2,2025-12-13,12,highs-ipm,0.07473612500325544,27874.602318663536,1.1368683772161603e-13,9.094947017729282e-13,20,2025-12-13 12:00,2025-12-13 12:00,2025-11-23|2025-11-24|2025-11-25|2025-11-26|2025-11-27|2025-11-28|2025-11-29|2025-11-30|2025-12-01|2025-12-02|2025-12-03|2025-12-04|2025-12-05|2025-12-06|2025-12-07|2025-12-08|2025-12-09|2025-12-10|2025-12-11|2025-12-12,144
q3,S2,2025-12-14,0,highs-ipm,0.060158874999615364,2293.652228272531,5.115907697472721e-13,7.958078640513122e-13,20,2025-12-14 00:00,2025-12-14 00:00,2025-11-24|2025-11-25|2025-11-26|2025-11-27|2025-11-28|2025-11-29|2025-11-30|2025-12-01|2025-12-02|2025-12-03|2025-12-04|2025-12-05|2025-12-06|2025-12-07|2025-12-08|2025-12-09|2025-12-10|2025-12-11|2025-12-12|2025-12-13,144
q3,S2,2025-12-14,6,highs-ipm,0.07951179199881153,15482.435036527295,2.2737367544323206e-13,7.958078640513122e-13,20,2025-12-14 06:00,2025-12-14 06:00,2025-11-24|2025-11-25|2025-11-26|2025-11-27|2025-11-28|2025-11-29|2025-11-30|2025-12-01|2025-12-02|2025-12-03|2025-12-04|2025-12-05|2025-12-06|2025-12-07|2025-12-08|2025-12-09|2025-12-10|2025-12-11|2025-12-12|2025-12-13,144
q3,S2,2025-12-14,12,highs-ipm,0.07618908300355542,34910.96749665574,2.2737367544323206e-13,9.094947017729282e-13,20,2025-12-14 12:00,2025-12-14 12:00,2025-11-24|2025-11-25|2025-11-26|2025-11-27|2025-11-28|2025-11-29|2025-11-30|2025-12-01|2025-12-02|2025-12-03|2025-12-04|2025-12-05|2025-12-06|2025-12-07|2025-12-08|2025-12-09|2025-12-10|2025-12-11|2025-12-12|2025-12-13,144
q3,S2,2025-12-15,0,highs-ipm,0.06654312500177184,2198.9458519449227,2.1600499167107046e-12,9.094947017729282e-13,20,2025-12-15 00:00,2025-12-15 00:00,2025-11-25|2025-11-26|2025-11-27|2025-11-28|2025-11-29|2025-11-30|2025-12-01|2025-12-02|2025-12-03|2025-12-04|2025-12-05|2025-12-06|2025-12-07|2025-12-08|2025-12-09|2025-12-10|2025-12-11|2025-12-12|2025-12-13|2025-12-14,144
q3,S2,2025-12-15,6,highs-ipm,0.08202337499824353,16696.185459634897,2.2737367544323206e-13,9.094947017729282e-13,20,2025-12-15 06:00,2025-12-15 06:00,2025-11-25|2025-11-26|2025-11-27|2025-11-28|2025-11-29|2025-11-30|2025-12-01|2025-12-02|2025-12-03|2025-12-04|2025-12-05|2025-12-06|2025-12-07|2025-12-08|2025-12-09|2025-12-10|2025-12-11|2025-12-12|2025-12-13|2025-12-14,144
q3,S2,2025-12-15,12,highs-ipm,0.0774545830063289,32610.53268048187,2.2737367544323206e-13,8.171241461241152e-13,20,2025-12-15 12:00,2025-12-15 12:00,2025-11-25|2025-11-26|2025-11-27|2025-11-28|2025-11-29|2025-11-30|2025-12-01|2025-12-02|2025-12-03|2025-12-04|2025-12-05|2025-12-06|2025-12-07|2025-12-08|2025-12-09|2025-12-10|2025-12-11|2025-12-12|2025-12-13|2025-12-14,144
q3,S2,2025-12-16,0,highs-ipm,0.06203729199478403,2045.8002336711095,4.547473508864641e-13,7.958078640513122e-13,20,2025-12-16 00:00,2025-12-16 00:00,2025-11-26|2025-11-27|2025-11-28|2025-11-29|2025-11-30|2025-12-01|2025-12-02|2025-12-03|2025-12-04|2025-12-05|2025-12-06|2025-12-07|2025-12-08|2025-12-09|2025-12-10|2025-12-11|2025-12-12|2025-12-13|2025-12-14|2025-12-15,144
q3,S2,2025-12-16,6,highs-ipm,0.07929470800445415,11477.903485413117,2.2737367544323206e-13,9.094947017729282e-13,20,2025-12-16 06:00,2025-12-16 06:00,2025-11-26|2025-11-27|2025-11-28|2025-11-29|2025-11-30|2025-12-01|2025-12-02|2025-12-03|2025-12-04|2025-12-05|2025-12-06|2025-12-07|2025-12-08|2025-12-09|2025-12-10|2025-12-11|2025-12-12|2025-12-13|2025-12-14|2025-12-15,144
q3,S2,2025-12-16,12,highs-ipm,0.07628108299832093,33955.72287927235,2.2737367544323206e-13,9.094947017729282e-13,20,2025-12-16 12:00,2025-12-16 12:00,2025-11-26|2025-11-27|2025-11-28|2025-11-29|2025-11-30|2025-12-01|2025-12-02|2025-12-03|2025-12-04|2025-12-05|2025-12-06|2025-12-07|2025-12-08|2025-12-09|2025-12-10|2025-12-11|2025-12-12|2025-12-13|2025-12-14|2025-12-15,144
q3,S2,2025-12-17,0,highs-ipm,0.06316304200299783,1997.9529961934747,1.4779288903810084e-12,9.094947017729282e-13,20,2025-12-17 00:00,2025-12-17 00:00,2025-11-27|2025-11-28|2025-11-29|2025-11-30|2025-12-01|2025-12-02|2025-12-03|2025-12-04|2025-12-05|2025-12-06|2025-12-07|2025-12-08|2025-12-09|2025-12-10|2025-12-11|2025-12-12|2025-12-13|2025-12-14|2025-12-15|2025-12-16,144
q3,S2,2025-12-17,6,highs-ipm,0.0852237500002957,10447.961209294634,2.2737367544323206e-13,7.958078640513122e-13,20,2025-12-17 06:00,2025-12-17 06:00,2025-11-27|2025-11-28|2025-11-29|2025-11-30|2025-12-01|2025-12-02|2025-12-03|2025-12-04|2025-12-05|2025-12-06|2025-12-07|2025-12-08|2025-12-09|2025-12-10|2025-12-11|2025-12-12|2025-12-13|2025-12-14|2025-12-15|2025-12-16,144
q3,S2,2025-12-17,12,highs-ipm,0.07831779199477751,28451.418090336458,2.2737367544323206e-13,9.094947017729282e-13,20,2025-12-17 12:00,2025-12-17 12:00,2025-11-27|2025-11-28|2025-11-29|2025-11-30|2025-12-01|2025-12-02|2025-12-03|2025-12-04|2025-12-05|2025-12-06|2025-12-07|2025-12-08|2025-12-09|2025-12-10|2025-12-11|2025-12-12|2025-12-13|2025-12-14|2025-12-15|2025-12-16,144
q3,S2,2025-12-18,0,highs-ipm,0.06228774999908637,1987.2084742134127,1.1368683772161603e-13,8.526512829121202e-13,20,2025-12-18 00:00,2025-12-18 00:00,2025-11-28|2025-11-29|2025-11-30|2025-12-01|2025-12-02|2025-12-03|2025-12-04|2025-12-05|2025-12-06|2025-12-07|2025-12-08|2025-12-09|2025-12-10|2025-12-11|2025-12-12|2025-12-13|2025-12-14|2025-12-15|2025-12-16|2025-12-17,144
q3,S2,2025-12-18,6,highs-ipm,0.07657462499628309,10846.652315429843,2.2737367544323206e-13,9.094947017729282e-13,20,2025-12-18 06:00,2025-12-18 06:00,2025-11-28|2025-11-29|2025-11-30|2025-12-01|2025-12-02|2025-12-03|2025-12-04|2025-12-05|2025-12-06|2025-12-07|2025-12-08|2025-12-09|2025-12-10|2025-12-11|2025-12-12|2025-12-13|2025-12-14|2025-12-15|2025-12-16|2025-12-17,144
q3,S2,2025-12-18,12,highs-ipm,0.0767502919989056,18337.06876929247,2.2737367544323206e-13,9.094947017729282e-13,20,2025-12-18 12:00,2025-12-18 12:00,2025-11-28|2025-11-29|2025-11-30|2025-12-01|2025-12-02|2025-12-03|2025-12-04|2025-12-05|2025-12-06|2025-12-07|2025-12-08|2025-12-09|2025-12-10|2025-12-11|2025-12-12|2025-12-13|2025-12-14|2025-12-15|2025-12-16|2025-12-17,144
q3,S2,2025-12-19,0,highs-ipm,0.06345133400463965,1877.4076988705149,2.2737367544323206e-13,9.094947017729282e-13,20,2025-12-19 00:00,2025-12-19 00:00,2025-11-29|2025-11-30|2025-12-01|2025-12-02|2025-12-03|2025-12-04|2025-12-05|2025-12-06|2025-12-07|2025-12-08|2025-12-09|2025-12-10|2025-12-11|2025-12-12|2025-12-13|2025-12-14|2025-12-15|2025-12-16|2025-12-17|2025-12-18,144
q3,S2,2025-12-19,6,highs-ipm,0.07267620899801841,11076.501036269832,1.1368683772161603e-13,9.094947017729282e-13,20,2025-12-19 06:00,2025-12-19 06:00,2025-11-29|2025-11-30|2025-12-01|2025-12-02|2025-12-03|2025-12-04|2025-12-05|2025-12-06|2025-12-07|2025-12-08|2025-12-09|2025-12-10|2025-12-11|2025-12-12|2025-12-13|2025-12-14|2025-12-15|2025-12-16|2025-12-17|2025-12-18,144
q3,S2,2025-12-19,12,highs-ipm,0.07579004199942574,18864.474042710266,2.2737367544323206e-13,9.094947017729282e-13,20,2025-12-19 12:00,2025-12-19 12:00,2025-11-29|2025-11-30|2025-12-01|2025-12-02|2025-12-03|2025-12-04|2025-12-05|2025-12-06|2025-12-07|2025-12-08|2025-12-09|2025-12-10|2025-12-11|2025-12-12|2025-12-13|2025-12-14|2025-12-15|2025-12-16|2025-12-17|2025-12-18,144
q3,S2,2025-12-20,0,highs-ipm,0.05995750000147382,1809.5741566319673,9.094947017729282e-13,8.668621376273222e-13,20,2025-12-20 00:00,2025-12-20 00:00,2025-11-30|2025-12-01|2025-12-02|2025-12-03|2025-12-04|2025-12-05|2025-12-06|2025-12-07|2025-12-08|2025-12-09|2025-12-10|2025-12-11|2025-12-12|2025-12-13|2025-12-14|2025-12-15|2025-12-16|2025-12-17|2025-12-18|2025-12-19,144
q3,S2,2025-12-20,6,highs-ipm,0.08238600000186125,11349.710407687779,5.684341886080802e-14,9.094947017729282e-13,20,2025-12-20 06:00,2025-12-20 06:00,2025-11-30|2025-12-01|2025-12-02|2025-12-03|2025-12-04|2025-12-05|2025-12-06|2025-12-07|2025-12-08|2025-12-09|2025-12-10|2025-12-11|2025-12-12|2025-12-13|2025-12-14|2025-12-15|2025-12-16|2025-12-17|2025-12-18|2025-12-19,144
q3,S2,2025-12-20,12,highs-ipm,0.07954970800346928,31202.264451260216,2.2737367544323206e-13,8.526512829121202e-13,20,2025-12-20 12:00,2025-12-20 12:00,2025-11-30|2025-12-01|2025-12-02|2025-12-03|2025-12-04|2025-12-05|2025-12-06|2025-12-07|2025-12-08|2025-12-09|2025-12-10|2025-12-11|2025-12-12|2025-12-13|2025-12-14|2025-12-15|2025-12-16|2025-12-17|2025-12-18|2025-12-19,144
q3,S2,2025-12-21,0,highs-ipm,0.060018249998393,1964.945266969584,2.2737367544323206e-13,7.958078640513122e-13,20,2025-12-21 00:00,2025-12-21 00:00,2025-12-01|2025-12-02|2025-12-03|2025-12-04|2025-12-05|2025-12-06|2025-12-07|2025-12-08|2025-12-09|2025-12-10|2025-12-11|2025-12-12|2025-12-13|2025-12-14|2025-12-15|2025-12-16|2025-12-17|2025-12-18|2025-12-19|2025-12-20,144
q3,S2,2025-12-21,6,highs-ipm,0.07797412500076462,11741.865021098214,2.2737367544323206e-13,9.094947017729282e-13,20,2025-12-21 06:00,2025-12-21 06:00,2025-12-01|2025-12-02|2025-12-03|2025-12-04|2025-12-05|2025-12-06|2025-12-07|2025-12-08|2025-12-09|2025-12-10|2025-12-11|2025-12-12|2025-12-13|2025-12-14|2025-12-15|2025-12-16|2025-12-17|2025-12-18|2025-12-19|2025-12-20,144
q3,S2,2025-12-21,12,highs-ipm,0.0782848750022822,33170.34368527942,1.8207657603852567e-13,7.958078640513122e-13,20,2025-12-21 12:00,2025-12-21 12:00,2025-12-01|2025-12-02|2025-12-03|2025-12-04|2025-12-05|2025-12-06|2025-12-07|2025-12-08|2025-12-09|2025-12-10|2025-12-11|2025-12-12|2025-12-13|2025-12-14|2025-12-15|2025-12-16|2025-12-17|2025-12-18|2025-12-19|2025-12-20,144
q3,S2,2025-12-22,0,highs-ipm,0.06397262500104262,1997.168145158276,1.1368683772161603e-13,7.958078640513122e-13,20,2025-12-22 00:00,2025-12-22 00:00,2025-12-02|2025-12-03|2025-12-04|2025-12-05|2025-12-06|2025-12-07|2025-12-08|2025-12-09|2025-12-10|2025-12-11|2025-12-12|2025-12-13|2025-12-14|2025-12-15|2025-12-16|2025-12-17|2025-12-18|2025-12-19|2025-12-20|2025-12-21,144
q3,S2,2025-12-22,6,highs-ipm,0.07840099999884842,12217.141196125995,2.2737367544323206e-13,9.094947017729282e-13,20,2025-12-22 06:00,2025-12-22 06:00,2025-12-02|2025-12-03|2025-12-04|2025-12-05|2025-12-06|2025-12-07|2025-12-08|2025-12-09|2025-12-10|2025-12-11|2025-12-12|2025-12-13|2025-12-14|2025-12-15|2025-12-16|2025-12-17|2025-12-18|2025-12-19|2025-12-20|2025-12-21,144
q3,S2,2025-12-22,12,highs-ipm,0.0752556250008638,32560.82033900545,2.2737367544323206e-13,7.958078640513122e-13,20,2025-12-22 12:00,2025-12-22 12:00,2025-12-02|2025-12-03|2025-12-04|2025-12-05|2025-12-06|2025-12-07|2025-12-08|2025-12-09|2025-12-10|2025-12-11|2025-12-12|2025-12-13|2025-12-14|2025-12-15|2025-12-16|2025-12-17|2025-12-18|2025-12-19|2025-12-20|2025-12-21,144
q3,S2,2025-12-23,0,highs-ipm,0.05553633300587535,2012.1654867771238,2.2737367544323206e-13,8.526512829121202e-13,20,2025-12-23 00:00,2025-12-23 00:00,2025-12-03|2025-12-04|2025-12-05|2025-12-06|2025-12-07|2025-12-08|2025-12-09|2025-12-10|2025-12-11|2025-12-12|2025-12-13|2025-12-14|2025-12-15|2025-12-16|2025-12-17|2025-12-18|2025-12-19|2025-12-20|2025-12-21|2025-12-22,144
q3,S2,2025-12-23,6,highs-ipm,0.0806296660011867,11112.929847643165,2.2737367544323206e-13,9.094947017729282e-13,20,2025-12-23 06:00,2025-12-23 06:00,2025-12-03|2025-12-04|2025-12-05|2025-12-06|2025-12-07|2025-12-08|2025-12-09|2025-12-10|2025-12-11|2025-12-12|2025-12-13|2025-12-14|2025-12-15|2025-12-16|2025-12-17|2025-12-18|2025-12-19|2025-12-20|2025-12-21|2025-12-22,144
q3,S2,2025-12-23,12,highs-ipm,0.07405958299932536,30786.60360983224,1.1368683772161603e-13,7.958078640513122e-13,20,2025-12-23 12:00,2025-12-23 12:00,2025-12-03|2025-12-04|2025-12-05|2025-12-06|2025-12-07|2025-12-08|2025-12-09|2025-12-10|2025-12-11|2025-12-12|2025-12-13|2025-12-14|2025-12-15|2025-12-16|2025-12-17|2025-12-18|2025-12-19|2025-12-20|2025-12-21|2025-12-22,144
q3,S2,2025-12-24,0,highs-ipm,0.05515779199777171,1995.3699234614135,2.2737367544323206e-13,7.958078640513122e-13,20,2025-12-24 00:00,2025-12-24 00:00,2025-12-04|2025-12-05|2025-12-06|2025-12-07|2025-12-08|2025-12-09|2025-12-10|2025-12-11|2025-12-12|2025-12-13|2025-12-14|2025-12-15|2025-12-16|2025-12-17|2025-12-18|2025-12-19|2025-12-20|2025-12-21|2025-12-22|2025-12-23,144
q3,S2,2025-12-24,6,highs-ipm,0.0775079579980229,12382.24726652953,2.2737367544323206e-13,9.094947017729282e-13,20,2025-12-24 06:00,2025-12-24 06:00,2025-12-04|2025-12-05|2025-12-06|2025-12-07|2025-12-08|2025-12-09|2025-12-10|2025-12-11|2025-12-12|2025-12-13|2025-12-14|2025-12-15|2025-12-16|2025-12-17|2025-12-18|2025-12-19|2025-12-20|2025-12-21|2025-12-22|2025-12-23,144
q3,S2,2025-12-24,12,highs-ipm,0.07448174999444745,29136.61131329047,2.2737367544323206e-13,9.094947017729282e-13,20,2025-12-24 12:00,2025-12-24 12:00,2025-12-04|2025-12-05|2025-12-06|2025-12-07|2025-12-08|2025-12-09|2025-12-10|2025-12-11|2025-12-12|2025-12-13|2025-12-14|2025-12-15|2025-12-16|2025-12-17|2025-12-18|2025-12-19|2025-12-20|2025-12-21|2025-12-22|2025-12-23,144
q3,S2,2025-12-25,0,highs-ipm,0.060494707999168895,2041.3980151742246,2.0463630789890885e-12,7.958078640513122e-13,20,2025-12-25 00:00,2025-12-25 00:00,2025-12-05|2025-12-06|2025-12-07|2025-12-08|2025-12-09|2025-12-10|2025-12-11|2025-12-12|2025-12-13|2025-12-14|2025-12-15|2025-12-16|2025-12-17|2025-12-18|2025-12-19|2025-12-20|2025-12-21|2025-12-22|2025-12-23|2025-12-24,144
q3,S2,2025-12-25,6,highs-ipm,0.07437141599802999,9936.243484117384,2.2737367544323206e-13,7.958078640513122e-13,20,2025-12-25 06:00,2025-12-25 06:00,2025-12-05|2025-12-06|2025-12-07|2025-12-08|2025-12-09|2025-12-10|2025-12-11|2025-12-12|2025-12-13|2025-12-14|2025-12-15|2025-12-16|2025-12-17|2025-12-18|2025-12-19|2025-12-20|2025-12-21|2025-12-22|2025-12-23|2025-12-24,144
q3,S2,2025-12-25,12,highs-ipm,0.07520545800070977,16828.10883913123,1.1368683772161603e-13,9.094947017729282e-13,20,2025-12-25 12:00,2025-12-25 12:00,2025-12-05|2025-12-06|2025-12-07|2025-12-08|2025-12-09|2025-12-10|2025-12-11|2025-12-12|2025-12-13|2025-12-14|2025-12-15|2025-12-16|2025-12-17|2025-12-18|2025-12-19|2025-12-20|2025-12-21|2025-12-22|2025-12-23|2025-12-24,144
q3,S2,2025-12-26,0,highs-ipm,0.05730333399696974,1706.242210931577,1.1368683772161603e-13,9.094947017729282e-13,20,2025-12-26 00:00,2025-12-26 00:00,2025-12-06|2025-12-07|2025-12-08|2025-12-09|2025-12-10|2025-12-11|2025-12-12|2025-12-13|2025-12-14|2025-12-15|2025-12-16|2025-12-17|2025-12-18|2025-12-19|2025-12-20|2025-12-21|2025-12-22|2025-12-23|2025-12-24|2025-12-25,144
q3,S2,2025-12-26,6,highs-ipm,0.08111858300253516,10339.171232582394,1.1368683772161603e-13,8.810729923425242e-13,20,2025-12-26 06:00,2025-12-26 06:00,2025-12-06|2025-12-07|2025-12-08|2025-12-09|2025-12-10|2025-12-11|2025-12-12|2025-12-13|2025-12-14|2025-12-15|2025-12-16|2025-12-17|2025-12-18|2025-12-19|2025-12-20|2025-12-21|2025-12-22|2025-12-23|2025-12-24|2025-12-25,144
q3,S2,2025-12-26,12,highs-ipm,0.07710650000080932,14100.639084805587,1.1368683772161603e-13,9.094947017729282e-13,20,2025-12-26 12:00,2025-12-26 12:00,2025-12-06|2025-12-07|2025-12-08|2025-12-09|2025-12-10|2025-12-11|2025-12-12|2025-12-13|2025-12-14|2025-12-15|2025-12-16|2025-12-17|2025-12-18|2025-12-19|2025-12-20|2025-12-21|2025-12-22|2025-12-23|2025-12-24|2025-12-25,144
q3,S2,2025-12-27,0,highs-ipm,0.06401891700079432,1797.3777697131234,5.115907697472721e-13,9.094947017729282e-13,20,2025-12-27 00:00,2025-12-27 00:00,2025-12-07|2025-12-08|2025-12-09|2025-12-10|2025-12-11|2025-12-12|2025-12-13|2025-12-14|2025-12-15|2025-12-16|2025-12-17|2025-12-18|2025-12-19|2025-12-20|2025-12-21|2025-12-22|2025-12-23|2025-12-24|2025-12-25|2025-12-26,144
q3,S2,2025-12-27,6,highs-ipm,0.07644079199963016,12429.775610720642,5.684341886080802e-14,8.313350008393172e-13,20,2025-12-27 06:00,2025-12-27 06:00,2025-12-07|2025-12-08|2025-12-09|2025-12-10|2025-12-11|2025-12-12|2025-12-13|2025-12-14|2025-12-15|2025-12-16|2025-12-17|2025-12-18|2025-12-19|2025-12-20|2025-12-21|2025-12-22|2025-12-23|2025-12-24|2025-12-25|2025-12-26,144
q3,S2,2025-12-27,12,highs-ipm,0.07980208400113042,29089.24283335048,5.684341886080802e-14,9.094947017729282e-13,20,2025-12-27 12:00,2025-12-27 12:00,2025-12-07|2025-12-08|2025-12-09|2025-12-10|2025-12-11|2025-12-12|2025-12-13|2025-12-14|2025-12-15|2025-12-16|2025-12-17|2025-12-18|2025-12-19|2025-12-20|2025-12-21|2025-12-22|2025-12-23|2025-12-24|2025-12-25|2025-12-26,144
q3,S2,2025-12-28,0,highs-ipm,0.057206709003366996,1963.6596133911762,2.504663143554353e-13,9.094947017729282e-13,20,2025-12-28 00:00,2025-12-28 00:00,2025-12-08|2025-12-09|2025-12-10|2025-12-11|2025-12-12|2025-12-13|2025-12-14|2025-12-15|2025-12-16|2025-12-17|2025-12-18|2025-12-19|2025-12-20|2025-12-21|2025-12-22|2025-12-23|2025-12-24|2025-12-25|2025-12-26|2025-12-27,144
q3,S2,2025-12-28,6,highs-ipm,0.08104041700426023,12091.579310911291,1.3642420526593924e-12,9.094947017729282e-13,20,2025-12-28 06:00,2025-12-28 06:00,2025-12-08|2025-12-09|2025-12-10|2025-12-11|2025-12-12|2025-12-13|2025-12-14|2025-12-15|2025-12-16|2025-12-17|2025-12-18|2025-12-19|2025-12-20|2025-12-21|2025-12-22|2025-12-23|2025-12-24|2025-12-25|2025-12-26|2025-12-27,144
q3,S2,2025-12-28,12,highs-ipm,0.07916100000147708,28177.331045043822,2.2737367544323206e-13,9.094947017729282e-13,20,2025-12-28 12:00,2025-12-28 12:00,2025-12-08|2025-12-09|2025-12-10|2025-12-11|2025-12-12|2025-12-13|2025-12-14|2025-12-15|2025-12-16|2025-12-17|2025-12-18|2025-12-19|2025-12-20|2025-12-21|2025-12-22|2025-12-23|2025-12-24|2025-12-25|2025-12-26|2025-12-27,144
q3,S2,2025-12-29,0,highs-ipm,0.057170084000972565,1962.0589319234923,1.1368683772161603e-13,9.094947017729282e-13,20,2025-12-29 00:00,2025-12-29 00:00,2025-12-09|2025-12-10|2025-12-11|2025-12-12|2025-12-13|2025-12-14|2025-12-15|2025-12-16|2025-12-17|2025-12-18|2025-12-19|2025-12-20|2025-12-21|2025-12-22|2025-12-23|2025-12-24|2025-12-25|2025-12-26|2025-12-27|2025-12-28,144
q3,S2,2025-12-29,6,highs-ipm,0.08181712499936111,14134.90839806502,2.2737367544323206e-13,8.86846152070575e-13,20,2025-12-29 06:00,2025-12-29 06:00,2025-12-09|2025-12-10|2025-12-11|2025-12-12|2025-12-13|2025-12-14|2025-12-15|2025-12-16|2025-12-17|2025-12-18|2025-12-19|2025-12-20|2025-12-21|2025-12-22|2025-12-23|2025-12-24|2025-12-25|2025-12-26|2025-12-27|2025-12-28,144
q3,S2,2025-12-29,12,highs-ipm,0.07670716600114247,31253.062100220697,1.1368683772161603e-13,9.094947017729282e-13,20,2025-12-29 12:00,2025-12-29 12:00,2025-12-09|2025-12-10|2025-12-11|2025-12-12|2025-12-13|2025-12-14|2025-12-15|2025-12-16|2025-12-17|2025-12-18|2025-12-19|2025-12-20|2025-12-21|2025-12-22|2025-12-23|2025-12-24|2025-12-25|2025-12-26|2025-12-27|2025-12-28,144
q3,S2,2025-12-30,0,highs-ipm,0.053211584003292955,1963.9063113915458,2.2737367544323206e-13,9.094947017729282e-13,20,2025-12-30 00:00,2025-12-30 00:00,2025-12-10|2025-12-11|2025-12-12|2025-12-13|2025-12-14|2025-12-15|2025-12-16|2025-12-17|2025-12-18|2025-12-19|2025-12-20|2025-12-21|2025-12-22|2025-12-23|2025-12-24|2025-12-25|2025-12-26|2025-12-27|2025-12-28|2025-12-29,144
q3,S2,2025-12-30,6,highs-ipm,0.07877808299963363,12913.119506647778,2.2737367544323206e-13,9.094947017729282e-13,20,2025-12-30 06:00,2025-12-30 06:00,2025-12-10|2025-12-11|2025-12-12|2025-12-13|2025-12-14|2025-12-15|2025-12-16|2025-12-17|2025-12-18|2025-12-19|2025-12-20|2025-12-21|2025-12-22|2025-12-23|2025-12-24|2025-12-25|2025-12-26|2025-12-27|2025-12-28|2025-12-29,144
q3,S2,2025-12-30,12,highs-ipm,0.07485554099548608,29324.593718422726,2.2737367544323206e-13,9.094947017729282e-13,20,2025-12-30 12:00,2025-12-30 12:00,2025-12-10|2025-12-11|2025-12-12|2025-12-13|2025-12-14|2025-12-15|2025-12-16|2025-12-17|2025-12-18|2025-12-19|2025-12-20|2025-12-21|2025-12-22|2025-12-23|2025-12-24|2025-12-25|2025-12-26|2025-12-27|2025-12-28|2025-12-29,144
q3,S2,2025-12-31,0,highs-ipm,0.0565415830060374,1934.5637894306012,2.2737367544323206e-13,7.958078640513122e-13,20,2025-12-31 00:00,2025-12-31 00:00,2025-12-11|2025-12-12|2025-12-13|2025-12-14|2025-12-15|2025-12-16|2025-12-17|2025-12-18|2025-12-19|2025-12-20|2025-12-21|2025-12-22|2025-12-23|2025-12-24|2025-12-25|2025-12-26|2025-12-27|2025-12-28|2025-12-29|2025-12-30,144
q3,S2,2025-12-31,6,highs-ipm,0.05303516700223554,623.1414249891349,2.2737367544323206e-13,9.094947017729282e-13,20,2025-12-31 06:00,2025-12-31 06:00,2025-12-11|2025-12-12|2025-12-13|2025-12-14|2025-12-15|2025-12-16|2025-12-17|2025-12-18|2025-12-19|2025-12-20|2025-12-21|2025-12-22|2025-12-23|2025-12-24|2025-12-25|2025-12-26|2025-12-27|2025-12-28|2025-12-29|2025-12-30,108
q3,S2,2025-12-31,12,highs-ipm,0.03276670799823478,487.34331601308173,5.684341886080802e-14,8.384404281969182e-13,20,2025-12-31 12:00,2025-12-31 12:00,2025-12-11|2025-12-12|2025-12-13|2025-12-14|2025-12-15|2025-12-16|2025-12-17|2025-12-18|2025-12-19|2025-12-20|2025-12-21|2025-12-22|2025-12-23|2025-12-24|2025-12-25|2025-12-26|2025-12-27|2025-12-28|2025-12-29|2025-12-30,72
