mode,scenario,date,issue_hour,solver_method,seconds,objective,max_balance_residual_kwh,max_soc_residual_kwh,scenario_count,latest_observation_time,decision_time,history_dates,common_action_intervals
q3,S3,2025-02-01,0,highs-ipm,0.05976195900439052,1423.660975222944,4.0945025148175773e-13,9.094947017729282e-13,20,2025-02-01 00:00,2025-02-01 00:00,2025-01-12|2025-01-13|2025-01-14|2025-01-15|2025-01-16|2025-01-17|2025-01-18|2025-01-19|2025-01-20|2025-01-21|2025-01-22|2025-01-23|2025-01-24|2025-01-25|2025-01-26|2025-01-27|2025-01-28|2025-01-29|2025-01-30|2025-01-31,144
q3,S3,2025-02-01,6,highs-ipm,0.0839772500039544,10473.894179575656,2.2737367544323206e-13,9.094947017729282e-13,20,2025-02-01 06:00,2025-02-01 06:00,2025-01-12|2025-01-13|2025-01-14|2025-01-15|2025-01-16|2025-01-17|2025-01-18|2025-01-19|2025-01-20|2025-01-21|2025-01-22|2025-01-23|2025-01-24|2025-01-25|2025-01-26|2025-01-27|2025-01-28|2025-01-29|2025-01-30|2025-01-31,144
q3,S3,2025-02-01,12,highs-ipm,0.07512349999888102,32564.433976616136,2.2737367544323206e-13,9.094947017729282e-13,20,2025-02-01 12:00,2025-02-01 12:00,2025-01-12|2025-01-13|2025-01-14|2025-01-15|2025-01-16|2025-01-17|2025-01-18|2025-01-19|2025-01-20|2025-01-21|2025-01-22|2025-01-23|2025-01-24|2025-01-25|2025-01-26|2025-01-27|2025-01-28|2025-01-29|2025-01-30|2025-01-31,144
q3,S3,2025-02-01,18,highs-ipm,0.0678038749974803,40370.052562524776,2.2737367544323206e-13,9.094947017729282e-13,20,2025-02-01 18:00,2025-02-01 18:00,2025-01-12|2025-01-13|2025-01-14|2025-01-15|2025-01-16|2025-01-17|2025-01-18|2025-01-19|2025-01-20|2025-01-21|2025-01-22|2025-01-23|2025-01-24|2025-01-25|2025-01-26|2025-01-27|2025-01-28|2025-01-29|2025-01-30|2025-01-31,144
q3,S3,2025-02-02,0,highs-ipm,0.05333554199751234,1880.6063146738593,1.1368683772161603e-13,7.958078640513122e-13,20,2025-02-02 00:00,2025-02-02 00:00,2025-01-13|2025-01-14|2025-01-15|2025-01-16|2025-01-17|2025-01-18|2025-01-19|2025-01-20|2025-01-21|2025-01-22|2025-01-23|2025-01-24|2025-01-25|2025-01-26|2025-01-27|2025-01-28|2025-01-29|2025-01-30|2025-01-31|2025-02-01,144
q3,S3,2025-02-02,6,highs-ipm,0.07592800000566058,10998.715928804968,2.6645352591003757e-13,9.094947017729282e-13,20,2025-02-02 06:00,2025-02-02 06:00,2025-01-13|2025-01-14|2025-01-15|2025-01-16|2025-01-17|2025-01-18|2025-01-19|2025-01-20|2025-01-21|2025-01-22|2025-01-23|2025-01-24|2025-01-25|2025-01-26|2025-01-27|2025-01-28|2025-01-29|2025-01-30|2025-01-31|2025-02-01,144
q3,S3,2025-02-02,12,highs-ipm,0.07447325000248384,29372.947084544376,2.2737367544323206e-13,8.526512829121202e-13,20,2025-02-02 12:00,2025-02-02 12:00,2025-01-13|2025-01-14|2025-01-15|2025-01-16|2025-01-17|2025-01-18|2025-01-19|2025-01-20|2025-01-21|2025-01-22|2025-01-23|2025-01-24|2025-01-25|2025-01-26|2025-01-27|2025-01-28|2025-01-29|2025-01-30|2025-01-31|2025-02-01,144
q3,S3,2025-02-02,18,highs-ipm,0.06868408299487783,41455.62771128067,2.2737367544323206e-13,8.526512829121202e-13,20,2025-02-02 18:00,2025-02-02 18:00,2025-01-13|2025-01-14|2025-01-15|2025-01-16|2025-01-17|2025-01-18|2025-01-19|2025-01-20|2025-01-21|2025-01-22|2025-01-23|2025-01-24|2025-01-25|2025-01-26|2025-01-27|2025-01-28|2025-01-29|2025-01-30|2025-01-31|2025-02-01,144
q3,S3,2025-02-03,0,highs-ipm,0.05632575000345241,1891.5578701295476,2.2737367544323206e-13,9.094947017729282e-13,20,2025-02-03 00:00,2025-02-03 00:00,2025-01-14|2025-01-15|2025-01-16|2025-01-17|2025-01-18|2025-01-19|2025-01-20|2025-01-21|2025-01-22|2025-01-23|2025-01-24|2025-01-25|2025-01-26|2025-01-27|2025-01-28|2025-01-29|2025-01-30|2025-01-31|2025-02-01|2025-02-02,144
q3,S3,2025-02-03,6,highs-ipm,0.08240537499659695,10258.981953627304,2.2737367544323206e-13,9.663381206337363e-13,20,2025-02-03 06:00,2025-02-03 06:00,2025-01-14|2025-01-15|2025-01-16|2025-01-17|2025-01-18|2025-01-19|2025-01-20|2025-01-21|2025-01-22|2025-01-23|2025-01-24|2025-01-25|2025-01-26|2025-01-27|2025-01-28|2025-01-29|2025-01-30|2025-01-31|2025-02-01|2025-02-02,144
q3,S3,2025-02-03,12,highs-ipm,0.0743129999973462,28259.428756701527,2.2737367544323206e-13,9.094947017729282e-13,20,2025-02-03 12:00,2025-02-03 12:00,2025-01-14|2025-01-15|2025-01-16|2025-01-17|2025-01-18|2025-01-19|2025-01-20|2025-01-21|2025-01-22|2025-01-23|2025-01-24|2025-01-25|2025-01-26|2025-01-27|2025-01-28|2025-01-29|2025-01-30|2025-01-31|2025-02-01|2025-02-02,144
q3,S3,2025-02-03,18,highs-ipm,0.06988991699472535,47500.80757024838,2.2737367544323206e-13,9.094947017729282e-13,20,2025-02-03 18:00,2025-02-03 18:00,2025-01-14|2025-01-15|2025-01-16|2025-01-17|2025-01-18|2025-01-19|2025-01-20|2025-01-21|2025-01-22|2025-01-23|2025-01-24|2025-01-25|2025-01-26|2025-01-27|2025-01-28|2025-01-29|2025-01-30|2025-01-31|2025-02-01|2025-02-02,144
q3,S3,2025-02-04,0,highs-ipm,0.057385874999454245,1869.9626214199525,2.2737367544323206e-13,7.958078640513122e-13,20,2025-02-04 00:00,2025-02-04 00:00,2025-01-15|2025-01-16|2025-01-17|2025-01-18|2025-01-19|2025-01-20|2025-01-21|2025-01-22|2025-01-23|2025-01-24|2025-01-25|2025-01-26|2025-01-27|2025-01-28|2025-01-29|2025-01-30|2025-01-31|2025-02-01|2025-02-02|2025-02-03,144
q3,S3,2025-02-04,6,highs-ipm,0.08112679100304376,10558.285905039882,2.2737367544323206e-13,9.094947017729282e-13,20,2025-02-04 06:00,2025-02-04 06:00,2025-01-15|2025-01-16|2025-01-17|2025-01-18|2025-01-19|2025-01-20|2025-01-21|2025-01-22|2025-01-23|2025-01-24|2025-01-25|2025-01-26|2025-01-27|2025-01-28|2025-01-29|2025-01-30|2025-01-31|2025-02-01|2025-02-02|2025-02-03,144
q3,S3,2025-02-04,12,highs-ipm,0.07724187499843538,24160.372434551304,2.2737367544323206e-13,9.663381206337363e-13,20,2025-02-04 12:00,2025-02-04 12:00,2025-01-15|2025-01-16|2025-01-17|2025-01-18|2025-01-19|2025-01-20|2025-01-21|2025-01-22|2025-01-23|2025-01-24|2025-01-25|2025-01-26|2025-01-27|2025-01-28|2025-01-29|2025-01-30|2025-01-31|2025-02-01|2025-02-02|2025-02-03,144
q3,S3,2025-02-04,18,highs-ipm,0.07055383300030371,48577.3108207975,3.410605131648481e-13,1.0231815394945443e-12,20,2025-02-04 18:00,2025-02-04 18:00,2025-01-15|2025-01-16|2025-01-17|2025-01-18|2025-01-19|2025-01-20|2025-01-21|2025-01-22|2025-01-23|2025-01-24|2025-01-25|2025-01-26|2025-01-27|2025-01-28|2025-01-29|2025-01-30|2025-01-31|2025-02-01|2025-02-02|2025-02-03,144
q3,S3,2025-02-05,0,highs-ipm,0.056771040995954536,1750.6755788549785,1.1368683772161603e-13,9.094947017729282e-13,20,2025-02-05 00:00,2025-02-05 00:00,2025-01-16|2025-01-17|2025-01-18|2025-01-19|2025-01-20|2025-01-21|2025-01-22|2025-01-23|2025-01-24|2025-01-25|2025-01-26|2025-01-27|2025-01-28|2025-01-29|2025-01-30|2025-01-31|2025-02-01|2025-02-02|2025-02-03|2025-02-04,144
q3,S3,2025-02-05,6,highs-ipm,0.0764611659978982,12532.127580118413,1.1368683772161603e-13,7.958078640513122e-13,20,2025-02-05 06:00,2025-02-05 06:00,2025-01-16|2025-01-17|2025-01-18|2025-01-19|2025-01-20|2025-01-21|2025-01-22|2025-01-23|2025-01-24|2025-01-25|2025-01-26|2025-01-27|2025-01-28|2025-01-29|2025-01-30|2025-01-31|2025-02-01|2025-02-02|2025-02-03|2025-02-04,144
q3,S3,2025-02-05,12,highs-ipm,0.07452979200024856,30817.538788034122,0.0,9.094947017729282e-13,20,2025-02-05 12:00,2025-02-05 12:00,2025-01-16|2025-01-17|2025-01-18|2025-01-19|2025-01-20|2025-01-21|2025-01-22|2025-01-23|2025-01-24|2025-01-25|2025-01-26|2025-01-27|2025-01-28|2025-01-29|2025-01-30|2025-01-31|2025-02-01|2025-02-02|2025-02-03|2025-02-04,144
q3,S3,2025-02-05,18,highs-ipm,0.07152695799595676,46082.21122451378,0.0,9.094947017729282e-13,20,2025-02-05 18:00,2025-02-05 18:00,2025-01-16|2025-01-17|2025-01-18|2025-01-19|2025-01-20|2025-01-21|2025-01-22|2025-01-23|2025-01-24|2025-01-25|2025-01-26|2025-01-27|2025-01-28|2025-01-29|2025-01-30|2025-01-31|2025-02-01|2025-02-02|2025-02-03|2025-02-04,144
q3,S3,2025-02-06,0,highs-ipm,0.057857874999172054,1746.5953374402707,2.2737367544323206e-13,7.958078640513122e-13,20,2025-02-06 00:00,2025-02-06 00:00,2025-01-17|2025-01-18|2025-01-19|2025-01-20|2025-01-21|2025-01-22|2025-01-23|2025-01-24|2025-01-25|2025-01-26|2025-01-27|2025-01-28|2025-01-29|2025-01-30|2025-01-31|2025-02-01|2025-02-02|2025-02-03|2025-02-04|2025-02-05,144
q3,S3,2025-02-06,6,highs-ipm,0.08338699999876553,7476.231917051877,1.0231815394945443e-12,9.094947017729282e-13,20,2025-02-06 06:00,2025-02-06 06:00,2025-01-17|2025-01-18|2025-01-19|2025-01-20|2025-01-21|2025-01-22|2025-01-23|2025-01-24|2025-01-25|2025-01-26|2025-01-27|2025-01-28|2025-01-29|2025-01-30|2025-01-31|2025-02-01|2025-02-02|2025-02-03|2025-02-04|2025-02-05,144
q3,S3,2025-02-06,12,highs-ipm,0.07795545800036052,17185.759764323142,0.0,1.0231815394945443e-12,20,2025-02-06 12:00,2025-02-06 12:00,2025-01-17|2025-01-18|2025-01-19|2025-01-20|2025-01-21|2025-01-22|2025-01-23|2025-01-24|2025-01-25|2025-01-26|2025-01-27|2025-01-28|2025-01-29|2025-01-30|2025-01-31|2025-02-01|2025-02-02|2025-02-03|2025-02-04|2025-02-05,144
q3,S3,2025-02-06,18,highs-ipm,0.07252629199501825,14297.68446370538,1.0231815394945443e-12,9.663381206337363e-13,20,2025-02-06 18:00,2025-02-06 18:00,2025-01-17|2025-01-18|2025-01-19|2025-01-20|2025-01-21|2025-01-22|2025-01-23|2025-01-24|2025-01-25|2025-01-26|2025-01-27|2025-01-28|2025-01-29|2025-01-30|2025-01-31|2025-02-01|2025-02-02|2025-02-03|2025-02-04|2025-02-05,144
q3,S3,2025-02-07,0,highs-ipm,0.06054554199363338,1548.0620236854709,8.242295734817162e-13,8.668621376273222e-13,20,2025-02-07 00:00,2025-02-07 00:00,2025-01-18|2025-01-19|2025-01-20|2025-01-21|2025-01-22|2025-01-23|2025-01-24|2025-01-25|2025-01-26|2025-01-27|2025-01-28|2025-01-29|2025-01-30|2025-01-31|2025-02-01|2025-02-02|2025-02-03|2025-02-04|2025-02-05|2025-02-06,144
q3,S3,2025-02-07,6,highs-ipm,0.0813257500049076,8512.87053392148,1.1368683772161603e-13,8.526512829121202e-13,20,2025-02-07 06:00,2025-02-07 06:00,2025-01-18|2025-01-19|2025-01-20|2025-01-21|2025-01-22|2025-01-23|2025-01-24|2025-01-25|2025-01-26|2025-01-27|2025-01-28|2025-01-29|2025-01-30|2025-01-31|2025-02-01|2025-02-02|2025-02-03|2025-02-04|2025-02-05|2025-02-06,144
q3,S3,2025-02-07,12,highs-ipm,0.08130862499820068,9446.10079101261,5.684341886080802e-14,9.094947017729282e-13,20,2025-02-07 12:00,2025-02-07 12:00,2025-01-18|2025-01-19|2025-01-20|2025-01-21|2025-01-22|2025-01-23|2025-01-24|2025-01-25|2025-01-26|2025-01-27|2025-01-28|2025-01-29|2025-01-30|2025-01-31|2025-02-01|2025-02-02|2025-02-03|2025-02-04|2025-02-05|2025-02-06,144
q3,S3,2025-02-07,18,highs-ipm,0.07214825000119163,17032.19894576152,1.1368683772161603e-13,9.663381206337363e-13,20,2025-02-07 18:00,2025-02-07 18:00,2025-01-18|2025-01-19|2025-01-20|2025-01-21|2025-01-22|2025-01-23|2025-01-24|2025-01-25|2025-01-26|2025-01-27|2025-01-28|2025-01-29|2025-01-30|2025-01-31|2025-02-01|2025-02-02|2025-02-03|2025-02-04|2025-02-05|2025-02-06,144
q3,S3,2025-02-08,0,highs-ipm,0.05919520899624331,1225.882406140881,1.1368683772161603e-13,9.094947017729282e-13,20,2025-02-08 00:00,2025-02-08 00:00,2025-01-19|2025-01-20|2025-01-21|2025-01-22|2025-01-23|2025-01-24|2025-01-25|2025-01-26|2025-01-27|2025-01-28|2025-01-29|2025-01-30|2025-01-31|2025-02-01|2025-02-02|2025-02-03|2025-02-04|2025-02-05|2025-02-06|2025-02-07,144
q3,S3,2025-02-08,6,highs-ipm,0.08033233400055906,12711.838605646875,1.1368683772161603e-13,9.094947017729282e-13,20,2025-02-08 06:00,2025-02-08 06:00,2025-01-19|2025-01-20|2025-01-21|2025-01-22|2025-01-23|2025-01-24|2025-01-25|2025-01-26|2025-01-27|2025-01-28|2025-01-29|2025-01-30|2025-01-31|2025-02-01|2025-02-02|2025-02-03|2025-02-04|2025-02-05|2025-02-06|2025-02-07,144
q3,S3,2025-02-08,12,highs-ipm,0.07663462500204332,28594.970997837285,1.1368683772161603e-13,8.588685318500211e-13,20,2025-02-08 12:00,2025-02-08 12:00,2025-01-19|2025-01-20|2025-01-21|2025-01-22|2025-01-23|2025-01-24|2025-01-25|2025-01-26|2025-01-27|2025-01-28|2025-01-29|2025-01-30|2025-01-31|2025-02-01|2025-02-02|2025-02-03|2025-02-04|2025-02-05|2025-02-06|2025-02-07,144
q3,S3,2025-02-08,18,highs-ipm,0.07112579199747415,47817.395555389936,5.684341886080802e-14,9.094947017729282e-13,20,2025-02-08 18:00,2025-02-08 18:00,2025-01-19|2025-01-20|2025-01-21|2025-01-22|2025-01-23|2025-01-24|2025-01-25|2025-01-26|2025-01-27|2025-01-28|2025-01-29|2025-01-30|2025-01-31|2025-02-01|2025-02-02|2025-02-03|2025-02-04|2025-02-05|2025-02-06|2025-02-07,144
q3,S3,2025-02-09,0,highs-ipm,0.0604801250010496,1774.857583711781,2.2737367544323206e-13,9.094947017729282e-13,20,2025-02-09 00:00,2025-02-09 00:00,2025-01-20|2025-01-21|2025-01-22|2025-01-23|2025-01-24|2025-01-25|2025-01-26|2025-01-27|2025-01-28|2025-01-29|2025-01-30|2025-01-31|2025-02-01|2025-02-02|2025-02-03|2025-02-04|2025-02-05|2025-02-06|2025-02-07|2025-02-08,144
q3,S3,2025-02-09,6,highs-ipm,0.08007208300114144,11448.055450247386,2.2737367544323206e-13,9.023892744153272e-13,20,2025-02-09 06:00,2025-02-09 06:00,2025-01-20|2025-01-21|2025-01-22|2025-01-23|2025-01-24|2025-01-25|2025-01-26|2025-01-27|2025-01-28|2025-01-29|2025-01-30|2025-01-31|2025-02-01|2025-02-02|2025-02-03|2025-02-04|2025-02-05|2025-02-06|2025-02-07|2025-02-08,144
q3,S3,2025-02-09,12,highs-ipm,0.07527183300408069,27530.632922068402,1.1368683772161603e-13,9.094947017729282e-13,20,2025-02-09 12:00,2025-02-09 12:00,2025-01-20|2025-01-21|2025-01-22|2025-01-23|2025-01-24|2025-01-25|2025-01-26|2025-01-27|2025-01-28|2025-01-29|2025-01-30|2025-01-31|2025-02-01|2025-02-02|2025-02-03|2025-02-04|2025-02-05|2025-02-06|2025-02-07|2025-02-08,144
q3,S3,2025-02-09,18,highs-ipm,0.06724916699749883,40238.9037155624,2.2737367544323206e-13,9.094947017729282e-13,20,2025-02-09 18:00,2025-02-09 18:00,2025-01-20|2025-01-21|2025-01-22|2025-01-23|2025-01-24|2025-01-25|2025-01-26|2025-01-27|2025-01-28|2025-01-29|2025-01-30|2025-01-31|2025-02-01|2025-02-02|2025-02-03|2025-02-04|2025-02-05|2025-02-06|2025-02-07|2025-02-08,144
q3,S3,2025-02-10,0,highs-ipm,0.05363129200122785,1850.5880797582336,5.684341886080801e-13,8.526512829121202e-13,20,2025-02-10 00:00,2025-02-10 00:00,2025-01-21|2025-01-22|2025-01-23|2025-01-24|2025-01-25|2025-01-26|2025-01-27|2025-01-28|2025-01-29|2025-01-30|2025-01-31|2025-02-01|2025-02-02|2025-02-03|2025-02-04|2025-02-05|2025-02-06|2025-02-07|2025-02-08|2025-02-09,144
q3,S3,2025-02-10,6,highs-ipm,0.08318341599806445,9116.190690570973,2.2737367544323206e-13,7.958078640513122e-13,20,2025-02-10 06:00,2025-02-10 06:00,2025-01-21|2025-01-22|2025-01-23|2025-01-24|2025-01-25|2025-01-26|2025-01-27|2025-01-28|2025-01-29|2025-01-30|2025-01-31|2025-02-01|2025-02-02|2025-02-03|2025-02-04|2025-02-05|2025-02-06|2025-02-07|2025-02-08|2025-02-09,144
q3,S3,2025-02-10,12,highs-ipm,0.07616895800310886,23404.66522556922,2.2737367544323206e-13,8.810729923425242e-13,20,2025-02-10 12:00,2025-02-10 12:00,2025-01-21|2025-01-22|2025-01-23|2025-01-24|2025-01-25|2025-01-26|2025-01-27|2025-01-28|2025-01-29|2025-01-30|2025-01-31|2025-02-01|2025-02-02|2025-02-03|2025-02-04|2025-02-05|2025-02-06|2025-02-07|2025-02-08|2025-02-09,144
q3,S3,2025-02-10,18,highs-ipm,0.07662166700174566,35518.43798198721,2.2737367544323206e-13,7.958078640513122e-13,20,2025-02-10 18:00,2025-02-10 18:00,2025-01-21|2025-01-22|2025-01-23|2025-01-24|2025-01-25|2025-01-26|2025-01-27|2025-01-28|2025-01-29|2025-01-30|2025-01-31|2025-02-01|2025-02-02|2025-02-03|2025-02-04|2025-02-05|2025-02-06|2025-02-07|2025-02-08|2025-02-09,144
q3,S3,2025-02-11,0,highs-ipm,0.05685283300408628,1798.5778717546789,5.684341886080801e-13,7.958078640513122e-13,20,2025-02-11 00:00,2025-02-11 00:00,2025-01-22|2025-01-23|2025-01-24|2025-01-25|2025-01-26|2025-01-27|2025-01-28|2025-01-29|2025-01-30|2025-01-31|2025-02-01|2025-02-02|2025-02-03|2025-02-04|2025-02-05|2025-02-06|2025-02-07|2025-02-08|2025-02-09|2025-02-10,144
q3,S3,2025-02-11,6,highs-ipm,0.0809692080001696,10026.32056384518,2.2737367544323206e-13,8.331113576787175e-13,20,2025-02-11 06:00,2025-02-11 06:00,2025-01-22|2025-01-23|2025-01-24|2025-01-25|2025-01-26|2025-01-27|2025-01-28|2025-01-29|2025-01-30|2025-01-31|2025-02-01|2025-02-02|2025-02-03|2025-02-04|2025-02-05|2025-02-06|2025-02-07|2025-02-08|2025-02-09|2025-02-10,144
q3,S3,2025-02-11,12,highs-ipm,0.07497766700544162,18674.546752500737,2.2737367544323206e-13,8.526512829121202e-13,20,2025-02-11 12:00,2025-02-11 12:00,2025-01-22|2025-01-23|2025-01-24|2025-01-25|2025-01-26|2025-01-27|2025-01-28|2025-01-29|2025-01-30|2025-01-31|2025-02-01|2025-02-02|2025-02-03|2025-02-04|2025-02-05|2025-02-06|2025-02-07|2025-02-08|2025-02-09|2025-02-10,144
q3,S3,2025-02-11,18,highs-ipm,0.07372670900076628,44311.43963726031,2.2737367544323206e-13,9.094947017729282e-13,20,2025-02-11 18:00,2025-02-11 18:00,2025-01-22|2025-01-23|2025-01-24|2025-01-25|2025-01-26|2025-01-27|2025-01-28|2025-01-29|2025-01-30|2025-01-31|2025-02-01|2025-02-02|2025-02-03|2025-02-04|2025-02-05|2025-02-06|2025-02-07|2025-02-08|2025-02-09|2025-02-10,144
q3,S3,2025-02-12,0,highs-ipm,0.05831249999755528,1791.4915555492942,2.2737367544323206e-13,9.094947017729282e-13,20,2025-02-12 00:00,2025-02-12 00:00,2025-01-23|2025-01-24|2025-01-25|2025-01-26|2025-01-27|2025-01-28|2025-01-29|2025-01-30|2025-01-31|2025-02-01|2025-02-02|2025-02-03|2025-02-04|2025-02-05|2025-02-06|2025-02-07|2025-02-08|2025-02-09|2025-02-10|2025-02-11,144
q3,S3,2025-02-12,6,highs-ipm,0.07984625000244705,9545.857255559646,2.2737367544323206e-13,7.958078640513122e-13,20,2025-02-12 06:00,2025-02-12 06:00,2025-01-23|2025-01-24|2025-01-25|2025-01-26|2025-01-27|2025-01-28|2025-01-29|2025-01-30|2025-01-31|2025-02-01|2025-02-02|2025-02-03|2025-02-04|2025-02-05|2025-02-06|2025-02-07|2025-02-08|2025-02-09|2025-02-10|2025-02-11,144
q3,S3,2025-02-12,12,highs-ipm,0.07571470800030511,20939.51061215289,2.2737367544323206e-13,8.526512829121202e-13,20,2025-02-12 12:00,2025-02-12 12:00,2025-01-23|2025-01-24|2025-01-25|2025-01-26|2025-01-27|2025-01-28|2025-01-29|2025-01-30|2025-01-31|2025-02-01|2025-02-02|2025-02-03|2025-02-04|2025-02-05|2025-02-06|2025-02-07|2025-02-08|2025-02-09|2025-02-10|2025-02-11,144
q3,S3,2025-02-12,18,highs-ipm,0.06972262499766657,43130.67214845669,2.2737367544323206e-13,9.094947017729282e-13,20,2025-02-12 18:00,2025-02-12 18:00,2025-01-23|2025-01-24|2025-01-25|2025-01-26|2025-01-27|2025-01-28|2025-01-29|2025-01-30|2025-01-31|2025-02-01|2025-02-02|2025-02-03|2025-02-04|2025-02-05|2025-02-06|2025-02-07|2025-02-08|2025-02-09|2025-02-10|2025-02-11,144
q3,S3,2025-02-13,0,highs-ipm,0.05594033299712464,1578.0290003959542,1.1368683772161603e-13,8.384404281969182e-13,20,2025-02-13 00:00,2025-02-13 00:00,2025-01-24|2025-01-25|2025-01-26|2025-01-27|2025-01-28|2025-01-29|2025-01-30|2025-01-31|2025-02-01|2025-02-02|2025-02-03|2025-02-04|2025-02-05|2025-02-06|2025-02-07|2025-02-08|2025-02-09|2025-02-10|2025-02-11|2025-02-12,144
q3,S3,2025-02-13,6,highs-ipm,0.07383479199779686,7324.473892237881,1.1368683772161603e-13,7.958078640513122e-13,20,2025-02-13 06:00,2025-02-13 06:00,2025-01-24|2025-01-25|2025-01-26|2025-01-27|2025-01-28|2025-01-29|2025-01-30|2025-01-31|2025-02-01|2025-02-02|2025-02-03|2025-02-04|2025-02-05|2025-02-06|2025-02-07|2025-02-08|2025-02-09|2025-02-10|2025-02-11|2025-02-12,144
q3,S3,2025-02-13,12,highs-ipm,0.07480124999710824,11204.966680601441,1.1368683772161603e-13,9.094947017729282e-13,20,2025-02-13 12:00,2025-02-13 12:00,2025-01-24|2025-01-25|2025-01-26|2025-01-27|2025-01-28|2025-01-29|2025-01-30|2025-01-31|2025-02-01|2025-02-02|2025-02-03|2025-02-04|2025-02-05|2025-02-06|2025-02-07|2025-02-08|2025-02-09|2025-02-10|2025-02-11|2025-02-12,144
q3,S3,2025-02-13,18,highs-ipm,0.06652241699339356,14927.713832089672,5.684341886080802e-14,9.094947017729282e-13,20,2025-02-13 18:00,2025-02-13 18:00,2025-01-24|2025-01-25|2025-01-26|2025-01-27|2025-01-28|2025-01-29|2025-01-30|2025-01-31|2025-02-01|2025-02-02|2025-02-03|2025-02-04|2025-02-05|2025-02-06|2025-02-07|2025-02-08|2025-02-09|2025-02-10|2025-02-11|2025-02-12,144
q3,S3,2025-02-14,0,highs-ipm,0.06098866699903738,1255.227284814298,1.5631940186722204e-13,9.094947017729282e-13,20,2025-02-14 00:00,2025-02-14 00:00,2025-01-25|2025-01-26|2025-01-27|2025-01-28|2025-01-29|2025-01-30|2025-01-31|2025-02-01|2025-02-02|2025-02-03|2025-02-04|2025-02-05|2025-02-06|2025-02-07|2025-02-08|2025-02-09|2025-02-10|2025-02-11|2025-02-12|2025-02-13,144
q3,S3,2025-02-14,6,highs-ipm,0.0854310830036411,8632.987896326838,1.1368683772161603e-13,9.094947017729282e-13,20,2025-02-14 06:00,2025-02-14 06:00,2025-01-25|2025-01-26|2025-01-27|2025-01-28|2025-01-29|2025-01-30|2025-01-31|2025-02-01|2025-02-02|2025-02-03|2025-02-04|2025-02-05|2025-02-06|2025-02-07|2025-02-08|2025-02-09|2025-02-10|2025-02-11|2025-02-12|2025-02-13,144
q3,S3,2025-02-14,12,highs-ipm,0.0755272909955238,9669.1789619894,1.1368683772161603e-13,9.094947017729282e-13,20,2025-02-14 12:00,2025-02-14 12:00,2025-01-25|2025-01-26|2025-01-27|2025-01-28|2025-01-29|2025-01-30|2025-01-31|2025-02-01|2025-02-02|2025-02-03|2025-02-04|2025-02-05|2025-02-06|2025-02-07|2025-02-08|2025-02-09|2025-02-10|2025-02-11|2025-02-12|2025-02-13,144
q3,S3,2025-02-14,18,highs-ipm,0.06851583300158381,10285.22514314727,1.1368683772161603e-13,9.094947017729282e-13,20,2025-02-14 18:00,2025-02-14 18:00,2025-01-25|2025-01-26|2025-01-27|2025-01-28|2025-01-29|2025-01-30|2025-01-31|2025-02-01|2025-02-02|2025-02-03|2025-02-04|2025-02-05|2025-02-06|2025-02-07|2025-02-08|2025-02-09|2025-02-10|2025-02-11|2025-02-12|2025-02-13,144
q3,S3,2025-02-15,0,highs-ipm,0.06049549999443116,1268.1719873014904,1.1368683772161603e-13,9.094947017729282e-13,20,2025-02-15 00:00,2025-02-15 00:00,2025-01-26|2025-01-27|2025-01-28|2025-01-29|2025-01-30|2025-01-31|2025-02-01|2025-02-02|2025-02-03|2025-02-04|2025-02-05|2025-02-06|2025-02-07|2025-02-08|2025-02-09|2025-02-10|2025-02-11|2025-02-12|2025-02-13|2025-02-14,144
q3,S3,2025-02-15,6,highs-ipm,0.0917593330013915,10536.29652804491,5.684341886080802e-14,8.810729923425242e-13,20,2025-02-15 06:00,2025-02-15 06:00,2025-01-26|2025-01-27|2025-01-28|2025-01-29|2025-01-30|2025-01-31|2025-02-01|2025-02-02|2025-02-03|2025-02-04|2025-02-05|2025-02-06|2025-02-07|2025-02-08|2025-02-09|2025-02-10|2025-02-11|2025-02-12|2025-02-13|2025-02-14,144
q3,S3,2025-02-15,12,highs-ipm,0.08616825000353856,25139.208664610553,2.2737367544323206e-13,9.094947017729282e-13,20,2025-02-15 12:00,2025-02-15 12:00,2025-01-26|2025-01-27|2025-01-28|2025-01-29|2025-01-30|2025-01-31|2025-02-01|2025-02-02|2025-02-03|2025-02-04|2025-02-05|2025-02-06|2025-02-07|2025-02-08|2025-02-09|2025-02-10|2025-02-11|2025-02-12|2025-02-13|2025-02-14,144
q3,S3,2025-02-15,18,highs-ipm,0.0694459999940591,35913.3179106669,1.0231815394945443e-12,9.094947017729282e-13,20,2025-02-15 18:00,2025-02-15 18:00,2025-01-26|2025-01-27|2025-01-28|2025-01-29|2025-01-30|2025-01-31|2025-02-01|2025-02-02|2025-02-03|2025-02-04|2025-02-05|2025-02-06|2025-02-07|2025-02-08|2025-02-09|2025-02-10|2025-02-11|2025-02-12|2025-02-13|2025-02-14,144
q3,S3,2025-02-16,0,highs-ipm,0.0550832500011893,1807.9012015904023,2.2737367544323206e-13,9.094947017729282e-13,20,2025-02-16 00:00,2025-02-16 00:00,2025-01-27|2025-01-28|2025-01-29|2025-01-30|2025-01-31|2025-02-01|2025-02-02|2025-02-03|2025-02-04|2025-02-05|2025-02-06|2025-02-07|2025-02-08|2025-02-09|2025-02-10|2025-02-11|2025-02-12|2025-02-13|2025-02-14|2025-02-15,144
q3,S3,2025-02-16,6,highs-ipm,0.07519637499353848,8733.951799211347,1.1368683772161603e-13,9.094947017729282e-13,20,2025-02-16 06:00,2025-02-16 06:00,2025-01-27|2025-01-28|2025-01-29|2025-01-30|2025-01-31|2025-02-01|2025-02-02|2025-02-03|2025-02-04|2025-02-05|2025-02-06|2025-02-07|2025-02-08|2025-02-09|2025-02-10|2025-02-11|2025-02-12|2025-02-13|2025-02-14|2025-02-15,144
q3,S3,2025-02-16,12,highs-ipm,0.07312900000397349,21366.646731477198,1.1368683772161603e-13,9.094947017729282e-13,20,2025-02-16 12:00,2025-02-16 12:00,2025-01-27|2025-01-28|2025-01-29|2025-01-30|2025-01-31|2025-02-01|2025-02-02|2025-02-03|2025-02-04|2025-02-05|2025-02-06|2025-02-07|2025-02-08|2025-02-09|2025-02-10|2025-02-11|2025-02-12|2025-02-13|2025-02-14|2025-02-15,144
q3,S3,2025-02-16,18,highs-ipm,0.0708868750007241,32323.93017360007,1.1368683772161603e-13,9.094947017729282e-13,20,2025-02-16 18:00,2025-02-16 18:00,2025-01-27|2025-01-28|2025-01-29|2025-01-30|2025-01-31|2025-02-01|2025-02-02|2025-02-03|2025-02-04|2025-02-05|2025-02-06|2025-02-07|2025-02-08|2025-02-09|2025-02-10|2025-02-11|2025-02-12|2025-02-13|2025-02-14|2025-02-15,144
q3,S3,2025-02-17,0,highs-ipm,0.057391957998333964,1786.2015638574314,7.958078640513122e-13,9.094947017729282e-13,20,2025-02-17 00:00,2025-02-17 00:00,2025-01-28|2025-01-29|2025-01-30|2025-01-31|2025-02-01|2025-02-02|2025-02-03|2025-02-04|2025-02-05|2025-02-06|2025-02-07|2025-02-08|2025-02-09|2025-02-10|2025-02-11|2025-02-12|2025-02-13|2025-02-14|2025-02-15|2025-02-16,144
q3,S3,2025-02-17,6,highs-ipm,0.07580091699492186,8728.35634710726,1.1368683772161603e-13,9.663381206337363e-13,20,2025-02-17 06:00,2025-02-17 06:00,2025-01-28|2025-01-29|2025-01-30|2025-01-31|2025-02-01|2025-02-02|2025-02-03|2025-02-04|2025-02-05|2025-02-06|2025-02-07|2025-02-08|2025-02-09|2025-02-10|2025-02-11|2025-02-12|2025-02-13|2025-02-14|2025-02-15|2025-02-16,144
q3,S3,2025-02-17,12,highs-ipm,0.08113304199650884,18834.39848881553,1.1368683772161603e-13,9.094947017729282e-13,20,2025-02-17 12:00,2025-02-17 12:00,2025-01-28|2025-01-29|2025-01-30|2025-01-31|2025-02-01|2025-02-02|2025-02-03|2025-02-04|2025-02-05|2025-02-06|2025-02-07|2025-02-08|2025-02-09|2025-02-10|2025-02-11|2025-02-12|2025-02-13|2025-02-14|2025-02-15|2025-02-16,144
q3,S3,2025-02-17,18,highs-ipm,0.07126754199998686,31917.442828584513,5.684341886080802e-14,9.094947017729282e-13,20,2025-02-17 18:00,2025-02-17 18:00,2025-01-28|2025-01-29|2025-01-30|2025-01-31|2025-02-01|2025-02-02|2025-02-03|2025-02-04|2025-02-05|2025-02-06|2025-02-07|2025-02-08|2025-02-09|2025-02-10|2025-02-11|2025-02-12|2025-02-13|2025-02-14|2025-02-15|2025-02-16,144
q3,S3,2025-02-18,0,highs-ipm,0.058301833996665664,1793.6995580926468,2.2737367544323206e-13,9.094947017729282e-13,20,2025-02-18 00:00,2025-02-18 00:00,2025-01-29|2025-01-30|2025-01-31|2025-02-01|2025-02-02|2025-02-03|2025-02-04|2025-02-05|2025-02-06|2025-02-07|2025-02-08|2025-02-09|2025-02-10|2025-02-11|2025-02-12|2025-02-13|2025-02-14|2025-02-15|2025-02-16|2025-02-17,144
q3,S3,2025-02-18,6,highs-ipm,0.07467358400026569,11866.65714931828,2.2737367544323206e-13,8.668621376273222e-13,20,2025-02-18 06:00,2025-02-18 06:00,2025-01-29|2025-01-30|2025-01-31|2025-02-01|2025-02-02|2025-02-03|2025-02-04|2025-02-05|2025-02-06|2025-02-07|2025-02-08|2025-02-09|2025-02-10|2025-02-11|2025-02-12|2025-02-13|2025-02-14|2025-02-15|2025-02-16|2025-02-17,144
q3,S3,2025-02-18,12,highs-ipm,0.07699249999859603,27576.231782557046,2.2737367544323206e-13,9.094947017729282e-13,20,2025-02-18 12:00,2025-02-18 12:00,2025-01-29|2025-01-30|2025-01-31|2025-02-01|2025-02-02|2025-02-03|2025-02-04|2025-02-05|2025-02-06|2025-02-07|2025-02-08|2025-02-09|2025-02-10|2025-02-11|2025-02-12|2025-02-13|2025-02-14|2025-02-15|2025-02-16|2025-02-17,144
q3,S3,2025-02-18,18,highs-ipm,0.07010970800183713,34083.25015960633,4.547473508864641e-13,9.094947017729282e-13,20,2025-02-18 18:00,2025-02-18 18:00,2025-01-29|2025-01-30|2025-01-31|2025-02-01|2025-02-02|2025-02-03|2025-02-04|2025-02-05|2025-02-06|2025-02-07|2025-02-08|2025-02-09|2025-02-10|2025-02-11|2025-02-12|2025-02-13|2025-02-14|2025-02-15|2025-02-16|2025-02-17,144
q3,S3,2025-02-19,0,highs-ipm,0.06022966700402321,1899.8947412824407,1.1368683772161603e-13,9.094947017729282e-13,20,2025-02-19 00:00,2025-02-19 00:00,2025-01-30|2025-01-31|2025-02-01|2025-02-02|2025-02-03|2025-02-04|2025-02-05|2025-02-06|2025-02-07|2025-02-08|2025-02-09|2025-02-10|2025-02-11|2025-02-12|2025-02-13|2025-02-14|2025-02-15|2025-02-16|2025-02-17|2025-02-18,144
q3,S3,2025-02-19,6,highs-ipm,0.08170987499761395,11202.61546071557,2.2737367544323206e-13,9.094947017729282e-13,20,2025-02-19 06:00,2025-02-19 06:00,2025-01-30|2025-01-31|2025-02-01|2025-02-02|2025-02-03|2025-02-04|2025-02-05|2025-02-06|2025-02-07|2025-02-08|2025-02-09|2025-02-10|2025-02-11|2025-02-12|2025-02-13|2025-02-14|2025-02-15|2025-02-16|2025-02-17|2025-02-18,144
q3,S3,2025-02-19,12,highs-ipm,0.07585187500080792,20806.498590203137,2.2737367544323206e-13,9.094947017729282e-13,20,2025-02-19 12:00,2025-02-19 12:00,2025-01-30|2025-01-31|2025-02-01|2025-02-02|2025-02-03|2025-02-04|2025-02-05|2025-02-06|2025-02-07|2025-02-08|2025-02-09|2025-02-10|2025-02-11|2025-02-12|2025-02-13|2025-02-14|2025-02-15|2025-02-16|2025-02-17|2025-02-18,144
q3,S3,2025-02-19,18,highs-ipm,0.07091808300174307,30840.4026004799,0.0,9.094947017729282e-13,20,2025-02-19 18:00,2025-02-19 18:00,2025-01-30|2025-01-31|2025-02-01|2025-02-02|2025-02-03|2025-02-04|2025-02-05|2025-02-06|2025-02-07|2025-02-08|2025-02-09|2025-02-10|2025-02-11|2025-02-12|2025-02-13|2025-02-14|2025-02-15|2025-02-16|2025-02-17|2025-02-18,144
q3,S3,2025-02-20,0,highs-ipm,0.05709966699942015,1999.342475470714,1.1368683772161603e-13,9.094947017729282e-13,20,2025-02-20 00:00,2025-02-20 00:00,2025-01-31|2025-02-01|2025-02-02|2025-02-03|2025-02-04|2025-02-05|2025-02-06|2025-02-07|2025-02-08|2025-02-09|2025-02-10|2025-02-11|2025-02-12|2025-02-13|2025-02-14|2025-02-15|2025-02-16|2025-02-17|2025-02-18|2025-02-19,144
q3,S3,2025-02-20,6,highs-ipm,0.08035270800610306,9215.669578661116,3.410605131648481e-13,9.094947017729282e-13,20,2025-02-20 06:00,2025-02-20 06:00,2025-01-31|2025-02-01|2025-02-02|2025-02-03|2025-02-04|2025-02-05|2025-02-06|2025-02-07|2025-02-08|2025-02-09|2025-02-10|2025-02-11|2025-02-12|2025-02-13|2025-02-14|2025-02-15|2025-02-16|2025-02-17|2025-02-18|2025-02-19,144
q3,S3,2025-02-20,12,highs-ipm,0.07695120800053701,8550.822765235165,2.2737367544323206e-13,9.094947017729282e-13,20,2025-02-20 12:00,2025-02-20 12:00,2025-01-31|2025-02-01|2025-02-02|2025-02-03|2025-02-04|2025-02-05|2025-02-06|2025-02-07|2025-02-08|2025-02-09|2025-02-10|2025-02-11|2025-02-12|2025-02-13|2025-02-14|2025-02-15|2025-02-16|2025-02-17|2025-02-18|2025-02-19,144
q3,S3,2025-02-20,18,highs-ipm,0.07440870899881702,9404.087306411233,1.1368683772161603e-13,9.094947017729282e-13,20,2025-02-20 18:00,2025-02-20 18:00,2025-01-31|2025-02-01|2025-02-02|2025-02-03|2025-02-04|2025-02-05|2025-02-06|2025-02-07|2025-02-08|2025-02-09|2025-02-10|2025-02-11|2025-02-12|2025-02-13|2025-02-14|2025-02-15|2025-02-16|2025-02-17|2025-02-18|2025-02-19,144
q3,S3,2025-02-21,0,highs-ipm,0.0590375000028871,862.7345191745044,1.1368683772161603e-13,9.663381206337363e-13,20,2025-02-21 00:00,2025-02-21 00:00,2025-02-01|2025-02-02|2025-02-03|2025-02-04|2025-02-05|2025-02-06|2025-02-07|2025-02-08|2025-02-09|2025-02-10|2025-02-11|2025-02-12|2025-02-13|2025-02-14|2025-02-15|2025-02-16|2025-02-17|2025-02-18|2025-02-19|2025-02-20,144
q3,S3,2025-02-21,6,highs-ipm,0.07486487500136718,8247.432711885229,1.1368683772161603e-13,8.739675649849232e-13,20,2025-02-21 06:00,2025-02-21 06:00,2025-02-01|2025-02-02|2025-02-03|2025-02-04|2025-02-05|2025-02-06|2025-02-07|2025-02-08|2025-02-09|2025-02-10|2025-02-11|2025-02-12|2025-02-13|2025-02-14|2025-02-15|2025-02-16|2025-02-17|2025-02-18|2025-02-19|2025-02-20,144
q3,S3,2025-02-21,12,highs-ipm,0.08075979199929861,13267.741379563058,5.684341886080802e-14,9.094947017729282e-13,20,2025-02-21 12:00,2025-02-21 12:00,2025-02-01|2025-02-02|2025-02-03|2025-02-04|2025-02-05|2025-02-06|2025-02-07|2025-02-08|2025-02-09|2025-02-10|2025-02-11|2025-02-12|2025-02-13|2025-02-14|2025-02-15|2025-02-16|2025-02-17|2025-02-18|2025-02-19|2025-02-20,144
q3,S3,2025-02-21,18,highs-ipm,0.06529687500005821,11069.570400630466,6.252776074688882e-13,9.094947017729282e-13,20,2025-02-21 18:00,2025-02-21 18:00,2025-02-01|2025-02-02|2025-02-03|2025-02-04|2025-02-05|2025-02-06|2025-02-07|2025-02-08|2025-02-09|2025-02-10|2025-02-11|2025-02-12|2025-02-13|2025-02-14|2025-02-15|2025-02-16|2025-02-17|2025-02-18|2025-02-19|2025-02-20,144
q3,S3,2025-02-22,0,highs-ipm,0.05628124999930151,1206.6209218381332,1.1368683772161603e-13,7.389644451905042e-13,20,2025-02-22 00:00,2025-02-22 00:00,2025-02-02|2025-02-03|2025-02-04|2025-02-05|2025-02-06|2025-02-07|2025-02-08|2025-02-09|2025-02-10|2025-02-11|2025-02-12|2025-02-13|2025-02-14|2025-02-15|2025-02-16|2025-02-17|2025-02-18|2025-02-19|2025-02-20|2025-02-21,144
q3,S3,2025-02-22,6,highs-ipm,0.0719226669971249,11405.845496609469,1.1368683772161603e-13,8.242295734817162e-13,20,2025-02-22 06:00,2025-02-22 06:00,2025-02-02|2025-02-03|2025-02-04|2025-02-05|2025-02-06|2025-02-07|2025-02-08|2025-02-09|2025-02-10|2025-02-11|2025-02-12|2025-02-13|2025-02-14|2025-02-15|2025-02-16|2025-02-17|2025-02-18|2025-02-19|2025-02-20|2025-02-21,144
q3,S3,2025-02-22,12,highs-ipm,0.07583908300148323,20711.792437523847,2.2737367544323206e-13,9.094947017729282e-13,20,2025-02-22 12:00,2025-02-22 12:00,2025-02-02|2025-02-03|2025-02-04|2025-02-05|2025-02-06|2025-02-07|2025-02-08|2025-02-09|2025-02-10|2025-02-11|2025-02-12|2025-02-13|2025-02-14|2025-02-15|2025-02-16|2025-02-17|2025-02-18|2025-02-19|2025-02-20|2025-02-21,144
q3,S3,2025-02-22,18,highs-ipm,0.07053295899822842,36629.322819588364,6.252776074688882e-13,9.094947017729282e-13,20,2025-02-22 18:00,2025-02-22 18:00,2025-02-02|2025-02-03|2025-02-04|2025-02-05|2025-02-06|2025-02-07|2025-02-08|2025-02-09|2025-02-10|2025-02-11|2025-02-12|2025-02-13|2025-02-14|2025-02-15|2025-02-16|2025-02-17|2025-02-18|2025-02-19|2025-02-20|2025-02-21,144
q3,S3,2025-02-23,0,highs-ipm,0.08277533300133655,1880.999305105936,2.2737367544323206e-13,8.526512829121202e-13,20,2025-02-23 00:00,2025-02-23 00:00,2025-02-03|2025-02-04|2025-02-05|2025-02-06|2025-02-07|2025-02-08|2025-02-09|2025-02-10|2025-02-11|2025-02-12|2025-02-13|2025-02-14|2025-02-15|2025-02-16|2025-02-17|2025-02-18|2025-02-19|2025-02-20|2025-02-21|2025-02-22,144
q3,S3,2025-02-23,6,highs-ipm,0.08564850000402657,12403.039115564878,2.2737367544323206e-13,8.810729923425242e-13,20,2025-02-23 06:00,2025-02-23 06:00,2025-02-03|2025-02-04|2025-02-05|2025-02-06|2025-02-07|2025-02-08|2025-02-09|2025-02-10|2025-02-11|2025-02-12|2025-02-13|2025-02-14|2025-02-15|2025-02-16|2025-02-17|2025-02-18|2025-02-19|2025-02-20|2025-02-21|2025-02-22,144
q3,S3,2025-02-23,12,highs-ipm,0.07997866699588485,23448.057619230105,2.2737367544323206e-13,9.094947017729282e-13,20,2025-02-23 12:00,2025-02-23 12:00,2025-02-03|2025-02-04|2025-02-05|2025-02-06|2025-02-07|2025-02-08|2025-02-09|2025-02-10|2025-02-11|2025-02-12|2025-02-13|2025-02-14|2025-02-15|2025-02-16|2025-02-17|2025-02-18|2025-02-19|2025-02-20|2025-02-21|2025-02-22,144
q3,S3,2025-02-23,18,highs-ipm,0.08338683299371041,32306.700689528872,1.0231815394945443e-12,9.094947017729282e-13,20,2025-02-23 18:00,2025-02-23 18:00,2025-02-03|2025-02-04|2025-02-05|2025-02-06|2025-02-07|2025-02-08|2025-02-09|2025-02-10|2025-02-11|2025-02-12|2025-02-13|2025-02-14|2025-02-15|2025-02-16|2025-02-17|2025-02-18|2025-02-19|2025-02-20|2025-02-21|2025-02-22,144
q3,S3,2025-02-24,0,highs-ipm,0.06186737499956507,1580.2249975144284,4.547473508864641e-13,9.094947017729282e-13,20,2025-02-24 00:00,2025-02-24 00:00,2025-02-04|2025-02-05|2025-02-06|2025-02-07|2025-02-08|2025-02-09|2025-02-10|2025-02-11|2025-02-12|2025-02-13|2025-02-14|2025-02-15|2025-02-16|2025-02-17|2025-02-18|2025-02-19|2025-02-20|2025-02-21|2025-02-22|2025-02-23,144
q3,S3,2025-02-24,6,highs-ipm,0.0819826250008191,12049.189141655055,6.821210263296962e-13,9.094947017729282e-13,20,2025-02-24 06:00,2025-02-24 06:00,2025-02-04|2025-02-05|2025-02-06|2025-02-07|2025-02-08|2025-02-09|2025-02-10|2025-02-11|2025-02-12|2025-02-13|2025-02-14|2025-02-15|2025-02-16|2025-02-17|2025-02-18|2025-02-19|2025-02-20|2025-02-21|2025-02-22|2025-02-23,144
q3,S3,2025-02-24,12,highs-ipm,0.08633979099977296,19387.24504369741,6.821210263296962e-13,9.094947017729282e-13,20,2025-02-24 12:00,2025-02-24 12:00,2025-02-04|2025-02-05|2025-02-06|2025-02-07|2025-02-08|2025-02-09|2025-02-10|2025-02-11|2025-02-12|2025-02-13|2025-02-14|2025-02-15|2025-02-16|2025-02-17|2025-02-18|2025-02-19|2025-02-20|2025-02-21|2025-02-22|2025-02-23,144
q3,S3,2025-02-24,18,highs-ipm,0.07305404199723853,29686.9052949269,1.0231815394945443e-12,9.094947017729282e-13,20,2025-02-24 18:00,2025-02-24 18:00,2025-02-04|2025-02-05|2025-02-06|2025-02-07|2025-02-08|2025-02-09|2025-02-10|2025-02-11|2025-02-12|2025-02-13|2025-02-14|2025-02-15|2025-02-16|2025-02-17|2025-02-18|2025-02-19|2025-02-20|2025-02-21|2025-02-22|2025-02-23,144
q3,S3,2025-02-25,0,highs-ipm,0.06006570799945621,1714.4766583566459,2.2737367544323206e-13,7.958078640513122e-13,20,2025-02-25 00:00,2025-02-25 00:00,2025-02-05|2025-02-06|2025-02-07|2025-02-08|2025-02-09|2025-02-10|2025-02-11|2025-02-12|2025-02-13|2025-02-14|2025-02-15|2025-02-16|2025-02-17|2025-02-18|2025-02-19|2025-02-20|2025-02-21|2025-02-22|2025-02-23|2025-02-24,144
q3,S3,2025-02-25,6,highs-ipm,0.08265187500364846,10722.214143084753,1.1368683772161603e-13,9.094947017729282e-13,20,2025-02-25 06:00,2025-02-25 06:00,2025-02-05|2025-02-06|2025-02-07|2025-02-08|2025-02-09|2025-02-10|2025-02-11|2025-02-12|2025-02-13|2025-02-14|2025-02-15|2025-02-16|2025-02-17|2025-02-18|2025-02-19|2025-02-20|2025-02-21|2025-02-22|2025-02-23|2025-02-24,144
q3,S3,2025-02-25,12,highs-ipm,0.07999862500582822,19135.8426339871,2.2737367544323206e-13,9.094947017729282e-13,20,2025-02-25 12:00,2025-02-25 12:00,2025-02-05|2025-02-06|2025-02-07|2025-02-08|2025-02-09|2025-02-10|2025-02-11|2025-02-12|2025-02-13|2025-02-14|2025-02-15|2025-02-16|2025-02-17|2025-02-18|2025-02-19|2025-02-20|2025-02-21|2025-02-22|2025-02-23|2025-02-24,144
q3,S3,2025-02-25,18,highs-ipm,0.07125195799744688,30432.021769522842,1.1368683772161603e-13,9.094947017729282e-13,20,2025-02-25 18:00,2025-02-25 18:00,2025-02-05|2025-02-06|2025-02-07|2025-02-08|2025-02-09|2025-02-10|2025-02-11|2025-02-12|2025-02-13|2025-02-14|2025-02-15|2025-02-16|2025-02-17|2025-02-18|2025-02-19|2025-02-20|2025-02-21|2025-02-22|2025-02-23|2025-02-24,144
q3,S3,2025-02-26,0,highs-ipm,0.06057229200087022,1708.2934916930906,2.8421709430404007e-13,8.633094239485217e-13,20,2025-02-26 00:00,2025-02-26 00:00,2025-02-06|2025-02-07|2025-02-08|2025-02-09|2025-02-10|2025-02-11|2025-02-12|2025-02-13|2025-02-14|2025-02-15|2025-02-16|2025-02-17|2025-02-18|2025-02-19|2025-02-20|2025-02-21|2025-02-22|2025-02-23|2025-02-24|2025-02-25,144
q3,S3,2025-02-26,6,highs-ipm,0.09207037500164006,12766.255297206462,2.2737367544323206e-13,8.988365607365267e-13,20,2025-02-26 06:00,2025-02-26 06:00,2025-02-06|2025-02-07|2025-02-08|2025-02-09|2025-02-10|2025-02-11|2025-02-12|2025-02-13|2025-02-14|2025-02-15|2025-02-16|2025-02-17|2025-02-18|2025-02-19|2025-02-20|2025-02-21|2025-02-22|2025-02-23|2025-02-24|2025-02-25,144
q3,S3,2025-02-26,12,highs-ipm,0.09467574999871431,31461.378686908178,2.2737367544323206e-13,9.094947017729282e-13,20,2025-02-26 12:00,2025-02-26 12:00,2025-02-06|2025-02-07|2025-02-08|2025-02-09|2025-02-10|2025-02-11|2025-02-12|2025-02-13|2025-02-14|2025-02-15|2025-02-16|2025-02-17|2025-02-18|2025-02-19|2025-02-20|2025-02-21|2025-02-22|2025-02-23|2025-02-24|2025-02-25,144
q3,S3,2025-02-26,18,highs-ipm,0.1383146250009304,36950.24074944941,2.2737367544323206e-13,9.094947017729282e-13,20,2025-02-26 18:00,2025-02-26 18:00,2025-02-06|2025-02-07|2025-02-08|2025-02-09|2025-02-10|2025-02-11|2025-02-12|2025-02-13|2025-02-14|2025-02-15|2025-02-16|2025-02-17|2025-02-18|2025-02-19|2025-02-20|2025-02-21|2025-02-22|2025-02-23|2025-02-24|2025-02-25,144
q3,S3,2025-02-27,0,highs-ipm,0.2186851669976022,1650.5090619276157,2.2737367544323206e-13,9.094947017729282e-13,20,2025-02-27 00:00,2025-02-27 00:00,2025-02-07|2025-02-08|2025-02-09|2025-02-10|2025-02-11|2025-02-12|2025-02-13|2025-02-14|2025-02-15|2025-02-16|2025-02-17|2025-02-18|2025-02-19|2025-02-20|2025-02-21|2025-02-22|2025-02-23|2025-02-24|2025-02-25|2025-02-26,144
q3,S3,2025-02-27,6,highs-ipm,0.08419812500505941,8930.136665417875,2.2737367544323206e-13,9.094947017729282e-13,20,2025-02-27 06:00,2025-02-27 06:00,2025-02-07|2025-02-08|2025-02-09|2025-02-10|2025-02-11|2025-02-12|2025-02-13|2025-02-14|2025-02-15|2025-02-16|2025-02-17|2025-02-18|2025-02-19|2025-02-20|2025-02-21|2025-02-22|2025-02-23|2025-02-24|2025-02-25|2025-02-26,144
q3,S3,2025-02-27,12,highs-ipm,0.0775623750014347,9003.133150359516,2.2737367544323206e-13,9.094947017729282e-13,20,2025-02-27 12:00,2025-02-27 12:00,2025-02-07|2025-02-08|2025-02-09|2025-02-10|2025-02-11|2025-02-12|2025-02-13|2025-02-14|2025-02-15|2025-02-16|2025-02-17|2025-02-18|2025-02-19|2025-02-20|2025-02-21|2025-02-22|2025-02-23|2025-02-24|2025-02-25|2025-02-26,144
q3,S3,2025-02-27,18,highs-ipm,0.0770208329995512,9520.803401565512,2.2737367544323206e-13,8.810729923425242e-13,20,2025-02-27 18:00,2025-02-27 18:00,2025-02-07|2025-02-08|2025-02-09|2025-02-10|2025-02-11|2025-02-12|2025-02-13|2025-02-14|2025-02-15|2025-02-16|2025-02-17|2025-02-18|2025-02-19|2025-02-20|2025-02-21|2025-02-22|2025-02-23|2025-02-24|2025-02-25|2025-02-26,144
q3,S3,2025-02-28,0,highs-ipm,0.0682903749984689,590.8327128534424,1.1368683772161603e-13,9.094947017729282e-13,20,2025-02-28 00:00,2025-02-28 00:00,2025-02-08|2025-02-09|2025-02-10|2025-02-11|2025-02-12|2025-02-13|2025-02-14|2025-02-15|2025-02-16|2025-02-17|2025-02-18|2025-02-19|2025-02-20|2025-02-21|2025-02-22|2025-02-23|2025-02-24|2025-02-25|2025-02-26|2025-02-27,144
q3,S3,2025-02-28,6,highs-ipm,0.08149504200264346,8108.851166181724,1.1368683772161603e-13,8.739675649849232e-13,20,2025-02-28 06:00,2025-02-28 06:00,2025-02-08|2025-02-09|2025-02-10|2025-02-11|2025-02-12|2025-02-13|2025-02-14|2025-02-15|2025-02-16|2025-02-17|2025-02-18|2025-02-19|2025-02-20|2025-02-21|2025-02-22|2025-02-23|2025-02-24|2025-02-25|2025-02-26|2025-02-27,144
q3,S3,2025-02-28,12,highs-ipm,0.08313649999763584,9747.324085286382,1.1368683772161603e-13,9.094947017729282e-13,20,2025-02-28 12:00,2025-02-28 12:00,2025-02-08|2025-02-09|2025-02-10|2025-02-11|2025-02-12|2025-02-13|2025-02-14|2025-02-15|2025-02-16|2025-02-17|2025-02-18|2025-02-19|2025-02-20|2025-02-21|2025-02-22|2025-02-23|2025-02-24|2025-02-25|2025-02-26|2025-02-27,144
q3,S3,2025-02-28,18,highs-ipm,0.0698201670020353,12188.01669711926,5.115907697472721e-13,9.094947017729282e-13,20,2025-02-28 18:00,2025-02-28 18:00,2025-02-08|2025-02-09|2025-02-10|2025-02-11|2025-02-12|2025-02-13|2025-02-14|2025-02-15|2025-02-16|2025-02-17|2025-02-18|2025-02-19|2025-02-20|2025-02-21|2025-02-22|2025-02-23|2025-02-24|2025-02-25|2025-02-26|2025-02-27,144
q3,S3,2025-03-01,0,highs-ipm,0.06509370900312206,1210.437984859732,1.1368683772161603e-13,9.094947017729282e-13,20,2025-03-01 00:00,2025-03-01 00:00,2025-02-09|2025-02-10|2025-02-11|2025-02-12|2025-02-13|2025-02-14|2025-02-15|2025-02-16|2025-02-17|2025-02-18|2025-02-19|2025-02-20|2025-02-21|2025-02-22|2025-02-23|2025-02-24|2025-02-25|2025-02-26|2025-02-27|2025-02-28,144
q3,S3,2025-03-01,6,highs-ipm,0.08753945799981011,10160.919085322386,1.1368683772161603e-13,9.094947017729282e-13,20,2025-03-01 06:00,2025-03-01 06:00,2025-02-09|2025-02-10|2025-02-11|2025-02-12|2025-02-13|2025-02-14|2025-02-15|2025-02-16|2025-02-17|2025-02-18|2025-02-19|2025-02-20|2025-02-21|2025-02-22|2025-02-23|2025-02-24|2025-02-25|2025-02-26|2025-02-27|2025-02-28,144
q3,S3,2025-03-01,12,highs-ipm,0.09077383299882058,17005.344414871288,1.1368683772161603e-13,9.094947017729282e-13,20,2025-03-01 12:00,2025-03-01 12:00,2025-02-09|2025-02-10|2025-02-11|2025-02-12|2025-02-13|2025-02-14|2025-02-15|2025-02-16|2025-02-17|2025-02-18|2025-02-19|2025-02-20|2025-02-21|2025-02-22|2025-02-23|2025-02-24|2025-02-25|2025-02-26|2025-02-27|2025-02-28,144
q3,S3,2025-03-01,18,highs-ipm,0.07240520799678052,31333.616610817386,2.2737367544323206e-13,8.810729923425242e-13,20,2025-03-01 18:00,2025-03-01 18:00,2025-02-09|2025-02-10|2025-02-11|2025-02-12|2025-02-13|2025-02-14|2025-02-15|2025-02-16|2025-02-17|2025-02-18|2025-02-19|2025-02-20|2025-02-21|2025-02-22|2025-02-23|2025-02-24|2025-02-25|2025-02-26|2025-02-27|2025-02-28,144
q3,S3,2025-03-02,0,highs-ipm,0.06136104199686088,1750.6471143729266,1.1368683772161603e-12,9.094947017729282e-13,20,2025-03-02 00:00,2025-03-02 00:00,2025-02-10|2025-02-11|2025-02-12|2025-02-13|2025-02-14|2025-02-15|2025-02-16|2025-02-17|2025-02-18|2025-02-19|2025-02-20|2025-02-21|2025-02-22|2025-02-23|2025-02-24|2025-02-25|2025-02-26|2025-02-27|2025-02-28|2025-03-01,144
q3,S3,2025-03-02,6,highs-ipm,0.07743204100552248,12761.926359064508,2.2737367544323206e-13,8.597567102697212e-13,20,2025-03-02 06:00,2025-03-02 06:00,2025-02-10|2025-02-11|2025-02-12|2025-02-13|2025-02-14|2025-02-15|2025-02-16|2025-02-17|2025-02-18|2025-02-19|2025-02-20|2025-02-21|2025-02-22|2025-02-23|2025-02-24|2025-02-25|2025-02-26|2025-02-27|2025-02-28|2025-03-01,144
q3,S3,2025-03-02,12,highs-ipm,0.0752485830016667,28024.785396894444,2.2737367544323206e-13,8.526512829121202e-13,20,2025-03-02 12:00,2025-03-02 12:00,2025-02-10|2025-02-11|2025-02-12|2025-02-13|2025-02-14|2025-02-15|2025-02-16|2025-02-17|2025-02-18|2025-02-19|2025-02-20|2025-02-21|2025-02-22|2025-02-23|2025-02-24|2025-02-25|2025-02-26|2025-02-27|2025-02-28|2025-03-01,144
q3,S3,2025-03-02,18,highs-ipm,0.0724253750013304,35428.71957251431,1.1368683772161603e-13,7.958078640513122e-13,20,2025-03-02 18:00,2025-03-02 18:00,2025-02-10|2025-02-11|2025-02-12|2025-02-13|2025-02-14|2025-02-15|2025-02-16|2025-02-17|2025-02-18|2025-02-19|2025-02-20|2025-02-21|2025-02-22|2025-02-23|2025-02-24|2025-02-25|2025-02-26|2025-02-27|2025-02-28|2025-03-01,144
q3,S3,2025-03-03,0,highs-ipm,0.06057366700406419,1760.4405797812005,3.410605131648481e-13,8.242295734817162e-13,20,2025-03-03 00:00,2025-03-03 00:00,2025-02-11|2025-02-12|2025-02-13|2025-02-14|2025-02-15|2025-02-16|2025-02-17|2025-02-18|2025-02-19|2025-02-20|2025-02-21|2025-02-22|2025-02-23|2025-02-24|2025-02-25|2025-02-26|2025-02-27|2025-02-28|2025-03-01|2025-03-02,144
q3,S3,2025-03-03,6,highs-ipm,0.07685429199773353,10226.097969167658,2.2737367544323206e-13,9.094947017729282e-13,20,2025-03-03 06:00,2025-03-03 06:00,2025-02-11|2025-02-12|2025-02-13|2025-02-14|2025-02-15|2025-02-16|2025-02-17|2025-02-18|2025-02-19|2025-02-20|2025-02-21|2025-02-22|2025-02-23|2025-02-24|2025-02-25|2025-02-26|2025-02-27|2025-02-28|2025-03-01|2025-03-02,144
q3,S3,2025-03-03,12,highs-ipm,0.07804729200142901,25429.7618974305,2.2737367544323206e-13,9.094947017729282e-13,20,2025-03-03 12:00,2025-03-03 12:00,2025-02-11|2025-02-12|2025-02-13|2025-02-14|2025-02-15|2025-02-16|2025-02-17|2025-02-18|2025-02-19|2025-02-20|2025-02-21|2025-02-22|2025-02-23|2025-02-24|2025-02-25|2025-02-26|2025-02-27|2025-02-28|2025-03-01|2025-03-02,144
q3,S3,2025-03-03,18,highs-ipm,0.07430283400026383,32525.40589577423,2.842170943040401e-14,9.094947017729282e-13,20,2025-03-03 18:00,2025-03-03 18:00,2025-02-11|2025-02-12|2025-02-13|2025-02-14|2025-02-15|2025-02-16|2025-02-17|2025-02-18|2025-02-19|2025-02-20|2025-02-21|2025-02-22|2025-02-23|2025-02-24|2025-02-25|2025-02-26|2025-02-27|2025-02-28|2025-03-01|2025-03-02,144
q3,S3,2025-03-04,0,highs-ipm,0.06150308299402241,1890.1856692292445,6.821210263296962e-13,9.094947017729282e-13,20,2025-03-04 00:00,2025-03-04 00:00,2025-02-12|2025-02-13|2025-02-14|2025-02-15|2025-02-16|2025-02-17|2025-02-18|2025-02-19|2025-02-20|2025-02-21|2025-02-22|2025-02-23|2025-02-24|2025-02-25|2025-02-26|2025-02-27|2025-02-28|2025-03-01|2025-03-02|2025-03-03,144
q3,S3,2025-03-04,6,highs-ipm,0.07722600000124658,12922.323985495408,2.2737367544323206e-13,8.668621376273222e-13,20,2025-03-04 06:00,2025-03-04 06:00,2025-02-12|2025-02-13|2025-02-14|2025-02-15|2025-02-16|2025-02-17|2025-02-18|2025-02-19|2025-02-20|2025-02-21|2025-02-22|2025-02-23|2025-02-24|2025-02-25|2025-02-26|2025-02-27|2025-02-28|2025-03-01|2025-03-02|2025-03-03,144
q3,S3,2025-03-04,12,highs-ipm,0.07753745900117792,19657.127081229366,1.1368683772161603e-13,9.094947017729282e-13,20,2025-03-04 12:00,2025-03-04 12:00,2025-02-12|2025-02-13|2025-02-14|2025-02-15|2025-02-16|2025-02-17|2025-02-18|2025-02-19|2025-02-20|2025-02-21|2025-02-22|2025-02-23|2025-02-24|2025-02-25|2025-02-26|2025-02-27|2025-02-28|2025-03-01|2025-03-02|2025-03-03,144
q3,S3,2025-03-04,18,highs-ipm,0.07117133300198475,35416.708536704165,2.2737367544323206e-13,9.094947017729282e-13,20,2025-03-04 18:00,2025-03-04 18:00,2025-02-12|2025-02-13|2025-02-14|2025-02-15|2025-02-16|2025-02-17|2025-02-18|2025-02-19|2025-02-20|2025-02-21|2025-02-22|2025-02-23|2025-02-24|2025-02-25|2025-02-26|2025-02-27|2025-02-28|2025-03-01|2025-03-02|2025-03-03,144
q3,S3,2025-03-05,0,highs-ipm,0.05790516699926229,1796.870629073855,2.2737367544323206e-13,9.094947017729282e-13,20,2025-03-05 00:00,2025-03-05 00:00,2025-02-13|2025-02-14|2025-02-15|2025-02-16|2025-02-17|2025-02-18|2025-02-19|2025-02-20|2025-02-21|2025-02-22|2025-02-23|2025-02-24|2025-02-25|2025-02-26|2025-02-27|2025-02-28|2025-03-01|2025-03-02|2025-03-03|2025-03-04,144
q3,S3,2025-03-05,6,highs-ipm,0.07887004200165393,10344.327532179808,2.2737367544323206e-13,8.810729923425242e-13,20,2025-03-05 06:00,2025-03-05 06:00,2025-02-13|2025-02-14|2025-02-15|2025-02-16|2025-02-17|2025-02-18|2025-02-19|2025-02-20|2025-02-21|2025-02-22|2025-02-23|2025-02-24|2025-02-25|2025-02-26|2025-02-27|2025-02-28|2025-03-01|2025-03-02|2025-03-03|2025-03-04,144
q3,S3,2025-03-05,12,highs-ipm,0.07692166599736083,21947.53283921479,1.1368683772161603e-13,9.094947017729282e-13,20,2025-03-05 12:00,2025-03-05 12:00,2025-02-13|2025-02-14|2025-02-15|2025-02-16|2025-02-17|2025-02-18|2025-02-19|2025-02-20|2025-02-21|2025-02-22|2025-02-23|2025-02-24|2025-02-25|2025-02-26|2025-02-27|2025-02-28|2025-03-01|2025-03-02|2025-03-03|2025-03-04,144
q3,S3,2025-03-05,18,highs-ipm,0.0727164999989327,33676.11970897017,0.0,9.094947017729282e-13,20,2025-03-05 18:00,2025-03-05 18:00,2025-02-13|2025-02-14|2025-02-15|2025-02-16|2025-02-17|2025-02-18|2025-02-19|2025-02-20|2025-02-21|2025-02-22|2025-02-23|2025-02-24|2025-02-25|2025-02-26|2025-02-27|2025-02-28|2025-03-01|2025-03-02|2025-03-03|2025-03-04,144
q3,S3,2025-03-06,0,highs-ipm,0.061398707999615,1690.6276255707564,1.1368683772161603e-13,9.094947017729282e-13,20,2025-03-06 00:00,2025-03-06 00:00,2025-02-14|2025-02-15|2025-02-16|2025-02-17|2025-02-18|2025-02-19|2025-02-20|2025-02-21|2025-02-22|2025-02-23|2025-02-24|2025-02-25|2025-02-26|2025-02-27|2025-02-28|2025-03-01|2025-03-02|2025-03-03|2025-03-04|2025-03-05,144
q3,S3,2025-03-06,6,highs-ipm,0.08056474999466445,8663.336679862912,2.2737367544323206e-13,9.094947017729282e-13,20,2025-03-06 06:00,2025-03-06 06:00,2025-02-14|2025-02-15|2025-02-16|2025-02-17|2025-02-18|2025-02-19|2025-02-20|2025-02-21|2025-02-22|2025-02-23|2025-02-24|2025-02-25|2025-02-26|2025-02-27|2025-02-28|2025-03-01|2025-03-02|2025-03-03|2025-03-04|2025-03-05,144
q3,S3,2025-03-06,12,highs-ipm,0.08342629200342344,7637.804770921527,1.1368683772161603e-13,9.094947017729282e-13,20,2025-03-06 12:00,2025-03-06 12:00,2025-02-14|2025-02-15|2025-02-16|2025-02-17|2025-02-18|2025-02-19|2025-02-20|2025-02-21|2025-02-22|2025-02-23|2025-02-24|2025-02-25|2025-02-26|2025-02-27|2025-02-28|2025-03-01|2025-03-02|2025-03-03|2025-03-04|2025-03-05,144
q3,S3,2025-03-06,18,highs-ipm,0.07245041699934518,9751.649700353448,2.2737367544323206e-13,9.094947017729282e-13,20,2025-03-06 18:00,2025-03-06 18:00,2025-02-14|2025-02-15|2025-02-16|2025-02-17|2025-02-18|2025-02-19|2025-02-20|2025-02-21|2025-02-22|2025-02-23|2025-02-24|2025-02-25|2025-02-26|2025-02-27|2025-02-28|2025-03-01|2025-03-02|2025-03-03|2025-03-04|2025-03-05,144
q3,S3,2025-03-07,0,highs-ipm,0.06199712499801535,1320.5175855705977,3.1885605267234496e-13,9.094947017729282e-13,20,2025-03-07 00:00,2025-03-07 00:00,2025-02-15|2025-02-16|2025-02-17|2025-02-18|2025-02-19|2025-02-20|2025-02-21|2025-02-22|2025-02-23|2025-02-24|2025-02-25|2025-02-26|2025-02-27|2025-02-28|2025-03-01|2025-03-02|2025-03-03|2025-03-04|2025-03-05|2025-03-06,144
q3,S3,2025-03-07,6,highs-ipm,0.08835337500204332,7336.053601104582,1.1368683772161603e-13,9.094947017729282e-13,20,2025-03-07 06:00,2025-03-07 06:00,2025-02-15|2025-02-16|2025-02-17|2025-02-18|2025-02-19|2025-02-20|2025-02-21|2025-02-22|2025-02-23|2025-02-24|2025-02-25|2025-02-26|2025-02-27|2025-02-28|2025-03-01|2025-03-02|2025-03-03|2025-03-04|2025-03-05|2025-03-06,144
q3,S3,2025-03-07,12,highs-ipm,0.07909729200036963,11713.52126488312,5.684341886080802e-14,9.094947017729282e-13,20,2025-03-07 12:00,2025-03-07 12:00,2025-02-15|2025-02-16|2025-02-17|2025-02-18|2025-02-19|2025-02-20|2025-02-21|2025-02-22|2025-02-23|2025-02-24|2025-02-25|2025-02-26|2025-02-27|2025-02-28|2025-03-01|2025-03-02|2025-03-03|2025-03-04|2025-03-05|2025-03-06,144
q3,S3,2025-03-07,18,highs-ipm,0.07762374999583699,7365.18067450744,1.1368683772161603e-13,9.094947017729282e-13,20,2025-03-07 18:00,2025-03-07 18:00,2025-02-15|2025-02-16|2025-02-17|2025-02-18|2025-02-19|2025-02-20|2025-02-21|2025-02-22|2025-02-23|2025-02-24|2025-02-25|2025-02-26|2025-02-27|2025-02-28|2025-03-01|2025-03-02|2025-03-03|2025-03-04|2025-03-05|2025-03-06,144
q3,S3,2025-03-08,0,highs-ipm,0.06574516700493405,701.3556498367944,2.2737367544323206e-13,9.094947017729282e-13,20,2025-03-08 00:00,2025-03-08 00:00,2025-02-16|2025-02-17|2025-02-18|2025-02-19|2025-02-20|2025-02-21|2025-02-22|2025-02-23|2025-02-24|2025-02-25|2025-02-26|2025-02-27|2025-02-28|2025-03-01|2025-03-02|2025-03-03|2025-03-04|2025-03-05|2025-03-06|2025-03-07,144
q3,S3,2025-03-08,6,highs-ipm,0.08690466699772514,10514.297584092315,2.2737367544323206e-13,9.094947017729282e-13,20,2025-03-08 06:00,2025-03-08 06:00,2025-02-16|2025-02-17|2025-02-18|2025-02-19|2025-02-20|2025-02-21|2025-02-22|2025-02-23|2025-02-24|2025-02-25|2025-02-26|2025-02-27|2025-02-28|2025-03-01|2025-03-02|2025-03-03|2025-03-04|2025-03-05|2025-03-06|2025-03-07,144
q3,S3,2025-03-08,12,highs-ipm,0.07944116600265261,21535.258655263744,2.2737367544323206e-13,9.094947017729282e-13,20,2025-03-08 12:00,2025-03-08 12:00,2025-02-16|2025-02-17|2025-02-18|2025-02-19|2025-02-20|2025-02-21|2025-02-22|2025-02-23|2025-02-24|2025-02-25|2025-02-26|2025-02-27|2025-02-28|2025-03-01|2025-03-02|2025-03-03|2025-03-04|2025-03-05|2025-03-06|2025-03-07,144
q3,S3,2025-03-08,18,highs-ipm,0.06720874999882653,26236.526838651054,2.2737367544323206e-13,9.094947017729282e-13,20,2025-03-08 18:00,2025-03-08 18:00,2025-02-16|2025-02-17|2025-02-18|2025-02-19|2025-02-20|2025-02-21|2025-02-22|2025-02-23|2025-02-24|2025-02-25|2025-02-26|2025-02-27|2025-02-28|2025-03-01|2025-03-02|2025-03-03|2025-03-04|2025-03-05|2025-03-06|2025-03-07,144
q3,S3,2025-03-09,0,highs-ipm,0.0551886250032112,1847.9742394709333,2.2737367544323206e-13,7.958078640513122e-13,20,2025-03-09 00:00,2025-03-09 00:00,2025-02-17|2025-02-18|2025-02-19|2025-02-20|2025-02-21|2025-02-22|2025-02-23|2025-02-24|2025-02-25|2025-02-26|2025-02-27|2025-02-28|2025-03-01|2025-03-02|2025-03-03|2025-03-04|2025-03-05|2025-03-06|2025-03-07|2025-03-08,144
q3,S3,2025-03-09,6,highs-ipm,0.08267404200159945,8285.064858035004,2.2737367544323206e-13,8.952838470577262e-13,20,2025-03-09 06:00,2025-03-09 06:00,2025-02-17|2025-02-18|2025-02-19|2025-02-20|2025-02-21|2025-02-22|2025-02-23|2025-02-24|2025-02-25|2025-02-26|2025-02-27|2025-02-28|2025-03-01|2025-03-02|2025-03-03|2025-03-04|2025-03-05|2025-03-06|2025-03-07|2025-03-08,144
q3,S3,2025-03-09,12,highs-ipm,0.08104250000178581,22103.692642966133,2.2737367544323206e-13,9.094947017729282e-13,20,2025-03-09 12:00,2025-03-09 12:00,2025-02-17|2025-02-18|2025-02-19|2025-02-20|2025-02-21|2025-02-22|2025-02-23|2025-02-24|2025-02-25|2025-02-26|2025-02-27|2025-02-28|2025-03-01|2025-03-02|2025-03-03|2025-03-04|2025-03-05|2025-03-06|2025-03-07|2025-03-08,144
q3,S3,2025-03-09,18,highs-ipm,0.06820320800034096,43652.90189057518,2.2737367544323206e-13,9.094947017729282e-13,20,2025-03-09 18:00,2025-03-09 18:00,2025-02-17|2025-02-18|2025-02-19|2025-02-20|2025-02-21|2025-02-22|2025-02-23|2025-02-24|2025-02-25|2025-02-26|2025-02-27|2025-02-28|2025-03-01|2025-03-02|2025-03-03|2025-03-04|2025-03-05|2025-03-06|2025-03-07|2025-03-08,144
q3,S3,2025-03-10,0,highs-ipm,0.057372625000425614,1828.273192644841,2.2737367544323206e-13,9.094947017729282e-13,20,2025-03-10 00:00,2025-03-10 00:00,2025-02-18|2025-02-19|2025-02-20|2025-02-21|2025-02-22|2025-02-23|2025-02-24|2025-02-25|2025-02-26|2025-02-27|2025-02-28|2025-03-01|2025-03-02|2025-03-03|2025-03-04|2025-03-05|2025-03-06|2025-03-07|2025-03-08|2025-03-09,144
q3,S3,2025-03-10,6,highs-ipm,0.07408445799956098,11875.780742771172,2.2737367544323206e-13,9.094947017729282e-13,20,2025-03-10 06:00,2025-03-10 06:00,2025-02-18|2025-02-19|2025-02-20|2025-02-21|2025-02-22|2025-02-23|2025-02-24|2025-02-25|2025-02-26|2025-02-27|2025-02-28|2025-03-01|2025-03-02|2025-03-03|2025-03-04|2025-03-05|2025-03-06|2025-03-07|2025-03-08|2025-03-09,144
q3,S3,2025-03-10,12,highs-ipm,0.07379979200050002,18458.663520809347,1.1368683772161603e-13,8.206768598029157e-13,20,2025-03-10 12:00,2025-03-10 12:00,2025-02-18|2025-02-19|2025-02-20|2025-02-21|2025-02-22|2025-02-23|2025-02-24|2025-02-25|2025-02-26|2025-02-27|2025-02-28|2025-03-01|2025-03-02|2025-03-03|2025-03-04|2025-03-05|2025-03-06|2025-03-07|2025-03-08|2025-03-09,144
q3,S3,2025-03-10,18,highs-ipm,0.07050308299949393,41345.75938951869,2.2737367544323206e-13,7.958078640513122e-13,20,2025-03-10 18:00,2025-03-10 18:00,2025-02-18|2025-02-19|2025-02-20|2025-02-21|2025-02-22|2025-02-23|2025-02-24|2025-02-25|2025-02-26|2025-02-27|2025-02-28|2025-03-01|2025-03-02|2025-03-03|2025-03-04|2025-03-05|2025-03-06|2025-03-07|2025-03-08|2025-03-09,144
q3,S3,2025-03-11,0,highs-ipm,0.06077737499435898,1705.7626902754532,1.1368683772161603e-13,9.094947017729282e-13,20,2025-03-11 00:00,2025-03-11 00:00,2025-02-19|2025-02-20|2025-02-21|2025-02-22|2025-02-23|2025-02-24|2025-02-25|2025-02-26|2025-02-27|2025-02-28|2025-03-01|2025-03-02|2025-03-03|2025-03-04|2025-03-05|2025-03-06|2025-03-07|2025-03-08|2025-03-09|2025-03-10,144
q3,S3,2025-03-11,6,highs-ipm,0.07927804099745117,18372.45133277381,1.1368683772161603e-13,1.0231815394945443e-12,20,2025-03-11 06:00,2025-03-11 06:00,2025-02-19|2025-02-20|2025-02-21|2025-02-22|2025-02-23|2025-02-24|2025-02-25|2025-02-26|2025-02-27|2025-02-28|2025-03-01|2025-03-02|2025-03-03|2025-03-04|2025-03-05|2025-03-06|2025-03-07|2025-03-08|2025-03-09|2025-03-10,144
q3,S3,2025-03-11,12,highs-ipm,0.07482325000455603,19503.474351166933,1.1368683772161603e-13,9.094947017729282e-13,20,2025-03-11 12:00,2025-03-11 12:00,2025-02-19|2025-02-20|2025-02-21|2025-02-22|2025-02-23|2025-02-24|2025-02-25|2025-02-26|2025-02-27|2025-02-28|2025-03-01|2025-03-02|2025-03-03|2025-03-04|2025-03-05|2025-03-06|2025-03-07|2025-03-08|2025-03-09|2025-03-10,144
q3,S3,2025-03-11,18,highs-ipm,0.07177075000072364,28936.400134482956,0.0,9.094947017729282e-13,20,2025-03-11 18:00,2025-03-11 18:00,2025-02-19|2025-02-20|2025-02-21|2025-02-22|2025-02-23|2025-02-24|2025-02-25|2025-02-26|2025-02-27|2025-02-28|2025-03-01|2025-03-02|2025-03-03|2025-03-04|2025-03-05|2025-03-06|2025-03-07|2025-03-08|2025-03-09|2025-03-10,144
q3,S3,2025-03-12,0,highs-ipm,0.058886667000479065,2228.704725573359,1.1368683772161603e-13,9.094947017729282e-13,20,2025-03-12 00:00,2025-03-12 00:00,2025-02-20|2025-02-21|2025-02-22|2025-02-23|2025-02-24|2025-02-25|2025-02-26|2025-02-27|2025-02-28|2025-03-01|2025-03-02|2025-03-03|2025-03-04|2025-03-05|2025-03-06|2025-03-07|2025-03-08|2025-03-09|2025-03-10|2025-03-11,144
q3,S3,2025-03-12,6,highs-ipm,0.07804562499950407,8271.621377951435,1.1368683772161603e-13,8.810729923425242e-13,20,2025-03-12 06:00,2025-03-12 06:00,2025-02-20|2025-02-21|2025-02-22|2025-02-23|2025-02-24|2025-02-25|2025-02-26|2025-02-27|2025-02-28|2025-03-01|2025-03-02|2025-03-03|2025-03-04|2025-03-05|2025-03-06|2025-03-07|2025-03-08|2025-03-09|2025-03-10|2025-03-11,144
q3,S3,2025-03-12,12,highs-ipm,0.07604512500256533,17245.741229004678,1.1368683772161603e-13,9.094947017729282e-13,20,2025-03-12 12:00,2025-03-12 12:00,2025-02-20|2025-02-21|2025-02-22|2025-02-23|2025-02-24|2025-02-25|2025-02-26|2025-02-27|2025-02-28|2025-03-01|2025-03-02|2025-03-03|2025-03-04|2025-03-05|2025-03-06|2025-03-07|2025-03-08|2025-03-09|2025-03-10|2025-03-11,144
q3,S3,2025-03-12,18,highs-ipm,0.07168724999792175,38833.7082740808,2.2737367544323206e-13,9.094947017729282e-13,20,2025-03-12 18:00,2025-03-12 18:00,2025-02-20|2025-02-21|2025-02-22|2025-02-23|2025-02-24|2025-02-25|2025-02-26|2025-02-27|2025-02-28|2025-03-01|2025-03-02|2025-03-03|2025-03-04|2025-03-05|2025-03-06|2025-03-07|2025-03-08|2025-03-09|2025-03-10|2025-03-11,144
q3,S3,2025-03-13,0,highs-ipm,0.06389541699900292,2107.9764383474676,7.673861546209082e-13,8.526512829121202e-13,20,2025-03-13 00:00,2025-03-13 00:00,2025-02-21|2025-02-22|2025-02-23|2025-02-24|2025-02-25|2025-02-26|2025-02-27|2025-02-28|2025-03-01|2025-03-02|2025-03-03|2025-03-04|2025-03-05|2025-03-06|2025-03-07|2025-03-08|2025-03-09|2025-03-10|2025-03-11|2025-03-12,144
q3,S3,2025-03-13,6,highs-ipm,0.07915779200266115,8990.267112668287,1.1368683772161603e-13,8.752998326144734e-13,20,2025-03-13 06:00,2025-03-13 06:00,2025-02-21|2025-02-22|2025-02-23|2025-02-24|2025-02-25|2025-02-26|2025-02-27|2025-02-28|2025-03-01|2025-03-02|2025-03-03|2025-03-04|2025-03-05|2025-03-06|2025-03-07|2025-03-08|2025-03-09|2025-03-10|2025-03-11|2025-03-12,144
q3,S3,2025-03-13,12,highs-ipm,0.0781818329996895,11436.066507349893,1.1368683772161603e-13,9.094947017729282e-13,20,2025-03-13 12:00,2025-03-13 12:00,2025-02-21|2025-02-22|2025-02-23|2025-02-24|2025-02-25|2025-02-26|2025-02-27|2025-02-28|2025-03-01|2025-03-02|2025-03-03|2025-03-04|2025-03-05|2025-03-06|2025-03-07|2025-03-08|2025-03-09|2025-03-10|2025-03-11|2025-03-12,144
q3,S3,2025-03-13,18,highs-ipm,0.07739175000460818,8113.980192475476,1.1368683772161603e-13,8.242295734817162e-13,20,2025-03-13 18:00,2025-03-13 18:00,2025-02-21|2025-02-22|2025-02-23|2025-02-24|2025-02-25|2025-02-26|2025-02-27|2025-02-28|2025-03-01|2025-03-02|2025-03-03|2025-03-04|2025-03-05|2025-03-06|2025-03-07|2025-03-08|2025-03-09|2025-03-10|2025-03-11|2025-03-12,144
q3,S3,2025-03-14,0,highs-ipm,0.066306667002209,763.4893153874506,2.2737367544323206e-13,6.821210263296962e-13,20,2025-03-14 00:00,2025-03-14 00:00,2025-02-22|2025-02-23|2025-02-24|2025-02-25|2025-02-26|2025-02-27|2025-02-28|2025-03-01|2025-03-02|2025-03-03|2025-03-04|2025-03-05|2025-03-06|2025-03-07|2025-03-08|2025-03-09|2025-03-10|2025-03-11|2025-03-12|2025-03-13,144
q3,S3,2025-03-14,6,highs-ipm,0.07855495900003007,8150.761478182734,2.2737367544323206e-13,8.526512829121202e-13,20,2025-03-14 06:00,2025-03-14 06:00,2025-02-22|2025-02-23|2025-02-24|2025-02-25|2025-02-26|2025-02-27|2025-02-28|2025-03-01|2025-03-02|2025-03-03|2025-03-04|2025-03-05|2025-03-06|2025-03-07|2025-03-08|2025-03-09|2025-03-10|2025-03-11|2025-03-12|2025-03-13,144
q3,S3,2025-03-14,12,highs-ipm,0.08198604200151749,7486.872416002602,2.2737367544323206e-13,8.952838470577262e-13,20,2025-03-14 12:00,2025-03-14 12:00,2025-02-22|2025-02-23|2025-02-24|2025-02-25|2025-02-26|2025-02-27|2025-02-28|2025-03-01|2025-03-02|2025-03-03|2025-03-04|2025-03-05|2025-03-06|2025-03-07|2025-03-08|2025-03-09|2025-03-10|2025-03-11|2025-03-12|2025-03-13,144
q3,S3,2025-03-14,18,highs-ipm,0.07155154199426761,8652.788744936757,2.2737367544323206e-13,9.094947017729282e-13,20,2025-03-14 18:00,2025-03-14 18:00,2025-02-22|2025-02-23|2025-02-24|2025-02-25|2025-02-26|2025-02-27|2025-02-28|2025-03-01|2025-03-02|2025-03-03|2025-03-04|2025-03-05|2025-03-06|2025-03-07|2025-03-08|2025-03-09|2025-03-10|2025-03-11|2025-03-12|2025-03-13,144
q3,S3,2025-03-15,0,highs-ipm,0.05823708300158614,1209.9795220709764,1.1368683772161603e-13,8.668621376273222e-13,20,2025-03-15 00:00,2025-03-15 00:00,2025-02-23|2025-02-24|2025-02-25|2025-02-26|2025-02-27|2025-02-28|2025-03-01|2025-03-02|2025-03-03|2025-03-04|2025-03-05|2025-03-06|2025-03-07|2025-03-08|2025-03-09|2025-03-10|2025-03-11|2025-03-12|2025-03-13|2025-03-14,144
q3,S3,2025-03-15,6,highs-ipm,0.0692645419985638,11889.172882543058,1.1368683772161603e-13,8.242295734817162e-13,20,2025-03-15 06:00,2025-03-15 06:00,2025-02-23|2025-02-24|2025-02-25|2025-02-26|2025-02-27|2025-02-28|2025-03-01|2025-03-02|2025-03-03|2025-03-04|2025-03-05|2025-03-06|2025-03-07|2025-03-08|2025-03-09|2025-03-10|2025-03-11|2025-03-12|2025-03-13|2025-03-14,144
q3,S3,2025-03-15,12,highs-ipm,0.07831662499665981,18015.92928098233,5.684341886080802e-14,9.094947017729282e-13,20,2025-03-15 12:00,2025-03-15 12:00,2025-02-23|2025-02-24|2025-02-25|2025-02-26|2025-02-27|2025-02-28|2025-03-01|2025-03-02|2025-03-03|2025-03-04|2025-03-05|2025-03-06|2025-03-07|2025-03-08|2025-03-09|2025-03-10|2025-03-11|2025-03-12|2025-03-13|2025-03-14,144
q3,S3,2025-03-15,18,highs-ipm,0.06939237500046147,26596.326160335087,1.1368683772161603e-13,9.094947017729282e-13,20,2025-03-15 18:00,2025-03-15 18:00,2025-02-23|2025-02-24|2025-02-25|2025-02-26|2025-02-27|2025-02-28|2025-03-01|2025-03-02|2025-03-03|2025-03-04|2025-03-05|2025-03-06|2025-03-07|2025-03-08|2025-03-09|2025-03-10|2025-03-11|2025-03-12|2025-03-13|2025-03-14,144
q3,S3,2025-03-16,0,highs-ipm,0.05880970799626084,2330.2969989075445,3.410605131648481e-13,9.094947017729282e-13,20,2025-03-16 00:00,2025-03-16 00:00,2025-02-24|2025-02-25|2025-02-26|2025-02-27|2025-02-28|2025-03-01|2025-03-02|2025-03-03|2025-03-04|2025-03-05|2025-03-06|2025-03-07|2025-03-08|2025-03-09|2025-03-10|2025-03-11|2025-03-12|2025-03-13|2025-03-14|2025-03-15,144
q3,S3,2025-03-16,6,highs-ipm,0.07578408299741568,12552.712576823946,2.2737367544323206e-13,9.094947017729282e-13,20,2025-03-16 06:00,2025-03-16 06:00,2025-02-24|2025-02-25|2025-02-26|2025-02-27|2025-02-28|2025-03-01|2025-03-02|2025-03-03|2025-03-04|2025-03-05|2025-03-06|2025-03-07|2025-03-08|2025-03-09|2025-03-10|2025-03-11|2025-03-12|2025-03-13|2025-03-14|2025-03-15,144
q3,S3,2025-03-16,12,highs-ipm,0.07411241600493668,15961.05529966027,2.2737367544323206e-13,9.094947017729282e-13,20,2025-03-16 12:00,2025-03-16 12:00,2025-02-24|2025-02-25|2025-02-26|2025-02-27|2025-02-28|2025-03-01|2025-03-02|2025-03-03|2025-03-04|2025-03-05|2025-03-06|2025-03-07|2025-03-08|2025-03-09|2025-03-10|2025-03-11|2025-03-12|2025-03-13|2025-03-14|2025-03-15,144
q3,S3,2025-03-16,18,highs-ipm,0.06931662499846425,25392.54410516382,2.2737367544323206e-13,8.384404281969182e-13,20,2025-03-16 18:00,2025-03-16 18:00,2025-02-24|2025-02-25|2025-02-26|2025-02-27|2025-02-28|2025-03-01|2025-03-02|2025-03-03|2025-03-04|2025-03-05|2025-03-06|2025-03-07|2025-03-08|2025-03-09|2025-03-10|2025-03-11|2025-03-12|2025-03-13|2025-03-14|2025-03-15,144
q3,S3,2025-03-17,0,highs-ipm,0.06563070899574086,2380.4055682158723,1.1368683772161603e-13,8.526512829121202e-13,20,2025-03-17 00:00,2025-03-17 00:00,2025-02-25|2025-02-26|2025-02-27|2025-02-28|2025-03-01|2025-03-02|2025-03-03|2025-03-04|2025-03-05|2025-03-06|2025-03-07|2025-03-08|2025-03-09|2025-03-10|2025-03-11|2025-03-12|2025-03-13|2025-03-14|2025-03-15|2025-03-16,144
q3,S3,2025-03-17,6,highs-ipm,0.07670329199754633,9327.024090931,1.1368683772161603e-13,9.094947017729282e-13,20,2025-03-17 06:00,2025-03-17 06:00,2025-02-25|2025-02-26|2025-02-27|2025-02-28|2025-03-01|2025-03-02|2025-03-03|2025-03-04|2025-03-05|2025-03-06|2025-03-07|2025-03-08|2025-03-09|2025-03-10|2025-03-11|2025-03-12|2025-03-13|2025-03-14|2025-03-15|2025-03-16,144
q3,S3,2025-03-17,12,highs-ipm,0.07760033400700195,24664.474803040477,1.1368683772161603e-13,8.881784197001252e-13,20,2025-03-17 12:00,2025-03-17 12:00,2025-02-25|2025-02-26|2025-02-27|2025-02-28|2025-03-01|2025-03-02|2025-03-03|2025-03-04|2025-03-05|2025-03-06|2025-03-07|2025-03-08|2025-03-09|2025-03-10|2025-03-11|2025-03-12|2025-03-13|2025-03-14|2025-03-15|2025-03-16,144
q3,S3,2025-03-17,18,highs-ipm,0.07037329200102249,25361.592484060177,2.842170943040401e-14,9.094947017729282e-13,20,2025-03-17 18:00,2025-03-17 18:00,2025-02-25|2025-02-26|2025-02-27|2025-02-28|2025-03-01|2025-03-02|2025-03-03|2025-03-04|2025-03-05|2025-03-06|2025-03-07|2025-03-08|2025-03-09|2025-03-10|2025-03-11|2025-03-12|2025-03-13|2025-03-14|2025-03-15|2025-03-16,144
q3,S3,2025-03-18,0,highs-ipm,0.05701891599892406,2493.941299942943,1.1368683772161603e-13,8.526512829121202e-13,20,2025-03-18 00:00,2025-03-18 00:00,2025-02-26|2025-02-27|2025-02-28|2025-03-01|2025-03-02|2025-03-03|2025-03-04|2025-03-05|2025-03-06|2025-03-07|2025-03-08|2025-03-09|2025-03-10|2025-03-11|2025-03-12|2025-03-13|2025-03-14|2025-03-15|2025-03-16|2025-03-17,144
q3,S3,2025-03-18,6,highs-ipm,0.07943983300356194,10016.702952915064,2.2737367544323206e-13,9.094947017729282e-13,20,2025-03-18 06:00,2025-03-18 06:00,2025-02-26|2025-02-27|2025-02-28|2025-03-01|2025-03-02|2025-03-03|2025-03-04|2025-03-05|2025-03-06|2025-03-07|2025-03-08|2025-03-09|2025-03-10|2025-03-11|2025-03-12|2025-03-13|2025-03-14|2025-03-15|2025-03-16|2025-03-17,144
q3,S3,2025-03-18,12,highs-ipm,0.0808995000043069,17272.92120109155,1.1368683772161603e-13,7.958078640513122e-13,20,2025-03-18 12:00,2025-03-18 12:00,2025-02-26|2025-02-27|2025-02-28|2025-03-01|2025-03-02|2025-03-03|2025-03-04|2025-03-05|2025-03-06|2025-03-07|2025-03-08|2025-03-09|2025-03-10|2025-03-11|2025-03-12|2025-03-13|2025-03-14|2025-03-15|2025-03-16|2025-03-17,144
q3,S3,2025-03-18,18,highs-ipm,0.07382362500356976,24241.536428508967,1.1368683772161603e-13,9.094947017729282e-13,20,2025-03-18 18:00,2025-03-18 18:00,2025-02-26|2025-02-27|2025-02-28|2025-03-01|2025-03-02|2025-03-03|2025-03-04|2025-03-05|2025-03-06|2025-03-07|2025-03-08|2025-03-09|2025-03-10|2025-03-11|2025-03-12|2025-03-13|2025-03-14|2025-03-15|2025-03-16|2025-03-17,144
q3,S3,2025-03-19,0,highs-ipm,0.06641687500086846,2287.5825791395227,3.907985046680551e-13,8.526512829121202e-13,20,2025-03-19 00:00,2025-03-19 00:00,2025-02-27|2025-02-28|2025-03-01|2025-03-02|2025-03-03|2025-03-04|2025-03-05|2025-03-06|2025-03-07|2025-03-08|2025-03-09|2025-03-10|2025-03-11|2025-03-12|2025-03-13|2025-03-14|2025-03-15|2025-03-16|2025-03-17|2025-03-18,144
q3,S3,2025-03-19,6,highs-ipm,0.08878212499985239,16194.059014403312,1.1368683772161603e-13,1.0231815394945443e-12,20,2025-03-19 06:00,2025-03-19 06:00,2025-02-27|2025-02-28|2025-03-01|2025-03-02|2025-03-03|2025-03-04|2025-03-05|2025-03-06|2025-03-07|2025-03-08|2025-03-09|2025-03-10|2025-03-11|2025-03-12|2025-03-13|2025-03-14|2025-03-15|2025-03-16|2025-03-17|2025-03-18,144
q3,S3,2025-03-19,12,highs-ipm,0.07360933299787575,18737.929238030287,2.2737367544323206e-13,9.094947017729282e-13,20,2025-03-19 12:00,2025-03-19 12:00,2025-02-27|2025-02-28|2025-03-01|2025-03-02|2025-03-03|2025-03-04|2025-03-05|2025-03-06|2025-03-07|2025-03-08|2025-03-09|2025-03-10|2025-03-11|2025-03-12|2025-03-13|2025-03-14|2025-03-15|2025-03-16|2025-03-17|2025-03-18,144
q3,S3,2025-03-19,18,highs-ipm,0.07351975000347011,25848.47247087889,2.149391775674303e-13,9.094947017729282e-13,20,2025-03-19 18:00,2025-03-19 18:00,2025-02-27|2025-02-28|2025-03-01|2025-03-02|2025-03-03|2025-03-04|2025-03-05|2025-03-06|2025-03-07|2025-03-08|2025-03-09|2025-03-10|2025-03-11|2025-03-12|2025-03-13|2025-03-14|2025-03-15|2025-03-16|2025-03-17|2025-03-18,144
q3,S3,2025-03-20,0,highs-ipm,0.060869250002724584,2306.194887595866,2.1600499167107046e-12,9.663381206337363e-13,20,2025-03-20 00:00,2025-03-20 00:00,2025-02-28|2025-03-01|2025-03-02|2025-03-03|2025-03-04|2025-03-05|2025-03-06|2025-03-07|2025-03-08|2025-03-09|2025-03-10|2025-03-11|2025-03-12|2025-03-13|2025-03-14|2025-03-15|2025-03-16|2025-03-17|2025-03-18|2025-03-19,144
q3,S3,2025-03-20,6,highs-ipm,0.0808527090048301,6688.623409206586,1.1368683772161603e-13,9.094947017729282e-13,20,2025-03-20 06:00,2025-03-20 06:00,2025-02-28|2025-03-01|2025-03-02|2025-03-03|2025-03-04|2025-03-05|2025-03-06|2025-03-07|2025-03-08|2025-03-09|2025-03-10|2025-03-11|2025-03-12|2025-03-13|2025-03-14|2025-03-15|2025-03-16|2025-03-17|2025-03-18|2025-03-19,144
q3,S3,2025-03-20,12,highs-ipm,0.07639399999607122,8461.309091753676,7.958078640513122e-13,9.094947017729282e-13,20,2025-03-20 12:00,2025-03-20 12:00,2025-02-28|2025-03-01|2025-03-02|2025-03-03|2025-03-04|2025-03-05|2025-03-06|2025-03-07|2025-03-08|2025-03-09|2025-03-10|2025-03-11|2025-03-12|2025-03-13|2025-03-14|2025-03-15|2025-03-16|2025-03-17|2025-03-18|2025-03-19,144
q3,S3,2025-03-20,18,highs-ipm,0.08766545900289202,6852.9864268527,7.958078640513122e-13,9.094947017729282e-13,20,2025-03-20 18:00,2025-03-20 18:00,2025-02-28|2025-03-01|2025-03-02|2025-03-03|2025-03-04|2025-03-05|2025-03-06|2025-03-07|2025-03-08|2025-03-09|2025-03-10|2025-03-11|2025-03-12|2025-03-13|2025-03-14|2025-03-15|2025-03-16|2025-03-17|2025-03-18|2025-03-19,144
q3,S3,2025-03-21,0,highs-ipm,0.06921337499807123,742.7997898705903,1.1368683772161603e-13,9.094947017729282e-13,20,2025-03-21 00:00,2025-03-21 00:00,2025-03-01|2025-03-02|2025-03-03|2025-03-04|2025-03-05|2025-03-06|2025-03-07|2025-03-08|2025-03-09|2025-03-10|2025-03-11|2025-03-12|2025-03-13|2025-03-14|2025-03-15|2025-03-16|2025-03-17|2025-03-18|2025-03-19|2025-03-20,144
q3,S3,2025-03-21,6,highs-ipm,0.08364379100385122,7542.858946099968,5.684341886080802e-14,9.094947017729282e-13,20,2025-03-21 06:00,2025-03-21 06:00,2025-03-01|2025-03-02|2025-03-03|2025-03-04|2025-03-05|2025-03-06|2025-03-07|2025-03-08|2025-03-09|2025-03-10|2025-03-11|2025-03-12|2025-03-13|2025-03-14|2025-03-15|2025-03-16|2025-03-17|2025-03-18|2025-03-19|2025-03-20,144
q3,S3,2025-03-21,12,highs-ipm,0.07674016700184438,6932.244689430549,2.2737367544323206e-13,9.094947017729282e-13,20,2025-03-21 12:00,2025-03-21 12:00,2025-03-01|2025-03-02|2025-03-03|2025-03-04|2025-03-05|2025-03-06|2025-03-07|2025-03-08|2025-03-09|2025-03-10|2025-03-11|2025-03-12|2025-03-13|2025-03-14|2025-03-15|2025-03-16|2025-03-17|2025-03-18|2025-03-19|2025-03-20,144
q3,S3,2025-03-21,18,highs-ipm,0.07519716599927051,6384.900808220877,5.684341886080802e-14,9.094947017729282e-13,20,2025-03-21 18:00,2025-03-21 18:00,2025-03-01|2025-03-02|2025-03-03|2025-03-04|2025-03-05|2025-03-06|2025-03-07|2025-03-08|2025-03-09|2025-03-10|2025-03-11|2025-03-12|2025-03-13|2025-03-14|2025-03-15|2025-03-16|2025-03-17|2025-03-18|2025-03-19|2025-03-20,144
q3,S3,2025-03-22,0,highs-ipm,0.0662522920029005,762.4110087016758,1.1368683772161603e-13,8.810729923425242e-13,20,2025-03-22 00:00,2025-03-22 00:00,2025-03-02|2025-03-03|2025-03-04|2025-03-05|2025-03-06|2025-03-07|2025-03-08|2025-03-09|2025-03-10|2025-03-11|2025-03-12|2025-03-13|2025-03-14|2025-03-15|2025-03-16|2025-03-17|2025-03-18|2025-03-19|2025-03-20|2025-03-21,144
q3,S3,2025-03-22,6,highs-ipm,0.0829135420062812,10090.343322358443,2.2737367544323206e-13,7.958078640513122e-13,20,2025-03-22 06:00,2025-03-22 06:00,2025-03-02|2025-03-03|2025-03-04|2025-03-05|2025-03-06|2025-03-07|2025-03-08|2025-03-09|2025-03-10|2025-03-11|2025-03-12|2025-03-13|2025-03-14|2025-03-15|2025-03-16|2025-03-17|2025-03-18|2025-03-19|2025-03-20|2025-03-21,144
q3,S3,2025-03-22,12,highs-ipm,0.08649920899915742,18611.35974479105,2.2737367544323206e-13,9.094947017729282e-13,20,2025-03-22 12:00,2025-03-22 12:00,2025-03-02|2025-03-03|2025-03-04|2025-03-05|2025-03-06|2025-03-07|2025-03-08|2025-03-09|2025-03-10|2025-03-11|2025-03-12|2025-03-13|2025-03-14|2025-03-15|2025-03-16|2025-03-17|2025-03-18|2025-03-19|2025-03-20|2025-03-21,144
q3,S3,2025-03-22,18,highs-ipm,0.07627912500174716,31918.28626091451,7.958078640513122e-13,9.094947017729282e-13,20,2025-03-22 18:00,2025-03-22 18:00,2025-03-02|2025-03-03|2025-03-04|2025-03-05|2025-03-06|2025-03-07|2025-03-08|2025-03-09|2025-03-10|2025-03-11|2025-03-12|2025-03-13|2025-03-14|2025-03-15|2025-03-16|2025-03-17|2025-03-18|2025-03-19|2025-03-20|2025-03-21,144
q3,S3,2025-03-23,0,highs-ipm,0.06332329099677736,2281.113500652188,1.7053025658242404e-13,9.094947017729282e-13,20,2025-03-23 00:00,2025-03-23 00:00,2025-03-03|2025-03-04|2025-03-05|2025-03-06|2025-03-07|2025-03-08|2025-03-09|2025-03-10|2025-03-11|2025-03-12|2025-03-13|2025-03-14|2025-03-15|2025-03-16|2025-03-17|2025-03-18|2025-03-19|2025-03-20|2025-03-21|2025-03-22,144
q3,S3,2025-03-23,6,highs-ipm,0.07454795800003922,9632.881336805622,1.1368683772161603e-13,9.094947017729282e-13,20,2025-03-23 06:00,2025-03-23 06:00,2025-03-03|2025-03-04|2025-03-05|2025-03-06|2025-03-07|2025-03-08|2025-03-09|2025-03-10|2025-03-11|2025-03-12|2025-03-13|2025-03-14|2025-03-15|2025-03-16|2025-03-17|2025-03-18|2025-03-19|2025-03-20|2025-03-21|2025-03-22,144
q3,S3,2025-03-23,12,highs-ipm,0.07649441700050374,19734.894087252003,7.105427357601002e-15,9.094947017729282e-13,20,2025-03-23 12:00,2025-03-23 12:00,2025-03-03|2025-03-04|2025-03-05|2025-03-06|2025-03-07|2025-03-08|2025-03-09|2025-03-10|2025-03-11|2025-03-12|2025-03-13|2025-03-14|2025-03-15|2025-03-16|2025-03-17|2025-03-18|2025-03-19|2025-03-20|2025-03-21|2025-03-22,144
q3,S3,2025-03-23,18,highs-ipm,0.07191383299505105,29059.148279678295,1.1368683772161603e-13,9.094947017729282e-13,20,2025-03-23 18:00,2025-03-23 18:00,2025-03-03|2025-03-04|2025-03-05|2025-03-06|2025-03-07|2025-03-08|2025-03-09|2025-03-10|2025-03-11|2025-03-12|2025-03-13|2025-03-14|2025-03-15|2025-03-16|2025-03-17|2025-03-18|2025-03-19|2025-03-20|2025-03-21|2025-03-22,144
q3,S3,2025-03-24,0,highs-ipm,0.06603254199580988,2190.027192984917,2.2737367544323206e-13,9.094947017729282e-13,20,2025-03-24 00:00,2025-03-24 00:00,2025-03-04|2025-03-05|2025-03-06|2025-03-07|2025-03-08|2025-03-09|2025-03-10|2025-03-11|2025-03-12|2025-03-13|2025-03-14|2025-03-15|2025-03-16|2025-03-17|2025-03-18|2025-03-19|2025-03-20|2025-03-21|2025-03-22|2025-03-23,144
q3,S3,2025-03-24,6,highs-ipm,0.08153916699666297,11136.568643693465,1.1368683772161603e-13,8.189005029635155e-13,20,2025-03-24 06:00,2025-03-24 06:00,2025-03-04|2025-03-05|2025-03-06|2025-03-07|2025-03-08|2025-03-09|2025-03-10|2025-03-11|2025-03-12|2025-03-13|2025-03-14|2025-03-15|2025-03-16|2025-03-17|2025-03-18|2025-03-19|2025-03-20|2025-03-21|2025-03-22|2025-03-23,144
q3,S3,2025-03-24,12,highs-ipm,0.07813529200211633,21932.765506566822,2.2737367544323206e-13,8.810729923425242e-13,20,2025-03-24 12:00,2025-03-24 12:00,2025-03-04|2025-03-05|2025-03-06|2025-03-07|2025-03-08|2025-03-09|2025-03-10|2025-03-11|2025-03-12|2025-03-13|2025-03-14|2025-03-15|2025-03-16|2025-03-17|2025-03-18|2025-03-19|2025-03-20|2025-03-21|2025-03-22|2025-03-23,144
q3,S3,2025-03-24,18,highs-ipm,0.07134262500039767,30653.970228569066,1.1368683772161603e-13,9.094947017729282e-13,20,2025-03-24 18:00,2025-03-24 18:00,2025-03-04|2025-03-05|2025-03-06|2025-03-07|2025-03-08|2025-03-09|2025-03-10|2025-03-11|2025-03-12|2025-03-13|2025-03-14|2025-03-15|2025-03-16|2025-03-17|2025-03-18|2025-03-19|2025-03-20|2025-03-21|2025-03-22|2025-03-23,144
q3,S3,2025-03-25,0,highs-ipm,0.05971204199886415,2340.9669581830867,2.504663143554353e-13,9.094947017729282e-13,20,2025-03-25 00:00,2025-03-25 00:00,2025-03-05|2025-03-06|2025-03-07|2025-03-08|2025-03-09|2025-03-10|2025-03-11|2025-03-12|2025-03-13|2025-03-14|2025-03-15|2025-03-16|2025-03-17|2025-03-18|2025-03-19|2025-03-20|2025-03-21|2025-03-22|2025-03-23|2025-03-24,144
q3,S3,2025-03-25,6,highs-ipm,0.07382004099781625,7621.552960380927,1.1368683772161603e-13,8.526512829121202e-13,20,2025-03-25 06:00,2025-03-25 06:00,2025-03-05|2025-03-06|2025-03-07|2025-03-08|2025-03-09|2025-03-10|2025-03-11|2025-03-12|2025-03-13|2025-03-14|2025-03-15|2025-03-16|2025-03-17|2025-03-18|2025-03-19|2025-03-20|2025-03-21|2025-03-22|2025-03-23|2025-03-24,144
q3,S3,2025-03-25,12,highs-ipm,0.07652766699902713,13791.141284990712,1.1368683772161603e-13,8.810729923425242e-13,20,2025-03-25 12:00,2025-03-25 12:00,2025-03-05|2025-03-06|2025-03-07|2025-03-08|2025-03-09|2025-03-10|2025-03-11|2025-03-12|2025-03-13|2025-03-14|2025-03-15|2025-03-16|2025-03-17|2025-03-18|2025-03-19|2025-03-20|2025-03-21|2025-03-22|2025-03-23|2025-03-24,144
q3,S3,2025-03-25,18,highs-ipm,0.07013462499890011,21260.814665872986,1.2505552149377763e-12,8.668621376273222e-13,20,2025-03-25 18:00,2025-03-25 18:00,2025-03-05|2025-03-06|2025-03-07|2025-03-08|2025-03-09|2025-03-10|2025-03-11|2025-03-12|2025-03-13|2025-03-14|2025-03-15|2025-03-16|2025-03-17|2025-03-18|2025-03-19|2025-03-20|2025-03-21|2025-03-22|2025-03-23|2025-03-24,144
q3,S3,2025-03-26,0,highs-ipm,0.06307112500508083,1857.9878846095671,2.2737367544323206e-13,9.094947017729282e-13,20,2025-03-26 00:00,2025-03-26 00:00,2025-03-06|2025-03-07|2025-03-08|2025-03-09|2025-03-10|2025-03-11|2025-03-12|2025-03-13|2025-03-14|2025-03-15|2025-03-16|2025-03-17|2025-03-18|2025-03-19|2025-03-20|2025-03-21|2025-03-22|2025-03-23|2025-03-24|2025-03-25,144
q3,S3,2025-03-26,6,highs-ipm,0.0764476670010481,11331.474989462202,2.2737367544323206e-13,9.094947017729282e-13,20,2025-03-26 06:00,2025-03-26 06:00,2025-03-06|2025-03-07|2025-03-08|2025-03-09|2025-03-10|2025-03-11|2025-03-12|2025-03-13|2025-03-14|2025-03-15|2025-03-16|2025-03-17|2025-03-18|2025-03-19|2025-03-20|2025-03-21|2025-03-22|2025-03-23|2025-03-24|2025-03-25,144
q3,S3,2025-03-26,12,highs-ipm,0.07877858299616491,14042.761417388401,2.2737367544323206e-13,9.094947017729282e-13,20,2025-03-26 12:00,2025-03-26 12:00,2025-03-06|2025-03-07|2025-03-08|2025-03-09|2025-03-10|2025-03-11|2025-03-12|2025-03-13|2025-03-14|2025-03-15|2025-03-16|2025-03-17|2025-03-18|2025-03-19|2025-03-20|2025-03-21|2025-03-22|2025-03-23|2025-03-24|2025-03-25,144
q3,S3,2025-03-26,18,highs-ipm,0.06999058299697936,25218.95260541533,2.2737367544323206e-13,9.094947017729282e-13,20,2025-03-26 18:00,2025-03-26 18:00,2025-03-06|2025-03-07|2025-03-08|2025-03-09|2025-03-10|2025-03-11|2025-03-12|2025-03-13|2025-03-14|2025-03-15|2025-03-16|2025-03-17|2025-03-18|2025-03-19|2025-03-20|2025-03-21|2025-03-22|2025-03-23|2025-03-24|2025-03-25,144
q3,S3,2025-03-27,0,highs-ipm,0.06467941699520452,2166.6397459875902,5.684341886080801e-13,8.411049634560186e-13,20,2025-03-27 00:00,2025-03-27 00:00,2025-03-07|2025-03-08|2025-03-09|2025-03-10|2025-03-11|2025-03-12|2025-03-13|2025-03-14|2025-03-15|2025-03-16|2025-03-17|2025-03-18|2025-03-19|2025-03-20|2025-03-21|2025-03-22|2025-03-23|2025-03-24|2025-03-25|2025-03-26,144
q3,S3,2025-03-27,6,highs-ipm,0.08616729099594522,8651.880768285902,1.1368683772161603e-13,8.073541835074138e-13,20,2025-03-27 06:00,2025-03-27 06:00,2025-03-07|2025-03-08|2025-03-09|2025-03-10|2025-03-11|2025-03-12|2025-03-13|2025-03-14|2025-03-15|2025-03-16|2025-03-17|2025-03-18|2025-03-19|2025-03-20|2025-03-21|2025-03-22|2025-03-23|2025-03-24|2025-03-25|2025-03-26,144
q3,S3,2025-03-27,12,highs-ipm,0.07813591699959943,6489.441632191274,1.1368683772161603e-13,8.881784197001252e-13,20,2025-03-27 12:00,2025-03-27 12:00,2025-03-07|2025-03-08|2025-03-09|2025-03-10|2025-03-11|2025-03-12|2025-03-13|2025-03-14|2025-03-15|2025-03-16|2025-03-17|2025-03-18|2025-03-19|2025-03-20|2025-03-21|2025-03-22|2025-03-23|2025-03-24|2025-03-25|2025-03-26,144
q3,S3,2025-03-27,18,highs-ipm,0.07738895799411694,8134.666006500925,5.684341886080802e-14,8.242295734817162e-13,20,2025-03-27 18:00,2025-03-27 18:00,2025-03-07|2025-03-08|2025-03-09|2025-03-10|2025-03-11|2025-03-12|2025-03-13|2025-03-14|2025-03-15|2025-03-16|2025-03-17|2025-03-18|2025-03-19|2025-03-20|2025-03-21|2025-03-22|2025-03-23|2025-03-24|2025-03-25|2025-03-26,144
q3,S3,2025-03-28,0,highs-ipm,0.06750166599522345,759.3405254240012,1.1368683772161603e-13,9.094947017729282e-13,20,2025-03-28 00:00,2025-03-28 00:00,2025-03-08|2025-03-09|2025-03-10|2025-03-11|2025-03-12|2025-03-13|2025-03-14|2025-03-15|2025-03-16|2025-03-17|2025-03-18|2025-03-19|2025-03-20|2025-03-21|2025-03-22|2025-03-23|2025-03-24|2025-03-25|2025-03-26|2025-03-27,144
q3,S3,2025-03-28,6,highs-ipm,0.075617541995598,7420.628570986575,1.1368683772161603e-13,7.958078640513122e-13,20,2025-03-28 06:00,2025-03-28 06:00,2025-03-08|2025-03-09|2025-03-10|2025-03-11|2025-03-12|2025-03-13|2025-03-14|2025-03-15|2025-03-16|2025-03-17|2025-03-18|2025-03-19|2025-03-20|2025-03-21|2025-03-22|2025-03-23|2025-03-24|2025-03-25|2025-03-26|2025-03-27,144
q3,S3,2025-03-28,12,highs-ipm,0.0774248340021586,6817.160846895014,5.684341886080802e-14,8.469891454865319e-13,20,2025-03-28 12:00,2025-03-28 12:00,2025-03-08|2025-03-09|2025-03-10|2025-03-11|2025-03-12|2025-03-13|2025-03-14|2025-03-15|2025-03-16|2025-03-17|2025-03-18|2025-03-19|2025-03-20|2025-03-21|2025-03-22|2025-03-23|2025-03-24|2025-03-25|2025-03-26|2025-03-27,144
q3,S3,2025-03-28,18,highs-ipm,0.07925541599979624,7634.600746559938,5.684341886080802e-14,6.821210263296962e-13,20,2025-03-28 18:00,2025-03-28 18:00,2025-03-08|2025-03-09|2025-03-10|2025-03-11|2025-03-12|2025-03-13|2025-03-14|2025-03-15|2025-03-16|2025-03-17|2025-03-18|2025-03-19|2025-03-20|2025-03-21|2025-03-22|2025-03-23|2025-03-24|2025-03-25|2025-03-26|2025-03-27,144
q3,S3,2025-03-29,0,highs-ipm,0.06009391700354172,680.1690532795875,5.684341886080802e-14,7.958078640513122e-13,20,2025-03-29 00:00,2025-03-29 00:00,2025-03-09|2025-03-10|2025-03-11|2025-03-12|2025-03-13|2025-03-14|2025-03-15|2025-03-16|2025-03-17|2025-03-18|2025-03-19|2025-03-20|2025-03-21|2025-03-22|2025-03-23|2025-03-24|2025-03-25|2025-03-26|2025-03-27|2025-03-28,144
q3,S3,2025-03-29,6,highs-ipm,0.07926183300151024,10698.571914012786,2.2737367544323206e-13,9.094947017729282e-13,20,2025-03-29 06:00,2025-03-29 06:00,2025-03-09|2025-03-10|2025-03-11|2025-03-12|2025-03-13|2025-03-14|2025-03-15|2025-03-16|2025-03-17|2025-03-18|2025-03-19|2025-03-20|2025-03-21|2025-03-22|2025-03-23|2025-03-24|2025-03-25|2025-03-26|2025-03-27|2025-03-28,144
q3,S3,2025-03-29,12,highs-ipm,0.07387183399987407,13889.857986677043,2.2737367544323206e-13,8.881784197001252e-13,20,2025-03-29 12:00,2025-03-29 12:00,2025-03-09|2025-03-10|2025-03-11|2025-03-12|2025-03-13|2025-03-14|2025-03-15|2025-03-16|2025-03-17|2025-03-18|2025-03-19|2025-03-20|2025-03-21|2025-03-22|2025-03-23|2025-03-24|2025-03-25|2025-03-26|2025-03-27|2025-03-28,144
q3,S3,2025-03-29,18,highs-ipm,0.0690561249939492,22324.100438349324,1.1368683772161603e-13,8.810729923425242e-13,20,2025-03-29 18:00,2025-03-29 18:00,2025-03-09|2025-03-10|2025-03-11|2025-03-12|2025-03-13|2025-03-14|2025-03-15|2025-03-16|2025-03-17|2025-03-18|2025-03-19|2025-03-20|2025-03-21|2025-03-22|2025-03-23|2025-03-24|2025-03-25|2025-03-26|2025-03-27|2025-03-28,144
q3,S3,2025-03-30,0,highs-ipm,0.05836520899902098,2032.5055866045968,2.0605739337042905e-13,8.526512829121202e-13,20,2025-03-30 00:00,2025-03-30 00:00,2025-03-10|2025-03-11|2025-03-12|2025-03-13|2025-03-14|2025-03-15|2025-03-16|2025-03-17|2025-03-18|2025-03-19|2025-03-20|2025-03-21|2025-03-22|2025-03-23|2025-03-24|2025-03-25|2025-03-26|2025-03-27|2025-03-28|2025-03-29,144
q3,S3,2025-03-30,6,highs-ipm,0.07704854199982947,8606.997722124463,1.1368683772161603e-13,9.094947017729282e-13,20,2025-03-30 06:00,2025-03-30 06:00,2025-03-10|2025-03-11|2025-03-12|2025-03-13|2025-03-14|2025-03-15|2025-03-16|2025-03-17|2025-03-18|2025-03-19|2025-03-20|2025-03-21|2025-03-22|2025-03-23|2025-03-24|2025-03-25|2025-03-26|2025-03-27|2025-03-28|2025-03-29,144
q3,S3,2025-03-30,12,highs-ipm,0.07773874999838881,26163.078737961438,2.2737367544323206e-13,9.094947017729282e-13,20,2025-03-30 12:00,2025-03-30 12:00,2025-03-10|2025-03-11|2025-03-12|2025-03-13|2025-03-14|2025-03-15|2025-03-16|2025-03-17|2025-03-18|2025-03-19|2025-03-20|2025-03-21|2025-03-22|2025-03-23|2025-03-24|2025-03-25|2025-03-26|2025-03-27|2025-03-28|2025-03-29,144
q3,S3,2025-03-30,18,highs-ipm,0.06585858399921563,25861.08679745249,1.1368683772161603e-13,8.668621376273222e-13,20,2025-03-30 18:00,2025-03-30 18:00,2025-03-10|2025-03-11|2025-03-12|2025-03-13|2025-03-14|2025-03-15|2025-03-16|2025-03-17|2025-03-18|2025-03-19|2025-03-20|2025-03-21|2025-03-22|2025-03-23|2025-03-24|2025-03-25|2025-03-26|2025-03-27|2025-03-28|2025-03-29,144
q3,S3,2025-03-31,0,highs-ipm,0.06307229200319853,1801.6005226760278,9.094947017729282e-13,9.094947017729282e-13,20,2025-03-31 00:00,2025-03-31 00:00,2025-03-11|2025-03-12|2025-03-13|2025-03-14|2025-03-15|2025-03-16|2025-03-17|2025-03-18|2025-03-19|2025-03-20|2025-03-21|2025-03-22|2025-03-23|2025-03-24|2025-03-25|2025-03-26|2025-03-27|2025-03-28|2025-03-29|2025-03-30,144
q3,S3,2025-03-31,6,highs-ipm,0.07997508400148945,18097.04943578224,1.1368683772161603e-13,8.57980353430321e-13,20,2025-03-31 06:00,2025-03-31 06:00,2025-03-11|2025-03-12|2025-03-13|2025-03-14|2025-03-15|2025-03-16|2025-03-17|2025-03-18|2025-03-19|2025-03-20|2025-03-21|2025-03-22|2025-03-23|2025-03-24|2025-03-25|2025-03-26|2025-03-27|2025-03-28|2025-03-29|2025-03-30,144
q3,S3,2025-03-31,12,highs-ipm,0.07343708400003379,13672.546019272477,1.1368683772161603e-13,8.597567102697212e-13,20,2025-03-31 12:00,2025-03-31 12:00,2025-03-11|2025-03-12|2025-03-13|2025-03-14|2025-03-15|2025-03-16|2025-03-17|2025-03-18|2025-03-19|2025-03-20|2025-03-21|2025-03-22|2025-03-23|2025-03-24|2025-03-25|2025-03-26|2025-03-27|2025-03-28|2025-03-29|2025-03-30,144
q3,S3,2025-03-31,18,highs-ipm,0.06854512500285637,21198.78550481791,1.1368683772161603e-13,7.815970093361102e-13,20,2025-03-31 18:00,2025-03-31 18:00,2025-03-11|2025-03-12|2025-03-13|2025-03-14|2025-03-15|2025-03-16|2025-03-17|2025-03-18|2025-03-19|2025-03-20|2025-03-21|2025-03-22|2025-03-23|2025-03-24|2025-03-25|2025-03-26|2025-03-27|2025-03-28|2025-03-29|2025-03-30,144
q3,S3,2025-04-01,0,highs-ipm,0.05861887500213925,1917.692096090294,6.821210263296962e-13,9.094947017729282e-13,20,2025-04-01 00:00,2025-04-01 00:00,2025-03-12|2025-03-13|2025-03-14|2025-03-15|2025-03-16|2025-03-17|2025-03-18|2025-03-19|2025-03-20|2025-03-21|2025-03-22|2025-03-23|2025-03-24|2025-03-25|2025-03-26|2025-03-27|2025-03-28|2025-03-29|2025-03-30|2025-03-31,144
q3,S3,2025-04-01,6,highs-ipm,0.08077612500346731,10852.954148921808,2.2737367544323206e-13,8.242295734817162e-13,20,2025-04-01 06:00,2025-04-01 06:00,2025-03-12|2025-03-13|2025-03-14|2025-03-15|2025-03-16|2025-03-17|2025-03-18|2025-03-19|2025-03-20|2025-03-21|2025-03-22|2025-03-23|2025-03-24|2025-03-25|2025-03-26|2025-03-27|2025-03-28|2025-03-29|2025-03-30|2025-03-31,144
q3,S3,2025-04-01,12,highs-ipm,0.075181916996371,15822.138928163498,2.2737367544323206e-13,9.094947017729282e-13,20,2025-04-01 12:00,2025-04-01 12:00,2025-03-12|2025-03-13|2025-03-14|2025-03-15|2025-03-16|2025-03-17|2025-03-18|2025-03-19|2025-03-20|2025-03-21|2025-03-22|2025-03-23|2025-03-24|2025-03-25|2025-03-26|2025-03-27|2025-03-28|2025-03-29|2025-03-30|2025-03-31,144
q3,S3,2025-04-01,18,highs-ipm,0.07029441600025166,39931.7247225151,2.2737367544323206e-13,1.0231815394945443e-12,20,2025-04-01 18:00,2025-04-01 18:00,2025-03-12|2025-03-13|2025-03-14|2025-03-15|2025-03-16|2025-03-17|2025-03-18|2025-03-19|2025-03-20|2025-03-21|2025-03-22|2025-03-23|2025-03-24|2025-03-25|2025-03-26|2025-03-27|2025-03-28|2025-03-29|2025-03-30|2025-03-31,144
q3,S3,2025-04-02,0,highs-ipm,0.06066887499764562,1762.9484286143386,1.1368683772161603e-13,7.958078640513122e-13,20,2025-04-02 00:00,2025-04-02 00:00,2025-03-13|2025-03-14|2025-03-15|2025-03-16|2025-03-17|2025-03-18|2025-03-19|2025-03-20|2025-03-21|2025-03-22|2025-03-23|2025-03-24|2025-03-25|2025-03-26|2025-03-27|2025-03-28|2025-03-29|2025-03-30|2025-03-31|2025-04-01,144
q3,S3,2025-04-02,6,highs-ipm,0.07381700000405544,12005.00305031611,1.1368683772161603e-13,9.094947017729282e-13,20,2025-04-02 06:00,2025-04-02 06:00,2025-03-13|2025-03-14|2025-03-15|2025-03-16|2025-03-17|2025-03-18|2025-03-19|2025-03-20|2025-03-21|2025-03-22|2025-03-23|2025-03-24|2025-03-25|2025-03-26|2025-03-27|2025-03-28|2025-03-29|2025-03-30|2025-03-31|2025-04-01,144
q3,S3,2025-04-02,12,highs-ipm,0.07241104200511472,14882.080198759588,1.1368683772161603e-13,9.094947017729282e-13,20,2025-04-02 12:00,2025-04-02 12:00,2025-03-13|2025-03-14|2025-03-15|2025-03-16|2025-03-17|2025-03-18|2025-03-19|2025-03-20|2025-03-21|2025-03-22|2025-03-23|2025-03-24|2025-03-25|2025-03-26|2025-03-27|2025-03-28|2025-03-29|2025-03-30|2025-03-31|2025-04-01,144
q3,S3,2025-04-02,18,highs-ipm,0.07129270899895346,22905.9638670119,2.2737367544323206e-13,1.0231815394945443e-12,20,2025-04-02 18:00,2025-04-02 18:00,2025-03-13|2025-03-14|2025-03-15|2025-03-16|2025-03-17|2025-03-18|2025-03-19|2025-03-20|2025-03-21|2025-03-22|2025-03-23|2025-03-24|2025-03-25|2025-03-26|2025-03-27|2025-03-28|2025-03-29|2025-03-30|2025-03-31|2025-04-01,144
q3,S3,2025-04-03,0,highs-ipm,0.057387791996006854,1677.8471602861623,6.536993168992922e-13,9.094947017729282e-13,20,2025-04-03 00:00,2025-04-03 00:00,2025-03-14|2025-03-15|2025-03-16|2025-03-17|2025-03-18|2025-03-19|2025-03-20|2025-03-21|2025-03-22|2025-03-23|2025-03-24|2025-03-25|2025-03-26|2025-03-27|2025-03-28|2025-03-29|2025-03-30|2025-03-31|2025-04-01|2025-04-02,144
q3,S3,2025-04-03,6,highs-ipm,0.07983333399897674,6167.335680841007,2.2737367544323206e-13,9.094947017729282e-13,20,2025-04-03 06:00,2025-04-03 06:00,2025-03-14|2025-03-15|2025-03-16|2025-03-17|2025-03-18|2025-03-19|2025-03-20|2025-03-21|2025-03-22|2025-03-23|2025-03-24|2025-03-25|2025-03-26|2025-03-27|2025-03-28|2025-03-29|2025-03-30|2025-03-31|2025-04-01|2025-04-02,144
q3,S3,2025-04-03,12,highs-ipm,0.09146620799583616,5860.83400012282,2.2737367544323206e-13,8.526512829121202e-13,20,2025-04-03 12:00,2025-04-03 12:00,2025-03-14|2025-03-15|2025-03-16|2025-03-17|2025-03-18|2025-03-19|2025-03-20|2025-03-21|2025-03-22|2025-03-23|2025-03-24|2025-03-25|2025-03-26|2025-03-27|2025-03-28|2025-03-29|2025-03-30|2025-03-31|2025-04-01|2025-04-02,144
q3,S3,2025-04-03,18,highs-ipm,0.08004875000187894,6516.137138735961,2.2737367544323206e-13,8.526512829121202e-13,20,2025-04-03 18:00,2025-04-03 18:00,2025-03-14|2025-03-15|2025-03-16|2025-03-17|2025-03-18|2025-03-19|2025-03-20|2025-03-21|2025-03-22|2025-03-23|2025-03-24|2025-03-25|2025-03-26|2025-03-27|2025-03-28|2025-03-29|2025-03-30|2025-03-31|2025-04-01|2025-04-02,144
q3,S3,2025-04-04,0,highs-ipm,0.06280170800164342,682.9422782964692,2.2737367544323206e-13,7.958078640513122e-13,20,2025-04-04 00:00,2025-04-04 00:00,2025-03-15|2025-03-16|2025-03-17|2025-03-18|2025-03-19|2025-03-20|2025-03-21|2025-03-22|2025-03-23|2025-03-24|2025-03-25|2025-03-26|2025-03-27|2025-03-28|2025-03-29|2025-03-30|2025-03-31|2025-04-01|2025-04-02|2025-04-03,144
q3,S3,2025-04-04,6,highs-ipm,0.0783891249957378,7380.16803634657,2.2737367544323206e-13,8.526512829121202e-13,20,2025-04-04 06:00,2025-04-04 06:00,2025-03-15|2025-03-16|2025-03-17|2025-03-18|2025-03-19|2025-03-20|2025-03-21|2025-03-22|2025-03-23|2025-03-24|2025-03-25|2025-03-26|2025-03-27|2025-03-28|2025-03-29|2025-03-30|2025-03-31|2025-04-01|2025-04-02|2025-04-03,144
q3,S3,2025-04-04,12,highs-ipm,0.07534916599979624,10352.737229313345,2.2737367544323206e-13,9.094947017729282e-13,20,2025-04-04 12:00,2025-04-04 12:00,2025-03-15|2025-03-16|2025-03-17|2025-03-18|2025-03-19|2025-03-20|2025-03-21|2025-03-22|2025-03-23|2025-03-24|2025-03-25|2025-03-26|2025-03-27|2025-03-28|2025-03-29|2025-03-30|2025-03-31|2025-04-01|2025-04-02|2025-04-03,144
q3,S3,2025-04-04,18,highs-ipm,0.06759508299728623,8783.582329782204,2.2737367544323206e-13,8.952838470577262e-13,20,2025-04-04 18:00,2025-04-04 18:00,2025-03-15|2025-03-16|2025-03-17|2025-03-18|2025-03-19|2025-03-20|2025-03-21|2025-03-22|2025-03-23|2025-03-24|2025-03-25|2025-03-26|2025-03-27|2025-03-28|2025-03-29|2025-03-30|2025-03-31|2025-04-01|2025-04-02|2025-04-03,144
q3,S3,2025-04-05,0,highs-ipm,0.061570957994263154,673.1521305762549,5.684341886080802e-14,9.094947017729282e-13,20,2025-04-05 00:00,2025-04-05 00:00,2025-03-16|2025-03-17|2025-03-18|2025-03-19|2025-03-20|2025-03-21|2025-03-22|2025-03-23|2025-03-24|2025-03-25|2025-03-26|2025-03-27|2025-03-28|2025-03-29|2025-03-30|2025-03-31|2025-04-01|2025-04-02|2025-04-03|2025-04-04,144
q3,S3,2025-04-05,6,highs-ipm,0.07611099999485305,10303.76297845614,5.684341886080802e-14,8.526512829121202e-13,20,2025-04-05 06:00,2025-04-05 06:00,2025-03-16|2025-03-17|2025-03-18|2025-03-19|2025-03-20|2025-03-21|2025-03-22|2025-03-23|2025-03-24|2025-03-25|2025-03-26|2025-03-27|2025-03-28|2025-03-29|2025-03-30|2025-03-31|2025-04-01|2025-04-02|2025-04-03|2025-04-04,144
q3,S3,2025-04-05,12,highs-ipm,0.07877087499946356,30987.447296192317,5.684341886080802e-14,9.094947017729282e-13,20,2025-04-05 12:00,2025-04-05 12:00,2025-03-16|2025-03-17|2025-03-18|2025-03-19|2025-03-20|2025-03-21|2025-03-22|2025-03-23|2025-03-24|2025-03-25|2025-03-26|2025-03-27|2025-03-28|2025-03-29|2025-03-30|2025-03-31|2025-04-01|2025-04-02|2025-04-03|2025-04-04,144
q3,S3,2025-04-05,18,highs-ipm,0.07009429199388251,23909.83846707736,1.1368683772161603e-13,9.094947017729282e-13,20,2025-04-05 18:00,2025-04-05 18:00,2025-03-16|2025-03-17|2025-03-18|2025-03-19|2025-03-20|2025-03-21|2025-03-22|2025-03-23|2025-03-24|2025-03-25|2025-03-26|2025-03-27|2025-03-28|2025-03-29|2025-03-30|2025-03-31|2025-04-01|2025-04-02|2025-04-03|2025-04-04,144
q3,S3,2025-04-06,0,highs-ipm,0.055173457993078046,2156.700326221881,4.547473508864641e-13,7.958078640513122e-13,20,2025-04-06 00:00,2025-04-06 00:00,2025-03-17|2025-03-18|2025-03-19|2025-03-20|2025-03-21|2025-03-22|2025-03-23|2025-03-24|2025-03-25|2025-03-26|2025-03-27|2025-03-28|2025-03-29|2025-03-30|2025-03-31|2025-04-01|2025-04-02|2025-04-03|2025-04-04|2025-04-05,144
q3,S3,2025-04-06,6,highs-ipm,0.07458250000490807,9788.323136449411,2.2737367544323206e-13,9.094947017729282e-13,20,2025-04-06 06:00,2025-04-06 06:00,2025-03-17|2025-03-18|2025-03-19|2025-03-20|2025-03-21|2025-03-22|2025-03-23|2025-03-24|2025-03-25|2025-03-26|2025-03-27|2025-03-28|2025-03-29|2025-03-30|2025-03-31|2025-04-01|2025-04-02|2025-04-03|2025-04-04|2025-04-05,144
q3,S3,2025-04-06,12,highs-ipm,0.07924245799949858,14913.855419380105,1.1368683772161603e-13,9.094947017729282e-13,20,2025-04-06 12:00,2025-04-06 12:00,2025-03-17|2025-03-18|2025-03-19|2025-03-20|2025-03-21|2025-03-22|2025-03-23|2025-03-24|2025-03-25|2025-03-26|2025-03-27|2025-03-28|2025-03-29|2025-03-30|2025-03-31|2025-04-01|2025-04-02|2025-04-03|2025-04-04|2025-04-05,144
q3,S3,2025-04-06,18,highs-ipm,0.06872250000014901,20663.775575010975,5.684341886080802e-14,9.094947017729282e-13,20,2025-04-06 18:00,2025-04-06 18:00,2025-03-17|2025-03-18|2025-03-19|2025-03-20|2025-03-21|2025-03-22|2025-03-23|2025-03-24|2025-03-25|2025-03-26|2025-03-27|2025-03-28|2025-03-29|2025-03-30|2025-03-31|2025-04-01|2025-04-02|2025-04-03|2025-04-04|2025-04-05,144
q3,S3,2025-04-07,0,highs-ipm,0.05803254200145602,1512.703134794433,2.504663143554353e-13,8.064660050877137e-13,20,2025-04-07 00:00,2025-04-07 00:00,2025-03-18|2025-03-19|2025-03-20|2025-03-21|2025-03-22|2025-03-23|2025-03-24|2025-03-25|2025-03-26|2025-03-27|2025-03-28|2025-03-29|2025-03-30|2025-03-31|2025-04-01|2025-04-02|2025-04-03|2025-04-04|2025-04-05|2025-04-06,144
q3,S3,2025-04-07,6,highs-ipm,0.07801187499717344,13479.12411697468,1.1368683772161603e-13,1.0231815394945443e-12,20,2025-04-07 06:00,2025-04-07 06:00,2025-03-18|2025-03-19|2025-03-20|2025-03-21|2025-03-22|2025-03-23|2025-03-24|2025-03-25|2025-03-26|2025-03-27|2025-03-28|2025-03-29|2025-03-30|2025-03-31|2025-04-01|2025-04-02|2025-04-03|2025-04-04|2025-04-05|2025-04-06,144
q3,S3,2025-04-07,12,highs-ipm,0.07447012500051642,23809.782605695425,1.1368683772161603e-13,1.0231815394945443e-12,20,2025-04-07 12:00,2025-04-07 12:00,2025-03-18|2025-03-19|2025-03-20|2025-03-21|2025-03-22|2025-03-23|2025-03-24|2025-03-25|2025-03-26|2025-03-27|2025-03-28|2025-03-29|2025-03-30|2025-03-31|2025-04-01|2025-04-02|2025-04-03|2025-04-04|2025-04-05|2025-04-06,144
q3,S3,2025-04-07,18,highs-ipm,0.06755483299639309,22728.37462683343,1.1368683772161603e-13,9.094947017729282e-13,20,2025-04-07 18:00,2025-04-07 18:00,2025-03-18|2025-03-19|2025-03-20|2025-03-21|2025-03-22|2025-03-23|2025-03-24|2025-03-25|2025-03-26|2025-03-27|2025-03-28|2025-03-29|2025-03-30|2025-03-31|2025-04-01|2025-04-02|2025-04-03|2025-04-04|2025-04-05|2025-04-06,144
q3,S3,2025-04-08,0,highs-ipm,0.06446595799934585,1875.3795873722847,2.8421709430404007e-13,6.821210263296962e-13,20,2025-04-08 00:00,2025-04-08 00:00,2025-03-19|2025-03-20|2025-03-21|2025-03-22|2025-03-23|2025-03-24|2025-03-25|2025-03-26|2025-03-27|2025-03-28|2025-03-29|2025-03-30|2025-03-31|2025-04-01|2025-04-02|2025-04-03|2025-04-04|2025-04-05|2025-04-06|2025-04-07,144
q3,S3,2025-04-08,6,highs-ipm,0.07491166699765017,9563.953691539633,1.1368683772161603e-13,8.100187187665142e-13,20,2025-04-08 06:00,2025-04-08 06:00,2025-03-19|2025-03-20|2025-03-21|2025-03-22|2025-03-23|2025-03-24|2025-03-25|2025-03-26|2025-03-27|2025-03-28|2025-03-29|2025-03-30|2025-03-31|2025-04-01|2025-04-02|2025-04-03|2025-04-04|2025-04-05|2025-04-06|2025-04-07,144
q3,S3,2025-04-08,12,highs-ipm,0.07853295899985824,17283.930170422904,2.2737367544323206e-13,9.094947017729282e-13,20,2025-04-08 12:00,2025-04-08 12:00,2025-03-19|2025-03-20|2025-03-21|2025-03-22|2025-03-23|2025-03-24|2025-03-25|2025-03-26|2025-03-27|2025-03-28|2025-03-29|2025-03-30|2025-03-31|2025-04-01|2025-04-02|2025-04-03|2025-04-04|2025-04-05|2025-04-06|2025-04-07,144
q3,S3,2025-04-08,18,highs-ipm,0.07008724999468541,26418.53341165746,1.1368683772161603e-13,9.094947017729282e-13,20,2025-04-08 18:00,2025-04-08 18:00,2025-03-19|2025-03-20|2025-03-21|2025-03-22|2025-03-23|2025-03-24|2025-03-25|2025-03-26|2025-03-27|2025-03-28|2025-03-29|2025-03-30|2025-03-31|2025-04-01|2025-04-02|2025-04-03|2025-04-04|2025-04-05|2025-04-06|2025-04-07,144
q3,S3,2025-04-09,0,highs-ipm,0.059433000002172776,2036.721771663926,2.2737367544323206e-13,9.094947017729282e-13,20,2025-04-09 00:00,2025-04-09 00:00,2025-03-20|2025-03-21|2025-03-22|2025-03-23|2025-03-24|2025-03-25|2025-03-26|2025-03-27|2025-03-28|2025-03-29|2025-03-30|2025-03-31|2025-04-01|2025-04-02|2025-04-03|2025-04-04|2025-04-05|2025-04-06|2025-04-07|2025-04-08,144
q3,S3,2025-04-09,6,highs-ipm,0.07619058399723144,12514.121088978325,1.1368683772161603e-13,8.952838470577262e-13,20,2025-04-09 06:00,2025-04-09 06:00,2025-03-20|2025-03-21|2025-03-22|2025-03-23|2025-03-24|2025-03-25|2025-03-26|2025-03-27|2025-03-28|2025-03-29|2025-03-30|2025-03-31|2025-04-01|2025-04-02|2025-04-03|2025-04-04|2025-04-05|2025-04-06|2025-04-07|2025-04-08,144
q3,S3,2025-04-09,12,highs-ipm,0.07705237499612849,28993.499765826487,2.2737367544323206e-13,7.958078640513122e-13,20,2025-04-09 12:00,2025-04-09 12:00,2025-03-20|2025-03-21|2025-03-22|2025-03-23|2025-03-24|2025-03-25|2025-03-26|2025-03-27|2025-03-28|2025-03-29|2025-03-30|2025-03-31|2025-04-01|2025-04-02|2025-04-03|2025-04-04|2025-04-05|2025-04-06|2025-04-07|2025-04-08,144
q3,S3,2025-04-09,18,highs-ipm,0.07109833299909951,24761.920163949773,1.1368683772161603e-13,7.958078640513122e-13,20,2025-04-09 18:00,2025-04-09 18:00,2025-03-20|2025-03-21|2025-03-22|2025-03-23|2025-03-24|2025-03-25|2025-03-26|2025-03-27|2025-03-28|2025-03-29|2025-03-30|2025-03-31|2025-04-01|2025-04-02|2025-04-03|2025-04-04|2025-04-05|2025-04-06|2025-04-07|2025-04-08,144
q3,S3,2025-04-10,0,highs-ipm,0.06305045799672371,1984.9320315059167,5.542233338928781e-13,9.094947017729282e-13,20,2025-04-10 00:00,2025-04-10 00:00,2025-03-21|2025-03-22|2025-03-23|2025-03-24|2025-03-25|2025-03-26|2025-03-27|2025-03-28|2025-03-29|2025-03-30|2025-03-31|2025-04-01|2025-04-02|2025-04-03|2025-04-04|2025-04-05|2025-04-06|2025-04-07|2025-04-08|2025-04-09,144
q3,S3,2025-04-10,6,highs-ipm,0.07027183400350623,9176.89990218644,4.298783551348606e-13,8.810729923425242e-13,20,2025-04-10 06:00,2025-04-10 06:00,2025-03-21|2025-03-22|2025-03-23|2025-03-24|2025-03-25|2025-03-26|2025-03-27|2025-03-28|2025-03-29|2025-03-30|2025-03-31|2025-04-01|2025-04-02|2025-04-03|2025-04-04|2025-04-05|2025-04-06|2025-04-07|2025-04-08|2025-04-09,144
q3,S3,2025-04-10,12,highs-ipm,0.06986550000146963,7320.952879896439,4.298783551348606e-13,8.668621376273222e-13,20,2025-04-10 12:00,2025-04-10 12:00,2025-03-21|2025-03-22|2025-03-23|2025-03-24|2025-03-25|2025-03-26|2025-03-27|2025-03-28|2025-03-29|2025-03-30|2025-03-31|2025-04-01|2025-04-02|2025-04-03|2025-04-04|2025-04-05|2025-04-06|2025-04-07|2025-04-08|2025-04-09,144
q3,S3,2025-04-10,18,highs-ipm,0.07897716599836713,6432.621792494714,1.3642420526593924e-12,8.384404281969182e-13,20,2025-04-10 18:00,2025-04-10 18:00,2025-03-21|2025-03-22|2025-03-23|2025-03-24|2025-03-25|2025-03-26|2025-03-27|2025-03-28|2025-03-29|2025-03-30|2025-03-31|2025-04-01|2025-04-02|2025-04-03|2025-04-04|2025-04-05|2025-04-06|2025-04-07|2025-04-08|2025-04-09,144
q3,S3,2025-04-11,0,highs-ipm,0.05878549999761162,485.4207805548398,9.094947017729282e-13,6.821210263296962e-13,20,2025-04-11 00:00,2025-04-11 00:00,2025-03-22|2025-03-23|2025-03-24|2025-03-25|2025-03-26|2025-03-27|2025-03-28|2025-03-29|2025-03-30|2025-03-31|2025-04-01|2025-04-02|2025-04-03|2025-04-04|2025-04-05|2025-04-06|2025-04-07|2025-04-08|2025-04-09|2025-04-10,144
q3,S3,2025-04-11,6,highs-ipm,0.07308270799694583,8125.95384819872,5.684341886080802e-14,8.970602038971265e-13,20,2025-04-11 06:00,2025-04-11 06:00,2025-03-22|2025-03-23|2025-03-24|2025-03-25|2025-03-26|2025-03-27|2025-03-28|2025-03-29|2025-03-30|2025-03-31|2025-04-01|2025-04-02|2025-04-03|2025-04-04|2025-04-05|2025-04-06|2025-04-07|2025-04-08|2025-04-09|2025-04-10,144
q3,S3,2025-04-11,12,highs-ipm,0.0721203749999404,6456.045635666661,5.684341886080802e-14,9.094947017729282e-13,20,2025-04-11 12:00,2025-04-11 12:00,2025-03-22|2025-03-23|2025-03-24|2025-03-25|2025-03-26|2025-03-27|2025-03-28|2025-03-29|2025-03-30|2025-03-31|2025-04-01|2025-04-02|2025-04-03|2025-04-04|2025-04-05|2025-04-06|2025-04-07|2025-04-08|2025-04-09|2025-04-10,144
q3,S3,2025-04-11,18,highs-ipm,0.07492212500073947,7164.784970651978,2.842170943040401e-14,8.526512829121202e-13,20,2025-04-11 18:00,2025-04-11 18:00,2025-03-22|2025-03-23|2025-03-24|2025-03-25|2025-03-26|2025-03-27|2025-03-28|2025-03-29|2025-03-30|2025-03-31|2025-04-01|2025-04-02|2025-04-03|2025-04-04|2025-04-05|2025-04-06|2025-04-07|2025-04-08|2025-04-09|2025-04-10,144
q3,S3,2025-04-12,0,highs-ipm,0.058734292004373856,618.4320881646825,1.1368683772161603e-13,8.810729923425242e-13,20,2025-04-12 00:00,2025-04-12 00:00,2025-03-23|2025-03-24|2025-03-25|2025-03-26|2025-03-27|2025-03-28|2025-03-29|2025-03-30|2025-03-31|2025-04-01|2025-04-02|2025-04-03|2025-04-04|2025-04-05|2025-04-06|2025-04-07|2025-04-08|2025-04-09|2025-04-10|2025-04-11,144
q3,S3,2025-04-12,6,highs-ipm,0.08217162499931874,9963.295071343226,5.684341886080802e-14,7.389644451905042e-13,20,2025-04-12 06:00,2025-04-12 06:00,2025-03-23|2025-03-24|2025-03-25|2025-03-26|2025-03-27|2025-03-28|2025-03-29|2025-03-30|2025-03-31|2025-04-01|2025-04-02|2025-04-03|2025-04-04|2025-04-05|2025-04-06|2025-04-07|2025-04-08|2025-04-09|2025-04-10|2025-04-11,144
q3,S3,2025-04-12,12,highs-ipm,0.0750560000014957,12861.318393536934,2.2737367544323206e-13,9.094947017729282e-13,20,2025-04-12 12:00,2025-04-12 12:00,2025-03-23|2025-03-24|2025-03-25|2025-03-26|2025-03-27|2025-03-28|2025-03-29|2025-03-30|2025-03-31|2025-04-01|2025-04-02|2025-04-03|2025-04-04|2025-04-05|2025-04-06|2025-04-07|2025-04-08|2025-04-09|2025-04-10|2025-04-11,144
q3,S3,2025-04-12,18,highs-ipm,0.06780337500094902,29455.697197456197,5.684341886080802e-14,9.094947017729282e-13,20,2025-04-12 18:00,2025-04-12 18:00,2025-03-23|2025-03-24|2025-03-25|2025-03-26|2025-03-27|2025-03-28|2025-03-29|2025-03-30|2025-03-31|2025-04-01|2025-04-02|2025-04-03|2025-04-04|2025-04-05|2025-04-06|2025-04-07|2025-04-08|2025-04-09|2025-04-10|2025-04-11,144
q3,S3,2025-04-13,0,highs-ipm,0.05600958300055936,2087.6581665597478,6.821210263296962e-13,1.0231815394945443e-12,20,2025-04-13 00:00,2025-04-13 00:00,2025-03-24|2025-03-25|2025-03-26|2025-03-27|2025-03-28|2025-03-29|2025-03-30|2025-03-31|2025-04-01|2025-04-02|2025-04-03|2025-04-04|2025-04-05|2025-04-06|2025-04-07|2025-04-08|2025-04-09|2025-04-10|2025-04-11|2025-04-12,144
q3,S3,2025-04-13,6,highs-ipm,0.0732989579992136,9924.298136450363,1.1368683772161603e-13,9.094947017729282e-13,20,2025-04-13 06:00,2025-04-13 06:00,2025-03-24|2025-03-25|2025-03-26|2025-03-27|2025-03-28|2025-03-29|2025-03-30|2025-03-31|2025-04-01|2025-04-02|2025-04-03|2025-04-04|2025-04-05|2025-04-06|2025-04-07|2025-04-08|2025-04-09|2025-04-10|2025-04-11|2025-04-12,144
q3,S3,2025-04-13,12,highs-ipm,0.07216645799780963,22185.523495111855,1.1368683772161603e-13,9.094947017729282e-13,20,2025-04-13 12:00,2025-04-13 12:00,2025-03-24|2025-03-25|2025-03-26|2025-03-27|2025-03-28|2025-03-29|2025-03-30|2025-03-31|2025-04-01|2025-04-02|2025-04-03|2025-04-04|2025-04-05|2025-04-06|2025-04-07|2025-04-08|2025-04-09|2025-04-10|2025-04-11|2025-04-12,144
q3,S3,2025-04-13,18,highs-ipm,0.06805741599964676,22638.678426176808,1.0231815394945443e-12,9.094947017729282e-13,20,2025-04-13 18:00,2025-04-13 18:00,2025-03-24|2025-03-25|2025-03-26|2025-03-27|2025-03-28|2025-03-29|2025-03-30|2025-03-31|2025-04-01|2025-04-02|2025-04-03|2025-04-04|2025-04-05|2025-04-06|2025-04-07|2025-04-08|2025-04-09|2025-04-10|2025-04-11|2025-04-12,144
q3,S3,2025-04-14,0,highs-ipm,0.05825745900074253,2206.8329775740053,6.536993168992922e-13,7.958078640513122e-13,20,2025-04-14 00:00,2025-04-14 00:00,2025-03-25|2025-03-26|2025-03-27|2025-03-28|2025-03-29|2025-03-30|2025-03-31|2025-04-01|2025-04-02|2025-04-03|2025-04-04|2025-04-05|2025-04-06|2025-04-07|2025-04-08|2025-04-09|2025-04-10|2025-04-11|2025-04-12|2025-04-13,144
q3,S3,2025-04-14,6,highs-ipm,0.07490099999995437,7707.090056878651,1.1368683772161603e-13,8.526512829121202e-13,20,2025-04-14 06:00,2025-04-14 06:00,2025-03-25|2025-03-26|2025-03-27|2025-03-28|2025-03-29|2025-03-30|2025-03-31|2025-04-01|2025-04-02|2025-04-03|2025-04-04|2025-04-05|2025-04-06|2025-04-07|2025-04-08|2025-04-09|2025-04-10|2025-04-11|2025-04-12|2025-04-13,144
q3,S3,2025-04-14,12,highs-ipm,0.07123620899801608,11796.102274802512,1.1368683772161603e-13,9.094947017729282e-13,20,2025-04-14 12:00,2025-04-14 12:00,2025-03-25|2025-03-26|2025-03-27|2025-03-28|2025-03-29|2025-03-30|2025-03-31|2025-04-01|2025-04-02|2025-04-03|2025-04-04|2025-04-05|2025-04-06|2025-04-07|2025-04-08|2025-04-09|2025-04-10|2025-04-11|2025-04-12|2025-04-13,144
q3,S3,2025-04-14,18,highs-ipm,0.0667716250027297,20864.220149552082,1.1368683772161603e-13,9.094947017729282e-13,20,2025-04-14 18:00,2025-04-14 18:00,2025-03-25|2025-03-26|2025-03-27|2025-03-28|2025-03-29|2025-03-30|2025-03-31|2025-04-01|2025-04-02|2025-04-03|2025-04-04|2025-04-05|2025-04-06|2025-04-07|2025-04-08|2025-04-09|2025-04-10|2025-04-11|2025-04-12|2025-04-13,144
q3,S3,2025-04-15,0,highs-ipm,0.06451354100136086,1630.551255677278,2.2737367544323206e-13,9.094947017729282e-13,20,2025-04-15 00:00,2025-04-15 00:00,2025-03-26|2025-03-27|2025-03-28|2025-03-29|2025-03-30|2025-03-31|2025-04-01|2025-04-02|2025-04-03|2025-04-04|2025-04-05|2025-04-06|2025-04-07|2025-04-08|2025-04-09|2025-04-10|2025-04-11|2025-04-12|2025-04-13|2025-04-14,144
q3,S3,2025-04-15,6,highs-ipm,0.0763720420000027,13219.013486581787,1.1368683772161603e-13,8.526512829121202e-13,20,2025-04-15 06:00,2025-04-15 06:00,2025-03-26|2025-03-27|2025-03-28|2025-03-29|2025-03-30|2025-03-31|2025-04-01|2025-04-02|2025-04-03|2025-04-04|2025-04-05|2025-04-06|2025-04-07|2025-04-08|2025-04-09|2025-04-10|2025-04-11|2025-04-12|2025-04-13|2025-04-14,144
q3,S3,2025-04-15,12,highs-ipm,0.07620633400074439,19400.000122941878,1.1368683772161603e-13,8.668621376273222e-13,20,2025-04-15 12:00,2025-04-15 12:00,2025-03-26|2025-03-27|2025-03-28|2025-03-29|2025-03-30|2025-03-31|2025-04-01|2025-04-02|2025-04-03|2025-04-04|2025-04-05|2025-04-06|2025-04-07|2025-04-08|2025-04-09|2025-04-10|2025-04-11|2025-04-12|2025-04-13|2025-04-14,144
q3,S3,2025-04-15,18,highs-ipm,0.06741995799529832,26298.380918153423,7.958078640513122e-13,8.526512829121202e-13,20,2025-04-15 18:00,2025-04-15 18:00,2025-03-26|2025-03-27|2025-03-28|2025-03-29|2025-03-30|2025-03-31|2025-04-01|2025-04-02|2025-04-03|2025-04-04|2025-04-05|2025-04-06|2025-04-07|2025-04-08|2025-04-09|2025-04-10|2025-04-11|2025-04-12|2025-04-13|2025-04-14,144
q3,S3,2025-04-16,0,highs-ipm,0.055337208999844734,2175.124460816899,1.1368683772161603e-13,8.810729923425242e-13,20,2025-04-16 00:00,2025-04-16 00:00,2025-03-27|2025-03-28|2025-03-29|2025-03-30|2025-03-31|2025-04-01|2025-04-02|2025-04-03|2025-04-04|2025-04-05|2025-04-06|2025-04-07|2025-04-08|2025-04-09|2025-04-10|2025-04-11|2025-04-12|2025-04-13|2025-04-14|2025-04-15,144
q3,S3,2025-04-16,6,highs-ipm,0.0779985420012963,12995.466430335546,1.1368683772161603e-13,9.094947017729282e-13,20,2025-04-16 06:00,2025-04-16 06:00,2025-03-27|2025-03-28|2025-03-29|2025-03-30|2025-03-31|2025-04-01|2025-04-02|2025-04-03|2025-04-04|2025-04-05|2025-04-06|2025-04-07|2025-04-08|2025-04-09|2025-04-10|2025-04-11|2025-04-12|2025-04-13|2025-04-14|2025-04-15,144
q3,S3,2025-04-16,12,highs-ipm,0.07497291700565256,12821.034640165442,1.1368683772161603e-13,9.094947017729282e-13,20,2025-04-16 12:00,2025-04-16 12:00,2025-03-27|2025-03-28|2025-03-29|2025-03-30|2025-03-31|2025-04-01|2025-04-02|2025-04-03|2025-04-04|2025-04-05|2025-04-06|2025-04-07|2025-04-08|2025-04-09|2025-04-10|2025-04-11|2025-04-12|2025-04-13|2025-04-14|2025-04-15,144
q3,S3,2025-04-16,18,highs-ipm,0.06988854199880734,28387.10991220668,2.2737367544323206e-13,9.094947017729282e-13,20,2025-04-16 18:00,2025-04-16 18:00,2025-03-27|2025-03-28|2025-03-29|2025-03-30|2025-03-31|2025-04-01|2025-04-02|2025-04-03|2025-04-04|2025-04-05|2025-04-06|2025-04-07|2025-04-08|2025-04-09|2025-04-10|2025-04-11|2025-04-12|2025-04-13|2025-04-14|2025-04-15,144
q3,S3,2025-04-17,0,highs-ipm,0.058177500002784654,1962.2472078572114,1.1368683772161603e-13,9.094947017729282e-13,20,2025-04-17 00:00,2025-04-17 00:00,2025-03-28|2025-03-29|2025-03-30|2025-03-31|2025-04-01|2025-04-02|2025-04-03|2025-04-04|2025-04-05|2025-04-06|2025-04-07|2025-04-08|2025-04-09|2025-04-10|2025-04-11|2025-04-12|2025-04-13|2025-04-14|2025-04-15|2025-04-16,144
q3,S3,2025-04-17,6,highs-ipm,0.07195154199871467,11439.322118490729,1.1368683772161603e-13,9.094947017729282e-13,20,2025-04-17 06:00,2025-04-17 06:00,2025-03-28|2025-03-29|2025-03-30|2025-03-31|2025-04-01|2025-04-02|2025-04-03|2025-04-04|2025-04-05|2025-04-06|2025-04-07|2025-04-08|2025-04-09|2025-04-10|2025-04-11|2025-04-12|2025-04-13|2025-04-14|2025-04-15|2025-04-16,144
q3,S3,2025-04-17,12,highs-ipm,0.07890679100091802,7087.645059007371,4.547473508864641e-13,8.810729923425242e-13,20,2025-04-17 12:00,2025-04-17 12:00,2025-03-28|2025-03-29|2025-03-30|2025-03-31|2025-04-01|2025-04-02|2025-04-03|2025-04-04|2025-04-05|2025-04-06|2025-04-07|2025-04-08|2025-04-09|2025-04-10|2025-04-11|2025-04-12|2025-04-13|2025-04-14|2025-04-15|2025-04-16,144
q3,S3,2025-04-17,18,highs-ipm,0.07834116699814331,6392.887063936164,4.547473508864641e-13,5.115907697472721e-13,20,2025-04-17 18:00,2025-04-17 18:00,2025-03-28|2025-03-29|2025-03-30|2025-03-31|2025-04-01|2025-04-02|2025-04-03|2025-04-04|2025-04-05|2025-04-06|2025-04-07|2025-04-08|2025-04-09|2025-04-10|2025-04-11|2025-04-12|2025-04-13|2025-04-14|2025-04-15|2025-04-16,144
q3,S3,2025-04-18,0,highs-ipm,0.06301783299568342,544.075837713409,4.547473508864641e-13,9.663381206337363e-13,20,2025-04-18 00:00,2025-04-18 00:00,2025-03-29|2025-03-30|2025-03-31|2025-04-01|2025-04-02|2025-04-03|2025-04-04|2025-04-05|2025-04-06|2025-04-07|2025-04-08|2025-04-09|2025-04-10|2025-04-11|2025-04-12|2025-04-13|2025-04-14|2025-04-15|2025-04-16|2025-04-17,144
q3,S3,2025-04-18,6,highs-ipm,0.07369779099826701,7442.148994607537,2.2737367544323206e-13,9.663381206337363e-13,20,2025-04-18 06:00,2025-04-18 06:00,2025-03-29|2025-03-30|2025-03-31|2025-04-01|2025-04-02|2025-04-03|2025-04-04|2025-04-05|2025-04-06|2025-04-07|2025-04-08|2025-04-09|2025-04-10|2025-04-11|2025-04-12|2025-04-13|2025-04-14|2025-04-15|2025-04-16|2025-04-17,144
q3,S3,2025-04-18,12,highs-ipm,0.0713130829972215,6875.077074241512,2.2737367544323206e-13,9.663381206337363e-13,20,2025-04-18 12:00,2025-04-18 12:00,2025-03-29|2025-03-30|2025-03-31|2025-04-01|2025-04-02|2025-04-03|2025-04-04|2025-04-05|2025-04-06|2025-04-07|2025-04-08|2025-04-09|2025-04-10|2025-04-11|2025-04-12|2025-04-13|2025-04-14|2025-04-15|2025-04-16|2025-04-17,144
q3,S3,2025-04-18,18,highs-ipm,0.07158966600400163,6711.444575786143,2.2737367544323206e-13,9.663381206337363e-13,20,2025-04-18 18:00,2025-04-18 18:00,2025-03-29|2025-03-30|2025-03-31|2025-04-01|2025-04-02|2025-04-03|2025-04-04|2025-04-05|2025-04-06|2025-04-07|2025-04-08|2025-04-09|2025-04-10|2025-04-11|2025-04-12|2025-04-13|2025-04-14|2025-04-15|2025-04-16|2025-04-17,144
q3,S3,2025-04-19,0,highs-ipm,0.06434529199759709,563.3334326472627,5.684341886080802e-14,9.094947017729282e-13,20,2025-04-19 00:00,2025-04-19 00:00,2025-03-30|2025-03-31|2025-04-01|2025-04-02|2025-04-03|2025-04-04|2025-04-05|2025-04-06|2025-04-07|2025-04-08|2025-04-09|2025-04-10|2025-04-11|2025-04-12|2025-04-13|2025-04-14|2025-04-15|2025-04-16|2025-04-17|2025-04-18,144
q3,S3,2025-04-19,6,highs-ipm,0.07423849999759113,10032.491437953162,2.2737367544323206e-13,9.663381206337363e-13,20,2025-04-19 06:00,2025-04-19 06:00,2025-03-30|2025-03-31|2025-04-01|2025-04-02|2025-04-03|2025-04-04|2025-04-05|2025-04-06|2025-04-07|2025-04-08|2025-04-09|2025-04-10|2025-04-11|2025-04-12|2025-04-13|2025-04-14|2025-04-15|2025-04-16|2025-04-17|2025-04-18,144
q3,S3,2025-04-19,12,highs-ipm,0.0772374590014806,14804.161471982607,1.1368683772161603e-13,8.810729923425242e-13,20,2025-04-19 12:00,2025-04-19 12:00,2025-03-30|2025-03-31|2025-04-01|2025-04-02|2025-04-03|2025-04-04|2025-04-05|2025-04-06|2025-04-07|2025-04-08|2025-04-09|2025-04-10|2025-04-11|2025-04-12|2025-04-13|2025-04-14|2025-04-15|2025-04-16|2025-04-17|2025-04-18,144
q3,S3,2025-04-19,18,highs-ipm,0.06836487499822397,19233.53623632884,1.1368683772161603e-13,9.094947017729282e-13,20,2025-04-19 18:00,2025-04-19 18:00,2025-03-30|2025-03-31|2025-04-01|2025-04-02|2025-04-03|2025-04-04|2025-04-05|2025-04-06|2025-04-07|2025-04-08|2025-04-09|2025-04-10|2025-04-11|2025-04-12|2025-04-13|2025-04-14|2025-04-15|2025-04-16|2025-04-17|2025-04-18,144
q3,S3,2025-04-20,0,highs-ipm,0.05747924999741372,1708.4485712914684,1.1368683772161603e-13,8.739675649849232e-13,20,2025-04-20 00:00,2025-04-20 00:00,2025-03-31|2025-04-01|2025-04-02|2025-04-03|2025-04-04|2025-04-05|2025-04-06|2025-04-07|2025-04-08|2025-04-09|2025-04-10|2025-04-11|2025-04-12|2025-04-13|2025-04-14|2025-04-15|2025-04-16|2025-04-17|2025-04-18|2025-04-19,144
q3,S3,2025-04-20,6,highs-ipm,0.07627604200388305,10647.198345287019,2.2737367544323206e-13,8.908429549592256e-13,20,2025-04-20 06:00,2025-04-20 06:00,2025-03-31|2025-04-01|2025-04-02|2025-04-03|2025-04-04|2025-04-05|2025-04-06|2025-04-07|2025-04-08|2025-04-09|2025-04-10|2025-04-11|2025-04-12|2025-04-13|2025-04-14|2025-04-15|2025-04-16|2025-04-17|2025-04-18|2025-04-19,144
q3,S3,2025-04-20,12,highs-ipm,0.07152816699817777,13161.176152498027,2.2737367544323206e-13,9.094947017729282e-13,20,2025-04-20 12:00,2025-04-20 12:00,2025-03-31|2025-04-01|2025-04-02|2025-04-03|2025-04-04|2025-04-05|2025-04-06|2025-04-07|2025-04-08|2025-04-09|2025-04-10|2025-04-11|2025-04-12|2025-04-13|2025-04-14|2025-04-15|2025-04-16|2025-04-17|2025-04-18|2025-04-19,144
q3,S3,2025-04-20,18,highs-ipm,0.06589966699539218,18262.03316994097,2.2737367544323206e-13,9.094947017729282e-13,20,2025-04-20 18:00,2025-04-20 18:00,2025-03-31|2025-04-01|2025-04-02|2025-04-03|2025-04-04|2025-04-05|2025-04-06|2025-04-07|2025-04-08|2025-04-09|2025-04-10|2025-04-11|2025-04-12|2025-04-13|2025-04-14|2025-04-15|2025-04-16|2025-04-17|2025-04-18|2025-04-19,144
q3,S3,2025-04-21,0,highs-ipm,0.06075579099706374,2236.878912303449,2.504663143554353e-13,9.094947017729282e-13,20,2025-04-21 00:00,2025-04-21 00:00,2025-04-01|2025-04-02|2025-04-03|2025-04-04|2025-04-05|2025-04-06|2025-04-07|2025-04-08|2025-04-09|2025-04-10|2025-04-11|2025-04-12|2025-04-13|2025-04-14|2025-04-15|2025-04-16|2025-04-17|2025-04-18|2025-04-19|2025-04-20,144
q3,S3,2025-04-21,6,highs-ipm,0.07934633400145685,8081.4372837449,1.1368683772161603e-12,8.872902412804251e-13,20,2025-04-21 06:00,2025-04-21 06:00,2025-04-01|2025-04-02|2025-04-03|2025-04-04|2025-04-05|2025-04-06|2025-04-07|2025-04-08|2025-04-09|2025-04-10|2025-04-11|2025-04-12|2025-04-13|2025-04-14|2025-04-15|2025-04-16|2025-04-17|2025-04-18|2025-04-19|2025-04-20,144
q3,S3,2025-04-21,12,highs-ipm,0.07770183300453937,12051.372250677068,1.1368683772161603e-13,8.86402062860725e-13,20,2025-04-21 12:00,2025-04-21 12:00,2025-04-01|2025-04-02|2025-04-03|2025-04-04|2025-04-05|2025-04-06|2025-04-07|2025-04-08|2025-04-09|2025-04-10|2025-04-11|2025-04-12|2025-04-13|2025-04-14|2025-04-15|2025-04-16|2025-04-17|2025-04-18|2025-04-19|2025-04-20,144
q3,S3,2025-04-21,18,highs-ipm,0.06533895800384926,17739.508316933683,1.1368683772161603e-13,8.633094239485217e-13,20,2025-04-21 18:00,2025-04-21 18:00,2025-04-01|2025-04-02|2025-04-03|2025-04-04|2025-04-05|2025-04-06|2025-04-07|2025-04-08|2025-04-09|2025-04-10|2025-04-11|2025-04-12|2025-04-13|2025-04-14|2025-04-15|2025-04-16|2025-04-17|2025-04-18|2025-04-19|2025-04-20,144
q3,S3,2025-04-22,0,highs-ipm,0.05995987499773037,1887.8550705880473,2.2737367544323206e-13,1.0231815394945443e-12,20,2025-04-22 00:00,2025-04-22 00:00,2025-04-02|2025-04-03|2025-04-04|2025-04-05|2025-04-06|2025-04-07|2025-04-08|2025-04-09|2025-04-10|2025-04-11|2025-04-12|2025-04-13|2025-04-14|2025-04-15|2025-04-16|2025-04-17|2025-04-18|2025-04-19|2025-04-20|2025-04-21,144
q3,S3,2025-04-22,6,highs-ipm,0.07707249999657506,15308.88667574022,1.1368683772161603e-13,9.094947017729282e-13,20,2025-04-22 06:00,2025-04-22 06:00,2025-04-02|2025-04-03|2025-04-04|2025-04-05|2025-04-06|2025-04-07|2025-04-08|2025-04-09|2025-04-10|2025-04-11|2025-04-12|2025-04-13|2025-04-14|2025-04-15|2025-04-16|2025-04-17|2025-04-18|2025-04-19|2025-04-20|2025-04-21,144
q3,S3,2025-04-22,12,highs-ipm,0.07187737499771174,14381.495596527146,1.1368683772161603e-13,9.094947017729282e-13,20,2025-04-22 12:00,2025-04-22 12:00,2025-04-02|2025-04-03|2025-04-04|2025-04-05|2025-04-06|2025-04-07|2025-04-08|2025-04-09|2025-04-10|2025-04-11|2025-04-12|2025-04-13|2025-04-14|2025-04-15|2025-04-16|2025-04-17|2025-04-18|2025-04-19|2025-04-20|2025-04-21,144
q3,S3,2025-04-22,18,highs-ipm,0.06749729099828983,19862.842196022582,2.2737367544323206e-13,1.0231815394945443e-12,20,2025-04-22 18:00,2025-04-22 18:00,2025-04-02|2025-04-03|2025-04-04|2025-04-05|2025-04-06|2025-04-07|2025-04-08|2025-04-09|2025-04-10|2025-04-11|2025-04-12|2025-04-13|2025-04-14|2025-04-15|2025-04-16|2025-04-17|2025-04-18|2025-04-19|2025-04-20|2025-04-21,144
q3,S3,2025-04-23,0,highs-ipm,0.06199945799744455,1775.3958376617754,2.2737367544323206e-13,9.094947017729282e-13,20,2025-04-23 00:00,2025-04-23 00:00,2025-04-03|2025-04-04|2025-04-05|2025-04-06|2025-04-07|2025-04-08|2025-04-09|2025-04-10|2025-04-11|2025-04-12|2025-04-13|2025-04-14|2025-04-15|2025-04-16|2025-04-17|2025-04-18|2025-04-19|2025-04-20|2025-04-21|2025-04-22,144
q3,S3,2025-04-23,6,highs-ipm,0.0769552920028218,14055.503447667177,2.2737367544323206e-13,8.881784197001252e-13,20,2025-04-23 06:00,2025-04-23 06:00,2025-04-03|2025-04-04|2025-04-05|2025-04-06|2025-04-07|2025-04-08|2025-04-09|2025-04-10|2025-04-11|2025-04-12|2025-04-13|2025-04-14|2025-04-15|2025-04-16|2025-04-17|2025-04-18|2025-04-19|2025-04-20|2025-04-21|2025-04-22,144
q3,S3,2025-04-23,12,highs-ipm,0.07554225000058068,15036.166821746729,2.2737367544323206e-13,9.094947017729282e-13,20,2025-04-23 12:00,2025-04-23 12:00,2025-04-03|2025-04-04|2025-04-05|2025-04-06|2025-04-07|2025-04-08|2025-04-09|2025-04-10|2025-04-11|2025-04-12|2025-04-13|2025-04-14|2025-04-15|2025-04-16|2025-04-17|2025-04-18|2025-04-19|2025-04-20|2025-04-21|2025-04-22,144
q3,S3,2025-04-23,18,highs-ipm,0.06718300000648014,21808.350874160344,2.2737367544323206e-13,9.094947017729282e-13,20,2025-04-23 18:00,2025-04-23 18:00,2025-04-03|2025-04-04|2025-04-05|2025-04-06|2025-04-07|2025-04-08|2025-04-09|2025-04-10|2025-04-11|2025-04-12|2025-04-13|2025-04-14|2025-04-15|2025-04-16|2025-04-17|2025-04-18|2025-04-19|2025-04-20|2025-04-21|2025-04-22,144
q3,S3,2025-04-24,0,highs-ipm,0.060774334000598174,1737.2071308608947,1.1368683772161603e-13,9.094947017729282e-13,20,2025-04-24 00:00,2025-04-24 00:00,2025-04-04|2025-04-05|2025-04-06|2025-04-07|2025-04-08|2025-04-09|2025-04-10|2025-04-11|2025-04-12|2025-04-13|2025-04-14|2025-04-15|2025-04-16|2025-04-17|2025-04-18|2025-04-19|2025-04-20|2025-04-21|2025-04-22|2025-04-23,144
q3,S3,2025-04-24,6,highs-ipm,0.07492620900302427,7328.553440494315,1.1368683772161603e-13,8.526512829121202e-13,20,2025-04-24 06:00,2025-04-24 06:00,2025-04-04|2025-04-05|2025-04-06|2025-04-07|2025-04-08|2025-04-09|2025-04-10|2025-04-11|2025-04-12|2025-04-13|2025-04-14|2025-04-15|2025-04-16|2025-04-17|2025-04-18|2025-04-19|2025-04-20|2025-04-21|2025-04-22|2025-04-23,144
q3,S3,2025-04-24,12,highs-ipm,0.07719508400623454,6863.591356553445,1.1368683772161603e-13,7.673861546209082e-13,20,2025-04-24 12:00,2025-04-24 12:00,2025-04-04|2025-04-05|2025-04-06|2025-04-07|2025-04-08|2025-04-09|2025-04-10|2025-04-11|2025-04-12|2025-04-13|2025-04-14|2025-04-15|2025-04-16|2025-04-17|2025-04-18|2025-04-19|2025-04-20|2025-04-21|2025-04-22|2025-04-23,144
q3,S3,2025-04-24,18,highs-ipm,0.08108262500172714,6012.573141230145,1.1368683772161603e-13,5.684341886080801e-13,20,2025-04-24 18:00,2025-04-24 18:00,2025-04-04|2025-04-05|2025-04-06|2025-04-07|2025-04-08|2025-04-09|2025-04-10|2025-04-11|2025-04-12|2025-04-13|2025-04-14|2025-04-15|2025-04-16|2025-04-17|2025-04-18|2025-04-19|2025-04-20|2025-04-21|2025-04-22|2025-04-23,144
q3,S3,2025-04-25,0,highs-ipm,0.060906999999133404,541.4619785329135,8.526512829121202e-13,8.526512829121202e-13,20,2025-04-25 00:00,2025-04-25 00:00,2025-04-05|2025-04-06|2025-04-07|2025-04-08|2025-04-09|2025-04-10|2025-04-11|2025-04-12|2025-04-13|2025-04-14|2025-04-15|2025-04-16|2025-04-17|2025-04-18|2025-04-19|2025-04-20|2025-04-21|2025-04-22|2025-04-23|2025-04-24,144
q3,S3,2025-04-25,6,highs-ipm,0.07365308299631579,7443.193088454181,5.684341886080802e-14,8.968381592922015e-13,20,2025-04-25 06:00,2025-04-25 06:00,2025-04-05|2025-04-06|2025-04-07|2025-04-08|2025-04-09|2025-04-10|2025-04-11|2025-04-12|2025-04-13|2025-04-14|2025-04-15|2025-04-16|2025-04-17|2025-04-18|2025-04-19|2025-04-20|2025-04-21|2025-04-22|2025-04-23|2025-04-24,144
q3,S3,2025-04-25,12,highs-ipm,0.07514295900182333,6034.383539475921,5.684341886080802e-14,9.094947017729282e-13,20,2025-04-25 12:00,2025-04-25 12:00,2025-04-05|2025-04-06|2025-04-07|2025-04-08|2025-04-09|2025-04-10|2025-04-11|2025-04-12|2025-04-13|2025-04-14|2025-04-15|2025-04-16|2025-04-17|2025-04-18|2025-04-19|2025-04-20|2025-04-21|2025-04-22|2025-04-23|2025-04-24,144
q3,S3,2025-04-25,18,highs-ipm,0.07694987500144634,6160.717429315944,2.2737367544323206e-13,9.094947017729282e-13,20,2025-04-25 18:00,2025-04-25 18:00,2025-04-05|2025-04-06|2025-04-07|2025-04-08|2025-04-09|2025-04-10|2025-04-11|2025-04-12|2025-04-13|2025-04-14|2025-04-15|2025-04-16|2025-04-17|2025-04-18|2025-04-19|2025-04-20|2025-04-21|2025-04-22|2025-04-23|2025-04-24,144
q3,S3,2025-04-26,0,highs-ipm,0.06319641600566683,542.2694909481966,2.2737367544323206e-13,7.958078640513122e-13,20,2025-04-26 00:00,2025-04-26 00:00,2025-04-06|2025-04-07|2025-04-08|2025-04-09|2025-04-10|2025-04-11|2025-04-12|2025-04-13|2025-04-14|2025-04-15|2025-04-16|2025-04-17|2025-04-18|2025-04-19|2025-04-20|2025-04-21|2025-04-22|2025-04-23|2025-04-24|2025-04-25,144
q3,S3,2025-04-26,6,highs-ipm,0.07379212500381982,10119.964521843078,0.0,7.958078640513122e-13,20,2025-04-26 06:00,2025-04-26 06:00,2025-04-06|2025-04-07|2025-04-08|2025-04-09|2025-04-10|2025-04-11|2025-04-12|2025-04-13|2025-04-14|2025-04-15|2025-04-16|2025-04-17|2025-04-18|2025-04-19|2025-04-20|2025-04-21|2025-04-22|2025-04-23|2025-04-24|2025-04-25,144
q3,S3,2025-04-26,12,highs-ipm,0.07801645800645929,18447.918211915417,2.2737367544323206e-13,9.094947017729282e-13,20,2025-04-26 12:00,2025-04-26 12:00,2025-04-06|2025-04-07|2025-04-08|2025-04-09|2025-04-10|2025-04-11|2025-04-12|2025-04-13|2025-04-14|2025-04-15|2025-04-16|2025-04-17|2025-04-18|2025-04-19|2025-04-20|2025-04-21|2025-04-22|2025-04-23|2025-04-24|2025-04-25,144
q3,S3,2025-04-26,18,highs-ipm,0.06948266599647468,20285.216822031703,2.2737367544323206e-13,9.094947017729282e-13,20,2025-04-26 18:00,2025-04-26 18:00,2025-04-06|2025-04-07|2025-04-08|2025-04-09|2025-04-10|2025-04-11|2025-04-12|2025-04-13|2025-04-14|2025-04-15|2025-04-16|2025-04-17|2025-04-18|2025-04-19|2025-04-20|2025-04-21|2025-04-22|2025-04-23|2025-04-24|2025-04-25,144
q3,S3,2025-04-27,0,highs-ipm,0.06673724999564001,1550.655372252557,1.1368683772161603e-13,9.094947017729282e-13,20,2025-04-27 00:00,2025-04-27 00:00,2025-04-07|2025-04-08|2025-04-09|2025-04-10|2025-04-11|2025-04-12|2025-04-13|2025-04-14|2025-04-15|2025-04-16|2025-04-17|2025-04-18|2025-04-19|2025-04-20|2025-04-21|2025-04-22|2025-04-23|2025-04-24|2025-04-25|2025-04-26,144
q3,S3,2025-04-27,6,highs-ipm,0.07362587499665096,12494.408745463454,1.1368683772161603e-13,8.952838470577262e-13,20,2025-04-27 06:00,2025-04-27 06:00,2025-04-07|2025-04-08|2025-04-09|2025-04-10|2025-04-11|2025-04-12|2025-04-13|2025-04-14|2025-04-15|2025-04-16|2025-04-17|2025-04-18|2025-04-19|2025-04-20|2025-04-21|2025-04-22|2025-04-23|2025-04-24|2025-04-25|2025-04-26,144
q3,S3,2025-04-27,12,highs-ipm,0.07414883300225483,13628.967843264114,1.1368683772161603e-13,8.384404281969182e-13,20,2025-04-27 12:00,2025-04-27 12:00,2025-04-07|2025-04-08|2025-04-09|2025-04-10|2025-04-11|2025-04-12|2025-04-13|2025-04-14|2025-04-15|2025-04-16|2025-04-17|2025-04-18|2025-04-19|2025-04-20|2025-04-21|2025-04-22|2025-04-23|2025-04-24|2025-04-25|2025-04-26,144
q3,S3,2025-04-27,18,highs-ipm,0.07111091700062389,30766.574482481235,2.2737367544323206e-13,9.094947017729282e-13,20,2025-04-27 18:00,2025-04-27 18:00,2025-04-07|2025-04-08|2025-04-09|2025-04-10|2025-04-11|2025-04-12|2025-04-13|2025-04-14|2025-04-15|2025-04-16|2025-04-17|2025-04-18|2025-04-19|2025-04-20|2025-04-21|2025-04-22|2025-04-23|2025-04-24|2025-04-25|2025-04-26,144
q3,S3,2025-04-28,0,highs-ipm,0.06193541700486094,2112.2482153284686,2.2737367544323206e-13,8.242295734817162e-13,20,2025-04-28 00:00,2025-04-28 00:00,2025-04-08|2025-04-09|2025-04-10|2025-04-11|2025-04-12|2025-04-13|2025-04-14|2025-04-15|2025-04-16|2025-04-17|2025-04-18|2025-04-19|2025-04-20|2025-04-21|2025-04-22|2025-04-23|2025-04-24|2025-04-25|2025-04-26|2025-04-27,144
q3,S3,2025-04-28,6,highs-ipm,0.08161516699328786,11843.29133380576,2.2737367544323206e-13,9.094947017729282e-13,20,2025-04-28 06:00,2025-04-28 06:00,2025-04-08|2025-04-09|2025-04-10|2025-04-11|2025-04-12|2025-04-13|2025-04-14|2025-04-15|2025-04-16|2025-04-17|2025-04-18|2025-04-19|2025-04-20|2025-04-21|2025-04-22|2025-04-23|2025-04-24|2025-04-25|2025-04-26|2025-04-27,144
q3,S3,2025-04-28,12,highs-ipm,0.07546541700139642,12611.115080706648,2.2737367544323206e-13,9.094947017729282e-13,20,2025-04-28 12:00,2025-04-28 12:00,2025-04-08|2025-04-09|2025-04-10|2025-04-11|2025-04-12|2025-04-13|2025-04-14|2025-04-15|2025-04-16|2025-04-17|2025-04-18|2025-04-19|2025-04-20|2025-04-21|2025-04-22|2025-04-23|2025-04-24|2025-04-25|2025-04-26|2025-04-27,144
q3,S3,2025-04-28,18,highs-ipm,0.0680432090011891,22949.679971359335,9.094947017729282e-13,9.094947017729282e-13,20,2025-04-28 18:00,2025-04-28 18:00,2025-04-08|2025-04-09|2025-04-10|2025-04-11|2025-04-12|2025-04-13|2025-04-14|2025-04-15|2025-04-16|2025-04-17|2025-04-18|2025-04-19|2025-04-20|2025-04-21|2025-04-22|2025-04-23|2025-04-24|2025-04-25|2025-04-26|2025-04-27,144
q3,S3,2025-04-29,0,highs-ipm,0.06308154100406682,1614.8649340851414,2.2737367544323206e-13,9.094947017729282e-13,20,2025-04-29 00:00,2025-04-29 00:00,2025-04-09|2025-04-10|2025-04-11|2025-04-12|2025-04-13|2025-04-14|2025-04-15|2025-04-16|2025-04-17|2025-04-18|2025-04-19|2025-04-20|2025-04-21|2025-04-22|2025-04-23|2025-04-24|2025-04-25|2025-04-26|2025-04-27|2025-04-28,144
q3,S3,2025-04-29,6,highs-ipm,0.07558516699646134,10741.430354642933,2.2737367544323206e-13,9.094947017729282e-13,20,2025-04-29 06:00,2025-04-29 06:00,2025-04-09|2025-04-10|2025-04-11|2025-04-12|2025-04-13|2025-04-14|2025-04-15|2025-04-16|2025-04-17|2025-04-18|2025-04-19|2025-04-20|2025-04-21|2025-04-22|2025-04-23|2025-04-24|2025-04-25|2025-04-26|2025-04-27|2025-04-28,144
q3,S3,2025-04-29,12,highs-ipm,0.07815158300218172,15099.698254443869,2.2737367544323206e-13,9.094947017729282e-13,20,2025-04-29 12:00,2025-04-29 12:00,2025-04-09|2025-04-10|2025-04-11|2025-04-12|2025-04-13|2025-04-14|2025-04-15|2025-04-16|2025-04-17|2025-04-18|2025-04-19|2025-04-20|2025-04-21|2025-04-22|2025-04-23|2025-04-24|2025-04-25|2025-04-26|2025-04-27|2025-04-28,144
q3,S3,2025-04-29,18,highs-ipm,0.06767283299996052,25334.59777301873,5.684341886080801e-13,9.094947017729282e-13,20,2025-04-29 18:00,2025-04-29 18:00,2025-04-09|2025-04-10|2025-04-11|2025-04-12|2025-04-13|2025-04-14|2025-04-15|2025-04-16|2025-04-17|2025-04-18|2025-04-19|2025-04-20|2025-04-21|2025-04-22|2025-04-23|2025-04-24|2025-04-25|2025-04-26|2025-04-27|2025-04-28,144
q3,S3,2025-04-30,0,highs-ipm,0.06580679200123996,1474.5915576316834,2.2737367544323206e-13,9.094947017729282e-13,20,2025-04-30 00:00,2025-04-30 00:00,2025-04-10|2025-04-11|2025-04-12|2025-04-13|2025-04-14|2025-04-15|2025-04-16|2025-04-17|2025-04-18|2025-04-19|2025-04-20|2025-04-21|2025-04-22|2025-04-23|2025-04-24|2025-04-25|2025-04-26|2025-04-27|2025-04-28|2025-04-29,144
q3,S3,2025-04-30,6,highs-ipm,0.07445241600362351,10617.226319510446,2.2737367544323206e-13,9.094947017729282e-13,20,2025-04-30 06:00,2025-04-30 06:00,2025-04-10|2025-04-11|2025-04-12|2025-04-13|2025-04-14|2025-04-15|2025-04-16|2025-04-17|2025-04-18|2025-04-19|2025-04-20|2025-04-21|2025-04-22|2025-04-23|2025-04-24|2025-04-25|2025-04-26|2025-04-27|2025-04-28|2025-04-29,144
q3,S3,2025-04-30,12,highs-ipm,0.07760987499932526,13987.562057725347,2.2737367544323206e-13,9.094947017729282e-13,20,2025-04-30 12:00,2025-04-30 12:00,2025-04-10|2025-04-11|2025-04-12|2025-04-13|2025-04-14|2025-04-15|2025-04-16|2025-04-17|2025-04-18|2025-04-19|2025-04-20|2025-04-21|2025-04-22|2025-04-23|2025-04-24|2025-04-25|2025-04-26|2025-04-27|2025-04-28|2025-04-29,144
q3,S3,2025-04-30,18,highs-ipm,0.06820995800080709,17416.658590376206,2.2737367544323206e-13,9.094947017729282e-13,20,2025-04-30 18:00,2025-04-30 18:00,2025-04-10|2025-04-11|2025-04-12|2025-04-13|2025-04-14|2025-04-15|2025-04-16|2025-04-17|2025-04-18|2025-04-19|2025-04-20|2025-04-21|2025-04-22|2025-04-23|2025-04-24|2025-04-25|2025-04-26|2025-04-27|2025-04-28|2025-04-29,144
q3,S3,2025-05-01,0,highs-ipm,0.06437241600360721,1571.294105116905,2.2737367544323206e-13,9.094947017729282e-13,20,2025-05-01 00:00,2025-05-01 00:00,2025-04-11|2025-04-12|2025-04-13|2025-04-14|2025-04-15|2025-04-16|2025-04-17|2025-04-18|2025-04-19|2025-04-20|2025-04-21|2025-04-22|2025-04-23|2025-04-24|2025-04-25|2025-04-26|2025-04-27|2025-04-28|2025-04-29|2025-04-30,144
q3,S3,2025-05-01,6,highs-ipm,0.08266745799483033,7777.77969537357,2.2737367544323206e-13,9.094947017729282e-13,20,2025-05-01 06:00,2025-05-01 06:00,2025-04-11|2025-04-12|2025-04-13|2025-04-14|2025-04-15|2025-04-16|2025-04-17|2025-04-18|2025-04-19|2025-04-20|2025-04-21|2025-04-22|2025-04-23|2025-04-24|2025-04-25|2025-04-26|2025-04-27|2025-04-28|2025-04-29|2025-04-30,144
q3,S3,2025-05-01,12,highs-ipm,0.07943516699742759,6638.413193697656,2.2737367544323206e-13,9.094947017729282e-13,20,2025-05-01 12:00,2025-05-01 12:00,2025-04-11|2025-04-12|2025-04-13|2025-04-14|2025-04-15|2025-04-16|2025-04-17|2025-04-18|2025-04-19|2025-04-20|2025-04-21|2025-04-22|2025-04-23|2025-04-24|2025-04-25|2025-04-26|2025-04-27|2025-04-28|2025-04-29|2025-04-30,144
q3,S3,2025-05-01,18,highs-ipm,0.07399025000631809,7278.122042924716,2.2737367544323206e-13,9.094947017729282e-13,20,2025-05-01 18:00,2025-05-01 18:00,2025-04-11|2025-04-12|2025-04-13|2025-04-14|2025-04-15|2025-04-16|2025-04-17|2025-04-18|2025-04-19|2025-04-20|2025-04-21|2025-04-22|2025-04-23|2025-04-24|2025-04-25|2025-04-26|2025-04-27|2025-04-28|2025-04-29|2025-04-30,144
q3,S3,2025-05-02,0,highs-ipm,0.06423275000270223,1017.0025079009073,1.1368683772161603e-13,8.810729923425242e-13,20,2025-05-02 00:00,2025-05-02 00:00,2025-04-12|2025-04-13|2025-04-14|2025-04-15|2025-04-16|2025-04-17|2025-04-18|2025-04-19|2025-04-20|2025-04-21|2025-04-22|2025-04-23|2025-04-24|2025-04-25|2025-04-26|2025-04-27|2025-04-28|2025-04-29|2025-04-30|2025-05-01,144
q3,S3,2025-05-02,6,highs-ipm,0.08255004099919461,7860.131580614428,1.1368683772161603e-13,1.0231815394945443e-12,20,2025-05-02 06:00,2025-05-02 06:00,2025-04-12|2025-04-13|2025-04-14|2025-04-15|2025-04-16|2025-04-17|2025-04-18|2025-04-19|2025-04-20|2025-04-21|2025-04-22|2025-04-23|2025-04-24|2025-04-25|2025-04-26|2025-04-27|2025-04-28|2025-04-29|2025-04-30|2025-05-01,144
q3,S3,2025-05-02,12,highs-ipm,0.07508375000179512,6009.750203140763,5.684341886080802e-14,7.958078640513122e-13,20,2025-05-02 12:00,2025-05-02 12:00,2025-04-12|2025-04-13|2025-04-14|2025-04-15|2025-04-16|2025-04-17|2025-04-18|2025-04-19|2025-04-20|2025-04-21|2025-04-22|2025-04-23|2025-04-24|2025-04-25|2025-04-26|2025-04-27|2025-04-28|2025-04-29|2025-04-30|2025-05-01,144
q3,S3,2025-05-02,18,highs-ipm,0.07667008400312625,7026.939762108583,5.684341886080802e-14,7.958078640513122e-13,20,2025-05-02 18:00,2025-05-02 18:00,2025-04-12|2025-04-13|2025-04-14|2025-04-15|2025-04-16|2025-04-17|2025-04-18|2025-04-19|2025-04-20|2025-04-21|2025-04-22|2025-04-23|2025-04-24|2025-04-25|2025-04-26|2025-04-27|2025-04-28|2025-04-29|2025-04-30|2025-05-01,144
q3,S3,2025-05-03,0,highs-ipm,0.06629191599495243,1169.0809668290503,4.121147867408581e-13,8.952838470577262e-13,20,2025-05-03 00:00,2025-05-03 00:00,2025-04-13|2025-04-14|2025-04-15|2025-04-16|2025-04-17|2025-04-18|2025-04-19|2025-04-20|2025-04-21|2025-04-22|2025-04-23|2025-04-24|2025-04-25|2025-04-26|2025-04-27|2025-04-28|2025-04-29|2025-04-30|2025-05-01|2025-05-02,144
q3,S3,2025-05-03,6,highs-ipm,0.08204383299744222,10439.5505032895,5.684341886080802e-14,9.094947017729282e-13,20,2025-05-03 06:00,2025-05-03 06:00,2025-04-13|2025-04-14|2025-04-15|2025-04-16|2025-04-17|2025-04-18|2025-04-19|2025-04-20|2025-04-21|2025-04-22|2025-04-23|2025-04-24|2025-04-25|2025-04-26|2025-04-27|2025-04-28|2025-04-29|2025-04-30|2025-05-01|2025-05-02,144
q3,S3,2025-05-03,12,highs-ipm,0.0760031660029199,16092.218946397625,2.2737367544323206e-13,9.094947017729282e-13,20,2025-05-03 12:00,2025-05-03 12:00,2025-04-13|2025-04-14|2025-04-15|2025-04-16|2025-04-17|2025-04-18|2025-04-19|2025-04-20|2025-04-21|2025-04-22|2025-04-23|2025-04-24|2025-04-25|2025-04-26|2025-04-27|2025-04-28|2025-04-29|2025-04-30|2025-05-01|2025-05-02,144
q3,S3,2025-05-03,18,highs-ipm,0.06682704199920408,17205.05372494813,1.1368683772161603e-13,9.094947017729282e-13,20,2025-05-03 18:00,2025-05-03 18:00,2025-04-13|2025-04-14|2025-04-15|2025-04-16|2025-04-17|2025-04-18|2025-04-19|2025-04-20|2025-04-21|2025-04-22|2025-04-23|2025-04-24|2025-04-25|2025-04-26|2025-04-27|2025-04-28|2025-04-29|2025-04-30|2025-05-01|2025-05-02,144
q3,S3,2025-05-04,0,highs-ipm,0.0606633330025943,2385.864227500231,2.2737367544323206e-13,9.094947017729282e-13,20,2025-05-04 00:00,2025-05-04 00:00,2025-04-14|2025-04-15|2025-04-16|2025-04-17|2025-04-18|2025-04-19|2025-04-20|2025-04-21|2025-04-22|2025-04-23|2025-04-24|2025-04-25|2025-04-26|2025-04-27|2025-04-28|2025-04-29|2025-04-30|2025-05-01|2025-05-02|2025-05-03,144
q3,S3,2025-05-04,6,highs-ipm,0.07195154199871467,9938.977567369,1.1368683772161603e-13,8.668621376273222e-13,20,2025-05-04 06:00,2025-05-04 06:00,2025-04-14|2025-04-15|2025-04-16|2025-04-17|2025-04-18|2025-04-19|2025-04-20|2025-04-21|2025-04-22|2025-04-23|2025-04-24|2025-04-25|2025-04-26|2025-04-27|2025-04-28|2025-04-29|2025-04-30|2025-05-01|2025-05-02|2025-05-03,144
q3,S3,2025-05-04,12,highs-ipm,0.08147291699424386,13879.771588921873,1.1368683772161603e-13,9.094947017729282e-13,20,2025-05-04 12:00,2025-05-04 12:00,2025-04-14|2025-04-15|2025-04-16|2025-04-17|2025-04-18|2025-04-19|2025-04-20|2025-04-21|2025-04-22|2025-04-23|2025-04-24|2025-04-25|2025-04-26|2025-04-27|2025-04-28|2025-04-29|2025-04-30|2025-05-01|2025-05-02|2025-05-03,144
q3,S3,2025-05-04,18,highs-ipm,0.07084125000255881,31447.39133282661,5.684341886080802e-14,9.094947017729282e-13,20,2025-05-04 18:00,2025-05-04 18:00,2025-04-14|2025-04-15|2025-04-16|2025-04-17|2025-04-18|2025-04-19|2025-04-20|2025-04-21|2025-04-22|2025-04-23|2025-04-24|2025-04-25|2025-04-26|2025-04-27|2025-04-28|2025-04-29|2025-04-30|2025-05-01|2025-05-02|2025-05-03,144
q3,S3,2025-05-05,0,highs-ipm,0.06001070799538866,2611.1431421934144,5.684341886080801e-13,1.0231815394945443e-12,20,2025-05-05 00:00,2025-05-05 00:00,2025-04-15|2025-04-16|2025-04-17|2025-04-18|2025-04-19|2025-04-20|2025-04-21|2025-04-22|2025-04-23|2025-04-24|2025-04-25|2025-04-26|2025-04-27|2025-04-28|2025-04-29|2025-04-30|2025-05-01|2025-05-02|2025-05-03|2025-05-04,144
q3,S3,2025-05-05,6,highs-ipm,0.07601925000199117,10117.101247072453,5.684341886080801e-13,1.0231815394945443e-12,20,2025-05-05 06:00,2025-05-05 06:00,2025-04-15|2025-04-16|2025-04-17|2025-04-18|2025-04-19|2025-04-20|2025-04-21|2025-04-22|2025-04-23|2025-04-24|2025-04-25|2025-04-26|2025-04-27|2025-04-28|2025-04-29|2025-04-30|2025-05-01|2025-05-02|2025-05-03|2025-05-04,144
q3,S3,2025-05-05,12,highs-ipm,0.07559854200371774,12400.358470338111,1.1368683772161603e-13,9.094947017729282e-13,20,2025-05-05 12:00,2025-05-05 12:00,2025-04-15|2025-04-16|2025-04-17|2025-04-18|2025-04-19|2025-04-20|2025-04-21|2025-04-22|2025-04-23|2025-04-24|2025-04-25|2025-04-26|2025-04-27|2025-04-28|2025-04-29|2025-04-30|2025-05-01|2025-05-02|2025-05-03|2025-05-04,144
q3,S3,2025-05-05,18,highs-ipm,0.07202795799821615,17168.152208726882,5.684341886080801e-13,1.0231815394945443e-12,20,2025-05-05 18:00,2025-05-05 18:00,2025-04-15|2025-04-16|2025-04-17|2025-04-18|2025-04-19|2025-04-20|2025-04-21|2025-04-22|2025-04-23|2025-04-24|2025-04-25|2025-04-26|2025-04-27|2025-04-28|2025-04-29|2025-04-30|2025-05-01|2025-05-02|2025-05-03|2025-05-04,144
q3,S3,2025-05-06,0,highs-ipm,0.0648827920012991,2128.1969009482937,1.1368683772161603e-13,9.094947017729282e-13,20,2025-05-06 00:00,2025-05-06 00:00,2025-04-16|2025-04-17|2025-04-18|2025-04-19|2025-04-20|2025-04-21|2025-04-22|2025-04-23|2025-04-24|2025-04-25|2025-04-26|2025-04-27|2025-04-28|2025-04-29|2025-04-30|2025-05-01|2025-05-02|2025-05-03|2025-05-04|2025-05-05,144
q3,S3,2025-05-06,6,highs-ipm,0.07852533299592324,13243.118727725507,1.1368683772161603e-13,9.094947017729282e-13,20,2025-05-06 06:00,2025-05-06 06:00,2025-04-16|2025-04-17|2025-04-18|2025-04-19|2025-04-20|2025-04-21|2025-04-22|2025-04-23|2025-04-24|2025-04-25|2025-04-26|2025-04-27|2025-04-28|2025-04-29|2025-04-30|2025-05-01|2025-05-02|2025-05-03|2025-05-04|2025-05-05,144
q3,S3,2025-05-06,12,highs-ipm,0.07429704099922674,26642.84450158077,2.2737367544323206e-13,1.0231815394945443e-12,20,2025-05-06 12:00,2025-05-06 12:00,2025-04-16|2025-04-17|2025-04-18|2025-04-19|2025-04-20|2025-04-21|2025-04-22|2025-04-23|2025-04-24|2025-04-25|2025-04-26|2025-04-27|2025-04-28|2025-04-29|2025-04-30|2025-05-01|2025-05-02|2025-05-03|2025-05-04|2025-05-05,144
q3,S3,2025-05-06,18,highs-ipm,0.06737295800121501,21012.370048086406,2.2737367544323206e-13,7.958078640513122e-13,20,2025-05-06 18:00,2025-05-06 18:00,2025-04-16|2025-04-17|2025-04-18|2025-04-19|2025-04-20|2025-04-21|2025-04-22|2025-04-23|2025-04-24|2025-04-25|2025-04-26|2025-04-27|2025-04-28|2025-04-29|2025-04-30|2025-05-01|2025-05-02|2025-05-03|2025-05-04|2025-05-05,144
q3,S3,2025-05-07,0,highs-ipm,0.05923587500001304,2069.18184998825,1.1368683772161603e-12,9.094947017729282e-13,20,2025-05-07 00:00,2025-05-07 00:00,2025-04-17|2025-04-18|2025-04-19|2025-04-20|2025-04-21|2025-04-22|2025-04-23|2025-04-24|2025-04-25|2025-04-26|2025-04-27|2025-04-28|2025-04-29|2025-04-30|2025-05-01|2025-05-02|2025-05-03|2025-05-04|2025-05-05|2025-05-06,144
q3,S3,2025-05-07,6,highs-ipm,0.07716933300253004,12995.448505868966,1.1368683772161603e-13,9.094947017729282e-13,20,2025-05-07 06:00,2025-05-07 06:00,2025-04-17|2025-04-18|2025-04-19|2025-04-20|2025-04-21|2025-04-22|2025-04-23|2025-04-24|2025-04-25|2025-04-26|2025-04-27|2025-04-28|2025-04-29|2025-04-30|2025-05-01|2025-05-02|2025-05-03|2025-05-04|2025-05-05|2025-05-06,144
q3,S3,2025-05-07,12,highs-ipm,0.07203845800540876,22291.823711660956,1.1368683772161603e-13,9.094947017729282e-13,20,2025-05-07 12:00,2025-05-07 12:00,2025-04-17|2025-04-18|2025-04-19|2025-04-20|2025-04-21|2025-04-22|2025-04-23|2025-04-24|2025-04-25|2025-04-26|2025-04-27|2025-04-28|2025-04-29|2025-04-30|2025-05-01|2025-05-02|2025-05-03|2025-05-04|2025-05-05|2025-05-06,144
q3,S3,2025-05-07,18,highs-ipm,0.06795120899914764,18163.38532319901,1.1368683772161603e-13,9.094947017729282e-13,20,2025-05-07 18:00,2025-05-07 18:00,2025-04-17|2025-04-18|2025-04-19|2025-04-20|2025-04-21|2025-04-22|2025-04-23|2025-04-24|2025-04-25|2025-04-26|2025-04-27|2025-04-28|2025-04-29|2025-04-30|2025-05-01|2025-05-02|2025-05-03|2025-05-04|2025-05-05|2025-05-06,144
q3,S3,2025-05-08,0,highs-ipm,0.059565875002590474,2391.2017473065894,2.2737367544323206e-13,9.094947017729282e-13,20,2025-05-08 00:00,2025-05-08 00:00,2025-04-18|2025-04-19|2025-04-20|2025-04-21|2025-04-22|2025-04-23|2025-04-24|2025-04-25|2025-04-26|2025-04-27|2025-04-28|2025-04-29|2025-04-30|2025-05-01|2025-05-02|2025-05-03|2025-05-04|2025-05-05|2025-05-06|2025-05-07,144
q3,S3,2025-05-08,6,highs-ipm,0.07930341699830024,7522.989736552453,2.2737367544323206e-13,9.094947017729282e-13,20,2025-05-08 06:00,2025-05-08 06:00,2025-04-18|2025-04-19|2025-04-20|2025-04-21|2025-04-22|2025-04-23|2025-04-24|2025-04-25|2025-04-26|2025-04-27|2025-04-28|2025-04-29|2025-04-30|2025-05-01|2025-05-02|2025-05-03|2025-05-04|2025-05-05|2025-05-06|2025-05-07,144
q3,S3,2025-05-08,12,highs-ipm,0.07363433400314534,10980.524097221149,2.2737367544323206e-13,9.094947017729282e-13,20,2025-05-08 12:00,2025-05-08 12:00,2025-04-18|2025-04-19|2025-04-20|2025-04-21|2025-04-22|2025-04-23|2025-04-24|2025-04-25|2025-04-26|2025-04-27|2025-04-28|2025-04-29|2025-04-30|2025-05-01|2025-05-02|2025-05-03|2025-05-04|2025-05-05|2025-05-06|2025-05-07,144
q3,S3,2025-05-08,18,highs-ipm,0.084822124998027,7314.907275273845,2.2737367544323206e-13,7.815970093361102e-13,20,2025-05-08 18:00,2025-05-08 18:00,2025-04-18|2025-04-19|2025-04-20|2025-04-21|2025-04-22|2025-04-23|2025-04-24|2025-04-25|2025-04-26|2025-04-27|2025-04-28|2025-04-29|2025-04-30|2025-05-01|2025-05-02|2025-05-03|2025-05-04|2025-05-05|2025-05-06|2025-05-07,144
q3,S3,2025-05-09,0,highs-ipm,0.06527358399762306,1051.4027103548367,5.684341886080801e-13,9.094947017729282e-13,20,2025-05-09 00:00,2025-05-09 00:00,2025-04-19|2025-04-20|2025-04-21|2025-04-22|2025-04-23|2025-04-24|2025-04-25|2025-04-26|2025-04-27|2025-04-28|2025-04-29|2025-04-30|2025-05-01|2025-05-02|2025-05-03|2025-05-04|2025-05-05|2025-05-06|2025-05-07|2025-05-08,144
q3,S3,2025-05-09,6,highs-ipm,0.074230375001207,8617.362847991224,5.684341886080802e-14,8.313350008393172e-13,20,2025-05-09 06:00,2025-05-09 06:00,2025-04-19|2025-04-20|2025-04-21|2025-04-22|2025-04-23|2025-04-24|2025-04-25|2025-04-26|2025-04-27|2025-04-28|2025-04-29|2025-04-30|2025-05-01|2025-05-02|2025-05-03|2025-05-04|2025-05-05|2025-05-06|2025-05-07|2025-05-08,144
q3,S3,2025-05-09,12,highs-ipm,0.08234879199881107,10618.629522875666,5.684341886080802e-14,9.094947017729282e-13,20,2025-05-09 12:00,2025-05-09 12:00,2025-04-19|2025-04-20|2025-04-21|2025-04-22|2025-04-23|2025-04-24|2025-04-25|2025-04-26|2025-04-27|2025-04-28|2025-04-29|2025-04-30|2025-05-01|2025-05-02|2025-05-03|2025-05-04|2025-05-05|2025-05-06|2025-05-07|2025-05-08,144
q3,S3,2025-05-09,18,highs-ipm,0.07700925000244752,6610.24065740823,2.149391775674303e-13,7.389644451905042e-13,20,2025-05-09 18:00,2025-05-09 18:00,2025-04-19|2025-04-20|2025-04-21|2025-04-22|2025-04-23|2025-04-24|2025-04-25|2025-04-26|2025-04-27|2025-04-28|2025-04-29|2025-04-30|2025-05-01|2025-05-02|2025-05-03|2025-05-04|2025-05-05|2025-05-06|2025-05-07|2025-05-08,144
q3,S3,2025-05-10,0,highs-ipm,0.06289887499588076,1023.4044633877039,1.3642420526593924e-12,7.958078640513122e-13,20,2025-05-10 00:00,2025-05-10 00:00,2025-04-20|2025-04-21|2025-04-22|2025-04-23|2025-04-24|2025-04-25|2025-04-26|2025-04-27|2025-04-28|2025-04-29|2025-04-30|2025-05-01|2025-05-02|2025-05-03|2025-05-04|2025-05-05|2025-05-06|2025-05-07|2025-05-08|2025-05-09,144
q3,S3,2025-05-10,6,highs-ipm,0.0851641670014942,11247.510466744554,1.1368683772161603e-13,9.094947017729282e-13,20,2025-05-10 06:00,2025-05-10 06:00,2025-04-20|2025-04-21|2025-04-22|2025-04-23|2025-04-24|2025-04-25|2025-04-26|2025-04-27|2025-04-28|2025-04-29|2025-04-30|2025-05-01|2025-05-02|2025-05-03|2025-05-04|2025-05-05|2025-05-06|2025-05-07|2025-05-08|2025-05-09,144
q3,S3,2025-05-10,12,highs-ipm,0.07670087500446243,14888.628242640545,5.684341886080802e-14,9.094947017729282e-13,20,2025-05-10 12:00,2025-05-10 12:00,2025-04-20|2025-04-21|2025-04-22|2025-04-23|2025-04-24|2025-04-25|2025-04-26|2025-04-27|2025-04-28|2025-04-29|2025-04-30|2025-05-01|2025-05-02|2025-05-03|2025-05-04|2025-05-05|2025-05-06|2025-05-07|2025-05-08|2025-05-09,144
q3,S3,2025-05-10,18,highs-ipm,0.06610458400245989,34552.31548263439,5.684341886080802e-14,1.0231815394945443e-12,20,2025-05-10 18:00,2025-05-10 18:00,2025-04-20|2025-04-21|2025-04-22|2025-04-23|2025-04-24|2025-04-25|2025-04-26|2025-04-27|2025-04-28|2025-04-29|2025-04-30|2025-05-01|2025-05-02|2025-05-03|2025-05-04|2025-05-05|2025-05-06|2025-05-07|2025-05-08|2025-05-09,144
q3,S3,2025-05-11,0,highs-ipm,0.05492749999393709,2668.9806021318755,1.1368683772161603e-13,9.094947017729282e-13,20,2025-05-11 00:00,2025-05-11 00:00,2025-04-21|2025-04-22|2025-04-23|2025-04-24|2025-04-25|2025-04-26|2025-04-27|2025-04-28|2025-04-29|2025-04-30|2025-05-01|2025-05-02|2025-05-03|2025-05-04|2025-05-05|2025-05-06|2025-05-07|2025-05-08|2025-05-09|2025-05-10,144
q3,S3,2025-05-11,6,highs-ipm,0.08047575000091456,12016.058426407766,1.1368683772161603e-13,9.094947017729282e-13,20,2025-05-11 06:00,2025-05-11 06:00,2025-04-21|2025-04-22|2025-04-23|2025-04-24|2025-04-25|2025-04-26|2025-04-27|2025-04-28|2025-04-29|2025-04-30|2025-05-01|2025-05-02|2025-05-03|2025-05-04|2025-05-05|2025-05-06|2025-05-07|2025-05-08|2025-05-09|2025-05-10,144
q3,S3,2025-05-11,12,highs-ipm,0.073784334002994,17333.94572915462,1.1368683772161603e-13,9.094947017729282e-13,20,2025-05-11 12:00,2025-05-11 12:00,2025-04-21|2025-04-22|2025-04-23|2025-04-24|2025-04-25|2025-04-26|2025-04-27|2025-04-28|2025-04-29|2025-04-30|2025-05-01|2025-05-02|2025-05-03|2025-05-04|2025-05-05|2025-05-06|2025-05-07|2025-05-08|2025-05-09|2025-05-10,144
q3,S3,2025-05-11,18,highs-ipm,0.06605466699693352,23610.599686346774,0.0,9.094947017729282e-13,20,2025-05-11 18:00,2025-05-11 18:00,2025-04-21|2025-04-22|2025-04-23|2025-04-24|2025-04-25|2025-04-26|2025-04-27|2025-04-28|2025-04-29|2025-04-30|2025-05-01|2025-05-02|2025-05-03|2025-05-04|2025-05-05|2025-05-06|2025-05-07|2025-05-08|2025-05-09|2025-05-10,144
q3,S3,2025-05-12,0,highs-ipm,0.06404366700007813,1990.4888937576027,7.958078640513122e-13,9.094947017729282e-13,20,2025-05-12 00:00,2025-05-12 00:00,2025-04-22|2025-04-23|2025-04-24|2025-04-25|2025-04-26|2025-04-27|2025-04-28|2025-04-29|2025-04-30|2025-05-01|2025-05-02|2025-05-03|2025-05-04|2025-05-05|2025-05-06|2025-05-07|2025-05-08|2025-05-09|2025-05-10|2025-05-11,144
q3,S3,2025-05-12,6,highs-ipm,0.07804058300098404,14720.08635719997,2.2737367544323206e-13,7.958078640513122e-13,20,2025-05-12 06:00,2025-05-12 06:00,2025-04-22|2025-04-23|2025-04-24|2025-04-25|2025-04-26|2025-04-27|2025-04-28|2025-04-29|2025-04-30|2025-05-01|2025-05-02|2025-05-03|2025-05-04|2025-05-05|2025-05-06|2025-05-07|2025-05-08|2025-05-09|2025-05-10|2025-05-11,144
q3,S3,2025-05-12,12,highs-ipm,0.07292558400513371,13942.6611645679,2.2737367544323206e-13,9.094947017729282e-13,20,2025-05-12 12:00,2025-05-12 12:00,2025-04-22|2025-04-23|2025-04-24|2025-04-25|2025-04-26|2025-04-27|2025-04-28|2025-04-29|2025-04-30|2025-05-01|2025-05-02|2025-05-03|2025-05-04|2025-05-05|2025-05-06|2025-05-07|2025-05-08|2025-05-09|2025-05-10|2025-05-11,144
q3,S3,2025-05-12,18,highs-ipm,0.06739050000032876,26226.50191138024,2.2737367544323206e-13,9.094947017729282e-13,20,2025-05-12 18:00,2025-05-12 18:00,2025-04-22|2025-04-23|2025-04-24|2025-04-25|2025-04-26|2025-04-27|2025-04-28|2025-04-29|2025-04-30|2025-05-01|2025-05-02|2025-05-03|2025-05-04|2025-05-05|2025-05-06|2025-05-07|2025-05-08|2025-05-09|2025-05-10|2025-05-11,144
q3,S3,2025-05-13,0,highs-ipm,0.05795824999950128,2557.791700309016,1.1368683772161603e-13,9.094947017729282e-13,20,2025-05-13 00:00,2025-05-13 00:00,2025-04-23|2025-04-24|2025-04-25|2025-04-26|2025-04-27|2025-04-28|2025-04-29|2025-04-30|2025-05-01|2025-05-02|2025-05-03|2025-05-04|2025-05-05|2025-05-06|2025-05-07|2025-05-08|2025-05-09|2025-05-10|2025-05-11|2025-05-12,144
q3,S3,2025-05-13,6,highs-ipm,0.07852316700154915,9774.990749585608,1.1368683772161603e-13,8.668621376273222e-13,20,2025-05-13 06:00,2025-05-13 06:00,2025-04-23|2025-04-24|2025-04-25|2025-04-26|2025-04-27|2025-04-28|2025-04-29|2025-04-30|2025-05-01|2025-05-02|2025-05-03|2025-05-04|2025-05-05|2025-05-06|2025-05-07|2025-05-08|2025-05-09|2025-05-10|2025-05-11|2025-05-12,144
q3,S3,2025-05-13,12,highs-ipm,0.07271158300136449,25822.236103147734,2.2737367544323206e-13,9.094947017729282e-13,20,2025-05-13 12:00,2025-05-13 12:00,2025-04-23|2025-04-24|2025-04-25|2025-04-26|2025-04-27|2025-04-28|2025-04-29|2025-04-30|2025-05-01|2025-05-02|2025-05-03|2025-05-04|2025-05-05|2025-05-06|2025-05-07|2025-05-08|2025-05-09|2025-05-10|2025-05-11|2025-05-12,144
q3,S3,2025-05-13,18,highs-ipm,0.07034991699765669,22138.821332993364,1.1368683772161603e-13,9.094947017729282e-13,20,2025-05-13 18:00,2025-05-13 18:00,2025-04-23|2025-04-24|2025-04-25|2025-04-26|2025-04-27|2025-04-28|2025-04-29|2025-04-30|2025-05-01|2025-05-02|2025-05-03|2025-05-04|2025-05-05|2025-05-06|2025-05-07|2025-05-08|2025-05-09|2025-05-10|2025-05-11|2025-05-12,144
q3,S3,2025-05-14,0,highs-ipm,0.05883541699586203,2118.782325502569,2.2737367544323206e-13,9.094947017729282e-13,20,2025-05-14 00:00,2025-05-14 00:00,2025-04-24|2025-04-25|2025-04-26|2025-04-27|2025-04-28|2025-04-29|2025-04-30|2025-05-01|2025-05-02|2025-05-03|2025-05-04|2025-05-05|2025-05-06|2025-05-07|2025-05-08|2025-05-09|2025-05-10|2025-05-11|2025-05-12|2025-05-13,144
q3,S3,2025-05-14,6,highs-ipm,0.07101374999911059,11782.008015305573,1.1368683772161603e-13,9.094947017729282e-13,20,2025-05-14 06:00,2025-05-14 06:00,2025-04-24|2025-04-25|2025-04-26|2025-04-27|2025-04-28|2025-04-29|2025-04-30|2025-05-01|2025-05-02|2025-05-03|2025-05-04|2025-05-05|2025-05-06|2025-05-07|2025-05-08|2025-05-09|2025-05-10|2025-05-11|2025-05-12|2025-05-13,144
q3,S3,2025-05-14,12,highs-ipm,0.0737391660004505,12767.549929504261,1.1368683772161603e-13,9.094947017729282e-13,20,2025-05-14 12:00,2025-05-14 12:00,2025-04-24|2025-04-25|2025-04-26|2025-04-27|2025-04-28|2025-04-29|2025-04-30|2025-05-01|2025-05-02|2025-05-03|2025-05-04|2025-05-05|2025-05-06|2025-05-07|2025-05-08|2025-05-09|2025-05-10|2025-05-11|2025-05-12|2025-05-13,144
q3,S3,2025-05-14,18,highs-ipm,0.06706270800350467,21425.55999751433,1.1368683772161603e-13,9.094947017729282e-13,20,2025-05-14 18:00,2025-05-14 18:00,2025-04-24|2025-04-25|2025-04-26|2025-04-27|2025-04-28|2025-04-29|2025-04-30|2025-05-01|2025-05-02|2025-05-03|2025-05-04|2025-05-05|2025-05-06|2025-05-07|2025-05-08|2025-05-09|2025-05-10|2025-05-11|2025-05-12|2025-05-13,144
q3,S3,2025-05-15,0,highs-ipm,0.05573549999826355,1975.4968185605949,1.1368683772161603e-13,9.094947017729282e-13,20,2025-05-15 00:00,2025-05-15 00:00,2025-04-25|2025-04-26|2025-04-27|2025-04-28|2025-04-29|2025-04-30|2025-05-01|2025-05-02|2025-05-03|2025-05-04|2025-05-05|2025-05-06|2025-05-07|2025-05-08|2025-05-09|2025-05-10|2025-05-11|2025-05-12|2025-05-13|2025-05-14,144
q3,S3,2025-05-15,6,highs-ipm,0.07459512499917764,10459.413787398049,1.1368683772161603e-13,8.810729923425242e-13,20,2025-05-15 06:00,2025-05-15 06:00,2025-04-25|2025-04-26|2025-04-27|2025-04-28|2025-04-29|2025-04-30|2025-05-01|2025-05-02|2025-05-03|2025-05-04|2025-05-05|2025-05-06|2025-05-07|2025-05-08|2025-05-09|2025-05-10|2025-05-11|2025-05-12|2025-05-13|2025-05-14,144
q3,S3,2025-05-15,12,highs-ipm,0.0711384580063168,5972.617081326612,1.1368683772161603e-13,8.810729923425242e-13,20,2025-05-15 12:00,2025-05-15 12:00,2025-04-25|2025-04-26|2025-04-27|2025-04-28|2025-04-29|2025-04-30|2025-05-01|2025-05-02|2025-05-03|2025-05-04|2025-05-05|2025-05-06|2025-05-07|2025-05-08|2025-05-09|2025-05-10|2025-05-11|2025-05-12|2025-05-13|2025-05-14,144
q3,S3,2025-05-15,18,highs-ipm,0.0761982909971266,6086.815682158143,1.1368683772161603e-13,8.810729923425242e-13,20,2025-05-15 18:00,2025-05-15 18:00,2025-04-25|2025-04-26|2025-04-27|2025-04-28|2025-04-29|2025-04-30|2025-05-01|2025-05-02|2025-05-03|2025-05-04|2025-05-05|2025-05-06|2025-05-07|2025-05-08|2025-05-09|2025-05-10|2025-05-11|2025-05-12|2025-05-13|2025-05-14,144
q3,S3,2025-05-16,0,highs-ipm,0.060770249998313375,991.6229957619781,2.2737367544323206e-13,8.526512829121202e-13,20,2025-05-16 00:00,2025-05-16 00:00,2025-04-26|2025-04-27|2025-04-28|2025-04-29|2025-04-30|2025-05-01|2025-05-02|2025-05-03|2025-05-04|2025-05-05|2025-05-06|2025-05-07|2025-05-08|2025-05-09|2025-05-10|2025-05-11|2025-05-12|2025-05-13|2025-05-14|2025-05-15,144
q3,S3,2025-05-16,6,highs-ipm,0.08022320800228044,7573.335746941407,2.2737367544323206e-13,7.958078640513122e-13,20,2025-05-16 06:00,2025-05-16 06:00,2025-04-26|2025-04-27|2025-04-28|2025-04-29|2025-04-30|2025-05-01|2025-05-02|2025-05-03|2025-05-04|2025-05-05|2025-05-06|2025-05-07|2025-05-08|2025-05-09|2025-05-10|2025-05-11|2025-05-12|2025-05-13|2025-05-14|2025-05-15,144
q3,S3,2025-05-16,12,highs-ipm,0.07367333299771417,6280.467372202251,1.0231815394945443e-12,7.958078640513122e-13,20,2025-05-16 12:00,2025-05-16 12:00,2025-04-26|2025-04-27|2025-04-28|2025-04-29|2025-04-30|2025-05-01|2025-05-02|2025-05-03|2025-05-04|2025-05-05|2025-05-06|2025-05-07|2025-05-08|2025-05-09|2025-05-10|2025-05-11|2025-05-12|2025-05-13|2025-05-14|2025-05-15,144
q3,S3,2025-05-16,18,highs-ipm,0.06885558300564298,6330.670608681185,1.0231815394945443e-12,8.810729923425242e-13,20,2025-05-16 18:00,2025-05-16 18:00,2025-04-26|2025-04-27|2025-04-28|2025-04-29|2025-04-30|2025-05-01|2025-05-02|2025-05-03|2025-05-04|2025-05-05|2025-05-06|2025-05-07|2025-05-08|2025-05-09|2025-05-10|2025-05-11|2025-05-12|2025-05-13|2025-05-14|2025-05-15,144
q3,S3,2025-05-17,0,highs-ipm,0.06499079200148117,967.7477015077079,1.4210854715202004e-14,8.384404281969182e-13,20,2025-05-17 00:00,2025-05-17 00:00,2025-04-27|2025-04-28|2025-04-29|2025-04-30|2025-05-01|2025-05-02|2025-05-03|2025-05-04|2025-05-05|2025-05-06|2025-05-07|2025-05-08|2025-05-09|2025-05-10|2025-05-11|2025-05-12|2025-05-13|2025-05-14|2025-05-15|2025-05-16,144
q3,S3,2025-05-17,6,highs-ipm,0.08268891600164352,10205.537421715262,1.1368683772161603e-13,7.105427357601002e-13,20,2025-05-17 06:00,2025-05-17 06:00,2025-04-27|2025-04-28|2025-04-29|2025-04-30|2025-05-01|2025-05-02|2025-05-03|2025-05-04|2025-05-05|2025-05-06|2025-05-07|2025-05-08|2025-05-09|2025-05-10|2025-05-11|2025-05-12|2025-05-13|2025-05-14|2025-05-15|2025-05-16,144
q3,S3,2025-05-17,12,highs-ipm,0.08019658299599541,16483.830234023575,1.1368683772161603e-13,9.094947017729282e-13,20,2025-05-17 12:00,2025-05-17 12:00,2025-04-27|2025-04-28|2025-04-29|2025-04-30|2025-05-01|2025-05-02|2025-05-03|2025-05-04|2025-05-05|2025-05-06|2025-05-07|2025-05-08|2025-05-09|2025-05-10|2025-05-11|2025-05-12|2025-05-13|2025-05-14|2025-05-15|2025-05-16,144
q3,S3,2025-05-17,18,highs-ipm,0.06917149999935646,19503.946144338715,1.1368683772161603e-13,8.411049634560186e-13,20,2025-05-17 18:00,2025-05-17 18:00,2025-04-27|2025-04-28|2025-04-29|2025-04-30|2025-05-01|2025-05-02|2025-05-03|2025-05-04|2025-05-05|2025-05-06|2025-05-07|2025-05-08|2025-05-09|2025-05-10|2025-05-11|2025-05-12|2025-05-13|2025-05-14|2025-05-15|2025-05-16,144
q3,S3,2025-05-18,0,highs-ipm,0.055061166000086814,2252.49332780902,1.1368683772161603e-13,9.094947017729282e-13,20,2025-05-18 00:00,2025-05-18 00:00,2025-04-28|2025-04-29|2025-04-30|2025-05-01|2025-05-02|2025-05-03|2025-05-04|2025-05-05|2025-05-06|2025-05-07|2025-05-08|2025-05-09|2025-05-10|2025-05-11|2025-05-12|2025-05-13|2025-05-14|2025-05-15|2025-05-16|2025-05-17,144
q3,S3,2025-05-18,6,highs-ipm,0.07698462500411551,10073.768199889877,1.1368683772161603e-13,9.094947017729282e-13,20,2025-05-18 06:00,2025-05-18 06:00,2025-04-28|2025-04-29|2025-04-30|2025-05-01|2025-05-02|2025-05-03|2025-05-04|2025-05-05|2025-05-06|2025-05-07|2025-05-08|2025-05-09|2025-05-10|2025-05-11|2025-05-12|2025-05-13|2025-05-14|2025-05-15|2025-05-16|2025-05-17,144
q3,S3,2025-05-18,12,highs-ipm,0.0751349999991362,16790.5021258236,1.1368683772161603e-13,7.958078640513122e-13,20,2025-05-18 12:00,2025-05-18 12:00,2025-04-28|2025-04-29|2025-04-30|2025-05-01|2025-05-02|2025-05-03|2025-05-04|2025-05-05|2025-05-06|2025-05-07|2025-05-08|2025-05-09|2025-05-10|2025-05-11|2025-05-12|2025-05-13|2025-05-14|2025-05-15|2025-05-16|2025-05-17,144
q3,S3,2025-05-18,18,highs-ipm,0.06934983300016029,22429.27830207779,1.1368683772161603e-13,1.0231815394945443e-12,20,2025-05-18 18:00,2025-05-18 18:00,2025-04-28|2025-04-29|2025-04-30|2025-05-01|2025-05-02|2025-05-03|2025-05-04|2025-05-05|2025-05-06|2025-05-07|2025-05-08|2025-05-09|2025-05-10|2025-05-11|2025-05-12|2025-05-13|2025-05-14|2025-05-15|2025-05-16|2025-05-17,144
q3,S3,2025-05-19,0,highs-ipm,0.05287020900141215,2102.15172401303,2.2737367544323206e-13,7.958078640513122e-13,20,2025-05-19 00:00,2025-05-19 00:00,2025-04-29|2025-04-30|2025-05-01|2025-05-02|2025-05-03|2025-05-04|2025-05-05|2025-05-06|2025-05-07|2025-05-08|2025-05-09|2025-05-10|2025-05-11|2025-05-12|2025-05-13|2025-05-14|2025-05-15|2025-05-16|2025-05-17|2025-05-18,144
q3,S3,2025-05-19,6,highs-ipm,0.07345429200358922,10571.45703230839,2.2737367544323206e-13,9.094947017729282e-13,20,2025-05-19 06:00,2025-05-19 06:00,2025-04-29|2025-04-30|2025-05-01|2025-05-02|2025-05-03|2025-05-04|2025-05-05|2025-05-06|2025-05-07|2025-05-08|2025-05-09|2025-05-10|2025-05-11|2025-05-12|2025-05-13|2025-05-14|2025-05-15|2025-05-16|2025-05-17|2025-05-18,144
q3,S3,2025-05-19,12,highs-ipm,0.07424416600406403,21586.38358501334,2.2737367544323206e-13,8.952838470577262e-13,20,2025-05-19 12:00,2025-05-19 12:00,2025-04-29|2025-04-30|2025-05-01|2025-05-02|2025-05-03|2025-05-04|2025-05-05|2025-05-06|2025-05-07|2025-05-08|2025-05-09|2025-05-10|2025-05-11|2025-05-12|2025-05-13|2025-05-14|2025-05-15|2025-05-16|2025-05-17|2025-05-18,144
q3,S3,2025-05-19,18,highs-ipm,0.06539608300226973,22047.71950764966,1.1368683772161603e-13,8.881784197001252e-13,20,2025-05-19 18:00,2025-05-19 18:00,2025-04-29|2025-04-30|2025-05-01|2025-05-02|2025-05-03|2025-05-04|2025-05-05|2025-05-06|2025-05-07|2025-05-08|2025-05-09|2025-05-10|2025-05-11|2025-05-12|2025-05-13|2025-05-14|2025-05-15|2025-05-16|2025-05-17|2025-05-18,144
q3,S3,2025-05-20,0,highs-ipm,0.05656783399899723,2122.8941006063305,1.1368683772161603e-13,7.958078640513122e-13,20,2025-05-20 00:00,2025-05-20 00:00,2025-04-30|2025-05-01|2025-05-02|2025-05-03|2025-05-04|2025-05-05|2025-05-06|2025-05-07|2025-05-08|2025-05-09|2025-05-10|2025-05-11|2025-05-12|2025-05-13|2025-05-14|2025-05-15|2025-05-16|2025-05-17|2025-05-18|2025-05-19,144
q3,S3,2025-05-20,6,highs-ipm,0.07610583400673931,13031.673729782322,1.1368683772161603e-13,9.094947017729282e-13,20,2025-05-20 06:00,2025-05-20 06:00,2025-04-30|2025-05-01|2025-05-02|2025-05-03|2025-05-04|2025-05-05|2025-05-06|2025-05-07|2025-05-08|2025-05-09|2025-05-10|2025-05-11|2025-05-12|2025-05-13|2025-05-14|2025-05-15|2025-05-16|2025-05-17|2025-05-18|2025-05-19,144
q3,S3,2025-05-20,12,highs-ipm,0.07158879099733895,14234.455137810446,1.1368683772161603e-13,9.663381206337363e-13,20,2025-05-20 12:00,2025-05-20 12:00,2025-04-30|2025-05-01|2025-05-02|2025-05-03|2025-05-04|2025-05-05|2025-05-06|2025-05-07|2025-05-08|2025-05-09|2025-05-10|2025-05-11|2025-05-12|2025-05-13|2025-05-14|2025-05-15|2025-05-16|2025-05-17|2025-05-18|2025-05-19,144
q3,S3,2025-05-20,18,highs-ipm,0.06849045799754094,27580.264641272326,5.684341886080802e-14,1.0231815394945443e-12,20,2025-05-20 18:00,2025-05-20 18:00,2025-04-30|2025-05-01|2025-05-02|2025-05-03|2025-05-04|2025-05-05|2025-05-06|2025-05-07|2025-05-08|2025-05-09|2025-05-10|2025-05-11|2025-05-12|2025-05-13|2025-05-14|2025-05-15|2025-05-16|2025-05-17|2025-05-18|2025-05-19,144
q3,S3,2025-05-21,0,highs-ipm,0.06053599999722792,2049.995641389153,6.821210263296962e-13,9.094947017729282e-13,20,2025-05-21 00:00,2025-05-21 00:00,2025-05-01|2025-05-02|2025-05-03|2025-05-04|2025-05-05|2025-05-06|2025-05-07|2025-05-08|2025-05-09|2025-05-10|2025-05-11|2025-05-12|2025-05-13|2025-05-14|2025-05-15|2025-05-16|2025-05-17|2025-05-18|2025-05-19|2025-05-20,144
q3,S3,2025-05-21,6,highs-ipm,0.07461508300184505,15515.311066213195,2.2737367544323206e-13,8.337219803422613e-13,20,2025-05-21 06:00,2025-05-21 06:00,2025-05-01|2025-05-02|2025-05-03|2025-05-04|2025-05-05|2025-05-06|2025-05-07|2025-05-08|2025-05-09|2025-05-10|2025-05-11|2025-05-12|2025-05-13|2025-05-14|2025-05-15|2025-05-16|2025-05-17|2025-05-18|2025-05-19|2025-05-20,144
q3,S3,2025-05-21,12,highs-ipm,0.07490558399877045,19063.179100724265,1.1368683772161603e-13,9.094947017729282e-13,20,2025-05-21 12:00,2025-05-21 12:00,2025-05-01|2025-05-02|2025-05-03|2025-05-04|2025-05-05|2025-05-06|2025-05-07|2025-05-08|2025-05-09|2025-05-10|2025-05-11|2025-05-12|2025-05-13|2025-05-14|2025-05-15|2025-05-16|2025-05-17|2025-05-18|2025-05-19|2025-05-20,144
q3,S3,2025-05-21,18,highs-ipm,0.06768791699869325,24516.494263957542,0.0,9.094947017729282e-13,20,2025-05-21 18:00,2025-05-21 18:00,2025-05-01|2025-05-02|2025-05-03|2025-05-04|2025-05-05|2025-05-06|2025-05-07|2025-05-08|2025-05-09|2025-05-10|2025-05-11|2025-05-12|2025-05-13|2025-05-14|2025-05-15|2025-05-16|2025-05-17|2025-05-18|2025-05-19|2025-05-20,144
q3,S3,2025-05-22,0,highs-ipm,0.058512374998827,1962.0046286336055,3.410605131648481e-13,9.094947017729282e-13,20,2025-05-22 00:00,2025-05-22 00:00,2025-05-02|2025-05-03|2025-05-04|2025-05-05|2025-05-06|2025-05-07|2025-05-08|2025-05-09|2025-05-10|2025-05-11|2025-05-12|2025-05-13|2025-05-14|2025-05-15|2025-05-16|2025-05-17|2025-05-18|2025-05-19|2025-05-20|2025-05-21,144
q3,S3,2025-05-22,6,highs-ipm,0.0757069590035826,8031.7461191322545,1.1368683772161603e-13,9.094947017729282e-13,20,2025-05-22 06:00,2025-05-22 06:00,2025-05-02|2025-05-03|2025-05-04|2025-05-05|2025-05-06|2025-05-07|2025-05-08|2025-05-09|2025-05-10|2025-05-11|2025-05-12|2025-05-13|2025-05-14|2025-05-15|2025-05-16|2025-05-17|2025-05-18|2025-05-19|2025-05-20|2025-05-21,144
q3,S3,2025-05-22,12,highs-ipm,0.0747051670041401,6127.16676442839,3.410605131648481e-13,9.094947017729282e-13,20,2025-05-22 12:00,2025-05-22 12:00,2025-05-02|2025-05-03|2025-05-04|2025-05-05|2025-05-06|2025-05-07|2025-05-08|2025-05-09|2025-05-10|2025-05-11|2025-05-12|2025-05-13|2025-05-14|2025-05-15|2025-05-16|2025-05-17|2025-05-18|2025-05-19|2025-05-20|2025-05-21,144
q3,S3,2025-05-22,18,highs-ipm,0.07764124999812339,6793.794525359988,3.410605131648481e-13,8.384404281969182e-13,20,2025-05-22 18:00,2025-05-22 18:00,2025-05-02|2025-05-03|2025-05-04|2025-05-05|2025-05-06|2025-05-07|2025-05-08|2025-05-09|2025-05-10|2025-05-11|2025-05-12|2025-05-13|2025-05-14|2025-05-15|2025-05-16|2025-05-17|2025-05-18|2025-05-19|2025-05-20|2025-05-21,144
q3,S3,2025-05-23,0,highs-ipm,0.06448220799939008,1015.2179364771358,3.410605131648481e-13,1.0231815394945443e-12,20,2025-05-23 00:00,2025-05-23 00:00,2025-05-03|2025-05-04|2025-05-05|2025-05-06|2025-05-07|2025-05-08|2025-05-09|2025-05-10|2025-05-11|2025-05-12|2025-05-13|2025-05-14|2025-05-15|2025-05-16|2025-05-17|2025-05-18|2025-05-19|2025-05-20|2025-05-21|2025-05-22,144
q3,S3,2025-05-23,6,highs-ipm,0.07988525000109803,7769.882183018852,3.410605131648481e-13,1.0231815394945443e-12,20,2025-05-23 06:00,2025-05-23 06:00,2025-05-03|2025-05-04|2025-05-05|2025-05-06|2025-05-07|2025-05-08|2025-05-09|2025-05-10|2025-05-11|2025-05-12|2025-05-13|2025-05-14|2025-05-15|2025-05-16|2025-05-17|2025-05-18|2025-05-19|2025-05-20|2025-05-21|2025-05-22,144
q3,S3,2025-05-23,12,highs-ipm,0.07876658299937844,7014.628654809364,1.1368683772161603e-13,9.094947017729282e-13,20,2025-05-23 12:00,2025-05-23 12:00,2025-05-03|2025-05-04|2025-05-05|2025-05-06|2025-05-07|2025-05-08|2025-05-09|2025-05-10|2025-05-11|2025-05-12|2025-05-13|2025-05-14|2025-05-15|2025-05-16|2025-05-17|2025-05-18|2025-05-19|2025-05-20|2025-05-21|2025-05-22,144
q3,S3,2025-05-23,18,highs-ipm,0.07338383300520945,6227.531259048354,5.684341886080802e-14,9.094947017729282e-13,20,2025-05-23 18:00,2025-05-23 18:00,2025-05-03|2025-05-04|2025-05-05|2025-05-06|2025-05-07|2025-05-08|2025-05-09|2025-05-10|2025-05-11|2025-05-12|2025-05-13|2025-05-14|2025-05-15|2025-05-16|2025-05-17|2025-05-18|2025-05-19|2025-05-20|2025-05-21|2025-05-22,144
q3,S3,2025-05-24,0,highs-ipm,0.06497037499502767,885.7799856305927,6.679101716144942e-13,9.094947017729282e-13,20,2025-05-24 00:00,2025-05-24 00:00,2025-05-04|2025-05-05|2025-05-06|2025-05-07|2025-05-08|2025-05-09|2025-05-10|2025-05-11|2025-05-12|2025-05-13|2025-05-14|2025-05-15|2025-05-16|2025-05-17|2025-05-18|2025-05-19|2025-05-20|2025-05-21|2025-05-22|2025-05-23,144
q3,S3,2025-05-24,6,highs-ipm,0.07342404199880548,10293.637935226863,1.1368683772161603e-12,9.094947017729282e-13,20,2025-05-24 06:00,2025-05-24 06:00,2025-05-04|2025-05-05|2025-05-06|2025-05-07|2025-05-08|2025-05-09|2025-05-10|2025-05-11|2025-05-12|2025-05-13|2025-05-14|2025-05-15|2025-05-16|2025-05-17|2025-05-18|2025-05-19|2025-05-20|2025-05-21|2025-05-22|2025-05-23,144
q3,S3,2025-05-24,12,highs-ipm,0.0760863329996937,14655.56378764239,1.1368683772161603e-12,9.094947017729282e-13,20,2025-05-24 12:00,2025-05-24 12:00,2025-05-04|2025-05-05|2025-05-06|2025-05-07|2025-05-08|2025-05-09|2025-05-10|2025-05-11|2025-05-12|2025-05-13|2025-05-14|2025-05-15|2025-05-16|2025-05-17|2025-05-18|2025-05-19|2025-05-20|2025-05-21|2025-05-22|2025-05-23,144
q3,S3,2025-05-24,18,highs-ipm,0.06560137500491692,21183.10993199839,1.1368683772161603e-12,9.094947017729282e-13,20,2025-05-24 18:00,2025-05-24 18:00,2025-05-04|2025-05-05|2025-05-06|2025-05-07|2025-05-08|2025-05-09|2025-05-10|2025-05-11|2025-05-12|2025-05-13|2025-05-14|2025-05-15|2025-05-16|2025-05-17|2025-05-18|2025-05-19|2025-05-20|2025-05-21|2025-05-22|2025-05-23,144
q3,S3,2025-05-25,0,highs-ipm,0.06273766699450789,1979.6366616489252,1.1368683772161603e-13,9.094947017729282e-13,20,2025-05-25 00:00,2025-05-25 00:00,2025-05-05|2025-05-06|2025-05-07|2025-05-08|2025-05-09|2025-05-10|2025-05-11|2025-05-12|2025-05-13|2025-05-14|2025-05-15|2025-05-16|2025-05-17|2025-05-18|2025-05-19|2025-05-20|2025-05-21|2025-05-22|2025-05-23|2025-05-24,144
q3,S3,2025-05-25,6,highs-ipm,0.07206241699896054,10474.549905082582,2.2737367544323206e-13,8.633094239485217e-13,20,2025-05-25 06:00,2025-05-25 06:00,2025-05-05|2025-05-06|2025-05-07|2025-05-08|2025-05-09|2025-05-10|2025-05-11|2025-05-12|2025-05-13|2025-05-14|2025-05-15|2025-05-16|2025-05-17|2025-05-18|2025-05-19|2025-05-20|2025-05-21|2025-05-22|2025-05-23|2025-05-24,144
q3,S3,2025-05-25,12,highs-ipm,0.08479754199652234,27603.100729403795,2.2737367544323206e-13,9.094947017729282e-13,20,2025-05-25 12:00,2025-05-25 12:00,2025-05-05|2025-05-06|2025-05-07|2025-05-08|2025-05-09|2025-05-10|2025-05-11|2025-05-12|2025-05-13|2025-05-14|2025-05-15|2025-05-16|2025-05-17|2025-05-18|2025-05-19|2025-05-20|2025-05-21|2025-05-22|2025-05-23|2025-05-24,144
q3,S3,2025-05-25,18,highs-ipm,0.06916945800185204,30152.30692556589,7.958078640513122e-13,8.526512829121202e-13,20,2025-05-25 18:00,2025-05-25 18:00,2025-05-05|2025-05-06|2025-05-07|2025-05-08|2025-05-09|2025-05-10|2025-05-11|2025-05-12|2025-05-13|2025-05-14|2025-05-15|2025-05-16|2025-05-17|2025-05-18|2025-05-19|2025-05-20|2025-05-21|2025-05-22|2025-05-23|2025-05-24,144
q3,S3,2025-05-26,0,highs-ipm,0.06306541700178059,1956.9018962497596,2.2737367544323206e-13,7.958078640513122e-13,20,2025-05-26 00:00,2025-05-26 00:00,2025-05-06|2025-05-07|2025-05-08|2025-05-09|2025-05-10|2025-05-11|2025-05-12|2025-05-13|2025-05-14|2025-05-15|2025-05-16|2025-05-17|2025-05-18|2025-05-19|2025-05-20|2025-05-21|2025-05-22|2025-05-23|2025-05-24|2025-05-25,144
q3,S3,2025-05-26,6,highs-ipm,0.07113849999586819,12762.526970528177,1.1368683772161603e-13,9.094947017729282e-13,20,2025-05-26 06:00,2025-05-26 06:00,2025-05-06|2025-05-07|2025-05-08|2025-05-09|2025-05-10|2025-05-11|2025-05-12|2025-05-13|2025-05-14|2025-05-15|2025-05-16|2025-05-17|2025-05-18|2025-05-19|2025-05-20|2025-05-21|2025-05-22|2025-05-23|2025-05-24|2025-05-25,144
q3,S3,2025-05-26,12,highs-ipm,0.06626666700321948,15494.528748099618,1.1368683772161603e-13,9.094947017729282e-13,20,2025-05-26 12:00,2025-05-26 12:00,2025-05-06|2025-05-07|2025-05-08|2025-05-09|2025-05-10|2025-05-11|2025-05-12|2025-05-13|2025-05-14|2025-05-15|2025-05-16|2025-05-17|2025-05-18|2025-05-19|2025-05-20|2025-05-21|2025-05-22|2025-05-23|2025-05-24|2025-05-25,144
q3,S3,2025-05-26,18,highs-ipm,0.06912758399994345,26556.685866818527,5.684341886080802e-14,9.094947017729282e-13,20,2025-05-26 18:00,2025-05-26 18:00,2025-05-06|2025-05-07|2025-05-08|2025-05-09|2025-05-10|2025-05-11|2025-05-12|2025-05-13|2025-05-14|2025-05-15|2025-05-16|2025-05-17|2025-05-18|2025-05-19|2025-05-20|2025-05-21|2025-05-22|2025-05-23|2025-05-24|2025-05-25,144
q3,S3,2025-05-27,0,highs-ipm,0.06290470800013281,1673.7807458840878,1.1368683772161603e-13,9.094947017729282e-13,20,2025-05-27 00:00,2025-05-27 00:00,2025-05-07|2025-05-08|2025-05-09|2025-05-10|2025-05-11|2025-05-12|2025-05-13|2025-05-14|2025-05-15|2025-05-16|2025-05-17|2025-05-18|2025-05-19|2025-05-20|2025-05-21|2025-05-22|2025-05-23|2025-05-24|2025-05-25|2025-05-26,144
q3,S3,2025-05-27,6,highs-ipm,0.07436199999938253,14357.212335857983,1.1368683772161603e-13,8.952838470577262e-13,20,2025-05-27 06:00,2025-05-27 06:00,2025-05-07|2025-05-08|2025-05-09|2025-05-10|2025-05-11|2025-05-12|2025-05-13|2025-05-14|2025-05-15|2025-05-16|2025-05-17|2025-05-18|2025-05-19|2025-05-20|2025-05-21|2025-05-22|2025-05-23|2025-05-24|2025-05-25|2025-05-26,144
q3,S3,2025-05-27,12,highs-ipm,0.07723483300651424,17658.204034075967,1.1368683772161603e-13,9.094947017729282e-13,20,2025-05-27 12:00,2025-05-27 12:00,2025-05-07|2025-05-08|2025-05-09|2025-05-10|2025-05-11|2025-05-12|2025-05-13|2025-05-14|2025-05-15|2025-05-16|2025-05-17|2025-05-18|2025-05-19|2025-05-20|2025-05-21|2025-05-22|2025-05-23|2025-05-24|2025-05-25|2025-05-26,144
q3,S3,2025-05-27,18,highs-ipm,0.0684314579993952,22287.83958056488,1.1368683772161603e-13,9.094947017729282e-13,20,2025-05-27 18:00,2025-05-27 18:00,2025-05-07|2025-05-08|2025-05-09|2025-05-10|2025-05-11|2025-05-12|2025-05-13|2025-05-14|2025-05-15|2025-05-16|2025-05-17|2025-05-18|2025-05-19|2025-05-20|2025-05-21|2025-05-22|2025-05-23|2025-05-24|2025-05-25|2025-05-26,144
q3,S3,2025-05-28,0,highs-ipm,0.058207415997458156,2027.7491021198919,2.2737367544323206e-13,9.094947017729282e-13,20,2025-05-28 00:00,2025-05-28 00:00,2025-05-08|2025-05-09|2025-05-10|2025-05-11|2025-05-12|2025-05-13|2025-05-14|2025-05-15|2025-05-16|2025-05-17|2025-05-18|2025-05-19|2025-05-20|2025-05-21|2025-05-22|2025-05-23|2025-05-24|2025-05-25|2025-05-26|2025-05-27,144
q3,S3,2025-05-28,6,highs-ipm,0.08444237499497831,10496.836633453544,2.2737367544323206e-13,8.881784197001252e-13,20,2025-05-28 06:00,2025-05-28 06:00,2025-05-08|2025-05-09|2025-05-10|2025-05-11|2025-05-12|2025-05-13|2025-05-14|2025-05-15|2025-05-16|2025-05-17|2025-05-18|2025-05-19|2025-05-20|2025-05-21|2025-05-22|2025-05-23|2025-05-24|2025-05-25|2025-05-26|2025-05-27,144
q3,S3,2025-05-28,12,highs-ipm,0.07534645800478756,22575.344327026243,2.2737367544323206e-13,9.094947017729282e-13,20,2025-05-28 12:00,2025-05-28 12:00,2025-05-08|2025-05-09|2025-05-10|2025-05-11|2025-05-12|2025-05-13|2025-05-14|2025-05-15|2025-05-16|2025-05-17|2025-05-18|2025-05-19|2025-05-20|2025-05-21|2025-05-22|2025-05-23|2025-05-24|2025-05-25|2025-05-26|2025-05-27,144
q3,S3,2025-05-28,18,highs-ipm,0.07054749999952037,20885.033894823664,2.2737367544323206e-13,9.094947017729282e-13,20,2025-05-28 18:00,2025-05-28 18:00,2025-05-08|2025-05-09|2025-05-10|2025-05-11|2025-05-12|2025-05-13|2025-05-14|2025-05-15|2025-05-16|2025-05-17|2025-05-18|2025-05-19|2025-05-20|2025-05-21|2025-05-22|2025-05-23|2025-05-24|2025-05-25|2025-05-26|2025-05-27,144
q3,S3,2025-05-29,0,highs-ipm,0.06274583299818914,1907.8609913291857,2.8421709430404007e-13,9.094947017729282e-13,20,2025-05-29 00:00,2025-05-29 00:00,2025-05-09|2025-05-10|2025-05-11|2025-05-12|2025-05-13|2025-05-14|2025-05-15|2025-05-16|2025-05-17|2025-05-18|2025-05-19|2025-05-20|2025-05-21|2025-05-22|2025-05-23|2025-05-24|2025-05-25|2025-05-26|2025-05-27|2025-05-28,144
q3,S3,2025-05-29,6,highs-ipm,0.07295712499762885,10037.907565468337,1.1368683772161603e-13,8.846257060213247e-13,20,2025-05-29 06:00,2025-05-29 06:00,2025-05-09|2025-05-10|2025-05-11|2025-05-12|2025-05-13|2025-05-14|2025-05-15|2025-05-16|2025-05-17|2025-05-18|2025-05-19|2025-05-20|2025-05-21|2025-05-22|2025-05-23|2025-05-24|2025-05-25|2025-05-26|2025-05-27|2025-05-28,144
q3,S3,2025-05-29,12,highs-ipm,0.07946479199745227,6481.822623251156,1.1368683772161603e-13,8.881784197001252e-13,20,2025-05-29 12:00,2025-05-29 12:00,2025-05-09|2025-05-10|2025-05-11|2025-05-12|2025-05-13|2025-05-14|2025-05-15|2025-05-16|2025-05-17|2025-05-18|2025-05-19|2025-05-20|2025-05-21|2025-05-22|2025-05-23|2025-05-24|2025-05-25|2025-05-26|2025-05-27|2025-05-28,144
q3,S3,2025-05-29,18,highs-ipm,0.08342324999830453,6784.627584913463,5.684341886080802e-14,8.810729923425242e-13,20,2025-05-29 18:00,2025-05-29 18:00,2025-05-09|2025-05-10|2025-05-11|2025-05-12|2025-05-13|2025-05-14|2025-05-15|2025-05-16|2025-05-17|2025-05-18|2025-05-19|2025-05-20|2025-05-21|2025-05-22|2025-05-23|2025-05-24|2025-05-25|2025-05-26|2025-05-27|2025-05-28,144
q3,S3,2025-05-30,0,highs-ipm,0.06564241700107232,1015.5906285755884,5.684341886080802e-14,9.094947017729282e-13,20,2025-05-30 00:00,2025-05-30 00:00,2025-05-10|2025-05-11|2025-05-12|2025-05-13|2025-05-14|2025-05-15|2025-05-16|2025-05-17|2025-05-18|2025-05-19|2025-05-20|2025-05-21|2025-05-22|2025-05-23|2025-05-24|2025-05-25|2025-05-26|2025-05-27|2025-05-28|2025-05-29,144
q3,S3,2025-05-30,6,highs-ipm,0.07151225000416161,7750.058106411597,2.2737367544323206e-13,9.094947017729282e-13,20,2025-05-30 06:00,2025-05-30 06:00,2025-05-10|2025-05-11|2025-05-12|2025-05-13|2025-05-14|2025-05-15|2025-05-16|2025-05-17|2025-05-18|2025-05-19|2025-05-20|2025-05-21|2025-05-22|2025-05-23|2025-05-24|2025-05-25|2025-05-26|2025-05-27|2025-05-28|2025-05-29,144
q3,S3,2025-05-30,12,highs-ipm,0.08203808400139678,6878.8649476652645,5.684341886080802e-14,9.094947017729282e-13,20,2025-05-30 12:00,2025-05-30 12:00,2025-05-10|2025-05-11|2025-05-12|2025-05-13|2025-05-14|2025-05-15|2025-05-16|2025-05-17|2025-05-18|2025-05-19|2025-05-20|2025-05-21|2025-05-22|2025-05-23|2025-05-24|2025-05-25|2025-05-26|2025-05-27|2025-05-28|2025-05-29,144
q3,S3,2025-05-30,18,highs-ipm,0.08030016599514056,7120.639868340435,2.842170943040401e-14,9.094947017729282e-13,20,2025-05-30 18:00,2025-05-30 18:00,2025-05-10|2025-05-11|2025-05-12|2025-05-13|2025-05-14|2025-05-15|2025-05-16|2025-05-17|2025-05-18|2025-05-19|2025-05-20|2025-05-21|2025-05-22|2025-05-23|2025-05-24|2025-05-25|2025-05-26|2025-05-27|2025-05-28|2025-05-29,144
q3,S3,2025-05-31,0,highs-ipm,0.06564141700073378,1076.5628398042122,2.2737367544323206e-13,7.958078640513122e-13,20,2025-05-31 00:00,2025-05-31 00:00,2025-05-11|2025-05-12|2025-05-13|2025-05-14|2025-05-15|2025-05-16|2025-05-17|2025-05-18|2025-05-19|2025-05-20|2025-05-21|2025-05-22|2025-05-23|2025-05-24|2025-05-25|2025-05-26|2025-05-27|2025-05-28|2025-05-29|2025-05-30,144
q3,S3,2025-05-31,6,highs-ipm,0.07854233300167834,9958.511230525291,2.2737367544323206e-13,8.419931418757187e-13,20,2025-05-31 06:00,2025-05-31 06:00,2025-05-11|2025-05-12|2025-05-13|2025-05-14|2025-05-15|2025-05-16|2025-05-17|2025-05-18|2025-05-19|2025-05-20|2025-05-21|2025-05-22|2025-05-23|2025-05-24|2025-05-25|2025-05-26|2025-05-27|2025-05-28|2025-05-29|2025-05-30,144
q3,S3,2025-05-31,12,highs-ipm,0.08287704100075644,16656.995816139268,2.2737367544323206e-13,9.094947017729282e-13,20,2025-05-31 12:00,2025-05-31 12:00,2025-05-11|2025-05-12|2025-05-13|2025-05-14|2025-05-15|2025-05-16|2025-05-17|2025-05-18|2025-05-19|2025-05-20|2025-05-21|2025-05-22|2025-05-23|2025-05-24|2025-05-25|2025-05-26|2025-05-27|2025-05-28|2025-05-29|2025-05-30,144
q3,S3,2025-05-31,18,highs-ipm,0.07217383399984101,28253.590549273602,2.2737367544323206e-13,9.023892744153272e-13,20,2025-05-31 18:00,2025-05-31 18:00,2025-05-11|2025-05-12|2025-05-13|2025-05-14|2025-05-15|2025-05-16|2025-05-17|2025-05-18|2025-05-19|2025-05-20|2025-05-21|2025-05-22|2025-05-23|2025-05-24|2025-05-25|2025-05-26|2025-05-27|2025-05-28|2025-05-29|2025-05-30,144
q3,S3,2025-06-01,0,highs-ipm,0.05659770799684338,2253.197486257554,2.2737367544323206e-13,9.094947017729282e-13,20,2025-06-01 00:00,2025-06-01 00:00,2025-05-12|2025-05-13|2025-05-14|2025-05-15|2025-05-16|2025-05-17|2025-05-18|2025-05-19|2025-05-20|2025-05-21|2025-05-22|2025-05-23|2025-05-24|2025-05-25|2025-05-26|2025-05-27|2025-05-28|2025-05-29|2025-05-30|2025-05-31,144
q3,S3,2025-06-01,6,highs-ipm,0.0783410840012948,9469.57444542843,1.1368683772161603e-13,9.094947017729282e-13,20,2025-06-01 06:00,2025-06-01 06:00,2025-05-12|2025-05-13|2025-05-14|2025-05-15|2025-05-16|2025-05-17|2025-05-18|2025-05-19|2025-05-20|2025-05-21|2025-05-22|2025-05-23|2025-05-24|2025-05-25|2025-05-26|2025-05-27|2025-05-28|2025-05-29|2025-05-30|2025-05-31,144
q3,S3,2025-06-01,12,highs-ipm,0.07443220799905248,12993.095505321477,3.410605131648481e-13,9.094947017729282e-13,20,2025-06-01 12:00,2025-06-01 12:00,2025-05-12|2025-05-13|2025-05-14|2025-05-15|2025-05-16|2025-05-17|2025-05-18|2025-05-19|2025-05-20|2025-05-21|2025-05-22|2025-05-23|2025-05-24|2025-05-25|2025-05-26|2025-05-27|2025-05-28|2025-05-29|2025-05-30|2025-05-31,144
q3,S3,2025-06-01,18,highs-ipm,0.06941516700317152,29996.279465561078,3.410605131648481e-13,9.094947017729282e-13,20,2025-06-01 18:00,2025-06-01 18:00,2025-05-12|2025-05-13|2025-05-14|2025-05-15|2025-05-16|2025-05-17|2025-05-18|2025-05-19|2025-05-20|2025-05-21|2025-05-22|2025-05-23|2025-05-24|2025-05-25|2025-05-26|2025-05-27|2025-05-28|2025-05-29|2025-05-30|2025-05-31,144
q3,S3,2025-06-02,0,highs-ipm,0.057726582999748643,2511.029881739302,8.526512829121202e-13,7.958078640513122e-13,20,2025-06-02 00:00,2025-06-02 00:00,2025-05-13|2025-05-14|2025-05-15|2025-05-16|2025-05-17|2025-05-18|2025-05-19|2025-05-20|2025-05-21|2025-05-22|2025-05-23|2025-05-24|2025-05-25|2025-05-26|2025-05-27|2025-05-28|2025-05-29|2025-05-30|2025-05-31|2025-06-01,144
q3,S3,2025-06-02,6,highs-ipm,0.07565020799665945,7393.735306270139,2.2737367544323206e-13,7.958078640513122e-13,20,2025-06-02 06:00,2025-06-02 06:00,2025-05-13|2025-05-14|2025-05-15|2025-05-16|2025-05-17|2025-05-18|2025-05-19|2025-05-20|2025-05-21|2025-05-22|2025-05-23|2025-05-24|2025-05-25|2025-05-26|2025-05-27|2025-05-28|2025-05-29|2025-05-30|2025-05-31|2025-06-01,144
q3,S3,2025-06-02,12,highs-ipm,0.07529975000215927,15408.553493794909,2.2737367544323206e-13,8.810729923425242e-13,20,2025-06-02 12:00,2025-06-02 12:00,2025-05-13|2025-05-14|2025-05-15|2025-05-16|2025-05-17|2025-05-18|2025-05-19|2025-05-20|2025-05-21|2025-05-22|2025-05-23|2025-05-24|2025-05-25|2025-05-26|2025-05-27|2025-05-28|2025-05-29|2025-05-30|2025-05-31|2025-06-01,144
q3,S3,2025-06-02,18,highs-ipm,0.06802283300203271,25047.86252371765,2.2737367544323206e-13,8.952838470577262e-13,20,2025-06-02 18:00,2025-06-02 18:00,2025-05-13|2025-05-14|2025-05-15|2025-05-16|2025-05-17|2025-05-18|2025-05-19|2025-05-20|2025-05-21|2025-05-22|2025-05-23|2025-05-24|2025-05-25|2025-05-26|2025-05-27|2025-05-28|2025-05-29|2025-05-30|2025-05-31|2025-06-01,144
q3,S3,2025-06-03,0,highs-ipm,0.05655858300451655,2737.4838586807186,1.1368683772161603e-13,9.094947017729282e-13,20,2025-06-03 00:00,2025-06-03 00:00,2025-05-14|2025-05-15|2025-05-16|2025-05-17|2025-05-18|2025-05-19|2025-05-20|2025-05-21|2025-05-22|2025-05-23|2025-05-24|2025-05-25|2025-05-26|2025-05-27|2025-05-28|2025-05-29|2025-05-30|2025-05-31|2025-06-01|2025-06-02,144
q3,S3,2025-06-03,6,highs-ipm,0.0801619169942569,13459.770529929308,1.1368683772161603e-13,7.815970093361102e-13,20,2025-06-03 06:00,2025-06-03 06:00,2025-05-14|2025-05-15|2025-05-16|2025-05-17|2025-05-18|2025-05-19|2025-05-20|2025-05-21|2025-05-22|2025-05-23|2025-05-24|2025-05-25|2025-05-26|2025-05-27|2025-05-28|2025-05-29|2025-05-30|2025-05-31|2025-06-01|2025-06-02,144
q3,S3,2025-06-03,12,highs-ipm,0.0766901249953662,18967.649248111607,1.1368683772161603e-13,8.348877145181177e-13,20,2025-06-03 12:00,2025-06-03 12:00,2025-05-14|2025-05-15|2025-05-16|2025-05-17|2025-05-18|2025-05-19|2025-05-20|2025-05-21|2025-05-22|2025-05-23|2025-05-24|2025-05-25|2025-05-26|2025-05-27|2025-05-28|2025-05-29|2025-05-30|2025-05-31|2025-06-01|2025-06-02,144
q3,S3,2025-06-03,18,highs-ipm,0.06710149999707937,21595.039427579602,1.1368683772161603e-13,1.0231815394945443e-12,20,2025-06-03 18:00,2025-06-03 18:00,2025-05-14|2025-05-15|2025-05-16|2025-05-17|2025-05-18|2025-05-19|2025-05-20|2025-05-21|2025-05-22|2025-05-23|2025-05-24|2025-05-25|2025-05-26|2025-05-27|2025-05-28|2025-05-29|2025-05-30|2025-05-31|2025-06-01|2025-06-02,144
q3,S3,2025-06-04,0,highs-ipm,0.053553541998553555,2985.790505992986,2.2737367544323206e-13,9.094947017729282e-13,20,2025-06-04 00:00,2025-06-04 00:00,2025-05-15|2025-05-16|2025-05-17|2025-05-18|2025-05-19|2025-05-20|2025-05-21|2025-05-22|2025-05-23|2025-05-24|2025-05-25|2025-05-26|2025-05-27|2025-05-28|2025-05-29|2025-05-30|2025-05-31|2025-06-01|2025-06-02|2025-06-03,144
q3,S3,2025-06-04,6,highs-ipm,0.07443741700262763,5918.3230858989045,2.2737367544323206e-13,9.094947017729282e-13,20,2025-06-04 06:00,2025-06-04 06:00,2025-05-15|2025-05-16|2025-05-17|2025-05-18|2025-05-19|2025-05-20|2025-05-21|2025-05-22|2025-05-23|2025-05-24|2025-05-25|2025-05-26|2025-05-27|2025-05-28|2025-05-29|2025-05-30|2025-05-31|2025-06-01|2025-06-02|2025-06-03,144
q3,S3,2025-06-04,12,highs-ipm,0.07434595799713861,16442.477639242476,2.2737367544323206e-13,9.094947017729282e-13,20,2025-06-04 12:00,2025-06-04 12:00,2025-05-15|2025-05-16|2025-05-17|2025-05-18|2025-05-19|2025-05-20|2025-05-21|2025-05-22|2025-05-23|2025-05-24|2025-05-25|2025-05-26|2025-05-27|2025-05-28|2025-05-29|2025-05-30|2025-05-31|2025-06-01|2025-06-02|2025-06-03,144
q3,S3,2025-06-04,18,highs-ipm,0.07223337499453919,31606.593568780554,2.2737367544323206e-13,9.094947017729282e-13,20,2025-06-04 18:00,2025-06-04 18:00,2025-05-15|2025-05-16|2025-05-17|2025-05-18|2025-05-19|2025-05-20|2025-05-21|2025-05-22|2025-05-23|2025-05-24|2025-05-25|2025-05-26|2025-05-27|2025-05-28|2025-05-29|2025-05-30|2025-05-31|2025-06-01|2025-06-02|2025-06-03,144
q3,S3,2025-06-05,0,highs-ipm,0.051705625002796296,2820.1414274602594,1.1368683772161603e-13,8.526512829121202e-13,20,2025-06-05 00:00,2025-06-05 00:00,2025-05-16|2025-05-17|2025-05-18|2025-05-19|2025-05-20|2025-05-21|2025-05-22|2025-05-23|2025-05-24|2025-05-25|2025-05-26|2025-05-27|2025-05-28|2025-05-29|2025-05-30|2025-05-31|2025-06-01|2025-06-02|2025-06-03|2025-06-04,144
q3,S3,2025-06-05,6,highs-ipm,0.07338633399922401,10642.434760018767,2.2737367544323206e-13,9.663381206337363e-13,20,2025-06-05 06:00,2025-06-05 06:00,2025-05-16|2025-05-17|2025-05-18|2025-05-19|2025-05-20|2025-05-21|2025-05-22|2025-05-23|2025-05-24|2025-05-25|2025-05-26|2025-05-27|2025-05-28|2025-05-29|2025-05-30|2025-05-31|2025-06-01|2025-06-02|2025-06-03|2025-06-04,144
q3,S3,2025-06-05,12,highs-ipm,0.07741191699460614,9941.109107255807,2.2737367544323206e-13,8.526512829121202e-13,20,2025-06-05 12:00,2025-06-05 12:00,2025-05-16|2025-05-17|2025-05-18|2025-05-19|2025-05-20|2025-05-21|2025-05-22|2025-05-23|2025-05-24|2025-05-25|2025-05-26|2025-05-27|2025-05-28|2025-05-29|2025-05-30|2025-05-31|2025-06-01|2025-06-02|2025-06-03|2025-06-04,144
q3,S3,2025-06-05,18,highs-ipm,0.06754533400089713,10978.59259725227,0.0,8.526512829121202e-13,20,2025-06-05 18:00,2025-06-05 18:00,2025-05-16|2025-05-17|2025-05-18|2025-05-19|2025-05-20|2025-05-21|2025-05-22|2025-05-23|2025-05-24|2025-05-25|2025-05-26|2025-05-27|2025-05-28|2025-05-29|2025-05-30|2025-05-31|2025-06-01|2025-06-02|2025-06-03|2025-06-04,144
q3,S3,2025-06-06,0,highs-ipm,0.05281762500089826,2197.7963080007908,1.1368683772161603e-13,7.958078640513122e-13,20,2025-06-06 00:00,2025-06-06 00:00,2025-05-17|2025-05-18|2025-05-19|2025-05-20|2025-05-21|2025-05-22|2025-05-23|2025-05-24|2025-05-25|2025-05-26|2025-05-27|2025-05-28|2025-05-29|2025-05-30|2025-05-31|2025-06-01|2025-06-02|2025-06-03|2025-06-04|2025-06-05,144
q3,S3,2025-06-06,6,highs-ipm,0.07916191600088496,8363.437155003572,1.8189894035458565e-12,8.926193117986259e-13,20,2025-06-06 06:00,2025-06-06 06:00,2025-05-17|2025-05-18|2025-05-19|2025-05-20|2025-05-21|2025-05-22|2025-05-23|2025-05-24|2025-05-25|2025-05-26|2025-05-27|2025-05-28|2025-05-29|2025-05-30|2025-05-31|2025-06-01|2025-06-02|2025-06-03|2025-06-04|2025-06-05,144
q3,S3,2025-06-06,12,highs-ipm,0.07149595800001407,6988.072896043688,1.1368683772161603e-13,8.526512829121202e-13,20,2025-06-06 12:00,2025-06-06 12:00,2025-05-17|2025-05-18|2025-05-19|2025-05-20|2025-05-21|2025-05-22|2025-05-23|2025-05-24|2025-05-25|2025-05-26|2025-05-27|2025-05-28|2025-05-29|2025-05-30|2025-05-31|2025-06-01|2025-06-02|2025-06-03|2025-06-04|2025-06-05,144
q3,S3,2025-06-06,18,highs-ipm,0.06676116600283422,12965.16155140097,1.8189894035458565e-12,9.094947017729282e-13,20,2025-06-06 18:00,2025-06-06 18:00,2025-05-17|2025-05-18|2025-05-19|2025-05-20|2025-05-21|2025-05-22|2025-05-23|2025-05-24|2025-05-25|2025-05-26|2025-05-27|2025-05-28|2025-05-29|2025-05-30|2025-05-31|2025-06-01|2025-06-02|2025-06-03|2025-06-04|2025-06-05,144
q3,S3,2025-06-07,0,highs-ipm,0.06134304099396104,2149.3354836643534,1.4779288903810084e-12,8.526512829121202e-13,20,2025-06-07 00:00,2025-06-07 00:00,2025-05-18|2025-05-19|2025-05-20|2025-05-21|2025-05-22|2025-05-23|2025-05-24|2025-05-25|2025-05-26|2025-05-27|2025-05-28|2025-05-29|2025-05-30|2025-05-31|2025-06-01|2025-06-02|2025-06-03|2025-06-04|2025-06-05|2025-06-06,144
q3,S3,2025-06-07,6,highs-ipm,0.07798245800222503,10997.573853828848,1.4779288903810084e-12,8.952838470577262e-13,20,2025-06-07 06:00,2025-06-07 06:00,2025-05-18|2025-05-19|2025-05-20|2025-05-21|2025-05-22|2025-05-23|2025-05-24|2025-05-25|2025-05-26|2025-05-27|2025-05-28|2025-05-29|2025-05-30|2025-05-31|2025-06-01|2025-06-02|2025-06-03|2025-06-04|2025-06-05|2025-06-06,144
q3,S3,2025-06-07,12,highs-ipm,0.07477666699560359,16078.790429061351,1.7763568394002505e-15,9.094947017729282e-13,20,2025-06-07 12:00,2025-06-07 12:00,2025-05-18|2025-05-19|2025-05-20|2025-05-21|2025-05-22|2025-05-23|2025-05-24|2025-05-25|2025-05-26|2025-05-27|2025-05-28|2025-05-29|2025-05-30|2025-05-31|2025-06-01|2025-06-02|2025-06-03|2025-06-04|2025-06-05|2025-06-06,144
q3,S3,2025-06-07,18,highs-ipm,0.06706883400329389,25343.32844534264,1.1368683772161603e-13,9.094947017729282e-13,20,2025-06-07 18:00,2025-06-07 18:00,2025-05-18|2025-05-19|2025-05-20|2025-05-21|2025-05-22|2025-05-23|2025-05-24|2025-05-25|2025-05-26|2025-05-27|2025-05-28|2025-05-29|2025-05-30|2025-05-31|2025-06-01|2025-06-02|2025-06-03|2025-06-04|2025-06-05|2025-06-06,144
q3,S3,2025-06-08,0,highs-ipm,0.0509516669990262,2520.3991443383134,1.1368683772161603e-13,9.094947017729282e-13,20,2025-06-08 00:00,2025-06-08 00:00,2025-05-19|2025-05-20|2025-05-21|2025-05-22|2025-05-23|2025-05-24|2025-05-25|2025-05-26|2025-05-27|2025-05-28|2025-05-29|2025-05-30|2025-05-31|2025-06-01|2025-06-02|2025-06-03|2025-06-04|2025-06-05|2025-06-06|2025-06-07,144
q3,S3,2025-06-08,6,highs-ipm,0.07504395899741212,13501.768255598074,1.1368683772161603e-13,9.094947017729282e-13,20,2025-06-08 06:00,2025-06-08 06:00,2025-05-19|2025-05-20|2025-05-21|2025-05-22|2025-05-23|2025-05-24|2025-05-25|2025-05-26|2025-05-27|2025-05-28|2025-05-29|2025-05-30|2025-05-31|2025-06-01|2025-06-02|2025-06-03|2025-06-04|2025-06-05|2025-06-06|2025-06-07,144
q3,S3,2025-06-08,12,highs-ipm,0.07103099999949336,17997.153609553636,1.1368683772161603e-13,8.810729923425242e-13,20,2025-06-08 12:00,2025-06-08 12:00,2025-05-19|2025-05-20|2025-05-21|2025-05-22|2025-05-23|2025-05-24|2025-05-25|2025-05-26|2025-05-27|2025-05-28|2025-05-29|2025-05-30|2025-05-31|2025-06-01|2025-06-02|2025-06-03|2025-06-04|2025-06-05|2025-06-06|2025-06-07,144
q3,S3,2025-06-08,18,highs-ipm,0.07245187499938766,32637.71748523067,2.2737367544323206e-13,1.0231815394945443e-12,20,2025-06-08 18:00,2025-06-08 18:00,2025-05-19|2025-05-20|2025-05-21|2025-05-22|2025-05-23|2025-05-24|2025-05-25|2025-05-26|2025-05-27|2025-05-28|2025-05-29|2025-05-30|2025-05-31|2025-06-01|2025-06-02|2025-06-03|2025-06-04|2025-06-05|2025-06-06|2025-06-07,144
q3,S3,2025-06-09,0,highs-ipm,0.05718437500036089,2658.061994629576,8.526512829121202e-13,8.526512829121202e-13,20,2025-06-09 00:00,2025-06-09 00:00,2025-05-20|2025-05-21|2025-05-22|2025-05-23|2025-05-24|2025-05-25|2025-05-26|2025-05-27|2025-05-28|2025-05-29|2025-05-30|2025-05-31|2025-06-01|2025-06-02|2025-06-03|2025-06-04|2025-06-05|2025-06-06|2025-06-07|2025-06-08,144
q3,S3,2025-06-09,6,highs-ipm,0.06981145899771946,10049.960193684015,2.2737367544323206e-13,8.668621376273222e-13,20,2025-06-09 06:00,2025-06-09 06:00,2025-05-20|2025-05-21|2025-05-22|2025-05-23|2025-05-24|2025-05-25|2025-05-26|2025-05-27|2025-05-28|2025-05-29|2025-05-30|2025-05-31|2025-06-01|2025-06-02|2025-06-03|2025-06-04|2025-06-05|2025-06-06|2025-06-07|2025-06-08,144
q3,S3,2025-06-09,12,highs-ipm,0.07215166700189002,27169.846153222756,1.1368683772161603e-13,9.094947017729282e-13,20,2025-06-09 12:00,2025-06-09 12:00,2025-05-20|2025-05-21|2025-05-22|2025-05-23|2025-05-24|2025-05-25|2025-05-26|2025-05-27|2025-05-28|2025-05-29|2025-05-30|2025-05-31|2025-06-01|2025-06-02|2025-06-03|2025-06-04|2025-06-05|2025-06-06|2025-06-07|2025-06-08,144
q3,S3,2025-06-09,18,highs-ipm,0.0702381660012179,31434.416309026357,1.1368683772161603e-13,9.094947017729282e-13,20,2025-06-09 18:00,2025-06-09 18:00,2025-05-20|2025-05-21|2025-05-22|2025-05-23|2025-05-24|2025-05-25|2025-05-26|2025-05-27|2025-05-28|2025-05-29|2025-05-30|2025-05-31|2025-06-01|2025-06-02|2025-06-03|2025-06-04|2025-06-05|2025-06-06|2025-06-07|2025-06-08,144
q3,S3,2025-06-10,0,highs-ipm,0.05491562500537839,2558.532070313928,2.2737367544323206e-13,9.094947017729282e-13,20,2025-06-10 00:00,2025-06-10 00:00,2025-05-21|2025-05-22|2025-05-23|2025-05-24|2025-05-25|2025-05-26|2025-05-27|2025-05-28|2025-05-29|2025-05-30|2025-05-31|2025-06-01|2025-06-02|2025-06-03|2025-06-04|2025-06-05|2025-06-06|2025-06-07|2025-06-08|2025-06-09,144
q3,S3,2025-06-10,6,highs-ipm,0.07228104100067867,12831.300637998267,2.2737367544323206e-13,8.419931418757187e-13,20,2025-06-10 06:00,2025-06-10 06:00,2025-05-21|2025-05-22|2025-05-23|2025-05-24|2025-05-25|2025-05-26|2025-05-27|2025-05-28|2025-05-29|2025-05-30|2025-05-31|2025-06-01|2025-06-02|2025-06-03|2025-06-04|2025-06-05|2025-06-06|2025-06-07|2025-06-08|2025-06-09,144
q3,S3,2025-06-10,12,highs-ipm,0.07434433299931698,30659.113984406285,2.2737367544323206e-13,8.526512829121202e-13,20,2025-06-10 12:00,2025-06-10 12:00,2025-05-21|2025-05-22|2025-05-23|2025-05-24|2025-05-25|2025-05-26|2025-05-27|2025-05-28|2025-05-29|2025-05-30|2025-05-31|2025-06-01|2025-06-02|2025-06-03|2025-06-04|2025-06-05|2025-06-06|2025-06-07|2025-06-08|2025-06-09,144
q3,S3,2025-06-10,18,highs-ipm,0.07432220899499953,41110.0986086121,2.2737367544323206e-13,7.958078640513122e-13,20,2025-06-10 18:00,2025-06-10 18:00,2025-05-21|2025-05-22|2025-05-23|2025-05-24|2025-05-25|2025-05-26|2025-05-27|2025-05-28|2025-05-29|2025-05-30|2025-05-31|2025-06-01|2025-06-02|2025-06-03|2025-06-04|2025-06-05|2025-06-06|2025-06-07|2025-06-08|2025-06-09,144
q3,S3,2025-06-11,0,highs-ipm,0.05185841699858429,2728.3150696690495,2.2737367544323206e-13,7.958078640513122e-13,20,2025-06-11 00:00,2025-06-11 00:00,2025-05-22|2025-05-23|2025-05-24|2025-05-25|2025-05-26|2025-05-27|2025-05-28|2025-05-29|2025-05-30|2025-05-31|2025-06-01|2025-06-02|2025-06-03|2025-06-04|2025-06-05|2025-06-06|2025-06-07|2025-06-08|2025-06-09|2025-06-10,144
q3,S3,2025-06-11,6,highs-ipm,0.07192533299530623,13991.190191212529,2.2737367544323206e-13,9.094947017729282e-13,20,2025-06-11 06:00,2025-06-11 06:00,2025-05-22|2025-05-23|2025-05-24|2025-05-25|2025-05-26|2025-05-27|2025-05-28|2025-05-29|2025-05-30|2025-05-31|2025-06-01|2025-06-02|2025-06-03|2025-06-04|2025-06-05|2025-06-06|2025-06-07|2025-06-08|2025-06-09|2025-06-10,144
q3,S3,2025-06-11,12,highs-ipm,0.07244108300074004,21932.202361609652,1.1368683772161603e-13,9.094947017729282e-13,20,2025-06-11 12:00,2025-06-11 12:00,2025-05-22|2025-05-23|2025-05-24|2025-05-25|2025-05-26|2025-05-27|2025-05-28|2025-05-29|2025-05-30|2025-05-31|2025-06-01|2025-06-02|2025-06-03|2025-06-04|2025-06-05|2025-06-06|2025-06-07|2025-06-08|2025-06-09|2025-06-10,144
q3,S3,2025-06-11,18,highs-ipm,0.07111579100455856,37685.00253405842,2.2737367544323206e-13,9.094947017729282e-13,20,2025-06-11 18:00,2025-06-11 18:00,2025-05-22|2025-05-23|2025-05-24|2025-05-25|2025-05-26|2025-05-27|2025-05-28|2025-05-29|2025-05-30|2025-05-31|2025-06-01|2025-06-02|2025-06-03|2025-06-04|2025-06-05|2025-06-06|2025-06-07|2025-06-08|2025-06-09|2025-06-10,144
q3,S3,2025-06-12,0,highs-ipm,0.049607249995460734,2899.7382737202056,2.8421709430404007e-13,7.958078640513122e-13,20,2025-06-12 00:00,2025-06-12 00:00,2025-05-23|2025-05-24|2025-05-25|2025-05-26|2025-05-27|2025-05-28|2025-05-29|2025-05-30|2025-05-31|2025-06-01|2025-06-02|2025-06-03|2025-06-04|2025-06-05|2025-06-06|2025-06-07|2025-06-08|2025-06-09|2025-06-10|2025-06-11,144
q3,S3,2025-06-12,6,highs-ipm,0.07456408399593784,10771.990894839453,2.2737367544323206e-13,9.094947017729282e-13,20,2025-06-12 06:00,2025-06-12 06:00,2025-05-23|2025-05-24|2025-05-25|2025-05-26|2025-05-27|2025-05-28|2025-05-29|2025-05-30|2025-05-31|2025-06-01|2025-06-02|2025-06-03|2025-06-04|2025-06-05|2025-06-06|2025-06-07|2025-06-08|2025-06-09|2025-06-10|2025-06-11,144
q3,S3,2025-06-12,12,highs-ipm,0.07206041699828347,15164.295770798479,2.2737367544323206e-13,9.094947017729282e-13,20,2025-06-12 12:00,2025-06-12 12:00,2025-05-23|2025-05-24|2025-05-25|2025-05-26|2025-05-27|2025-05-28|2025-05-29|2025-05-30|2025-05-31|2025-06-01|2025-06-02|2025-06-03|2025-06-04|2025-06-05|2025-06-06|2025-06-07|2025-06-08|2025-06-09|2025-06-10|2025-06-11,144
q3,S3,2025-06-12,18,highs-ipm,0.06682224999531172,12013.813696951207,1.1368683772161603e-13,9.094947017729282e-13,20,2025-06-12 18:00,2025-06-12 18:00,2025-05-23|2025-05-24|2025-05-25|2025-05-26|2025-05-27|2025-05-28|2025-05-29|2025-05-30|2025-05-31|2025-06-01|2025-06-02|2025-06-03|2025-06-04|2025-06-05|2025-06-06|2025-06-07|2025-06-08|2025-06-09|2025-06-10|2025-06-11,144
q3,S3,2025-06-13,0,highs-ipm,0.05549941700155614,1941.4780402603767,1.2505552149377763e-12,8.810729923425242e-13,20,2025-06-13 00:00,2025-06-13 00:00,2025-05-24|2025-05-25|2025-05-26|2025-05-27|2025-05-28|2025-05-29|2025-05-30|2025-05-31|2025-06-01|2025-06-02|2025-06-03|2025-06-04|2025-06-05|2025-06-06|2025-06-07|2025-06-08|2025-06-09|2025-06-10|2025-06-11|2025-06-12,144
q3,S3,2025-06-13,6,highs-ipm,0.07317941699875519,8680.11562533635,1.1368683772161603e-13,8.526512829121202e-13,20,2025-06-13 06:00,2025-06-13 06:00,2025-05-24|2025-05-25|2025-05-26|2025-05-27|2025-05-28|2025-05-29|2025-05-30|2025-05-31|2025-06-01|2025-06-02|2025-06-03|2025-06-04|2025-06-05|2025-06-06|2025-06-07|2025-06-08|2025-06-09|2025-06-10|2025-06-11|2025-06-12,144
q3,S3,2025-06-13,12,highs-ipm,0.0728850829982548,7542.495383276881,1.1368683772161603e-13,8.526512829121202e-13,20,2025-06-13 12:00,2025-06-13 12:00,2025-05-24|2025-05-25|2025-05-26|2025-05-27|2025-05-28|2025-05-29|2025-05-30|2025-05-31|2025-06-01|2025-06-02|2025-06-03|2025-06-04|2025-06-05|2025-06-06|2025-06-07|2025-06-08|2025-06-09|2025-06-10|2025-06-11|2025-06-12,144
q3,S3,2025-06-13,18,highs-ipm,0.06804675000603311,12033.076534994689,1.1368683772161603e-13,9.094947017729282e-13,20,2025-06-13 18:00,2025-06-13 18:00,2025-05-24|2025-05-25|2025-05-26|2025-05-27|2025-05-28|2025-05-29|2025-05-30|2025-05-31|2025-06-01|2025-06-02|2025-06-03|2025-06-04|2025-06-05|2025-06-06|2025-06-07|2025-06-08|2025-06-09|2025-06-10|2025-06-11|2025-06-12,144
q3,S3,2025-06-14,0,highs-ipm,0.05815716700453777,1938.333572017134,2.2737367544323206e-13,8.881784197001252e-13,20,2025-06-14 00:00,2025-06-14 00:00,2025-05-25|2025-05-26|2025-05-27|2025-05-28|2025-05-29|2025-05-30|2025-05-31|2025-06-01|2025-06-02|2025-06-03|2025-06-04|2025-06-05|2025-06-06|2025-06-07|2025-06-08|2025-06-09|2025-06-10|2025-06-11|2025-06-12|2025-06-13,144
q3,S3,2025-06-14,6,highs-ipm,0.07984866699553095,11916.165851099206,5.684341886080802e-14,9.094947017729282e-13,20,2025-06-14 06:00,2025-06-14 06:00,2025-05-25|2025-05-26|2025-05-27|2025-05-28|2025-05-29|2025-05-30|2025-05-31|2025-06-01|2025-06-02|2025-06-03|2025-06-04|2025-06-05|2025-06-06|2025-06-07|2025-06-08|2025-06-09|2025-06-10|2025-06-11|2025-06-12|2025-06-13,144
q3,S3,2025-06-14,12,highs-ipm,0.07533516699913889,17171.71179592179,5.684341886080802e-14,9.094947017729282e-13,20,2025-06-14 12:00,2025-06-14 12:00,2025-05-25|2025-05-26|2025-05-27|2025-05-28|2025-05-29|2025-05-30|2025-05-31|2025-06-01|2025-06-02|2025-06-03|2025-06-04|2025-06-05|2025-06-06|2025-06-07|2025-06-08|2025-06-09|2025-06-10|2025-06-11|2025-06-12|2025-06-13,144
q3,S3,2025-06-14,18,highs-ipm,0.07023170899628894,35554.36726676455,5.684341886080802e-14,9.094947017729282e-13,20,2025-06-14 18:00,2025-06-14 18:00,2025-05-25|2025-05-26|2025-05-27|2025-05-28|2025-05-29|2025-05-30|2025-05-31|2025-06-01|2025-06-02|2025-06-03|2025-06-04|2025-06-05|2025-06-06|2025-06-07|2025-06-08|2025-06-09|2025-06-10|2025-06-11|2025-06-12|2025-06-13,144
q3,S3,2025-06-15,0,highs-ipm,0.05311133300710935,2731.526433256239,2.2737367544323206e-13,7.958078640513122e-13,20,2025-06-15 00:00,2025-06-15 00:00,2025-05-26|2025-05-27|2025-05-28|2025-05-29|2025-05-30|2025-05-31|2025-06-01|2025-06-02|2025-06-03|2025-06-04|2025-06-05|2025-06-06|2025-06-07|2025-06-08|2025-06-09|2025-06-10|2025-06-11|2025-06-12|2025-06-13|2025-06-14,144
q3,S3,2025-06-15,6,highs-ipm,0.07468950000475161,16367.82487124473,1.1368683772161603e-13,9.094947017729282e-13,20,2025-06-15 06:00,2025-06-15 06:00,2025-05-26|2025-05-27|2025-05-28|2025-05-29|2025-05-30|2025-05-31|2025-06-01|2025-06-02|2025-06-03|2025-06-04|2025-06-05|2025-06-06|2025-06-07|2025-06-08|2025-06-09|2025-06-10|2025-06-11|2025-06-12|2025-06-13|2025-06-14,144
q3,S3,2025-06-15,12,highs-ipm,0.07395925000309944,25807.595698072222,2.2737367544323206e-13,9.094947017729282e-13,20,2025-06-15 12:00,2025-06-15 12:00,2025-05-26|2025-05-27|2025-05-28|2025-05-29|2025-05-30|2025-05-31|2025-06-01|2025-06-02|2025-06-03|2025-06-04|2025-06-05|2025-06-06|2025-06-07|2025-06-08|2025-06-09|2025-06-10|2025-06-11|2025-06-12|2025-06-13|2025-06-14,144
q3,S3,2025-06-15,18,highs-ipm,0.07356808400072623,41189.78198396283,2.2737367544323206e-13,1.0231815394945443e-12,20,2025-06-15 18:00,2025-06-15 18:00,2025-05-26|2025-05-27|2025-05-28|2025-05-29|2025-05-30|2025-05-31|2025-06-01|2025-06-02|2025-06-03|2025-06-04|2025-06-05|2025-06-06|2025-06-07|2025-06-08|2025-06-09|2025-06-10|2025-06-11|2025-06-12|2025-06-13|2025-06-14,144
q3,S3,2025-06-16,0,highs-ipm,0.05404295900370926,2496.8645465236627,1.1368683772161603e-13,7.958078640513122e-13,20,2025-06-16 00:00,2025-06-16 00:00,2025-05-27|2025-05-28|2025-05-29|2025-05-30|2025-05-31|2025-06-01|2025-06-02|2025-06-03|2025-06-04|2025-06-05|2025-06-06|2025-06-07|2025-06-08|2025-06-09|2025-06-10|2025-06-11|2025-06-12|2025-06-13|2025-06-14|2025-06-15,144
q3,S3,2025-06-16,6,highs-ipm,0.07927754199772608,14998.307679987642,2.2737367544323206e-13,9.094947017729282e-13,20,2025-06-16 06:00,2025-06-16 06:00,2025-05-27|2025-05-28|2025-05-29|2025-05-30|2025-05-31|2025-06-01|2025-06-02|2025-06-03|2025-06-04|2025-06-05|2025-06-06|2025-06-07|2025-06-08|2025-06-09|2025-06-10|2025-06-11|2025-06-12|2025-06-13|2025-06-14|2025-06-15,144
q3,S3,2025-06-16,12,highs-ipm,0.07594666699878871,23482.058146006293,1.1368683772161603e-13,9.094947017729282e-13,20,2025-06-16 12:00,2025-06-16 12:00,2025-05-27|2025-05-28|2025-05-29|2025-05-30|2025-05-31|2025-06-01|2025-06-02|2025-06-03|2025-06-04|2025-06-05|2025-06-06|2025-06-07|2025-06-08|2025-06-09|2025-06-10|2025-06-11|2025-06-12|2025-06-13|2025-06-14|2025-06-15,144
q3,S3,2025-06-16,18,highs-ipm,0.07794858299894258,41397.32869242227,1.1368683772161603e-13,9.094947017729282e-13,20,2025-06-16 18:00,2025-06-16 18:00,2025-05-27|2025-05-28|2025-05-29|2025-05-30|2025-05-31|2025-06-01|2025-06-02|2025-06-03|2025-06-04|2025-06-05|2025-06-06|2025-06-07|2025-06-08|2025-06-09|2025-06-10|2025-06-11|2025-06-12|2025-06-13|2025-06-14|2025-06-15,144
q3,S3,2025-06-17,0,highs-ipm,0.05270708299940452,2410.367337940686,5.684341886080801e-13,7.958078640513122e-13,20,2025-06-17 00:00,2025-06-17 00:00,2025-05-28|2025-05-29|2025-05-30|2025-05-31|2025-06-01|2025-06-02|2025-06-03|2025-06-04|2025-06-05|2025-06-06|2025-06-07|2025-06-08|2025-06-09|2025-06-10|2025-06-11|2025-06-12|2025-06-13|2025-06-14|2025-06-15|2025-06-16,144
q3,S3,2025-06-17,6,highs-ipm,0.07256258400593651,16777.479418471376,2.2737367544323206e-13,9.094947017729282e-13,20,2025-06-17 06:00,2025-06-17 06:00,2025-05-28|2025-05-29|2025-05-30|2025-05-31|2025-06-01|2025-06-02|2025-06-03|2025-06-04|2025-06-05|2025-06-06|2025-06-07|2025-06-08|2025-06-09|2025-06-10|2025-06-11|2025-06-12|2025-06-13|2025-06-14|2025-06-15|2025-06-16,144
q3,S3,2025-06-17,12,highs-ipm,0.07366737499978626,24002.622884151482,2.2737367544323206e-13,9.094947017729282e-13,20,2025-06-17 12:00,2025-06-17 12:00,2025-05-28|2025-05-29|2025-05-30|2025-05-31|2025-06-01|2025-06-02|2025-06-03|2025-06-04|2025-06-05|2025-06-06|2025-06-07|2025-06-08|2025-06-09|2025-06-10|2025-06-11|2025-06-12|2025-06-13|2025-06-14|2025-06-15|2025-06-16,144
q3,S3,2025-06-17,18,highs-ipm,0.07802500000252621,39019.995190593254,2.2737367544323206e-13,9.094947017729282e-13,20,2025-06-17 18:00,2025-06-17 18:00,2025-05-28|2025-05-29|2025-05-30|2025-05-31|2025-06-01|2025-06-02|2025-06-03|2025-06-04|2025-06-05|2025-06-06|2025-06-07|2025-06-08|2025-06-09|2025-06-10|2025-06-11|2025-06-12|2025-06-13|2025-06-14|2025-06-15|2025-06-16,144
q3,S3,2025-06-18,0,highs-ipm,0.055162667005788535,2408.5111931609927,4.298783551348606e-13,9.094947017729282e-13,20,2025-06-18 00:00,2025-06-18 00:00,2025-05-29|2025-05-30|2025-05-31|2025-06-01|2025-06-02|2025-06-03|2025-06-04|2025-06-05|2025-06-06|2025-06-07|2025-06-08|2025-06-09|2025-06-10|2025-06-11|2025-06-12|2025-06-13|2025-06-14|2025-06-15|2025-06-16|2025-06-17,144
q3,S3,2025-06-18,6,highs-ipm,0.07700591699540382,16358.073021724076,1.1368683772161603e-13,8.526512829121202e-13,20,2025-06-18 06:00,2025-06-18 06:00,2025-05-29|2025-05-30|2025-05-31|2025-06-01|2025-06-02|2025-06-03|2025-06-04|2025-06-05|2025-06-06|2025-06-07|2025-06-08|2025-06-09|2025-06-10|2025-06-11|2025-06-12|2025-06-13|2025-06-14|2025-06-15|2025-06-16|2025-06-17,144
q3,S3,2025-06-18,12,highs-ipm,0.08040387499931967,25181.57531322729,1.1368683772161603e-13,8.588685318500211e-13,20,2025-06-18 12:00,2025-06-18 12:00,2025-05-29|2025-05-30|2025-05-31|2025-06-01|2025-06-02|2025-06-03|2025-06-04|2025-06-05|2025-06-06|2025-06-07|2025-06-08|2025-06-09|2025-06-10|2025-06-11|2025-06-12|2025-06-13|2025-06-14|2025-06-15|2025-06-16|2025-06-17,144
q3,S3,2025-06-18,18,highs-ipm,0.08252354100113735,39530.98221133731,1.1368683772161603e-13,9.094947017729282e-13,20,2025-06-18 18:00,2025-06-18 18:00,2025-05-29|2025-05-30|2025-05-31|2025-06-01|2025-06-02|2025-06-03|2025-06-04|2025-06-05|2025-06-06|2025-06-07|2025-06-08|2025-06-09|2025-06-10|2025-06-11|2025-06-12|2025-06-13|2025-06-14|2025-06-15|2025-06-16|2025-06-17,144
q3,S3,2025-06-19,0,highs-ipm,0.054052041996328626,2549.754976545723,1.3642420526593924e-12,9.094947017729282e-13,20,2025-06-19 00:00,2025-06-19 00:00,2025-05-30|2025-05-31|2025-06-01|2025-06-02|2025-06-03|2025-06-04|2025-06-05|2025-06-06|2025-06-07|2025-06-08|2025-06-09|2025-06-10|2025-06-11|2025-06-12|2025-06-13|2025-06-14|2025-06-15|2025-06-16|2025-06-17|2025-06-18,144
q3,S3,2025-06-19,6,highs-ipm,0.07827037499373546,10670.61277582408,1.1368683772161603e-13,8.588685318500211e-13,20,2025-06-19 06:00,2025-06-19 06:00,2025-05-30|2025-05-31|2025-06-01|2025-06-02|2025-06-03|2025-06-04|2025-06-05|2025-06-06|2025-06-07|2025-06-08|2025-06-09|2025-06-10|2025-06-11|2025-06-12|2025-06-13|2025-06-14|2025-06-15|2025-06-16|2025-06-17|2025-06-18,144
q3,S3,2025-06-19,12,highs-ipm,0.0717503330015461,14886.762488633733,1.1368683772161603e-13,7.105427357601002e-13,20,2025-06-19 12:00,2025-06-19 12:00,2025-05-30|2025-05-31|2025-06-01|2025-06-02|2025-06-03|2025-06-04|2025-06-05|2025-06-06|2025-06-07|2025-06-08|2025-06-09|2025-06-10|2025-06-11|2025-06-12|2025-06-13|2025-06-14|2025-06-15|2025-06-16|2025-06-17|2025-06-18,144
q3,S3,2025-06-19,18,highs-ipm,0.07935237500350922,8832.065000738023,3.410605131648481e-13,7.958078640513122e-13,20,2025-06-19 18:00,2025-06-19 18:00,2025-05-30|2025-05-31|2025-06-01|2025-06-02|2025-06-03|2025-06-04|2025-06-05|2025-06-06|2025-06-07|2025-06-08|2025-06-09|2025-06-10|2025-06-11|2025-06-12|2025-06-13|2025-06-14|2025-06-15|2025-06-16|2025-06-17|2025-06-18,144
q3,S3,2025-06-20,0,highs-ipm,0.06351441699371208,1608.9102220028071,1.1368683772161603e-13,7.958078640513122e-13,20,2025-06-20 00:00,2025-06-20 00:00,2025-05-31|2025-06-01|2025-06-02|2025-06-03|2025-06-04|2025-06-05|2025-06-06|2025-06-07|2025-06-08|2025-06-09|2025-06-10|2025-06-11|2025-06-12|2025-06-13|2025-06-14|2025-06-15|2025-06-16|2025-06-17|2025-06-18|2025-06-19,144
q3,S3,2025-06-20,6,highs-ipm,0.07359174999874085,8909.216742118419,1.1368683772161603e-13,8.952838470577262e-13,20,2025-06-20 06:00,2025-06-20 06:00,2025-05-31|2025-06-01|2025-06-02|2025-06-03|2025-06-04|2025-06-05|2025-06-06|2025-06-07|2025-06-08|2025-06-09|2025-06-10|2025-06-11|2025-06-12|2025-06-13|2025-06-14|2025-06-15|2025-06-16|2025-06-17|2025-06-18|2025-06-19,144
q3,S3,2025-06-20,12,highs-ipm,0.07625541699962923,13517.910304002698,2.2737367544323206e-13,9.094947017729282e-13,20,2025-06-20 12:00,2025-06-20 12:00,2025-05-31|2025-06-01|2025-06-02|2025-06-03|2025-06-04|2025-06-05|2025-06-06|2025-06-07|2025-06-08|2025-06-09|2025-06-10|2025-06-11|2025-06-12|2025-06-13|2025-06-14|2025-06-15|2025-06-16|2025-06-17|2025-06-18|2025-06-19,144
q3,S3,2025-06-20,18,highs-ipm,0.07149412500439212,6911.371214845757,5.684341886080802e-14,9.094947017729282e-13,20,2025-06-20 18:00,2025-06-20 18:00,2025-05-31|2025-06-01|2025-06-02|2025-06-03|2025-06-04|2025-06-05|2025-06-06|2025-06-07|2025-06-08|2025-06-09|2025-06-10|2025-06-11|2025-06-12|2025-06-13|2025-06-14|2025-06-15|2025-06-16|2025-06-17|2025-06-18|2025-06-19,144
q3,S3,2025-06-21,0,highs-ipm,0.06497879199741874,1124.0708071873732,4.263256414560601e-13,9.094947017729282e-13,20,2025-06-21 00:00,2025-06-21 00:00,2025-06-01|2025-06-02|2025-06-03|2025-06-04|2025-06-05|2025-06-06|2025-06-07|2025-06-08|2025-06-09|2025-06-10|2025-06-11|2025-06-12|2025-06-13|2025-06-14|2025-06-15|2025-06-16|2025-06-17|2025-06-18|2025-06-19|2025-06-20,144
q3,S3,2025-06-21,6,highs-ipm,0.0778292920003878,11596.183314486074,1.1368683772161603e-13,9.094947017729282e-13,20,2025-06-21 06:00,2025-06-21 06:00,2025-06-01|2025-06-02|2025-06-03|2025-06-04|2025-06-05|2025-06-06|2025-06-07|2025-06-08|2025-06-09|2025-06-10|2025-06-11|2025-06-12|2025-06-13|2025-06-14|2025-06-15|2025-06-16|2025-06-17|2025-06-18|2025-06-19|2025-06-20,144
q3,S3,2025-06-21,12,highs-ipm,0.08049620800011326,17654.474943745237,1.1368683772161603e-13,9.094947017729282e-13,20,2025-06-21 12:00,2025-06-21 12:00,2025-06-01|2025-06-02|2025-06-03|2025-06-04|2025-06-05|2025-06-06|2025-06-07|2025-06-08|2025-06-09|2025-06-10|2025-06-11|2025-06-12|2025-06-13|2025-06-14|2025-06-15|2025-06-16|2025-06-17|2025-06-18|2025-06-19|2025-06-20,144
q3,S3,2025-06-21,18,highs-ipm,0.06956316700234311,31322.396172554607,2.2737367544323206e-13,9.094947017729282e-13,20,2025-06-21 18:00,2025-06-21 18:00,2025-06-01|2025-06-02|2025-06-03|2025-06-04|2025-06-05|2025-06-06|2025-06-07|2025-06-08|2025-06-09|2025-06-10|2025-06-11|2025-06-12|2025-06-13|2025-06-14|2025-06-15|2025-06-16|2025-06-17|2025-06-18|2025-06-19|2025-06-20,144
q3,S3,2025-06-22,0,highs-ipm,0.052535167000314686,2695.9924924163697,2.5579538487363607e-13,7.958078640513122e-13,20,2025-06-22 00:00,2025-06-22 00:00,2025-06-02|2025-06-03|2025-06-04|2025-06-05|2025-06-06|2025-06-07|2025-06-08|2025-06-09|2025-06-10|2025-06-11|2025-06-12|2025-06-13|2025-06-14|2025-06-15|2025-06-16|2025-06-17|2025-06-18|2025-06-19|2025-06-20|2025-06-21,144
q3,S3,2025-06-22,6,highs-ipm,0.07877825000468874,16786.39580848931,2.2737367544323206e-13,9.094947017729282e-13,20,2025-06-22 06:00,2025-06-22 06:00,2025-06-02|2025-06-03|2025-06-04|2025-06-05|2025-06-06|2025-06-07|2025-06-08|2025-06-09|2025-06-10|2025-06-11|2025-06-12|2025-06-13|2025-06-14|2025-06-15|2025-06-16|2025-06-17|2025-06-18|2025-06-19|2025-06-20|2025-06-21,144
q3,S3,2025-06-22,12,highs-ipm,0.07416245799686294,23363.176031259838,2.2737367544323206e-13,9.094947017729282e-13,20,2025-06-22 12:00,2025-06-22 12:00,2025-06-02|2025-06-03|2025-06-04|2025-06-05|2025-06-06|2025-06-07|2025-06-08|2025-06-09|2025-06-10|2025-06-11|2025-06-12|2025-06-13|2025-06-14|2025-06-15|2025-06-16|2025-06-17|2025-06-18|2025-06-19|2025-06-20|2025-06-21,144
q3,S3,2025-06-22,18,highs-ipm,0.0685532499992405,38023.69323874861,2.2737367544323206e-13,9.094947017729282e-13,20,2025-06-22 18:00,2025-06-22 18:00,2025-06-02|2025-06-03|2025-06-04|2025-06-05|2025-06-06|2025-06-07|2025-06-08|2025-06-09|2025-06-10|2025-06-11|2025-06-12|2025-06-13|2025-06-14|2025-06-15|2025-06-16|2025-06-17|2025-06-18|2025-06-19|2025-06-20|2025-06-21,144
q3,S3,2025-06-23,0,highs-ipm,0.05491808299848344,2591.039731120827,2.2737367544323206e-13,7.958078640513122e-13,20,2025-06-23 00:00,2025-06-23 00:00,2025-06-03|2025-06-04|2025-06-05|2025-06-06|2025-06-07|2025-06-08|2025-06-09|2025-06-10|2025-06-11|2025-06-12|2025-06-13|2025-06-14|2025-06-15|2025-06-16|2025-06-17|2025-06-18|2025-06-19|2025-06-20|2025-06-21|2025-06-22,144
q3,S3,2025-06-23,6,highs-ipm,0.07714000000123633,14097.408136762593,2.2737367544323206e-13,9.094947017729282e-13,20,2025-06-23 06:00,2025-06-23 06:00,2025-06-03|2025-06-04|2025-06-05|2025-06-06|2025-06-07|2025-06-08|2025-06-09|2025-06-10|2025-06-11|2025-06-12|2025-06-13|2025-06-14|2025-06-15|2025-06-16|2025-06-17|2025-06-18|2025-06-19|2025-06-20|2025-06-21|2025-06-22,144
q3,S3,2025-06-23,12,highs-ipm,0.07288691700523486,18690.38584778377,2.2737367544323206e-13,9.094947017729282e-13,20,2025-06-23 12:00,2025-06-23 12:00,2025-06-03|2025-06-04|2025-06-05|2025-06-06|2025-06-07|2025-06-08|2025-06-09|2025-06-10|2025-06-11|2025-06-12|2025-06-13|2025-06-14|2025-06-15|2025-06-16|2025-06-17|2025-06-18|2025-06-19|2025-06-20|2025-06-21|2025-06-22,144
q3,S3,2025-06-23,18,highs-ipm,0.07443645899911644,37518.0052245972,2.2737367544323206e-13,9.094947017729282e-13,20,2025-06-23 18:00,2025-06-23 18:00,2025-06-03|2025-06-04|2025-06-05|2025-06-06|2025-06-07|2025-06-08|2025-06-09|2025-06-10|2025-06-11|2025-06-12|2025-06-13|2025-06-14|2025-06-15|2025-06-16|2025-06-17|2025-06-18|2025-06-19|2025-06-20|2025-06-21|2025-06-22,144
q3,S3,2025-06-24,0,highs-ipm,0.049546707996341866,2738.512581064984,2.2737367544323206e-13,9.094947017729282e-13,20,2025-06-24 00:00,2025-06-24 00:00,2025-06-04|2025-06-05|2025-06-06|2025-06-07|2025-06-08|2025-06-09|2025-06-10|2025-06-11|2025-06-12|2025-06-13|2025-06-14|2025-06-15|2025-06-16|2025-06-17|2025-06-18|2025-06-19|2025-06-20|2025-06-21|2025-06-22|2025-06-23,144
q3,S3,2025-06-24,6,highs-ipm,0.06873308400099631,11782.476648055952,2.2737367544323206e-13,9.094947017729282e-13,20,2025-06-24 06:00,2025-06-24 06:00,2025-06-04|2025-06-05|2025-06-06|2025-06-07|2025-06-08|2025-06-09|2025-06-10|2025-06-11|2025-06-12|2025-06-13|2025-06-14|2025-06-15|2025-06-16|2025-06-17|2025-06-18|2025-06-19|2025-06-20|2025-06-21|2025-06-22|2025-06-23,144
q3,S3,2025-06-24,12,highs-ipm,0.07265837500017369,17512.275134010226,1.1368683772161603e-13,9.094947017729282e-13,20,2025-06-24 12:00,2025-06-24 12:00,2025-06-04|2025-06-05|2025-06-06|2025-06-07|2025-06-08|2025-06-09|2025-06-10|2025-06-11|2025-06-12|2025-06-13|2025-06-14|2025-06-15|2025-06-16|2025-06-17|2025-06-18|2025-06-19|2025-06-20|2025-06-21|2025-06-22|2025-06-23,144
q3,S3,2025-06-24,18,highs-ipm,0.0730900409980677,40671.951717497504,1.1368683772161603e-13,9.094947017729282e-13,20,2025-06-24 18:00,2025-06-24 18:00,2025-06-04|2025-06-05|2025-06-06|2025-06-07|2025-06-08|2025-06-09|2025-06-10|2025-06-11|2025-06-12|2025-06-13|2025-06-14|2025-06-15|2025-06-16|2025-06-17|2025-06-18|2025-06-19|2025-06-20|2025-06-21|2025-06-22|2025-06-23,144
q3,S3,2025-06-25,0,highs-ipm,0.05489641700114589,2641.8162138197536,2.2737367544323206e-13,9.094947017729282e-13,20,2025-06-25 00:00,2025-06-25 00:00,2025-06-05|2025-06-06|2025-06-07|2025-06-08|2025-06-09|2025-06-10|2025-06-11|2025-06-12|2025-06-13|2025-06-14|2025-06-15|2025-06-16|2025-06-17|2025-06-18|2025-06-19|2025-06-20|2025-06-21|2025-06-22|2025-06-23|2025-06-24,144
q3,S3,2025-06-25,6,highs-ipm,0.07355745899985777,14537.460961460794,1.1368683772161603e-13,8.242295734817162e-13,20,2025-06-25 06:00,2025-06-25 06:00,2025-06-05|2025-06-06|2025-06-07|2025-06-08|2025-06-09|2025-06-10|2025-06-11|2025-06-12|2025-06-13|2025-06-14|2025-06-15|2025-06-16|2025-06-17|2025-06-18|2025-06-19|2025-06-20|2025-06-21|2025-06-22|2025-06-23|2025-06-24,144
q3,S3,2025-06-25,12,highs-ipm,0.07125195799744688,26883.424356684776,1.1368683772161603e-13,9.094947017729282e-13,20,2025-06-25 12:00,2025-06-25 12:00,2025-06-05|2025-06-06|2025-06-07|2025-06-08|2025-06-09|2025-06-10|2025-06-11|2025-06-12|2025-06-13|2025-06-14|2025-06-15|2025-06-16|2025-06-17|2025-06-18|2025-06-19|2025-06-20|2025-06-21|2025-06-22|2025-06-23|2025-06-24,144
q3,S3,2025-06-25,18,highs-ipm,0.07817783299833536,31304.713321646203,3.410605131648481e-13,9.094947017729282e-13,20,2025-06-25 18:00,2025-06-25 18:00,2025-06-05|2025-06-06|2025-06-07|2025-06-08|2025-06-09|2025-06-10|2025-06-11|2025-06-12|2025-06-13|2025-06-14|2025-06-15|2025-06-16|2025-06-17|2025-06-18|2025-06-19|2025-06-20|2025-06-21|2025-06-22|2025-06-23|2025-06-24,144
q3,S3,2025-06-26,0,highs-ipm,0.05617050000000745,2530.136201672705,2.984279490192421e-13,9.094947017729282e-13,20,2025-06-26 00:00,2025-06-26 00:00,2025-06-06|2025-06-07|2025-06-08|2025-06-09|2025-06-10|2025-06-11|2025-06-12|2025-06-13|2025-06-14|2025-06-15|2025-06-16|2025-06-17|2025-06-18|2025-06-19|2025-06-20|2025-06-21|2025-06-22|2025-06-23|2025-06-24|2025-06-25,144
q3,S3,2025-06-26,6,highs-ipm,0.07883145900268573,11392.446268088035,1.1368683772161603e-13,9.094947017729282e-13,20,2025-06-26 06:00,2025-06-26 06:00,2025-06-06|2025-06-07|2025-06-08|2025-06-09|2025-06-10|2025-06-11|2025-06-12|2025-06-13|2025-06-14|2025-06-15|2025-06-16|2025-06-17|2025-06-18|2025-06-19|2025-06-20|2025-06-21|2025-06-22|2025-06-23|2025-06-24|2025-06-25,144
q3,S3,2025-06-26,12,highs-ipm,0.07230533300025854,10615.26986337035,1.1368683772161603e-13,8.668621376273222e-13,20,2025-06-26 12:00,2025-06-26 12:00,2025-06-06|2025-06-07|2025-06-08|2025-06-09|2025-06-10|2025-06-11|2025-06-12|2025-06-13|2025-06-14|2025-06-15|2025-06-16|2025-06-17|2025-06-18|2025-06-19|2025-06-20|2025-06-21|2025-06-22|2025-06-23|2025-06-24|2025-06-25,144
q3,S3,2025-06-26,18,highs-ipm,0.07202320800570305,9833.142318191902,1.1368683772161603e-13,9.094947017729282e-13,20,2025-06-26 18:00,2025-06-26 18:00,2025-06-06|2025-06-07|2025-06-08|2025-06-09|2025-06-10|2025-06-11|2025-06-12|2025-06-13|2025-06-14|2025-06-15|2025-06-16|2025-06-17|2025-06-18|2025-06-19|2025-06-20|2025-06-21|2025-06-22|2025-06-23|2025-06-24|2025-06-25,144
q3,S3,2025-06-27,0,highs-ipm,0.06358291700598784,1277.9465541257966,5.684341886080801e-13,9.094947017729282e-13,20,2025-06-27 00:00,2025-06-27 00:00,2025-06-07|2025-06-08|2025-06-09|2025-06-10|2025-06-11|2025-06-12|2025-06-13|2025-06-14|2025-06-15|2025-06-16|2025-06-17|2025-06-18|2025-06-19|2025-06-20|2025-06-21|2025-06-22|2025-06-23|2025-06-24|2025-06-25|2025-06-26,144
q3,S3,2025-06-27,6,highs-ipm,0.0815534170033061,8579.759401626341,1.1368683772161603e-13,1.0231815394945443e-12,20,2025-06-27 06:00,2025-06-27 06:00,2025-06-07|2025-06-08|2025-06-09|2025-06-10|2025-06-11|2025-06-12|2025-06-13|2025-06-14|2025-06-15|2025-06-16|2025-06-17|2025-06-18|2025-06-19|2025-06-20|2025-06-21|2025-06-22|2025-06-23|2025-06-24|2025-06-25|2025-06-26,144
q3,S3,2025-06-27,12,highs-ipm,0.0762609169978532,9036.404995263363,2.2737367544323206e-13,8.331113576787175e-13,20,2025-06-27 12:00,2025-06-27 12:00,2025-06-07|2025-06-08|2025-06-09|2025-06-10|2025-06-11|2025-06-12|2025-06-13|2025-06-14|2025-06-15|2025-06-16|2025-06-17|2025-06-18|2025-06-19|2025-06-20|2025-06-21|2025-06-22|2025-06-23|2025-06-24|2025-06-25|2025-06-26,144
q3,S3,2025-06-27,18,highs-ipm,0.06814787500479724,8386.468587337642,2.2737367544323206e-13,9.094947017729282e-13,20,2025-06-27 18:00,2025-06-27 18:00,2025-06-07|2025-06-08|2025-06-09|2025-06-10|2025-06-11|2025-06-12|2025-06-13|2025-06-14|2025-06-15|2025-06-16|2025-06-17|2025-06-18|2025-06-19|2025-06-20|2025-06-21|2025-06-22|2025-06-23|2025-06-24|2025-06-25|2025-06-26,144
q3,S3,2025-06-28,0,highs-ipm,0.057400833000428975,1164.8458571865788,2.2737367544323206e-13,9.094947017729282e-13,20,2025-06-28 00:00,2025-06-28 00:00,2025-06-08|2025-06-09|2025-06-10|2025-06-11|2025-06-12|2025-06-13|2025-06-14|2025-06-15|2025-06-16|2025-06-17|2025-06-18|2025-06-19|2025-06-20|2025-06-21|2025-06-22|2025-06-23|2025-06-24|2025-06-25|2025-06-26|2025-06-27,144
q3,S3,2025-06-28,6,highs-ipm,0.07530512499943143,11894.77826531579,2.2737367544323206e-13,9.094947017729282e-13,20,2025-06-28 06:00,2025-06-28 06:00,2025-06-08|2025-06-09|2025-06-10|2025-06-11|2025-06-12|2025-06-13|2025-06-14|2025-06-15|2025-06-16|2025-06-17|2025-06-18|2025-06-19|2025-06-20|2025-06-21|2025-06-22|2025-06-23|2025-06-24|2025-06-25|2025-06-26|2025-06-27,144
q3,S3,2025-06-28,12,highs-ipm,0.07767383300233632,18305.08790024299,2.2737367544323206e-13,9.094947017729282e-13,20,2025-06-28 12:00,2025-06-28 12:00,2025-06-08|2025-06-09|2025-06-10|2025-06-11|2025-06-12|2025-06-13|2025-06-14|2025-06-15|2025-06-16|2025-06-17|2025-06-18|2025-06-19|2025-06-20|2025-06-21|2025-06-22|2025-06-23|2025-06-24|2025-06-25|2025-06-26|2025-06-27,144
q3,S3,2025-06-28,18,highs-ipm,0.07349175000126706,32237.17242323867,2.2737367544323206e-13,9.094947017729282e-13,20,2025-06-28 18:00,2025-06-28 18:00,2025-06-08|2025-06-09|2025-06-10|2025-06-11|2025-06-12|2025-06-13|2025-06-14|2025-06-15|2025-06-16|2025-06-17|2025-06-18|2025-06-19|2025-06-20|2025-06-21|2025-06-22|2025-06-23|2025-06-24|2025-06-25|2025-06-26|2025-06-27,144
q3,S3,2025-06-29,0,highs-ipm,0.052573042004951276,2196.14988159966,1.1368683772161603e-13,8.08242361927114e-13,20,2025-06-29 00:00,2025-06-29 00:00,2025-06-09|2025-06-10|2025-06-11|2025-06-12|2025-06-13|2025-06-14|2025-06-15|2025-06-16|2025-06-17|2025-06-18|2025-06-19|2025-06-20|2025-06-21|2025-06-22|2025-06-23|2025-06-24|2025-06-25|2025-06-26|2025-06-27|2025-06-28,144
q3,S3,2025-06-29,6,highs-ipm,0.07826349999959348,15154.314410140125,2.2737367544323206e-13,8.633094239485217e-13,20,2025-06-29 06:00,2025-06-29 06:00,2025-06-09|2025-06-10|2025-06-11|2025-06-12|2025-06-13|2025-06-14|2025-06-15|2025-06-16|2025-06-17|2025-06-18|2025-06-19|2025-06-20|2025-06-21|2025-06-22|2025-06-23|2025-06-24|2025-06-25|2025-06-26|2025-06-27|2025-06-28,144
q3,S3,2025-06-29,12,highs-ipm,0.07359441700100433,20451.749855381324,1.1368683772161603e-13,9.094947017729282e-13,20,2025-06-29 12:00,2025-06-29 12:00,2025-06-09|2025-06-10|2025-06-11|2025-06-12|2025-06-13|2025-06-14|2025-06-15|2025-06-16|2025-06-17|2025-06-18|2025-06-19|2025-06-20|2025-06-21|2025-06-22|2025-06-23|2025-06-24|2025-06-25|2025-06-26|2025-06-27|2025-06-28,144
q3,S3,2025-06-29,18,highs-ipm,0.07916416700027185,34686.05482212147,2.2737367544323206e-13,9.094947017729282e-13,20,2025-06-29 18:00,2025-06-29 18:00,2025-06-09|2025-06-10|2025-06-11|2025-06-12|2025-06-13|2025-06-14|2025-06-15|2025-06-16|2025-06-17|2025-06-18|2025-06-19|2025-06-20|2025-06-21|2025-06-22|2025-06-23|2025-06-24|2025-06-25|2025-06-26|2025-06-27|2025-06-28,144
q3,S3,2025-06-30,0,highs-ipm,0.05343504100164864,2400.5866790658265,1.1368683772161603e-13,7.958078640513122e-13,20,2025-06-30 00:00,2025-06-30 00:00,2025-06-10|2025-06-11|2025-06-12|2025-06-13|2025-06-14|2025-06-15|2025-06-16|2025-06-17|2025-06-18|2025-06-19|2025-06-20|2025-06-21|2025-06-22|2025-06-23|2025-06-24|2025-06-25|2025-06-26|2025-06-27|2025-06-28|2025-06-29,144
q3,S3,2025-06-30,6,highs-ipm,0.08085974999994505,12177.500911877383,1.1368683772161603e-13,9.094947017729282e-13,20,2025-06-30 06:00,2025-06-30 06:00,2025-06-10|2025-06-11|2025-06-12|2025-06-13|2025-06-14|2025-06-15|2025-06-16|2025-06-17|2025-06-18|2025-06-19|2025-06-20|2025-06-21|2025-06-22|2025-06-23|2025-06-24|2025-06-25|2025-06-26|2025-06-27|2025-06-28|2025-06-29,144
q3,S3,2025-06-30,12,highs-ipm,0.07313104200147791,15653.613465612592,2.2737367544323206e-13,9.094947017729282e-13,20,2025-06-30 12:00,2025-06-30 12:00,2025-06-10|2025-06-11|2025-06-12|2025-06-13|2025-06-14|2025-06-15|2025-06-16|2025-06-17|2025-06-18|2025-06-19|2025-06-20|2025-06-21|2025-06-22|2025-06-23|2025-06-24|2025-06-25|2025-06-26|2025-06-27|2025-06-28|2025-06-29,144
q3,S3,2025-06-30,18,highs-ipm,0.07201475000329083,22880.303404441303,1.1368683772161603e-13,9.094947017729282e-13,20,2025-06-30 18:00,2025-06-30 18:00,2025-06-10|2025-06-11|2025-06-12|2025-06-13|2025-06-14|2025-06-15|2025-06-16|2025-06-17|2025-06-18|2025-06-19|2025-06-20|2025-06-21|2025-06-22|2025-06-23|2025-06-24|2025-06-25|2025-06-26|2025-06-27|2025-06-28|2025-06-29,144
q3,S3,2025-07-01,0,highs-ipm,0.058127125004830305,2462.646778700677,7.531752999057062e-13,8.841816168114747e-13,20,2025-07-01 00:00,2025-07-01 00:00,2025-06-11|2025-06-12|2025-06-13|2025-06-14|2025-06-15|2025-06-16|2025-06-17|2025-06-18|2025-06-19|2025-06-20|2025-06-21|2025-06-22|2025-06-23|2025-06-24|2025-06-25|2025-06-26|2025-06-27|2025-06-28|2025-06-29|2025-06-30,144
q3,S3,2025-07-01,6,highs-ipm,0.07525000000168802,13137.82235052898,2.2737367544323206e-13,9.094947017729282e-13,20,2025-07-01 06:00,2025-07-01 06:00,2025-06-11|2025-06-12|2025-06-13|2025-06-14|2025-06-15|2025-06-16|2025-06-17|2025-06-18|2025-06-19|2025-06-20|2025-06-21|2025-06-22|2025-06-23|2025-06-24|2025-06-25|2025-06-26|2025-06-27|2025-06-28|2025-06-29|2025-06-30,144
q3,S3,2025-07-01,12,highs-ipm,0.07236900000134483,18090.927933668412,2.2737367544323206e-13,8.952838470577262e-13,20,2025-07-01 12:00,2025-07-01 12:00,2025-06-11|2025-06-12|2025-06-13|2025-06-14|2025-06-15|2025-06-16|2025-06-17|2025-06-18|2025-06-19|2025-06-20|2025-06-21|2025-06-22|2025-06-23|2025-06-24|2025-06-25|2025-06-26|2025-06-27|2025-06-28|2025-06-29|2025-06-30,144
q3,S3,2025-07-01,18,highs-ipm,0.07621670800290303,22606.807264043375,1.1368683772161603e-13,8.189005029635155e-13,20,2025-07-01 18:00,2025-07-01 18:00,2025-06-11|2025-06-12|2025-06-13|2025-06-14|2025-06-15|2025-06-16|2025-06-17|2025-06-18|2025-06-19|2025-06-20|2025-06-21|2025-06-22|2025-06-23|2025-06-24|2025-06-25|2025-06-26|2025-06-27|2025-06-28|2025-06-29|2025-06-30,144
q3,S3,2025-07-02,0,highs-ipm,0.05752787500387058,2628.1030254969032,1.1368683772161603e-13,7.958078640513122e-13,20,2025-07-02 00:00,2025-07-02 00:00,2025-06-12|2025-06-13|2025-06-14|2025-06-15|2025-06-16|2025-06-17|2025-06-18|2025-06-19|2025-06-20|2025-06-21|2025-06-22|2025-06-23|2025-06-24|2025-06-25|2025-06-26|2025-06-27|2025-06-28|2025-06-29|2025-06-30|2025-07-01,144
q3,S3,2025-07-02,6,highs-ipm,0.07687295800133143,11869.954217105236,1.7053025658242404e-13,9.094947017729282e-13,20,2025-07-02 06:00,2025-07-02 06:00,2025-06-12|2025-06-13|2025-06-14|2025-06-15|2025-06-16|2025-06-17|2025-06-18|2025-06-19|2025-06-20|2025-06-21|2025-06-22|2025-06-23|2025-06-24|2025-06-25|2025-06-26|2025-06-27|2025-06-28|2025-06-29|2025-06-30|2025-07-01,144
q3,S3,2025-07-02,12,highs-ipm,0.07566062499972759,16530.379447192405,1.7053025658242404e-13,9.094947017729282e-13,20,2025-07-02 12:00,2025-07-02 12:00,2025-06-12|2025-06-13|2025-06-14|2025-06-15|2025-06-16|2025-06-17|2025-06-18|2025-06-19|2025-06-20|2025-06-21|2025-06-22|2025-06-23|2025-06-24|2025-06-25|2025-06-26|2025-06-27|2025-06-28|2025-06-29|2025-06-30|2025-07-01,144
q3,S3,2025-07-02,18,highs-ipm,0.07824899999832269,31129.292499036965,2.2737367544323206e-13,9.094947017729282e-13,20,2025-07-02 18:00,2025-07-02 18:00,2025-06-12|2025-06-13|2025-06-14|2025-06-15|2025-06-16|2025-06-17|2025-06-18|2025-06-19|2025-06-20|2025-06-21|2025-06-22|2025-06-23|2025-06-24|2025-06-25|2025-06-26|2025-06-27|2025-06-28|2025-06-29|2025-06-30|2025-07-01,144
q3,S3,2025-07-03,0,highs-ipm,0.05869637500290992,3306.5904634709223,3.410605131648481e-13,7.958078640513122e-13,20,2025-07-03 00:00,2025-07-03 00:00,2025-06-13|2025-06-14|2025-06-15|2025-06-16|2025-06-17|2025-06-18|2025-06-19|2025-06-20|2025-06-21|2025-06-22|2025-06-23|2025-06-24|2025-06-25|2025-06-26|2025-06-27|2025-06-28|2025-06-29|2025-06-30|2025-07-01|2025-07-02,144
q3,S3,2025-07-03,6,highs-ipm,0.07790750000276603,11201.839495253515,2.2737367544323206e-13,9.094947017729282e-13,20,2025-07-03 06:00,2025-07-03 06:00,2025-06-13|2025-06-14|2025-06-15|2025-06-16|2025-06-17|2025-06-18|2025-06-19|2025-06-20|2025-06-21|2025-06-22|2025-06-23|2025-06-24|2025-06-25|2025-06-26|2025-06-27|2025-06-28|2025-06-29|2025-06-30|2025-07-01|2025-07-02,144
q3,S3,2025-07-03,12,highs-ipm,0.07846149999386398,8354.564287126033,1.1368683772161603e-13,9.094947017729282e-13,20,2025-07-03 12:00,2025-07-03 12:00,2025-06-13|2025-06-14|2025-06-15|2025-06-16|2025-06-17|2025-06-18|2025-06-19|2025-06-20|2025-06-21|2025-06-22|2025-06-23|2025-06-24|2025-06-25|2025-06-26|2025-06-27|2025-06-28|2025-06-29|2025-06-30|2025-07-01|2025-07-02,144
q3,S3,2025-07-03,18,highs-ipm,0.07925466699816752,8868.85298079441,1.1368683772161603e-13,8.242295734817162e-13,20,2025-07-03 18:00,2025-07-03 18:00,2025-06-13|2025-06-14|2025-06-15|2025-06-16|2025-06-17|2025-06-18|2025-06-19|2025-06-20|2025-06-21|2025-06-22|2025-06-23|2025-06-24|2025-06-25|2025-06-26|2025-06-27|2025-06-28|2025-06-29|2025-06-30|2025-07-01|2025-07-02,144
q3,S3,2025-07-04,0,highs-ipm,0.06568995799898403,1669.338750485344,5.684341886080802e-14,7.958078640513122e-13,20,2025-07-04 00:00,2025-07-04 00:00,2025-06-14|2025-06-15|2025-06-16|2025-06-17|2025-06-18|2025-06-19|2025-06-20|2025-06-21|2025-06-22|2025-06-23|2025-06-24|2025-06-25|2025-06-26|2025-06-27|2025-06-28|2025-06-29|2025-06-30|2025-07-01|2025-07-02|2025-07-03,144
q3,S3,2025-07-04,6,highs-ipm,0.07484466699679615,10486.444841120321,5.684341886080802e-14,8.810729923425242e-13,20,2025-07-04 06:00,2025-07-04 06:00,2025-06-14|2025-06-15|2025-06-16|2025-06-17|2025-06-18|2025-06-19|2025-06-20|2025-06-21|2025-06-22|2025-06-23|2025-06-24|2025-06-25|2025-06-26|2025-06-27|2025-06-28|2025-06-29|2025-06-30|2025-07-01|2025-07-02|2025-07-03,144
q3,S3,2025-07-04,12,highs-ipm,0.07017037500190781,11723.374815489118,1.1368683772161603e-13,8.526512829121202e-13,20,2025-07-04 12:00,2025-07-04 12:00,2025-06-14|2025-06-15|2025-06-16|2025-06-17|2025-06-18|2025-06-19|2025-06-20|2025-06-21|2025-06-22|2025-06-23|2025-06-24|2025-06-25|2025-06-26|2025-06-27|2025-06-28|2025-06-29|2025-06-30|2025-07-01|2025-07-02|2025-07-03,144
q3,S3,2025-07-04,18,highs-ipm,0.07148112499999115,9204.861133826063,1.1368683772161603e-13,9.094947017729282e-13,20,2025-07-04 18:00,2025-07-04 18:00,2025-06-14|2025-06-15|2025-06-16|2025-06-17|2025-06-18|2025-06-19|2025-06-20|2025-06-21|2025-06-22|2025-06-23|2025-06-24|2025-06-25|2025-06-26|2025-06-27|2025-06-28|2025-06-29|2025-06-30|2025-07-01|2025-07-02|2025-07-03,144
q3,S3,2025-07-05,0,highs-ipm,0.06349033399601467,1587.0185702482797,0.0,9.094947017729282e-13,20,2025-07-05 00:00,2025-07-05 00:00,2025-06-15|2025-06-16|2025-06-17|2025-06-18|2025-06-19|2025-06-20|2025-06-21|2025-06-22|2025-06-23|2025-06-24|2025-06-25|2025-06-26|2025-06-27|2025-06-28|2025-06-29|2025-06-30|2025-07-01|2025-07-02|2025-07-03|2025-07-04,144
q3,S3,2025-07-05,6,highs-ipm,0.07979270899522817,12529.30375214385,2.2737367544323206e-13,9.094947017729282e-13,20,2025-07-05 06:00,2025-07-05 06:00,2025-06-15|2025-06-16|2025-06-17|2025-06-18|2025-06-19|2025-06-20|2025-06-21|2025-06-22|2025-06-23|2025-06-24|2025-06-25|2025-06-26|2025-06-27|2025-06-28|2025-06-29|2025-06-30|2025-07-01|2025-07-02|2025-07-03|2025-07-04,144
q3,S3,2025-07-05,12,highs-ipm,0.07205329199496191,25217.821405598665,5.684341886080802e-14,9.094947017729282e-13,20,2025-07-05 12:00,2025-07-05 12:00,2025-06-15|2025-06-16|2025-06-17|2025-06-18|2025-06-19|2025-06-20|2025-06-21|2025-06-22|2025-06-23|2025-06-24|2025-06-25|2025-06-26|2025-06-27|2025-06-28|2025-06-29|2025-06-30|2025-07-01|2025-07-02|2025-07-03|2025-07-04,144
q3,S3,2025-07-05,18,highs-ipm,0.0683037500057253,32478.798540951506,1.1368683772161603e-13,9.094947017729282e-13,20,2025-07-05 18:00,2025-07-05 18:00,2025-06-15|2025-06-16|2025-06-17|2025-06-18|2025-06-19|2025-06-20|2025-06-21|2025-06-22|2025-06-23|2025-06-24|2025-06-25|2025-06-26|2025-06-27|2025-06-28|2025-06-29|2025-06-30|2025-07-01|2025-07-02|2025-07-03|2025-07-04,144
q3,S3,2025-07-06,0,highs-ipm,0.05451379100122722,2516.560564157987,2.2737367544323206e-13,8.526512829121202e-13,20,2025-07-06 00:00,2025-07-06 00:00,2025-06-16|2025-06-17|2025-06-18|2025-06-19|2025-06-20|2025-06-21|2025-06-22|2025-06-23|2025-06-24|2025-06-25|2025-06-26|2025-06-27|2025-06-28|2025-06-29|2025-06-30|2025-07-01|2025-07-02|2025-07-03|2025-07-04|2025-07-05,144
q3,S3,2025-07-06,6,highs-ipm,0.0730425829970045,17729.026157721586,1.1368683772161603e-13,8.526512829121202e-13,20,2025-07-06 06:00,2025-07-06 06:00,2025-06-16|2025-06-17|2025-06-18|2025-06-19|2025-06-20|2025-06-21|2025-06-22|2025-06-23|2025-06-24|2025-06-25|2025-06-26|2025-06-27|2025-06-28|2025-06-29|2025-06-30|2025-07-01|2025-07-02|2025-07-03|2025-07-04|2025-07-05,144
q3,S3,2025-07-06,12,highs-ipm,0.07436474999849452,19655.372059863326,2.2737367544323206e-13,8.810729923425242e-13,20,2025-07-06 12:00,2025-07-06 12:00,2025-06-16|2025-06-17|2025-06-18|2025-06-19|2025-06-20|2025-06-21|2025-06-22|2025-06-23|2025-06-24|2025-06-25|2025-06-26|2025-06-27|2025-06-28|2025-06-29|2025-06-30|2025-07-01|2025-07-02|2025-07-03|2025-07-04|2025-07-05,144
q3,S3,2025-07-06,18,highs-ipm,0.06885395800054539,23752.168314989784,2.2737367544323206e-13,8.810729923425242e-13,20,2025-07-06 18:00,2025-07-06 18:00,2025-06-16|2025-06-17|2025-06-18|2025-06-19|2025-06-20|2025-06-21|2025-06-22|2025-06-23|2025-06-24|2025-06-25|2025-06-26|2025-06-27|2025-06-28|2025-06-29|2025-06-30|2025-07-01|2025-07-02|2025-07-03|2025-07-04|2025-07-05,144
q3,S3,2025-07-07,0,highs-ipm,0.05348608299391344,3103.2288149867327,3.410605131648481e-13,8.526512829121202e-13,20,2025-07-07 00:00,2025-07-07 00:00,2025-06-17|2025-06-18|2025-06-19|2025-06-20|2025-06-21|2025-06-22|2025-06-23|2025-06-24|2025-06-25|2025-06-26|2025-06-27|2025-06-28|2025-06-29|2025-06-30|2025-07-01|2025-07-02|2025-07-03|2025-07-04|2025-07-05|2025-07-06,144
q3,S3,2025-07-07,6,highs-ipm,0.07517408300191164,11595.093547431166,2.2737367544323206e-13,9.094947017729282e-13,20,2025-07-07 06:00,2025-07-07 06:00,2025-06-17|2025-06-18|2025-06-19|2025-06-20|2025-06-21|2025-06-22|2025-06-23|2025-06-24|2025-06-25|2025-06-26|2025-06-27|2025-06-28|2025-06-29|2025-06-30|2025-07-01|2025-07-02|2025-07-03|2025-07-04|2025-07-05|2025-07-06,144
q3,S3,2025-07-07,12,highs-ipm,0.0748416249989532,21399.921318046352,1.1368683772161603e-13,9.094947017729282e-13,20,2025-07-07 12:00,2025-07-07 12:00,2025-06-17|2025-06-18|2025-06-19|2025-06-20|2025-06-21|2025-06-22|2025-06-23|2025-06-24|2025-06-25|2025-06-26|2025-06-27|2025-06-28|2025-06-29|2025-06-30|2025-07-01|2025-07-02|2025-07-03|2025-07-04|2025-07-05|2025-07-06,144
q3,S3,2025-07-07,18,highs-ipm,0.07163954099814873,29267.580414826098,2.2737367544323206e-13,9.094947017729282e-13,20,2025-07-07 18:00,2025-07-07 18:00,2025-06-17|2025-06-18|2025-06-19|2025-06-20|2025-06-21|2025-06-22|2025-06-23|2025-06-24|2025-06-25|2025-06-26|2025-06-27|2025-06-28|2025-06-29|2025-06-30|2025-07-01|2025-07-02|2025-07-03|2025-07-04|2025-07-05|2025-07-06,144
q3,S3,2025-07-08,0,highs-ipm,0.052001125004608184,3481.444030378164,1.1368683772161603e-13,1.0231815394945443e-12,20,2025-07-08 00:00,2025-07-08 00:00,2025-06-18|2025-06-19|2025-06-20|2025-06-21|2025-06-22|2025-06-23|2025-06-24|2025-06-25|2025-06-26|2025-06-27|2025-06-28|2025-06-29|2025-06-30|2025-07-01|2025-07-02|2025-07-03|2025-07-04|2025-07-05|2025-07-06|2025-07-07,144
q3,S3,2025-07-08,6,highs-ipm,0.07282383299752837,12435.771403214196,1.1368683772161603e-13,8.810729923425242e-13,20,2025-07-08 06:00,2025-07-08 06:00,2025-06-18|2025-06-19|2025-06-20|2025-06-21|2025-06-22|2025-06-23|2025-06-24|2025-06-25|2025-06-26|2025-06-27|2025-06-28|2025-06-29|2025-06-30|2025-07-01|2025-07-02|2025-07-03|2025-07-04|2025-07-05|2025-07-06|2025-07-07,144
q3,S3,2025-07-08,12,highs-ipm,0.0722843749972526,25861.47156054156,2.2737367544323206e-13,8.171241461241152e-13,20,2025-07-08 12:00,2025-07-08 12:00,2025-06-18|2025-06-19|2025-06-20|2025-06-21|2025-06-22|2025-06-23|2025-06-24|2025-06-25|2025-06-26|2025-06-27|2025-06-28|2025-06-29|2025-06-30|2025-07-01|2025-07-02|2025-07-03|2025-07-04|2025-07-05|2025-07-06|2025-07-07,144
q3,S3,2025-07-08,18,highs-ipm,0.07049841700063553,32040.227853966015,2.2737367544323206e-13,7.958078640513122e-13,20,2025-07-08 18:00,2025-07-08 18:00,2025-06-18|2025-06-19|2025-06-20|2025-06-21|2025-06-22|2025-06-23|2025-06-24|2025-06-25|2025-06-26|2025-06-27|2025-06-28|2025-06-29|2025-06-30|2025-07-01|2025-07-02|2025-07-03|2025-07-04|2025-07-05|2025-07-06|2025-07-07,144
q3,S3,2025-07-09,0,highs-ipm,0.05543779100116808,3417.3610102099615,2.2737367544323206e-13,9.094947017729282e-13,20,2025-07-09 00:00,2025-07-09 00:00,2025-06-19|2025-06-20|2025-06-21|2025-06-22|2025-06-23|2025-06-24|2025-06-25|2025-06-26|2025-06-27|2025-06-28|2025-06-29|2025-06-30|2025-07-01|2025-07-02|2025-07-03|2025-07-04|2025-07-05|2025-07-06|2025-07-07|2025-07-08,144
q3,S3,2025-07-09,6,highs-ipm,0.07163762499840232,12350.97530290481,1.1368683772161603e-13,7.958078640513122e-13,20,2025-07-09 06:00,2025-07-09 06:00,2025-06-19|2025-06-20|2025-06-21|2025-06-22|2025-06-23|2025-06-24|2025-06-25|2025-06-26|2025-06-27|2025-06-28|2025-06-29|2025-06-30|2025-07-01|2025-07-02|2025-07-03|2025-07-04|2025-07-05|2025-07-06|2025-07-07|2025-07-08,144
q3,S3,2025-07-09,12,highs-ipm,0.07540541599883,27364.84106718422,2.2737367544323206e-13,9.094947017729282e-13,20,2025-07-09 12:00,2025-07-09 12:00,2025-06-19|2025-06-20|2025-06-21|2025-06-22|2025-06-23|2025-06-24|2025-06-25|2025-06-26|2025-06-27|2025-06-28|2025-06-29|2025-06-30|2025-07-01|2025-07-02|2025-07-03|2025-07-04|2025-07-05|2025-07-06|2025-07-07|2025-07-08,144
q3,S3,2025-07-09,18,highs-ipm,0.07002445900434395,33439.604580956155,1.1368683772161603e-13,1.0231815394945443e-12,20,2025-07-09 18:00,2025-07-09 18:00,2025-06-19|2025-06-20|2025-06-21|2025-06-22|2025-06-23|2025-06-24|2025-06-25|2025-06-26|2025-06-27|2025-06-28|2025-06-29|2025-06-30|2025-07-01|2025-07-02|2025-07-03|2025-07-04|2025-07-05|2025-07-06|2025-07-07|2025-07-08,144
q3,S3,2025-07-10,0,highs-ipm,0.052041208000446204,3011.1970985949824,2.2737367544323206e-13,9.094947017729282e-13,20,2025-07-10 00:00,2025-07-10 00:00,2025-06-20|2025-06-21|2025-06-22|2025-06-23|2025-06-24|2025-06-25|2025-06-26|2025-06-27|2025-06-28|2025-06-29|2025-06-30|2025-07-01|2025-07-02|2025-07-03|2025-07-04|2025-07-05|2025-07-06|2025-07-07|2025-07-08|2025-07-09,144
q3,S3,2025-07-10,6,highs-ipm,0.07208170800004154,12138.89131998345,1.1368683772161603e-13,9.094947017729282e-13,20,2025-07-10 06:00,2025-07-10 06:00,2025-06-20|2025-06-21|2025-06-22|2025-06-23|2025-06-24|2025-06-25|2025-06-26|2025-06-27|2025-06-28|2025-06-29|2025-06-30|2025-07-01|2025-07-02|2025-07-03|2025-07-04|2025-07-05|2025-07-06|2025-07-07|2025-07-08|2025-07-09,144
q3,S3,2025-07-10,12,highs-ipm,0.07245208400127012,14159.335271769305,1.1368683772161603e-13,9.094947017729282e-13,20,2025-07-10 12:00,2025-07-10 12:00,2025-06-20|2025-06-21|2025-06-22|2025-06-23|2025-06-24|2025-06-25|2025-06-26|2025-06-27|2025-06-28|2025-06-29|2025-06-30|2025-07-01|2025-07-02|2025-07-03|2025-07-04|2025-07-05|2025-07-06|2025-07-07|2025-07-08|2025-07-09,144
q3,S3,2025-07-10,18,highs-ipm,0.07870958300190978,13774.079284814989,1.1368683772161603e-13,8.242295734817162e-13,20,2025-07-10 18:00,2025-07-10 18:00,2025-06-20|2025-06-21|2025-06-22|2025-06-23|2025-06-24|2025-06-25|2025-06-26|2025-06-27|2025-06-28|2025-06-29|2025-06-30|2025-07-01|2025-07-02|2025-07-03|2025-07-04|2025-07-05|2025-07-06|2025-07-07|2025-07-08|2025-07-09,144
q3,S3,2025-07-11,0,highs-ipm,0.061250125007063616,2022.9215389978262,1.1368683772161603e-13,9.094947017729282e-13,20,2025-07-11 00:00,2025-07-11 00:00,2025-06-21|2025-06-22|2025-06-23|2025-06-24|2025-06-25|2025-06-26|2025-06-27|2025-06-28|2025-06-29|2025-06-30|2025-07-01|2025-07-02|2025-07-03|2025-07-04|2025-07-05|2025-07-06|2025-07-07|2025-07-08|2025-07-09|2025-07-10,144
q3,S3,2025-07-11,6,highs-ipm,0.0732509579975158,9999.859775763976,7.105427357601002e-15,8.810729923425242e-13,20,2025-07-11 06:00,2025-07-11 06:00,2025-06-21|2025-06-22|2025-06-23|2025-06-24|2025-06-25|2025-06-26|2025-06-27|2025-06-28|2025-06-29|2025-06-30|2025-07-01|2025-07-02|2025-07-03|2025-07-04|2025-07-05|2025-07-06|2025-07-07|2025-07-08|2025-07-09|2025-07-10,144
q3,S3,2025-07-11,12,highs-ipm,0.0777192909954465,13403.636614960587,1.1368683772161603e-13,8.810729923425242e-13,20,2025-07-11 12:00,2025-07-11 12:00,2025-06-21|2025-06-22|2025-06-23|2025-06-24|2025-06-25|2025-06-26|2025-06-27|2025-06-28|2025-06-29|2025-06-30|2025-07-01|2025-07-02|2025-07-03|2025-07-04|2025-07-05|2025-07-06|2025-07-07|2025-07-08|2025-07-09|2025-07-10,144
q3,S3,2025-07-11,18,highs-ipm,0.0720419579956797,13764.629246599441,1.1368683772161603e-13,9.094947017729282e-13,20,2025-07-11 18:00,2025-07-11 18:00,2025-06-21|2025-06-22|2025-06-23|2025-06-24|2025-06-25|2025-06-26|2025-06-27|2025-06-28|2025-06-29|2025-06-30|2025-07-01|2025-07-02|2025-07-03|2025-07-04|2025-07-05|2025-07-06|2025-07-07|2025-07-08|2025-07-09|2025-07-10,144
q3,S3,2025-07-12,0,highs-ipm,0.06432474999746773,1322.6197471727487,5.684341886080802e-14,8.526512829121202e-13,20,2025-07-12 00:00,2025-07-12 00:00,2025-06-22|2025-06-23|2025-06-24|2025-06-25|2025-06-26|2025-06-27|2025-06-28|2025-06-29|2025-06-30|2025-07-01|2025-07-02|2025-07-03|2025-07-04|2025-07-05|2025-07-06|2025-07-07|2025-07-08|2025-07-09|2025-07-10|2025-07-11,144
q3,S3,2025-07-12,6,highs-ipm,0.07304633400053717,13844.531539951358,0.0,8.526512829121202e-13,20,2025-07-12 06:00,2025-07-12 06:00,2025-06-22|2025-06-23|2025-06-24|2025-06-25|2025-06-26|2025-06-27|2025-06-28|2025-06-29|2025-06-30|2025-07-01|2025-07-02|2025-07-03|2025-07-04|2025-07-05|2025-07-06|2025-07-07|2025-07-08|2025-07-09|2025-07-10|2025-07-11,144
q3,S3,2025-07-12,12,highs-ipm,0.07542233300046064,23050.180394170882,5.684341886080802e-14,9.094947017729282e-13,20,2025-07-12 12:00,2025-07-12 12:00,2025-06-22|2025-06-23|2025-06-24|2025-06-25|2025-06-26|2025-06-27|2025-06-28|2025-06-29|2025-06-30|2025-07-01|2025-07-02|2025-07-03|2025-07-04|2025-07-05|2025-07-06|2025-07-07|2025-07-08|2025-07-09|2025-07-10|2025-07-11,144
q3,S3,2025-07-12,18,highs-ipm,0.06876087500131689,30034.934108365935,1.1368683772161603e-13,9.094947017729282e-13,20,2025-07-12 18:00,2025-07-12 18:00,2025-06-22|2025-06-23|2025-06-24|2025-06-25|2025-06-26|2025-06-27|2025-06-28|2025-06-29|2025-06-30|2025-07-01|2025-07-02|2025-07-03|2025-07-04|2025-07-05|2025-07-06|2025-07-07|2025-07-08|2025-07-09|2025-07-10|2025-07-11,144
q3,S3,2025-07-13,0,highs-ipm,0.057964542000263464,2981.8204513878113,2.2737367544323206e-13,9.663381206337363e-13,20,2025-07-13 00:00,2025-07-13 00:00,2025-06-23|2025-06-24|2025-06-25|2025-06-26|2025-06-27|2025-06-28|2025-06-29|2025-06-30|2025-07-01|2025-07-02|2025-07-03|2025-07-04|2025-07-05|2025-07-06|2025-07-07|2025-07-08|2025-07-09|2025-07-10|2025-07-11|2025-07-12,144
q3,S3,2025-07-13,6,highs-ipm,0.07296733299881453,10667.818275882773,1.1368683772161603e-13,9.094947017729282e-13,20,2025-07-13 06:00,2025-07-13 06:00,2025-06-23|2025-06-24|2025-06-25|2025-06-26|2025-06-27|2025-06-28|2025-06-29|2025-06-30|2025-07-01|2025-07-02|2025-07-03|2025-07-04|2025-07-05|2025-07-06|2025-07-07|2025-07-08|2025-07-09|2025-07-10|2025-07-11|2025-07-12,144
q3,S3,2025-07-13,12,highs-ipm,0.07601016700209584,23079.000321991873,1.1368683772161603e-13,9.094947017729282e-13,20,2025-07-13 12:00,2025-07-13 12:00,2025-06-23|2025-06-24|2025-06-25|2025-06-26|2025-06-27|2025-06-28|2025-06-29|2025-06-30|2025-07-01|2025-07-02|2025-07-03|2025-07-04|2025-07-05|2025-07-06|2025-07-07|2025-07-08|2025-07-09|2025-07-10|2025-07-11|2025-07-12,144
q3,S3,2025-07-13,18,highs-ipm,0.07676841699867509,36477.72257553263,1.1368683772161603e-13,9.094947017729282e-13,20,2025-07-13 18:00,2025-07-13 18:00,2025-06-23|2025-06-24|2025-06-25|2025-06-26|2025-06-27|2025-06-28|2025-06-29|2025-06-30|2025-07-01|2025-07-02|2025-07-03|2025-07-04|2025-07-05|2025-07-06|2025-07-07|2025-07-08|2025-07-09|2025-07-10|2025-07-11|2025-07-12,144
q3,S3,2025-07-14,0,highs-ipm,0.054250041001068894,2966.3201498759427,2.2737367544323206e-13,8.65085780787922e-13,20,2025-07-14 00:00,2025-07-14 00:00,2025-06-24|2025-06-25|2025-06-26|2025-06-27|2025-06-28|2025-06-29|2025-06-30|2025-07-01|2025-07-02|2025-07-03|2025-07-04|2025-07-05|2025-07-06|2025-07-07|2025-07-08|2025-07-09|2025-07-10|2025-07-11|2025-07-12|2025-07-13,144
q3,S3,2025-07-14,6,highs-ipm,0.07432204199722037,12939.116509884281,2.2737367544323206e-13,8.526512829121202e-13,20,2025-07-14 06:00,2025-07-14 06:00,2025-06-24|2025-06-25|2025-06-26|2025-06-27|2025-06-28|2025-06-29|2025-06-30|2025-07-01|2025-07-02|2025-07-03|2025-07-04|2025-07-05|2025-07-06|2025-07-07|2025-07-08|2025-07-09|2025-07-10|2025-07-11|2025-07-12|2025-07-13,144
q3,S3,2025-07-14,12,highs-ipm,0.07367758300097194,19281.35980465531,2.2737367544323206e-13,9.094947017729282e-13,20,2025-07-14 12:00,2025-07-14 12:00,2025-06-24|2025-06-25|2025-06-26|2025-06-27|2025-06-28|2025-06-29|2025-06-30|2025-07-01|2025-07-02|2025-07-03|2025-07-04|2025-07-05|2025-07-06|2025-07-07|2025-07-08|2025-07-09|2025-07-10|2025-07-11|2025-07-12|2025-07-13,144
q3,S3,2025-07-14,18,highs-ipm,0.07972933299606666,36272.95315363953,2.2737367544323206e-13,9.094947017729282e-13,20,2025-07-14 18:00,2025-07-14 18:00,2025-06-24|2025-06-25|2025-06-26|2025-06-27|2025-06-28|2025-06-29|2025-06-30|2025-07-01|2025-07-02|2025-07-03|2025-07-04|2025-07-05|2025-07-06|2025-07-07|2025-07-08|2025-07-09|2025-07-10|2025-07-11|2025-07-12|2025-07-13,144
q3,S3,2025-07-15,0,highs-ipm,0.05425441699480871,2948.06501833094,2.2737367544323206e-13,9.094947017729282e-13,20,2025-07-15 00:00,2025-07-15 00:00,2025-06-25|2025-06-26|2025-06-27|2025-06-28|2025-06-29|2025-06-30|2025-07-01|2025-07-02|2025-07-03|2025-07-04|2025-07-05|2025-07-06|2025-07-07|2025-07-08|2025-07-09|2025-07-10|2025-07-11|2025-07-12|2025-07-13|2025-07-14,144
q3,S3,2025-07-15,6,highs-ipm,0.07508920799591579,11785.105414462085,2.2737367544323206e-13,8.588685318500211e-13,20,2025-07-15 06:00,2025-07-15 06:00,2025-06-25|2025-06-26|2025-06-27|2025-06-28|2025-06-29|2025-06-30|2025-07-01|2025-07-02|2025-07-03|2025-07-04|2025-07-05|2025-07-06|2025-07-07|2025-07-08|2025-07-09|2025-07-10|2025-07-11|2025-07-12|2025-07-13|2025-07-14,144
q3,S3,2025-07-15,12,highs-ipm,0.07481683399964822,19073.652223734713,2.2737367544323206e-13,9.094947017729282e-13,20,2025-07-15 12:00,2025-07-15 12:00,2025-06-25|2025-06-26|2025-06-27|2025-06-28|2025-06-29|2025-06-30|2025-07-01|2025-07-02|2025-07-03|2025-07-04|2025-07-05|2025-07-06|2025-07-07|2025-07-08|2025-07-09|2025-07-10|2025-07-11|2025-07-12|2025-07-13|2025-07-14,144
q3,S3,2025-07-15,18,highs-ipm,0.0745876250002766,28584.622179187667,1.1368683772161603e-13,9.094947017729282e-13,20,2025-07-15 18:00,2025-07-15 18:00,2025-06-25|2025-06-26|2025-06-27|2025-06-28|2025-06-29|2025-06-30|2025-07-01|2025-07-02|2025-07-03|2025-07-04|2025-07-05|2025-07-06|2025-07-07|2025-07-08|2025-07-09|2025-07-10|2025-07-11|2025-07-12|2025-07-13|2025-07-14,144
q3,S3,2025-07-16,0,highs-ipm,0.060138875000120606,2778.588595426687,1.1368683772161603e-13,8.526512829121202e-13,20,2025-07-16 00:00,2025-07-16 00:00,2025-06-26|2025-06-27|2025-06-28|2025-06-29|2025-06-30|2025-07-01|2025-07-02|2025-07-03|2025-07-04|2025-07-05|2025-07-06|2025-07-07|2025-07-08|2025-07-09|2025-07-10|2025-07-11|2025-07-12|2025-07-13|2025-07-14|2025-07-15,144
q3,S3,2025-07-16,6,highs-ipm,0.07687704100681003,11846.02708500042,1.1368683772161603e-13,8.881784197001252e-13,20,2025-07-16 06:00,2025-07-16 06:00,2025-06-26|2025-06-27|2025-06-28|2025-06-29|2025-06-30|2025-07-01|2025-07-02|2025-07-03|2025-07-04|2025-07-05|2025-07-06|2025-07-07|2025-07-08|2025-07-09|2025-07-10|2025-07-11|2025-07-12|2025-07-13|2025-07-14|2025-07-15,144
q3,S3,2025-07-16,12,highs-ipm,0.07464708299812628,23587.79438081799,1.1368683772161603e-13,9.094947017729282e-13,20,2025-07-16 12:00,2025-07-16 12:00,2025-06-26|2025-06-27|2025-06-28|2025-06-29|2025-06-30|2025-07-01|2025-07-02|2025-07-03|2025-07-04|2025-07-05|2025-07-06|2025-07-07|2025-07-08|2025-07-09|2025-07-10|2025-07-11|2025-07-12|2025-07-13|2025-07-14|2025-07-15,144
q3,S3,2025-07-16,18,highs-ipm,0.06941004200052703,36443.20256663505,2.2737367544323206e-13,7.958078640513122e-13,20,2025-07-16 18:00,2025-07-16 18:00,2025-06-26|2025-06-27|2025-06-28|2025-06-29|2025-06-30|2025-07-01|2025-07-02|2025-07-03|2025-07-04|2025-07-05|2025-07-06|2025-07-07|2025-07-08|2025-07-09|2025-07-10|2025-07-11|2025-07-12|2025-07-13|2025-07-14|2025-07-15,144
q3,S3,2025-07-17,0,highs-ipm,0.055707416999212,2884.747717470364,2.2737367544323206e-13,8.526512829121202e-13,20,2025-07-17 00:00,2025-07-17 00:00,2025-06-27|2025-06-28|2025-06-29|2025-06-30|2025-07-01|2025-07-02|2025-07-03|2025-07-04|2025-07-05|2025-07-06|2025-07-07|2025-07-08|2025-07-09|2025-07-10|2025-07-11|2025-07-12|2025-07-13|2025-07-14|2025-07-15|2025-07-16,144
q3,S3,2025-07-17,6,highs-ipm,0.07718845899944426,12990.381408749066,2.2737367544323206e-13,9.094947017729282e-13,20,2025-07-17 06:00,2025-07-17 06:00,2025-06-27|2025-06-28|2025-06-29|2025-06-30|2025-07-01|2025-07-02|2025-07-03|2025-07-04|2025-07-05|2025-07-06|2025-07-07|2025-07-08|2025-07-09|2025-07-10|2025-07-11|2025-07-12|2025-07-13|2025-07-14|2025-07-15|2025-07-16,144
q3,S3,2025-07-17,12,highs-ipm,0.07082020799862221,14592.544330101666,2.2737367544323206e-13,9.094947017729282e-13,20,2025-07-17 12:00,2025-07-17 12:00,2025-06-27|2025-06-28|2025-06-29|2025-06-30|2025-07-01|2025-07-02|2025-07-03|2025-07-04|2025-07-05|2025-07-06|2025-07-07|2025-07-08|2025-07-09|2025-07-10|2025-07-11|2025-07-12|2025-07-13|2025-07-14|2025-07-15|2025-07-16,144
q3,S3,2025-07-17,18,highs-ipm,0.0696176249985001,14880.336322252408,2.2737367544323206e-13,6.821210263296962e-13,20,2025-07-17 18:00,2025-07-17 18:00,2025-06-27|2025-06-28|2025-06-29|2025-06-30|2025-07-01|2025-07-02|2025-07-03|2025-07-04|2025-07-05|2025-07-06|2025-07-07|2025-07-08|2025-07-09|2025-07-10|2025-07-11|2025-07-12|2025-07-13|2025-07-14|2025-07-15|2025-07-16,144
q3,S3,2025-07-18,0,highs-ipm,0.06819133299723035,2031.1184616026587,3.126388037344441e-13,9.094947017729282e-13,20,2025-07-18 00:00,2025-07-18 00:00,2025-06-28|2025-06-29|2025-06-30|2025-07-01|2025-07-02|2025-07-03|2025-07-04|2025-07-05|2025-07-06|2025-07-07|2025-07-08|2025-07-09|2025-07-10|2025-07-11|2025-07-12|2025-07-13|2025-07-14|2025-07-15|2025-07-16|2025-07-17,144
q3,S3,2025-07-18,6,highs-ipm,0.07561825000448152,10058.011620634572,1.1368683772161603e-13,9.094947017729282e-13,20,2025-07-18 06:00,2025-07-18 06:00,2025-06-28|2025-06-29|2025-06-30|2025-07-01|2025-07-02|2025-07-03|2025-07-04|2025-07-05|2025-07-06|2025-07-07|2025-07-08|2025-07-09|2025-07-10|2025-07-11|2025-07-12|2025-07-13|2025-07-14|2025-07-15|2025-07-16|2025-07-17,144
q3,S3,2025-07-18,12,highs-ipm,0.07833350000146311,8520.862389090726,1.1368683772161603e-13,9.094947017729282e-13,20,2025-07-18 12:00,2025-07-18 12:00,2025-06-28|2025-06-29|2025-06-30|2025-07-01|2025-07-02|2025-07-03|2025-07-04|2025-07-05|2025-07-06|2025-07-07|2025-07-08|2025-07-09|2025-07-10|2025-07-11|2025-07-12|2025-07-13|2025-07-14|2025-07-15|2025-07-16|2025-07-17,144
q3,S3,2025-07-18,18,highs-ipm,0.06780966599762905,11815.72242326933,1.1368683772161603e-13,9.094947017729282e-13,20,2025-07-18 18:00,2025-07-18 18:00,2025-06-28|2025-06-29|2025-06-30|2025-07-01|2025-07-02|2025-07-03|2025-07-04|2025-07-05|2025-07-06|2025-07-07|2025-07-08|2025-07-09|2025-07-10|2025-07-11|2025-07-12|2025-07-13|2025-07-14|2025-07-15|2025-07-16|2025-07-17,144
q3,S3,2025-07-19,0,highs-ipm,0.05925383399880957,1919.0451801526751,3.410605131648481e-13,1.0231815394945443e-12,20,2025-07-19 00:00,2025-07-19 00:00,2025-06-29|2025-06-30|2025-07-01|2025-07-02|2025-07-03|2025-07-04|2025-07-05|2025-07-06|2025-07-07|2025-07-08|2025-07-09|2025-07-10|2025-07-11|2025-07-12|2025-07-13|2025-07-14|2025-07-15|2025-07-16|2025-07-17|2025-07-18,144
q3,S3,2025-07-19,6,highs-ipm,0.08549583300191443,12098.866986168598,1.1368683772161603e-13,1.0231815394945443e-12,20,2025-07-19 06:00,2025-07-19 06:00,2025-06-29|2025-06-30|2025-07-01|2025-07-02|2025-07-03|2025-07-04|2025-07-05|2025-07-06|2025-07-07|2025-07-08|2025-07-09|2025-07-10|2025-07-11|2025-07-12|2025-07-13|2025-07-14|2025-07-15|2025-07-16|2025-07-17|2025-07-18,144
q3,S3,2025-07-19,12,highs-ipm,0.07695608300127788,16411.558763910754,1.1368683772161603e-13,9.094947017729282e-13,20,2025-07-19 12:00,2025-07-19 12:00,2025-06-29|2025-06-30|2025-07-01|2025-07-02|2025-07-03|2025-07-04|2025-07-05|2025-07-06|2025-07-07|2025-07-08|2025-07-09|2025-07-10|2025-07-11|2025-07-12|2025-07-13|2025-07-14|2025-07-15|2025-07-16|2025-07-17|2025-07-18,144
q3,S3,2025-07-19,18,highs-ipm,0.07083904200408142,31155.37494670782,1.1368683772161603e-13,9.094947017729282e-13,20,2025-07-19 18:00,2025-07-19 18:00,2025-06-29|2025-06-30|2025-07-01|2025-07-02|2025-07-03|2025-07-04|2025-07-05|2025-07-06|2025-07-07|2025-07-08|2025-07-09|2025-07-10|2025-07-11|2025-07-12|2025-07-13|2025-07-14|2025-07-15|2025-07-16|2025-07-17|2025-07-18,144
q3,S3,2025-07-20,0,highs-ipm,0.05611625000165077,2828.568935711839,2.2737367544323206e-13,9.094947017729282e-13,20,2025-07-20 00:00,2025-07-20 00:00,2025-06-30|2025-07-01|2025-07-02|2025-07-03|2025-07-04|2025-07-05|2025-07-06|2025-07-07|2025-07-08|2025-07-09|2025-07-10|2025-07-11|2025-07-12|2025-07-13|2025-07-14|2025-07-15|2025-07-16|2025-07-17|2025-07-18|2025-07-19,144
q3,S3,2025-07-20,6,highs-ipm,0.07654800000454998,13573.339424838525,2.2737367544323206e-13,7.958078640513122e-13,20,2025-07-20 06:00,2025-07-20 06:00,2025-06-30|2025-07-01|2025-07-02|2025-07-03|2025-07-04|2025-07-05|2025-07-06|2025-07-07|2025-07-08|2025-07-09|2025-07-10|2025-07-11|2025-07-12|2025-07-13|2025-07-14|2025-07-15|2025-07-16|2025-07-17|2025-07-18|2025-07-19,144
q3,S3,2025-07-20,12,highs-ipm,0.07226333300059196,20061.534351202496,1.1368683772161603e-13,1.0231815394945443e-12,20,2025-07-20 12:00,2025-07-20 12:00,2025-06-30|2025-07-01|2025-07-02|2025-07-03|2025-07-04|2025-07-05|2025-07-06|2025-07-07|2025-07-08|2025-07-09|2025-07-10|2025-07-11|2025-07-12|2025-07-13|2025-07-14|2025-07-15|2025-07-16|2025-07-17|2025-07-18|2025-07-19,144
q3,S3,2025-07-20,18,highs-ipm,0.07021687499945983,31529.055436658302,1.1368683772161603e-13,9.094947017729282e-13,20,2025-07-20 18:00,2025-07-20 18:00,2025-06-30|2025-07-01|2025-07-02|2025-07-03|2025-07-04|2025-07-05|2025-07-06|2025-07-07|2025-07-08|2025-07-09|2025-07-10|2025-07-11|2025-07-12|2025-07-13|2025-07-14|2025-07-15|2025-07-16|2025-07-17|2025-07-18|2025-07-19,144
q3,S3,2025-07-21,0,highs-ipm,0.05568933299946366,2817.264695236658,2.2737367544323206e-13,7.958078640513122e-13,20,2025-07-21 00:00,2025-07-21 00:00,2025-07-01|2025-07-02|2025-07-03|2025-07-04|2025-07-05|2025-07-06|2025-07-07|2025-07-08|2025-07-09|2025-07-10|2025-07-11|2025-07-12|2025-07-13|2025-07-14|2025-07-15|2025-07-16|2025-07-17|2025-07-18|2025-07-19|2025-07-20,144
q3,S3,2025-07-21,6,highs-ipm,0.0734371669968823,12530.12408797681,2.2737367544323206e-13,9.094947017729282e-13,20,2025-07-21 06:00,2025-07-21 06:00,2025-07-01|2025-07-02|2025-07-03|2025-07-04|2025-07-05|2025-07-06|2025-07-07|2025-07-08|2025-07-09|2025-07-10|2025-07-11|2025-07-12|2025-07-13|2025-07-14|2025-07-15|2025-07-16|2025-07-17|2025-07-18|2025-07-19|2025-07-20,144
q3,S3,2025-07-21,12,highs-ipm,0.07240341699798591,23451.745246498103,2.2737367544323206e-13,1.0231815394945443e-12,20,2025-07-21 12:00,2025-07-21 12:00,2025-07-01|2025-07-02|2025-07-03|2025-07-04|2025-07-05|2025-07-06|2025-07-07|2025-07-08|2025-07-09|2025-07-10|2025-07-11|2025-07-12|2025-07-13|2025-07-14|2025-07-15|2025-07-16|2025-07-17|2025-07-18|2025-07-19|2025-07-20,144
q3,S3,2025-07-21,18,highs-ipm,0.06857991699507693,29458.88257193843,2.2737367544323206e-13,9.094947017729282e-13,20,2025-07-21 18:00,2025-07-21 18:00,2025-07-01|2025-07-02|2025-07-03|2025-07-04|2025-07-05|2025-07-06|2025-07-07|2025-07-08|2025-07-09|2025-07-10|2025-07-11|2025-07-12|2025-07-13|2025-07-14|2025-07-15|2025-07-16|2025-07-17|2025-07-18|2025-07-19|2025-07-20,144
q3,S3,2025-07-22,0,highs-ipm,0.05996920899633551,2899.5570539637097,2.2737367544323206e-13,7.958078640513122e-13,20,2025-07-22 00:00,2025-07-22 00:00,2025-07-02|2025-07-03|2025-07-04|2025-07-05|2025-07-06|2025-07-07|2025-07-08|2025-07-09|2025-07-10|2025-07-11|2025-07-12|2025-07-13|2025-07-14|2025-07-15|2025-07-16|2025-07-17|2025-07-18|2025-07-19|2025-07-20|2025-07-21,144
q3,S3,2025-07-22,6,highs-ipm,0.07246595900505781,22168.084542609562,1.1368683772161603e-13,7.958078640513122e-13,20,2025-07-22 06:00,2025-07-22 06:00,2025-07-02|2025-07-03|2025-07-04|2025-07-05|2025-07-06|2025-07-07|2025-07-08|2025-07-09|2025-07-10|2025-07-11|2025-07-12|2025-07-13|2025-07-14|2025-07-15|2025-07-16|2025-07-17|2025-07-18|2025-07-19|2025-07-20|2025-07-21,144
q3,S3,2025-07-22,12,highs-ipm,0.07247341699985554,19145.810725158288,2.2737367544323206e-13,9.663381206337363e-13,20,2025-07-22 12:00,2025-07-22 12:00,2025-07-02|2025-07-03|2025-07-04|2025-07-05|2025-07-06|2025-07-07|2025-07-08|2025-07-09|2025-07-10|2025-07-11|2025-07-12|2025-07-13|2025-07-14|2025-07-15|2025-07-16|2025-07-17|2025-07-18|2025-07-19|2025-07-20|2025-07-21,144
q3,S3,2025-07-22,18,highs-ipm,0.06887187500251457,32731.838244195522,2.2737367544323206e-13,9.094947017729282e-13,20,2025-07-22 18:00,2025-07-22 18:00,2025-07-02|2025-07-03|2025-07-04|2025-07-05|2025-07-06|2025-07-07|2025-07-08|2025-07-09|2025-07-10|2025-07-11|2025-07-12|2025-07-13|2025-07-14|2025-07-15|2025-07-16|2025-07-17|2025-07-18|2025-07-19|2025-07-20|2025-07-21,144
q3,S3,2025-07-23,0,highs-ipm,0.058662582996475976,3106.69373606494,4.298783551348606e-13,7.958078640513122e-13,20,2025-07-23 00:00,2025-07-23 00:00,2025-07-03|2025-07-04|2025-07-05|2025-07-06|2025-07-07|2025-07-08|2025-07-09|2025-07-10|2025-07-11|2025-07-12|2025-07-13|2025-07-14|2025-07-15|2025-07-16|2025-07-17|2025-07-18|2025-07-19|2025-07-20|2025-07-21|2025-07-22,144
q3,S3,2025-07-23,6,highs-ipm,0.07257729199773166,10136.073935284554,1.1368683772161603e-13,8.526512829121202e-13,20,2025-07-23 06:00,2025-07-23 06:00,2025-07-03|2025-07-04|2025-07-05|2025-07-06|2025-07-07|2025-07-08|2025-07-09|2025-07-10|2025-07-11|2025-07-12|2025-07-13|2025-07-14|2025-07-15|2025-07-16|2025-07-17|2025-07-18|2025-07-19|2025-07-20|2025-07-21|2025-07-22,144
q3,S3,2025-07-23,12,highs-ipm,0.08152566599892452,19147.400177817344,1.1368683772161603e-13,7.958078640513122e-13,20,2025-07-23 12:00,2025-07-23 12:00,2025-07-03|2025-07-04|2025-07-05|2025-07-06|2025-07-07|2025-07-08|2025-07-09|2025-07-10|2025-07-11|2025-07-12|2025-07-13|2025-07-14|2025-07-15|2025-07-16|2025-07-17|2025-07-18|2025-07-19|2025-07-20|2025-07-21|2025-07-22,144
q3,S3,2025-07-23,18,highs-ipm,0.07528725000156555,42908.15007546912,2.2737367544323206e-13,9.094947017729282e-13,20,2025-07-23 18:00,2025-07-23 18:00,2025-07-03|2025-07-04|2025-07-05|2025-07-06|2025-07-07|2025-07-08|2025-07-09|2025-07-10|2025-07-11|2025-07-12|2025-07-13|2025-07-14|2025-07-15|2025-07-16|2025-07-17|2025-07-18|2025-07-19|2025-07-20|2025-07-21|2025-07-22,144
q3,S3,2025-07-24,0,highs-ipm,0.052635749998444226,3075.4410875032713,2.2737367544323206e-13,8.526512829121202e-13,20,2025-07-24 00:00,2025-07-24 00:00,2025-07-04|2025-07-05|2025-07-06|2025-07-07|2025-07-08|2025-07-09|2025-07-10|2025-07-11|2025-07-12|2025-07-13|2025-07-14|2025-07-15|2025-07-16|2025-07-17|2025-07-18|2025-07-19|2025-07-20|2025-07-21|2025-07-22|2025-07-23,144
q3,S3,2025-07-24,6,highs-ipm,0.07396141700155567,8894.294354012967,1.1368683772161603e-13,8.526512829121202e-13,20,2025-07-24 06:00,2025-07-24 06:00,2025-07-04|2025-07-05|2025-07-06|2025-07-07|2025-07-08|2025-07-09|2025-07-10|2025-07-11|2025-07-12|2025-07-13|2025-07-14|2025-07-15|2025-07-16|2025-07-17|2025-07-18|2025-07-19|2025-07-20|2025-07-21|2025-07-22|2025-07-23,144
q3,S3,2025-07-24,12,highs-ipm,0.07556099999783328,8547.388891364524,1.1368683772161603e-13,8.526512829121202e-13,20,2025-07-24 12:00,2025-07-24 12:00,2025-07-04|2025-07-05|2025-07-06|2025-07-07|2025-07-08|2025-07-09|2025-07-10|2025-07-11|2025-07-12|2025-07-13|2025-07-14|2025-07-15|2025-07-16|2025-07-17|2025-07-18|2025-07-19|2025-07-20|2025-07-21|2025-07-22|2025-07-23,144
q3,S3,2025-07-24,18,highs-ipm,0.08026645800418919,10955.58381591144,2.2737367544323206e-13,7.958078640513122e-13,20,2025-07-24 18:00,2025-07-24 18:00,2025-07-04|2025-07-05|2025-07-06|2025-07-07|2025-07-08|2025-07-09|2025-07-10|2025-07-11|2025-07-12|2025-07-13|2025-07-14|2025-07-15|2025-07-16|2025-07-17|2025-07-18|2025-07-19|2025-07-20|2025-07-21|2025-07-22|2025-07-23,144
q3,S3,2025-07-25,0,highs-ipm,0.06445620799786411,1357.0080511543756,5.684341886080802e-14,9.094947017729282e-13,20,2025-07-25 00:00,2025-07-25 00:00,2025-07-05|2025-07-06|2025-07-07|2025-07-08|2025-07-09|2025-07-10|2025-07-11|2025-07-12|2025-07-13|2025-07-14|2025-07-15|2025-07-16|2025-07-17|2025-07-18|2025-07-19|2025-07-20|2025-07-21|2025-07-22|2025-07-23|2025-07-24,144
q3,S3,2025-07-25,6,highs-ipm,0.06757254200056195,11347.56282148056,2.2737367544323206e-13,9.094947017729282e-13,20,2025-07-25 06:00,2025-07-25 06:00,2025-07-05|2025-07-06|2025-07-07|2025-07-08|2025-07-09|2025-07-10|2025-07-11|2025-07-12|2025-07-13|2025-07-14|2025-07-15|2025-07-16|2025-07-17|2025-07-18|2025-07-19|2025-07-20|2025-07-21|2025-07-22|2025-07-23|2025-07-24,144
q3,S3,2025-07-25,12,highs-ipm,0.07361962499999208,13721.161251522595,5.684341886080802e-14,9.094947017729282e-13,20,2025-07-25 12:00,2025-07-25 12:00,2025-07-05|2025-07-06|2025-07-07|2025-07-08|2025-07-09|2025-07-10|2025-07-11|2025-07-12|2025-07-13|2025-07-14|2025-07-15|2025-07-16|2025-07-17|2025-07-18|2025-07-19|2025-07-20|2025-07-21|2025-07-22|2025-07-23|2025-07-24,144
q3,S3,2025-07-25,18,highs-ipm,0.06503416699706577,11217.894654911765,4.547473508864641e-13,9.094947017729282e-13,20,2025-07-25 18:00,2025-07-25 18:00,2025-07-05|2025-07-06|2025-07-07|2025-07-08|2025-07-09|2025-07-10|2025-07-11|2025-07-12|2025-07-13|2025-07-14|2025-07-15|2025-07-16|2025-07-17|2025-07-18|2025-07-19|2025-07-20|2025-07-21|2025-07-22|2025-07-23|2025-07-24,144
q3,S3,2025-07-26,0,highs-ipm,0.05855433399847243,2015.762368603201,1.7053025658242404e-13,9.094947017729282e-13,20,2025-07-26 00:00,2025-07-26 00:00,2025-07-06|2025-07-07|2025-07-08|2025-07-09|2025-07-10|2025-07-11|2025-07-12|2025-07-13|2025-07-14|2025-07-15|2025-07-16|2025-07-17|2025-07-18|2025-07-19|2025-07-20|2025-07-21|2025-07-22|2025-07-23|2025-07-24|2025-07-25,144
q3,S3,2025-07-26,6,highs-ipm,0.07556349999504164,13956.59041436108,2.4868995751603507e-14,9.094947017729282e-13,20,2025-07-26 06:00,2025-07-26 06:00,2025-07-06|2025-07-07|2025-07-08|2025-07-09|2025-07-10|2025-07-11|2025-07-12|2025-07-13|2025-07-14|2025-07-15|2025-07-16|2025-07-17|2025-07-18|2025-07-19|2025-07-20|2025-07-21|2025-07-22|2025-07-23|2025-07-24|2025-07-25,144
q3,S3,2025-07-26,12,highs-ipm,0.07511158299894305,29495.71563405874,7.460698725481052e-14,8.526512829121202e-13,20,2025-07-26 12:00,2025-07-26 12:00,2025-07-06|2025-07-07|2025-07-08|2025-07-09|2025-07-10|2025-07-11|2025-07-12|2025-07-13|2025-07-14|2025-07-15|2025-07-16|2025-07-17|2025-07-18|2025-07-19|2025-07-20|2025-07-21|2025-07-22|2025-07-23|2025-07-24|2025-07-25,144
q3,S3,2025-07-26,18,highs-ipm,0.06767299999773968,28303.71352643974,1.1368683772161603e-13,8.064660050877137e-13,20,2025-07-26 18:00,2025-07-26 18:00,2025-07-06|2025-07-07|2025-07-08|2025-07-09|2025-07-10|2025-07-11|2025-07-12|2025-07-13|2025-07-14|2025-07-15|2025-07-16|2025-07-17|2025-07-18|2025-07-19|2025-07-20|2025-07-21|2025-07-22|2025-07-23|2025-07-24|2025-07-25,144
q3,S3,2025-07-27,0,highs-ipm,0.05177637500310084,2823.7001063313014,2.2737367544323206e-13,9.094947017729282e-13,20,2025-07-27 00:00,2025-07-27 00:00,2025-07-07|2025-07-08|2025-07-09|2025-07-10|2025-07-11|2025-07-12|2025-07-13|2025-07-14|2025-07-15|2025-07-16|2025-07-17|2025-07-18|2025-07-19|2025-07-20|2025-07-21|2025-07-22|2025-07-23|2025-07-24|2025-07-25|2025-07-26,144
q3,S3,2025-07-27,6,highs-ipm,0.07651541600353085,15199.802040398112,2.2737367544323206e-13,8.100187187665142e-13,20,2025-07-27 06:00,2025-07-27 06:00,2025-07-07|2025-07-08|2025-07-09|2025-07-10|2025-07-11|2025-07-12|2025-07-13|2025-07-14|2025-07-15|2025-07-16|2025-07-17|2025-07-18|2025-07-19|2025-07-20|2025-07-21|2025-07-22|2025-07-23|2025-07-24|2025-07-25|2025-07-26,144
q3,S3,2025-07-27,12,highs-ipm,0.07333549999748357,25025.613060030344,2.2737367544323206e-13,9.094947017729282e-13,20,2025-07-27 12:00,2025-07-27 12:00,2025-07-07|2025-07-08|2025-07-09|2025-07-10|2025-07-11|2025-07-12|2025-07-13|2025-07-14|2025-07-15|2025-07-16|2025-07-17|2025-07-18|2025-07-19|2025-07-20|2025-07-21|2025-07-22|2025-07-23|2025-07-24|2025-07-25|2025-07-26,144
q3,S3,2025-07-27,18,highs-ipm,0.07019683399994392,34181.76832694505,2.2737367544323206e-13,9.094947017729282e-13,20,2025-07-27 18:00,2025-07-27 18:00,2025-07-07|2025-07-08|2025-07-09|2025-07-10|2025-07-11|2025-07-12|2025-07-13|2025-07-14|2025-07-15|2025-07-16|2025-07-17|2025-07-18|2025-07-19|2025-07-20|2025-07-21|2025-07-22|2025-07-23|2025-07-24|2025-07-25|2025-07-26,144
q3,S3,2025-07-28,0,highs-ipm,0.052499334000458475,2562.684006834786,2.2737367544323206e-13,9.094947017729282e-13,20,2025-07-28 00:00,2025-07-28 00:00,2025-07-08|2025-07-09|2025-07-10|2025-07-11|2025-07-12|2025-07-13|2025-07-14|2025-07-15|2025-07-16|2025-07-17|2025-07-18|2025-07-19|2025-07-20|2025-07-21|2025-07-22|2025-07-23|2025-07-24|2025-07-25|2025-07-26|2025-07-27,144
q3,S3,2025-07-28,6,highs-ipm,0.07744612500391668,16303.064141559942,2.2737367544323206e-13,9.094947017729282e-13,20,2025-07-28 06:00,2025-07-28 06:00,2025-07-08|2025-07-09|2025-07-10|2025-07-11|2025-07-12|2025-07-13|2025-07-14|2025-07-15|2025-07-16|2025-07-17|2025-07-18|2025-07-19|2025-07-20|2025-07-21|2025-07-22|2025-07-23|2025-07-24|2025-07-25|2025-07-26|2025-07-27,144
q3,S3,2025-07-28,12,highs-ipm,0.07815012500213925,21122.33110867135,2.2737367544323206e-13,9.094947017729282e-13,20,2025-07-28 12:00,2025-07-28 12:00,2025-07-08|2025-07-09|2025-07-10|2025-07-11|2025-07-12|2025-07-13|2025-07-14|2025-07-15|2025-07-16|2025-07-17|2025-07-18|2025-07-19|2025-07-20|2025-07-21|2025-07-22|2025-07-23|2025-07-24|2025-07-25|2025-07-26|2025-07-27,144
q3,S3,2025-07-28,18,highs-ipm,0.08442066700081341,47909.01985209681,2.2737367544323206e-13,9.094947017729282e-13,20,2025-07-28 18:00,2025-07-28 18:00,2025-07-08|2025-07-09|2025-07-10|2025-07-11|2025-07-12|2025-07-13|2025-07-14|2025-07-15|2025-07-16|2025-07-17|2025-07-18|2025-07-19|2025-07-20|2025-07-21|2025-07-22|2025-07-23|2025-07-24|2025-07-25|2025-07-26|2025-07-27,144
q3,S3,2025-07-29,0,highs-ipm,0.05707412499759812,2722.8602175538363,2.2737367544323206e-13,9.094947017729282e-13,20,2025-07-29 00:00,2025-07-29 00:00,2025-07-09|2025-07-10|2025-07-11|2025-07-12|2025-07-13|2025-07-14|2025-07-15|2025-07-16|2025-07-17|2025-07-18|2025-07-19|2025-07-20|2025-07-21|2025-07-22|2025-07-23|2025-07-24|2025-07-25|2025-07-26|2025-07-27|2025-07-28,144
q3,S3,2025-07-29,6,highs-ipm,0.07427920799818821,19259.741738113888,4.547473508864641e-13,8.100187187665142e-13,20,2025-07-29 06:00,2025-07-29 06:00,2025-07-09|2025-07-10|2025-07-11|2025-07-12|2025-07-13|2025-07-14|2025-07-15|2025-07-16|2025-07-17|2025-07-18|2025-07-19|2025-07-20|2025-07-21|2025-07-22|2025-07-23|2025-07-24|2025-07-25|2025-07-26|2025-07-27|2025-07-28,144
q3,S3,2025-07-29,12,highs-ipm,0.07487362499523442,20254.53650005845,4.547473508864641e-13,9.094947017729282e-13,20,2025-07-29 12:00,2025-07-29 12:00,2025-07-09|2025-07-10|2025-07-11|2025-07-12|2025-07-13|2025-07-14|2025-07-15|2025-07-16|2025-07-17|2025-07-18|2025-07-19|2025-07-20|2025-07-21|2025-07-22|2025-07-23|2025-07-24|2025-07-25|2025-07-26|2025-07-27|2025-07-28,144
q3,S3,2025-07-29,18,highs-ipm,0.06903733299986925,32920.15726651554,2.2737367544323206e-13,9.094947017729282e-13,20,2025-07-29 18:00,2025-07-29 18:00,2025-07-09|2025-07-10|2025-07-11|2025-07-12|2025-07-13|2025-07-14|2025-07-15|2025-07-16|2025-07-17|2025-07-18|2025-07-19|2025-07-20|2025-07-21|2025-07-22|2025-07-23|2025-07-24|2025-07-25|2025-07-26|2025-07-27|2025-07-28,144
q3,S3,2025-07-30,0,highs-ipm,0.05721908299892675,2564.3415978062358,3.197442310920451e-13,7.958078640513122e-13,20,2025-07-30 00:00,2025-07-30 00:00,2025-07-10|2025-07-11|2025-07-12|2025-07-13|2025-07-14|2025-07-15|2025-07-16|2025-07-17|2025-07-18|2025-07-19|2025-07-20|2025-07-21|2025-07-22|2025-07-23|2025-07-24|2025-07-25|2025-07-26|2025-07-27|2025-07-28|2025-07-29,144
q3,S3,2025-07-30,6,highs-ipm,0.07648825000069337,22721.352658876665,1.1368683772161603e-13,8.526512829121202e-13,20,2025-07-30 06:00,2025-07-30 06:00,2025-07-10|2025-07-11|2025-07-12|2025-07-13|2025-07-14|2025-07-15|2025-07-16|2025-07-17|2025-07-18|2025-07-19|2025-07-20|2025-07-21|2025-07-22|2025-07-23|2025-07-24|2025-07-25|2025-07-26|2025-07-27|2025-07-28|2025-07-29,144
q3,S3,2025-07-30,12,highs-ipm,0.07511987499310635,24084.417992330895,1.1368683772161603e-13,8.86402062860725e-13,20,2025-07-30 12:00,2025-07-30 12:00,2025-07-10|2025-07-11|2025-07-12|2025-07-13|2025-07-14|2025-07-15|2025-07-16|2025-07-17|2025-07-18|2025-07-19|2025-07-20|2025-07-21|2025-07-22|2025-07-23|2025-07-24|2025-07-25|2025-07-26|2025-07-27|2025-07-28|2025-07-29,144
q3,S3,2025-07-30,18,highs-ipm,0.07822020900493953,43246.34728569865,2.2737367544323206e-13,7.958078640513122e-13,20,2025-07-30 18:00,2025-07-30 18:00,2025-07-10|2025-07-11|2025-07-12|2025-07-13|2025-07-14|2025-07-15|2025-07-16|2025-07-17|2025-07-18|2025-07-19|2025-07-20|2025-07-21|2025-07-22|2025-07-23|2025-07-24|2025-07-25|2025-07-26|2025-07-27|2025-07-28|2025-07-29,144
q3,S3,2025-07-31,0,highs-ipm,0.054429499999969266,2645.130391954927,2.2737367544323206e-13,1.0231815394945443e-12,20,2025-07-31 00:00,2025-07-31 00:00,2025-07-11|2025-07-12|2025-07-13|2025-07-14|2025-07-15|2025-07-16|2025-07-17|2025-07-18|2025-07-19|2025-07-20|2025-07-21|2025-07-22|2025-07-23|2025-07-24|2025-07-25|2025-07-26|2025-07-27|2025-07-28|2025-07-29|2025-07-30,144
q3,S3,2025-07-31,6,highs-ipm,0.07897229200170841,13868.939258723538,2.2737367544323206e-13,8.881784197001252e-13,20,2025-07-31 06:00,2025-07-31 06:00,2025-07-11|2025-07-12|2025-07-13|2025-07-14|2025-07-15|2025-07-16|2025-07-17|2025-07-18|2025-07-19|2025-07-20|2025-07-21|2025-07-22|2025-07-23|2025-07-24|2025-07-25|2025-07-26|2025-07-27|2025-07-28|2025-07-29|2025-07-30,144
q3,S3,2025-07-31,12,highs-ipm,0.08026525000605034,11623.861577097021,5.684341886080802e-14,8.526512829121202e-13,20,2025-07-31 12:00,2025-07-31 12:00,2025-07-11|2025-07-12|2025-07-13|2025-07-14|2025-07-15|2025-07-16|2025-07-17|2025-07-18|2025-07-19|2025-07-20|2025-07-21|2025-07-22|2025-07-23|2025-07-24|2025-07-25|2025-07-26|2025-07-27|2025-07-28|2025-07-29|2025-07-30,144
q3,S3,2025-07-31,18,highs-ipm,0.07108879100269405,12426.844905733846,5.684341886080802e-14,7.958078640513122e-13,20,2025-07-31 18:00,2025-07-31 18:00,2025-07-11|2025-07-12|2025-07-13|2025-07-14|2025-07-15|2025-07-16|2025-07-17|2025-07-18|2025-07-19|2025-07-20|2025-07-21|2025-07-22|2025-07-23|2025-07-24|2025-07-25|2025-07-26|2025-07-27|2025-07-28|2025-07-29|2025-07-30,144
q3,S3,2025-08-01,0,highs-ipm,0.06744883300416404,1243.0822068040486,4.263256414560601e-13,9.094947017729282e-13,20,2025-08-01 00:00,2025-08-01 00:00,2025-07-12|2025-07-13|2025-07-14|2025-07-15|2025-07-16|2025-07-17|2025-07-18|2025-07-19|2025-07-20|2025-07-21|2025-07-22|2025-07-23|2025-07-24|2025-07-25|2025-07-26|2025-07-27|2025-07-28|2025-07-29|2025-07-30|2025-07-31,144
q3,S3,2025-08-01,6,highs-ipm,0.07613695899635786,10232.889790569367,1.1368683772161603e-13,9.094947017729282e-13,20,2025-08-01 06:00,2025-08-01 06:00,2025-07-12|2025-07-13|2025-07-14|2025-07-15|2025-07-16|2025-07-17|2025-07-18|2025-07-19|2025-07-20|2025-07-21|2025-07-22|2025-07-23|2025-07-24|2025-07-25|2025-07-26|2025-07-27|2025-07-28|2025-07-29|2025-07-30|2025-07-31,144
q3,S3,2025-08-01,12,highs-ipm,0.08328629199968418,8794.354042781404,2.2737367544323206e-13,8.526512829121202e-13,20,2025-08-01 12:00,2025-08-01 12:00,2025-07-12|2025-07-13|2025-07-14|2025-07-15|2025-07-16|2025-07-17|2025-07-18|2025-07-19|2025-07-20|2025-07-21|2025-07-22|2025-07-23|2025-07-24|2025-07-25|2025-07-26|2025-07-27|2025-07-28|2025-07-29|2025-07-30|2025-07-31,144
q3,S3,2025-08-01,18,highs-ipm,0.07642320800368907,9641.638778972501,1.1368683772161603e-13,9.094947017729282e-13,20,2025-08-01 18:00,2025-08-01 18:00,2025-07-12|2025-07-13|2025-07-14|2025-07-15|2025-07-16|2025-07-17|2025-07-18|2025-07-19|2025-07-20|2025-07-21|2025-07-22|2025-07-23|2025-07-24|2025-07-25|2025-07-26|2025-07-27|2025-07-28|2025-07-29|2025-07-30|2025-07-31,144
q3,S3,2025-08-02,0,highs-ipm,0.06521579199761618,2055.2482479805117,4.298783551348606e-13,8.526512829121202e-13,20,2025-08-02 00:00,2025-08-02 00:00,2025-07-13|2025-07-14|2025-07-15|2025-07-16|2025-07-17|2025-07-18|2025-07-19|2025-07-20|2025-07-21|2025-07-22|2025-07-23|2025-07-24|2025-07-25|2025-07-26|2025-07-27|2025-07-28|2025-07-29|2025-07-30|2025-07-31|2025-08-01,144
q3,S3,2025-08-02,6,highs-ipm,0.08222295800078427,12648.095592331674,2.2737367544323206e-13,9.094947017729282e-13,20,2025-08-02 06:00,2025-08-02 06:00,2025-07-13|2025-07-14|2025-07-15|2025-07-16|2025-07-17|2025-07-18|2025-07-19|2025-07-20|2025-07-21|2025-07-22|2025-07-23|2025-07-24|2025-07-25|2025-07-26|2025-07-27|2025-07-28|2025-07-29|2025-07-30|2025-07-31|2025-08-01,144
q3,S3,2025-08-02,12,highs-ipm,0.08207612499973038,17481.138198334997,2.842170943040401e-14,9.094947017729282e-13,20,2025-08-02 12:00,2025-08-02 12:00,2025-07-13|2025-07-14|2025-07-15|2025-07-16|2025-07-17|2025-07-18|2025-07-19|2025-07-20|2025-07-21|2025-07-22|2025-07-23|2025-07-24|2025-07-25|2025-07-26|2025-07-27|2025-07-28|2025-07-29|2025-07-30|2025-07-31|2025-08-01,144
q3,S3,2025-08-02,18,highs-ipm,0.07426000000123167,28682.589745192283,2.2737367544323206e-13,9.094947017729282e-13,20,2025-08-02 18:00,2025-08-02 18:00,2025-07-13|2025-07-14|2025-07-15|2025-07-16|2025-07-17|2025-07-18|2025-07-19|2025-07-20|2025-07-21|2025-07-22|2025-07-23|2025-07-24|2025-07-25|2025-07-26|2025-07-27|2025-07-28|2025-07-29|2025-07-30|2025-07-31|2025-08-01,144
q3,S3,2025-08-03,0,highs-ipm,0.06216416700044647,2267.4517965743394,1.1368683772161603e-13,9.094947017729282e-13,20,2025-08-03 00:00,2025-08-03 00:00,2025-07-14|2025-07-15|2025-07-16|2025-07-17|2025-07-18|2025-07-19|2025-07-20|2025-07-21|2025-07-22|2025-07-23|2025-07-24|2025-07-25|2025-07-26|2025-07-27|2025-07-28|2025-07-29|2025-07-30|2025-07-31|2025-08-01|2025-08-02,144
q3,S3,2025-08-03,6,highs-ipm,0.0750611250041402,16251.685799617073,1.1368683772161603e-13,8.752998326144734e-13,20,2025-08-03 06:00,2025-08-03 06:00,2025-07-14|2025-07-15|2025-07-16|2025-07-17|2025-07-18|2025-07-19|2025-07-20|2025-07-21|2025-07-22|2025-07-23|2025-07-24|2025-07-25|2025-07-26|2025-07-27|2025-07-28|2025-07-29|2025-07-30|2025-07-31|2025-08-01|2025-08-02,144
q3,S3,2025-08-03,12,highs-ipm,0.07366116599587258,18172.939612169288,1.1368683772161603e-13,7.958078640513122e-13,20,2025-08-03 12:00,2025-08-03 12:00,2025-07-14|2025-07-15|2025-07-16|2025-07-17|2025-07-18|2025-07-19|2025-07-20|2025-07-21|2025-07-22|2025-07-23|2025-07-24|2025-07-25|2025-07-26|2025-07-27|2025-07-28|2025-07-29|2025-07-30|2025-07-31|2025-08-01|2025-08-02,144
q3,S3,2025-08-03,18,highs-ipm,0.06844524999905843,30556.70109723622,1.1368683772161603e-13,8.526512829121202e-13,20,2025-08-03 18:00,2025-08-03 18:00,2025-07-14|2025-07-15|2025-07-16|2025-07-17|2025-07-18|2025-07-19|2025-07-20|2025-07-21|2025-07-22|2025-07-23|2025-07-24|2025-07-25|2025-07-26|2025-07-27|2025-07-28|2025-07-29|2025-07-30|2025-07-31|2025-08-01|2025-08-02,144
q3,S3,2025-08-04,0,highs-ipm,0.05541100000118604,2272.668051288713,3.410605131648481e-13,7.958078640513122e-13,20,2025-08-04 00:00,2025-08-04 00:00,2025-07-15|2025-07-16|2025-07-17|2025-07-18|2025-07-19|2025-07-20|2025-07-21|2025-07-22|2025-07-23|2025-07-24|2025-07-25|2025-07-26|2025-07-27|2025-07-28|2025-07-29|2025-07-30|2025-07-31|2025-08-01|2025-08-02|2025-08-03,144
q3,S3,2025-08-04,6,highs-ipm,0.06922958300128812,15957.71238569349,2.2737367544323206e-13,8.8662410746565e-13,20,2025-08-04 06:00,2025-08-04 06:00,2025-07-15|2025-07-16|2025-07-17|2025-07-18|2025-07-19|2025-07-20|2025-07-21|2025-07-22|2025-07-23|2025-07-24|2025-07-25|2025-07-26|2025-07-27|2025-07-28|2025-07-29|2025-07-30|2025-07-31|2025-08-01|2025-08-02|2025-08-03,144
q3,S3,2025-08-04,12,highs-ipm,0.0763930840039393,17563.430664327032,1.1368683772161603e-13,9.094947017729282e-13,20,2025-08-04 12:00,2025-08-04 12:00,2025-07-15|2025-07-16|2025-07-17|2025-07-18|2025-07-19|2025-07-20|2025-07-21|2025-07-22|2025-07-23|2025-07-24|2025-07-25|2025-07-26|2025-07-27|2025-07-28|2025-07-29|2025-07-30|2025-07-31|2025-08-01|2025-08-02|2025-08-03,144
q3,S3,2025-08-04,18,highs-ipm,0.07084070800192421,29544.31414058113,5.684341886080802e-14,9.094947017729282e-13,20,2025-08-04 18:00,2025-08-04 18:00,2025-07-15|2025-07-16|2025-07-17|2025-07-18|2025-07-19|2025-07-20|2025-07-21|2025-07-22|2025-07-23|2025-07-24|2025-07-25|2025-07-26|2025-07-27|2025-07-28|2025-07-29|2025-07-30|2025-07-31|2025-08-01|2025-08-02|2025-08-03,144
q3,S3,2025-08-05,0,highs-ipm,0.057100500001979526,2305.6015142056076,2.2737367544323206e-13,9.094947017729282e-13,20,2025-08-05 00:00,2025-08-05 00:00,2025-07-16|2025-07-17|2025-07-18|2025-07-19|2025-07-20|2025-07-21|2025-07-22|2025-07-23|2025-07-24|2025-07-25|2025-07-26|2025-07-27|2025-07-28|2025-07-29|2025-07-30|2025-07-31|2025-08-01|2025-08-02|2025-08-03|2025-08-04,144
q3,S3,2025-08-05,6,highs-ipm,0.07098404099815525,16395.174044647312,1.1368683772161603e-13,9.094947017729282e-13,20,2025-08-05 06:00,2025-08-05 06:00,2025-07-16|2025-07-17|2025-07-18|2025-07-19|2025-07-20|2025-07-21|2025-07-22|2025-07-23|2025-07-24|2025-07-25|2025-07-26|2025-07-27|2025-07-28|2025-07-29|2025-07-30|2025-07-31|2025-08-01|2025-08-02|2025-08-03|2025-08-04,144
q3,S3,2025-08-05,12,highs-ipm,0.07421166700078174,26389.82470808316,1.1368683772161603e-13,8.810729923425242e-13,20,2025-08-05 12:00,2025-08-05 12:00,2025-07-16|2025-07-17|2025-07-18|2025-07-19|2025-07-20|2025-07-21|2025-07-22|2025-07-23|2025-07-24|2025-07-25|2025-07-26|2025-07-27|2025-07-28|2025-07-29|2025-07-30|2025-07-31|2025-08-01|2025-08-02|2025-08-03|2025-08-04,144
q3,S3,2025-08-05,18,highs-ipm,0.07714804099668982,39522.63220960242,1.1368683772161603e-13,9.094947017729282e-13,20,2025-08-05 18:00,2025-08-05 18:00,2025-07-16|2025-07-17|2025-07-18|2025-07-19|2025-07-20|2025-07-21|2025-07-22|2025-07-23|2025-07-24|2025-07-25|2025-07-26|2025-07-27|2025-07-28|2025-07-29|2025-07-30|2025-07-31|2025-08-01|2025-08-02|2025-08-03|2025-08-04,144
q3,S3,2025-08-06,0,highs-ipm,0.05984304199955659,2245.3394990477696,4.547473508864641e-13,7.958078640513122e-13,20,2025-08-06 00:00,2025-08-06 00:00,2025-07-17|2025-07-18|2025-07-19|2025-07-20|2025-07-21|2025-07-22|2025-07-23|2025-07-24|2025-07-25|2025-07-26|2025-07-27|2025-07-28|2025-07-29|2025-07-30|2025-07-31|2025-08-01|2025-08-02|2025-08-03|2025-08-04|2025-08-05,144
q3,S3,2025-08-06,6,highs-ipm,0.07432991599489469,12288.02448909671,1.1368683772161603e-13,9.094947017729282e-13,20,2025-08-06 06:00,2025-08-06 06:00,2025-07-17|2025-07-18|2025-07-19|2025-07-20|2025-07-21|2025-07-22|2025-07-23|2025-07-24|2025-07-25|2025-07-26|2025-07-27|2025-07-28|2025-07-29|2025-07-30|2025-07-31|2025-08-01|2025-08-02|2025-08-03|2025-08-04|2025-08-05,144
q3,S3,2025-08-06,12,highs-ipm,0.07692179199511884,18565.76104439223,1.1368683772161603e-13,9.094947017729282e-13,20,2025-08-06 12:00,2025-08-06 12:00,2025-07-17|2025-07-18|2025-07-19|2025-07-20|2025-07-21|2025-07-22|2025-07-23|2025-07-24|2025-07-25|2025-07-26|2025-07-27|2025-07-28|2025-07-29|2025-07-30|2025-07-31|2025-08-01|2025-08-02|2025-08-03|2025-08-04|2025-08-05,144
q3,S3,2025-08-06,18,highs-ipm,0.07103645800088998,25858.21942246846,1.1368683772161603e-13,9.094947017729282e-13,20,2025-08-06 18:00,2025-08-06 18:00,2025-07-17|2025-07-18|2025-07-19|2025-07-20|2025-07-21|2025-07-22|2025-07-23|2025-07-24|2025-07-25|2025-07-26|2025-07-27|2025-07-28|2025-07-29|2025-07-30|2025-07-31|2025-08-01|2025-08-02|2025-08-03|2025-08-04|2025-08-05,144
q3,S3,2025-08-07,0,highs-ipm,0.05528424999647541,2987.1205295391687,1.1368683772161603e-13,8.526512829121202e-13,20,2025-08-07 00:00,2025-08-07 00:00,2025-07-18|2025-07-19|2025-07-20|2025-07-21|2025-07-22|2025-07-23|2025-07-24|2025-07-25|2025-07-26|2025-07-27|2025-07-28|2025-07-29|2025-07-30|2025-07-31|2025-08-01|2025-08-02|2025-08-03|2025-08-04|2025-08-05|2025-08-06,144
q3,S3,2025-08-07,6,highs-ipm,0.07589595799800009,10252.958608223114,3.410605131648481e-13,9.094947017729282e-13,20,2025-08-07 06:00,2025-08-07 06:00,2025-07-18|2025-07-19|2025-07-20|2025-07-21|2025-07-22|2025-07-23|2025-07-24|2025-07-25|2025-07-26|2025-07-27|2025-07-28|2025-07-29|2025-07-30|2025-07-31|2025-08-01|2025-08-02|2025-08-03|2025-08-04|2025-08-05|2025-08-06,144
q3,S3,2025-08-07,12,highs-ipm,0.08009162500093225,9091.870508635682,1.1368683772161603e-13,8.668621376273222e-13,20,2025-08-07 12:00,2025-08-07 12:00,2025-07-18|2025-07-19|2025-07-20|2025-07-21|2025-07-22|2025-07-23|2025-07-24|2025-07-25|2025-07-26|2025-07-27|2025-07-28|2025-07-29|2025-07-30|2025-07-31|2025-08-01|2025-08-02|2025-08-03|2025-08-04|2025-08-05|2025-08-06,144
q3,S3,2025-08-07,18,highs-ipm,0.06935104099829914,11636.607376600556,1.1368683772161603e-13,7.673861546209082e-13,20,2025-08-07 18:00,2025-08-07 18:00,2025-07-18|2025-07-19|2025-07-20|2025-07-21|2025-07-22|2025-07-23|2025-07-24|2025-07-25|2025-07-26|2025-07-27|2025-07-28|2025-07-29|2025-07-30|2025-07-31|2025-08-01|2025-08-02|2025-08-03|2025-08-04|2025-08-05|2025-08-06,144
q3,S3,2025-08-08,0,highs-ipm,0.06231454099906841,1382.129449760977,2.8421709430404007e-13,9.094947017729282e-13,20,2025-08-08 00:00,2025-08-08 00:00,2025-07-19|2025-07-20|2025-07-21|2025-07-22|2025-07-23|2025-07-24|2025-07-25|2025-07-26|2025-07-27|2025-07-28|2025-07-29|2025-07-30|2025-07-31|2025-08-01|2025-08-02|2025-08-03|2025-08-04|2025-08-05|2025-08-06|2025-08-07,144
q3,S3,2025-08-08,6,highs-ipm,0.07629166600236204,10476.91119115475,2.2737367544323206e-13,9.094947017729282e-13,20,2025-08-08 06:00,2025-08-08 06:00,2025-07-19|2025-07-20|2025-07-21|2025-07-22|2025-07-23|2025-07-24|2025-07-25|2025-07-26|2025-07-27|2025-07-28|2025-07-29|2025-07-30|2025-07-31|2025-08-01|2025-08-02|2025-08-03|2025-08-04|2025-08-05|2025-08-06|2025-08-07,144
q3,S3,2025-08-08,12,highs-ipm,0.08487245800642995,9878.012086472858,2.2737367544323206e-13,9.094947017729282e-13,20,2025-08-08 12:00,2025-08-08 12:00,2025-07-19|2025-07-20|2025-07-21|2025-07-22|2025-07-23|2025-07-24|2025-07-25|2025-07-26|2025-07-27|2025-07-28|2025-07-29|2025-07-30|2025-07-31|2025-08-01|2025-08-02|2025-08-03|2025-08-04|2025-08-05|2025-08-06|2025-08-07,144
q3,S3,2025-08-08,18,highs-ipm,0.07731612500356277,10056.640177114643,2.2737367544323206e-13,9.094947017729282e-13,20,2025-08-08 18:00,2025-08-08 18:00,2025-07-19|2025-07-20|2025-07-21|2025-07-22|2025-07-23|2025-07-24|2025-07-25|2025-07-26|2025-07-27|2025-07-28|2025-07-29|2025-07-30|2025-07-31|2025-08-01|2025-08-02|2025-08-03|2025-08-04|2025-08-05|2025-08-06|2025-08-07,144
q3,S3,2025-08-09,0,highs-ipm,0.07224429200141458,1291.8025634670018,5.684341886080802e-14,8.86402062860725e-13,20,2025-08-09 00:00,2025-08-09 00:00,2025-07-20|2025-07-21|2025-07-22|2025-07-23|2025-07-24|2025-07-25|2025-07-26|2025-07-27|2025-07-28|2025-07-29|2025-07-30|2025-07-31|2025-08-01|2025-08-02|2025-08-03|2025-08-04|2025-08-05|2025-08-06|2025-08-07|2025-08-08,144
q3,S3,2025-08-09,6,highs-ipm,0.07819924999785144,12652.052535523228,2.2737367544323206e-13,7.496225862269057e-13,20,2025-08-09 06:00,2025-08-09 06:00,2025-07-20|2025-07-21|2025-07-22|2025-07-23|2025-07-24|2025-07-25|2025-07-26|2025-07-27|2025-07-28|2025-07-29|2025-07-30|2025-07-31|2025-08-01|2025-08-02|2025-08-03|2025-08-04|2025-08-05|2025-08-06|2025-08-07|2025-08-08,144
q3,S3,2025-08-09,12,highs-ipm,0.07979466699907789,15053.982011614815,1.1368683772161603e-13,9.094947017729282e-13,20,2025-08-09 12:00,2025-08-09 12:00,2025-07-20|2025-07-21|2025-07-22|2025-07-23|2025-07-24|2025-07-25|2025-07-26|2025-07-27|2025-07-28|2025-07-29|2025-07-30|2025-07-31|2025-08-01|2025-08-02|2025-08-03|2025-08-04|2025-08-05|2025-08-06|2025-08-07|2025-08-08,144
q3,S3,2025-08-09,18,highs-ipm,0.0702035829963279,30888.456285384786,1.1368683772161603e-13,9.094947017729282e-13,20,2025-08-09 18:00,2025-08-09 18:00,2025-07-20|2025-07-21|2025-07-22|2025-07-23|2025-07-24|2025-07-25|2025-07-26|2025-07-27|2025-07-28|2025-07-29|2025-07-30|2025-07-31|2025-08-01|2025-08-02|2025-08-03|2025-08-04|2025-08-05|2025-08-06|2025-08-07|2025-08-08,144
q3,S3,2025-08-10,0,highs-ipm,0.06105445900175255,2988.707559936722,4.298783551348606e-13,9.094947017729282e-13,20,2025-08-10 00:00,2025-08-10 00:00,2025-07-21|2025-07-22|2025-07-23|2025-07-24|2025-07-25|2025-07-26|2025-07-27|2025-07-28|2025-07-29|2025-07-30|2025-07-31|2025-08-01|2025-08-02|2025-08-03|2025-08-04|2025-08-05|2025-08-06|2025-08-07|2025-08-08|2025-08-09,144
q3,S3,2025-08-10,6,highs-ipm,0.074628666996432,12249.190977339182,2.2737367544323206e-13,7.958078640513122e-13,20,2025-08-10 06:00,2025-08-10 06:00,2025-07-21|2025-07-22|2025-07-23|2025-07-24|2025-07-25|2025-07-26|2025-07-27|2025-07-28|2025-07-29|2025-07-30|2025-07-31|2025-08-01|2025-08-02|2025-08-03|2025-08-04|2025-08-05|2025-08-06|2025-08-07|2025-08-08|2025-08-09,144
q3,S3,2025-08-10,12,highs-ipm,0.07556033400032902,16321.904408787652,2.2737367544323206e-13,9.094947017729282e-13,20,2025-08-10 12:00,2025-08-10 12:00,2025-07-21|2025-07-22|2025-07-23|2025-07-24|2025-07-25|2025-07-26|2025-07-27|2025-07-28|2025-07-29|2025-07-30|2025-07-31|2025-08-01|2025-08-02|2025-08-03|2025-08-04|2025-08-05|2025-08-06|2025-08-07|2025-08-08|2025-08-09,144
q3,S3,2025-08-10,18,highs-ipm,0.07939062500372529,38046.3043301587,1.1368683772161603e-13,1.0231815394945443e-12,20,2025-08-10 18:00,2025-08-10 18:00,2025-07-21|2025-07-22|2025-07-23|2025-07-24|2025-07-25|2025-07-26|2025-07-27|2025-07-28|2025-07-29|2025-07-30|2025-07-31|2025-08-01|2025-08-02|2025-08-03|2025-08-04|2025-08-05|2025-08-06|2025-08-07|2025-08-08|2025-08-09,144
q3,S3,2025-08-11,0,highs-ipm,0.05761795800208347,2672.1131367700445,1.1368683772161603e-13,8.171241461241152e-13,20,2025-08-11 00:00,2025-08-11 00:00,2025-07-22|2025-07-23|2025-07-24|2025-07-25|2025-07-26|2025-07-27|2025-07-28|2025-07-29|2025-07-30|2025-07-31|2025-08-01|2025-08-02|2025-08-03|2025-08-04|2025-08-05|2025-08-06|2025-08-07|2025-08-08|2025-08-09|2025-08-10,144
q3,S3,2025-08-11,6,highs-ipm,0.0819082080051885,14200.148468434132,1.1368683772161603e-13,9.094947017729282e-13,20,2025-08-11 06:00,2025-08-11 06:00,2025-07-22|2025-07-23|2025-07-24|2025-07-25|2025-07-26|2025-07-27|2025-07-28|2025-07-29|2025-07-30|2025-07-31|2025-08-01|2025-08-02|2025-08-03|2025-08-04|2025-08-05|2025-08-06|2025-08-07|2025-08-08|2025-08-09|2025-08-10,144
q3,S3,2025-08-11,12,highs-ipm,0.07726004199503222,17754.34831465163,1.1368683772161603e-13,9.094947017729282e-13,20,2025-08-11 12:00,2025-08-11 12:00,2025-07-22|2025-07-23|2025-07-24|2025-07-25|2025-07-26|2025-07-27|2025-07-28|2025-07-29|2025-07-30|2025-07-31|2025-08-01|2025-08-02|2025-08-03|2025-08-04|2025-08-05|2025-08-06|2025-08-07|2025-08-08|2025-08-09|2025-08-10,144
q3,S3,2025-08-11,18,highs-ipm,0.07106337499863002,30346.08707979718,2.2737367544323206e-13,9.094947017729282e-13,20,2025-08-11 18:00,2025-08-11 18:00,2025-07-22|2025-07-23|2025-07-24|2025-07-25|2025-07-26|2025-07-27|2025-07-28|2025-07-29|2025-07-30|2025-07-31|2025-08-01|2025-08-02|2025-08-03|2025-08-04|2025-08-05|2025-08-06|2025-08-07|2025-08-08|2025-08-09|2025-08-10,144
q3,S3,2025-08-12,0,highs-ipm,0.06424566599889658,3096.248485871191,2.2737367544323206e-13,8.588685318500211e-13,20,2025-08-12 00:00,2025-08-12 00:00,2025-07-23|2025-07-24|2025-07-25|2025-07-26|2025-07-27|2025-07-28|2025-07-29|2025-07-30|2025-07-31|2025-08-01|2025-08-02|2025-08-03|2025-08-04|2025-08-05|2025-08-06|2025-08-07|2025-08-08|2025-08-09|2025-08-10|2025-08-11,144
q3,S3,2025-08-12,6,highs-ipm,0.08154500000091502,13508.804250065921,2.2737367544323206e-13,9.094947017729282e-13,20,2025-08-12 06:00,2025-08-12 06:00,2025-07-23|2025-07-24|2025-07-25|2025-07-26|2025-07-27|2025-07-28|2025-07-29|2025-07-30|2025-07-31|2025-08-01|2025-08-02|2025-08-03|2025-08-04|2025-08-05|2025-08-06|2025-08-07|2025-08-08|2025-08-09|2025-08-10|2025-08-11,144
q3,S3,2025-08-12,12,highs-ipm,0.07603179100260604,27331.686818872942,2.2737367544323206e-13,9.094947017729282e-13,20,2025-08-12 12:00,2025-08-12 12:00,2025-07-23|2025-07-24|2025-07-25|2025-07-26|2025-07-27|2025-07-28|2025-07-29|2025-07-30|2025-07-31|2025-08-01|2025-08-02|2025-08-03|2025-08-04|2025-08-05|2025-08-06|2025-08-07|2025-08-08|2025-08-09|2025-08-10|2025-08-11,144
q3,S3,2025-08-12,18,highs-ipm,0.06869633300084388,29898.45030983023,2.2737367544323206e-13,9.094947017729282e-13,20,2025-08-12 18:00,2025-08-12 18:00,2025-07-23|2025-07-24|2025-07-25|2025-07-26|2025-07-27|2025-07-28|2025-07-29|2025-07-30|2025-07-31|2025-08-01|2025-08-02|2025-08-03|2025-08-04|2025-08-05|2025-08-06|2025-08-07|2025-08-08|2025-08-09|2025-08-10|2025-08-11,144
q3,S3,2025-08-13,0,highs-ipm,0.057046250003622845,2504.7924332418347,1.1368683772161603e-13,8.526512829121202e-13,20,2025-08-13 00:00,2025-08-13 00:00,2025-07-24|2025-07-25|2025-07-26|2025-07-27|2025-07-28|2025-07-29|2025-07-30|2025-07-31|2025-08-01|2025-08-02|2025-08-03|2025-08-04|2025-08-05|2025-08-06|2025-08-07|2025-08-08|2025-08-09|2025-08-10|2025-08-11|2025-08-12,144
q3,S3,2025-08-13,6,highs-ipm,0.07165237499430077,13609.815010497503,1.1368683772161603e-13,1.0231815394945443e-12,20,2025-08-13 06:00,2025-08-13 06:00,2025-07-24|2025-07-25|2025-07-26|2025-07-27|2025-07-28|2025-07-29|2025-07-30|2025-07-31|2025-08-01|2025-08-02|2025-08-03|2025-08-04|2025-08-05|2025-08-06|2025-08-07|2025-08-08|2025-08-09|2025-08-10|2025-08-11|2025-08-12,144
q3,S3,2025-08-13,12,highs-ipm,0.07306287500250619,20276.729694991576,1.1368683772161603e-13,7.958078640513122e-13,20,2025-08-13 12:00,2025-08-13 12:00,2025-07-24|2025-07-25|2025-07-26|2025-07-27|2025-07-28|2025-07-29|2025-07-30|2025-07-31|2025-08-01|2025-08-02|2025-08-03|2025-08-04|2025-08-05|2025-08-06|2025-08-07|2025-08-08|2025-08-09|2025-08-10|2025-08-11|2025-08-12,144
q3,S3,2025-08-13,18,highs-ipm,0.06880720800108975,32276.00000497706,2.2737367544323206e-13,1.0231815394945443e-12,20,2025-08-13 18:00,2025-08-13 18:00,2025-07-24|2025-07-25|2025-07-26|2025-07-27|2025-07-28|2025-07-29|2025-07-30|2025-07-31|2025-08-01|2025-08-02|2025-08-03|2025-08-04|2025-08-05|2025-08-06|2025-08-07|2025-08-08|2025-08-09|2025-08-10|2025-08-11|2025-08-12,144
q3,S3,2025-08-14,0,highs-ipm,0.05460512499848846,2451.1282352473563,7.958078640513122e-13,8.810729923425242e-13,20,2025-08-14 00:00,2025-08-14 00:00,2025-07-25|2025-07-26|2025-07-27|2025-07-28|2025-07-29|2025-07-30|2025-07-31|2025-08-01|2025-08-02|2025-08-03|2025-08-04|2025-08-05|2025-08-06|2025-08-07|2025-08-08|2025-08-09|2025-08-10|2025-08-11|2025-08-12|2025-08-13,144
q3,S3,2025-08-14,6,highs-ipm,0.07448900000599679,12311.555366521074,1.1368683772161603e-13,9.094947017729282e-13,20,2025-08-14 06:00,2025-08-14 06:00,2025-07-25|2025-07-26|2025-07-27|2025-07-28|2025-07-29|2025-07-30|2025-07-31|2025-08-01|2025-08-02|2025-08-03|2025-08-04|2025-08-05|2025-08-06|2025-08-07|2025-08-08|2025-08-09|2025-08-10|2025-08-11|2025-08-12|2025-08-13,144
q3,S3,2025-08-14,12,highs-ipm,0.07884266600012779,8832.108080252823,1.1368683772161603e-13,8.668621376273222e-13,20,2025-08-14 12:00,2025-08-14 12:00,2025-07-25|2025-07-26|2025-07-27|2025-07-28|2025-07-29|2025-07-30|2025-07-31|2025-08-01|2025-08-02|2025-08-03|2025-08-04|2025-08-05|2025-08-06|2025-08-07|2025-08-08|2025-08-09|2025-08-10|2025-08-11|2025-08-12|2025-08-13,144
q3,S3,2025-08-14,18,highs-ipm,0.07322600000043167,9744.257911753079,2.2737367544323206e-13,7.958078640513122e-13,20,2025-08-14 18:00,2025-08-14 18:00,2025-07-25|2025-07-26|2025-07-27|2025-07-28|2025-07-29|2025-07-30|2025-07-31|2025-08-01|2025-08-02|2025-08-03|2025-08-04|2025-08-05|2025-08-06|2025-08-07|2025-08-08|2025-08-09|2025-08-10|2025-08-11|2025-08-12|2025-08-13,144
q3,S3,2025-08-15,0,highs-ipm,0.05940191600529943,1603.2730811593253,2.2737367544323206e-13,7.815970093361102e-13,20,2025-08-15 00:00,2025-08-15 00:00,2025-07-26|2025-07-27|2025-07-28|2025-07-29|2025-07-30|2025-07-31|2025-08-01|2025-08-02|2025-08-03|2025-08-04|2025-08-05|2025-08-06|2025-08-07|2025-08-08|2025-08-09|2025-08-10|2025-08-11|2025-08-12|2025-08-13|2025-08-14,144
q3,S3,2025-08-15,6,highs-ipm,0.0832220420052181,9189.409321278807,2.2737367544323206e-13,8.668621376273222e-13,20,2025-08-15 06:00,2025-08-15 06:00,2025-07-26|2025-07-27|2025-07-28|2025-07-29|2025-07-30|2025-07-31|2025-08-01|2025-08-02|2025-08-03|2025-08-04|2025-08-05|2025-08-06|2025-08-07|2025-08-08|2025-08-09|2025-08-10|2025-08-11|2025-08-12|2025-08-13|2025-08-14,144
q3,S3,2025-08-15,12,highs-ipm,0.0823187499991036,8244.703304408808,2.2737367544323206e-13,6.821210263296962e-13,20,2025-08-15 12:00,2025-08-15 12:00,2025-07-26|2025-07-27|2025-07-28|2025-07-29|2025-07-30|2025-07-31|2025-08-01|2025-08-02|2025-08-03|2025-08-04|2025-08-05|2025-08-06|2025-08-07|2025-08-08|2025-08-09|2025-08-10|2025-08-11|2025-08-12|2025-08-13|2025-08-14,144
q3,S3,2025-08-15,18,highs-ipm,0.07054133299971,8126.705016113819,2.2737367544323206e-13,8.739675649849232e-13,20,2025-08-15 18:00,2025-08-15 18:00,2025-07-26|2025-07-27|2025-07-28|2025-07-29|2025-07-30|2025-07-31|2025-08-01|2025-08-02|2025-08-03|2025-08-04|2025-08-05|2025-08-06|2025-08-07|2025-08-08|2025-08-09|2025-08-10|2025-08-11|2025-08-12|2025-08-13|2025-08-14,144
q3,S3,2025-08-16,0,highs-ipm,0.0675068749987986,1576.5385007529403,4.263256414560601e-13,9.094947017729282e-13,20,2025-08-16 00:00,2025-08-16 00:00,2025-07-27|2025-07-28|2025-07-29|2025-07-30|2025-07-31|2025-08-01|2025-08-02|2025-08-03|2025-08-04|2025-08-05|2025-08-06|2025-08-07|2025-08-08|2025-08-09|2025-08-10|2025-08-11|2025-08-12|2025-08-13|2025-08-14|2025-08-15,144
q3,S3,2025-08-16,6,highs-ipm,0.08158491699578008,11308.40717876959,1.1368683772161603e-13,8.988365607365267e-13,20,2025-08-16 06:00,2025-08-16 06:00,2025-07-27|2025-07-28|2025-07-29|2025-07-30|2025-07-31|2025-08-01|2025-08-02|2025-08-03|2025-08-04|2025-08-05|2025-08-06|2025-08-07|2025-08-08|2025-08-09|2025-08-10|2025-08-11|2025-08-12|2025-08-13|2025-08-14|2025-08-15,144
q3,S3,2025-08-16,12,highs-ipm,0.08515166599681834,17292.380897302493,1.1368683772161603e-13,9.094947017729282e-13,20,2025-08-16 12:00,2025-08-16 12:00,2025-07-27|2025-07-28|2025-07-29|2025-07-30|2025-07-31|2025-08-01|2025-08-02|2025-08-03|2025-08-04|2025-08-05|2025-08-06|2025-08-07|2025-08-08|2025-08-09|2025-08-10|2025-08-11|2025-08-12|2025-08-13|2025-08-14|2025-08-15,144
q3,S3,2025-08-16,18,highs-ipm,0.07036604200402508,25684.046776371422,1.1368683772161603e-13,1.0231815394945443e-12,20,2025-08-16 18:00,2025-08-16 18:00,2025-07-27|2025-07-28|2025-07-29|2025-07-30|2025-07-31|2025-08-01|2025-08-02|2025-08-03|2025-08-04|2025-08-05|2025-08-06|2025-08-07|2025-08-08|2025-08-09|2025-08-10|2025-08-11|2025-08-12|2025-08-13|2025-08-14|2025-08-15,144
q3,S3,2025-08-17,0,highs-ipm,0.058826957996643614,2677.944048785376,5.044853423896711e-13,9.094947017729282e-13,20,2025-08-17 00:00,2025-08-17 00:00,2025-07-28|2025-07-29|2025-07-30|2025-07-31|2025-08-01|2025-08-02|2025-08-03|2025-08-04|2025-08-05|2025-08-06|2025-08-07|2025-08-08|2025-08-09|2025-08-10|2025-08-11|2025-08-12|2025-08-13|2025-08-14|2025-08-15|2025-08-16,144
q3,S3,2025-08-17,6,highs-ipm,0.07509870800276985,11988.558118255658,1.1368683772161603e-13,8.881784197001252e-13,20,2025-08-17 06:00,2025-08-17 06:00,2025-07-28|2025-07-29|2025-07-30|2025-07-31|2025-08-01|2025-08-02|2025-08-03|2025-08-04|2025-08-05|2025-08-06|2025-08-07|2025-08-08|2025-08-09|2025-08-10|2025-08-11|2025-08-12|2025-08-13|2025-08-14|2025-08-15|2025-08-16,144
q3,S3,2025-08-17,12,highs-ipm,0.0767297080019489,14668.899584218516,2.2737367544323206e-13,9.094947017729282e-13,20,2025-08-17 12:00,2025-08-17 12:00,2025-07-28|2025-07-29|2025-07-30|2025-07-31|2025-08-01|2025-08-02|2025-08-03|2025-08-04|2025-08-05|2025-08-06|2025-08-07|2025-08-08|2025-08-09|2025-08-10|2025-08-11|2025-08-12|2025-08-13|2025-08-14|2025-08-15|2025-08-16,144
q3,S3,2025-08-17,18,highs-ipm,0.07181074999971315,26529.044663653833,1.1368683772161603e-13,9.094947017729282e-13,20,2025-08-17 18:00,2025-08-17 18:00,2025-07-28|2025-07-29|2025-07-30|2025-07-31|2025-08-01|2025-08-02|2025-08-03|2025-08-04|2025-08-05|2025-08-06|2025-08-07|2025-08-08|2025-08-09|2025-08-10|2025-08-11|2025-08-12|2025-08-13|2025-08-14|2025-08-15|2025-08-16,144
q3,S3,2025-08-18,0,highs-ipm,0.06154699999751756,2607.3033361934167,2.2737367544323206e-13,9.094947017729282e-13,20,2025-08-18 00:00,2025-08-18 00:00,2025-07-29|2025-07-30|2025-07-31|2025-08-01|2025-08-02|2025-08-03|2025-08-04|2025-08-05|2025-08-06|2025-08-07|2025-08-08|2025-08-09|2025-08-10|2025-08-11|2025-08-12|2025-08-13|2025-08-14|2025-08-15|2025-08-16|2025-08-17,144
q3,S3,2025-08-18,6,highs-ipm,0.07240458300657338,12598.433992274147,1.1368683772161603e-13,9.094947017729282e-13,20,2025-08-18 06:00,2025-08-18 06:00,2025-07-29|2025-07-30|2025-07-31|2025-08-01|2025-08-02|2025-08-03|2025-08-04|2025-08-05|2025-08-06|2025-08-07|2025-08-08|2025-08-09|2025-08-10|2025-08-11|2025-08-12|2025-08-13|2025-08-14|2025-08-15|2025-08-16|2025-08-17,144
q3,S3,2025-08-18,12,highs-ipm,0.07360258399421582,15252.99719721816,1.1368683772161603e-13,9.094947017729282e-13,20,2025-08-18 12:00,2025-08-18 12:00,2025-07-29|2025-07-30|2025-07-31|2025-08-01|2025-08-02|2025-08-03|2025-08-04|2025-08-05|2025-08-06|2025-08-07|2025-08-08|2025-08-09|2025-08-10|2025-08-11|2025-08-12|2025-08-13|2025-08-14|2025-08-15|2025-08-16|2025-08-17,144
q3,S3,2025-08-18,18,highs-ipm,0.06691170800331747,33616.40407883381,2.2737367544323206e-13,9.094947017729282e-13,20,2025-08-18 18:00,2025-08-18 18:00,2025-07-29|2025-07-30|2025-07-31|2025-08-01|2025-08-02|2025-08-03|2025-08-04|2025-08-05|2025-08-06|2025-08-07|2025-08-08|2025-08-09|2025-08-10|2025-08-11|2025-08-12|2025-08-13|2025-08-14|2025-08-15|2025-08-16|2025-08-17,144
q3,S3,2025-08-19,0,highs-ipm,0.06507745799899567,2352.0999118457325,1.1368683772161603e-13,9.094947017729282e-13,20,2025-08-19 00:00,2025-08-19 00:00,2025-07-30|2025-07-31|2025-08-01|2025-08-02|2025-08-03|2025-08-04|2025-08-05|2025-08-06|2025-08-07|2025-08-08|2025-08-09|2025-08-10|2025-08-11|2025-08-12|2025-08-13|2025-08-14|2025-08-15|2025-08-16|2025-08-17|2025-08-18,144
q3,S3,2025-08-19,6,highs-ipm,0.07740700000431389,11858.047150837492,1.1368683772161603e-13,9.094947017729282e-13,20,2025-08-19 06:00,2025-08-19 06:00,2025-07-30|2025-07-31|2025-08-01|2025-08-02|2025-08-03|2025-08-04|2025-08-05|2025-08-06|2025-08-07|2025-08-08|2025-08-09|2025-08-10|2025-08-11|2025-08-12|2025-08-13|2025-08-14|2025-08-15|2025-08-16|2025-08-17|2025-08-18,144
q3,S3,2025-08-19,12,highs-ipm,0.07533775000047171,25878.91175027338,1.1368683772161603e-13,8.810729923425242e-13,20,2025-08-19 12:00,2025-08-19 12:00,2025-07-30|2025-07-31|2025-08-01|2025-08-02|2025-08-03|2025-08-04|2025-08-05|2025-08-06|2025-08-07|2025-08-08|2025-08-09|2025-08-10|2025-08-11|2025-08-12|2025-08-13|2025-08-14|2025-08-15|2025-08-16|2025-08-17|2025-08-18,144
q3,S3,2025-08-19,18,highs-ipm,0.07677679199696286,35015.87719008524,1.1368683772161603e-13,8.242295734817162e-13,20,2025-08-19 18:00,2025-08-19 18:00,2025-07-30|2025-07-31|2025-08-01|2025-08-02|2025-08-03|2025-08-04|2025-08-05|2025-08-06|2025-08-07|2025-08-08|2025-08-09|2025-08-10|2025-08-11|2025-08-12|2025-08-13|2025-08-14|2025-08-15|2025-08-16|2025-08-17|2025-08-18,144
q3,S3,2025-08-20,0,highs-ipm,0.06104849999974249,2678.0891073340254,1.1368683772161603e-13,9.094947017729282e-13,20,2025-08-20 00:00,2025-08-20 00:00,2025-07-31|2025-08-01|2025-08-02|2025-08-03|2025-08-04|2025-08-05|2025-08-06|2025-08-07|2025-08-08|2025-08-09|2025-08-10|2025-08-11|2025-08-12|2025-08-13|2025-08-14|2025-08-15|2025-08-16|2025-08-17|2025-08-18|2025-08-19,144
q3,S3,2025-08-20,6,highs-ipm,0.0861411660007434,12912.776031387415,1.1368683772161603e-13,1.0231815394945443e-12,20,2025-08-20 06:00,2025-08-20 06:00,2025-07-31|2025-08-01|2025-08-02|2025-08-03|2025-08-04|2025-08-05|2025-08-06|2025-08-07|2025-08-08|2025-08-09|2025-08-10|2025-08-11|2025-08-12|2025-08-13|2025-08-14|2025-08-15|2025-08-16|2025-08-17|2025-08-18|2025-08-19,144
q3,S3,2025-08-20,12,highs-ipm,0.07864620799955446,20422.03975792822,1.1368683772161603e-13,1.0231815394945443e-12,20,2025-08-20 12:00,2025-08-20 12:00,2025-07-31|2025-08-01|2025-08-02|2025-08-03|2025-08-04|2025-08-05|2025-08-06|2025-08-07|2025-08-08|2025-08-09|2025-08-10|2025-08-11|2025-08-12|2025-08-13|2025-08-14|2025-08-15|2025-08-16|2025-08-17|2025-08-18|2025-08-19,144
q3,S3,2025-08-20,18,highs-ipm,0.07897604200115893,28806.682595521288,1.1368683772161603e-13,7.958078640513122e-13,20,2025-08-20 18:00,2025-08-20 18:00,2025-07-31|2025-08-01|2025-08-02|2025-08-03|2025-08-04|2025-08-05|2025-08-06|2025-08-07|2025-08-08|2025-08-09|2025-08-10|2025-08-11|2025-08-12|2025-08-13|2025-08-14|2025-08-15|2025-08-16|2025-08-17|2025-08-18|2025-08-19,144
q3,S3,2025-08-21,0,highs-ipm,0.058310667001933325,2346.6405235875823,7.105427357601002e-13,9.094947017729282e-13,20,2025-08-21 00:00,2025-08-21 00:00,2025-08-01|2025-08-02|2025-08-03|2025-08-04|2025-08-05|2025-08-06|2025-08-07|2025-08-08|2025-08-09|2025-08-10|2025-08-11|2025-08-12|2025-08-13|2025-08-14|2025-08-15|2025-08-16|2025-08-17|2025-08-18|2025-08-19|2025-08-20,144
q3,S3,2025-08-21,6,highs-ipm,0.08636324999679346,9923.288920773402,1.1368683772161603e-13,7.958078640513122e-13,20,2025-08-21 06:00,2025-08-21 06:00,2025-08-01|2025-08-02|2025-08-03|2025-08-04|2025-08-05|2025-08-06|2025-08-07|2025-08-08|2025-08-09|2025-08-10|2025-08-11|2025-08-12|2025-08-13|2025-08-14|2025-08-15|2025-08-16|2025-08-17|2025-08-18|2025-08-19|2025-08-20,144
q3,S3,2025-08-21,12,highs-ipm,0.07673383400106104,8261.102789028833,1.1368683772161603e-13,9.094947017729282e-13,20,2025-08-21 12:00,2025-08-21 12:00,2025-08-01|2025-08-02|2025-08-03|2025-08-04|2025-08-05|2025-08-06|2025-08-07|2025-08-08|2025-08-09|2025-08-10|2025-08-11|2025-08-12|2025-08-13|2025-08-14|2025-08-15|2025-08-16|2025-08-17|2025-08-18|2025-08-19|2025-08-20,144
q3,S3,2025-08-21,18,highs-ipm,0.08359558299707714,8244.817512615506,1.1368683772161603e-13,9.094947017729282e-13,20,2025-08-21 18:00,2025-08-21 18:00,2025-08-01|2025-08-02|2025-08-03|2025-08-04|2025-08-05|2025-08-06|2025-08-07|2025-08-08|2025-08-09|2025-08-10|2025-08-11|2025-08-12|2025-08-13|2025-08-14|2025-08-15|2025-08-16|2025-08-17|2025-08-18|2025-08-19|2025-08-20,144
q3,S3,2025-08-22,0,highs-ipm,0.06953658300335519,958.6022049724679,2.2737367544323206e-13,7.958078640513122e-13,20,2025-08-22 00:00,2025-08-22 00:00,2025-08-02|2025-08-03|2025-08-04|2025-08-05|2025-08-06|2025-08-07|2025-08-08|2025-08-09|2025-08-10|2025-08-11|2025-08-12|2025-08-13|2025-08-14|2025-08-15|2025-08-16|2025-08-17|2025-08-18|2025-08-19|2025-08-20|2025-08-21,144
q3,S3,2025-08-22,6,highs-ipm,0.07416033299523406,9191.714608969505,2.2737367544323206e-13,7.673861546209082e-13,20,2025-08-22 06:00,2025-08-22 06:00,2025-08-02|2025-08-03|2025-08-04|2025-08-05|2025-08-06|2025-08-07|2025-08-08|2025-08-09|2025-08-10|2025-08-11|2025-08-12|2025-08-13|2025-08-14|2025-08-15|2025-08-16|2025-08-17|2025-08-18|2025-08-19|2025-08-20|2025-08-21,144
q3,S3,2025-08-22,12,highs-ipm,0.07735920900449855,8289.064567246858,1.3642420526593924e-12,6.821210263296962e-13,20,2025-08-22 12:00,2025-08-22 12:00,2025-08-02|2025-08-03|2025-08-04|2025-08-05|2025-08-06|2025-08-07|2025-08-08|2025-08-09|2025-08-10|2025-08-11|2025-08-12|2025-08-13|2025-08-14|2025-08-15|2025-08-16|2025-08-17|2025-08-18|2025-08-19|2025-08-20|2025-08-21,144
q3,S3,2025-08-22,18,highs-ipm,0.0790400830010185,8235.731302606326,2.2737367544323206e-13,8.526512829121202e-13,20,2025-08-22 18:00,2025-08-22 18:00,2025-08-02|2025-08-03|2025-08-04|2025-08-05|2025-08-06|2025-08-07|2025-08-08|2025-08-09|2025-08-10|2025-08-11|2025-08-12|2025-08-13|2025-08-14|2025-08-15|2025-08-16|2025-08-17|2025-08-18|2025-08-19|2025-08-20|2025-08-21,144
q3,S3,2025-08-23,0,highs-ipm,0.0663676670010318,993.5038426451998,7.105427357601002e-15,5.684341886080801e-13,20,2025-08-23 00:00,2025-08-23 00:00,2025-08-03|2025-08-04|2025-08-05|2025-08-06|2025-08-07|2025-08-08|2025-08-09|2025-08-10|2025-08-11|2025-08-12|2025-08-13|2025-08-14|2025-08-15|2025-08-16|2025-08-17|2025-08-18|2025-08-19|2025-08-20|2025-08-21|2025-08-22,144
q3,S3,2025-08-23,6,highs-ipm,0.07219174999772804,12932.361297331816,2.2737367544323206e-13,9.663381206337363e-13,20,2025-08-23 06:00,2025-08-23 06:00,2025-08-03|2025-08-04|2025-08-05|2025-08-06|2025-08-07|2025-08-08|2025-08-09|2025-08-10|2025-08-11|2025-08-12|2025-08-13|2025-08-14|2025-08-15|2025-08-16|2025-08-17|2025-08-18|2025-08-19|2025-08-20|2025-08-21|2025-08-22,144
q3,S3,2025-08-23,12,highs-ipm,0.07872400000633206,26806.338611678762,1.1368683772161603e-13,9.663381206337363e-13,20,2025-08-23 12:00,2025-08-23 12:00,2025-08-03|2025-08-04|2025-08-05|2025-08-06|2025-08-07|2025-08-08|2025-08-09|2025-08-10|2025-08-11|2025-08-12|2025-08-13|2025-08-14|2025-08-15|2025-08-16|2025-08-17|2025-08-18|2025-08-19|2025-08-20|2025-08-21|2025-08-22,144
q3,S3,2025-08-23,18,highs-ipm,0.06877391699526925,24113.155567407135,1.1368683772161603e-13,9.094947017729282e-13,20,2025-08-23 18:00,2025-08-23 18:00,2025-08-03|2025-08-04|2025-08-05|2025-08-06|2025-08-07|2025-08-08|2025-08-09|2025-08-10|2025-08-11|2025-08-12|2025-08-13|2025-08-14|2025-08-15|2025-08-16|2025-08-17|2025-08-18|2025-08-19|2025-08-20|2025-08-21|2025-08-22,144
q3,S3,2025-08-24,0,highs-ipm,0.06465554099850124,2120.759764571235,2.2737367544323206e-13,9.094947017729282e-13,20,2025-08-24 00:00,2025-08-24 00:00,2025-08-04|2025-08-05|2025-08-06|2025-08-07|2025-08-08|2025-08-09|2025-08-10|2025-08-11|2025-08-12|2025-08-13|2025-08-14|2025-08-15|2025-08-16|2025-08-17|2025-08-18|2025-08-19|2025-08-20|2025-08-21|2025-08-22|2025-08-23,144
q3,S3,2025-08-24,6,highs-ipm,0.07648420800251188,11340.046711686884,2.2737367544323206e-13,8.810729923425242e-13,20,2025-08-24 06:00,2025-08-24 06:00,2025-08-04|2025-08-05|2025-08-06|2025-08-07|2025-08-08|2025-08-09|2025-08-10|2025-08-11|2025-08-12|2025-08-13|2025-08-14|2025-08-15|2025-08-16|2025-08-17|2025-08-18|2025-08-19|2025-08-20|2025-08-21|2025-08-22|2025-08-23,144
q3,S3,2025-08-24,12,highs-ipm,0.08061016700230539,19953.095647293307,2.2737367544323206e-13,8.597567102697212e-13,20,2025-08-24 12:00,2025-08-24 12:00,2025-08-04|2025-08-05|2025-08-06|2025-08-07|2025-08-08|2025-08-09|2025-08-10|2025-08-11|2025-08-12|2025-08-13|2025-08-14|2025-08-15|2025-08-16|2025-08-17|2025-08-18|2025-08-19|2025-08-20|2025-08-21|2025-08-22|2025-08-23,144
q3,S3,2025-08-24,18,highs-ipm,0.07290354200085858,30214.07968024088,2.2737367544323206e-13,1.0231815394945443e-12,20,2025-08-24 18:00,2025-08-24 18:00,2025-08-04|2025-08-05|2025-08-06|2025-08-07|2025-08-08|2025-08-09|2025-08-10|2025-08-11|2025-08-12|2025-08-13|2025-08-14|2025-08-15|2025-08-16|2025-08-17|2025-08-18|2025-08-19|2025-08-20|2025-08-21|2025-08-22|2025-08-23,144
q3,S3,2025-08-25,0,highs-ipm,0.05589987499843119,2466.6644448717916,2.2737367544323206e-13,1.0231815394945443e-12,20,2025-08-25 00:00,2025-08-25 00:00,2025-08-05|2025-08-06|2025-08-07|2025-08-08|2025-08-09|2025-08-10|2025-08-11|2025-08-12|2025-08-13|2025-08-14|2025-08-15|2025-08-16|2025-08-17|2025-08-18|2025-08-19|2025-08-20|2025-08-21|2025-08-22|2025-08-23|2025-08-24,144
q3,S3,2025-08-25,6,highs-ipm,0.07684966700617224,8719.549080525634,2.2737367544323206e-13,8.641976023682219e-13,20,2025-08-25 06:00,2025-08-25 06:00,2025-08-05|2025-08-06|2025-08-07|2025-08-08|2025-08-09|2025-08-10|2025-08-11|2025-08-12|2025-08-13|2025-08-14|2025-08-15|2025-08-16|2025-08-17|2025-08-18|2025-08-19|2025-08-20|2025-08-21|2025-08-22|2025-08-23|2025-08-24,144
q3,S3,2025-08-25,12,highs-ipm,0.07251791700400645,12000.240034087577,2.2737367544323206e-13,9.094947017729282e-13,20,2025-08-25 12:00,2025-08-25 12:00,2025-08-05|2025-08-06|2025-08-07|2025-08-08|2025-08-09|2025-08-10|2025-08-11|2025-08-12|2025-08-13|2025-08-14|2025-08-15|2025-08-16|2025-08-17|2025-08-18|2025-08-19|2025-08-20|2025-08-21|2025-08-22|2025-08-23|2025-08-24,144
q3,S3,2025-08-25,18,highs-ipm,0.07103416699828813,24523.95822063635,1.1368683772161603e-13,9.094947017729282e-13,20,2025-08-25 18:00,2025-08-25 18:00,2025-08-05|2025-08-06|2025-08-07|2025-08-08|2025-08-09|2025-08-10|2025-08-11|2025-08-12|2025-08-13|2025-08-14|2025-08-15|2025-08-16|2025-08-17|2025-08-18|2025-08-19|2025-08-20|2025-08-21|2025-08-22|2025-08-23|2025-08-24,144
q3,S3,2025-08-26,0,highs-ipm,0.06113154200284043,1886.0678659781445,4.263256414560601e-13,9.094947017729282e-13,20,2025-08-26 00:00,2025-08-26 00:00,2025-08-06|2025-08-07|2025-08-08|2025-08-09|2025-08-10|2025-08-11|2025-08-12|2025-08-13|2025-08-14|2025-08-15|2025-08-16|2025-08-17|2025-08-18|2025-08-19|2025-08-20|2025-08-21|2025-08-22|2025-08-23|2025-08-24|2025-08-25,144
q3,S3,2025-08-26,6,highs-ipm,0.07065554199652979,15113.299820636394,2.2737367544323206e-13,8.881784197001252e-13,20,2025-08-26 06:00,2025-08-26 06:00,2025-08-06|2025-08-07|2025-08-08|2025-08-09|2025-08-10|2025-08-11|2025-08-12|2025-08-13|2025-08-14|2025-08-15|2025-08-16|2025-08-17|2025-08-18|2025-08-19|2025-08-20|2025-08-21|2025-08-22|2025-08-23|2025-08-24|2025-08-25,144
q3,S3,2025-08-26,12,highs-ipm,0.07200758399994811,22362.464916776033,2.2737367544323206e-13,9.094947017729282e-13,20,2025-08-26 12:00,2025-08-26 12:00,2025-08-06|2025-08-07|2025-08-08|2025-08-09|2025-08-10|2025-08-11|2025-08-12|2025-08-13|2025-08-14|2025-08-15|2025-08-16|2025-08-17|2025-08-18|2025-08-19|2025-08-20|2025-08-21|2025-08-22|2025-08-23|2025-08-24|2025-08-25,144
q3,S3,2025-08-26,18,highs-ipm,0.06750904100044863,29322.538104974694,1.1368683772161603e-13,9.094947017729282e-13,20,2025-08-26 18:00,2025-08-26 18:00,2025-08-06|2025-08-07|2025-08-08|2025-08-09|2025-08-10|2025-08-11|2025-08-12|2025-08-13|2025-08-14|2025-08-15|2025-08-16|2025-08-17|2025-08-18|2025-08-19|2025-08-20|2025-08-21|2025-08-22|2025-08-23|2025-08-24|2025-08-25,144
q3,S3,2025-08-27,0,highs-ipm,0.06030849999660859,2175.156670896937,2.2737367544323206e-13,9.094947017729282e-13,20,2025-08-27 00:00,2025-08-27 00:00,2025-08-07|2025-08-08|2025-08-09|2025-08-10|2025-08-11|2025-08-12|2025-08-13|2025-08-14|2025-08-15|2025-08-16|2025-08-17|2025-08-18|2025-08-19|2025-08-20|2025-08-21|2025-08-22|2025-08-23|2025-08-24|2025-08-25|2025-08-26,144
q3,S3,2025-08-27,6,highs-ipm,0.07562770799995633,19643.333691220327,2.2737367544323206e-13,8.171241461241152e-13,20,2025-08-27 06:00,2025-08-27 06:00,2025-08-07|2025-08-08|2025-08-09|2025-08-10|2025-08-11|2025-08-12|2025-08-13|2025-08-14|2025-08-15|2025-08-16|2025-08-17|2025-08-18|2025-08-19|2025-08-20|2025-08-21|2025-08-22|2025-08-23|2025-08-24|2025-08-25|2025-08-26,144
q3,S3,2025-08-27,12,highs-ipm,0.07556404199567623,22252.83179459358,2.2737367544323206e-13,9.094947017729282e-13,20,2025-08-27 12:00,2025-08-27 12:00,2025-08-07|2025-08-08|2025-08-09|2025-08-10|2025-08-11|2025-08-12|2025-08-13|2025-08-14|2025-08-15|2025-08-16|2025-08-17|2025-08-18|2025-08-19|2025-08-20|2025-08-21|2025-08-22|2025-08-23|2025-08-24|2025-08-25|2025-08-26,144
q3,S3,2025-08-27,18,highs-ipm,0.07046170799731044,29811.199089250127,1.1368683772161603e-12,1.0231815394945443e-12,20,2025-08-27 18:00,2025-08-27 18:00,2025-08-07|2025-08-08|2025-08-09|2025-08-10|2025-08-11|2025-08-12|2025-08-13|2025-08-14|2025-08-15|2025-08-16|2025-08-17|2025-08-18|2025-08-19|2025-08-20|2025-08-21|2025-08-22|2025-08-23|2025-08-24|2025-08-25|2025-08-26,144
q3,S3,2025-08-28,0,highs-ipm,0.057292332996439654,2286.5297361879966,1.1368683772161603e-13,8.242295734817162e-13,20,2025-08-28 00:00,2025-08-28 00:00,2025-08-08|2025-08-09|2025-08-10|2025-08-11|2025-08-12|2025-08-13|2025-08-14|2025-08-15|2025-08-16|2025-08-17|2025-08-18|2025-08-19|2025-08-20|2025-08-21|2025-08-22|2025-08-23|2025-08-24|2025-08-25|2025-08-26|2025-08-27,144
q3,S3,2025-08-28,6,highs-ipm,0.07656962499459041,16751.972649267198,1.1368683772161603e-13,8.526512829121202e-13,20,2025-08-28 06:00,2025-08-28 06:00,2025-08-08|2025-08-09|2025-08-10|2025-08-11|2025-08-12|2025-08-13|2025-08-14|2025-08-15|2025-08-16|2025-08-17|2025-08-18|2025-08-19|2025-08-20|2025-08-21|2025-08-22|2025-08-23|2025-08-24|2025-08-25|2025-08-26|2025-08-27,144
q3,S3,2025-08-28,12,highs-ipm,0.08018620900111273,12027.375489348708,1.1368683772161603e-13,6.821210263296962e-13,20,2025-08-28 12:00,2025-08-28 12:00,2025-08-08|2025-08-09|2025-08-10|2025-08-11|2025-08-12|2025-08-13|2025-08-14|2025-08-15|2025-08-16|2025-08-17|2025-08-18|2025-08-19|2025-08-20|2025-08-21|2025-08-22|2025-08-23|2025-08-24|2025-08-25|2025-08-26|2025-08-27,144
q3,S3,2025-08-28,18,highs-ipm,0.07332283299911069,10292.00693885551,1.1368683772161603e-13,7.105427357601002e-13,20,2025-08-28 18:00,2025-08-28 18:00,2025-08-08|2025-08-09|2025-08-10|2025-08-11|2025-08-12|2025-08-13|2025-08-14|2025-08-15|2025-08-16|2025-08-17|2025-08-18|2025-08-19|2025-08-20|2025-08-21|2025-08-22|2025-08-23|2025-08-24|2025-08-25|2025-08-26|2025-08-27,144
q3,S3,2025-08-29,0,highs-ipm,0.05705987499823095,1061.3408778790772,1.1368683772161603e-13,9.094947017729282e-13,20,2025-08-29 00:00,2025-08-29 00:00,2025-08-09|2025-08-10|2025-08-11|2025-08-12|2025-08-13|2025-08-14|2025-08-15|2025-08-16|2025-08-17|2025-08-18|2025-08-19|2025-08-20|2025-08-21|2025-08-22|2025-08-23|2025-08-24|2025-08-25|2025-08-26|2025-08-27|2025-08-28,144
q3,S3,2025-08-29,6,highs-ipm,0.08339704199897824,8842.959466911067,5.684341886080802e-14,9.094947017729282e-13,20,2025-08-29 06:00,2025-08-29 06:00,2025-08-09|2025-08-10|2025-08-11|2025-08-12|2025-08-13|2025-08-14|2025-08-15|2025-08-16|2025-08-17|2025-08-18|2025-08-19|2025-08-20|2025-08-21|2025-08-22|2025-08-23|2025-08-24|2025-08-25|2025-08-26|2025-08-27|2025-08-28,144
q3,S3,2025-08-29,12,highs-ipm,0.07664199999999255,8138.118335719589,1.1368683772161603e-13,9.094947017729282e-13,20,2025-08-29 12:00,2025-08-29 12:00,2025-08-09|2025-08-10|2025-08-11|2025-08-12|2025-08-13|2025-08-14|2025-08-15|2025-08-16|2025-08-17|2025-08-18|2025-08-19|2025-08-20|2025-08-21|2025-08-22|2025-08-23|2025-08-24|2025-08-25|2025-08-26|2025-08-27|2025-08-28,144
q3,S3,2025-08-29,18,highs-ipm,0.07378229199821362,8370.82006832018,2.2737367544323206e-13,9.094947017729282e-13,20,2025-08-29 18:00,2025-08-29 18:00,2025-08-09|2025-08-10|2025-08-11|2025-08-12|2025-08-13|2025-08-14|2025-08-15|2025-08-16|2025-08-17|2025-08-18|2025-08-19|2025-08-20|2025-08-21|2025-08-22|2025-08-23|2025-08-24|2025-08-25|2025-08-26|2025-08-27|2025-08-28,144
q3,S3,2025-08-30,0,highs-ipm,0.06629104199964786,1236.6747025959396,2.2737367544323206e-13,8.810729923425242e-13,20,2025-08-30 00:00,2025-08-30 00:00,2025-08-10|2025-08-11|2025-08-12|2025-08-13|2025-08-14|2025-08-15|2025-08-16|2025-08-17|2025-08-18|2025-08-19|2025-08-20|2025-08-21|2025-08-22|2025-08-23|2025-08-24|2025-08-25|2025-08-26|2025-08-27|2025-08-28|2025-08-29,144
q3,S3,2025-08-30,6,highs-ipm,0.07608445799996844,12180.233953483146,2.2737367544323206e-13,8.917311333789257e-13,20,2025-08-30 06:00,2025-08-30 06:00,2025-08-10|2025-08-11|2025-08-12|2025-08-13|2025-08-14|2025-08-15|2025-08-16|2025-08-17|2025-08-18|2025-08-19|2025-08-20|2025-08-21|2025-08-22|2025-08-23|2025-08-24|2025-08-25|2025-08-26|2025-08-27|2025-08-28|2025-08-29,144
q3,S3,2025-08-30,12,highs-ipm,0.07466191700223135,14804.362118032908,2.2737367544323206e-13,9.094947017729282e-13,20,2025-08-30 12:00,2025-08-30 12:00,2025-08-10|2025-08-11|2025-08-12|2025-08-13|2025-08-14|2025-08-15|2025-08-16|2025-08-17|2025-08-18|2025-08-19|2025-08-20|2025-08-21|2025-08-22|2025-08-23|2025-08-24|2025-08-25|2025-08-26|2025-08-27|2025-08-28|2025-08-29,144
q3,S3,2025-08-30,18,highs-ipm,0.07126695800252492,26352.959707298953,2.2737367544323206e-13,9.094947017729282e-13,20,2025-08-30 18:00,2025-08-30 18:00,2025-08-10|2025-08-11|2025-08-12|2025-08-13|2025-08-14|2025-08-15|2025-08-16|2025-08-17|2025-08-18|2025-08-19|2025-08-20|2025-08-21|2025-08-22|2025-08-23|2025-08-24|2025-08-25|2025-08-26|2025-08-27|2025-08-28|2025-08-29,144
q3,S3,2025-08-31,0,highs-ipm,0.0649964589974843,1881.0412515276776,2.2737367544323206e-13,7.958078640513122e-13,20,2025-08-31 00:00,2025-08-31 00:00,2025-08-11|2025-08-12|2025-08-13|2025-08-14|2025-08-15|2025-08-16|2025-08-17|2025-08-18|2025-08-19|2025-08-20|2025-08-21|2025-08-22|2025-08-23|2025-08-24|2025-08-25|2025-08-26|2025-08-27|2025-08-28|2025-08-29|2025-08-30,144
q3,S3,2025-08-31,6,highs-ipm,0.07180795900058001,14367.439043103315,1.1368683772161603e-13,9.094947017729282e-13,20,2025-08-31 06:00,2025-08-31 06:00,2025-08-11|2025-08-12|2025-08-13|2025-08-14|2025-08-15|2025-08-16|2025-08-17|2025-08-18|2025-08-19|2025-08-20|2025-08-21|2025-08-22|2025-08-23|2025-08-24|2025-08-25|2025-08-26|2025-08-27|2025-08-28|2025-08-29|2025-08-30,144
q3,S3,2025-08-31,12,highs-ipm,0.07289891599793918,17662.549747516583,2.2737367544323206e-13,8.668621376273222e-13,20,2025-08-31 12:00,2025-08-31 12:00,2025-08-11|2025-08-12|2025-08-13|2025-08-14|2025-08-15|2025-08-16|2025-08-17|2025-08-18|2025-08-19|2025-08-20|2025-08-21|2025-08-22|2025-08-23|2025-08-24|2025-08-25|2025-08-26|2025-08-27|2025-08-28|2025-08-29|2025-08-30,144
q3,S3,2025-08-31,18,highs-ipm,0.0690414159980719,31470.867450812737,1.1368683772161603e-13,8.810729923425242e-13,20,2025-08-31 18:00,2025-08-31 18:00,2025-08-11|2025-08-12|2025-08-13|2025-08-14|2025-08-15|2025-08-16|2025-08-17|2025-08-18|2025-08-19|2025-08-20|2025-08-21|2025-08-22|2025-08-23|2025-08-24|2025-08-25|2025-08-26|2025-08-27|2025-08-28|2025-08-29|2025-08-30,144
q3,S3,2025-09-01,0,highs-ipm,0.056440415995894,2518.4288755881066,3.979039320256561e-13,1.0231815394945443e-12,20,2025-09-01 00:00,2025-09-01 00:00,2025-08-12|2025-08-13|2025-08-14|2025-08-15|2025-08-16|2025-08-17|2025-08-18|2025-08-19|2025-08-20|2025-08-21|2025-08-22|2025-08-23|2025-08-24|2025-08-25|2025-08-26|2025-08-27|2025-08-28|2025-08-29|2025-08-30|2025-08-31,144
q3,S3,2025-09-01,6,highs-ipm,0.07352979099960066,9792.891222718732,2.2737367544323206e-13,8.526512829121202e-13,20,2025-09-01 06:00,2025-09-01 06:00,2025-08-12|2025-08-13|2025-08-14|2025-08-15|2025-08-16|2025-08-17|2025-08-18|2025-08-19|2025-08-20|2025-08-21|2025-08-22|2025-08-23|2025-08-24|2025-08-25|2025-08-26|2025-08-27|2025-08-28|2025-08-29|2025-08-30|2025-08-31,144
q3,S3,2025-09-01,12,highs-ipm,0.07514074999926379,20709.115195839193,2.2737367544323206e-13,9.094947017729282e-13,20,2025-09-01 12:00,2025-09-01 12:00,2025-08-12|2025-08-13|2025-08-14|2025-08-15|2025-08-16|2025-08-17|2025-08-18|2025-08-19|2025-08-20|2025-08-21|2025-08-22|2025-08-23|2025-08-24|2025-08-25|2025-08-26|2025-08-27|2025-08-28|2025-08-29|2025-08-30|2025-08-31,144
q3,S3,2025-09-01,18,highs-ipm,0.06948041600116994,31960.217061297055,2.2737367544323206e-13,9.094947017729282e-13,20,2025-09-01 18:00,2025-09-01 18:00,2025-08-12|2025-08-13|2025-08-14|2025-08-15|2025-08-16|2025-08-17|2025-08-18|2025-08-19|2025-08-20|2025-08-21|2025-08-22|2025-08-23|2025-08-24|2025-08-25|2025-08-26|2025-08-27|2025-08-28|2025-08-29|2025-08-30|2025-08-31,144
q3,S3,2025-09-02,0,highs-ipm,0.05903704099910101,2326.4815531770055,2.2737367544323206e-13,8.100187187665142e-13,20,2025-09-02 00:00,2025-09-02 00:00,2025-08-13|2025-08-14|2025-08-15|2025-08-16|2025-08-17|2025-08-18|2025-08-19|2025-08-20|2025-08-21|2025-08-22|2025-08-23|2025-08-24|2025-08-25|2025-08-26|2025-08-27|2025-08-28|2025-08-29|2025-08-30|2025-08-31|2025-09-01,144
q3,S3,2025-09-02,6,highs-ipm,0.07579799999803072,17221.995109485455,2.2737367544323206e-13,8.100187187665142e-13,20,2025-09-02 06:00,2025-09-02 06:00,2025-08-13|2025-08-14|2025-08-15|2025-08-16|2025-08-17|2025-08-18|2025-08-19|2025-08-20|2025-08-21|2025-08-22|2025-08-23|2025-08-24|2025-08-25|2025-08-26|2025-08-27|2025-08-28|2025-08-29|2025-08-30|2025-08-31|2025-09-01,144
q3,S3,2025-09-02,12,highs-ipm,0.07489491699379869,16231.37712409248,2.2737367544323206e-13,9.094947017729282e-13,20,2025-09-02 12:00,2025-09-02 12:00,2025-08-13|2025-08-14|2025-08-15|2025-08-16|2025-08-17|2025-08-18|2025-08-19|2025-08-20|2025-08-21|2025-08-22|2025-08-23|2025-08-24|2025-08-25|2025-08-26|2025-08-27|2025-08-28|2025-08-29|2025-08-30|2025-08-31|2025-09-01,144
q3,S3,2025-09-02,18,highs-ipm,0.0674840840001707,24773.000724459784,2.2737367544323206e-13,8.668621376273222e-13,20,2025-09-02 18:00,2025-09-02 18:00,2025-08-13|2025-08-14|2025-08-15|2025-08-16|2025-08-17|2025-08-18|2025-08-19|2025-08-20|2025-08-21|2025-08-22|2025-08-23|2025-08-24|2025-08-25|2025-08-26|2025-08-27|2025-08-28|2025-08-29|2025-08-30|2025-08-31|2025-09-01,144
q3,S3,2025-09-03,0,highs-ipm,0.06233524999697693,2478.526119191101,2.2737367544323206e-13,9.094947017729282e-13,20,2025-09-03 00:00,2025-09-03 00:00,2025-08-14|2025-08-15|2025-08-16|2025-08-17|2025-08-18|2025-08-19|2025-08-20|2025-08-21|2025-08-22|2025-08-23|2025-08-24|2025-08-25|2025-08-26|2025-08-27|2025-08-28|2025-08-29|2025-08-30|2025-08-31|2025-09-01|2025-09-02,144
q3,S3,2025-09-03,6,highs-ipm,0.07830633400590159,12758.150300777912,2.2737367544323206e-13,9.094947017729282e-13,20,2025-09-03 06:00,2025-09-03 06:00,2025-08-14|2025-08-15|2025-08-16|2025-08-17|2025-08-18|2025-08-19|2025-08-20|2025-08-21|2025-08-22|2025-08-23|2025-08-24|2025-08-25|2025-08-26|2025-08-27|2025-08-28|2025-08-29|2025-08-30|2025-08-31|2025-09-01|2025-09-02,144
q3,S3,2025-09-03,12,highs-ipm,0.07777724999323254,23119.231809513793,2.2737367544323206e-13,9.094947017729282e-13,20,2025-09-03 12:00,2025-09-03 12:00,2025-08-14|2025-08-15|2025-08-16|2025-08-17|2025-08-18|2025-08-19|2025-08-20|2025-08-21|2025-08-22|2025-08-23|2025-08-24|2025-08-25|2025-08-26|2025-08-27|2025-08-28|2025-08-29|2025-08-30|2025-08-31|2025-09-01|2025-09-02,144
q3,S3,2025-09-03,18,highs-ipm,0.07591395799681777,23628.861091966668,2.2737367544323206e-13,9.094947017729282e-13,20,2025-09-03 18:00,2025-09-03 18:00,2025-08-14|2025-08-15|2025-08-16|2025-08-17|2025-08-18|2025-08-19|2025-08-20|2025-08-21|2025-08-22|2025-08-23|2025-08-24|2025-08-25|2025-08-26|2025-08-27|2025-08-28|2025-08-29|2025-08-30|2025-08-31|2025-09-01|2025-09-02,144
q3,S3,2025-09-04,0,highs-ipm,0.05886254199867835,2534.436892347406,3.126388037344441e-13,7.958078640513122e-13,20,2025-09-04 00:00,2025-09-04 00:00,2025-08-15|2025-08-16|2025-08-17|2025-08-18|2025-08-19|2025-08-20|2025-08-21|2025-08-22|2025-08-23|2025-08-24|2025-08-25|2025-08-26|2025-08-27|2025-08-28|2025-08-29|2025-08-30|2025-08-31|2025-09-01|2025-09-02|2025-09-03,144
q3,S3,2025-09-04,6,highs-ipm,0.07530004099680809,10288.271622102555,2.2737367544323206e-13,8.526512829121202e-13,20,2025-09-04 06:00,2025-09-04 06:00,2025-08-15|2025-08-16|2025-08-17|2025-08-18|2025-08-19|2025-08-20|2025-08-21|2025-08-22|2025-08-23|2025-08-24|2025-08-25|2025-08-26|2025-08-27|2025-08-28|2025-08-29|2025-08-30|2025-08-31|2025-09-01|2025-09-02|2025-09-03,144
q3,S3,2025-09-04,12,highs-ipm,0.07616470899665728,8855.32706785762,1.1368683772161603e-13,8.810729923425242e-13,20,2025-09-04 12:00,2025-09-04 12:00,2025-08-15|2025-08-16|2025-08-17|2025-08-18|2025-08-19|2025-08-20|2025-08-21|2025-08-22|2025-08-23|2025-08-24|2025-08-25|2025-08-26|2025-08-27|2025-08-28|2025-08-29|2025-08-30|2025-08-31|2025-09-01|2025-09-02|2025-09-03,144
q3,S3,2025-09-04,18,highs-ipm,0.0712130409956444,9544.489399825785,1.1368683772161603e-13,7.958078640513122e-13,20,2025-09-04 18:00,2025-09-04 18:00,2025-08-15|2025-08-16|2025-08-17|2025-08-18|2025-08-19|2025-08-20|2025-08-21|2025-08-22|2025-08-23|2025-08-24|2025-08-25|2025-08-26|2025-08-27|2025-08-28|2025-08-29|2025-08-30|2025-08-31|2025-09-01|2025-09-02|2025-09-03,144
q3,S3,2025-09-05,0,highs-ipm,0.06267454200133216,992.6525408715083,2.2737367544323206e-13,8.526512829121202e-13,20,2025-09-05 00:00,2025-09-05 00:00,2025-08-16|2025-08-17|2025-08-18|2025-08-19|2025-08-20|2025-08-21|2025-08-22|2025-08-23|2025-08-24|2025-08-25|2025-08-26|2025-08-27|2025-08-28|2025-08-29|2025-08-30|2025-08-31|2025-09-01|2025-09-02|2025-09-03|2025-09-04,144
q3,S3,2025-09-05,6,highs-ipm,0.07418266600143397,9198.179098507773,2.2737367544323206e-13,9.094947017729282e-13,20,2025-09-05 06:00,2025-09-05 06:00,2025-08-16|2025-08-17|2025-08-18|2025-08-19|2025-08-20|2025-08-21|2025-08-22|2025-08-23|2025-08-24|2025-08-25|2025-08-26|2025-08-27|2025-08-28|2025-08-29|2025-08-30|2025-08-31|2025-09-01|2025-09-02|2025-09-03|2025-09-04,144
q3,S3,2025-09-05,12,highs-ipm,0.08011600000463659,8132.6793859502795,5.684341886080802e-14,8.526512829121202e-13,20,2025-09-05 12:00,2025-09-05 12:00,2025-08-16|2025-08-17|2025-08-18|2025-08-19|2025-08-20|2025-08-21|2025-08-22|2025-08-23|2025-08-24|2025-08-25|2025-08-26|2025-08-27|2025-08-28|2025-08-29|2025-08-30|2025-08-31|2025-09-01|2025-09-02|2025-09-03|2025-09-04,144
q3,S3,2025-09-05,18,highs-ipm,0.0861125829978846,8613.6923398529,2.2737367544323206e-13,8.65085780787922e-13,20,2025-09-05 18:00,2025-09-05 18:00,2025-08-16|2025-08-17|2025-08-18|2025-08-19|2025-08-20|2025-08-21|2025-08-22|2025-08-23|2025-08-24|2025-08-25|2025-08-26|2025-08-27|2025-08-28|2025-08-29|2025-08-30|2025-08-31|2025-09-01|2025-09-02|2025-09-03|2025-09-04,144
q3,S3,2025-09-06,0,highs-ipm,0.06288116700307,1093.4715662882204,5.684341886080802e-14,8.526512829121202e-13,20,2025-09-06 00:00,2025-09-06 00:00,2025-08-17|2025-08-18|2025-08-19|2025-08-20|2025-08-21|2025-08-22|2025-08-23|2025-08-24|2025-08-25|2025-08-26|2025-08-27|2025-08-28|2025-08-29|2025-08-30|2025-08-31|2025-09-01|2025-09-02|2025-09-03|2025-09-04|2025-09-05,144
q3,S3,2025-09-06,6,highs-ipm,0.0709559159950004,12410.646208363192,2.2737367544323206e-13,8.189005029635155e-13,20,2025-09-06 06:00,2025-09-06 06:00,2025-08-17|2025-08-18|2025-08-19|2025-08-20|2025-08-21|2025-08-22|2025-08-23|2025-08-24|2025-08-25|2025-08-26|2025-08-27|2025-08-28|2025-08-29|2025-08-30|2025-08-31|2025-09-01|2025-09-02|2025-09-03|2025-09-04|2025-09-05,144
q3,S3,2025-09-06,12,highs-ipm,0.07084233299974585,13821.333275821555,1.1368683772161603e-13,9.094947017729282e-13,20,2025-09-06 12:00,2025-09-06 12:00,2025-08-17|2025-08-18|2025-08-19|2025-08-20|2025-08-21|2025-08-22|2025-08-23|2025-08-24|2025-08-25|2025-08-26|2025-08-27|2025-08-28|2025-08-29|2025-08-30|2025-08-31|2025-09-01|2025-09-02|2025-09-03|2025-09-04|2025-09-05,144
q3,S3,2025-09-06,18,highs-ipm,0.06968150000466267,30919.051979134987,1.1368683772161603e-13,9.094947017729282e-13,20,2025-09-06 18:00,2025-09-06 18:00,2025-08-17|2025-08-18|2025-08-19|2025-08-20|2025-08-21|2025-08-22|2025-08-23|2025-08-24|2025-08-25|2025-08-26|2025-08-27|2025-08-28|2025-08-29|2025-08-30|2025-08-31|2025-09-01|2025-09-02|2025-09-03|2025-09-04|2025-09-05,144
q3,S3,2025-09-07,0,highs-ipm,0.05434133300150279,2221.2961860350097,4.547473508864641e-13,7.958078640513122e-13,20,2025-09-07 00:00,2025-09-07 00:00,2025-08-18|2025-08-19|2025-08-20|2025-08-21|2025-08-22|2025-08-23|2025-08-24|2025-08-25|2025-08-26|2025-08-27|2025-08-28|2025-08-29|2025-08-30|2025-08-31|2025-09-01|2025-09-02|2025-09-03|2025-09-04|2025-09-05|2025-09-06,144
q3,S3,2025-09-07,6,highs-ipm,0.07446312499814667,17349.775473006193,2.2737367544323206e-13,8.86846152070575e-13,20,2025-09-07 06:00,2025-09-07 06:00,2025-08-18|2025-08-19|2025-08-20|2025-08-21|2025-08-22|2025-08-23|2025-08-24|2025-08-25|2025-08-26|2025-08-27|2025-08-28|2025-08-29|2025-08-30|2025-08-31|2025-09-01|2025-09-02|2025-09-03|2025-09-04|2025-09-05|2025-09-06,144
q3,S3,2025-09-07,12,highs-ipm,0.07170629199390532,15603.21869070241,1.1368683772161603e-13,9.094947017729282e-13,20,2025-09-07 12:00,2025-09-07 12:00,2025-08-18|2025-08-19|2025-08-20|2025-08-21|2025-08-22|2025-08-23|2025-08-24|2025-08-25|2025-08-26|2025-08-27|2025-08-28|2025-08-29|2025-08-30|2025-08-31|2025-09-01|2025-09-02|2025-09-03|2025-09-04|2025-09-05|2025-09-06,144
q3,S3,2025-09-07,18,highs-ipm,0.06716574999882141,27385.589820083915,1.1368683772161603e-13,9.094947017729282e-13,20,2025-09-07 18:00,2025-09-07 18:00,2025-08-18|2025-08-19|2025-08-20|2025-08-21|2025-08-22|2025-08-23|2025-08-24|2025-08-25|2025-08-26|2025-08-27|2025-08-28|2025-08-29|2025-08-30|2025-08-31|2025-09-01|2025-09-02|2025-09-03|2025-09-04|2025-09-05|2025-09-06,144
q3,S3,2025-09-08,0,highs-ipm,0.05428954200033331,2643.3660655158733,1.1368683772161603e-13,9.094947017729282e-13,20,2025-09-08 00:00,2025-09-08 00:00,2025-08-19|2025-08-20|2025-08-21|2025-08-22|2025-08-23|2025-08-24|2025-08-25|2025-08-26|2025-08-27|2025-08-28|2025-08-29|2025-08-30|2025-08-31|2025-09-01|2025-09-02|2025-09-03|2025-09-04|2025-09-05|2025-09-06|2025-09-07,144
q3,S3,2025-09-08,6,highs-ipm,0.07400391600094736,12801.567404812067,1.1368683772161603e-13,9.094947017729282e-13,20,2025-09-08 06:00,2025-09-08 06:00,2025-08-19|2025-08-20|2025-08-21|2025-08-22|2025-08-23|2025-08-24|2025-08-25|2025-08-26|2025-08-27|2025-08-28|2025-08-29|2025-08-30|2025-08-31|2025-09-01|2025-09-02|2025-09-03|2025-09-04|2025-09-05|2025-09-06|2025-09-07,144
q3,S3,2025-09-08,12,highs-ipm,0.06824287500057835,15983.398699546886,1.1368683772161603e-13,9.094947017729282e-13,20,2025-09-08 12:00,2025-09-08 12:00,2025-08-19|2025-08-20|2025-08-21|2025-08-22|2025-08-23|2025-08-24|2025-08-25|2025-08-26|2025-08-27|2025-08-28|2025-08-29|2025-08-30|2025-08-31|2025-09-01|2025-09-02|2025-09-03|2025-09-04|2025-09-05|2025-09-06|2025-09-07,144
q3,S3,2025-09-08,18,highs-ipm,0.06728024999756599,27827.507582375136,1.1368683772161603e-13,9.094947017729282e-13,20,2025-09-08 18:00,2025-09-08 18:00,2025-08-19|2025-08-20|2025-08-21|2025-08-22|2025-08-23|2025-08-24|2025-08-25|2025-08-26|2025-08-27|2025-08-28|2025-08-29|2025-08-30|2025-08-31|2025-09-01|2025-09-02|2025-09-03|2025-09-04|2025-09-05|2025-09-06|2025-09-07,144
q3,S3,2025-09-09,0,highs-ipm,0.057616332996985875,2156.542800402487,1.1368683772161603e-13,9.094947017729282e-13,20,2025-09-09 00:00,2025-09-09 00:00,2025-08-20|2025-08-21|2025-08-22|2025-08-23|2025-08-24|2025-08-25|2025-08-26|2025-08-27|2025-08-28|2025-08-29|2025-08-30|2025-08-31|2025-09-01|2025-09-02|2025-09-03|2025-09-04|2025-09-05|2025-09-06|2025-09-07|2025-09-08,144
q3,S3,2025-09-09,6,highs-ipm,0.07932683399849338,17524.223069461375,1.1368683772161603e-13,9.094947017729282e-13,20,2025-09-09 06:00,2025-09-09 06:00,2025-08-20|2025-08-21|2025-08-22|2025-08-23|2025-08-24|2025-08-25|2025-08-26|2025-08-27|2025-08-28|2025-08-29|2025-08-30|2025-08-31|2025-09-01|2025-09-02|2025-09-03|2025-09-04|2025-09-05|2025-09-06|2025-09-07|2025-09-08,144
q3,S3,2025-09-09,12,highs-ipm,0.06936687500274274,15283.150947670314,2.2737367544323206e-13,8.526512829121202e-13,20,2025-09-09 12:00,2025-09-09 12:00,2025-08-20|2025-08-21|2025-08-22|2025-08-23|2025-08-24|2025-08-25|2025-08-26|2025-08-27|2025-08-28|2025-08-29|2025-08-30|2025-08-31|2025-09-01|2025-09-02|2025-09-03|2025-09-04|2025-09-05|2025-09-06|2025-09-07|2025-09-08,144
q3,S3,2025-09-09,18,highs-ipm,0.06630699999368517,32953.561287587305,1.1368683772161603e-13,7.958078640513122e-13,20,2025-09-09 18:00,2025-09-09 18:00,2025-08-20|2025-08-21|2025-08-22|2025-08-23|2025-08-24|2025-08-25|2025-08-26|2025-08-27|2025-08-28|2025-08-29|2025-08-30|2025-08-31|2025-09-01|2025-09-02|2025-09-03|2025-09-04|2025-09-05|2025-09-06|2025-09-07|2025-09-08,144
q3,S3,2025-09-10,0,highs-ipm,0.05781237500195857,2830.5469265682814,3.979039320256561e-13,9.094947017729282e-13,20,2025-09-10 00:00,2025-09-10 00:00,2025-08-21|2025-08-22|2025-08-23|2025-08-24|2025-08-25|2025-08-26|2025-08-27|2025-08-28|2025-08-29|2025-08-30|2025-08-31|2025-09-01|2025-09-02|2025-09-03|2025-09-04|2025-09-05|2025-09-06|2025-09-07|2025-09-08|2025-09-09,144
q3,S3,2025-09-10,6,highs-ipm,0.07226495799841359,11029.218363531449,2.2737367544323206e-13,9.094947017729282e-13,20,2025-09-10 06:00,2025-09-10 06:00,2025-08-21|2025-08-22|2025-08-23|2025-08-24|2025-08-25|2025-08-26|2025-08-27|2025-08-28|2025-08-29|2025-08-30|2025-08-31|2025-09-01|2025-09-02|2025-09-03|2025-09-04|2025-09-05|2025-09-06|2025-09-07|2025-09-08|2025-09-09,144
q3,S3,2025-09-10,12,highs-ipm,0.07236729199939873,24974.53076919694,2.2737367544323206e-13,9.094947017729282e-13,20,2025-09-10 12:00,2025-09-10 12:00,2025-08-21|2025-08-22|2025-08-23|2025-08-24|2025-08-25|2025-08-26|2025-08-27|2025-08-28|2025-08-29|2025-08-30|2025-08-31|2025-09-01|2025-09-02|2025-09-03|2025-09-04|2025-09-05|2025-09-06|2025-09-07|2025-09-08|2025-09-09,144
q3,S3,2025-09-10,18,highs-ipm,0.0690695000012056,28830.517602858567,2.2737367544323206e-13,9.094947017729282e-13,20,2025-09-10 18:00,2025-09-10 18:00,2025-08-21|2025-08-22|2025-08-23|2025-08-24|2025-08-25|2025-08-26|2025-08-27|2025-08-28|2025-08-29|2025-08-30|2025-08-31|2025-09-01|2025-09-02|2025-09-03|2025-09-04|2025-09-05|2025-09-06|2025-09-07|2025-09-08|2025-09-09,144
q3,S3,2025-09-11,0,highs-ipm,0.05386512499535456,2746.629672289156,2.2737367544323206e-13,1.0231815394945443e-12,20,2025-09-11 00:00,2025-09-11 00:00,2025-08-22|2025-08-23|2025-08-24|2025-08-25|2025-08-26|2025-08-27|2025-08-28|2025-08-29|2025-08-30|2025-08-31|2025-09-01|2025-09-02|2025-09-03|2025-09-04|2025-09-05|2025-09-06|2025-09-07|2025-09-08|2025-09-09|2025-09-10,144
q3,S3,2025-09-11,6,highs-ipm,0.07705208299739752,7024.876846425503,2.2737367544323206e-13,9.094947017729282e-13,20,2025-09-11 06:00,2025-09-11 06:00,2025-08-22|2025-08-23|2025-08-24|2025-08-25|2025-08-26|2025-08-27|2025-08-28|2025-08-29|2025-08-30|2025-08-31|2025-09-01|2025-09-02|2025-09-03|2025-09-04|2025-09-05|2025-09-06|2025-09-07|2025-09-08|2025-09-09|2025-09-10,144
q3,S3,2025-09-11,12,highs-ipm,0.07855550000385847,6613.1889162066955,2.2737367544323206e-13,9.094947017729282e-13,20,2025-09-11 12:00,2025-09-11 12:00,2025-08-22|2025-08-23|2025-08-24|2025-08-25|2025-08-26|2025-08-27|2025-08-28|2025-08-29|2025-08-30|2025-08-31|2025-09-01|2025-09-02|2025-09-03|2025-09-04|2025-09-05|2025-09-06|2025-09-07|2025-09-08|2025-09-09|2025-09-10,144
q3,S3,2025-09-11,18,highs-ipm,0.07559104199754074,8130.138931012191,2.2737367544323206e-13,7.958078640513122e-13,20,2025-09-11 18:00,2025-09-11 18:00,2025-08-22|2025-08-23|2025-08-24|2025-08-25|2025-08-26|2025-08-27|2025-08-28|2025-08-29|2025-08-30|2025-08-31|2025-09-01|2025-09-02|2025-09-03|2025-09-04|2025-09-05|2025-09-06|2025-09-07|2025-09-08|2025-09-09|2025-09-10,144
q3,S3,2025-09-12,0,highs-ipm,0.05602929099404719,1319.629455791265,2.8421709430404007e-13,7.958078640513122e-13,20,2025-09-12 00:00,2025-09-12 00:00,2025-08-23|2025-08-24|2025-08-25|2025-08-26|2025-08-27|2025-08-28|2025-08-29|2025-08-30|2025-08-31|2025-09-01|2025-09-02|2025-09-03|2025-09-04|2025-09-05|2025-09-06|2025-09-07|2025-09-08|2025-09-09|2025-09-10|2025-09-11,144
q3,S3,2025-09-12,6,highs-ipm,0.0713499999983469,8689.951732319954,1.7053025658242404e-12,8.970602038971265e-13,20,2025-09-12 06:00,2025-09-12 06:00,2025-08-23|2025-08-24|2025-08-25|2025-08-26|2025-08-27|2025-08-28|2025-08-29|2025-08-30|2025-08-31|2025-09-01|2025-09-02|2025-09-03|2025-09-04|2025-09-05|2025-09-06|2025-09-07|2025-09-08|2025-09-09|2025-09-10|2025-09-11,144
q3,S3,2025-09-12,12,highs-ipm,0.067972999997437,13343.49933087902,1.1368683772161603e-13,8.526512829121202e-13,20,2025-09-12 12:00,2025-09-12 12:00,2025-08-23|2025-08-24|2025-08-25|2025-08-26|2025-08-27|2025-08-28|2025-08-29|2025-08-30|2025-08-31|2025-09-01|2025-09-02|2025-09-03|2025-09-04|2025-09-05|2025-09-06|2025-09-07|2025-09-08|2025-09-09|2025-09-10|2025-09-11,144
q3,S3,2025-09-12,18,highs-ipm,0.0774072919957689,8042.293548615837,5.684341886080802e-14,9.094947017729282e-13,20,2025-09-12 18:00,2025-09-12 18:00,2025-08-23|2025-08-24|2025-08-25|2025-08-26|2025-08-27|2025-08-28|2025-08-29|2025-08-30|2025-08-31|2025-09-01|2025-09-02|2025-09-03|2025-09-04|2025-09-05|2025-09-06|2025-09-07|2025-09-08|2025-09-09|2025-09-10|2025-09-11,144
q3,S3,2025-09-13,0,highs-ipm,0.06050833300105296,1234.902177986805,5.684341886080802e-14,7.958078640513122e-13,20,2025-09-13 00:00,2025-09-13 00:00,2025-08-24|2025-08-25|2025-08-26|2025-08-27|2025-08-28|2025-08-29|2025-08-30|2025-08-31|2025-09-01|2025-09-02|2025-09-03|2025-09-04|2025-09-05|2025-09-06|2025-09-07|2025-09-08|2025-09-09|2025-09-10|2025-09-11|2025-09-12,144
q3,S3,2025-09-13,6,highs-ipm,0.07801437500165775,11585.747224684614,7.958078640513122e-13,7.958078640513122e-13,20,2025-09-13 06:00,2025-09-13 06:00,2025-08-24|2025-08-25|2025-08-26|2025-08-27|2025-08-28|2025-08-29|2025-08-30|2025-08-31|2025-09-01|2025-09-02|2025-09-03|2025-09-04|2025-09-05|2025-09-06|2025-09-07|2025-09-08|2025-09-09|2025-09-10|2025-09-11|2025-09-12,144
q3,S3,2025-09-13,12,highs-ipm,0.07016637500055367,17955.38504872849,7.958078640513122e-13,8.526512829121202e-13,20,2025-09-13 12:00,2025-09-13 12:00,2025-08-24|2025-08-25|2025-08-26|2025-08-27|2025-08-28|2025-08-29|2025-08-30|2025-08-31|2025-09-01|2025-09-02|2025-09-03|2025-09-04|2025-09-05|2025-09-06|2025-09-07|2025-09-08|2025-09-09|2025-09-10|2025-09-11|2025-09-12,144
q3,S3,2025-09-13,18,highs-ipm,0.06736250000540167,42400.339954380244,0.0,9.094947017729282e-13,20,2025-09-13 18:00,2025-09-13 18:00,2025-08-24|2025-08-25|2025-08-26|2025-08-27|2025-08-28|2025-08-29|2025-08-30|2025-08-31|2025-09-01|2025-09-02|2025-09-03|2025-09-04|2025-09-05|2025-09-06|2025-09-07|2025-09-08|2025-09-09|2025-09-10|2025-09-11|2025-09-12,144
q3,S3,2025-09-14,0,highs-ipm,0.05530174999876181,3057.089754980657,2.2737367544323206e-13,9.094947017729282e-13,20,2025-09-14 00:00,2025-09-14 00:00,2025-08-25|2025-08-26|2025-08-27|2025-08-28|2025-08-29|2025-08-30|2025-08-31|2025-09-01|2025-09-02|2025-09-03|2025-09-04|2025-09-05|2025-09-06|2025-09-07|2025-09-08|2025-09-09|2025-09-10|2025-09-11|2025-09-12|2025-09-13,144
q3,S3,2025-09-14,6,highs-ipm,0.07152779200259829,8988.335909598849,1.1368683772161603e-13,8.57980353430321e-13,20,2025-09-14 06:00,2025-09-14 06:00,2025-08-25|2025-08-26|2025-08-27|2025-08-28|2025-08-29|2025-08-30|2025-08-31|2025-09-01|2025-09-02|2025-09-03|2025-09-04|2025-09-05|2025-09-06|2025-09-07|2025-09-08|2025-09-09|2025-09-10|2025-09-11|2025-09-12|2025-09-13,144
q3,S3,2025-09-14,12,highs-ipm,0.0732081250025658,14479.85252255577,1.1368683772161603e-13,8.952838470577262e-13,20,2025-09-14 12:00,2025-09-14 12:00,2025-08-25|2025-08-26|2025-08-27|2025-08-28|2025-08-29|2025-08-30|2025-08-31|2025-09-01|2025-09-02|2025-09-03|2025-09-04|2025-09-05|2025-09-06|2025-09-07|2025-09-08|2025-09-09|2025-09-10|2025-09-11|2025-09-12|2025-09-13,144
q3,S3,2025-09-14,18,highs-ipm,0.0682312919961987,24585.430566233943,1.1368683772161603e-13,9.094947017729282e-13,20,2025-09-14 18:00,2025-09-14 18:00,2025-08-25|2025-08-26|2025-08-27|2025-08-28|2025-08-29|2025-08-30|2025-08-31|2025-09-01|2025-09-02|2025-09-03|2025-09-04|2025-09-05|2025-09-06|2025-09-07|2025-09-08|2025-09-09|2025-09-10|2025-09-11|2025-09-12|2025-09-13,144
q3,S3,2025-09-15,0,highs-ipm,0.05340979099855758,2519.6480886207823,7.389644451905042e-13,9.094947017729282e-13,20,2025-09-15 00:00,2025-09-15 00:00,2025-08-26|2025-08-27|2025-08-28|2025-08-29|2025-08-30|2025-08-31|2025-09-01|2025-09-02|2025-09-03|2025-09-04|2025-09-05|2025-09-06|2025-09-07|2025-09-08|2025-09-09|2025-09-10|2025-09-11|2025-09-12|2025-09-13|2025-09-14,144
q3,S3,2025-09-15,6,highs-ipm,0.07945274999656249,11819.418907939787,1.1368683772161603e-13,9.094947017729282e-13,20,2025-09-15 06:00,2025-09-15 06:00,2025-08-26|2025-08-27|2025-08-28|2025-08-29|2025-08-30|2025-08-31|2025-09-01|2025-09-02|2025-09-03|2025-09-04|2025-09-05|2025-09-06|2025-09-07|2025-09-08|2025-09-09|2025-09-10|2025-09-11|2025-09-12|2025-09-13|2025-09-14,144
q3,S3,2025-09-15,12,highs-ipm,0.07673587500175927,14466.962473302416,1.1368683772161603e-13,9.094947017729282e-13,20,2025-09-15 12:00,2025-09-15 12:00,2025-08-26|2025-08-27|2025-08-28|2025-08-29|2025-08-30|2025-08-31|2025-09-01|2025-09-02|2025-09-03|2025-09-04|2025-09-05|2025-09-06|2025-09-07|2025-09-08|2025-09-09|2025-09-10|2025-09-11|2025-09-12|2025-09-13|2025-09-14,144
q3,S3,2025-09-15,18,highs-ipm,0.06763487499847542,31678.430415505754,1.1368683772161603e-13,9.094947017729282e-13,20,2025-09-15 18:00,2025-09-15 18:00,2025-08-26|2025-08-27|2025-08-28|2025-08-29|2025-08-30|2025-08-31|2025-09-01|2025-09-02|2025-09-03|2025-09-04|2025-09-05|2025-09-06|2025-09-07|2025-09-08|2025-09-09|2025-09-10|2025-09-11|2025-09-12|2025-09-13|2025-09-14,144
q3,S3,2025-09-16,0,highs-ipm,0.05044724999606842,3247.2125048948683,3.410605131648481e-13,1.0231815394945443e-12,20,2025-09-16 00:00,2025-09-16 00:00,2025-08-27|2025-08-28|2025-08-29|2025-08-30|2025-08-31|2025-09-01|2025-09-02|2025-09-03|2025-09-04|2025-09-05|2025-09-06|2025-09-07|2025-09-08|2025-09-09|2025-09-10|2025-09-11|2025-09-12|2025-09-13|2025-09-14|2025-09-15,144
q3,S3,2025-09-16,6,highs-ipm,0.07375666600273689,10134.509534109535,5.684341886080802e-14,9.094947017729282e-13,20,2025-09-16 06:00,2025-09-16 06:00,2025-08-27|2025-08-28|2025-08-29|2025-08-30|2025-08-31|2025-09-01|2025-09-02|2025-09-03|2025-09-04|2025-09-05|2025-09-06|2025-09-07|2025-09-08|2025-09-09|2025-09-10|2025-09-11|2025-09-12|2025-09-13|2025-09-14|2025-09-15,144
q3,S3,2025-09-16,12,highs-ipm,0.07072916699689813,14468.798524208705,1.1368683772161603e-13,8.752998326144734e-13,20,2025-09-16 12:00,2025-09-16 12:00,2025-08-27|2025-08-28|2025-08-29|2025-08-30|2025-08-31|2025-09-01|2025-09-02|2025-09-03|2025-09-04|2025-09-05|2025-09-06|2025-09-07|2025-09-08|2025-09-09|2025-09-10|2025-09-11|2025-09-12|2025-09-13|2025-09-14|2025-09-15,144
q3,S3,2025-09-16,18,highs-ipm,0.06782212499820162,30099.960322040315,3.410605131648481e-13,7.958078640513122e-13,20,2025-09-16 18:00,2025-09-16 18:00,2025-08-27|2025-08-28|2025-08-29|2025-08-30|2025-08-31|2025-09-01|2025-09-02|2025-09-03|2025-09-04|2025-09-05|2025-09-06|2025-09-07|2025-09-08|2025-09-09|2025-09-10|2025-09-11|2025-09-12|2025-09-13|2025-09-14|2025-09-15,144
q3,S3,2025-09-17,0,highs-ipm,0.05603629200049909,3045.27337995794,5.968558980384842e-13,9.094947017729282e-13,20,2025-09-17 00:00,2025-09-17 00:00,2025-08-28|2025-08-29|2025-08-30|2025-08-31|2025-09-01|2025-09-02|2025-09-03|2025-09-04|2025-09-05|2025-09-06|2025-09-07|2025-09-08|2025-09-09|2025-09-10|2025-09-11|2025-09-12|2025-09-13|2025-09-14|2025-09-15|2025-09-16,144
q3,S3,2025-09-17,6,highs-ipm,0.07874574999732431,10906.453153293158,2.2737367544323206e-13,9.094947017729282e-13,20,2025-09-17 06:00,2025-09-17 06:00,2025-08-28|2025-08-29|2025-08-30|2025-08-31|2025-09-01|2025-09-02|2025-09-03|2025-09-04|2025-09-05|2025-09-06|2025-09-07|2025-09-08|2025-09-09|2025-09-10|2025-09-11|2025-09-12|2025-09-13|2025-09-14|2025-09-15|2025-09-16,144
q3,S3,2025-09-17,12,highs-ipm,0.07436991699796636,25374.151471548797,1.1368683772161603e-13,9.094947017729282e-13,20,2025-09-17 12:00,2025-09-17 12:00,2025-08-28|2025-08-29|2025-08-30|2025-08-31|2025-09-01|2025-09-02|2025-09-03|2025-09-04|2025-09-05|2025-09-06|2025-09-07|2025-09-08|2025-09-09|2025-09-10|2025-09-11|2025-09-12|2025-09-13|2025-09-14|2025-09-15|2025-09-16,144
q3,S3,2025-09-17,18,highs-ipm,0.0781537919974653,24108.889124613142,1.1368683772161603e-13,9.094947017729282e-13,20,2025-09-17 18:00,2025-09-17 18:00,2025-08-28|2025-08-29|2025-08-30|2025-08-31|2025-09-01|2025-09-02|2025-09-03|2025-09-04|2025-09-05|2025-09-06|2025-09-07|2025-09-08|2025-09-09|2025-09-10|2025-09-11|2025-09-12|2025-09-13|2025-09-14|2025-09-15|2025-09-16,144
q3,S3,2025-09-18,0,highs-ipm,0.05431620799936354,2468.1630696649863,1.1368683772161603e-13,8.810729923425242e-13,20,2025-09-18 00:00,2025-09-18 00:00,2025-08-29|2025-08-30|2025-08-31|2025-09-01|2025-09-02|2025-09-03|2025-09-04|2025-09-05|2025-09-06|2025-09-07|2025-09-08|2025-09-09|2025-09-10|2025-09-11|2025-09-12|2025-09-13|2025-09-14|2025-09-15|2025-09-16|2025-09-17,144
q3,S3,2025-09-18,6,highs-ipm,0.07632975000160513,15684.365891389998,2.2737367544323206e-13,9.094947017729282e-13,20,2025-09-18 06:00,2025-09-18 06:00,2025-08-29|2025-08-30|2025-08-31|2025-09-01|2025-09-02|2025-09-03|2025-09-04|2025-09-05|2025-09-06|2025-09-07|2025-09-08|2025-09-09|2025-09-10|2025-09-11|2025-09-12|2025-09-13|2025-09-14|2025-09-15|2025-09-16|2025-09-17,144
q3,S3,2025-09-18,12,highs-ipm,0.07783304099575616,8584.327963438349,2.2737367544323206e-13,9.094947017729282e-13,20,2025-09-18 12:00,2025-09-18 12:00,2025-08-29|2025-08-30|2025-08-31|2025-09-01|2025-09-02|2025-09-03|2025-09-04|2025-09-05|2025-09-06|2025-09-07|2025-09-08|2025-09-09|2025-09-10|2025-09-11|2025-09-12|2025-09-13|2025-09-14|2025-09-15|2025-09-16|2025-09-17,144
q3,S3,2025-09-18,18,highs-ipm,0.07413370900030714,9377.635946137452,4.547473508864641e-13,8.952838470577262e-13,20,2025-09-18 18:00,2025-09-18 18:00,2025-08-29|2025-08-30|2025-08-31|2025-09-01|2025-09-02|2025-09-03|2025-09-04|2025-09-05|2025-09-06|2025-09-07|2025-09-08|2025-09-09|2025-09-10|2025-09-11|2025-09-12|2025-09-13|2025-09-14|2025-09-15|2025-09-16|2025-09-17,144
q3,S3,2025-09-19,0,highs-ipm,0.06660974999977043,1616.5778793925708,1.1368683772161603e-13,8.526512829121202e-13,20,2025-09-19 00:00,2025-09-19 00:00,2025-08-30|2025-08-31|2025-09-01|2025-09-02|2025-09-03|2025-09-04|2025-09-05|2025-09-06|2025-09-07|2025-09-08|2025-09-09|2025-09-10|2025-09-11|2025-09-12|2025-09-13|2025-09-14|2025-09-15|2025-09-16|2025-09-17|2025-09-18,144
q3,S3,2025-09-19,6,highs-ipm,0.08183850000204984,8831.588135441472,5.684341886080802e-14,9.094947017729282e-13,20,2025-09-19 06:00,2025-09-19 06:00,2025-08-30|2025-08-31|2025-09-01|2025-09-02|2025-09-03|2025-09-04|2025-09-05|2025-09-06|2025-09-07|2025-09-08|2025-09-09|2025-09-10|2025-09-11|2025-09-12|2025-09-13|2025-09-14|2025-09-15|2025-09-16|2025-09-17|2025-09-18,144
q3,S3,2025-09-19,12,highs-ipm,0.07816800000000512,7614.239084540405,1.1368683772161603e-13,9.094947017729282e-13,20,2025-09-19 12:00,2025-09-19 12:00,2025-08-30|2025-08-31|2025-09-01|2025-09-02|2025-09-03|2025-09-04|2025-09-05|2025-09-06|2025-09-07|2025-09-08|2025-09-09|2025-09-10|2025-09-11|2025-09-12|2025-09-13|2025-09-14|2025-09-15|2025-09-16|2025-09-17|2025-09-18,144
q3,S3,2025-09-19,18,highs-ipm,0.07270949999656295,8056.286232872603,1.1368683772161603e-13,8.810729923425242e-13,20,2025-09-19 18:00,2025-09-19 18:00,2025-08-30|2025-08-31|2025-09-01|2025-09-02|2025-09-03|2025-09-04|2025-09-05|2025-09-06|2025-09-07|2025-09-08|2025-09-09|2025-09-10|2025-09-11|2025-09-12|2025-09-13|2025-09-14|2025-09-15|2025-09-16|2025-09-17|2025-09-18,144
q3,S3,2025-09-20,0,highs-ipm,0.0669326249990263,1339.1967274786132,2.2737367544323206e-13,7.958078640513122e-13,20,2025-09-20 00:00,2025-09-20 00:00,2025-08-31|2025-09-01|2025-09-02|2025-09-03|2025-09-04|2025-09-05|2025-09-06|2025-09-07|2025-09-08|2025-09-09|2025-09-10|2025-09-11|2025-09-12|2025-09-13|2025-09-14|2025-09-15|2025-09-16|2025-09-17|2025-09-18|2025-09-19,144
q3,S3,2025-09-20,6,highs-ipm,0.08875858299870742,10750.63356329811,1.1368683772161603e-13,9.094947017729282e-13,20,2025-09-20 06:00,2025-09-20 06:00,2025-08-31|2025-09-01|2025-09-02|2025-09-03|2025-09-04|2025-09-05|2025-09-06|2025-09-07|2025-09-08|2025-09-09|2025-09-10|2025-09-11|2025-09-12|2025-09-13|2025-09-14|2025-09-15|2025-09-16|2025-09-17|2025-09-18|2025-09-19,144
q3,S3,2025-09-20,12,highs-ipm,0.08414104200346628,17929.11837726053,5.684341886080802e-14,9.094947017729282e-13,20,2025-09-20 12:00,2025-09-20 12:00,2025-08-31|2025-09-01|2025-09-02|2025-09-03|2025-09-04|2025-09-05|2025-09-06|2025-09-07|2025-09-08|2025-09-09|2025-09-10|2025-09-11|2025-09-12|2025-09-13|2025-09-14|2025-09-15|2025-09-16|2025-09-17|2025-09-18|2025-09-19,144
q3,S3,2025-09-20,18,highs-ipm,0.07102024999767309,20055.156921542963,1.1368683772161603e-13,9.094947017729282e-13,20,2025-09-20 18:00,2025-09-20 18:00,2025-08-31|2025-09-01|2025-09-02|2025-09-03|2025-09-04|2025-09-05|2025-09-06|2025-09-07|2025-09-08|2025-09-09|2025-09-10|2025-09-11|2025-09-12|2025-09-13|2025-09-14|2025-09-15|2025-09-16|2025-09-17|2025-09-18|2025-09-19,144
q3,S3,2025-09-21,0,highs-ipm,0.052415166996070184,2344.1990986961528,2.2737367544323206e-13,8.86402062860725e-13,20,2025-09-21 00:00,2025-09-21 00:00,2025-09-01|2025-09-02|2025-09-03|2025-09-04|2025-09-05|2025-09-06|2025-09-07|2025-09-08|2025-09-09|2025-09-10|2025-09-11|2025-09-12|2025-09-13|2025-09-14|2025-09-15|2025-09-16|2025-09-17|2025-09-18|2025-09-19|2025-09-20,144
q3,S3,2025-09-21,6,highs-ipm,0.08103320800000802,10502.315301787123,4.121147867408581e-13,1.0231815394945443e-12,20,2025-09-21 06:00,2025-09-21 06:00,2025-09-01|2025-09-02|2025-09-03|2025-09-04|2025-09-05|2025-09-06|2025-09-07|2025-09-08|2025-09-09|2025-09-10|2025-09-11|2025-09-12|2025-09-13|2025-09-14|2025-09-15|2025-09-16|2025-09-17|2025-09-18|2025-09-19|2025-09-20,144
q3,S3,2025-09-21,12,highs-ipm,0.07693850000214297,12898.978960316339,2.0463630789890885e-12,1.0231815394945443e-12,20,2025-09-21 12:00,2025-09-21 12:00,2025-09-01|2025-09-02|2025-09-03|2025-09-04|2025-09-05|2025-09-06|2025-09-07|2025-09-08|2025-09-09|2025-09-10|2025-09-11|2025-09-12|2025-09-13|2025-09-14|2025-09-15|2025-09-16|2025-09-17|2025-09-18|2025-09-19|2025-09-20,144
q3,S3,2025-09-21,18,highs-ipm,0.06775941699743271,21381.265416895665,2.2737367544323206e-13,9.094947017729282e-13,20,2025-09-21 18:00,2025-09-21 18:00,2025-09-01|2025-09-02|2025-09-03|2025-09-04|2025-09-05|2025-09-06|2025-09-07|2025-09-08|2025-09-09|2025-09-10|2025-09-11|2025-09-12|2025-09-13|2025-09-14|2025-09-15|2025-09-16|2025-09-17|2025-09-18|2025-09-19|2025-09-20,144
q3,S3,2025-09-22,0,highs-ipm,0.06039862499892479,2221.280696874046,2.2737367544323206e-13,7.958078640513122e-13,20,2025-09-22 00:00,2025-09-22 00:00,2025-09-02|2025-09-03|2025-09-04|2025-09-05|2025-09-06|2025-09-07|2025-09-08|2025-09-09|2025-09-10|2025-09-11|2025-09-12|2025-09-13|2025-09-14|2025-09-15|2025-09-16|2025-09-17|2025-09-18|2025-09-19|2025-09-20|2025-09-21,144
q3,S3,2025-09-22,6,highs-ipm,0.0773528339996119,8450.792311294716,2.2737367544323206e-13,9.094947017729282e-13,20,2025-09-22 06:00,2025-09-22 06:00,2025-09-02|2025-09-03|2025-09-04|2025-09-05|2025-09-06|2025-09-07|2025-09-08|2025-09-09|2025-09-10|2025-09-11|2025-09-12|2025-09-13|2025-09-14|2025-09-15|2025-09-16|2025-09-17|2025-09-18|2025-09-19|2025-09-20|2025-09-21,144
q3,S3,2025-09-22,12,highs-ipm,0.07935770800395403,16047.066759790416,2.2737367544323206e-13,9.094947017729282e-13,20,2025-09-22 12:00,2025-09-22 12:00,2025-09-02|2025-09-03|2025-09-04|2025-09-05|2025-09-06|2025-09-07|2025-09-08|2025-09-09|2025-09-10|2025-09-11|2025-09-12|2025-09-13|2025-09-14|2025-09-15|2025-09-16|2025-09-17|2025-09-18|2025-09-19|2025-09-20|2025-09-21,144
q3,S3,2025-09-22,18,highs-ipm,0.06792249999853084,24764.056580806562,2.2737367544323206e-13,9.094947017729282e-13,20,2025-09-22 18:00,2025-09-22 18:00,2025-09-02|2025-09-03|2025-09-04|2025-09-05|2025-09-06|2025-09-07|2025-09-08|2025-09-09|2025-09-10|2025-09-11|2025-09-12|2025-09-13|2025-09-14|2025-09-15|2025-09-16|2025-09-17|2025-09-18|2025-09-19|2025-09-20|2025-09-21,144
q3,S3,2025-09-23,0,highs-ipm,0.058924249999108724,2548.9464987283777,1.0231815394945443e-12,8.846257060213247e-13,20,2025-09-23 00:00,2025-09-23 00:00,2025-09-03|2025-09-04|2025-09-05|2025-09-06|2025-09-07|2025-09-08|2025-09-09|2025-09-10|2025-09-11|2025-09-12|2025-09-13|2025-09-14|2025-09-15|2025-09-16|2025-09-17|2025-09-18|2025-09-19|2025-09-20|2025-09-21|2025-09-22,144
q3,S3,2025-09-23,6,highs-ipm,0.07620512500579935,10114.919127306057,1.1368683772161603e-13,8.810729923425242e-13,20,2025-09-23 06:00,2025-09-23 06:00,2025-09-03|2025-09-04|2025-09-05|2025-09-06|2025-09-07|2025-09-08|2025-09-09|2025-09-10|2025-09-11|2025-09-12|2025-09-13|2025-09-14|2025-09-15|2025-09-16|2025-09-17|2025-09-18|2025-09-19|2025-09-20|2025-09-21|2025-09-22,144
q3,S3,2025-09-23,12,highs-ipm,0.07387737500539515,17412.818268979525,1.1368683772161603e-13,9.094947017729282e-13,20,2025-09-23 12:00,2025-09-23 12:00,2025-09-03|2025-09-04|2025-09-05|2025-09-06|2025-09-07|2025-09-08|2025-09-09|2025-09-10|2025-09-11|2025-09-12|2025-09-13|2025-09-14|2025-09-15|2025-09-16|2025-09-17|2025-09-18|2025-09-19|2025-09-20|2025-09-21|2025-09-22,144
q3,S3,2025-09-23,18,highs-ipm,0.06704124999669148,26124.269128237673,1.0231815394945443e-12,9.094947017729282e-13,20,2025-09-23 18:00,2025-09-23 18:00,2025-09-03|2025-09-04|2025-09-05|2025-09-06|2025-09-07|2025-09-08|2025-09-09|2025-09-10|2025-09-11|2025-09-12|2025-09-13|2025-09-14|2025-09-15|2025-09-16|2025-09-17|2025-09-18|2025-09-19|2025-09-20|2025-09-21|2025-09-22,144
q3,S3,2025-09-24,0,highs-ipm,0.05984641599934548,2168.0643256442277,3.410605131648481e-13,7.958078640513122e-13,20,2025-09-24 00:00,2025-09-24 00:00,2025-09-04|2025-09-05|2025-09-06|2025-09-07|2025-09-08|2025-09-09|2025-09-10|2025-09-11|2025-09-12|2025-09-13|2025-09-14|2025-09-15|2025-09-16|2025-09-17|2025-09-18|2025-09-19|2025-09-20|2025-09-21|2025-09-22|2025-09-23,144
q3,S3,2025-09-24,6,highs-ipm,0.07839637500001118,12876.063142148509,1.1368683772161603e-13,9.094947017729282e-13,20,2025-09-24 06:00,2025-09-24 06:00,2025-09-04|2025-09-05|2025-09-06|2025-09-07|2025-09-08|2025-09-09|2025-09-10|2025-09-11|2025-09-12|2025-09-13|2025-09-14|2025-09-15|2025-09-16|2025-09-17|2025-09-18|2025-09-19|2025-09-20|2025-09-21|2025-09-22|2025-09-23,144
q3,S3,2025-09-24,12,highs-ipm,0.06812304200138897,20735.701118116736,1.1368683772161603e-13,9.094947017729282e-13,20,2025-09-24 12:00,2025-09-24 12:00,2025-09-04|2025-09-05|2025-09-06|2025-09-07|2025-09-08|2025-09-09|2025-09-10|2025-09-11|2025-09-12|2025-09-13|2025-09-14|2025-09-15|2025-09-16|2025-09-17|2025-09-18|2025-09-19|2025-09-20|2025-09-21|2025-09-22|2025-09-23,144
q3,S3,2025-09-24,18,highs-ipm,0.06939008300105343,30246.87102551295,1.1368683772161603e-13,9.094947017729282e-13,20,2025-09-24 18:00,2025-09-24 18:00,2025-09-04|2025-09-05|2025-09-06|2025-09-07|2025-09-08|2025-09-09|2025-09-10|2025-09-11|2025-09-12|2025-09-13|2025-09-14|2025-09-15|2025-09-16|2025-09-17|2025-09-18|2025-09-19|2025-09-20|2025-09-21|2025-09-22|2025-09-23,144
q3,S3,2025-09-25,0,highs-ipm,0.05640391699853353,2446.6516590142023,6.821210263296962e-13,9.094947017729282e-13,20,2025-09-25 00:00,2025-09-25 00:00,2025-09-05|2025-09-06|2025-09-07|2025-09-08|2025-09-09|2025-09-10|2025-09-11|2025-09-12|2025-09-13|2025-09-14|2025-09-15|2025-09-16|2025-09-17|2025-09-18|2025-09-19|2025-09-20|2025-09-21|2025-09-22|2025-09-23|2025-09-24,144
q3,S3,2025-09-25,6,highs-ipm,0.07992791700235102,9514.573419562224,1.1368683772161603e-13,9.094947017729282e-13,20,2025-09-25 06:00,2025-09-25 06:00,2025-09-05|2025-09-06|2025-09-07|2025-09-08|2025-09-09|2025-09-10|2025-09-11|2025-09-12|2025-09-13|2025-09-14|2025-09-15|2025-09-16|2025-09-17|2025-09-18|2025-09-19|2025-09-20|2025-09-21|2025-09-22|2025-09-23|2025-09-24,144
q3,S3,2025-09-25,12,highs-ipm,0.07199229200341506,18282.43876323127,1.1368683772161603e-13,8.810729923425242e-13,20,2025-09-25 12:00,2025-09-25 12:00,2025-09-05|2025-09-06|2025-09-07|2025-09-08|2025-09-09|2025-09-10|2025-09-11|2025-09-12|2025-09-13|2025-09-14|2025-09-15|2025-09-16|2025-09-17|2025-09-18|2025-09-19|2025-09-20|2025-09-21|2025-09-22|2025-09-23|2025-09-24,144
q3,S3,2025-09-25,18,highs-ipm,0.0683938330039382,7492.0629810154705,2.2737367544323206e-13,9.094947017729282e-13,20,2025-09-25 18:00,2025-09-25 18:00,2025-09-05|2025-09-06|2025-09-07|2025-09-08|2025-09-09|2025-09-10|2025-09-11|2025-09-12|2025-09-13|2025-09-14|2025-09-15|2025-09-16|2025-09-17|2025-09-18|2025-09-19|2025-09-20|2025-09-21|2025-09-22|2025-09-23|2025-09-24,144
q3,S3,2025-09-26,0,highs-ipm,0.054438540995761286,1534.272010837439,6.696865284538944e-13,9.094947017729282e-13,20,2025-09-26 00:00,2025-09-26 00:00,2025-09-06|2025-09-07|2025-09-08|2025-09-09|2025-09-10|2025-09-11|2025-09-12|2025-09-13|2025-09-14|2025-09-15|2025-09-16|2025-09-17|2025-09-18|2025-09-19|2025-09-20|2025-09-21|2025-09-22|2025-09-23|2025-09-24|2025-09-25,144
q3,S3,2025-09-26,6,highs-ipm,0.08407541600172408,7680.291544949816,1.1368683772161603e-13,9.094947017729282e-13,20,2025-09-26 06:00,2025-09-26 06:00,2025-09-06|2025-09-07|2025-09-08|2025-09-09|2025-09-10|2025-09-11|2025-09-12|2025-09-13|2025-09-14|2025-09-15|2025-09-16|2025-09-17|2025-09-18|2025-09-19|2025-09-20|2025-09-21|2025-09-22|2025-09-23|2025-09-24|2025-09-25,144
q3,S3,2025-09-26,12,highs-ipm,0.07538354199641617,7480.015751660853,2.2737367544323206e-13,9.094947017729282e-13,20,2025-09-26 12:00,2025-09-26 12:00,2025-09-06|2025-09-07|2025-09-08|2025-09-09|2025-09-10|2025-09-11|2025-09-12|2025-09-13|2025-09-14|2025-09-15|2025-09-16|2025-09-17|2025-09-18|2025-09-19|2025-09-20|2025-09-21|2025-09-22|2025-09-23|2025-09-24|2025-09-25,144
q3,S3,2025-09-26,18,highs-ipm,0.0757381669973256,7339.031640152399,0.0,9.094947017729282e-13,20,2025-09-26 18:00,2025-09-26 18:00,2025-09-06|2025-09-07|2025-09-08|2025-09-09|2025-09-10|2025-09-11|2025-09-12|2025-09-13|2025-09-14|2025-09-15|2025-09-16|2025-09-17|2025-09-18|2025-09-19|2025-09-20|2025-09-21|2025-09-22|2025-09-23|2025-09-24|2025-09-25,144
q3,S3,2025-09-27,0,highs-ipm,0.06303712500084657,1102.654711879582,0.0,7.958078640513122e-13,20,2025-09-27 00:00,2025-09-27 00:00,2025-09-07|2025-09-08|2025-09-09|2025-09-10|2025-09-11|2025-09-12|2025-09-13|2025-09-14|2025-09-15|2025-09-16|2025-09-17|2025-09-18|2025-09-19|2025-09-20|2025-09-21|2025-09-22|2025-09-23|2025-09-24|2025-09-25|2025-09-26,144
q3,S3,2025-09-27,6,highs-ipm,0.07897645800403552,11516.629546077766,2.2737367544323206e-13,8.952838470577262e-13,20,2025-09-27 06:00,2025-09-27 06:00,2025-09-07|2025-09-08|2025-09-09|2025-09-10|2025-09-11|2025-09-12|2025-09-13|2025-09-14|2025-09-15|2025-09-16|2025-09-17|2025-09-18|2025-09-19|2025-09-20|2025-09-21|2025-09-22|2025-09-23|2025-09-24|2025-09-25|2025-09-26,144
q3,S3,2025-09-27,12,highs-ipm,0.07529787499515805,19259.660706654682,2.2737367544323206e-13,8.526512829121202e-13,20,2025-09-27 12:00,2025-09-27 12:00,2025-09-07|2025-09-08|2025-09-09|2025-09-10|2025-09-11|2025-09-12|2025-09-13|2025-09-14|2025-09-15|2025-09-16|2025-09-17|2025-09-18|2025-09-19|2025-09-20|2025-09-21|2025-09-22|2025-09-23|2025-09-24|2025-09-25|2025-09-26,144
q3,S3,2025-09-27,18,highs-ipm,0.06617170899698976,21307.749969890458,1.1368683772161603e-13,7.958078640513122e-13,20,2025-09-27 18:00,2025-09-27 18:00,2025-09-07|2025-09-08|2025-09-09|2025-09-10|2025-09-11|2025-09-12|2025-09-13|2025-09-14|2025-09-15|2025-09-16|2025-09-17|2025-09-18|2025-09-19|2025-09-20|2025-09-21|2025-09-22|2025-09-23|2025-09-24|2025-09-25|2025-09-26,144
q3,S3,2025-09-28,0,highs-ipm,0.05602645900216885,2508.464185528047,2.2737367544323206e-13,9.094947017729282e-13,20,2025-09-28 00:00,2025-09-28 00:00,2025-09-08|2025-09-09|2025-09-10|2025-09-11|2025-09-12|2025-09-13|2025-09-14|2025-09-15|2025-09-16|2025-09-17|2025-09-18|2025-09-19|2025-09-20|2025-09-21|2025-09-22|2025-09-23|2025-09-24|2025-09-25|2025-09-26|2025-09-27,144
q3,S3,2025-09-28,6,highs-ipm,0.08232412499637576,14932.021040926713,2.2737367544323206e-13,9.094947017729282e-13,20,2025-09-28 06:00,2025-09-28 06:00,2025-09-08|2025-09-09|2025-09-10|2025-09-11|2025-09-12|2025-09-13|2025-09-14|2025-09-15|2025-09-16|2025-09-17|2025-09-18|2025-09-19|2025-09-20|2025-09-21|2025-09-22|2025-09-23|2025-09-24|2025-09-25|2025-09-26|2025-09-27,144
q3,S3,2025-09-28,12,highs-ipm,0.08016391700220993,18342.928556837385,2.2737367544323206e-13,7.531752999057062e-13,20,2025-09-28 12:00,2025-09-28 12:00,2025-09-08|2025-09-09|2025-09-10|2025-09-11|2025-09-12|2025-09-13|2025-09-14|2025-09-15|2025-09-16|2025-09-17|2025-09-18|2025-09-19|2025-09-20|2025-09-21|2025-09-22|2025-09-23|2025-09-24|2025-09-25|2025-09-26|2025-09-27,144
q3,S3,2025-09-28,18,highs-ipm,0.06872529199608834,26157.511730154147,2.2737367544323206e-13,7.815970093361102e-13,20,2025-09-28 18:00,2025-09-28 18:00,2025-09-08|2025-09-09|2025-09-10|2025-09-11|2025-09-12|2025-09-13|2025-09-14|2025-09-15|2025-09-16|2025-09-17|2025-09-18|2025-09-19|2025-09-20|2025-09-21|2025-09-22|2025-09-23|2025-09-24|2025-09-25|2025-09-26|2025-09-27,144
q3,S3,2025-09-29,0,highs-ipm,0.055539417000545654,2599.473649370453,3.979039320256561e-13,7.958078640513122e-13,20,2025-09-29 00:00,2025-09-29 00:00,2025-09-09|2025-09-10|2025-09-11|2025-09-12|2025-09-13|2025-09-14|2025-09-15|2025-09-16|2025-09-17|2025-09-18|2025-09-19|2025-09-20|2025-09-21|2025-09-22|2025-09-23|2025-09-24|2025-09-25|2025-09-26|2025-09-27|2025-09-28,144
q3,S3,2025-09-29,6,highs-ipm,0.07949020899832249,8107.377856168305,2.2737367544323206e-13,8.526512829121202e-13,20,2025-09-29 06:00,2025-09-29 06:00,2025-09-09|2025-09-10|2025-09-11|2025-09-12|2025-09-13|2025-09-14|2025-09-15|2025-09-16|2025-09-17|2025-09-18|2025-09-19|2025-09-20|2025-09-21|2025-09-22|2025-09-23|2025-09-24|2025-09-25|2025-09-26|2025-09-27|2025-09-28,144
q3,S3,2025-09-29,12,highs-ipm,0.07421979100035969,15573.905607694915,2.2737367544323206e-13,9.094947017729282e-13,20,2025-09-29 12:00,2025-09-29 12:00,2025-09-09|2025-09-10|2025-09-11|2025-09-12|2025-09-13|2025-09-14|2025-09-15|2025-09-16|2025-09-17|2025-09-18|2025-09-19|2025-09-20|2025-09-21|2025-09-22|2025-09-23|2025-09-24|2025-09-25|2025-09-26|2025-09-27|2025-09-28,144
q3,S3,2025-09-29,18,highs-ipm,0.06868570899678161,27396.37914528541,2.2737367544323206e-13,1.0231815394945443e-12,20,2025-09-29 18:00,2025-09-29 18:00,2025-09-09|2025-09-10|2025-09-11|2025-09-12|2025-09-13|2025-09-14|2025-09-15|2025-09-16|2025-09-17|2025-09-18|2025-09-19|2025-09-20|2025-09-21|2025-09-22|2025-09-23|2025-09-24|2025-09-25|2025-09-26|2025-09-27|2025-09-28,144
q3,S3,2025-09-30,0,highs-ipm,0.05711904099734966,2808.840503615662,1.4779288903810084e-12,9.094947017729282e-13,20,2025-09-30 00:00,2025-09-30 00:00,2025-09-10|2025-09-11|2025-09-12|2025-09-13|2025-09-14|2025-09-15|2025-09-16|2025-09-17|2025-09-18|2025-09-19|2025-09-20|2025-09-21|2025-09-22|2025-09-23|2025-09-24|2025-09-25|2025-09-26|2025-09-27|2025-09-28|2025-09-29,144
q3,S3,2025-09-30,6,highs-ipm,0.07506020899745636,11428.502652853966,1.1368683772161603e-12,8.526512829121202e-13,20,2025-09-30 06:00,2025-09-30 06:00,2025-09-10|2025-09-11|2025-09-12|2025-09-13|2025-09-14|2025-09-15|2025-09-16|2025-09-17|2025-09-18|2025-09-19|2025-09-20|2025-09-21|2025-09-22|2025-09-23|2025-09-24|2025-09-25|2025-09-26|2025-09-27|2025-09-28|2025-09-29,144
q3,S3,2025-09-30,12,highs-ipm,0.07340004100115038,16772.121432761487,1.4779288903810084e-12,9.094947017729282e-13,20,2025-09-30 12:00,2025-09-30 12:00,2025-09-10|2025-09-11|2025-09-12|2025-09-13|2025-09-14|2025-09-15|2025-09-16|2025-09-17|2025-09-18|2025-09-19|2025-09-20|2025-09-21|2025-09-22|2025-09-23|2025-09-24|2025-09-25|2025-09-26|2025-09-27|2025-09-28|2025-09-29,144
q3,S3,2025-09-30,18,highs-ipm,0.06815062499663327,22535.375922534135,1.1368683772161603e-12,9.094947017729282e-13,20,2025-09-30 18:00,2025-09-30 18:00,2025-09-10|2025-09-11|2025-09-12|2025-09-13|2025-09-14|2025-09-15|2025-09-16|2025-09-17|2025-09-18|2025-09-19|2025-09-20|2025-09-21|2025-09-22|2025-09-23|2025-09-24|2025-09-25|2025-09-26|2025-09-27|2025-09-28|2025-09-29,144
q3,S3,2025-10-01,0,highs-ipm,0.05806812499940861,2649.090104818771,1.1368683772161603e-13,9.094947017729282e-13,20,2025-10-01 00:00,2025-10-01 00:00,2025-09-11|2025-09-12|2025-09-13|2025-09-14|2025-09-15|2025-09-16|2025-09-17|2025-09-18|2025-09-19|2025-09-20|2025-09-21|2025-09-22|2025-09-23|2025-09-24|2025-09-25|2025-09-26|2025-09-27|2025-09-28|2025-09-29|2025-09-30,144
q3,S3,2025-10-01,6,highs-ipm,0.0824480829978711,10615.342368645292,1.1368683772161603e-13,8.633094239485217e-13,20,2025-10-01 06:00,2025-10-01 06:00,2025-09-11|2025-09-12|2025-09-13|2025-09-14|2025-09-15|2025-09-16|2025-09-17|2025-09-18|2025-09-19|2025-09-20|2025-09-21|2025-09-22|2025-09-23|2025-09-24|2025-09-25|2025-09-26|2025-09-27|2025-09-28|2025-09-29|2025-09-30,144
q3,S3,2025-10-01,12,highs-ipm,0.07691516599879833,14755.833657689704,1.1368683772161603e-13,9.094947017729282e-13,20,2025-10-01 12:00,2025-10-01 12:00,2025-09-11|2025-09-12|2025-09-13|2025-09-14|2025-09-15|2025-09-16|2025-09-17|2025-09-18|2025-09-19|2025-09-20|2025-09-21|2025-09-22|2025-09-23|2025-09-24|2025-09-25|2025-09-26|2025-09-27|2025-09-28|2025-09-29|2025-09-30,144
q3,S3,2025-10-01,18,highs-ipm,0.06537749999552034,23313.447046008176,1.1368683772161603e-13,9.094947017729282e-13,20,2025-10-01 18:00,2025-10-01 18:00,2025-09-11|2025-09-12|2025-09-13|2025-09-14|2025-09-15|2025-09-16|2025-09-17|2025-09-18|2025-09-19|2025-09-20|2025-09-21|2025-09-22|2025-09-23|2025-09-24|2025-09-25|2025-09-26|2025-09-27|2025-09-28|2025-09-29|2025-09-30,144
q3,S3,2025-10-02,0,highs-ipm,0.060937374997593,3031.8305422914177,3.410605131648481e-13,7.602807272633072e-13,20,2025-10-02 00:00,2025-10-02 00:00,2025-09-12|2025-09-13|2025-09-14|2025-09-15|2025-09-16|2025-09-17|2025-09-18|2025-09-19|2025-09-20|2025-09-21|2025-09-22|2025-09-23|2025-09-24|2025-09-25|2025-09-26|2025-09-27|2025-09-28|2025-09-29|2025-09-30|2025-10-01,144
q3,S3,2025-10-02,6,highs-ipm,0.08256624999921769,5172.66298849143,1.1368683772161603e-13,9.094947017729282e-13,20,2025-10-02 06:00,2025-10-02 06:00,2025-09-12|2025-09-13|2025-09-14|2025-09-15|2025-09-16|2025-09-17|2025-09-18|2025-09-19|2025-09-20|2025-09-21|2025-09-22|2025-09-23|2025-09-24|2025-09-25|2025-09-26|2025-09-27|2025-09-28|2025-09-29|2025-09-30|2025-10-01,144
q3,S3,2025-10-02,12,highs-ipm,0.08047866600099951,5480.569365636887,1.1368683772161603e-13,8.526512829121202e-13,20,2025-10-02 12:00,2025-10-02 12:00,2025-09-12|2025-09-13|2025-09-14|2025-09-15|2025-09-16|2025-09-17|2025-09-18|2025-09-19|2025-09-20|2025-09-21|2025-09-22|2025-09-23|2025-09-24|2025-09-25|2025-09-26|2025-09-27|2025-09-28|2025-09-29|2025-09-30|2025-10-01,144
q3,S3,2025-10-02,18,highs-ipm,0.06791195899859304,8476.375371625216,5.684341886080802e-14,9.663381206337363e-13,20,2025-10-02 18:00,2025-10-02 18:00,2025-09-12|2025-09-13|2025-09-14|2025-09-15|2025-09-16|2025-09-17|2025-09-18|2025-09-19|2025-09-20|2025-09-21|2025-09-22|2025-09-23|2025-09-24|2025-09-25|2025-09-26|2025-09-27|2025-09-28|2025-09-29|2025-09-30|2025-10-01,144
q3,S3,2025-10-03,0,highs-ipm,0.06362091699702432,1132.2619246214233,1.1368683772161603e-13,8.526512829121202e-13,20,2025-10-03 00:00,2025-10-03 00:00,2025-09-13|2025-09-14|2025-09-15|2025-09-16|2025-09-17|2025-09-18|2025-09-19|2025-09-20|2025-09-21|2025-09-22|2025-09-23|2025-09-24|2025-09-25|2025-09-26|2025-09-27|2025-09-28|2025-09-29|2025-09-30|2025-10-01|2025-10-02,144
q3,S3,2025-10-03,6,highs-ipm,0.07257445799768902,8226.52979433052,5.684341886080802e-14,8.242295734817162e-13,20,2025-10-03 06:00,2025-10-03 06:00,2025-09-13|2025-09-14|2025-09-15|2025-09-16|2025-09-17|2025-09-18|2025-09-19|2025-09-20|2025-09-21|2025-09-22|2025-09-23|2025-09-24|2025-09-25|2025-09-26|2025-09-27|2025-09-28|2025-09-29|2025-09-30|2025-10-01|2025-10-02,144
q3,S3,2025-10-03,12,highs-ipm,0.07764545900136,8644.3678576433,5.684341886080802e-14,8.810729923425242e-13,20,2025-10-03 12:00,2025-10-03 12:00,2025-09-13|2025-09-14|2025-09-15|2025-09-16|2025-09-17|2025-09-18|2025-09-19|2025-09-20|2025-09-21|2025-09-22|2025-09-23|2025-09-24|2025-09-25|2025-09-26|2025-09-27|2025-09-28|2025-09-29|2025-09-30|2025-10-01|2025-10-02,144
q3,S3,2025-10-03,18,highs-ipm,0.06899908299965318,7488.876911878921,5.684341886080802e-14,9.094947017729282e-13,20,2025-10-03 18:00,2025-10-03 18:00,2025-09-13|2025-09-14|2025-09-15|2025-09-16|2025-09-17|2025-09-18|2025-09-19|2025-09-20|2025-09-21|2025-09-22|2025-09-23|2025-09-24|2025-09-25|2025-09-26|2025-09-27|2025-09-28|2025-09-29|2025-09-30|2025-10-01|2025-10-02,144
q3,S3,2025-10-04,0,highs-ipm,0.05721495900070295,2000.3168607543978,1.1368683772161603e-13,9.094947017729282e-13,20,2025-10-04 00:00,2025-10-04 00:00,2025-09-14|2025-09-15|2025-09-16|2025-09-17|2025-09-18|2025-09-19|2025-09-20|2025-09-21|2025-09-22|2025-09-23|2025-09-24|2025-09-25|2025-09-26|2025-09-27|2025-09-28|2025-09-29|2025-09-30|2025-10-01|2025-10-02|2025-10-03,144
q3,S3,2025-10-04,6,highs-ipm,0.08058875000278931,10393.388765317499,5.684341886080802e-14,6.963318810448982e-13,20,2025-10-04 06:00,2025-10-04 06:00,2025-09-14|2025-09-15|2025-09-16|2025-09-17|2025-09-18|2025-09-19|2025-09-20|2025-09-21|2025-09-22|2025-09-23|2025-09-24|2025-09-25|2025-09-26|2025-09-27|2025-09-28|2025-09-29|2025-09-30|2025-10-01|2025-10-02|2025-10-03,144
q3,S3,2025-10-04,12,highs-ipm,0.0768678330059629,25606.91178440627,2.2737367544323206e-13,1.0231815394945443e-12,20,2025-10-04 12:00,2025-10-04 12:00,2025-09-14|2025-09-15|2025-09-16|2025-09-17|2025-09-18|2025-09-19|2025-09-20|2025-09-21|2025-09-22|2025-09-23|2025-09-24|2025-09-25|2025-09-26|2025-09-27|2025-09-28|2025-09-29|2025-09-30|2025-10-01|2025-10-02|2025-10-03,144
q3,S3,2025-10-04,18,highs-ipm,0.0687978749992908,24866.44618002226,1.1368683772161603e-13,8.810729923425242e-13,20,2025-10-04 18:00,2025-10-04 18:00,2025-09-14|2025-09-15|2025-09-16|2025-09-17|2025-09-18|2025-09-19|2025-09-20|2025-09-21|2025-09-22|2025-09-23|2025-09-24|2025-09-25|2025-09-26|2025-09-27|2025-09-28|2025-09-29|2025-09-30|2025-10-01|2025-10-02|2025-10-03,144
q3,S3,2025-10-05,0,highs-ipm,0.06156075000035344,2895.6073589308444,2.2737367544323206e-13,8.739675649849232e-13,20,2025-10-05 00:00,2025-10-05 00:00,2025-09-15|2025-09-16|2025-09-17|2025-09-18|2025-09-19|2025-09-20|2025-09-21|2025-09-22|2025-09-23|2025-09-24|2025-09-25|2025-09-26|2025-09-27|2025-09-28|2025-09-29|2025-09-30|2025-10-01|2025-10-02|2025-10-03|2025-10-04,144
q3,S3,2025-10-05,6,highs-ipm,0.0754247500008205,8208.348540297715,2.2737367544323206e-13,8.810729923425242e-13,20,2025-10-05 06:00,2025-10-05 06:00,2025-09-15|2025-09-16|2025-09-17|2025-09-18|2025-09-19|2025-09-20|2025-09-21|2025-09-22|2025-09-23|2025-09-24|2025-09-25|2025-09-26|2025-09-27|2025-09-28|2025-09-29|2025-09-30|2025-10-01|2025-10-02|2025-10-03|2025-10-04,144
q3,S3,2025-10-05,12,highs-ipm,0.0729804999937187,20709.211582783446,2.2737367544323206e-13,8.881784197001252e-13,20,2025-10-05 12:00,2025-10-05 12:00,2025-09-15|2025-09-16|2025-09-17|2025-09-18|2025-09-19|2025-09-20|2025-09-21|2025-09-22|2025-09-23|2025-09-24|2025-09-25|2025-09-26|2025-09-27|2025-09-28|2025-09-29|2025-09-30|2025-10-01|2025-10-02|2025-10-03|2025-10-04,144
q3,S3,2025-10-05,18,highs-ipm,0.06954508300259477,32287.519208955826,2.2737367544323206e-13,9.094947017729282e-13,20,2025-10-05 18:00,2025-10-05 18:00,2025-09-15|2025-09-16|2025-09-17|2025-09-18|2025-09-19|2025-09-20|2025-09-21|2025-09-22|2025-09-23|2025-09-24|2025-09-25|2025-09-26|2025-09-27|2025-09-28|2025-09-29|2025-09-30|2025-10-01|2025-10-02|2025-10-03|2025-10-04,144
q3,S3,2025-10-06,0,highs-ipm,0.06983341700106394,2507.232647164924,1.1368683772161603e-13,7.958078640513122e-13,20,2025-10-06 00:00,2025-10-06 00:00,2025-09-16|2025-09-17|2025-09-18|2025-09-19|2025-09-20|2025-09-21|2025-09-22|2025-09-23|2025-09-24|2025-09-25|2025-09-26|2025-09-27|2025-09-28|2025-09-29|2025-09-30|2025-10-01|2025-10-02|2025-10-03|2025-10-04|2025-10-05,144
q3,S3,2025-10-06,6,highs-ipm,0.07470629100134829,13288.862326275861,1.1368683772161603e-13,8.313350008393172e-13,20,2025-10-06 06:00,2025-10-06 06:00,2025-09-16|2025-09-17|2025-09-18|2025-09-19|2025-09-20|2025-09-21|2025-09-22|2025-09-23|2025-09-24|2025-09-25|2025-09-26|2025-09-27|2025-09-28|2025-09-29|2025-09-30|2025-10-01|2025-10-02|2025-10-03|2025-10-04|2025-10-05,144
q3,S3,2025-10-06,12,highs-ipm,0.07419641599699389,20425.15087096017,1.1368683772161603e-13,9.094947017729282e-13,20,2025-10-06 12:00,2025-10-06 12:00,2025-09-16|2025-09-17|2025-09-18|2025-09-19|2025-09-20|2025-09-21|2025-09-22|2025-09-23|2025-09-24|2025-09-25|2025-09-26|2025-09-27|2025-09-28|2025-09-29|2025-09-30|2025-10-01|2025-10-02|2025-10-03|2025-10-04|2025-10-05,144
q3,S3,2025-10-06,18,highs-ipm,0.07170241700077895,23097.324176226837,1.1368683772161603e-13,9.094947017729282e-13,20,2025-10-06 18:00,2025-10-06 18:00,2025-09-16|2025-09-17|2025-09-18|2025-09-19|2025-09-20|2025-09-21|2025-09-22|2025-09-23|2025-09-24|2025-09-25|2025-09-26|2025-09-27|2025-09-28|2025-09-29|2025-09-30|2025-10-01|2025-10-02|2025-10-03|2025-10-04|2025-10-05,144
q3,S3,2025-10-07,0,highs-ipm,0.06803470900194952,2952.9094207332073,6.252776074688882e-13,8.526512829121202e-13,20,2025-10-07 00:00,2025-10-07 00:00,2025-09-17|2025-09-18|2025-09-19|2025-09-20|2025-09-21|2025-09-22|2025-09-23|2025-09-24|2025-09-25|2025-09-26|2025-09-27|2025-09-28|2025-09-29|2025-09-30|2025-10-01|2025-10-02|2025-10-03|2025-10-04|2025-10-05|2025-10-06,144
q3,S3,2025-10-07,6,highs-ipm,0.07928004199493444,11105.818303254655,1.1368683772161603e-13,9.094947017729282e-13,20,2025-10-07 06:00,2025-10-07 06:00,2025-09-17|2025-09-18|2025-09-19|2025-09-20|2025-09-21|2025-09-22|2025-09-23|2025-09-24|2025-09-25|2025-09-26|2025-09-27|2025-09-28|2025-09-29|2025-09-30|2025-10-01|2025-10-02|2025-10-03|2025-10-04|2025-10-05|2025-10-06,144
q3,S3,2025-10-07,12,highs-ipm,0.07469895800022641,22923.19497139238,1.1368683772161603e-13,8.810729923425242e-13,20,2025-10-07 12:00,2025-10-07 12:00,2025-09-17|2025-09-18|2025-09-19|2025-09-20|2025-09-21|2025-09-22|2025-09-23|2025-09-24|2025-09-25|2025-09-26|2025-09-27|2025-09-28|2025-09-29|2025-09-30|2025-10-01|2025-10-02|2025-10-03|2025-10-04|2025-10-05|2025-10-06,144
q3,S3,2025-10-07,18,highs-ipm,0.07076433300244389,25904.79962930486,2.2737367544323206e-13,7.958078640513122e-13,20,2025-10-07 18:00,2025-10-07 18:00,2025-09-17|2025-09-18|2025-09-19|2025-09-20|2025-09-21|2025-09-22|2025-09-23|2025-09-24|2025-09-25|2025-09-26|2025-09-27|2025-09-28|2025-09-29|2025-09-30|2025-10-01|2025-10-02|2025-10-03|2025-10-04|2025-10-05|2025-10-06,144
q3,S3,2025-10-08,0,highs-ipm,0.05582358300307533,2577.0883302992916,2.2737367544323206e-13,9.094947017729282e-13,20,2025-10-08 00:00,2025-10-08 00:00,2025-09-18|2025-09-19|2025-09-20|2025-09-21|2025-09-22|2025-09-23|2025-09-24|2025-09-25|2025-09-26|2025-09-27|2025-09-28|2025-09-29|2025-09-30|2025-10-01|2025-10-02|2025-10-03|2025-10-04|2025-10-05|2025-10-06|2025-10-07,144
q3,S3,2025-10-08,6,highs-ipm,0.07233620800252538,10493.042815486899,1.1368683772161603e-13,7.389644451905042e-13,20,2025-10-08 06:00,2025-10-08 06:00,2025-09-18|2025-09-19|2025-09-20|2025-09-21|2025-09-22|2025-09-23|2025-09-24|2025-09-25|2025-09-26|2025-09-27|2025-09-28|2025-09-29|2025-09-30|2025-10-01|2025-10-02|2025-10-03|2025-10-04|2025-10-05|2025-10-06|2025-10-07,144
q3,S3,2025-10-08,12,highs-ipm,0.07571791700320318,14991.177857988927,1.1368683772161603e-13,9.094947017729282e-13,20,2025-10-08 12:00,2025-10-08 12:00,2025-09-18|2025-09-19|2025-09-20|2025-09-21|2025-09-22|2025-09-23|2025-09-24|2025-09-25|2025-09-26|2025-09-27|2025-09-28|2025-09-29|2025-09-30|2025-10-01|2025-10-02|2025-10-03|2025-10-04|2025-10-05|2025-10-06|2025-10-07,144
q3,S3,2025-10-08,18,highs-ipm,0.06812666699988768,30919.63920461201,2.2737367544323206e-13,9.094947017729282e-13,20,2025-10-08 18:00,2025-10-08 18:00,2025-09-18|2025-09-19|2025-09-20|2025-09-21|2025-09-22|2025-09-23|2025-09-24|2025-09-25|2025-09-26|2025-09-27|2025-09-28|2025-09-29|2025-09-30|2025-10-01|2025-10-02|2025-10-03|2025-10-04|2025-10-05|2025-10-06|2025-10-07,144
q3,S3,2025-10-09,0,highs-ipm,0.05703679200087208,3168.4899396955457,1.1368683772161603e-13,1.0231815394945443e-12,20,2025-10-09 00:00,2025-10-09 00:00,2025-09-19|2025-09-20|2025-09-21|2025-09-22|2025-09-23|2025-09-24|2025-09-25|2025-09-26|2025-09-27|2025-09-28|2025-09-29|2025-09-30|2025-10-01|2025-10-02|2025-10-03|2025-10-04|2025-10-05|2025-10-06|2025-10-07|2025-10-08,144
q3,S3,2025-10-09,6,highs-ipm,0.080575708001561,4401.013719040423,1.1368683772161603e-13,9.094947017729282e-13,20,2025-10-09 06:00,2025-10-09 06:00,2025-09-19|2025-09-20|2025-09-21|2025-09-22|2025-09-23|2025-09-24|2025-09-25|2025-09-26|2025-09-27|2025-09-28|2025-09-29|2025-09-30|2025-10-01|2025-10-02|2025-10-03|2025-10-04|2025-10-05|2025-10-06|2025-10-07|2025-10-08,144
q3,S3,2025-10-09,12,highs-ipm,0.07388816699676681,6351.950241026432,1.1368683772161603e-13,9.094947017729282e-13,20,2025-10-09 12:00,2025-10-09 12:00,2025-09-19|2025-09-20|2025-09-21|2025-09-22|2025-09-23|2025-09-24|2025-09-25|2025-09-26|2025-09-27|2025-09-28|2025-09-29|2025-09-30|2025-10-01|2025-10-02|2025-10-03|2025-10-04|2025-10-05|2025-10-06|2025-10-07|2025-10-08,144
q3,S3,2025-10-09,18,highs-ipm,0.06923008299781941,7771.850701903618,2.2737367544323206e-13,9.094947017729282e-13,20,2025-10-09 18:00,2025-10-09 18:00,2025-09-19|2025-09-20|2025-09-21|2025-09-22|2025-09-23|2025-09-24|2025-09-25|2025-09-26|2025-09-27|2025-09-28|2025-09-29|2025-09-30|2025-10-01|2025-10-02|2025-10-03|2025-10-04|2025-10-05|2025-10-06|2025-10-07|2025-10-08,144
q3,S3,2025-10-10,0,highs-ipm,0.06033279200346442,1174.8462950232065,2.2737367544323206e-13,8.526512829121202e-13,20,2025-10-10 00:00,2025-10-10 00:00,2025-09-20|2025-09-21|2025-09-22|2025-09-23|2025-09-24|2025-09-25|2025-09-26|2025-09-27|2025-09-28|2025-09-29|2025-09-30|2025-10-01|2025-10-02|2025-10-03|2025-10-04|2025-10-05|2025-10-06|2025-10-07|2025-10-08|2025-10-09,144
q3,S3,2025-10-10,6,highs-ipm,0.08160283300094306,8002.83892364429,2.2737367544323206e-13,7.496225862269057e-13,20,2025-10-10 06:00,2025-10-10 06:00,2025-09-20|2025-09-21|2025-09-22|2025-09-23|2025-09-24|2025-09-25|2025-09-26|2025-09-27|2025-09-28|2025-09-29|2025-09-30|2025-10-01|2025-10-02|2025-10-03|2025-10-04|2025-10-05|2025-10-06|2025-10-07|2025-10-08|2025-10-09,144
q3,S3,2025-10-10,12,highs-ipm,0.07250924999971176,7651.567802105378,2.2737367544323206e-13,9.094947017729282e-13,20,2025-10-10 12:00,2025-10-10 12:00,2025-09-20|2025-09-21|2025-09-22|2025-09-23|2025-09-24|2025-09-25|2025-09-26|2025-09-27|2025-09-28|2025-09-29|2025-09-30|2025-10-01|2025-10-02|2025-10-03|2025-10-04|2025-10-05|2025-10-06|2025-10-07|2025-10-08|2025-10-09,144
q3,S3,2025-10-10,18,highs-ipm,0.07085462500253925,8001.801433236052,2.2737367544323206e-13,8.597567102697212e-13,20,2025-10-10 18:00,2025-10-10 18:00,2025-09-20|2025-09-21|2025-09-22|2025-09-23|2025-09-24|2025-09-25|2025-09-26|2025-09-27|2025-09-28|2025-09-29|2025-09-30|2025-10-01|2025-10-02|2025-10-03|2025-10-04|2025-10-05|2025-10-06|2025-10-07|2025-10-08|2025-10-09,144
q3,S3,2025-10-11,0,highs-ipm,0.0665555840023444,1169.4879452037133,1.1368683772161603e-13,8.752998326144734e-13,20,2025-10-11 00:00,2025-10-11 00:00,2025-09-21|2025-09-22|2025-09-23|2025-09-24|2025-09-25|2025-09-26|2025-09-27|2025-09-28|2025-09-29|2025-09-30|2025-10-01|2025-10-02|2025-10-03|2025-10-04|2025-10-05|2025-10-06|2025-10-07|2025-10-08|2025-10-09|2025-10-10,144
q3,S3,2025-10-11,6,highs-ipm,0.07765454100444913,10831.86414956638,1.1368683772161603e-13,7.902567489281864e-13,20,2025-10-11 06:00,2025-10-11 06:00,2025-09-21|2025-09-22|2025-09-23|2025-09-24|2025-09-25|2025-09-26|2025-09-27|2025-09-28|2025-09-29|2025-09-30|2025-10-01|2025-10-02|2025-10-03|2025-10-04|2025-10-05|2025-10-06|2025-10-07|2025-10-08|2025-10-09|2025-10-10,144
q3,S3,2025-10-11,12,highs-ipm,0.07510766600171337,20733.940171390786,5.684341886080802e-14,7.958078640513122e-13,20,2025-10-11 12:00,2025-10-11 12:00,2025-09-21|2025-09-22|2025-09-23|2025-09-24|2025-09-25|2025-09-26|2025-09-27|2025-09-28|2025-09-29|2025-09-30|2025-10-01|2025-10-02|2025-10-03|2025-10-04|2025-10-05|2025-10-06|2025-10-07|2025-10-08|2025-10-09|2025-10-10,144
q3,S3,2025-10-11,18,highs-ipm,0.06808045900106663,23019.90166187928,1.1368683772161603e-13,9.094947017729282e-13,20,2025-10-11 18:00,2025-10-11 18:00,2025-09-21|2025-09-22|2025-09-23|2025-09-24|2025-09-25|2025-09-26|2025-09-27|2025-09-28|2025-09-29|2025-09-30|2025-10-01|2025-10-02|2025-10-03|2025-10-04|2025-10-05|2025-10-06|2025-10-07|2025-10-08|2025-10-09|2025-10-10,144
q3,S3,2025-10-12,0,highs-ipm,0.056261666999489535,3021.065312533955,2.2737367544323206e-13,9.094947017729282e-13,20,2025-10-12 00:00,2025-10-12 00:00,2025-09-22|2025-09-23|2025-09-24|2025-09-25|2025-09-26|2025-09-27|2025-09-28|2025-09-29|2025-09-30|2025-10-01|2025-10-02|2025-10-03|2025-10-04|2025-10-05|2025-10-06|2025-10-07|2025-10-08|2025-10-09|2025-10-10|2025-10-11,144
q3,S3,2025-10-12,6,highs-ipm,0.07716437499766471,11494.631809405006,1.1368683772161603e-13,8.633094239485217e-13,20,2025-10-12 06:00,2025-10-12 06:00,2025-09-22|2025-09-23|2025-09-24|2025-09-25|2025-09-26|2025-09-27|2025-09-28|2025-09-29|2025-09-30|2025-10-01|2025-10-02|2025-10-03|2025-10-04|2025-10-05|2025-10-06|2025-10-07|2025-10-08|2025-10-09|2025-10-10|2025-10-11,144
q3,S3,2025-10-12,12,highs-ipm,0.07357725000474602,15803.277651630538,1.1368683772161603e-13,9.094947017729282e-13,20,2025-10-12 12:00,2025-10-12 12:00,2025-09-22|2025-09-23|2025-09-24|2025-09-25|2025-09-26|2025-09-27|2025-09-28|2025-09-29|2025-09-30|2025-10-01|2025-10-02|2025-10-03|2025-10-04|2025-10-05|2025-10-06|2025-10-07|2025-10-08|2025-10-09|2025-10-10|2025-10-11,144
q3,S3,2025-10-12,18,highs-ipm,0.07065254099870799,30239.219933134387,1.1368683772161603e-13,9.094947017729282e-13,20,2025-10-12 18:00,2025-10-12 18:00,2025-09-22|2025-09-23|2025-09-24|2025-09-25|2025-09-26|2025-09-27|2025-09-28|2025-09-29|2025-09-30|2025-10-01|2025-10-02|2025-10-03|2025-10-04|2025-10-05|2025-10-06|2025-10-07|2025-10-08|2025-10-09|2025-10-10|2025-10-11,144
q3,S3,2025-10-13,0,highs-ipm,0.05723779200343415,3092.0997027803783,1.1368683772161603e-13,9.094947017729282e-13,20,2025-10-13 00:00,2025-10-13 00:00,2025-09-23|2025-09-24|2025-09-25|2025-09-26|2025-09-27|2025-09-28|2025-09-29|2025-09-30|2025-10-01|2025-10-02|2025-10-03|2025-10-04|2025-10-05|2025-10-06|2025-10-07|2025-10-08|2025-10-09|2025-10-10|2025-10-11|2025-10-12,144
q3,S3,2025-10-13,6,highs-ipm,0.07398566699703224,10181.039184393474,1.1368683772161603e-13,8.526512829121202e-13,20,2025-10-13 06:00,2025-10-13 06:00,2025-09-23|2025-09-24|2025-09-25|2025-09-26|2025-09-27|2025-09-28|2025-09-29|2025-09-30|2025-10-01|2025-10-02|2025-10-03|2025-10-04|2025-10-05|2025-10-06|2025-10-07|2025-10-08|2025-10-09|2025-10-10|2025-10-11|2025-10-12,144
q3,S3,2025-10-13,12,highs-ipm,0.0745700420011417,14845.307999959192,1.1368683772161603e-13,9.094947017729282e-13,20,2025-10-13 12:00,2025-10-13 12:00,2025-09-23|2025-09-24|2025-09-25|2025-09-26|2025-09-27|2025-09-28|2025-09-29|2025-09-30|2025-10-01|2025-10-02|2025-10-03|2025-10-04|2025-10-05|2025-10-06|2025-10-07|2025-10-08|2025-10-09|2025-10-10|2025-10-11|2025-10-12,144
q3,S3,2025-10-13,18,highs-ipm,0.06818883300002199,32434.45571683288,0.0,9.094947017729282e-13,20,2025-10-13 18:00,2025-10-13 18:00,2025-09-23|2025-09-24|2025-09-25|2025-09-26|2025-09-27|2025-09-28|2025-09-29|2025-09-30|2025-10-01|2025-10-02|2025-10-03|2025-10-04|2025-10-05|2025-10-06|2025-10-07|2025-10-08|2025-10-09|2025-10-10|2025-10-11|2025-10-12,144
q3,S3,2025-10-14,0,highs-ipm,0.057439165997493546,3288.5681792492715,1.1368683772161603e-13,1.0231815394945443e-12,20,2025-10-14 00:00,2025-10-14 00:00,2025-09-24|2025-09-25|2025-09-26|2025-09-27|2025-09-28|2025-09-29|2025-09-30|2025-10-01|2025-10-02|2025-10-03|2025-10-04|2025-10-05|2025-10-06|2025-10-07|2025-10-08|2025-10-09|2025-10-10|2025-10-11|2025-10-12|2025-10-13,144
q3,S3,2025-10-14,6,highs-ipm,0.08030320800025947,8911.058050807254,1.1368683772161603e-13,8.641976023682219e-13,20,2025-10-14 06:00,2025-10-14 06:00,2025-09-24|2025-09-25|2025-09-26|2025-09-27|2025-09-28|2025-09-29|2025-09-30|2025-10-01|2025-10-02|2025-10-03|2025-10-04|2025-10-05|2025-10-06|2025-10-07|2025-10-08|2025-10-09|2025-10-10|2025-10-11|2025-10-12|2025-10-13,144
q3,S3,2025-10-14,12,highs-ipm,0.0729506659990875,21364.53805670652,1.1368683772161603e-13,9.094947017729282e-13,20,2025-10-14 12:00,2025-10-14 12:00,2025-09-24|2025-09-25|2025-09-26|2025-09-27|2025-09-28|2025-09-29|2025-09-30|2025-10-01|2025-10-02|2025-10-03|2025-10-04|2025-10-05|2025-10-06|2025-10-07|2025-10-08|2025-10-09|2025-10-10|2025-10-11|2025-10-12|2025-10-13,144
q3,S3,2025-10-14,18,highs-ipm,0.06865129200014053,39089.1073628899,1.1368683772161603e-13,9.094947017729282e-13,20,2025-10-14 18:00,2025-10-14 18:00,2025-09-24|2025-09-25|2025-09-26|2025-09-27|2025-09-28|2025-09-29|2025-09-30|2025-10-01|2025-10-02|2025-10-03|2025-10-04|2025-10-05|2025-10-06|2025-10-07|2025-10-08|2025-10-09|2025-10-10|2025-10-11|2025-10-12|2025-10-13,144
q3,S3,2025-10-15,0,highs-ipm,0.05537416700099129,3290.088441210902,2.2737367544323206e-13,9.094947017729282e-13,20,2025-10-15 00:00,2025-10-15 00:00,2025-09-25|2025-09-26|2025-09-27|2025-09-28|2025-09-29|2025-09-30|2025-10-01|2025-10-02|2025-10-03|2025-10-04|2025-10-05|2025-10-06|2025-10-07|2025-10-08|2025-10-09|2025-10-10|2025-10-11|2025-10-12|2025-10-13|2025-10-14,144
q3,S3,2025-10-15,6,highs-ipm,0.07196491600188892,8999.655505670566,1.1368683772161603e-13,9.094947017729282e-13,20,2025-10-15 06:00,2025-10-15 06:00,2025-09-25|2025-09-26|2025-09-27|2025-09-28|2025-09-29|2025-09-30|2025-10-01|2025-10-02|2025-10-03|2025-10-04|2025-10-05|2025-10-06|2025-10-07|2025-10-08|2025-10-09|2025-10-10|2025-10-11|2025-10-12|2025-10-13|2025-10-14,144
q3,S3,2025-10-15,12,highs-ipm,0.07437045900587691,19486.78936039612,1.1368683772161603e-13,9.094947017729282e-13,20,2025-10-15 12:00,2025-10-15 12:00,2025-09-25|2025-09-26|2025-09-27|2025-09-28|2025-09-29|2025-09-30|2025-10-01|2025-10-02|2025-10-03|2025-10-04|2025-10-05|2025-10-06|2025-10-07|2025-10-08|2025-10-09|2025-10-10|2025-10-11|2025-10-12|2025-10-13|2025-10-14,144
q3,S3,2025-10-15,18,highs-ipm,0.06883520799601683,26472.293901911195,1.1368683772161603e-13,9.094947017729282e-13,20,2025-10-15 18:00,2025-10-15 18:00,2025-09-25|2025-09-26|2025-09-27|2025-09-28|2025-09-29|2025-09-30|2025-10-01|2025-10-02|2025-10-03|2025-10-04|2025-10-05|2025-10-06|2025-10-07|2025-10-08|2025-10-09|2025-10-10|2025-10-11|2025-10-12|2025-10-13|2025-10-14,144
q3,S3,2025-10-16,0,highs-ipm,0.055586041999049485,3259.815140171162,4.547473508864641e-13,9.094947017729282e-13,20,2025-10-16 00:00,2025-10-16 00:00,2025-09-26|2025-09-27|2025-09-28|2025-09-29|2025-09-30|2025-10-01|2025-10-02|2025-10-03|2025-10-04|2025-10-05|2025-10-06|2025-10-07|2025-10-08|2025-10-09|2025-10-10|2025-10-11|2025-10-12|2025-10-13|2025-10-14|2025-10-15,144
q3,S3,2025-10-16,6,highs-ipm,0.07563187499908963,9762.259661644293,2.2737367544323206e-13,9.094947017729282e-13,20,2025-10-16 06:00,2025-10-16 06:00,2025-09-26|2025-09-27|2025-09-28|2025-09-29|2025-09-30|2025-10-01|2025-10-02|2025-10-03|2025-10-04|2025-10-05|2025-10-06|2025-10-07|2025-10-08|2025-10-09|2025-10-10|2025-10-11|2025-10-12|2025-10-13|2025-10-14|2025-10-15,144
q3,S3,2025-10-16,12,highs-ipm,0.07768120899709174,12658.853279642424,2.2737367544323206e-13,8.810729923425242e-13,20,2025-10-16 12:00,2025-10-16 12:00,2025-09-26|2025-09-27|2025-09-28|2025-09-29|2025-09-30|2025-10-01|2025-10-02|2025-10-03|2025-10-04|2025-10-05|2025-10-06|2025-10-07|2025-10-08|2025-10-09|2025-10-10|2025-10-11|2025-10-12|2025-10-13|2025-10-14|2025-10-15,144
q3,S3,2025-10-16,18,highs-ipm,0.07853716700628866,8021.183728147829,2.2737367544323206e-13,9.094947017729282e-13,20,2025-10-16 18:00,2025-10-16 18:00,2025-09-26|2025-09-27|2025-09-28|2025-09-29|2025-09-30|2025-10-01|2025-10-02|2025-10-03|2025-10-04|2025-10-05|2025-10-06|2025-10-07|2025-10-08|2025-10-09|2025-10-10|2025-10-11|2025-10-12|2025-10-13|2025-10-14|2025-10-15,144
q3,S3,2025-10-17,0,highs-ipm,0.06053720800264273,897.1231663006954,2.2737367544323206e-13,7.105427357601002e-13,20,2025-10-17 00:00,2025-10-17 00:00,2025-09-27|2025-09-28|2025-09-29|2025-09-30|2025-10-01|2025-10-02|2025-10-03|2025-10-04|2025-10-05|2025-10-06|2025-10-07|2025-10-08|2025-10-09|2025-10-10|2025-10-11|2025-10-12|2025-10-13|2025-10-14|2025-10-15|2025-10-16,144
q3,S3,2025-10-17,6,highs-ipm,0.08191337499738438,8929.938809216035,2.2737367544323206e-13,8.952838470577262e-13,20,2025-10-17 06:00,2025-10-17 06:00,2025-09-27|2025-09-28|2025-09-29|2025-09-30|2025-10-01|2025-10-02|2025-10-03|2025-10-04|2025-10-05|2025-10-06|2025-10-07|2025-10-08|2025-10-09|2025-10-10|2025-10-11|2025-10-12|2025-10-13|2025-10-14|2025-10-15|2025-10-16,144
q3,S3,2025-10-17,12,highs-ipm,0.07448850000218954,8567.41633610136,5.684341886080802e-14,9.094947017729282e-13,20,2025-10-17 12:00,2025-10-17 12:00,2025-09-27|2025-09-28|2025-09-29|2025-09-30|2025-10-01|2025-10-02|2025-10-03|2025-10-04|2025-10-05|2025-10-06|2025-10-07|2025-10-08|2025-10-09|2025-10-10|2025-10-11|2025-10-12|2025-10-13|2025-10-14|2025-10-15|2025-10-16,144
q3,S3,2025-10-17,18,highs-ipm,0.06723149999743327,11839.41614435334,5.684341886080802e-14,9.094947017729282e-13,20,2025-10-17 18:00,2025-10-17 18:00,2025-09-27|2025-09-28|2025-09-29|2025-09-30|2025-10-01|2025-10-02|2025-10-03|2025-10-04|2025-10-05|2025-10-06|2025-10-07|2025-10-08|2025-10-09|2025-10-10|2025-10-11|2025-10-12|2025-10-13|2025-10-14|2025-10-15|2025-10-16,144
q3,S3,2025-10-18,0,highs-ipm,0.05668549999973038,1271.2902106505162,1.1368683772161603e-13,8.846257060213247e-13,20,2025-10-18 00:00,2025-10-18 00:00,2025-09-28|2025-09-29|2025-09-30|2025-10-01|2025-10-02|2025-10-03|2025-10-04|2025-10-05|2025-10-06|2025-10-07|2025-10-08|2025-10-09|2025-10-10|2025-10-11|2025-10-12|2025-10-13|2025-10-14|2025-10-15|2025-10-16|2025-10-17,144
q3,S3,2025-10-18,6,highs-ipm,0.08094129099481506,10575.003490558986,5.684341886080802e-14,7.958078640513122e-13,20,2025-10-18 06:00,2025-10-18 06:00,2025-09-28|2025-09-29|2025-09-30|2025-10-01|2025-10-02|2025-10-03|2025-10-04|2025-10-05|2025-10-06|2025-10-07|2025-10-08|2025-10-09|2025-10-10|2025-10-11|2025-10-12|2025-10-13|2025-10-14|2025-10-15|2025-10-16|2025-10-17,144
q3,S3,2025-10-18,12,highs-ipm,0.07699954200506909,23336.7572868594,2.2737367544323206e-13,8.739675649849232e-13,20,2025-10-18 12:00,2025-10-18 12:00,2025-09-28|2025-09-29|2025-09-30|2025-10-01|2025-10-02|2025-10-03|2025-10-04|2025-10-05|2025-10-06|2025-10-07|2025-10-08|2025-10-09|2025-10-10|2025-10-11|2025-10-12|2025-10-13|2025-10-14|2025-10-15|2025-10-16|2025-10-17,144
q3,S3,2025-10-18,18,highs-ipm,0.07001479099562857,34967.30710359417,1.1368683772161603e-13,1.0231815394945443e-12,20,2025-10-18 18:00,2025-10-18 18:00,2025-09-28|2025-09-29|2025-09-30|2025-10-01|2025-10-02|2025-10-03|2025-10-04|2025-10-05|2025-10-06|2025-10-07|2025-10-08|2025-10-09|2025-10-10|2025-10-11|2025-10-12|2025-10-13|2025-10-14|2025-10-15|2025-10-16|2025-10-17,144
q3,S3,2025-10-19,0,highs-ipm,0.05955108300258871,2893.258514992068,1.1368683772161603e-13,9.094947017729282e-13,20,2025-10-19 00:00,2025-10-19 00:00,2025-09-29|2025-09-30|2025-10-01|2025-10-02|2025-10-03|2025-10-04|2025-10-05|2025-10-06|2025-10-07|2025-10-08|2025-10-09|2025-10-10|2025-10-11|2025-10-12|2025-10-13|2025-10-14|2025-10-15|2025-10-16|2025-10-17|2025-10-18,144
q3,S3,2025-10-19,6,highs-ipm,0.07522462499764515,11288.01387775273,2.2737367544323206e-13,8.926193117986259e-13,20,2025-10-19 06:00,2025-10-19 06:00,2025-09-29|2025-09-30|2025-10-01|2025-10-02|2025-10-03|2025-10-04|2025-10-05|2025-10-06|2025-10-07|2025-10-08|2025-10-09|2025-10-10|2025-10-11|2025-10-12|2025-10-13|2025-10-14|2025-10-15|2025-10-16|2025-10-17|2025-10-18,144
q3,S3,2025-10-19,12,highs-ipm,0.07373808400006965,22015.51932870566,1.1368683772161603e-13,8.668621376273222e-13,20,2025-10-19 12:00,2025-10-19 12:00,2025-09-29|2025-09-30|2025-10-01|2025-10-02|2025-10-03|2025-10-04|2025-10-05|2025-10-06|2025-10-07|2025-10-08|2025-10-09|2025-10-10|2025-10-11|2025-10-12|2025-10-13|2025-10-14|2025-10-15|2025-10-16|2025-10-17|2025-10-18,144
q3,S3,2025-10-19,18,highs-ipm,0.06780216600600397,32847.54178770946,1.1368683772161603e-13,7.958078640513122e-13,20,2025-10-19 18:00,2025-10-19 18:00,2025-09-29|2025-09-30|2025-10-01|2025-10-02|2025-10-03|2025-10-04|2025-10-05|2025-10-06|2025-10-07|2025-10-08|2025-10-09|2025-10-10|2025-10-11|2025-10-12|2025-10-13|2025-10-14|2025-10-15|2025-10-16|2025-10-17|2025-10-18,144
q3,S3,2025-10-20,0,highs-ipm,0.05833945899939863,3143.6405504544873,9.094947017729282e-13,9.094947017729282e-13,20,2025-10-20 00:00,2025-10-20 00:00,2025-09-30|2025-10-01|2025-10-02|2025-10-03|2025-10-04|2025-10-05|2025-10-06|2025-10-07|2025-10-08|2025-10-09|2025-10-10|2025-10-11|2025-10-12|2025-10-13|2025-10-14|2025-10-15|2025-10-16|2025-10-17|2025-10-18|2025-10-19,144
q3,S3,2025-10-20,6,highs-ipm,0.07125670800451189,10350.762554118424,2.2737367544323206e-13,9.094947017729282e-13,20,2025-10-20 06:00,2025-10-20 06:00,2025-09-30|2025-10-01|2025-10-02|2025-10-03|2025-10-04|2025-10-05|2025-10-06|2025-10-07|2025-10-08|2025-10-09|2025-10-10|2025-10-11|2025-10-12|2025-10-13|2025-10-14|2025-10-15|2025-10-16|2025-10-17|2025-10-18|2025-10-19,144
q3,S3,2025-10-20,12,highs-ipm,0.07636616699892329,25221.637994089222,2.2737367544323206e-13,9.094947017729282e-13,20,2025-10-20 12:00,2025-10-20 12:00,2025-09-30|2025-10-01|2025-10-02|2025-10-03|2025-10-04|2025-10-05|2025-10-06|2025-10-07|2025-10-08|2025-10-09|2025-10-10|2025-10-11|2025-10-12|2025-10-13|2025-10-14|2025-10-15|2025-10-16|2025-10-17|2025-10-18|2025-10-19,144
q3,S3,2025-10-20,18,highs-ipm,0.06790220800030511,35929.44128375265,2.2737367544323206e-13,9.094947017729282e-13,20,2025-10-20 18:00,2025-10-20 18:00,2025-09-30|2025-10-01|2025-10-02|2025-10-03|2025-10-04|2025-10-05|2025-10-06|2025-10-07|2025-10-08|2025-10-09|2025-10-10|2025-10-11|2025-10-12|2025-10-13|2025-10-14|2025-10-15|2025-10-16|2025-10-17|2025-10-18|2025-10-19,144
q3,S3,2025-10-21,0,highs-ipm,0.057347374997334555,2863.305244598512,1.1368683772161603e-13,9.094947017729282e-13,20,2025-10-21 00:00,2025-10-21 00:00,2025-10-01|2025-10-02|2025-10-03|2025-10-04|2025-10-05|2025-10-06|2025-10-07|2025-10-08|2025-10-09|2025-10-10|2025-10-11|2025-10-12|2025-10-13|2025-10-14|2025-10-15|2025-10-16|2025-10-17|2025-10-18|2025-10-19|2025-10-20,144
q3,S3,2025-10-21,6,highs-ipm,0.07617991699953564,11767.107283149602,2.2737367544323206e-13,9.094947017729282e-13,20,2025-10-21 06:00,2025-10-21 06:00,2025-10-01|2025-10-02|2025-10-03|2025-10-04|2025-10-05|2025-10-06|2025-10-07|2025-10-08|2025-10-09|2025-10-10|2025-10-11|2025-10-12|2025-10-13|2025-10-14|2025-10-15|2025-10-16|2025-10-17|2025-10-18|2025-10-19|2025-10-20,144
q3,S3,2025-10-21,12,highs-ipm,0.07413929099857341,22414.64727403077,1.1368683772161603e-13,9.094947017729282e-13,20,2025-10-21 12:00,2025-10-21 12:00,2025-10-01|2025-10-02|2025-10-03|2025-10-04|2025-10-05|2025-10-06|2025-10-07|2025-10-08|2025-10-09|2025-10-10|2025-10-11|2025-10-12|2025-10-13|2025-10-14|2025-10-15|2025-10-16|2025-10-17|2025-10-18|2025-10-19|2025-10-20,144
q3,S3,2025-10-21,18,highs-ipm,0.06741833400155883,25458.5271081033,1.1368683772161603e-13,9.094947017729282e-13,20,2025-10-21 18:00,2025-10-21 18:00,2025-10-01|2025-10-02|2025-10-03|2025-10-04|2025-10-05|2025-10-06|2025-10-07|2025-10-08|2025-10-09|2025-10-10|2025-10-11|2025-10-12|2025-10-13|2025-10-14|2025-10-15|2025-10-16|2025-10-17|2025-10-18|2025-10-19|2025-10-20,144
q3,S3,2025-10-22,0,highs-ipm,0.05812220799998613,2591.7335099842635,5.400124791776761e-13,8.526512829121202e-13,20,2025-10-22 00:00,2025-10-22 00:00,2025-10-02|2025-10-03|2025-10-04|2025-10-05|2025-10-06|2025-10-07|2025-10-08|2025-10-09|2025-10-10|2025-10-11|2025-10-12|2025-10-13|2025-10-14|2025-10-15|2025-10-16|2025-10-17|2025-10-18|2025-10-19|2025-10-20|2025-10-21,144
q3,S3,2025-10-22,6,highs-ipm,0.0693810829980066,10601.816754524896,2.2737367544323206e-13,9.094947017729282e-13,20,2025-10-22 06:00,2025-10-22 06:00,2025-10-02|2025-10-03|2025-10-04|2025-10-05|2025-10-06|2025-10-07|2025-10-08|2025-10-09|2025-10-10|2025-10-11|2025-10-12|2025-10-13|2025-10-14|2025-10-15|2025-10-16|2025-10-17|2025-10-18|2025-10-19|2025-10-20|2025-10-21,144
q3,S3,2025-10-22,12,highs-ipm,0.07371654100279557,18350.16225752648,1.1368683772161603e-13,9.094947017729282e-13,20,2025-10-22 12:00,2025-10-22 12:00,2025-10-02|2025-10-03|2025-10-04|2025-10-05|2025-10-06|2025-10-07|2025-10-08|2025-10-09|2025-10-10|2025-10-11|2025-10-12|2025-10-13|2025-10-14|2025-10-15|2025-10-16|2025-10-17|2025-10-18|2025-10-19|2025-10-20|2025-10-21,144
q3,S3,2025-10-22,18,highs-ipm,0.06971512499876553,30866.399818639326,1.1368683772161603e-13,8.526512829121202e-13,20,2025-10-22 18:00,2025-10-22 18:00,2025-10-02|2025-10-03|2025-10-04|2025-10-05|2025-10-06|2025-10-07|2025-10-08|2025-10-09|2025-10-10|2025-10-11|2025-10-12|2025-10-13|2025-10-14|2025-10-15|2025-10-16|2025-10-17|2025-10-18|2025-10-19|2025-10-20|2025-10-21,144
q3,S3,2025-10-23,0,highs-ipm,0.06516429099428933,2643.4611562352516,4.547473508864641e-13,7.958078640513122e-13,20,2025-10-23 00:00,2025-10-23 00:00,2025-10-03|2025-10-04|2025-10-05|2025-10-06|2025-10-07|2025-10-08|2025-10-09|2025-10-10|2025-10-11|2025-10-12|2025-10-13|2025-10-14|2025-10-15|2025-10-16|2025-10-17|2025-10-18|2025-10-19|2025-10-20|2025-10-21|2025-10-22,144
q3,S3,2025-10-23,6,highs-ipm,0.07540262499969685,3825.9898401410896,1.1368683772161603e-13,8.668621376273222e-13,20,2025-10-23 06:00,2025-10-23 06:00,2025-10-03|2025-10-04|2025-10-05|2025-10-06|2025-10-07|2025-10-08|2025-10-09|2025-10-10|2025-10-11|2025-10-12|2025-10-13|2025-10-14|2025-10-15|2025-10-16|2025-10-17|2025-10-18|2025-10-19|2025-10-20|2025-10-21|2025-10-22,144
q3,S3,2025-10-23,12,highs-ipm,0.08111054199980572,7177.266858290632,1.1368683772161603e-13,8.384404281969182e-13,20,2025-10-23 12:00,2025-10-23 12:00,2025-10-03|2025-10-04|2025-10-05|2025-10-06|2025-10-07|2025-10-08|2025-10-09|2025-10-10|2025-10-11|2025-10-12|2025-10-13|2025-10-14|2025-10-15|2025-10-16|2025-10-17|2025-10-18|2025-10-19|2025-10-20|2025-10-21|2025-10-22,144
q3,S3,2025-10-23,18,highs-ipm,0.06698683300055563,10553.830816283084,1.1368683772161603e-13,9.094947017729282e-13,20,2025-10-23 18:00,2025-10-23 18:00,2025-10-03|2025-10-04|2025-10-05|2025-10-06|2025-10-07|2025-10-08|2025-10-09|2025-10-10|2025-10-11|2025-10-12|2025-10-13|2025-10-14|2025-10-15|2025-10-16|2025-10-17|2025-10-18|2025-10-19|2025-10-20|2025-10-21|2025-10-22,144
q3,S3,2025-10-24,0,highs-ipm,0.059884916998271365,781.7558113401786,5.684341886080802e-14,9.094947017729282e-13,20,2025-10-24 00:00,2025-10-24 00:00,2025-10-04|2025-10-05|2025-10-06|2025-10-07|2025-10-08|2025-10-09|2025-10-10|2025-10-11|2025-10-12|2025-10-13|2025-10-14|2025-10-15|2025-10-16|2025-10-17|2025-10-18|2025-10-19|2025-10-20|2025-10-21|2025-10-22|2025-10-23,144
q3,S3,2025-10-24,6,highs-ipm,0.08687791699776426,7879.475757659451,5.684341886080802e-14,9.094947017729282e-13,20,2025-10-24 06:00,2025-10-24 06:00,2025-10-04|2025-10-05|2025-10-06|2025-10-07|2025-10-08|2025-10-09|2025-10-10|2025-10-11|2025-10-12|2025-10-13|2025-10-14|2025-10-15|2025-10-16|2025-10-17|2025-10-18|2025-10-19|2025-10-20|2025-10-21|2025-10-22|2025-10-23,144
q3,S3,2025-10-24,12,highs-ipm,0.07978291699691908,9301.323843383641,5.684341886080802e-14,9.094947017729282e-13,20,2025-10-24 12:00,2025-10-24 12:00,2025-10-04|2025-10-05|2025-10-06|2025-10-07|2025-10-08|2025-10-09|2025-10-10|2025-10-11|2025-10-12|2025-10-13|2025-10-14|2025-10-15|2025-10-16|2025-10-17|2025-10-18|2025-10-19|2025-10-20|2025-10-21|2025-10-22|2025-10-23,144
q3,S3,2025-10-24,18,highs-ipm,0.07090558399795555,8049.34830553512,0.0,8.810729923425242e-13,20,2025-10-24 18:00,2025-10-24 18:00,2025-10-04|2025-10-05|2025-10-06|2025-10-07|2025-10-08|2025-10-09|2025-10-10|2025-10-11|2025-10-12|2025-10-13|2025-10-14|2025-10-15|2025-10-16|2025-10-17|2025-10-18|2025-10-19|2025-10-20|2025-10-21|2025-10-22|2025-10-23,144
q3,S3,2025-10-25,0,highs-ipm,0.056935249995149206,1697.6928461773878,1.1937117960769683e-12,9.094947017729282e-13,20,2025-10-25 00:00,2025-10-25 00:00,2025-10-05|2025-10-06|2025-10-07|2025-10-08|2025-10-09|2025-10-10|2025-10-11|2025-10-12|2025-10-13|2025-10-14|2025-10-15|2025-10-16|2025-10-17|2025-10-18|2025-10-19|2025-10-20|2025-10-21|2025-10-22|2025-10-23|2025-10-24,144
q3,S3,2025-10-25,6,highs-ipm,0.08518891599669587,10425.307857910644,5.684341886080802e-14,8.846257060213247e-13,20,2025-10-25 06:00,2025-10-25 06:00,2025-10-05|2025-10-06|2025-10-07|2025-10-08|2025-10-09|2025-10-10|2025-10-11|2025-10-12|2025-10-13|2025-10-14|2025-10-15|2025-10-16|2025-10-17|2025-10-18|2025-10-19|2025-10-20|2025-10-21|2025-10-22|2025-10-23|2025-10-24,144
q3,S3,2025-10-25,12,highs-ipm,0.0783198330027517,20452.67475412014,5.684341886080802e-14,9.094947017729282e-13,20,2025-10-25 12:00,2025-10-25 12:00,2025-10-05|2025-10-06|2025-10-07|2025-10-08|2025-10-09|2025-10-10|2025-10-11|2025-10-12|2025-10-13|2025-10-14|2025-10-15|2025-10-16|2025-10-17|2025-10-18|2025-10-19|2025-10-20|2025-10-21|2025-10-22|2025-10-23|2025-10-24,144
q3,S3,2025-10-25,18,highs-ipm,0.07069204199797241,33433.81043584901,2.2737367544323206e-13,9.094947017729282e-13,20,2025-10-25 18:00,2025-10-25 18:00,2025-10-05|2025-10-06|2025-10-07|2025-10-08|2025-10-09|2025-10-10|2025-10-11|2025-10-12|2025-10-13|2025-10-14|2025-10-15|2025-10-16|2025-10-17|2025-10-18|2025-10-19|2025-10-20|2025-10-21|2025-10-22|2025-10-23|2025-10-24,144
q3,S3,2025-10-26,0,highs-ipm,0.06010112499643583,2599.3280084751013,6.821210263296962e-13,9.094947017729282e-13,20,2025-10-26 00:00,2025-10-26 00:00,2025-10-06|2025-10-07|2025-10-08|2025-10-09|2025-10-10|2025-10-11|2025-10-12|2025-10-13|2025-10-14|2025-10-15|2025-10-16|2025-10-17|2025-10-18|2025-10-19|2025-10-20|2025-10-21|2025-10-22|2025-10-23|2025-10-24|2025-10-25,144
q3,S3,2025-10-26,6,highs-ipm,0.07355691699922318,8528.14725312099,1.1368683772161603e-13,9.094947017729282e-13,20,2025-10-26 06:00,2025-10-26 06:00,2025-10-06|2025-10-07|2025-10-08|2025-10-09|2025-10-10|2025-10-11|2025-10-12|2025-10-13|2025-10-14|2025-10-15|2025-10-16|2025-10-17|2025-10-18|2025-10-19|2025-10-20|2025-10-21|2025-10-22|2025-10-23|2025-10-24|2025-10-25,144
q3,S3,2025-10-26,12,highs-ipm,0.0739939589984715,18881.271238944515,1.1368683772161603e-13,9.094947017729282e-13,20,2025-10-26 12:00,2025-10-26 12:00,2025-10-06|2025-10-07|2025-10-08|2025-10-09|2025-10-10|2025-10-11|2025-10-12|2025-10-13|2025-10-14|2025-10-15|2025-10-16|2025-10-17|2025-10-18|2025-10-19|2025-10-20|2025-10-21|2025-10-22|2025-10-23|2025-10-24|2025-10-25,144
q3,S3,2025-10-26,18,highs-ipm,0.07180866599810543,31129.245780350604,2.2737367544323206e-13,9.094947017729282e-13,20,2025-10-26 18:00,2025-10-26 18:00,2025-10-06|2025-10-07|2025-10-08|2025-10-09|2025-10-10|2025-10-11|2025-10-12|2025-10-13|2025-10-14|2025-10-15|2025-10-16|2025-10-17|2025-10-18|2025-10-19|2025-10-20|2025-10-21|2025-10-22|2025-10-23|2025-10-24|2025-10-25,144
q3,S3,2025-10-27,0,highs-ipm,0.056682791000639554,2234.3789737182997,1.1368683772161603e-13,8.242295734817162e-13,20,2025-10-27 00:00,2025-10-27 00:00,2025-10-07|2025-10-08|2025-10-09|2025-10-10|2025-10-11|2025-10-12|2025-10-13|2025-10-14|2025-10-15|2025-10-16|2025-10-17|2025-10-18|2025-10-19|2025-10-20|2025-10-21|2025-10-22|2025-10-23|2025-10-24|2025-10-25|2025-10-26,144
q3,S3,2025-10-27,6,highs-ipm,0.07463958299922524,15700.585583659213,2.2737367544323206e-13,9.094947017729282e-13,20,2025-10-27 06:00,2025-10-27 06:00,2025-10-07|2025-10-08|2025-10-09|2025-10-10|2025-10-11|2025-10-12|2025-10-13|2025-10-14|2025-10-15|2025-10-16|2025-10-17|2025-10-18|2025-10-19|2025-10-20|2025-10-21|2025-10-22|2025-10-23|2025-10-24|2025-10-25|2025-10-26,144
q3,S3,2025-10-27,12,highs-ipm,0.07327366699610138,21398.654304002524,2.2737367544323206e-13,8.526512829121202e-13,20,2025-10-27 12:00,2025-10-27 12:00,2025-10-07|2025-10-08|2025-10-09|2025-10-10|2025-10-11|2025-10-12|2025-10-13|2025-10-14|2025-10-15|2025-10-16|2025-10-17|2025-10-18|2025-10-19|2025-10-20|2025-10-21|2025-10-22|2025-10-23|2025-10-24|2025-10-25|2025-10-26,144
q3,S3,2025-10-27,18,highs-ipm,0.07202254200092284,33548.121047316454,1.1368683772161603e-13,8.810729923425242e-13,20,2025-10-27 18:00,2025-10-27 18:00,2025-10-07|2025-10-08|2025-10-09|2025-10-10|2025-10-11|2025-10-12|2025-10-13|2025-10-14|2025-10-15|2025-10-16|2025-10-17|2025-10-18|2025-10-19|2025-10-20|2025-10-21|2025-10-22|2025-10-23|2025-10-24|2025-10-25|2025-10-26,144
q3,S3,2025-10-28,0,highs-ipm,0.05562274999829242,2174.306502501419,2.984279490192421e-13,8.100187187665142e-13,20,2025-10-28 00:00,2025-10-28 00:00,2025-10-08|2025-10-09|2025-10-10|2025-10-11|2025-10-12|2025-10-13|2025-10-14|2025-10-15|2025-10-16|2025-10-17|2025-10-18|2025-10-19|2025-10-20|2025-10-21|2025-10-22|2025-10-23|2025-10-24|2025-10-25|2025-10-26|2025-10-27,144
q3,S3,2025-10-28,6,highs-ipm,0.07649229199887486,14522.746249484262,2.2737367544323206e-13,9.094947017729282e-13,20,2025-10-28 06:00,2025-10-28 06:00,2025-10-08|2025-10-09|2025-10-10|2025-10-11|2025-10-12|2025-10-13|2025-10-14|2025-10-15|2025-10-16|2025-10-17|2025-10-18|2025-10-19|2025-10-20|2025-10-21|2025-10-22|2025-10-23|2025-10-24|2025-10-25|2025-10-26|2025-10-27,144
q3,S3,2025-10-28,12,highs-ipm,0.07513720799761359,22185.579903489186,2.2737367544323206e-13,9.094947017729282e-13,20,2025-10-28 12:00,2025-10-28 12:00,2025-10-08|2025-10-09|2025-10-10|2025-10-11|2025-10-12|2025-10-13|2025-10-14|2025-10-15|2025-10-16|2025-10-17|2025-10-18|2025-10-19|2025-10-20|2025-10-21|2025-10-22|2025-10-23|2025-10-24|2025-10-25|2025-10-26|2025-10-27,144
q3,S3,2025-10-28,18,highs-ipm,0.07091412499721628,37227.71992151743,6.821210263296962e-13,9.094947017729282e-13,20,2025-10-28 18:00,2025-10-28 18:00,2025-10-08|2025-10-09|2025-10-10|2025-10-11|2025-10-12|2025-10-13|2025-10-14|2025-10-15|2025-10-16|2025-10-17|2025-10-18|2025-10-19|2025-10-20|2025-10-21|2025-10-22|2025-10-23|2025-10-24|2025-10-25|2025-10-26|2025-10-27,144
q3,S3,2025-10-29,0,highs-ipm,0.05543666700395988,2427.2482253868457,2.2737367544323206e-13,1.0231815394945443e-12,20,2025-10-29 00:00,2025-10-29 00:00,2025-10-09|2025-10-10|2025-10-11|2025-10-12|2025-10-13|2025-10-14|2025-10-15|2025-10-16|2025-10-17|2025-10-18|2025-10-19|2025-10-20|2025-10-21|2025-10-22|2025-10-23|2025-10-24|2025-10-25|2025-10-26|2025-10-27|2025-10-28,144
q3,S3,2025-10-29,6,highs-ipm,0.07454762500128709,11385.543432610264,2.2737367544323206e-13,1.0231815394945443e-12,20,2025-10-29 06:00,2025-10-29 06:00,2025-10-09|2025-10-10|2025-10-11|2025-10-12|2025-10-13|2025-10-14|2025-10-15|2025-10-16|2025-10-17|2025-10-18|2025-10-19|2025-10-20|2025-10-21|2025-10-22|2025-10-23|2025-10-24|2025-10-25|2025-10-26|2025-10-27|2025-10-28,144
q3,S3,2025-10-29,12,highs-ipm,0.07346716600295622,23805.789127716405,2.2737367544323206e-13,1.0231815394945443e-12,20,2025-10-29 12:00,2025-10-29 12:00,2025-10-09|2025-10-10|2025-10-11|2025-10-12|2025-10-13|2025-10-14|2025-10-15|2025-10-16|2025-10-17|2025-10-18|2025-10-19|2025-10-20|2025-10-21|2025-10-22|2025-10-23|2025-10-24|2025-10-25|2025-10-26|2025-10-27|2025-10-28,144
q3,S3,2025-10-29,18,highs-ipm,0.070393875001173,36847.77158071094,2.2737367544323206e-13,1.0231815394945443e-12,20,2025-10-29 18:00,2025-10-29 18:00,2025-10-09|2025-10-10|2025-10-11|2025-10-12|2025-10-13|2025-10-14|2025-10-15|2025-10-16|2025-10-17|2025-10-18|2025-10-19|2025-10-20|2025-10-21|2025-10-22|2025-10-23|2025-10-24|2025-10-25|2025-10-26|2025-10-27|2025-10-28,144
q3,S3,2025-10-30,0,highs-ipm,0.05737287500232924,1918.3947453779688,1.1368683772161603e-13,9.094947017729282e-13,20,2025-10-30 00:00,2025-10-30 00:00,2025-10-10|2025-10-11|2025-10-12|2025-10-13|2025-10-14|2025-10-15|2025-10-16|2025-10-17|2025-10-18|2025-10-19|2025-10-20|2025-10-21|2025-10-22|2025-10-23|2025-10-24|2025-10-25|2025-10-26|2025-10-27|2025-10-28|2025-10-29,144
q3,S3,2025-10-30,6,highs-ipm,0.08002675000170711,9898.03861328238,2.2737367544323206e-13,9.094947017729282e-13,20,2025-10-30 06:00,2025-10-30 06:00,2025-10-10|2025-10-11|2025-10-12|2025-10-13|2025-10-14|2025-10-15|2025-10-16|2025-10-17|2025-10-18|2025-10-19|2025-10-20|2025-10-21|2025-10-22|2025-10-23|2025-10-24|2025-10-25|2025-10-26|2025-10-27|2025-10-28|2025-10-29,144
q3,S3,2025-10-30,12,highs-ipm,0.07505579099961324,9845.24063424121,1.1368683772161603e-13,9.094947017729282e-13,20,2025-10-30 12:00,2025-10-30 12:00,2025-10-10|2025-10-11|2025-10-12|2025-10-13|2025-10-14|2025-10-15|2025-10-16|2025-10-17|2025-10-18|2025-10-19|2025-10-20|2025-10-21|2025-10-22|2025-10-23|2025-10-24|2025-10-25|2025-10-26|2025-10-27|2025-10-28|2025-10-29,144
q3,S3,2025-10-30,18,highs-ipm,0.07075529100256972,8608.50135380493,1.1368683772161603e-13,9.094947017729282e-13,20,2025-10-30 18:00,2025-10-30 18:00,2025-10-10|2025-10-11|2025-10-12|2025-10-13|2025-10-14|2025-10-15|2025-10-16|2025-10-17|2025-10-18|2025-10-19|2025-10-20|2025-10-21|2025-10-22|2025-10-23|2025-10-24|2025-10-25|2025-10-26|2025-10-27|2025-10-28|2025-10-29,144
q3,S3,2025-10-31,0,highs-ipm,0.06447391700203298,1394.1888653560045,1.1368683772161603e-13,9.094947017729282e-13,20,2025-10-31 00:00,2025-10-31 00:00,2025-10-11|2025-10-12|2025-10-13|2025-10-14|2025-10-15|2025-10-16|2025-10-17|2025-10-18|2025-10-19|2025-10-20|2025-10-21|2025-10-22|2025-10-23|2025-10-24|2025-10-25|2025-10-26|2025-10-27|2025-10-28|2025-10-29|2025-10-30,144
q3,S3,2025-10-31,6,highs-ipm,0.07357808300002944,7370.676090510051,1.1368683772161603e-13,9.094947017729282e-13,20,2025-10-31 06:00,2025-10-31 06:00,2025-10-11|2025-10-12|2025-10-13|2025-10-14|2025-10-15|2025-10-16|2025-10-17|2025-10-18|2025-10-19|2025-10-20|2025-10-21|2025-10-22|2025-10-23|2025-10-24|2025-10-25|2025-10-26|2025-10-27|2025-10-28|2025-10-29|2025-10-30,144
q3,S3,2025-10-31,12,highs-ipm,0.07746133299951907,7729.06625565976,5.684341886080802e-14,7.958078640513122e-13,20,2025-10-31 12:00,2025-10-31 12:00,2025-10-11|2025-10-12|2025-10-13|2025-10-14|2025-10-15|2025-10-16|2025-10-17|2025-10-18|2025-10-19|2025-10-20|2025-10-21|2025-10-22|2025-10-23|2025-10-24|2025-10-25|2025-10-26|2025-10-27|2025-10-28|2025-10-29|2025-10-30,144
q3,S3,2025-10-31,18,highs-ipm,0.06507245799730299,14535.90175204989,1.1368683772161603e-13,9.094947017729282e-13,20,2025-10-31 18:00,2025-10-31 18:00,2025-10-11|2025-10-12|2025-10-13|2025-10-14|2025-10-15|2025-10-16|2025-10-17|2025-10-18|2025-10-19|2025-10-20|2025-10-21|2025-10-22|2025-10-23|2025-10-24|2025-10-25|2025-10-26|2025-10-27|2025-10-28|2025-10-29|2025-10-30,144
q3,S3,2025-11-01,0,highs-ipm,0.06135916699713562,788.4288323117115,9.094947017729282e-13,9.094947017729282e-13,20,2025-11-01 00:00,2025-11-01 00:00,2025-10-12|2025-10-13|2025-10-14|2025-10-15|2025-10-16|2025-10-17|2025-10-18|2025-10-19|2025-10-20|2025-10-21|2025-10-22|2025-10-23|2025-10-24|2025-10-25|2025-10-26|2025-10-27|2025-10-28|2025-10-29|2025-10-30|2025-10-31,144
q3,S3,2025-11-01,6,highs-ipm,0.07947916600096505,10132.628188020219,9.094947017729282e-13,9.094947017729282e-13,20,2025-11-01 06:00,2025-11-01 06:00,2025-10-12|2025-10-13|2025-10-14|2025-10-15|2025-10-16|2025-10-17|2025-10-18|2025-10-19|2025-10-20|2025-10-21|2025-10-22|2025-10-23|2025-10-24|2025-10-25|2025-10-26|2025-10-27|2025-10-28|2025-10-29|2025-10-30|2025-10-31,144
q3,S3,2025-11-01,12,highs-ipm,0.07892520899622468,18552.994551678476,5.684341886080802e-14,9.094947017729282e-13,20,2025-11-01 12:00,2025-11-01 12:00,2025-10-12|2025-10-13|2025-10-14|2025-10-15|2025-10-16|2025-10-17|2025-10-18|2025-10-19|2025-10-20|2025-10-21|2025-10-22|2025-10-23|2025-10-24|2025-10-25|2025-10-26|2025-10-27|2025-10-28|2025-10-29|2025-10-30|2025-10-31,144
q3,S3,2025-11-01,18,highs-ipm,0.06658029100071872,34022.90880347037,2.2737367544323206e-13,9.094947017729282e-13,20,2025-11-01 18:00,2025-11-01 18:00,2025-10-12|2025-10-13|2025-10-14|2025-10-15|2025-10-16|2025-10-17|2025-10-18|2025-10-19|2025-10-20|2025-10-21|2025-10-22|2025-10-23|2025-10-24|2025-10-25|2025-10-26|2025-10-27|2025-10-28|2025-10-29|2025-10-30|2025-10-31,144
q3,S3,2025-11-02,0,highs-ipm,0.05904966599337058,2223.0401457149865,2.2737367544323206e-13,9.094947017729282e-13,20,2025-11-02 00:00,2025-11-02 00:00,2025-10-13|2025-10-14|2025-10-15|2025-10-16|2025-10-17|2025-10-18|2025-10-19|2025-10-20|2025-10-21|2025-10-22|2025-10-23|2025-10-24|2025-10-25|2025-10-26|2025-10-27|2025-10-28|2025-10-29|2025-10-30|2025-10-31|2025-11-01,144
q3,S3,2025-11-02,6,highs-ipm,0.07690100000036182,14450.493800848844,2.2737367544323206e-13,9.094947017729282e-13,20,2025-11-02 06:00,2025-11-02 06:00,2025-10-13|2025-10-14|2025-10-15|2025-10-16|2025-10-17|2025-10-18|2025-10-19|2025-10-20|2025-10-21|2025-10-22|2025-10-23|2025-10-24|2025-10-25|2025-10-26|2025-10-27|2025-10-28|2025-10-29|2025-10-30|2025-10-31|2025-11-01,144
q3,S3,2025-11-02,12,highs-ipm,0.07453620799788041,19294.817327721874,1.1368683772161603e-13,9.094947017729282e-13,20,2025-11-02 12:00,2025-11-02 12:00,2025-10-13|2025-10-14|2025-10-15|2025-10-16|2025-10-17|2025-10-18|2025-10-19|2025-10-20|2025-10-21|2025-10-22|2025-10-23|2025-10-24|2025-10-25|2025-10-26|2025-10-27|2025-10-28|2025-10-29|2025-10-30|2025-10-31|2025-11-01,144
q3,S3,2025-11-02,18,highs-ipm,0.06856558300205506,35460.02411811635,7.105427357601002e-15,9.094947017729282e-13,20,2025-11-02 18:00,2025-11-02 18:00,2025-10-13|2025-10-14|2025-10-15|2025-10-16|2025-10-17|2025-10-18|2025-10-19|2025-10-20|2025-10-21|2025-10-22|2025-10-23|2025-10-24|2025-10-25|2025-10-26|2025-10-27|2025-10-28|2025-10-29|2025-10-30|2025-10-31|2025-11-01,144
q3,S3,2025-11-03,0,highs-ipm,0.059925084002316,2219.450576000417,2.2737367544323206e-13,9.094947017729282e-13,20,2025-11-03 00:00,2025-11-03 00:00,2025-10-14|2025-10-15|2025-10-16|2025-10-17|2025-10-18|2025-10-19|2025-10-20|2025-10-21|2025-10-22|2025-10-23|2025-10-24|2025-10-25|2025-10-26|2025-10-27|2025-10-28|2025-10-29|2025-10-30|2025-10-31|2025-11-01|2025-11-02,144
q3,S3,2025-11-03,6,highs-ipm,0.07351870799902827,10117.078469571177,1.1368683772161603e-13,9.094947017729282e-13,20,2025-11-03 06:00,2025-11-03 06:00,2025-10-14|2025-10-15|2025-10-16|2025-10-17|2025-10-18|2025-10-19|2025-10-20|2025-10-21|2025-10-22|2025-10-23|2025-10-24|2025-10-25|2025-10-26|2025-10-27|2025-10-28|2025-10-29|2025-10-30|2025-10-31|2025-11-01|2025-11-02,144
q3,S3,2025-11-03,12,highs-ipm,0.0772549999965122,20826.675789551617,1.1368683772161603e-13,9.094947017729282e-13,20,2025-11-03 12:00,2025-11-03 12:00,2025-10-14|2025-10-15|2025-10-16|2025-10-17|2025-10-18|2025-10-19|2025-10-20|2025-10-21|2025-10-22|2025-10-23|2025-10-24|2025-10-25|2025-10-26|2025-10-27|2025-10-28|2025-10-29|2025-10-30|2025-10-31|2025-11-01|2025-11-02,144
q3,S3,2025-11-03,18,highs-ipm,0.06910291699750815,34848.15661296367,1.1368683772161603e-13,9.094947017729282e-13,20,2025-11-03 18:00,2025-11-03 18:00,2025-10-14|2025-10-15|2025-10-16|2025-10-17|2025-10-18|2025-10-19|2025-10-20|2025-10-21|2025-10-22|2025-10-23|2025-10-24|2025-10-25|2025-10-26|2025-10-27|2025-10-28|2025-10-29|2025-10-30|2025-10-31|2025-11-01|2025-11-02,144
q3,S3,2025-11-04,0,highs-ipm,0.05466358300327556,2112.4845905328953,2.0605739337042905e-13,7.958078640513122e-13,20,2025-11-04 00:00,2025-11-04 00:00,2025-10-15|2025-10-16|2025-10-17|2025-10-18|2025-10-19|2025-10-20|2025-10-21|2025-10-22|2025-10-23|2025-10-24|2025-10-25|2025-10-26|2025-10-27|2025-10-28|2025-10-29|2025-10-30|2025-10-31|2025-11-01|2025-11-02|2025-11-03,144
q3,S3,2025-11-04,6,highs-ipm,0.07628050000494113,12321.9104880013,2.2737367544323206e-13,7.958078640513122e-13,20,2025-11-04 06:00,2025-11-04 06:00,2025-10-15|2025-10-16|2025-10-17|2025-10-18|2025-10-19|2025-10-20|2025-10-21|2025-10-22|2025-10-23|2025-10-24|2025-10-25|2025-10-26|2025-10-27|2025-10-28|2025-10-29|2025-10-30|2025-10-31|2025-11-01|2025-11-02|2025-11-03,144
q3,S3,2025-11-04,12,highs-ipm,0.07394220900459914,21771.55527822082,3.410605131648481e-13,9.094947017729282e-13,20,2025-11-04 12:00,2025-11-04 12:00,2025-10-15|2025-10-16|2025-10-17|2025-10-18|2025-10-19|2025-10-20|2025-10-21|2025-10-22|2025-10-23|2025-10-24|2025-10-25|2025-10-26|2025-10-27|2025-10-28|2025-10-29|2025-10-30|2025-10-31|2025-11-01|2025-11-02|2025-11-03,144
q3,S3,2025-11-04,18,highs-ipm,0.06914416699873982,46072.99013378217,1.1368683772161603e-13,9.094947017729282e-13,20,2025-11-04 18:00,2025-11-04 18:00,2025-10-15|2025-10-16|2025-10-17|2025-10-18|2025-10-19|2025-10-20|2025-10-21|2025-10-22|2025-10-23|2025-10-24|2025-10-25|2025-10-26|2025-10-27|2025-10-28|2025-10-29|2025-10-30|2025-10-31|2025-11-01|2025-11-02|2025-11-03,144
q3,S3,2025-11-05,0,highs-ipm,0.0560972919993219,2185.4461876142122,2.2737367544323206e-13,9.094947017729282e-13,20,2025-11-05 00:00,2025-11-05 00:00,2025-10-16|2025-10-17|2025-10-18|2025-10-19|2025-10-20|2025-10-21|2025-10-22|2025-10-23|2025-10-24|2025-10-25|2025-10-26|2025-10-27|2025-10-28|2025-10-29|2025-10-30|2025-10-31|2025-11-01|2025-11-02|2025-11-03|2025-11-04,144
q3,S3,2025-11-05,6,highs-ipm,0.07231387499632547,8083.416630311977,2.2737367544323206e-13,8.952838470577262e-13,20,2025-11-05 06:00,2025-11-05 06:00,2025-10-16|2025-10-17|2025-10-18|2025-10-19|2025-10-20|2025-10-21|2025-10-22|2025-10-23|2025-10-24|2025-10-25|2025-10-26|2025-10-27|2025-10-28|2025-10-29|2025-10-30|2025-10-31|2025-11-01|2025-11-02|2025-11-03|2025-11-04,144
q3,S3,2025-11-05,12,highs-ipm,0.07705512499524048,26958.675377098643,2.2737367544323206e-13,9.094947017729282e-13,20,2025-11-05 12:00,2025-11-05 12:00,2025-10-16|2025-10-17|2025-10-18|2025-10-19|2025-10-20|2025-10-21|2025-10-22|2025-10-23|2025-10-24|2025-10-25|2025-10-26|2025-10-27|2025-10-28|2025-10-29|2025-10-30|2025-10-31|2025-11-01|2025-11-02|2025-11-03|2025-11-04,144
q3,S3,2025-11-05,18,highs-ipm,0.06965416700404603,38184.851999862185,2.2737367544323206e-13,9.094947017729282e-13,20,2025-11-05 18:00,2025-11-05 18:00,2025-10-16|2025-10-17|2025-10-18|2025-10-19|2025-10-20|2025-10-21|2025-10-22|2025-10-23|2025-10-24|2025-10-25|2025-10-26|2025-10-27|2025-10-28|2025-10-29|2025-10-30|2025-10-31|2025-11-01|2025-11-02|2025-11-03|2025-11-04,144
q3,S3,2025-11-06,0,highs-ipm,0.056612334003148135,2199.529750850527,2.2737367544323206e-13,7.958078640513122e-13,20,2025-11-06 00:00,2025-11-06 00:00,2025-10-17|2025-10-18|2025-10-19|2025-10-20|2025-10-21|2025-10-22|2025-10-23|2025-10-24|2025-10-25|2025-10-26|2025-10-27|2025-10-28|2025-10-29|2025-10-30|2025-10-31|2025-11-01|2025-11-02|2025-11-03|2025-11-04|2025-11-05,144
q3,S3,2025-11-06,6,highs-ipm,0.0805834170023445,9733.359116288328,2.2737367544323206e-13,9.094947017729282e-13,20,2025-11-06 06:00,2025-11-06 06:00,2025-10-17|2025-10-18|2025-10-19|2025-10-20|2025-10-21|2025-10-22|2025-10-23|2025-10-24|2025-10-25|2025-10-26|2025-10-27|2025-10-28|2025-10-29|2025-10-30|2025-10-31|2025-11-01|2025-11-02|2025-11-03|2025-11-04|2025-11-05,144
q3,S3,2025-11-06,12,highs-ipm,0.07740916699549416,9115.114082183756,2.2737367544323206e-13,9.094947017729282e-13,20,2025-11-06 12:00,2025-11-06 12:00,2025-10-17|2025-10-18|2025-10-19|2025-10-20|2025-10-21|2025-10-22|2025-10-23|2025-10-24|2025-10-25|2025-10-26|2025-10-27|2025-10-28|2025-10-29|2025-10-30|2025-10-31|2025-11-01|2025-11-02|2025-11-03|2025-11-04|2025-11-05,144
q3,S3,2025-11-06,18,highs-ipm,0.06721624999772757,12490.765456130732,2.2737367544323206e-13,9.094947017729282e-13,20,2025-11-06 18:00,2025-11-06 18:00,2025-10-17|2025-10-18|2025-10-19|2025-10-20|2025-10-21|2025-10-22|2025-10-23|2025-10-24|2025-10-25|2025-10-26|2025-10-27|2025-10-28|2025-10-29|2025-10-30|2025-10-31|2025-11-01|2025-11-02|2025-11-03|2025-11-04|2025-11-05,144
q3,S3,2025-11-07,0,highs-ipm,0.07382037500065053,687.0725968113783,1.1368683772161603e-13,9.094947017729282e-13,20,2025-11-07 00:00,2025-11-07 00:00,2025-10-18|2025-10-19|2025-10-20|2025-10-21|2025-10-22|2025-10-23|2025-10-24|2025-10-25|2025-10-26|2025-10-27|2025-10-28|2025-10-29|2025-10-30|2025-10-31|2025-11-01|2025-11-02|2025-11-03|2025-11-04|2025-11-05|2025-11-06,144
q3,S3,2025-11-07,6,highs-ipm,0.07138037500408245,8093.3056607759445,1.1368683772161603e-13,8.641976023682219e-13,20,2025-11-07 06:00,2025-11-07 06:00,2025-10-18|2025-10-19|2025-10-20|2025-10-21|2025-10-22|2025-10-23|2025-10-24|2025-10-25|2025-10-26|2025-10-27|2025-10-28|2025-10-29|2025-10-30|2025-10-31|2025-11-01|2025-11-02|2025-11-03|2025-11-04|2025-11-05|2025-11-06,144
q3,S3,2025-11-07,12,highs-ipm,0.0818543750065146,10094.842299491069,1.1368683772161603e-13,9.094947017729282e-13,20,2025-11-07 12:00,2025-11-07 12:00,2025-10-18|2025-10-19|2025-10-20|2025-10-21|2025-10-22|2025-10-23|2025-10-24|2025-10-25|2025-10-26|2025-10-27|2025-10-28|2025-10-29|2025-10-30|2025-10-31|2025-11-01|2025-11-02|2025-11-03|2025-11-04|2025-11-05|2025-11-06,144
q3,S3,2025-11-07,18,highs-ipm,0.06679420799628133,8883.937935498585,1.1937117960769683e-12,8.526512829121202e-13,20,2025-11-07 18:00,2025-11-07 18:00,2025-10-18|2025-10-19|2025-10-20|2025-10-21|2025-10-22|2025-10-23|2025-10-24|2025-10-25|2025-10-26|2025-10-27|2025-10-28|2025-10-29|2025-10-30|2025-10-31|2025-11-01|2025-11-02|2025-11-03|2025-11-04|2025-11-05|2025-11-06,144
q3,S3,2025-11-08,0,highs-ipm,0.06070404100319138,1024.7933965211403,4.547473508864641e-13,9.094947017729282e-13,20,2025-11-08 00:00,2025-11-08 00:00,2025-10-19|2025-10-20|2025-10-21|2025-10-22|2025-10-23|2025-10-24|2025-10-25|2025-10-26|2025-10-27|2025-10-28|2025-10-29|2025-10-30|2025-10-31|2025-11-01|2025-11-02|2025-11-03|2025-11-04|2025-11-05|2025-11-06|2025-11-07,144
q3,S3,2025-11-08,6,highs-ipm,0.08655183300288627,10292.755777099343,5.684341886080802e-14,9.094947017729282e-13,20,2025-11-08 06:00,2025-11-08 06:00,2025-10-19|2025-10-20|2025-10-21|2025-10-22|2025-10-23|2025-10-24|2025-10-25|2025-10-26|2025-10-27|2025-10-28|2025-10-29|2025-10-30|2025-10-31|2025-11-01|2025-11-02|2025-11-03|2025-11-04|2025-11-05|2025-11-06|2025-11-07,144
q3,S3,2025-11-08,12,highs-ipm,0.08483191699633608,19461.818151018393,5.684341886080802e-14,9.094947017729282e-13,20,2025-11-08 12:00,2025-11-08 12:00,2025-10-19|2025-10-20|2025-10-21|2025-10-22|2025-10-23|2025-10-24|2025-10-25|2025-10-26|2025-10-27|2025-10-28|2025-10-29|2025-10-30|2025-10-31|2025-11-01|2025-11-02|2025-11-03|2025-11-04|2025-11-05|2025-11-06|2025-11-07,144
q3,S3,2025-11-08,18,highs-ipm,0.06885429099929752,37653.65435484455,1.1368683772161603e-12,9.094947017729282e-13,20,2025-11-08 18:00,2025-11-08 18:00,2025-10-19|2025-10-20|2025-10-21|2025-10-22|2025-10-23|2025-10-24|2025-10-25|2025-10-26|2025-10-27|2025-10-28|2025-10-29|2025-10-30|2025-10-31|2025-11-01|2025-11-02|2025-11-03|2025-11-04|2025-11-05|2025-11-06|2025-11-07,144
q3,S3,2025-11-09,0,highs-ipm,0.05663333399570547,1801.2932776101716,2.6526928801710393e-13,8.526512829121202e-13,20,2025-11-09 00:00,2025-11-09 00:00,2025-10-20|2025-10-21|2025-10-22|2025-10-23|2025-10-24|2025-10-25|2025-10-26|2025-10-27|2025-10-28|2025-10-29|2025-10-30|2025-10-31|2025-11-01|2025-11-02|2025-11-03|2025-11-04|2025-11-05|2025-11-06|2025-11-07|2025-11-08,144
q3,S3,2025-11-09,6,highs-ipm,0.07134200000291457,10497.612589594737,2.2737367544323206e-13,9.094947017729282e-13,20,2025-11-09 06:00,2025-11-09 06:00,2025-10-20|2025-10-21|2025-10-22|2025-10-23|2025-10-24|2025-10-25|2025-10-26|2025-10-27|2025-10-28|2025-10-29|2025-10-30|2025-10-31|2025-11-01|2025-11-02|2025-11-03|2025-11-04|2025-11-05|2025-11-06|2025-11-07|2025-11-08,144
q3,S3,2025-11-09,12,highs-ipm,0.07572954099305207,24805.22876050489,2.2737367544323206e-13,9.094947017729282e-13,20,2025-11-09 12:00,2025-11-09 12:00,2025-10-20|2025-10-21|2025-10-22|2025-10-23|2025-10-24|2025-10-25|2025-10-26|2025-10-27|2025-10-28|2025-10-29|2025-10-30|2025-10-31|2025-11-01|2025-11-02|2025-11-03|2025-11-04|2025-11-05|2025-11-06|2025-11-07|2025-11-08,144
q3,S3,2025-11-09,18,highs-ipm,0.0707650000040303,42012.39626924502,0.0,7.958078640513122e-13,20,2025-11-09 18:00,2025-11-09 18:00,2025-10-20|2025-10-21|2025-10-22|2025-10-23|2025-10-24|2025-10-25|2025-10-26|2025-10-27|2025-10-28|2025-10-29|2025-10-30|2025-10-31|2025-11-01|2025-11-02|2025-11-03|2025-11-04|2025-11-05|2025-11-06|2025-11-07|2025-11-08,144
q3,S3,2025-11-10,0,highs-ipm,0.056193958000221755,1764.7275865146787,2.2737367544323206e-13,9.094947017729282e-13,20,2025-11-10 00:00,2025-11-10 00:00,2025-10-21|2025-10-22|2025-10-23|2025-10-24|2025-10-25|2025-10-26|2025-10-27|2025-10-28|2025-10-29|2025-10-30|2025-10-31|2025-11-01|2025-11-02|2025-11-03|2025-11-04|2025-11-05|2025-11-06|2025-11-07|2025-11-08|2025-11-09,144
q3,S3,2025-11-10,6,highs-ipm,0.07810537499608472,13805.47943659785,2.2737367544323206e-13,8.299125275890162e-13,20,2025-11-10 06:00,2025-11-10 06:00,2025-10-21|2025-10-22|2025-10-23|2025-10-24|2025-10-25|2025-10-26|2025-10-27|2025-10-28|2025-10-29|2025-10-30|2025-10-31|2025-11-01|2025-11-02|2025-11-03|2025-11-04|2025-11-05|2025-11-06|2025-11-07|2025-11-08|2025-11-09,144
q3,S3,2025-11-10,12,highs-ipm,0.07683041599375429,18559.88368797133,1.1368683772161603e-13,9.094947017729282e-13,20,2025-11-10 12:00,2025-11-10 12:00,2025-10-21|2025-10-22|2025-10-23|2025-10-24|2025-10-25|2025-10-26|2025-10-27|2025-10-28|2025-10-29|2025-10-30|2025-10-31|2025-11-01|2025-11-02|2025-11-03|2025-11-04|2025-11-05|2025-11-06|2025-11-07|2025-11-08|2025-11-09,144
q3,S3,2025-11-10,18,highs-ipm,0.06914595900161657,35447.87977491906,2.2737367544323206e-13,7.958078640513122e-13,20,2025-11-10 18:00,2025-11-10 18:00,2025-10-21|2025-10-22|2025-10-23|2025-10-24|2025-10-25|2025-10-26|2025-10-27|2025-10-28|2025-10-29|2025-10-30|2025-10-31|2025-11-01|2025-11-02|2025-11-03|2025-11-04|2025-11-05|2025-11-06|2025-11-07|2025-11-08|2025-11-09,144
q3,S3,2025-11-11,0,highs-ipm,0.05547991699859267,1735.611041725303,6.821210263296962e-13,8.526512829121202e-13,20,2025-11-11 00:00,2025-11-11 00:00,2025-10-22|2025-10-23|2025-10-24|2025-10-25|2025-10-26|2025-10-27|2025-10-28|2025-10-29|2025-10-30|2025-10-31|2025-11-01|2025-11-02|2025-11-03|2025-11-04|2025-11-05|2025-11-06|2025-11-07|2025-11-08|2025-11-09|2025-11-10,144
q3,S3,2025-11-11,6,highs-ipm,0.08061275000363821,10048.028451464359,1.1368683772161603e-13,8.100187187665142e-13,20,2025-11-11 06:00,2025-11-11 06:00,2025-10-22|2025-10-23|2025-10-24|2025-10-25|2025-10-26|2025-10-27|2025-10-28|2025-10-29|2025-10-30|2025-10-31|2025-11-01|2025-11-02|2025-11-03|2025-11-04|2025-11-05|2025-11-06|2025-11-07|2025-11-08|2025-11-09|2025-11-10,144
q3,S3,2025-11-11,12,highs-ipm,0.07496420900133671,25638.879684493102,1.1368683772161603e-13,8.881784197001252e-13,20,2025-11-11 12:00,2025-11-11 12:00,2025-10-22|2025-10-23|2025-10-24|2025-10-25|2025-10-26|2025-10-27|2025-10-28|2025-10-29|2025-10-30|2025-10-31|2025-11-01|2025-11-02|2025-11-03|2025-11-04|2025-11-05|2025-11-06|2025-11-07|2025-11-08|2025-11-09|2025-11-10,144
q3,S3,2025-11-11,18,highs-ipm,0.06840850000298815,35259.942010952414,0.0,8.810729923425242e-13,20,2025-11-11 18:00,2025-11-11 18:00,2025-10-22|2025-10-23|2025-10-24|2025-10-25|2025-10-26|2025-10-27|2025-10-28|2025-10-29|2025-10-30|2025-10-31|2025-11-01|2025-11-02|2025-11-03|2025-11-04|2025-11-05|2025-11-06|2025-11-07|2025-11-08|2025-11-09|2025-11-10,144
q3,S3,2025-11-12,0,highs-ipm,0.05714187500416301,1834.1952147243856,2.2737367544323206e-13,9.094947017729282e-13,20,2025-11-12 00:00,2025-11-12 00:00,2025-10-23|2025-10-24|2025-10-25|2025-10-26|2025-10-27|2025-10-28|2025-10-29|2025-10-30|2025-10-31|2025-11-01|2025-11-02|2025-11-03|2025-11-04|2025-11-05|2025-11-06|2025-11-07|2025-11-08|2025-11-09|2025-11-10|2025-11-11,144
q3,S3,2025-11-12,6,highs-ipm,0.07822033400589135,14832.20441723903,2.2737367544323206e-13,8.526512829121202e-13,20,2025-11-12 06:00,2025-11-12 06:00,2025-10-23|2025-10-24|2025-10-25|2025-10-26|2025-10-27|2025-10-28|2025-10-29|2025-10-30|2025-10-31|2025-11-01|2025-11-02|2025-11-03|2025-11-04|2025-11-05|2025-11-06|2025-11-07|2025-11-08|2025-11-09|2025-11-10|2025-11-11,144
q3,S3,2025-11-12,12,highs-ipm,0.07551058299577562,21686.1708498247,2.0463630789890885e-12,9.094947017729282e-13,20,2025-11-12 12:00,2025-11-12 12:00,2025-10-23|2025-10-24|2025-10-25|2025-10-26|2025-10-27|2025-10-28|2025-10-29|2025-10-30|2025-10-31|2025-11-01|2025-11-02|2025-11-03|2025-11-04|2025-11-05|2025-11-06|2025-11-07|2025-11-08|2025-11-09|2025-11-10|2025-11-11,144
q3,S3,2025-11-12,18,highs-ipm,0.06841600000188919,37249.3113434955,5.684341886080802e-14,9.094947017729282e-13,20,2025-11-12 18:00,2025-11-12 18:00,2025-10-23|2025-10-24|2025-10-25|2025-10-26|2025-10-27|2025-10-28|2025-10-29|2025-10-30|2025-10-31|2025-11-01|2025-11-02|2025-11-03|2025-11-04|2025-11-05|2025-11-06|2025-11-07|2025-11-08|2025-11-09|2025-11-10|2025-11-11,144
q3,S3,2025-11-13,0,highs-ipm,0.05770912500156555,1754.845301481979,9.094947017729282e-13,9.094947017729282e-13,20,2025-11-13 00:00,2025-11-13 00:00,2025-10-24|2025-10-25|2025-10-26|2025-10-27|2025-10-28|2025-10-29|2025-10-30|2025-10-31|2025-11-01|2025-11-02|2025-11-03|2025-11-04|2025-11-05|2025-11-06|2025-11-07|2025-11-08|2025-11-09|2025-11-10|2025-11-11|2025-11-12,144
q3,S3,2025-11-13,6,highs-ipm,0.08271341599902371,9165.80923838934,1.1368683772161603e-13,8.185674360561279e-13,20,2025-11-13 06:00,2025-11-13 06:00,2025-10-24|2025-10-25|2025-10-26|2025-10-27|2025-10-28|2025-10-29|2025-10-30|2025-10-31|2025-11-01|2025-11-02|2025-11-03|2025-11-04|2025-11-05|2025-11-06|2025-11-07|2025-11-08|2025-11-09|2025-11-10|2025-11-11|2025-11-12,144
q3,S3,2025-11-13,12,highs-ipm,0.07304058300360339,10649.848805275387,2.2737367544323206e-13,9.094947017729282e-13,20,2025-11-13 12:00,2025-11-13 12:00,2025-10-24|2025-10-25|2025-10-26|2025-10-27|2025-10-28|2025-10-29|2025-10-30|2025-10-31|2025-11-01|2025-11-02|2025-11-03|2025-11-04|2025-11-05|2025-11-06|2025-11-07|2025-11-08|2025-11-09|2025-11-10|2025-11-11|2025-11-12,144
q3,S3,2025-11-13,18,highs-ipm,0.06793837499571964,11238.212273590716,1.0231815394945443e-12,9.094947017729282e-13,20,2025-11-13 18:00,2025-11-13 18:00,2025-10-24|2025-10-25|2025-10-26|2025-10-27|2025-10-28|2025-10-29|2025-10-30|2025-10-31|2025-11-01|2025-11-02|2025-11-03|2025-11-04|2025-11-05|2025-11-06|2025-11-07|2025-11-08|2025-11-09|2025-11-10|2025-11-11|2025-11-12,144
q3,S3,2025-11-14,0,highs-ipm,0.057983583996247035,1051.200970497976,2.2737367544323206e-13,8.526512829121202e-13,20,2025-11-14 00:00,2025-11-14 00:00,2025-10-25|2025-10-26|2025-10-27|2025-10-28|2025-10-29|2025-10-30|2025-10-31|2025-11-01|2025-11-02|2025-11-03|2025-11-04|2025-11-05|2025-11-06|2025-11-07|2025-11-08|2025-11-09|2025-11-10|2025-11-11|2025-11-12|2025-11-13,144
q3,S3,2025-11-14,6,highs-ipm,0.08228695899742888,7510.094475536581,2.2737367544323206e-13,8.86402062860725e-13,20,2025-11-14 06:00,2025-11-14 06:00,2025-10-25|2025-10-26|2025-10-27|2025-10-28|2025-10-29|2025-10-30|2025-10-31|2025-11-01|2025-11-02|2025-11-03|2025-11-04|2025-11-05|2025-11-06|2025-11-07|2025-11-08|2025-11-09|2025-11-10|2025-11-11|2025-11-12|2025-11-13,144
q3,S3,2025-11-14,12,highs-ipm,0.07279620899498696,8037.592095795437,2.2737367544323206e-13,8.952838470577262e-13,20,2025-11-14 12:00,2025-11-14 12:00,2025-10-25|2025-10-26|2025-10-27|2025-10-28|2025-10-29|2025-10-30|2025-10-31|2025-11-01|2025-11-02|2025-11-03|2025-11-04|2025-11-05|2025-11-06|2025-11-07|2025-11-08|2025-11-09|2025-11-10|2025-11-11|2025-11-12|2025-11-13,144
q3,S3,2025-11-14,18,highs-ipm,0.06788854200567584,12213.565973197601,2.2737367544323206e-13,8.526512829121202e-13,20,2025-11-14 18:00,2025-11-14 18:00,2025-10-25|2025-10-26|2025-10-27|2025-10-28|2025-10-29|2025-10-30|2025-10-31|2025-11-01|2025-11-02|2025-11-03|2025-11-04|2025-11-05|2025-11-06|2025-11-07|2025-11-08|2025-11-09|2025-11-10|2025-11-11|2025-11-12|2025-11-13,144
q3,S3,2025-11-15,0,highs-ipm,0.06114466600411106,1383.1394572881616,1.1368683772161603e-13,7.958078640513122e-13,20,2025-11-15 00:00,2025-11-15 00:00,2025-10-26|2025-10-27|2025-10-28|2025-10-29|2025-10-30|2025-10-31|2025-11-01|2025-11-02|2025-11-03|2025-11-04|2025-11-05|2025-11-06|2025-11-07|2025-11-08|2025-11-09|2025-11-10|2025-11-11|2025-11-12|2025-11-13|2025-11-14,144
q3,S3,2025-11-15,6,highs-ipm,0.08290799999667797,9717.445392185668,1.1368683772161603e-13,8.846257060213247e-13,20,2025-11-15 06:00,2025-11-15 06:00,2025-10-26|2025-10-27|2025-10-28|2025-10-29|2025-10-30|2025-10-31|2025-11-01|2025-11-02|2025-11-03|2025-11-04|2025-11-05|2025-11-06|2025-11-07|2025-11-08|2025-11-09|2025-11-10|2025-11-11|2025-11-12|2025-11-13|2025-11-14,144
q3,S3,2025-11-15,12,highs-ipm,0.08161979199940106,21644.98681953354,5.684341886080802e-14,8.841816168114747e-13,20,2025-11-15 12:00,2025-11-15 12:00,2025-10-26|2025-10-27|2025-10-28|2025-10-29|2025-10-30|2025-10-31|2025-11-01|2025-11-02|2025-11-03|2025-11-04|2025-11-05|2025-11-06|2025-11-07|2025-11-08|2025-11-09|2025-11-10|2025-11-11|2025-11-12|2025-11-13|2025-11-14,144
q3,S3,2025-11-15,18,highs-ipm,0.06786012499651406,36048.46922298395,5.684341886080802e-14,7.958078640513122e-13,20,2025-11-15 18:00,2025-11-15 18:00,2025-10-26|2025-10-27|2025-10-28|2025-10-29|2025-10-30|2025-10-31|2025-11-01|2025-11-02|2025-11-03|2025-11-04|2025-11-05|2025-11-06|2025-11-07|2025-11-08|2025-11-09|2025-11-10|2025-11-11|2025-11-12|2025-11-13|2025-11-14,144
q3,S3,2025-11-16,0,highs-ipm,0.055505875003291294,1917.2737996824105,4.547473508864641e-13,7.958078640513122e-13,20,2025-11-16 00:00,2025-11-16 00:00,2025-10-27|2025-10-28|2025-10-29|2025-10-30|2025-10-31|2025-11-01|2025-11-02|2025-11-03|2025-11-04|2025-11-05|2025-11-06|2025-11-07|2025-11-08|2025-11-09|2025-11-10|2025-11-11|2025-11-12|2025-11-13|2025-11-14|2025-11-15,144
q3,S3,2025-11-16,6,highs-ipm,0.07612958300160244,13598.258981559218,2.2737367544323206e-13,9.094947017729282e-13,20,2025-11-16 06:00,2025-11-16 06:00,2025-10-27|2025-10-28|2025-10-29|2025-10-30|2025-10-31|2025-11-01|2025-11-02|2025-11-03|2025-11-04|2025-11-05|2025-11-06|2025-11-07|2025-11-08|2025-11-09|2025-11-10|2025-11-11|2025-11-12|2025-11-13|2025-11-14|2025-11-15,144
q3,S3,2025-11-16,12,highs-ipm,0.07351175000076182,28014.7686077525,1.1368683772161603e-13,9.094947017729282e-13,20,2025-11-16 12:00,2025-11-16 12:00,2025-10-27|2025-10-28|2025-10-29|2025-10-30|2025-10-31|2025-11-01|2025-11-02|2025-11-03|2025-11-04|2025-11-05|2025-11-06|2025-11-07|2025-11-08|2025-11-09|2025-11-10|2025-11-11|2025-11-12|2025-11-13|2025-11-14|2025-11-15,144
q3,S3,2025-11-16,18,highs-ipm,0.06820491699909326,32734.37803208748,2.842170943040401e-14,9.094947017729282e-13,20,2025-11-16 18:00,2025-11-16 18:00,2025-10-27|2025-10-28|2025-10-29|2025-10-30|2025-10-31|2025-11-01|2025-11-02|2025-11-03|2025-11-04|2025-11-05|2025-11-06|2025-11-07|2025-11-08|2025-11-09|2025-11-10|2025-11-11|2025-11-12|2025-11-13|2025-11-14|2025-11-15,144
q3,S3,2025-11-17,0,highs-ipm,0.05783674999838695,1971.3705339035348,1.1368683772161603e-13,9.094947017729282e-13,20,2025-11-17 00:00,2025-11-17 00:00,2025-10-28|2025-10-29|2025-10-30|2025-10-31|2025-11-01|2025-11-02|2025-11-03|2025-11-04|2025-11-05|2025-11-06|2025-11-07|2025-11-08|2025-11-09|2025-11-10|2025-11-11|2025-11-12|2025-11-13|2025-11-14|2025-11-15|2025-11-16,144
q3,S3,2025-11-17,6,highs-ipm,0.0728522499994142,17425.86008523166,2.2737367544323206e-13,8.526512829121202e-13,20,2025-11-17 06:00,2025-11-17 06:00,2025-10-28|2025-10-29|2025-10-30|2025-10-31|2025-11-01|2025-11-02|2025-11-03|2025-11-04|2025-11-05|2025-11-06|2025-11-07|2025-11-08|2025-11-09|2025-11-10|2025-11-11|2025-11-12|2025-11-13|2025-11-14|2025-11-15|2025-11-16,144
q3,S3,2025-11-17,12,highs-ipm,0.07459991700307,29168.272140076086,2.2737367544323206e-13,8.881784197001252e-13,20,2025-11-17 12:00,2025-11-17 12:00,2025-10-28|2025-10-29|2025-10-30|2025-10-31|2025-11-01|2025-11-02|2025-11-03|2025-11-04|2025-11-05|2025-11-06|2025-11-07|2025-11-08|2025-11-09|2025-11-10|2025-11-11|2025-11-12|2025-11-13|2025-11-14|2025-11-15|2025-11-16,144
q3,S3,2025-11-17,18,highs-ipm,0.06788379200588679,39681.13446474142,2.2737367544323206e-13,9.094947017729282e-13,20,2025-11-17 18:00,2025-11-17 18:00,2025-10-28|2025-10-29|2025-10-30|2025-10-31|2025-11-01|2025-11-02|2025-11-03|2025-11-04|2025-11-05|2025-11-06|2025-11-07|2025-11-08|2025-11-09|2025-11-10|2025-11-11|2025-11-12|2025-11-13|2025-11-14|2025-11-15|2025-11-16,144
q3,S3,2025-11-18,0,highs-ipm,0.05498950000037439,1811.694746330106,1.5347723092418164e-12,9.094947017729282e-13,20,2025-11-18 00:00,2025-11-18 00:00,2025-10-29|2025-10-30|2025-10-31|2025-11-01|2025-11-02|2025-11-03|2025-11-04|2025-11-05|2025-11-06|2025-11-07|2025-11-08|2025-11-09|2025-11-10|2025-11-11|2025-11-12|2025-11-13|2025-11-14|2025-11-15|2025-11-16|2025-11-17,144
q3,S3,2025-11-18,6,highs-ipm,0.06871487500029616,10320.028653123012,1.1368683772161603e-13,8.071321389024888e-13,20,2025-11-18 06:00,2025-11-18 06:00,2025-10-29|2025-10-30|2025-10-31|2025-11-01|2025-11-02|2025-11-03|2025-11-04|2025-11-05|2025-11-06|2025-11-07|2025-11-08|2025-11-09|2025-11-10|2025-11-11|2025-11-12|2025-11-13|2025-11-14|2025-11-15|2025-11-16|2025-11-17,144
q3,S3,2025-11-18,12,highs-ipm,0.0767766249991837,28938.39406146044,7.958078640513122e-13,8.526512829121202e-13,20,2025-11-18 12:00,2025-11-18 12:00,2025-10-29|2025-10-30|2025-10-31|2025-11-01|2025-11-02|2025-11-03|2025-11-04|2025-11-05|2025-11-06|2025-11-07|2025-11-08|2025-11-09|2025-11-10|2025-11-11|2025-11-12|2025-11-13|2025-11-14|2025-11-15|2025-11-16|2025-11-17,144
q3,S3,2025-11-18,18,highs-ipm,0.06636070799868321,39260.31118213119,2.2737367544323206e-13,9.663381206337363e-13,20,2025-11-18 18:00,2025-11-18 18:00,2025-10-29|2025-10-30|2025-10-31|2025-11-01|2025-11-02|2025-11-03|2025-11-04|2025-11-05|2025-11-06|2025-11-07|2025-11-08|2025-11-09|2025-11-10|2025-11-11|2025-11-12|2025-11-13|2025-11-14|2025-11-15|2025-11-16|2025-11-17,144
q3,S3,2025-11-19,0,highs-ipm,0.057360416001756676,1774.6920045433808,1.1368683772161603e-13,9.094947017729282e-13,20,2025-11-19 00:00,2025-11-19 00:00,2025-10-30|2025-10-31|2025-11-01|2025-11-02|2025-11-03|2025-11-04|2025-11-05|2025-11-06|2025-11-07|2025-11-08|2025-11-09|2025-11-10|2025-11-11|2025-11-12|2025-11-13|2025-11-14|2025-11-15|2025-11-16|2025-11-17|2025-11-18,144
q3,S3,2025-11-19,6,highs-ipm,0.0736513330048183,16442.119150860246,2.2737367544323206e-13,8.526512829121202e-13,20,2025-11-19 06:00,2025-11-19 06:00,2025-10-30|2025-10-31|2025-11-01|2025-11-02|2025-11-03|2025-11-04|2025-11-05|2025-11-06|2025-11-07|2025-11-08|2025-11-09|2025-11-10|2025-11-11|2025-11-12|2025-11-13|2025-11-14|2025-11-15|2025-11-16|2025-11-17|2025-11-18,144
q3,S3,2025-11-19,12,highs-ipm,0.07503341599658597,31099.214215465632,1.1368683772161603e-13,9.094947017729282e-13,20,2025-11-19 12:00,2025-11-19 12:00,2025-10-30|2025-10-31|2025-11-01|2025-11-02|2025-11-03|2025-11-04|2025-11-05|2025-11-06|2025-11-07|2025-11-08|2025-11-09|2025-11-10|2025-11-11|2025-11-12|2025-11-13|2025-11-14|2025-11-15|2025-11-16|2025-11-17|2025-11-18,144
q3,S3,2025-11-19,18,highs-ipm,0.07018137499835575,40096.13813504175,1.1368683772161603e-13,9.094947017729282e-13,20,2025-11-19 18:00,2025-11-19 18:00,2025-10-30|2025-10-31|2025-11-01|2025-11-02|2025-11-03|2025-11-04|2025-11-05|2025-11-06|2025-11-07|2025-11-08|2025-11-09|2025-11-10|2025-11-11|2025-11-12|2025-11-13|2025-11-14|2025-11-15|2025-11-16|2025-11-17|2025-11-18,144
q3,S3,2025-11-20,0,highs-ipm,0.05746595899836393,1728.7165692499511,1.0231815394945443e-12,9.094947017729282e-13,20,2025-11-20 00:00,2025-11-20 00:00,2025-10-31|2025-11-01|2025-11-02|2025-11-03|2025-11-04|2025-11-05|2025-11-06|2025-11-07|2025-11-08|2025-11-09|2025-11-10|2025-11-11|2025-11-12|2025-11-13|2025-11-14|2025-11-15|2025-11-16|2025-11-17|2025-11-18|2025-11-19,144
q3,S3,2025-11-20,6,highs-ipm,0.07456762500078185,9709.283163809394,1.1368683772161603e-13,9.094947017729282e-13,20,2025-11-20 06:00,2025-11-20 06:00,2025-10-31|2025-11-01|2025-11-02|2025-11-03|2025-11-04|2025-11-05|2025-11-06|2025-11-07|2025-11-08|2025-11-09|2025-11-10|2025-11-11|2025-11-12|2025-11-13|2025-11-14|2025-11-15|2025-11-16|2025-11-17|2025-11-18|2025-11-19,144
q3,S3,2025-11-20,12,highs-ipm,0.07342966600117506,10274.556644925231,2.2737367544323206e-13,9.094947017729282e-13,20,2025-11-20 12:00,2025-11-20 12:00,2025-10-31|2025-11-01|2025-11-02|2025-11-03|2025-11-04|2025-11-05|2025-11-06|2025-11-07|2025-11-08|2025-11-09|2025-11-10|2025-11-11|2025-11-12|2025-11-13|2025-11-14|2025-11-15|2025-11-16|2025-11-17|2025-11-18|2025-11-19,144
q3,S3,2025-11-20,18,highs-ipm,0.0682293749996461,14612.436802324877,1.1368683772161603e-13,9.094947017729282e-13,20,2025-11-20 18:00,2025-11-20 18:00,2025-10-31|2025-11-01|2025-11-02|2025-11-03|2025-11-04|2025-11-05|2025-11-06|2025-11-07|2025-11-08|2025-11-09|2025-11-10|2025-11-11|2025-11-12|2025-11-13|2025-11-14|2025-11-15|2025-11-16|2025-11-17|2025-11-18|2025-11-19,144
q3,S3,2025-11-21,0,highs-ipm,0.06277412499912316,731.6762893500277,1.1368683772161603e-13,9.094947017729282e-13,20,2025-11-21 00:00,2025-11-21 00:00,2025-11-01|2025-11-02|2025-11-03|2025-11-04|2025-11-05|2025-11-06|2025-11-07|2025-11-08|2025-11-09|2025-11-10|2025-11-11|2025-11-12|2025-11-13|2025-11-14|2025-11-15|2025-11-16|2025-11-17|2025-11-18|2025-11-19|2025-11-20,144
q3,S3,2025-11-21,6,highs-ipm,0.07058454100479139,9231.665947591988,1.1368683772161603e-13,9.094947017729282e-13,20,2025-11-21 06:00,2025-11-21 06:00,2025-11-01|2025-11-02|2025-11-03|2025-11-04|2025-11-05|2025-11-06|2025-11-07|2025-11-08|2025-11-09|2025-11-10|2025-11-11|2025-11-12|2025-11-13|2025-11-14|2025-11-15|2025-11-16|2025-11-17|2025-11-18|2025-11-19|2025-11-20,144
q3,S3,2025-11-21,12,highs-ipm,0.07661487499717623,8809.413641953091,1.1368683772161603e-13,9.094947017729282e-13,20,2025-11-21 12:00,2025-11-21 12:00,2025-11-01|2025-11-02|2025-11-03|2025-11-04|2025-11-05|2025-11-06|2025-11-07|2025-11-08|2025-11-09|2025-11-10|2025-11-11|2025-11-12|2025-11-13|2025-11-14|2025-11-15|2025-11-16|2025-11-17|2025-11-18|2025-11-19|2025-11-20,144
q3,S3,2025-11-21,18,highs-ipm,0.07017445899691666,10052.525455020846,1.1368683772161603e-13,9.094947017729282e-13,20,2025-11-21 18:00,2025-11-21 18:00,2025-11-01|2025-11-02|2025-11-03|2025-11-04|2025-11-05|2025-11-06|2025-11-07|2025-11-08|2025-11-09|2025-11-10|2025-11-11|2025-11-12|2025-11-13|2025-11-14|2025-11-15|2025-11-16|2025-11-17|2025-11-18|2025-11-19|2025-11-20,144
q3,S3,2025-11-22,0,highs-ipm,0.05798375000449596,1120.7490427471369,1.1368683772161603e-13,6.963318810448982e-13,20,2025-11-22 00:00,2025-11-22 00:00,2025-11-02|2025-11-03|2025-11-04|2025-11-05|2025-11-06|2025-11-07|2025-11-08|2025-11-09|2025-11-10|2025-11-11|2025-11-12|2025-11-13|2025-11-14|2025-11-15|2025-11-16|2025-11-17|2025-11-18|2025-11-19|2025-11-20|2025-11-21,144
q3,S3,2025-11-22,6,highs-ipm,0.07797250000294298,9445.01003873832,1.1368683772161603e-13,8.242295734817162e-13,20,2025-11-22 06:00,2025-11-22 06:00,2025-11-02|2025-11-03|2025-11-04|2025-11-05|2025-11-06|2025-11-07|2025-11-08|2025-11-09|2025-11-10|2025-11-11|2025-11-12|2025-11-13|2025-11-14|2025-11-15|2025-11-16|2025-11-17|2025-11-18|2025-11-19|2025-11-20|2025-11-21,144
q3,S3,2025-11-22,12,highs-ipm,0.08012833300017519,22479.63321463777,1.1368683772161603e-13,1.0231815394945443e-12,20,2025-11-22 12:00,2025-11-22 12:00,2025-11-02|2025-11-03|2025-11-04|2025-11-05|2025-11-06|2025-11-07|2025-11-08|2025-11-09|2025-11-10|2025-11-11|2025-11-12|2025-11-13|2025-11-14|2025-11-15|2025-11-16|2025-11-17|2025-11-18|2025-11-19|2025-11-20|2025-11-21,144
q3,S3,2025-11-22,18,highs-ipm,0.07177049999882001,39273.70434234829,1.1368683772161603e-13,9.094947017729282e-13,20,2025-11-22 18:00,2025-11-22 18:00,2025-11-02|2025-11-03|2025-11-04|2025-11-05|2025-11-06|2025-11-07|2025-11-08|2025-11-09|2025-11-10|2025-11-11|2025-11-12|2025-11-13|2025-11-14|2025-11-15|2025-11-16|2025-11-17|2025-11-18|2025-11-19|2025-11-20|2025-11-21,144
q3,S3,2025-11-23,0,highs-ipm,0.055890542003908195,1709.0109448303915,1.9326762412674725e-12,9.094947017729282e-13,20,2025-11-23 00:00,2025-11-23 00:00,2025-11-03|2025-11-04|2025-11-05|2025-11-06|2025-11-07|2025-11-08|2025-11-09|2025-11-10|2025-11-11|2025-11-12|2025-11-13|2025-11-14|2025-11-15|2025-11-16|2025-11-17|2025-11-18|2025-11-19|2025-11-20|2025-11-21|2025-11-22,144
q3,S3,2025-11-23,6,highs-ipm,0.07780012500006706,14695.789209759838,1.1368683772161603e-13,8.810729923425242e-13,20,2025-11-23 06:00,2025-11-23 06:00,2025-11-03|2025-11-04|2025-11-05|2025-11-06|2025-11-07|2025-11-08|2025-11-09|2025-11-10|2025-11-11|2025-11-12|2025-11-13|2025-11-14|2025-11-15|2025-11-16|2025-11-17|2025-11-18|2025-11-19|2025-11-20|2025-11-21|2025-11-22,144
q3,S3,2025-11-23,12,highs-ipm,0.07839437500661006,25071.341918560902,1.1368683772161603e-13,9.094947017729282e-13,20,2025-11-23 12:00,2025-11-23 12:00,2025-11-03|2025-11-04|2025-11-05|2025-11-06|2025-11-07|2025-11-08|2025-11-09|2025-11-10|2025-11-11|2025-11-12|2025-11-13|2025-11-14|2025-11-15|2025-11-16|2025-11-17|2025-11-18|2025-11-19|2025-11-20|2025-11-21|2025-11-22,144
q3,S3,2025-11-23,18,highs-ipm,0.06991333400219446,40296.834302203926,2.651212582804874e-13,9.094947017729282e-13,20,2025-11-23 18:00,2025-11-23 18:00,2025-11-03|2025-11-04|2025-11-05|2025-11-06|2025-11-07|2025-11-08|2025-11-09|2025-11-10|2025-11-11|2025-11-12|2025-11-13|2025-11-14|2025-11-15|2025-11-16|2025-11-17|2025-11-18|2025-11-19|2025-11-20|2025-11-21|2025-11-22,144
q3,S3,2025-11-24,0,highs-ipm,0.055680040997685865,1601.0103886698041,2.2737367544323206e-13,9.094947017729282e-13,20,2025-11-24 00:00,2025-11-24 00:00,2025-11-04|2025-11-05|2025-11-06|2025-11-07|2025-11-08|2025-11-09|2025-11-10|2025-11-11|2025-11-12|2025-11-13|2025-11-14|2025-11-15|2025-11-16|2025-11-17|2025-11-18|2025-11-19|2025-11-20|2025-11-21|2025-11-22|2025-11-23,144
q3,S3,2025-11-24,6,highs-ipm,0.07861045800382271,12110.254530809572,2.2737367544323206e-13,9.094947017729282e-13,20,2025-11-24 06:00,2025-11-24 06:00,2025-11-04|2025-11-05|2025-11-06|2025-11-07|2025-11-08|2025-11-09|2025-11-10|2025-11-11|2025-11-12|2025-11-13|2025-11-14|2025-11-15|2025-11-16|2025-11-17|2025-11-18|2025-11-19|2025-11-20|2025-11-21|2025-11-22|2025-11-23,144
q3,S3,2025-11-24,12,highs-ipm,0.0747210410045227,24593.693653189417,2.2737367544323206e-13,8.867351297681125e-13,20,2025-11-24 12:00,2025-11-24 12:00,2025-11-04|2025-11-05|2025-11-06|2025-11-07|2025-11-08|2025-11-09|2025-11-10|2025-11-11|2025-11-12|2025-11-13|2025-11-14|2025-11-15|2025-11-16|2025-11-17|2025-11-18|2025-11-19|2025-11-20|2025-11-21|2025-11-22|2025-11-23,144
q3,S3,2025-11-24,18,highs-ipm,0.06993079200037755,39148.65658919303,2.2737367544323206e-13,9.094947017729282e-13,20,2025-11-24 18:00,2025-11-24 18:00,2025-11-04|2025-11-05|2025-11-06|2025-11-07|2025-11-08|2025-11-09|2025-11-10|2025-11-11|2025-11-12|2025-11-13|2025-11-14|2025-11-15|2025-11-16|2025-11-17|2025-11-18|2025-11-19|2025-11-20|2025-11-21|2025-11-22|2025-11-23,144
q3,S3,2025-11-25,0,highs-ipm,0.05610424999758834,1554.8824864693502,3.694822225952521e-13,7.958078640513122e-13,20,2025-11-25 00:00,2025-11-25 00:00,2025-11-05|2025-11-06|2025-11-07|2025-11-08|2025-11-09|2025-11-10|2025-11-11|2025-11-12|2025-11-13|2025-11-14|2025-11-15|2025-11-16|2025-11-17|2025-11-18|2025-11-19|2025-11-20|2025-11-21|2025-11-22|2025-11-23|2025-11-24,144
q3,S3,2025-11-25,6,highs-ipm,0.0787966249990859,8530.137002128713,2.2737367544323206e-13,9.094947017729282e-13,20,2025-11-25 06:00,2025-11-25 06:00,2025-11-05|2025-11-06|2025-11-07|2025-11-08|2025-11-09|2025-11-10|2025-11-11|2025-11-12|2025-11-13|2025-11-14|2025-11-15|2025-11-16|2025-11-17|2025-11-18|2025-11-19|2025-11-20|2025-11-21|2025-11-22|2025-11-23|2025-11-24,144
q3,S3,2025-11-25,12,highs-ipm,0.07541700000001583,22977.879083200132,2.2737367544323206e-13,9.094947017729282e-13,20,2025-11-25 12:00,2025-11-25 12:00,2025-11-05|2025-11-06|2025-11-07|2025-11-08|2025-11-09|2025-11-10|2025-11-11|2025-11-12|2025-11-13|2025-11-14|2025-11-15|2025-11-16|2025-11-17|2025-11-18|2025-11-19|2025-11-20|2025-11-21|2025-11-22|2025-11-23|2025-11-24,144
q3,S3,2025-11-25,18,highs-ipm,0.06889508399763145,40808.47603278286,2.2737367544323206e-13,9.094947017729282e-13,20,2025-11-25 18:00,2025-11-25 18:00,2025-11-05|2025-11-06|2025-11-07|2025-11-08|2025-11-09|2025-11-10|2025-11-11|2025-11-12|2025-11-13|2025-11-14|2025-11-15|2025-11-16|2025-11-17|2025-11-18|2025-11-19|2025-11-20|2025-11-21|2025-11-22|2025-11-23|2025-11-24,144
q3,S3,2025-11-26,0,highs-ipm,0.05624745899694972,1553.7284657201114,2.2737367544323206e-13,9.094947017729282e-13,20,2025-11-26 00:00,2025-11-26 00:00,2025-11-06|2025-11-07|2025-11-08|2025-11-09|2025-11-10|2025-11-11|2025-11-12|2025-11-13|2025-11-14|2025-11-15|2025-11-16|2025-11-17|2025-11-18|2025-11-19|2025-11-20|2025-11-21|2025-11-22|2025-11-23|2025-11-24|2025-11-25,144
q3,S3,2025-11-26,6,highs-ipm,0.07890441700146766,11664.309317899508,2.2737367544323206e-13,9.094947017729282e-13,20,2025-11-26 06:00,2025-11-26 06:00,2025-11-06|2025-11-07|2025-11-08|2025-11-09|2025-11-10|2025-11-11|2025-11-12|2025-11-13|2025-11-14|2025-11-15|2025-11-16|2025-11-17|2025-11-18|2025-11-19|2025-11-20|2025-11-21|2025-11-22|2025-11-23|2025-11-24|2025-11-25,144
q3,S3,2025-11-26,12,highs-ipm,0.07498970800224924,27880.7365160673,2.2737367544323206e-13,1.0231815394945443e-12,20,2025-11-26 12:00,2025-11-26 12:00,2025-11-06|2025-11-07|2025-11-08|2025-11-09|2025-11-10|2025-11-11|2025-11-12|2025-11-13|2025-11-14|2025-11-15|2025-11-16|2025-11-17|2025-11-18|2025-11-19|2025-11-20|2025-11-21|2025-11-22|2025-11-23|2025-11-24|2025-11-25,144
q3,S3,2025-11-26,18,highs-ipm,0.06884662499942351,38030.024423579576,2.2737367544323206e-13,9.094947017729282e-13,20,2025-11-26 18:00,2025-11-26 18:00,2025-11-06|2025-11-07|2025-11-08|2025-11-09|2025-11-10|2025-11-11|2025-11-12|2025-11-13|2025-11-14|2025-11-15|2025-11-16|2025-11-17|2025-11-18|2025-11-19|2025-11-20|2025-11-21|2025-11-22|2025-11-23|2025-11-24|2025-11-25,144
q3,S3,2025-11-27,0,highs-ipm,0.060312166999210604,1570.8165889795014,3.410605131648481e-13,8.242295734817162e-13,20,2025-11-27 00:00,2025-11-27 00:00,2025-11-07|2025-11-08|2025-11-09|2025-11-10|2025-11-11|2025-11-12|2025-11-13|2025-11-14|2025-11-15|2025-11-16|2025-11-17|2025-11-18|2025-11-19|2025-11-20|2025-11-21|2025-11-22|2025-11-23|2025-11-24|2025-11-25|2025-11-26,144
q3,S3,2025-11-27,6,highs-ipm,0.08054149999952642,9219.714823301014,2.2737367544323206e-13,8.526512829121202e-13,20,2025-11-27 06:00,2025-11-27 06:00,2025-11-07|2025-11-08|2025-11-09|2025-11-10|2025-11-11|2025-11-12|2025-11-13|2025-11-14|2025-11-15|2025-11-16|2025-11-17|2025-11-18|2025-11-19|2025-11-20|2025-11-21|2025-11-22|2025-11-23|2025-11-24|2025-11-25|2025-11-26,144
q3,S3,2025-11-27,12,highs-ipm,0.07540008399519138,13576.081429413314,2.2737367544323206e-13,9.094947017729282e-13,20,2025-11-27 12:00,2025-11-27 12:00,2025-11-07|2025-11-08|2025-11-09|2025-11-10|2025-11-11|2025-11-12|2025-11-13|2025-11-14|2025-11-15|2025-11-16|2025-11-17|2025-11-18|2025-11-19|2025-11-20|2025-11-21|2025-11-22|2025-11-23|2025-11-24|2025-11-25|2025-11-26,144
q3,S3,2025-11-27,18,highs-ipm,0.07649708299868507,10531.329521253569,2.2737367544323206e-13,9.663381206337363e-13,20,2025-11-27 18:00,2025-11-27 18:00,2025-11-07|2025-11-08|2025-11-09|2025-11-10|2025-11-11|2025-11-12|2025-11-13|2025-11-14|2025-11-15|2025-11-16|2025-11-17|2025-11-18|2025-11-19|2025-11-20|2025-11-21|2025-11-22|2025-11-23|2025-11-24|2025-11-25|2025-11-26,144
q3,S3,2025-11-28,0,highs-ipm,0.06113266699685482,1012.2388443300357,1.1368683772161603e-13,8.526512829121202e-13,20,2025-11-28 00:00,2025-11-28 00:00,2025-11-08|2025-11-09|2025-11-10|2025-11-11|2025-11-12|2025-11-13|2025-11-14|2025-11-15|2025-11-16|2025-11-17|2025-11-18|2025-11-19|2025-11-20|2025-11-21|2025-11-22|2025-11-23|2025-11-24|2025-11-25|2025-11-26|2025-11-27,144
q3,S3,2025-11-28,6,highs-ipm,0.07920883299811976,8460.41291825474,1.1368683772161603e-13,8.810729923425242e-13,20,2025-11-28 06:00,2025-11-28 06:00,2025-11-08|2025-11-09|2025-11-10|2025-11-11|2025-11-12|2025-11-13|2025-11-14|2025-11-15|2025-11-16|2025-11-17|2025-11-18|2025-11-19|2025-11-20|2025-11-21|2025-11-22|2025-11-23|2025-11-24|2025-11-25|2025-11-26|2025-11-27,144
q3,S3,2025-11-28,12,highs-ipm,0.08043737499974668,9490.604126534146,1.1368683772161603e-13,9.094947017729282e-13,20,2025-11-28 12:00,2025-11-28 12:00,2025-11-08|2025-11-09|2025-11-10|2025-11-11|2025-11-12|2025-11-13|2025-11-14|2025-11-15|2025-11-16|2025-11-17|2025-11-18|2025-11-19|2025-11-20|2025-11-21|2025-11-22|2025-11-23|2025-11-24|2025-11-25|2025-11-26|2025-11-27,144
q3,S3,2025-11-28,18,highs-ipm,0.07135320900124498,11900.306001140458,1.1368683772161603e-13,9.094947017729282e-13,20,2025-11-28 18:00,2025-11-28 18:00,2025-11-08|2025-11-09|2025-11-10|2025-11-11|2025-11-12|2025-11-13|2025-11-14|2025-11-15|2025-11-16|2025-11-17|2025-11-18|2025-11-19|2025-11-20|2025-11-21|2025-11-22|2025-11-23|2025-11-24|2025-11-25|2025-11-26|2025-11-27,144
q3,S3,2025-11-29,0,highs-ipm,0.0580809169987333,1261.6062898199198,5.684341886080801e-13,7.958078640513122e-13,20,2025-11-29 00:00,2025-11-29 00:00,2025-11-09|2025-11-10|2025-11-11|2025-11-12|2025-11-13|2025-11-14|2025-11-15|2025-11-16|2025-11-17|2025-11-18|2025-11-19|2025-11-20|2025-11-21|2025-11-22|2025-11-23|2025-11-24|2025-11-25|2025-11-26|2025-11-27|2025-11-28,144
q3,S3,2025-11-29,6,highs-ipm,0.07875162499840371,8771.262956171382,2.2737367544323206e-13,9.094947017729282e-13,20,2025-11-29 06:00,2025-11-29 06:00,2025-11-09|2025-11-10|2025-11-11|2025-11-12|2025-11-13|2025-11-14|2025-11-15|2025-11-16|2025-11-17|2025-11-18|2025-11-19|2025-11-20|2025-11-21|2025-11-22|2025-11-23|2025-11-24|2025-11-25|2025-11-26|2025-11-27|2025-11-28,144
q3,S3,2025-11-29,12,highs-ipm,0.08308454099460505,26246.453169619053,2.2737367544323206e-13,9.094947017729282e-13,20,2025-11-29 12:00,2025-11-29 12:00,2025-11-09|2025-11-10|2025-11-11|2025-11-12|2025-11-13|2025-11-14|2025-11-15|2025-11-16|2025-11-17|2025-11-18|2025-11-19|2025-11-20|2025-11-21|2025-11-22|2025-11-23|2025-11-24|2025-11-25|2025-11-26|2025-11-27|2025-11-28,144
q3,S3,2025-11-29,18,highs-ipm,0.07215270800224971,36503.78136954143,2.2737367544323206e-13,9.094947017729282e-13,20,2025-11-29 18:00,2025-11-29 18:00,2025-11-09|2025-11-10|2025-11-11|2025-11-12|2025-11-13|2025-11-14|2025-11-15|2025-11-16|2025-11-17|2025-11-18|2025-11-19|2025-11-20|2025-11-21|2025-11-22|2025-11-23|2025-11-24|2025-11-25|2025-11-26|2025-11-27|2025-11-28,144
q3,S3,2025-11-30,0,highs-ipm,0.05546758299897192,1569.560910806131,3.410605131648481e-13,9.094947017729282e-13,20,2025-11-30 00:00,2025-11-30 00:00,2025-11-10|2025-11-11|2025-11-12|2025-11-13|2025-11-14|2025-11-15|2025-11-16|2025-11-17|2025-11-18|2025-11-19|2025-11-20|2025-11-21|2025-11-22|2025-11-23|2025-11-24|2025-11-25|2025-11-26|2025-11-27|2025-11-28|2025-11-29,144
q3,S3,2025-11-30,6,highs-ipm,0.07891970800119452,12839.47879860725,2.2737367544323206e-13,9.663381206337363e-13,20,2025-11-30 06:00,2025-11-30 06:00,2025-11-10|2025-11-11|2025-11-12|2025-11-13|2025-11-14|2025-11-15|2025-11-16|2025-11-17|2025-11-18|2025-11-19|2025-11-20|2025-11-21|2025-11-22|2025-11-23|2025-11-24|2025-11-25|2025-11-26|2025-11-27|2025-11-28|2025-11-29,144
q3,S3,2025-11-30,12,highs-ipm,0.07243995799944969,26920.44095533549,1.1368683772161603e-13,9.094947017729282e-13,20,2025-11-30 12:00,2025-11-30 12:00,2025-11-10|2025-11-11|2025-11-12|2025-11-13|2025-11-14|2025-11-15|2025-11-16|2025-11-17|2025-11-18|2025-11-19|2025-11-20|2025-11-21|2025-11-22|2025-11-23|2025-11-24|2025-11-25|2025-11-26|2025-11-27|2025-11-28|2025-11-29,144
q3,S3,2025-11-30,18,highs-ipm,0.07069616700027836,37084.902583552954,2.842170943040401e-14,9.663381206337363e-13,20,2025-11-30 18:00,2025-11-30 18:00,2025-11-10|2025-11-11|2025-11-12|2025-11-13|2025-11-14|2025-11-15|2025-11-16|2025-11-17|2025-11-18|2025-11-19|2025-11-20|2025-11-21|2025-11-22|2025-11-23|2025-11-24|2025-11-25|2025-11-26|2025-11-27|2025-11-28|2025-11-29,144
q3,S3,2025-12-01,0,highs-ipm,0.057633333999547176,1524.7545556324665,2.2737367544323206e-13,7.958078640513122e-13,20,2025-12-01 00:00,2025-12-01 00:00,2025-11-11|2025-11-12|2025-11-13|2025-11-14|2025-11-15|2025-11-16|2025-11-17|2025-11-18|2025-11-19|2025-11-20|2025-11-21|2025-11-22|2025-11-23|2025-11-24|2025-11-25|2025-11-26|2025-11-27|2025-11-28|2025-11-29|2025-11-30,144
q3,S3,2025-12-01,6,highs-ipm,0.08288008399540558,9936.477805522689,2.2737367544323206e-13,9.094947017729282e-13,20,2025-12-01 06:00,2025-12-01 06:00,2025-11-11|2025-11-12|2025-11-13|2025-11-14|2025-11-15|2025-11-16|2025-11-17|2025-11-18|2025-11-19|2025-11-20|2025-11-21|2025-11-22|2025-11-23|2025-11-24|2025-11-25|2025-11-26|2025-11-27|2025-11-28|2025-11-29|2025-11-30,144
q3,S3,2025-12-01,12,highs-ipm,0.0781946249990142,29648.895265265543,2.2737367544323206e-13,9.094947017729282e-13,20,2025-12-01 12:00,2025-12-01 12:00,2025-11-11|2025-11-12|2025-11-13|2025-11-14|2025-11-15|2025-11-16|2025-11-17|2025-11-18|2025-11-19|2025-11-20|2025-11-21|2025-11-22|2025-11-23|2025-11-24|2025-11-25|2025-11-26|2025-11-27|2025-11-28|2025-11-29|2025-11-30,144
q3,S3,2025-12-01,18,highs-ipm,0.06832895800471306,44025.174938317694,2.2737367544323206e-13,9.094947017729282e-13,20,2025-12-01 18:00,2025-12-01 18:00,2025-11-11|2025-11-12|2025-11-13|2025-11-14|2025-11-15|2025-11-16|2025-11-17|2025-11-18|2025-11-19|2025-11-20|2025-11-21|2025-11-22|2025-11-23|2025-11-24|2025-11-25|2025-11-26|2025-11-27|2025-11-28|2025-11-29|2025-11-30,144
q3,S3,2025-12-02,0,highs-ipm,0.05622262499673525,1842.2706480401087,2.2737367544323206e-13,9.094947017729282e-13,20,2025-12-02 00:00,2025-12-02 00:00,2025-11-12|2025-11-13|2025-11-14|2025-11-15|2025-11-16|2025-11-17|2025-11-18|2025-11-19|2025-11-20|2025-11-21|2025-11-22|2025-11-23|2025-11-24|2025-11-25|2025-11-26|2025-11-27|2025-11-28|2025-11-29|2025-11-30|2025-12-01,144
q3,S3,2025-12-02,6,highs-ipm,0.07930087499698857,10650.367478172919,1.1368683772161603e-13,8.526512829121202e-13,20,2025-12-02 06:00,2025-12-02 06:00,2025-11-12|2025-11-13|2025-11-14|2025-11-15|2025-11-16|2025-11-17|2025-11-18|2025-11-19|2025-11-20|2025-11-21|2025-11-22|2025-11-23|2025-11-24|2025-11-25|2025-11-26|2025-11-27|2025-11-28|2025-11-29|2025-11-30|2025-12-01,144
q3,S3,2025-12-02,12,highs-ipm,0.077967457997147,33201.84699012332,4.529709940470639e-14,9.094947017729282e-13,20,2025-12-02 12:00,2025-12-02 12:00,2025-11-12|2025-11-13|2025-11-14|2025-11-15|2025-11-16|2025-11-17|2025-11-18|2025-11-19|2025-11-20|2025-11-21|2025-11-22|2025-11-23|2025-11-24|2025-11-25|2025-11-26|2025-11-27|2025-11-28|2025-11-29|2025-11-30|2025-12-01,144
q3,S3,2025-12-02,18,highs-ipm,0.0718410830013454,42168.37061689735,1.1368683772161603e-13,9.094947017729282e-13,20,2025-12-02 18:00,2025-12-02 18:00,2025-11-12|2025-11-13|2025-11-14|2025-11-15|2025-11-16|2025-11-17|2025-11-18|2025-11-19|2025-11-20|2025-11-21|2025-11-22|2025-11-23|2025-11-24|2025-11-25|2025-11-26|2025-11-27|2025-11-28|2025-11-29|2025-11-30|2025-12-01,144
q3,S3,2025-12-03,0,highs-ipm,0.05459583299671067,2053.513220764325,2.8421709430404007e-13,8.810729923425242e-13,20,2025-12-03 00:00,2025-12-03 00:00,2025-11-13|2025-11-14|2025-11-15|2025-11-16|2025-11-17|2025-11-18|2025-11-19|2025-11-20|2025-11-21|2025-11-22|2025-11-23|2025-11-24|2025-11-25|2025-11-26|2025-11-27|2025-11-28|2025-11-29|2025-11-30|2025-12-01|2025-12-02,144
q3,S3,2025-12-03,6,highs-ipm,0.07378870899992762,16100.136736487999,2.2737367544323206e-13,9.094947017729282e-13,20,2025-12-03 06:00,2025-12-03 06:00,2025-11-13|2025-11-14|2025-11-15|2025-11-16|2025-11-17|2025-11-18|2025-11-19|2025-11-20|2025-11-21|2025-11-22|2025-11-23|2025-11-24|2025-11-25|2025-11-26|2025-11-27|2025-11-28|2025-11-29|2025-11-30|2025-12-01|2025-12-02,144
q3,S3,2025-12-03,12,highs-ipm,0.07649454200145556,26311.445632819086,1.1368683772161603e-13,9.094947017729282e-13,20,2025-12-03 12:00,2025-12-03 12:00,2025-11-13|2025-11-14|2025-11-15|2025-11-16|2025-11-17|2025-11-18|2025-11-19|2025-11-20|2025-11-21|2025-11-22|2025-11-23|2025-11-24|2025-11-25|2025-11-26|2025-11-27|2025-11-28|2025-11-29|2025-11-30|2025-12-01|2025-12-02,144
q3,S3,2025-12-03,18,highs-ipm,0.06935037500079488,42611.237211689884,0.0,9.094947017729282e-13,20,2025-12-03 18:00,2025-12-03 18:00,2025-11-13|2025-11-14|2025-11-15|2025-11-16|2025-11-17|2025-11-18|2025-11-19|2025-11-20|2025-11-21|2025-11-22|2025-11-23|2025-11-24|2025-11-25|2025-11-26|2025-11-27|2025-11-28|2025-11-29|2025-11-30|2025-12-01|2025-12-02,144
q3,S3,2025-12-04,0,highs-ipm,0.05472524999640882,2449.3328966937297,2.2737367544323206e-13,9.094947017729282e-13,20,2025-12-04 00:00,2025-12-04 00:00,2025-11-14|2025-11-15|2025-11-16|2025-11-17|2025-11-18|2025-11-19|2025-11-20|2025-11-21|2025-11-22|2025-11-23|2025-11-24|2025-11-25|2025-11-26|2025-11-27|2025-11-28|2025-11-29|2025-11-30|2025-12-01|2025-12-02|2025-12-03,144
q3,S3,2025-12-04,6,highs-ipm,0.07794733300397638,7997.957086231903,2.2737367544323206e-13,8.526512829121202e-13,20,2025-12-04 06:00,2025-12-04 06:00,2025-11-14|2025-11-15|2025-11-16|2025-11-17|2025-11-18|2025-11-19|2025-11-20|2025-11-21|2025-11-22|2025-11-23|2025-11-24|2025-11-25|2025-11-26|2025-11-27|2025-11-28|2025-11-29|2025-11-30|2025-12-01|2025-12-02|2025-12-03,144
q3,S3,2025-12-04,12,highs-ipm,0.07156758399651153,9479.808920704916,2.2737367544323206e-13,9.094947017729282e-13,20,2025-12-04 12:00,2025-12-04 12:00,2025-11-14|2025-11-15|2025-11-16|2025-11-17|2025-11-18|2025-11-19|2025-11-20|2025-11-21|2025-11-22|2025-11-23|2025-11-24|2025-11-25|2025-11-26|2025-11-27|2025-11-28|2025-11-29|2025-11-30|2025-12-01|2025-12-02|2025-12-03,144
q3,S3,2025-12-04,18,highs-ipm,0.0721228330003214,24930.506788345523,2.2737367544323206e-13,7.389644451905042e-13,20,2025-12-04 18:00,2025-12-04 18:00,2025-11-14|2025-11-15|2025-11-16|2025-11-17|2025-11-18|2025-11-19|2025-11-20|2025-11-21|2025-11-22|2025-11-23|2025-11-24|2025-11-25|2025-11-26|2025-11-27|2025-11-28|2025-11-29|2025-11-30|2025-12-01|2025-12-02|2025-12-03,144
q3,S3,2025-12-05,0,highs-ipm,0.054591708998486865,1949.6539836320028,2.2737367544323206e-13,9.094947017729282e-13,20,2025-12-05 00:00,2025-12-05 00:00,2025-11-15|2025-11-16|2025-11-17|2025-11-18|2025-11-19|2025-11-20|2025-11-21|2025-11-22|2025-11-23|2025-11-24|2025-11-25|2025-11-26|2025-11-27|2025-11-28|2025-11-29|2025-11-30|2025-12-01|2025-12-02|2025-12-03|2025-12-04,144
q3,S3,2025-12-05,6,highs-ipm,0.0772649159989669,9026.97402955298,1.1368683772161603e-13,9.094947017729282e-13,20,2025-12-05 06:00,2025-12-05 06:00,2025-11-15|2025-11-16|2025-11-17|2025-11-18|2025-11-19|2025-11-20|2025-11-21|2025-11-22|2025-11-23|2025-11-24|2025-11-25|2025-11-26|2025-11-27|2025-11-28|2025-11-29|2025-11-30|2025-12-01|2025-12-02|2025-12-03|2025-12-04,144
q3,S3,2025-12-05,12,highs-ipm,0.073933166997449,12237.590421429506,1.1368683772161603e-13,9.094947017729282e-13,20,2025-12-05 12:00,2025-12-05 12:00,2025-11-15|2025-11-16|2025-11-17|2025-11-18|2025-11-19|2025-11-20|2025-11-21|2025-11-22|2025-11-23|2025-11-24|2025-11-25|2025-11-26|2025-11-27|2025-11-28|2025-11-29|2025-11-30|2025-12-01|2025-12-02|2025-12-03|2025-12-04,144
q3,S3,2025-12-05,18,highs-ipm,0.07193787500000326,18183.941705878387,1.1368683772161603e-13,9.094947017729282e-13,20,2025-12-05 18:00,2025-12-05 18:00,2025-11-15|2025-11-16|2025-11-17|2025-11-18|2025-11-19|2025-11-20|2025-11-21|2025-11-22|2025-11-23|2025-11-24|2025-11-25|2025-11-26|2025-11-27|2025-11-28|2025-11-29|2025-11-30|2025-12-01|2025-12-02|2025-12-03|2025-12-04,144
q3,S3,2025-12-06,0,highs-ipm,0.05752249999932246,2008.0376896015418,3.197442310920451e-13,8.881784197001252e-13,20,2025-12-06 00:00,2025-12-06 00:00,2025-11-16|2025-11-17|2025-11-18|2025-11-19|2025-11-20|2025-11-21|2025-11-22|2025-11-23|2025-11-24|2025-11-25|2025-11-26|2025-11-27|2025-11-28|2025-11-29|2025-11-30|2025-12-01|2025-12-02|2025-12-03|2025-12-04|2025-12-05,144
q3,S3,2025-12-06,6,highs-ipm,0.07733633300085785,10996.588179661992,2.2737367544323206e-13,8.526512829121202e-13,20,2025-12-06 06:00,2025-12-06 06:00,2025-11-16|2025-11-17|2025-11-18|2025-11-19|2025-11-20|2025-11-21|2025-11-22|2025-11-23|2025-11-24|2025-11-25|2025-11-26|2025-11-27|2025-11-28|2025-11-29|2025-11-30|2025-12-01|2025-12-02|2025-12-03|2025-12-04|2025-12-05,144
q3,S3,2025-12-06,12,highs-ipm,0.07382225000037579,29421.521338383387,2.2737367544323206e-13,8.242295734817162e-13,20,2025-12-06 12:00,2025-12-06 12:00,2025-11-16|2025-11-17|2025-11-18|2025-11-19|2025-11-20|2025-11-21|2025-11-22|2025-11-23|2025-11-24|2025-11-25|2025-11-26|2025-11-27|2025-11-28|2025-11-29|2025-11-30|2025-12-01|2025-12-02|2025-12-03|2025-12-04|2025-12-05,144
q3,S3,2025-12-06,18,highs-ipm,0.06864691599912476,46981.744476330234,1.5347723092418164e-12,9.094947017729282e-13,20,2025-12-06 18:00,2025-12-06 18:00,2025-11-16|2025-11-17|2025-11-18|2025-11-19|2025-11-20|2025-11-21|2025-11-22|2025-11-23|2025-11-24|2025-11-25|2025-11-26|2025-11-27|2025-11-28|2025-11-29|2025-11-30|2025-12-01|2025-12-02|2025-12-03|2025-12-04|2025-12-05,144
q3,S3,2025-12-07,0,highs-ipm,0.052763666993996594,2304.1730833231627,2.2737367544323206e-13,7.958078640513122e-13,20,2025-12-07 00:00,2025-12-07 00:00,2025-11-17|2025-11-18|2025-11-19|2025-11-20|2025-11-21|2025-11-22|2025-11-23|2025-11-24|2025-11-25|2025-11-26|2025-11-27|2025-11-28|2025-11-29|2025-11-30|2025-12-01|2025-12-02|2025-12-03|2025-12-04|2025-12-05|2025-12-06,144
q3,S3,2025-12-07,6,highs-ipm,0.08326887500152225,9710.911859468382,2.2737367544323206e-13,9.094947017729282e-13,20,2025-12-07 06:00,2025-12-07 06:00,2025-11-17|2025-11-18|2025-11-19|2025-11-20|2025-11-21|2025-11-22|2025-11-23|2025-11-24|2025-11-25|2025-11-26|2025-11-27|2025-11-28|2025-11-29|2025-11-30|2025-12-01|2025-12-02|2025-12-03|2025-12-04|2025-12-05|2025-12-06,144
q3,S3,2025-12-07,12,highs-ipm,0.07566816599864978,30133.465015036134,7.958078640513122e-13,8.526512829121202e-13,20,2025-12-07 12:00,2025-12-07 12:00,2025-11-17|2025-11-18|2025-11-19|2025-11-20|2025-11-21|2025-11-22|2025-11-23|2025-11-24|2025-11-25|2025-11-26|2025-11-27|2025-11-28|2025-11-29|2025-11-30|2025-12-01|2025-12-02|2025-12-03|2025-12-04|2025-12-05|2025-12-06,144
q3,S3,2025-12-07,18,highs-ipm,0.07055629199749092,43100.01209868075,7.958078640513122e-13,7.958078640513122e-13,20,2025-12-07 18:00,2025-12-07 18:00,2025-11-17|2025-11-18|2025-11-19|2025-11-20|2025-11-21|2025-11-22|2025-11-23|2025-11-24|2025-11-25|2025-11-26|2025-11-27|2025-11-28|2025-11-29|2025-11-30|2025-12-01|2025-12-02|2025-12-03|2025-12-04|2025-12-05|2025-12-06,144
q3,S3,2025-12-08,0,highs-ipm,0.06512883299728855,2440.1643730419796,2.2737367544323206e-13,9.094947017729282e-13,20,2025-12-08 00:00,2025-12-08 00:00,2025-11-18|2025-11-19|2025-11-20|2025-11-21|2025-11-22|2025-11-23|2025-11-24|2025-11-25|2025-11-26|2025-11-27|2025-11-28|2025-11-29|2025-11-30|2025-12-01|2025-12-02|2025-12-03|2025-12-04|2025-12-05|2025-12-06|2025-12-07,144
q3,S3,2025-12-08,6,highs-ipm,0.08075370799633674,12756.186906898178,2.2737367544323206e-13,9.094947017729282e-13,20,2025-12-08 06:00,2025-12-08 06:00,2025-11-18|2025-11-19|2025-11-20|2025-11-21|2025-11-22|2025-11-23|2025-11-24|2025-11-25|2025-11-26|2025-11-27|2025-11-28|2025-11-29|2025-11-30|2025-12-01|2025-12-02|2025-12-03|2025-12-04|2025-12-05|2025-12-06|2025-12-07,144
q3,S3,2025-12-08,12,highs-ipm,0.08041654199769255,34188.10897221636,2.2737367544323206e-13,9.094947017729282e-13,20,2025-12-08 12:00,2025-12-08 12:00,2025-11-18|2025-11-19|2025-11-20|2025-11-21|2025-11-22|2025-11-23|2025-11-24|2025-11-25|2025-11-26|2025-11-27|2025-11-28|2025-11-29|2025-11-30|2025-12-01|2025-12-02|2025-12-03|2025-12-04|2025-12-05|2025-12-06|2025-12-07,144
q3,S3,2025-12-08,18,highs-ipm,0.07153912500507431,51859.9817445744,2.2737367544323206e-13,7.958078640513122e-13,20,2025-12-08 18:00,2025-12-08 18:00,2025-11-18|2025-11-19|2025-11-20|2025-11-21|2025-11-22|2025-11-23|2025-11-24|2025-11-25|2025-11-26|2025-11-27|2025-11-28|2025-11-29|2025-11-30|2025-12-01|2025-12-02|2025-12-03|2025-12-04|2025-12-05|2025-12-06|2025-12-07,144
q3,S3,2025-12-09,0,highs-ipm,0.05565624999871943,2429.9006379707935,4.263256414560601e-13,9.094947017729282e-13,20,2025-12-09 00:00,2025-12-09 00:00,2025-11-19|2025-11-20|2025-11-21|2025-11-22|2025-11-23|2025-11-24|2025-11-25|2025-11-26|2025-11-27|2025-11-28|2025-11-29|2025-11-30|2025-12-01|2025-12-02|2025-12-03|2025-12-04|2025-12-05|2025-12-06|2025-12-07|2025-12-08,144
q3,S3,2025-12-09,6,highs-ipm,0.07860441700177034,11089.060789378073,2.2737367544323206e-13,1.0231815394945443e-12,20,2025-12-09 06:00,2025-12-09 06:00,2025-11-19|2025-11-20|2025-11-21|2025-11-22|2025-11-23|2025-11-24|2025-11-25|2025-11-26|2025-11-27|2025-11-28|2025-11-29|2025-11-30|2025-12-01|2025-12-02|2025-12-03|2025-12-04|2025-12-05|2025-12-06|2025-12-07|2025-12-08,144
q3,S3,2025-12-09,12,highs-ipm,0.07875995799986413,29482.105399441753,2.2737367544323206e-13,9.094947017729282e-13,20,2025-12-09 12:00,2025-12-09 12:00,2025-11-19|2025-11-20|2025-11-21|2025-11-22|2025-11-23|2025-11-24|2025-11-25|2025-11-26|2025-11-27|2025-11-28|2025-11-29|2025-11-30|2025-12-01|2025-12-02|2025-12-03|2025-12-04|2025-12-05|2025-12-06|2025-12-07|2025-12-08,144
q3,S3,2025-12-09,18,highs-ipm,0.07109391700214474,43556.27193965762,2.2737367544323206e-13,7.958078640513122e-13,20,2025-12-09 18:00,2025-12-09 18:00,2025-11-19|2025-11-20|2025-11-21|2025-11-22|2025-11-23|2025-11-24|2025-11-25|2025-11-26|2025-11-27|2025-11-28|2025-11-29|2025-11-30|2025-12-01|2025-12-02|2025-12-03|2025-12-04|2025-12-05|2025-12-06|2025-12-07|2025-12-08,144
q3,S3,2025-12-10,0,highs-ipm,0.056758708000415936,2409.978768756938,2.2737367544323206e-13,7.958078640513122e-13,20,2025-12-10 00:00,2025-12-10 00:00,2025-11-20|2025-11-21|2025-11-22|2025-11-23|2025-11-24|2025-11-25|2025-11-26|2025-11-27|2025-11-28|2025-11-29|2025-11-30|2025-12-01|2025-12-02|2025-12-03|2025-12-04|2025-12-05|2025-12-06|2025-12-07|2025-12-08|2025-12-09,144
q3,S3,2025-12-10,6,highs-ipm,0.07600654199632118,14992.348796413507,1.1368683772161603e-13,9.094947017729282e-13,20,2025-12-10 06:00,2025-12-10 06:00,2025-11-20|2025-11-21|2025-11-22|2025-11-23|2025-11-24|2025-11-25|2025-11-26|2025-11-27|2025-11-28|2025-11-29|2025-11-30|2025-12-01|2025-12-02|2025-12-03|2025-12-04|2025-12-05|2025-12-06|2025-12-07|2025-12-08|2025-12-09,144
q3,S3,2025-12-10,12,highs-ipm,0.07661883300170302,30331.97414510086,5.684341886080801e-13,9.094947017729282e-13,20,2025-12-10 12:00,2025-12-10 12:00,2025-11-20|2025-11-21|2025-11-22|2025-11-23|2025-11-24|2025-11-25|2025-11-26|2025-11-27|2025-11-28|2025-11-29|2025-11-30|2025-12-01|2025-12-02|2025-12-03|2025-12-04|2025-12-05|2025-12-06|2025-12-07|2025-12-08|2025-12-09,144
q3,S3,2025-12-10,18,highs-ipm,0.07041370799561264,48587.67105834021,1.1368683772161603e-13,9.094947017729282e-13,20,2025-12-10 18:00,2025-12-10 18:00,2025-11-20|2025-11-21|2025-11-22|2025-11-23|2025-11-24|2025-11-25|2025-11-26|2025-11-27|2025-11-28|2025-11-29|2025-11-30|2025-12-01|2025-12-02|2025-12-03|2025-12-04|2025-12-05|2025-12-06|2025-12-07|2025-12-08|2025-12-09,144
q3,S3,2025-12-11,0,highs-ipm,0.056293125002412125,2405.0097006947303,2.2737367544323206e-13,8.526512829121202e-13,20,2025-12-11 00:00,2025-12-11 00:00,2025-11-21|2025-11-22|2025-11-23|2025-11-24|2025-11-25|2025-11-26|2025-11-27|2025-11-28|2025-11-29|2025-11-30|2025-12-01|2025-12-02|2025-12-03|2025-12-04|2025-12-05|2025-12-06|2025-12-07|2025-12-08|2025-12-09|2025-12-10,144
q3,S3,2025-12-11,6,highs-ipm,0.07943745899683563,8480.518516047796,2.2737367544323206e-13,7.958078640513122e-13,20,2025-12-11 06:00,2025-12-11 06:00,2025-11-21|2025-11-22|2025-11-23|2025-11-24|2025-11-25|2025-11-26|2025-11-27|2025-11-28|2025-11-29|2025-11-30|2025-12-01|2025-12-02|2025-12-03|2025-12-04|2025-12-05|2025-12-06|2025-12-07|2025-12-08|2025-12-09|2025-12-10,144
q3,S3,2025-12-11,12,highs-ipm,0.07606816600309685,13308.51418354184,1.0231815394945443e-12,6.821210263296962e-13,20,2025-12-11 12:00,2025-12-11 12:00,2025-11-21|2025-11-22|2025-11-23|2025-11-24|2025-11-25|2025-11-26|2025-11-27|2025-11-28|2025-11-29|2025-11-30|2025-12-01|2025-12-02|2025-12-03|2025-12-04|2025-12-05|2025-12-06|2025-12-07|2025-12-08|2025-12-09|2025-12-10,144
q3,S3,2025-12-11,18,highs-ipm,0.06929445800051326,22960.162978841876,1.0231815394945443e-12,9.094947017729282e-13,20,2025-12-11 18:00,2025-12-11 18:00,2025-11-21|2025-11-22|2025-11-23|2025-11-24|2025-11-25|2025-11-26|2025-11-27|2025-11-28|2025-11-29|2025-11-30|2025-12-01|2025-12-02|2025-12-03|2025-12-04|2025-12-05|2025-12-06|2025-12-07|2025-12-08|2025-12-09|2025-12-10,144
q3,S3,2025-12-12,0,highs-ipm,0.057701790996361524,2066.696272740618,2.2737367544323206e-13,8.810729923425242e-13,20,2025-12-12 00:00,2025-12-12 00:00,2025-11-22|2025-11-23|2025-11-24|2025-11-25|2025-11-26|2025-11-27|2025-11-28|2025-11-29|2025-11-30|2025-12-01|2025-12-02|2025-12-03|2025-12-04|2025-12-05|2025-12-06|2025-12-07|2025-12-08|2025-12-09|2025-12-10|2025-12-11,144
q3,S3,2025-12-12,6,highs-ipm,0.07831562500359723,10817.282321449738,2.2737367544323206e-13,8.064660050877137e-13,20,2025-12-12 06:00,2025-12-12 06:00,2025-11-22|2025-11-23|2025-11-24|2025-11-25|2025-11-26|2025-11-27|2025-11-28|2025-11-29|2025-11-30|2025-12-01|2025-12-02|2025-12-03|2025-12-04|2025-12-05|2025-12-06|2025-12-07|2025-12-08|2025-12-09|2025-12-10|2025-12-11,144
q3,S3,2025-12-12,12,highs-ipm,0.07519508300174493,18324.839072880124,2.2737367544323206e-13,8.810729923425242e-13,20,2025-12-12 12:00,2025-12-12 12:00,2025-11-22|2025-11-23|2025-11-24|2025-11-25|2025-11-26|2025-11-27|2025-11-28|2025-11-29|2025-11-30|2025-12-01|2025-12-02|2025-12-03|2025-12-04|2025-12-05|2025-12-06|2025-12-07|2025-12-08|2025-12-09|2025-12-10|2025-12-11,144
q3,S3,2025-12-12,18,highs-ipm,0.06920891600020695,17443.114274752006,9.094947017729282e-13,7.958078640513122e-13,20,2025-12-12 18:00,2025-12-12 18:00,2025-11-22|2025-11-23|2025-11-24|2025-11-25|2025-11-26|2025-11-27|2025-11-28|2025-11-29|2025-11-30|2025-12-01|2025-12-02|2025-12-03|2025-12-04|2025-12-05|2025-12-06|2025-12-07|2025-12-08|2025-12-09|2025-12-10|2025-12-11,144
q3,S3,2025-12-13,0,highs-ipm,0.06268212500435766,2143.723273214018,5.684341886080802e-14,9.094947017729282e-13,20,2025-12-13 00:00,2025-12-13 00:00,2025-11-23|2025-11-24|2025-11-25|2025-11-26|2025-11-27|2025-11-28|2025-11-29|2025-11-30|2025-12-01|2025-12-02|2025-12-03|2025-12-04|2025-12-05|2025-12-06|2025-12-07|2025-12-08|2025-12-09|2025-12-10|2025-12-11|2025-12-12,144
q3,S3,2025-12-13,6,highs-ipm,0.07690587500110269,13075.180283371477,2.2737367544323206e-13,8.752998326144734e-13,20,2025-12-13 06:00,2025-12-13 06:00,2025-11-23|2025-11-24|2025-11-25|2025-11-26|2025-11-27|2025-11-28|2025-11-29|2025-11-30|2025-12-01|2025-12-02|2025-12-03|2025-12-04|2025-12-05|2025-12-06|2025-12-07|2025-12-08|2025-12-09|2025-12-10|2025-12-11|2025-12-12,144
q3,S3,2025-12-13,12,highs-ipm,0.07458033299917588,27874.602318663536,1.1368683772161603e-13,9.094947017729282e-13,20,2025-12-13 12:00,2025-12-13 12:00,2025-11-23|2025-11-24|2025-11-25|2025-11-26|2025-11-27|2025-11-28|2025-11-29|2025-11-30|2025-12-01|2025-12-02|2025-12-03|2025-12-04|2025-12-05|2025-12-06|2025-12-07|2025-12-08|2025-12-09|2025-12-10|2025-12-11|2025-12-12,144
q3,S3,2025-12-13,18,highs-ipm,0.0683009169952129,49186.614600042296,2.8421709430404007e-13,9.094947017729282e-13,20,2025-12-13 18:00,2025-12-13 18:00,2025-11-23|2025-11-24|2025-11-25|2025-11-26|2025-11-27|2025-11-28|2025-11-29|2025-11-30|2025-12-01|2025-12-02|2025-12-03|2025-12-04|2025-12-05|2025-12-06|2025-12-07|2025-12-08|2025-12-09|2025-12-10|2025-12-11|2025-12-12,144
q3,S3,2025-12-14,0,highs-ipm,0.059844832998351194,2293.652228272531,5.115907697472721e-13,7.958078640513122e-13,20,2025-12-14 00:00,2025-12-14 00:00,2025-11-24|2025-11-25|2025-11-26|2025-11-27|2025-11-28|2025-11-29|2025-11-30|2025-12-01|2025-12-02|2025-12-03|2025-12-04|2025-12-05|2025-12-06|2025-12-07|2025-12-08|2025-12-09|2025-12-10|2025-12-11|2025-12-12|2025-12-13,144
q3,S3,2025-12-14,6,highs-ipm,0.07939274999807822,15482.435036527295,2.2737367544323206e-13,7.958078640513122e-13,20,2025-12-14 06:00,2025-12-14 06:00,2025-11-24|2025-11-25|2025-11-26|2025-11-27|2025-11-28|2025-11-29|2025-11-30|2025-12-01|2025-12-02|2025-12-03|2025-12-04|2025-12-05|2025-12-06|2025-12-07|2025-12-08|2025-12-09|2025-12-10|2025-12-11|2025-12-12|2025-12-13,144
q3,S3,2025-12-14,12,highs-ipm,0.07548474999930477,34910.96749665574,2.2737367544323206e-13,9.094947017729282e-13,20,2025-12-14 12:00,2025-12-14 12:00,2025-11-24|2025-11-25|2025-11-26|2025-11-27|2025-11-28|2025-11-29|2025-11-30|2025-12-01|2025-12-02|2025-12-03|2025-12-04|2025-12-05|2025-12-06|2025-12-07|2025-12-08|2025-12-09|2025-12-10|2025-12-11|2025-12-12|2025-12-13,144
q3,S3,2025-12-14,18,highs-ipm,0.07121620800171513,48057.669869765385,2.2737367544323206e-13,9.094947017729282e-13,20,2025-12-14 18:00,2025-12-14 18:00,2025-11-24|2025-11-25|2025-11-26|2025-11-27|2025-11-28|2025-11-29|2025-11-30|2025-12-01|2025-12-02|2025-12-03|2025-12-04|2025-12-05|2025-12-06|2025-12-07|2025-12-08|2025-12-09|2025-12-10|2025-12-11|2025-12-12|2025-12-13,144
q3,S3,2025-12-15,0,highs-ipm,0.06563087499671383,2198.9458519449227,2.1600499167107046e-12,9.094947017729282e-13,20,2025-12-15 00:00,2025-12-15 00:00,2025-11-25|2025-11-26|2025-11-27|2025-11-28|2025-11-29|2025-11-30|2025-12-01|2025-12-02|2025-12-03|2025-12-04|2025-12-05|2025-12-06|2025-12-07|2025-12-08|2025-12-09|2025-12-10|2025-12-11|2025-12-12|2025-12-13|2025-12-14,144
q3,S3,2025-12-15,6,highs-ipm,0.08078562500304542,16696.185459634897,2.2737367544323206e-13,9.094947017729282e-13,20,2025-12-15 06:00,2025-12-15 06:00,2025-11-25|2025-11-26|2025-11-27|2025-11-28|2025-11-29|2025-11-30|2025-12-01|2025-12-02|2025-12-03|2025-12-04|2025-12-05|2025-12-06|2025-12-07|2025-12-08|2025-12-09|2025-12-10|2025-12-11|2025-12-12|2025-12-13|2025-12-14,144
q3,S3,2025-12-15,12,highs-ipm,0.07529458300268743,32610.53268048187,2.2737367544323206e-13,8.171241461241152e-13,20,2025-12-15 12:00,2025-12-15 12:00,2025-11-25|2025-11-26|2025-11-27|2025-11-28|2025-11-29|2025-11-30|2025-12-01|2025-12-02|2025-12-03|2025-12-04|2025-12-05|2025-12-06|2025-12-07|2025-12-08|2025-12-09|2025-12-10|2025-12-11|2025-12-12|2025-12-13|2025-12-14,144
q3,S3,2025-12-15,18,highs-ipm,0.06820320800034096,48916.44264977237,2.2737367544323206e-13,9.094947017729282e-13,20,2025-12-15 18:00,2025-12-15 18:00,2025-11-25|2025-11-26|2025-11-27|2025-11-28|2025-11-29|2025-11-30|2025-12-01|2025-12-02|2025-12-03|2025-12-04|2025-12-05|2025-12-06|2025-12-07|2025-12-08|2025-12-09|2025-12-10|2025-12-11|2025-12-12|2025-12-13|2025-12-14,144
q3,S3,2025-12-16,0,highs-ipm,0.059821124996233266,2045.8002336711095,4.547473508864641e-13,7.958078640513122e-13,20,2025-12-16 00:00,2025-12-16 00:00,2025-11-26|2025-11-27|2025-11-28|2025-11-29|2025-11-30|2025-12-01|2025-12-02|2025-12-03|2025-12-04|2025-12-05|2025-12-06|2025-12-07|2025-12-08|2025-12-09|2025-12-10|2025-12-11|2025-12-12|2025-12-13|2025-12-14|2025-12-15,144
q3,S3,2025-12-16,6,highs-ipm,0.07626629199512536,11477.903485413117,2.2737367544323206e-13,9.094947017729282e-13,20,2025-12-16 06:00,2025-12-16 06:00,2025-11-26|2025-11-27|2025-11-28|2025-11-29|2025-11-30|2025-12-01|2025-12-02|2025-12-03|2025-12-04|2025-12-05|2025-12-06|2025-12-07|2025-12-08|2025-12-09|2025-12-10|2025-12-11|2025-12-12|2025-12-13|2025-12-14|2025-12-15,144
q3,S3,2025-12-16,12,highs-ipm,0.07413875000202097,33955.72287927235,2.2737367544323206e-13,9.094947017729282e-13,20,2025-12-16 12:00,2025-12-16 12:00,2025-11-26|2025-11-27|2025-11-28|2025-11-29|2025-11-30|2025-12-01|2025-12-02|2025-12-03|2025-12-04|2025-12-05|2025-12-06|2025-12-07|2025-12-08|2025-12-09|2025-12-10|2025-12-11|2025-12-12|2025-12-13|2025-12-14|2025-12-15,144
q3,S3,2025-12-16,18,highs-ipm,0.07022575000155484,51216.83181049084,2.2737367544323206e-13,9.094947017729282e-13,20,2025-12-16 18:00,2025-12-16 18:00,2025-11-26|2025-11-27|2025-11-28|2025-11-29|2025-11-30|2025-12-01|2025-12-02|2025-12-03|2025-12-04|2025-12-05|2025-12-06|2025-12-07|2025-12-08|2025-12-09|2025-12-10|2025-12-11|2025-12-12|2025-12-13|2025-12-14|2025-12-15,144
q3,S3,2025-12-17,0,highs-ipm,0.06089387499378063,1997.9529961934747,1.4779288903810084e-12,9.094947017729282e-13,20,2025-12-17 00:00,2025-12-17 00:00,2025-11-27|2025-11-28|2025-11-29|2025-11-30|2025-12-01|2025-12-02|2025-12-03|2025-12-04|2025-12-05|2025-12-06|2025-12-07|2025-12-08|2025-12-09|2025-12-10|2025-12-11|2025-12-12|2025-12-13|2025-12-14|2025-12-15|2025-12-16,144
q3,S3,2025-12-17,6,highs-ipm,0.08268704100191826,10447.961209294634,2.2737367544323206e-13,7.958078640513122e-13,20,2025-12-17 06:00,2025-12-17 06:00,2025-11-27|2025-11-28|2025-11-29|2025-11-30|2025-12-01|2025-12-02|2025-12-03|2025-12-04|2025-12-05|2025-12-06|2025-12-07|2025-12-08|2025-12-09|2025-12-10|2025-12-11|2025-12-12|2025-12-13|2025-12-14|2025-12-15|2025-12-16,144
q3,S3,2025-12-17,12,highs-ipm,0.07694245799939381,28451.418090336458,2.2737367544323206e-13,9.094947017729282e-13,20,2025-12-17 12:00,2025-12-17 12:00,2025-11-27|2025-11-28|2025-11-29|2025-11-30|2025-12-01|2025-12-02|2025-12-03|2025-12-04|2025-12-05|2025-12-06|2025-12-07|2025-12-08|2025-12-09|2025-12-10|2025-12-11|2025-12-12|2025-12-13|2025-12-14|2025-12-15|2025-12-16,144
q3,S3,2025-12-17,18,highs-ipm,0.06971674999658717,48156.13889751322,1.1368683772161603e-12,7.958078640513122e-13,20,2025-12-17 18:00,2025-12-17 18:00,2025-11-27|2025-11-28|2025-11-29|2025-11-30|2025-12-01|2025-12-02|2025-12-03|2025-12-04|2025-12-05|2025-12-06|2025-12-07|2025-12-08|2025-12-09|2025-12-10|2025-12-11|2025-12-12|2025-12-13|2025-12-14|2025-12-15|2025-12-16,144
q3,S3,2025-12-18,0,highs-ipm,0.061190166998130735,1987.2084742134127,1.1368683772161603e-13,8.526512829121202e-13,20,2025-12-18 00:00,2025-12-18 00:00,2025-11-28|2025-11-29|2025-11-30|2025-12-01|2025-12-02|2025-12-03|2025-12-04|2025-12-05|2025-12-06|2025-12-07|2025-12-08|2025-12-09|2025-12-10|2025-12-11|2025-12-12|2025-12-13|2025-12-14|2025-12-15|2025-12-16|2025-12-17,144
q3,S3,2025-12-18,6,highs-ipm,0.07636724999611033,10846.652315429843,2.2737367544323206e-13,9.094947017729282e-13,20,2025-12-18 06:00,2025-12-18 06:00,2025-11-28|2025-11-29|2025-11-30|2025-12-01|2025-12-02|2025-12-03|2025-12-04|2025-12-05|2025-12-06|2025-12-07|2025-12-08|2025-12-09|2025-12-10|2025-12-11|2025-12-12|2025-12-13|2025-12-14|2025-12-15|2025-12-16|2025-12-17,144
q3,S3,2025-12-18,12,highs-ipm,0.0756672499992419,18337.06876929247,2.2737367544323206e-13,9.094947017729282e-13,20,2025-12-18 12:00,2025-12-18 12:00,2025-11-28|2025-11-29|2025-11-30|2025-12-01|2025-12-02|2025-12-03|2025-12-04|2025-12-05|2025-12-06|2025-12-07|2025-12-08|2025-12-09|2025-12-10|2025-12-11|2025-12-12|2025-12-13|2025-12-14|2025-12-15|2025-12-16|2025-12-17,144
q3,S3,2025-12-18,18,highs-ipm,0.069602916999429,20376.518273445785,1.1368683772161603e-13,9.094947017729282e-13,20,2025-12-18 18:00,2025-12-18 18:00,2025-11-28|2025-11-29|2025-11-30|2025-12-01|2025-12-02|2025-12-03|2025-12-04|2025-12-05|2025-12-06|2025-12-07|2025-12-08|2025-12-09|2025-12-10|2025-12-11|2025-12-12|2025-12-13|2025-12-14|2025-12-15|2025-12-16|2025-12-17,144
q3,S3,2025-12-19,0,highs-ipm,0.06269691600027727,1877.4076988705149,2.2737367544323206e-13,9.094947017729282e-13,20,2025-12-19 00:00,2025-12-19 00:00,2025-11-29|2025-11-30|2025-12-01|2025-12-02|2025-12-03|2025-12-04|2025-12-05|2025-12-06|2025-12-07|2025-12-08|2025-12-09|2025-12-10|2025-12-11|2025-12-12|2025-12-13|2025-12-14|2025-12-15|2025-12-16|2025-12-17|2025-12-18,144
q3,S3,2025-12-19,6,highs-ipm,0.07231104200036498,11076.501036269832,1.1368683772161603e-13,9.094947017729282e-13,20,2025-12-19 06:00,2025-12-19 06:00,2025-11-29|2025-11-30|2025-12-01|2025-12-02|2025-12-03|2025-12-04|2025-12-05|2025-12-06|2025-12-07|2025-12-08|2025-12-09|2025-12-10|2025-12-11|2025-12-12|2025-12-13|2025-12-14|2025-12-15|2025-12-16|2025-12-17|2025-12-18,144
q3,S3,2025-12-19,12,highs-ipm,0.0764078749998589,18864.474042710266,2.2737367544323206e-13,9.094947017729282e-13,20,2025-12-19 12:00,2025-12-19 12:00,2025-11-29|2025-11-30|2025-12-01|2025-12-02|2025-12-03|2025-12-04|2025-12-05|2025-12-06|2025-12-07|2025-12-08|2025-12-09|2025-12-10|2025-12-11|2025-12-12|2025-12-13|2025-12-14|2025-12-15|2025-12-16|2025-12-17|2025-12-18,144
q3,S3,2025-12-19,18,highs-ipm,0.06895820800127694,22255.077863914154,5.684341886080802e-14,9.094947017729282e-13,20,2025-12-19 18:00,2025-12-19 18:00,2025-11-29|2025-11-30|2025-12-01|2025-12-02|2025-12-03|2025-12-04|2025-12-05|2025-12-06|2025-12-07|2025-12-08|2025-12-09|2025-12-10|2025-12-11|2025-12-12|2025-12-13|2025-12-14|2025-12-15|2025-12-16|2025-12-17|2025-12-18,144
q3,S3,2025-12-20,0,highs-ipm,0.05965424999885727,1809.5741566319673,9.094947017729282e-13,8.668621376273222e-13,20,2025-12-20 00:00,2025-12-20 00:00,2025-11-30|2025-12-01|2025-12-02|2025-12-03|2025-12-04|2025-12-05|2025-12-06|2025-12-07|2025-12-08|2025-12-09|2025-12-10|2025-12-11|2025-12-12|2025-12-13|2025-12-14|2025-12-15|2025-12-16|2025-12-17|2025-12-18|2025-12-19,144
q3,S3,2025-12-20,6,highs-ipm,0.08216141699813306,11349.710407687779,5.684341886080802e-14,9.094947017729282e-13,20,2025-12-20 06:00,2025-12-20 06:00,2025-11-30|2025-12-01|2025-12-02|2025-12-03|2025-12-04|2025-12-05|2025-12-06|2025-12-07|2025-12-08|2025-12-09|2025-12-10|2025-12-11|2025-12-12|2025-12-13|2025-12-14|2025-12-15|2025-12-16|2025-12-17|2025-12-18|2025-12-19,144
q3,S3,2025-12-20,12,highs-ipm,0.07857658399734646,31202.264451260216,2.2737367544323206e-13,8.526512829121202e-13,20,2025-12-20 12:00,2025-12-20 12:00,2025-11-30|2025-12-01|2025-12-02|2025-12-03|2025-12-04|2025-12-05|2025-12-06|2025-12-07|2025-12-08|2025-12-09|2025-12-10|2025-12-11|2025-12-12|2025-12-13|2025-12-14|2025-12-15|2025-12-16|2025-12-17|2025-12-18|2025-12-19,144
q3,S3,2025-12-20,18,highs-ipm,0.07194029200036312,49638.17448787986,5.684341886080802e-14,7.958078640513122e-13,20,2025-12-20 18:00,2025-12-20 18:00,2025-11-30|2025-12-01|2025-12-02|2025-12-03|2025-12-04|2025-12-05|2025-12-06|2025-12-07|2025-12-08|2025-12-09|2025-12-10|2025-12-11|2025-12-12|2025-12-13|2025-12-14|2025-12-15|2025-12-16|2025-12-17|2025-12-18|2025-12-19,144
q3,S3,2025-12-21,0,highs-ipm,0.05959212499874411,1964.945266969584,2.2737367544323206e-13,7.958078640513122e-13,20,2025-12-21 00:00,2025-12-21 00:00,2025-12-01|2025-12-02|2025-12-03|2025-12-04|2025-12-05|2025-12-06|2025-12-07|2025-12-08|2025-12-09|2025-12-10|2025-12-11|2025-12-12|2025-12-13|2025-12-14|2025-12-15|2025-12-16|2025-12-17|2025-12-18|2025-12-19|2025-12-20,144
q3,S3,2025-12-21,6,highs-ipm,0.07756962499843212,11741.865021098214,2.2737367544323206e-13,9.094947017729282e-13,20,2025-12-21 06:00,2025-12-21 06:00,2025-12-01|2025-12-02|2025-12-03|2025-12-04|2025-12-05|2025-12-06|2025-12-07|2025-12-08|2025-12-09|2025-12-10|2025-12-11|2025-12-12|2025-12-13|2025-12-14|2025-12-15|2025-12-16|2025-12-17|2025-12-18|2025-12-19|2025-12-20,144
q3,S3,2025-12-21,12,highs-ipm,0.0782181250033318,33170.34368527942,1.8207657603852567e-13,7.958078640513122e-13,20,2025-12-21 12:00,2025-12-21 12:00,2025-12-01|2025-12-02|2025-12-03|2025-12-04|2025-12-05|2025-12-06|2025-12-07|2025-12-08|2025-12-09|2025-12-10|2025-12-11|2025-12-12|2025-12-13|2025-12-14|2025-12-15|2025-12-16|2025-12-17|2025-12-18|2025-12-19|2025-12-20,144
q3,S3,2025-12-21,18,highs-ipm,0.07254904200090095,52569.055626327645,5.684341886080802e-14,7.958078640513122e-13,20,2025-12-21 18:00,2025-12-21 18:00,2025-12-01|2025-12-02|2025-12-03|2025-12-04|2025-12-05|2025-12-06|2025-12-07|2025-12-08|2025-12-09|2025-12-10|2025-12-11|2025-12-12|2025-12-13|2025-12-14|2025-12-15|2025-12-16|2025-12-17|2025-12-18|2025-12-19|2025-12-20,144
q3,S3,2025-12-22,0,highs-ipm,0.06377816700114636,1997.168145158276,1.1368683772161603e-13,7.958078640513122e-13,20,2025-12-22 00:00,2025-12-22 00:00,2025-12-02|2025-12-03|2025-12-04|2025-12-05|2025-12-06|2025-12-07|2025-12-08|2025-12-09|2025-12-10|2025-12-11|2025-12-12|2025-12-13|2025-12-14|2025-12-15|2025-12-16|2025-12-17|2025-12-18|2025-12-19|2025-12-20|2025-12-21,144
q3,S3,2025-12-22,6,highs-ipm,0.07804070899874205,12217.141196125995,2.2737367544323206e-13,9.094947017729282e-13,20,2025-12-22 06:00,2025-12-22 06:00,2025-12-02|2025-12-03|2025-12-04|2025-12-05|2025-12-06|2025-12-07|2025-12-08|2025-12-09|2025-12-10|2025-12-11|2025-12-12|2025-12-13|2025-12-14|2025-12-15|2025-12-16|2025-12-17|2025-12-18|2025-12-19|2025-12-20|2025-12-21,144
q3,S3,2025-12-22,12,highs-ipm,0.07368449999921722,32560.82033900545,2.2737367544323206e-13,7.958078640513122e-13,20,2025-12-22 12:00,2025-12-22 12:00,2025-12-02|2025-12-03|2025-12-04|2025-12-05|2025-12-06|2025-12-07|2025-12-08|2025-12-09|2025-12-10|2025-12-11|2025-12-12|2025-12-13|2025-12-14|2025-12-15|2025-12-16|2025-12-17|2025-12-18|2025-12-19|2025-12-20|2025-12-21,144
q3,S3,2025-12-22,18,highs-ipm,0.07309274999715853,52837.09377062501,2.2737367544323206e-13,7.958078640513122e-13,20,2025-12-22 18:00,2025-12-22 18:00,2025-12-02|2025-12-03|2025-12-04|2025-12-05|2025-12-06|2025-12-07|2025-12-08|2025-12-09|2025-12-10|2025-12-11|2025-12-12|2025-12-13|2025-12-14|2025-12-15|2025-12-16|2025-12-17|2025-12-18|2025-12-19|2025-12-20|2025-12-21,144
q3,S3,2025-12-23,0,highs-ipm,0.05378454199671978,2012.1654867771238,2.2737367544323206e-13,8.526512829121202e-13,20,2025-12-23 00:00,2025-12-23 00:00,2025-12-03|2025-12-04|2025-12-05|2025-12-06|2025-12-07|2025-12-08|2025-12-09|2025-12-10|2025-12-11|2025-12-12|2025-12-13|2025-12-14|2025-12-15|2025-12-16|2025-12-17|2025-12-18|2025-12-19|2025-12-20|2025-12-21|2025-12-22,144
q3,S3,2025-12-23,6,highs-ipm,0.07883370899799047,11112.929847643165,2.2737367544323206e-13,9.094947017729282e-13,20,2025-12-23 06:00,2025-12-23 06:00,2025-12-03|2025-12-04|2025-12-05|2025-12-06|2025-12-07|2025-12-08|2025-12-09|2025-12-10|2025-12-11|2025-12-12|2025-12-13|2025-12-14|2025-12-15|2025-12-16|2025-12-17|2025-12-18|2025-12-19|2025-12-20|2025-12-21|2025-12-22,144
q3,S3,2025-12-23,12,highs-ipm,0.07445945800282061,30786.60360983224,1.1368683772161603e-13,7.958078640513122e-13,20,2025-12-23 12:00,2025-12-23 12:00,2025-12-03|2025-12-04|2025-12-05|2025-12-06|2025-12-07|2025-12-08|2025-12-09|2025-12-10|2025-12-11|2025-12-12|2025-12-13|2025-12-14|2025-12-15|2025-12-16|2025-12-17|2025-12-18|2025-12-19|2025-12-20|2025-12-21|2025-12-22,144
q3,S3,2025-12-23,18,highs-ipm,0.06980279099661857,46481.949230673396,4.547473508864641e-13,7.958078640513122e-13,20,2025-12-23 18:00,2025-12-23 18:00,2025-12-03|2025-12-04|2025-12-05|2025-12-06|2025-12-07|2025-12-08|2025-12-09|2025-12-10|2025-12-11|2025-12-12|2025-12-13|2025-12-14|2025-12-15|2025-12-16|2025-12-17|2025-12-18|2025-12-19|2025-12-20|2025-12-21|2025-12-22,144
q3,S3,2025-12-24,0,highs-ipm,0.05565533399931155,1995.3699234614135,2.2737367544323206e-13,7.958078640513122e-13,20,2025-12-24 00:00,2025-12-24 00:00,2025-12-04|2025-12-05|2025-12-06|2025-12-07|2025-12-08|2025-12-09|2025-12-10|2025-12-11|2025-12-12|2025-12-13|2025-12-14|2025-12-15|2025-12-16|2025-12-17|2025-12-18|2025-12-19|2025-12-20|2025-12-21|2025-12-22|2025-12-23,144
q3,S3,2025-12-24,6,highs-ipm,0.07830745800310979,12382.24726652953,2.2737367544323206e-13,9.094947017729282e-13,20,2025-12-24 06:00,2025-12-24 06:00,2025-12-04|2025-12-05|2025-12-06|2025-12-07|2025-12-08|2025-12-09|2025-12-10|2025-12-11|2025-12-12|2025-12-13|2025-12-14|2025-12-15|2025-12-16|2025-12-17|2025-12-18|2025-12-19|2025-12-20|2025-12-21|2025-12-22|2025-12-23,144
q3,S3,2025-12-24,12,highs-ipm,0.07577529200352728,29136.61131329047,2.2737367544323206e-13,9.094947017729282e-13,20,2025-12-24 12:00,2025-12-24 12:00,2025-12-04|2025-12-05|2025-12-06|2025-12-07|2025-12-08|2025-12-09|2025-12-10|2025-12-11|2025-12-12|2025-12-13|2025-12-14|2025-12-15|2025-12-16|2025-12-17|2025-12-18|2025-12-19|2025-12-20|2025-12-21|2025-12-22|2025-12-23,144
q3,S3,2025-12-24,18,highs-ipm,0.06789574999856995,50699.42522099594,0.0,9.094947017729282e-13,20,2025-12-24 18:00,2025-12-24 18:00,2025-12-04|2025-12-05|2025-12-06|2025-12-07|2025-12-08|2025-12-09|2025-12-10|2025-12-11|2025-12-12|2025-12-13|2025-12-14|2025-12-15|2025-12-16|2025-12-17|2025-12-18|2025-12-19|2025-12-20|2025-12-21|2025-12-22|2025-12-23,144
q3,S3,2025-12-25,0,highs-ipm,0.06105658299929928,2041.3980151742246,2.0463630789890885e-12,7.958078640513122e-13,20,2025-12-25 00:00,2025-12-25 00:00,2025-12-05|2025-12-06|2025-12-07|2025-12-08|2025-12-09|2025-12-10|2025-12-11|2025-12-12|2025-12-13|2025-12-14|2025-12-15|2025-12-16|2025-12-17|2025-12-18|2025-12-19|2025-12-20|2025-12-21|2025-12-22|2025-12-23|2025-12-24,144
q3,S3,2025-12-25,6,highs-ipm,0.07503216600161977,9936.243484117384,2.2737367544323206e-13,7.958078640513122e-13,20,2025-12-25 06:00,2025-12-25 06:00,2025-12-05|2025-12-06|2025-12-07|2025-12-08|2025-12-09|2025-12-10|2025-12-11|2025-12-12|2025-12-13|2025-12-14|2025-12-15|2025-12-16|2025-12-17|2025-12-18|2025-12-19|2025-12-20|2025-12-21|2025-12-22|2025-12-23|2025-12-24,144
q3,S3,2025-12-25,12,highs-ipm,0.07598320899705868,16828.10883913123,1.1368683772161603e-13,9.094947017729282e-13,20,2025-12-25 12:00,2025-12-25 12:00,2025-12-05|2025-12-06|2025-12-07|2025-12-08|2025-12-09|2025-12-10|2025-12-11|2025-12-12|2025-12-13|2025-12-14|2025-12-15|2025-12-16|2025-12-17|2025-12-18|2025-12-19|2025-12-20|2025-12-21|2025-12-22|2025-12-23|2025-12-24,144
q3,S3,2025-12-25,18,highs-ipm,0.07013754099898506,22619.14463113029,5.684341886080802e-14,9.094947017729282e-13,20,2025-12-25 18:00,2025-12-25 18:00,2025-12-05|2025-12-06|2025-12-07|2025-12-08|2025-12-09|2025-12-10|2025-12-11|2025-12-12|2025-12-13|2025-12-14|2025-12-15|2025-12-16|2025-12-17|2025-12-18|2025-12-19|2025-12-20|2025-12-21|2025-12-22|2025-12-23|2025-12-24,144
q3,S3,2025-12-26,0,highs-ipm,0.057378083998628426,1706.242210931577,1.1368683772161603e-13,9.094947017729282e-13,20,2025-12-26 00:00,2025-12-26 00:00,2025-12-06|2025-12-07|2025-12-08|2025-12-09|2025-12-10|2025-12-11|2025-12-12|2025-12-13|2025-12-14|2025-12-15|2025-12-16|2025-12-17|2025-12-18|2025-12-19|2025-12-20|2025-12-21|2025-12-22|2025-12-23|2025-12-24|2025-12-25,144
q3,S3,2025-12-26,6,highs-ipm,0.08133270800317405,10339.171232582394,1.1368683772161603e-13,8.810729923425242e-13,20,2025-12-26 06:00,2025-12-26 06:00,2025-12-06|2025-12-07|2025-12-08|2025-12-09|2025-12-10|2025-12-11|2025-12-12|2025-12-13|2025-12-14|2025-12-15|2025-12-16|2025-12-17|2025-12-18|2025-12-19|2025-12-20|2025-12-21|2025-12-22|2025-12-23|2025-12-24|2025-12-25,144
q3,S3,2025-12-26,12,highs-ipm,0.07803262500237906,14100.639084805587,1.1368683772161603e-13,9.094947017729282e-13,20,2025-12-26 12:00,2025-12-26 12:00,2025-12-06|2025-12-07|2025-12-08|2025-12-09|2025-12-10|2025-12-11|2025-12-12|2025-12-13|2025-12-14|2025-12-15|2025-12-16|2025-12-17|2025-12-18|2025-12-19|2025-12-20|2025-12-21|2025-12-22|2025-12-23|2025-12-24|2025-12-25,144
q3,S3,2025-12-26,18,highs-ipm,0.07086741600505775,21566.61810156486,2.2737367544323206e-13,9.094947017729282e-13,20,2025-12-26 18:00,2025-12-26 18:00,2025-12-06|2025-12-07|2025-12-08|2025-12-09|2025-12-10|2025-12-11|2025-12-12|2025-12-13|2025-12-14|2025-12-15|2025-12-16|2025-12-17|2025-12-18|2025-12-19|2025-12-20|2025-12-21|2025-12-22|2025-12-23|2025-12-24|2025-12-25,144
q3,S3,2025-12-27,0,highs-ipm,0.06246604199986905,1797.3777697131234,5.115907697472721e-13,9.094947017729282e-13,20,2025-12-27 00:00,2025-12-27 00:00,2025-12-07|2025-12-08|2025-12-09|2025-12-10|2025-12-11|2025-12-12|2025-12-13|2025-12-14|2025-12-15|2025-12-16|2025-12-17|2025-12-18|2025-12-19|2025-12-20|2025-12-21|2025-12-22|2025-12-23|2025-12-24|2025-12-25|2025-12-26,144
q3,S3,2025-12-27,6,highs-ipm,0.07542633300181478,12429.775610720642,5.684341886080802e-14,8.313350008393172e-13,20,2025-12-27 06:00,2025-12-27 06:00,2025-12-07|2025-12-08|2025-12-09|2025-12-10|2025-12-11|2025-12-12|2025-12-13|2025-12-14|2025-12-15|2025-12-16|2025-12-17|2025-12-18|2025-12-19|2025-12-20|2025-12-21|2025-12-22|2025-12-23|2025-12-24|2025-12-25|2025-12-26,144
q3,S3,2025-12-27,12,highs-ipm,0.07748116600123467,29089.24283335048,5.684341886080802e-14,9.094947017729282e-13,20,2025-12-27 12:00,2025-12-27 12:00,2025-12-07|2025-12-08|2025-12-09|2025-12-10|2025-12-11|2025-12-12|2025-12-13|2025-12-14|2025-12-15|2025-12-16|2025-12-17|2025-12-18|2025-12-19|2025-12-20|2025-12-21|2025-12-22|2025-12-23|2025-12-24|2025-12-25|2025-12-26,144
q3,S3,2025-12-27,18,highs-ipm,0.06996883399551734,45053.167446620704,1.1368683772161603e-13,9.094947017729282e-13,20,2025-12-27 18:00,2025-12-27 18:00,2025-12-07|2025-12-08|2025-12-09|2025-12-10|2025-12-11|2025-12-12|2025-12-13|2025-12-14|2025-12-15|2025-12-16|2025-12-17|2025-12-18|2025-12-19|2025-12-20|2025-12-21|2025-12-22|2025-12-23|2025-12-24|2025-12-25|2025-12-26,144
q3,S3,2025-12-28,0,highs-ipm,0.05374200000369456,1963.6596133911762,2.504663143554353e-13,9.094947017729282e-13,20,2025-12-28 00:00,2025-12-28 00:00,2025-12-08|2025-12-09|2025-12-10|2025-12-11|2025-12-12|2025-12-13|2025-12-14|2025-12-15|2025-12-16|2025-12-17|2025-12-18|2025-12-19|2025-12-20|2025-12-21|2025-12-22|2025-12-23|2025-12-24|2025-12-25|2025-12-26|2025-12-27,144
q3,S3,2025-12-28,6,highs-ipm,0.07936054099991452,12091.579310911291,1.3642420526593924e-12,9.094947017729282e-13,20,2025-12-28 06:00,2025-12-28 06:00,2025-12-08|2025-12-09|2025-12-10|2025-12-11|2025-12-12|2025-12-13|2025-12-14|2025-12-15|2025-12-16|2025-12-17|2025-12-18|2025-12-19|2025-12-20|2025-12-21|2025-12-22|2025-12-23|2025-12-24|2025-12-25|2025-12-26|2025-12-27,144
q3,S3,2025-12-28,12,highs-ipm,0.07545633299741894,28177.331045043822,2.2737367544323206e-13,9.094947017729282e-13,20,2025-12-28 12:00,2025-12-28 12:00,2025-12-08|2025-12-09|2025-12-10|2025-12-11|2025-12-12|2025-12-13|2025-12-14|2025-12-15|2025-12-16|2025-12-17|2025-12-18|2025-12-19|2025-12-20|2025-12-21|2025-12-22|2025-12-23|2025-12-24|2025-12-25|2025-12-26|2025-12-27,144
q3,S3,2025-12-28,18,highs-ipm,0.07044770900392905,47159.73061147669,1.3642420526593924e-12,9.094947017729282e-13,20,2025-12-28 18:00,2025-12-28 18:00,2025-12-08|2025-12-09|2025-12-10|2025-12-11|2025-12-12|2025-12-13|2025-12-14|2025-12-15|2025-12-16|2025-12-17|2025-12-18|2025-12-19|2025-12-20|2025-12-21|2025-12-22|2025-12-23|2025-12-24|2025-12-25|2025-12-26|2025-12-27,144
q3,S3,2025-12-29,0,highs-ipm,0.05587454199849162,1962.0589319234923,1.1368683772161603e-13,9.094947017729282e-13,20,2025-12-29 00:00,2025-12-29 00:00,2025-12-09|2025-12-10|2025-12-11|2025-12-12|2025-12-13|2025-12-14|2025-12-15|2025-12-16|2025-12-17|2025-12-18|2025-12-19|2025-12-20|2025-12-21|2025-12-22|2025-12-23|2025-12-24|2025-12-25|2025-12-26|2025-12-27|2025-12-28,144
q3,S3,2025-12-29,6,highs-ipm,0.07928499999979977,14134.90839806502,2.2737367544323206e-13,8.86846152070575e-13,20,2025-12-29 06:00,2025-12-29 06:00,2025-12-09|2025-12-10|2025-12-11|2025-12-12|2025-12-13|2025-12-14|2025-12-15|2025-12-16|2025-12-17|2025-12-18|2025-12-19|2025-12-20|2025-12-21|2025-12-22|2025-12-23|2025-12-24|2025-12-25|2025-12-26|2025-12-27|2025-12-28,144
q3,S3,2025-12-29,12,highs-ipm,0.07621866699628299,31253.062100220697,1.1368683772161603e-13,9.094947017729282e-13,20,2025-12-29 12:00,2025-12-29 12:00,2025-12-09|2025-12-10|2025-12-11|2025-12-12|2025-12-13|2025-12-14|2025-12-15|2025-12-16|2025-12-17|2025-12-18|2025-12-19|2025-12-20|2025-12-21|2025-12-22|2025-12-23|2025-12-24|2025-12-25|2025-12-26|2025-12-27|2025-12-28,144
q3,S3,2025-12-29,18,highs-ipm,0.06951587500225287,47418.02603355675,2.2737367544323206e-13,9.094947017729282e-13,20,2025-12-29 18:00,2025-12-29 18:00,2025-12-09|2025-12-10|2025-12-11|2025-12-12|2025-12-13|2025-12-14|2025-12-15|2025-12-16|2025-12-17|2025-12-18|2025-12-19|2025-12-20|2025-12-21|2025-12-22|2025-12-23|2025-12-24|2025-12-25|2025-12-26|2025-12-27|2025-12-28,144
q3,S3,2025-12-30,0,highs-ipm,0.05439658300019801,1963.9063113915458,2.2737367544323206e-13,9.094947017729282e-13,20,2025-12-30 00:00,2025-12-30 00:00,2025-12-10|2025-12-11|2025-12-12|2025-12-13|2025-12-14|2025-12-15|2025-12-16|2025-12-17|2025-12-18|2025-12-19|2025-12-20|2025-12-21|2025-12-22|2025-12-23|2025-12-24|2025-12-25|2025-12-26|2025-12-27|2025-12-28|2025-12-29,144
q3,S3,2025-12-30,6,highs-ipm,0.07924254200042924,12913.119506647778,2.2737367544323206e-13,9.094947017729282e-13,20,2025-12-30 06:00,2025-12-30 06:00,2025-12-10|2025-12-11|2025-12-12|2025-12-13|2025-12-14|2025-12-15|2025-12-16|2025-12-17|2025-12-18|2025-12-19|2025-12-20|2025-12-21|2025-12-22|2025-12-23|2025-12-24|2025-12-25|2025-12-26|2025-12-27|2025-12-28|2025-12-29,144
q3,S3,2025-12-30,12,highs-ipm,0.07554329100094037,29324.593718422726,2.2737367544323206e-13,9.094947017729282e-13,20,2025-12-30 12:00,2025-12-30 12:00,2025-12-10|2025-12-11|2025-12-12|2025-12-13|2025-12-14|2025-12-15|2025-12-16|2025-12-17|2025-12-18|2025-12-19|2025-12-20|2025-12-21|2025-12-22|2025-12-23|2025-12-24|2025-12-25|2025-12-26|2025-12-27|2025-12-28|2025-12-29,144
q3,S3,2025-12-30,18,highs-ipm,0.06980512500012992,49580.886134604145,1.2505552149377763e-12,9.094947017729282e-13,20,2025-12-30 18:00,2025-12-30 18:00,2025-12-10|2025-12-11|2025-12-12|2025-12-13|2025-12-14|2025-12-15|2025-12-16|2025-12-17|2025-12-18|2025-12-19|2025-12-20|2025-12-21|2025-12-22|2025-12-23|2025-12-24|2025-12-25|2025-12-26|2025-12-27|2025-12-28|2025-12-29,144
q3,S3,2025-12-31,0,highs-ipm,0.055385500003467314,1934.5637894306012,2.2737367544323206e-13,7.958078640513122e-13,20,2025-12-31 00:00,2025-12-31 00:00,2025-12-11|2025-12-12|2025-12-13|2025-12-14|2025-12-15|2025-12-16|2025-12-17|2025-12-18|2025-12-19|2025-12-20|2025-12-21|2025-12-22|2025-12-23|2025-12-24|2025-12-25|2025-12-26|2025-12-27|2025-12-28|2025-12-29|2025-12-30,144
q3,S3,2025-12-31,6,highs-ipm,0.05078800000046613,623.1414249891349,2.2737367544323206e-13,9.094947017729282e-13,20,2025-12-31 06:00,2025-12-31 06:00,2025-12-11|2025-12-12|2025-12-13|2025-12-14|2025-12-15|2025-12-16|2025-12-17|2025-12-18|2025-12-19|2025-12-20|2025-12-21|2025-12-22|2025-12-23|2025-12-24|2025-12-25|2025-12-26|2025-12-27|2025-12-28|2025-12-29|2025-12-30,108
q3,S3,2025-12-31,12,highs-ipm,0.031923625007038936,487.34331601308173,5.684341886080802e-14,8.384404281969182e-13,20,2025-12-31 12:00,2025-12-31 12:00,2025-12-11|2025-12-12|2025-12-13|2025-12-14|2025-12-15|2025-12-16|2025-12-17|2025-12-18|2025-12-19|2025-12-20|2025-12-21|2025-12-22|2025-12-23|2025-12-24|2025-12-25|2025-12-26|2025-12-27|2025-12-28|2025-12-29|2025-12-30,72
q3,S3,2025-12-31,18,highs-ipm,0.012942834000568837,304.71731343211616,2.6645352591003757e-13,5.684341886080801e-13,20,2025-12-31 18:00,2025-12-31 18:00,2025-12-11|2025-12-12|2025-12-13|2025-12-14|2025-12-15|2025-12-16|2025-12-17|2025-12-18|2025-12-19|2025-12-20|2025-12-21|2025-12-22|2025-12-23|2025-12-24|2025-12-25|2025-12-26|2025-12-27|2025-12-28|2025-12-29|2025-12-30,36
