date,issue_hour,seconds,objective,horizon_intervals,scenarios,variables,history_dates,latest_observation,decision_time,max_soc_residual,max_balance_residual,status,success,message,iterations,lp_residual
2025-02-01,0,0.02075962500020978,26882.59949110268,144,10,2306,2025-01-12|2025-01-14|2025-01-16|2025-01-18|2025-01-20|2025-01-23|2025-01-25|2025-01-27|2025-01-29|2025-01-31,2025-02-01 00:00,2025-02-01 00:00,9.094947017729282e-13,5.684341886080802e-14,0,True,Optimization terminated successfully. (HiGHS Status 7: Optimal),511,0.0
2025-02-02,0,0.021430458000395447,62119.81323455111,144,10,2306,2025-01-13|2025-01-15|2025-01-17|2025-01-19|2025-01-21|2025-01-24|2025-01-26|2025-01-28|2025-01-30|2025-02-01,2025-02-02 00:00,2025-02-02 00:00,9.094947017729282e-13,0.0,0,True,Optimization terminated successfully. (HiGHS Status 7: Optimal),534,0.0
2025-02-03,0,0.02135558299960394,60786.84472445139,144,10,2306,2025-01-14|2025-01-16|2025-01-18|2025-01-20|2025-01-22|2025-01-25|2025-01-27|2025-01-29|2025-01-31|2025-02-02,2025-02-03 00:00,2025-02-03 00:00,8.526512829121202e-13,2.2737367544323206e-13,0,True,Optimization terminated successfully. (HiGHS Status 7: Optimal),534,0.0
2025-02-04,0,0.02152820899937069,60749.82631611591,144,10,2306,2025-01-15|2025-01-17|2025-01-19|2025-01-21|2025-01-23|2025-01-26|2025-01-28|2025-01-30|2025-02-01|2025-02-03,2025-02-04 00:00,2025-02-04 00:00,9.094947017729282e-13,0.0,0,True,Optimization terminated successfully. (HiGHS Status 7: Optimal),529,0.0
2025-02-05,0,0.02115970799968636,60379.22663531009,144,10,2306,2025-01-16|2025-01-18|2025-01-20|2025-01-22|2025-01-24|2025-01-27|2025-01-29|2025-01-31|2025-02-02|2025-02-04,2025-02-05 00:00,2025-02-05 00:00,7.958078640513122e-13,0.0,0,True,Optimization terminated successfully. (HiGHS Status 7: Optimal),536,0.0
2025-02-06,0,0.02144537499953003,60556.046590954524,144,10,2306,2025-01-17|2025-01-19|2025-01-21|2025-01-23|2025-01-25|2025-01-28|2025-01-30|2025-02-01|2025-02-03|2025-02-05,2025-02-06 00:00,2025-02-06 00:00,1.0231815394945443e-12,0.0,0,True,Optimization terminated successfully. (HiGHS Status 7: Optimal),527,0.0
2025-02-07,0,0.021871291999559617,25158.318332110273,144,10,2306,2025-01-18|2025-01-20|2025-01-22|2025-01-24|2025-01-26|2025-01-29|2025-01-31|2025-02-02|2025-02-04|2025-02-06,2025-02-07 00:00,2025-02-07 00:00,8.526512829121202e-13,1.1368683772161603e-13,0,True,Optimization terminated successfully. (HiGHS Status 7: Optimal),496,0.0
2025-02-08,0,0.021161209000638337,23962.03123745451,144,10,2306,2025-01-19|2025-01-21|2025-01-23|2025-01-25|2025-01-27|2025-01-30|2025-02-01|2025-02-03|2025-02-05|2025-02-07,2025-02-08 00:00,2025-02-08 00:00,9.094947017729282e-13,1.1368683772161603e-13,0,True,Optimization terminated successfully. (HiGHS Status 7: Optimal),492,0.0
2025-02-09,0,0.024824665999403805,58957.68127453858,144,10,2306,2025-01-20|2025-01-22|2025-01-24|2025-01-26|2025-01-28|2025-01-31|2025-02-02|2025-02-04|2025-02-06|2025-02-08,2025-02-09 00:00,2025-02-09 00:00,9.094947017729282e-13,2.842170943040401e-14,0,True,Optimization terminated successfully. (HiGHS Status 7: Optimal),531,0.0
2025-02-10,0,0.025378250000358094,56891.18824076273,144,10,2306,2025-01-21|2025-01-23|2025-01-25|2025-01-27|2025-01-29|2025-02-01|2025-02-03|2025-02-05|2025-02-07|2025-02-09,2025-02-10 00:00,2025-02-10 00:00,9.094947017729282e-13,2.2737367544323206e-13,0,True,Optimization terminated successfully. (HiGHS Status 7: Optimal),518,0.0
2025-02-11,0,0.028967291000299156,57449.58326765241,144,10,2306,2025-01-22|2025-01-24|2025-01-26|2025-01-28|2025-01-30|2025-02-02|2025-02-04|2025-02-06|2025-02-08|2025-02-10,2025-02-11 00:00,2025-02-11 00:00,7.958078640513122e-13,5.684341886080802e-14,0,True,Optimization terminated successfully. (HiGHS Status 7: Optimal),535,0.0
2025-02-12,0,0.028672500000539003,56906.674556359285,144,10,2306,2025-01-23|2025-01-25|2025-01-27|2025-01-29|2025-01-31|2025-02-03|2025-02-05|2025-02-07|2025-02-09|2025-02-11,2025-02-12 00:00,2025-02-12 00:00,9.094947017729282e-13,0.0,0,True,Optimization terminated successfully. (HiGHS Status 7: Optimal),530,0.0
2025-02-13,0,0.02929904200027522,57192.72271020217,144,10,2306,2025-01-24|2025-01-26|2025-01-28|2025-01-30|2025-02-01|2025-02-04|2025-02-06|2025-02-08|2025-02-10|2025-02-12,2025-02-13 00:00,2025-02-13 00:00,9.094947017729282e-13,2.2737367544323206e-13,0,True,Optimization terminated successfully. (HiGHS Status 7: Optimal),536,0.0
2025-02-14,0,0.027764958000261686,21663.114818614846,144,10,2306,2025-01-25|2025-01-27|2025-01-29|2025-01-31|2025-02-02|2025-02-05|2025-02-07|2025-02-09|2025-02-11|2025-02-13,2025-02-14 00:00,2025-02-14 00:00,1.0231815394945443e-12,1.1368683772161603e-13,0,True,Optimization terminated successfully. (HiGHS Status 7: Optimal),479,0.0
2025-02-15,0,0.02626550000059069,21343.10363081878,144,10,2306,2025-01-26|2025-01-28|2025-01-30|2025-02-01|2025-02-03|2025-02-06|2025-02-08|2025-02-10|2025-02-12|2025-02-14,2025-02-15 00:00,2025-02-15 00:00,9.094947017729282e-13,1.1368683772161603e-13,0,True,Optimization terminated successfully. (HiGHS Status 7: Optimal),478,0.0
2025-02-16,0,0.02979566700014402,54460.76237430338,144,10,2306,2025-01-27|2025-01-29|2025-01-31|2025-02-02|2025-02-04|2025-02-07|2025-02-09|2025-02-11|2025-02-13|2025-02-15,2025-02-16 00:00,2025-02-16 00:00,9.094947017729282e-13,0.0,0,True,Optimization terminated successfully. (HiGHS Status 7: Optimal),528,0.0
2025-02-17,0,0.02888145799988706,53287.41439560354,144,10,2306,2025-01-28|2025-01-30|2025-02-01|2025-02-03|2025-02-05|2025-02-08|2025-02-10|2025-02-12|2025-02-14|2025-02-16,2025-02-17 00:00,2025-02-17 00:00,8.526512829121202e-13,1.1368683772161603e-13,0,True,Optimization terminated successfully. (HiGHS Status 7: Optimal),542,0.0
2025-02-18,0,0.029223833000287414,52457.13284915036,144,10,2306,2025-01-29|2025-01-31|2025-02-02|2025-02-04|2025-02-06|2025-02-09|2025-02-11|2025-02-13|2025-02-15|2025-02-17,2025-02-18 00:00,2025-02-18 00:00,1.0231815394945443e-12,1.4210854715202004e-14,0,True,Optimization terminated successfully. (HiGHS Status 7: Optimal),540,0.0
2025-02-19,0,0.027547790999960853,52044.933225999084,144,10,2306,2025-01-30|2025-02-01|2025-02-03|2025-02-05|2025-02-07|2025-02-10|2025-02-12|2025-02-14|2025-02-16|2025-02-18,2025-02-19 00:00,2025-02-19 00:00,8.526512829121202e-13,5.684341886080802e-14,0,True,Optimization terminated successfully. (HiGHS Status 7: Optimal),534,0.0
2025-02-20,0,0.026633792000211542,51976.953123635874,144,10,2306,2025-01-31|2025-02-02|2025-02-04|2025-02-06|2025-02-08|2025-02-11|2025-02-13|2025-02-15|2025-02-17|2025-02-19,2025-02-20 00:00,2025-02-20 00:00,7.958078640513122e-13,5.684341886080802e-14,0,True,Optimization terminated successfully. (HiGHS Status 7: Optimal),543,0.0
2025-02-21,0,0.023164249998444575,19452.66689489968,144,10,2306,2025-02-01|2025-02-03|2025-02-05|2025-02-07|2025-02-09|2025-02-12|2025-02-14|2025-02-16|2025-02-18|2025-02-20,2025-02-21 00:00,2025-02-21 00:00,9.094947017729282e-13,0.0,0,True,Optimization terminated successfully. (HiGHS Status 7: Optimal),449,0.0
2025-02-22,0,0.022795625000071595,19126.936429784175,144,10,2306,2025-02-02|2025-02-04|2025-02-06|2025-02-08|2025-02-10|2025-02-13|2025-02-15|2025-02-17|2025-02-19|2025-02-21,2025-02-22 00:00,2025-02-22 00:00,8.411049634560186e-13,1.1368683772161603e-13,0,True,Optimization terminated successfully. (HiGHS Status 7: Optimal),442,0.0
2025-02-23,0,0.027649749999909545,51006.38429429559,144,10,2306,2025-02-03|2025-02-05|2025-02-07|2025-02-09|2025-02-11|2025-02-14|2025-02-16|2025-02-18|2025-02-20|2025-02-22,2025-02-23 00:00,2025-02-23 00:00,7.958078640513122e-13,0.0,0,True,Optimization terminated successfully. (HiGHS Status 7: Optimal),532,0.0
2025-02-24,0,0.02606062499944528,48760.64769860874,144,10,2306,2025-02-04|2025-02-06|2025-02-08|2025-02-10|2025-02-12|2025-02-15|2025-02-17|2025-02-19|2025-02-21|2025-02-23,2025-02-24 00:00,2025-02-24 00:00,8.597567102697212e-13,0.0,0,True,Optimization terminated successfully. (HiGHS Status 7: Optimal),530,0.0
2025-02-25,0,0.02581787499912025,49903.29282477686,144,10,2306,2025-02-05|2025-02-07|2025-02-09|2025-02-11|2025-02-13|2025-02-16|2025-02-18|2025-02-20|2025-02-22|2025-02-24,2025-02-25 00:00,2025-02-25 00:00,7.958078640513122e-13,0.0,0,True,Optimization terminated successfully. (HiGHS Status 7: Optimal),536,0.0
2025-02-26,0,0.026578499999232008,48539.84786797677,144,10,2306,2025-02-06|2025-02-08|2025-02-10|2025-02-12|2025-02-14|2025-02-17|2025-02-19|2025-02-21|2025-02-23|2025-02-25,2025-02-26 00:00,2025-02-26 00:00,8.08242361927114e-13,0.0,0,True,Optimization terminated successfully. (HiGHS Status 7: Optimal),533,0.0
2025-02-27,0,0.025872207999782404,48295.68897228927,144,10,2306,2025-02-07|2025-02-09|2025-02-11|2025-02-13|2025-02-15|2025-02-18|2025-02-20|2025-02-22|2025-02-24|2025-02-26,2025-02-27 00:00,2025-02-27 00:00,9.094947017729282e-13,2.842170943040401e-14,0,True,Optimization terminated successfully. (HiGHS Status 7: Optimal),537,0.0
2025-02-28,0,0.024606209000921808,18678.419494411442,144,10,2306,2025-02-08|2025-02-10|2025-02-12|2025-02-14|2025-02-16|2025-02-19|2025-02-21|2025-02-23|2025-02-25|2025-02-27,2025-02-28 00:00,2025-02-28 00:00,9.094947017729282e-13,5.684341886080802e-14,0,True,Optimization terminated successfully. (HiGHS Status 7: Optimal),438,0.0
2025-03-01,0,0.025515792000078363,18220.508717024244,144,10,2306,2025-02-09|2025-02-11|2025-02-13|2025-02-15|2025-02-17|2025-02-20|2025-02-22|2025-02-24|2025-02-26|2025-02-28,2025-03-01 00:00,2025-03-01 00:00,8.668621376273222e-13,1.1368683772161603e-13,0,True,Optimization terminated successfully. (HiGHS Status 7: Optimal),433,0.0
2025-03-02,0,0.02656691700030933,47817.03780374763,144,10,2306,2025-02-10|2025-02-12|2025-02-14|2025-02-16|2025-02-18|2025-02-21|2025-02-23|2025-02-25|2025-02-27|2025-03-01,2025-03-02 00:00,2025-03-02 00:00,8.384404281969182e-13,1.1368683772161603e-13,0,True,Optimization terminated successfully. (HiGHS Status 7: Optimal),541,0.0
2025-03-03,0,0.02779329199984204,47177.30840289198,144,10,2306,2025-02-11|2025-02-13|2025-02-15|2025-02-17|2025-02-19|2025-02-22|2025-02-24|2025-02-26|2025-02-28|2025-03-02,2025-03-03 00:00,2025-03-03 00:00,7.958078640513122e-13,1.1368683772161603e-13,0,True,Optimization terminated successfully. (HiGHS Status 7: Optimal),549,0.0
2025-03-04,0,0.026909791999059962,47984.04133801359,144,10,2306,2025-02-12|2025-02-14|2025-02-16|2025-02-18|2025-02-20|2025-02-23|2025-02-25|2025-02-27|2025-03-01|2025-03-03,2025-03-04 00:00,2025-03-04 00:00,8.810729923425242e-13,1.4210854715202004e-14,0,True,Optimization terminated successfully. (HiGHS Status 7: Optimal),536,0.0
2025-03-05,0,0.02640854200035392,48406.00331465718,144,10,2306,2025-02-13|2025-02-15|2025-02-17|2025-02-19|2025-02-21|2025-02-24|2025-02-26|2025-02-28|2025-03-02|2025-03-04,2025-03-05 00:00,2025-03-05 00:00,9.094947017729282e-13,1.1368683772161603e-13,0,True,Optimization terminated successfully. (HiGHS Status 7: Optimal),537,0.0
2025-03-06,0,0.026654916000552475,47476.18702890984,144,10,2306,2025-02-14|2025-02-16|2025-02-18|2025-02-20|2025-02-22|2025-02-25|2025-02-27|2025-03-01|2025-03-03|2025-03-05,2025-03-06 00:00,2025-03-06 00:00,9.094947017729282e-13,5.684341886080802e-14,0,True,Optimization terminated successfully. (HiGHS Status 7: Optimal),544,0.0
2025-03-07,0,0.024536041999454028,18153.348796981507,144,10,2306,2025-02-15|2025-02-17|2025-02-19|2025-02-21|2025-02-23|2025-02-26|2025-02-28|2025-03-02|2025-03-04|2025-03-06,2025-03-07 00:00,2025-03-07 00:00,7.958078640513122e-13,1.1368683772161603e-13,0,True,Optimization terminated successfully. (HiGHS Status 7: Optimal),442,0.0
2025-03-08,0,0.024632083001051797,17897.281625230884,144,10,2306,2025-02-16|2025-02-18|2025-02-20|2025-02-22|2025-02-24|2025-02-27|2025-03-01|2025-03-03|2025-03-05|2025-03-07,2025-03-08 00:00,2025-03-08 00:00,8.526512829121202e-13,1.1368683772161603e-13,0,True,Optimization terminated successfully. (HiGHS Status 7: Optimal),442,0.0
2025-03-09,0,0.02781900000081805,48752.89824004605,144,10,2306,2025-02-17|2025-02-19|2025-02-21|2025-02-23|2025-02-25|2025-02-28|2025-03-02|2025-03-04|2025-03-06|2025-03-08,2025-03-09 00:00,2025-03-09 00:00,7.958078640513122e-13,1.1368683772161603e-13,0,True,Optimization terminated successfully. (HiGHS Status 7: Optimal),537,0.0
2025-03-10,0,0.027956750000157626,47101.08762193952,144,10,2306,2025-02-18|2025-02-20|2025-02-22|2025-02-24|2025-02-26|2025-03-01|2025-03-03|2025-03-05|2025-03-07|2025-03-09,2025-03-10 00:00,2025-03-10 00:00,8.810729923425242e-13,2.2737367544323206e-13,0,True,Optimization terminated successfully. (HiGHS Status 7: Optimal),537,0.0
2025-03-11,0,0.02655491699988488,46667.76161705728,144,10,2306,2025-02-19|2025-02-21|2025-02-23|2025-02-25|2025-02-27|2025-03-02|2025-03-04|2025-03-06|2025-03-08|2025-03-10,2025-03-11 00:00,2025-03-11 00:00,9.094947017729282e-13,1.1368683772161603e-13,0,True,Optimization terminated successfully. (HiGHS Status 7: Optimal),541,0.0
2025-03-12,0,0.02537020899944764,46715.411234557345,144,10,2306,2025-02-20|2025-02-22|2025-02-24|2025-02-26|2025-02-28|2025-03-03|2025-03-05|2025-03-07|2025-03-09|2025-03-11,2025-03-12 00:00,2025-03-12 00:00,7.958078640513122e-13,1.1368683772161603e-13,0,True,Optimization terminated successfully. (HiGHS Status 7: Optimal),527,0.0
2025-03-13,0,0.02832808300081524,44757.46550816677,144,10,2306,2025-02-21|2025-02-23|2025-02-25|2025-02-27|2025-03-01|2025-03-04|2025-03-06|2025-03-08|2025-03-10|2025-03-12,2025-03-13 00:00,2025-03-13 00:00,1.0231815394945443e-12,1.1368683772161603e-13,0,True,Optimization terminated successfully. (HiGHS Status 7: Optimal),528,0.0
2025-03-14,0,0.026004290999480872,17401.5672528836,144,10,2306,2025-02-22|2025-02-24|2025-02-26|2025-02-28|2025-03-02|2025-03-05|2025-03-07|2025-03-09|2025-03-11|2025-03-13,2025-03-14 00:00,2025-03-14 00:00,9.663381206337363e-13,5.684341886080802e-14,0,True,Optimization terminated successfully. (HiGHS Status 7: Optimal),434,0.0
2025-03-15,0,0.02642958399883355,17434.309141598125,144,10,2306,2025-02-23|2025-02-25|2025-02-27|2025-03-01|2025-03-03|2025-03-06|2025-03-08|2025-03-10|2025-03-12|2025-03-14,2025-03-15 00:00,2025-03-15 00:00,9.094947017729282e-13,5.684341886080802e-14,0,True,Optimization terminated successfully. (HiGHS Status 7: Optimal),432,0.0
2025-03-16,0,0.02956458300104714,47641.70093611936,144,10,2306,2025-02-24|2025-02-26|2025-02-28|2025-03-02|2025-03-04|2025-03-07|2025-03-09|2025-03-11|2025-03-13|2025-03-15,2025-03-16 00:00,2025-03-16 00:00,9.094947017729282e-13,5.684341886080802e-14,0,True,Optimization terminated successfully. (HiGHS Status 7: Optimal),534,0.0
2025-03-17,0,0.029825540999809164,46132.565268335624,144,10,2306,2025-02-25|2025-02-27|2025-03-01|2025-03-03|2025-03-05|2025-03-08|2025-03-10|2025-03-12|2025-03-14|2025-03-16,2025-03-17 00:00,2025-03-17 00:00,8.526512829121202e-13,1.1368683772161603e-13,0,True,Optimization terminated successfully. (HiGHS Status 7: Optimal),546,0.0
2025-03-18,0,0.025535208000292187,45345.94818586081,144,10,2306,2025-02-26|2025-02-28|2025-03-02|2025-03-04|2025-03-06|2025-03-09|2025-03-11|2025-03-13|2025-03-15|2025-03-17,2025-03-18 00:00,2025-03-18 00:00,9.094947017729282e-13,5.684341886080802e-14,0,True,Optimization terminated successfully. (HiGHS Status 7: Optimal),551,0.0
2025-03-19,0,0.029877667000619113,44952.89930273437,144,10,2306,2025-02-27|2025-03-01|2025-03-03|2025-03-05|2025-03-07|2025-03-10|2025-03-12|2025-03-14|2025-03-16|2025-03-18,2025-03-19 00:00,2025-03-19 00:00,8.384404281969182e-13,2.2737367544323206e-13,0,True,Optimization terminated successfully. (HiGHS Status 7: Optimal),533,0.0
2025-03-20,0,0.029309083000043756,45612.937960883624,144,10,2306,2025-02-28|2025-03-02|2025-03-04|2025-03-06|2025-03-08|2025-03-11|2025-03-13|2025-03-15|2025-03-17|2025-03-19,2025-03-20 00:00,2025-03-20 00:00,9.094947017729282e-13,1.1368683772161603e-13,0,True,Optimization terminated successfully. (HiGHS Status 7: Optimal),532,0.0
2025-03-21,0,0.02558925000084855,16609.48804513208,144,10,2306,2025-03-01|2025-03-03|2025-03-05|2025-03-07|2025-03-09|2025-03-12|2025-03-14|2025-03-16|2025-03-18|2025-03-20,2025-03-21 00:00,2025-03-21 00:00,8.810729923425242e-13,2.2737367544323206e-13,0,True,Optimization terminated successfully. (HiGHS Status 7: Optimal),424,0.0
2025-03-22,0,0.02535225000065111,16716.0671594125,144,10,2306,2025-03-02|2025-03-04|2025-03-06|2025-03-08|2025-03-10|2025-03-13|2025-03-15|2025-03-17|2025-03-19|2025-03-21,2025-03-22 00:00,2025-03-22 00:00,8.526512829121202e-13,1.1368683772161603e-13,0,True,Optimization terminated successfully. (HiGHS Status 7: Optimal),433,0.0
2025-03-23,0,0.029349624999667867,44428.54075807928,144,10,2306,2025-03-03|2025-03-05|2025-03-07|2025-03-09|2025-03-11|2025-03-14|2025-03-16|2025-03-18|2025-03-20|2025-03-22,2025-03-23 00:00,2025-03-23 00:00,9.094947017729282e-13,1.1368683772161603e-13,0,True,Optimization terminated successfully. (HiGHS Status 7: Optimal),527,0.0
2025-03-24,0,0.025937083000826533,43098.01826183219,144,10,2306,2025-03-04|2025-03-06|2025-03-08|2025-03-10|2025-03-12|2025-03-15|2025-03-17|2025-03-19|2025-03-21|2025-03-23,2025-03-24 00:00,2025-03-24 00:00,9.094947017729282e-13,1.1368683772161603e-13,0,True,Optimization terminated successfully. (HiGHS Status 7: Optimal),536,0.0
2025-03-25,0,0.025516666999465087,42926.50843624191,144,10,2306,2025-03-05|2025-03-07|2025-03-09|2025-03-11|2025-03-13|2025-03-16|2025-03-18|2025-03-20|2025-03-22|2025-03-24,2025-03-25 00:00,2025-03-25 00:00,8.100187187665142e-13,1.1368683772161603e-13,0,True,Optimization terminated successfully. (HiGHS Status 7: Optimal),541,0.0
2025-03-26,0,0.02546891699967091,41648.439316142016,144,10,2306,2025-03-06|2025-03-08|2025-03-10|2025-03-12|2025-03-14|2025-03-17|2025-03-19|2025-03-21|2025-03-23|2025-03-25,2025-03-26 00:00,2025-03-26 00:00,9.094947017729282e-13,1.1368683772161603e-13,0,True,Optimization terminated successfully. (HiGHS Status 7: Optimal),526,0.0
2025-03-27,0,0.026081916999828536,43629.05166406847,144,10,2306,2025-03-07|2025-03-09|2025-03-11|2025-03-13|2025-03-15|2025-03-18|2025-03-20|2025-03-22|2025-03-24|2025-03-26,2025-03-27 00:00,2025-03-27 00:00,9.094947017729282e-13,1.1368683772161603e-13,0,True,Optimization terminated successfully. (HiGHS Status 7: Optimal),545,0.0
2025-03-28,0,0.02177250000022468,15961.288658702908,144,10,2306,2025-03-08|2025-03-10|2025-03-12|2025-03-14|2025-03-16|2025-03-19|2025-03-21|2025-03-23|2025-03-25|2025-03-27,2025-03-28 00:00,2025-03-28 00:00,8.810729923425242e-13,5.684341886080802e-14,0,True,Optimization terminated successfully. (HiGHS Status 7: Optimal),415,0.0
2025-03-29,0,0.021991542000250774,16192.644145926022,144,10,2306,2025-03-09|2025-03-11|2025-03-13|2025-03-15|2025-03-17|2025-03-20|2025-03-22|2025-03-24|2025-03-26|2025-03-28,2025-03-29 00:00,2025-03-29 00:00,7.958078640513122e-13,5.684341886080802e-14,0,True,Optimization terminated successfully. (HiGHS Status 7: Optimal),431,0.0
2025-03-30,0,0.025554167001246242,41770.08965248175,144,10,2306,2025-03-10|2025-03-12|2025-03-14|2025-03-16|2025-03-18|2025-03-21|2025-03-23|2025-03-25|2025-03-27|2025-03-29,2025-03-30 00:00,2025-03-30 00:00,8.810729923425242e-13,2.2737367544323206e-13,0,True,Optimization terminated successfully. (HiGHS Status 7: Optimal),534,0.0
2025-03-31,0,0.02583983299882675,42060.47237470278,144,10,2306,2025-03-11|2025-03-13|2025-03-15|2025-03-17|2025-03-19|2025-03-22|2025-03-24|2025-03-26|2025-03-28|2025-03-30,2025-03-31 00:00,2025-03-31 00:00,9.094947017729282e-13,1.1368683772161603e-13,0,True,Optimization terminated successfully. (HiGHS Status 7: Optimal),538,0.0
2025-04-01,0,0.02530841600128042,41250.75953156088,144,10,2306,2025-03-12|2025-03-14|2025-03-16|2025-03-18|2025-03-20|2025-03-23|2025-03-25|2025-03-27|2025-03-29|2025-03-31,2025-04-01 00:00,2025-04-01 00:00,8.171241461241152e-13,1.1368683772161603e-13,0,True,Optimization terminated successfully. (HiGHS Status 7: Optimal),531,0.0
2025-04-02,0,0.02533666599993012,40117.37982132253,144,10,2306,2025-03-13|2025-03-15|2025-03-17|2025-03-19|2025-03-21|2025-03-24|2025-03-26|2025-03-28|2025-03-30|2025-04-01,2025-04-02 00:00,2025-04-02 00:00,1.0231815394945443e-12,1.1368683772161603e-13,0,True,Optimization terminated successfully. (HiGHS Status 7: Optimal),533,0.0
2025-04-03,0,0.02575162499852013,42382.41713106497,144,10,2306,2025-03-14|2025-03-16|2025-03-18|2025-03-20|2025-03-22|2025-03-25|2025-03-27|2025-03-29|2025-03-31|2025-04-02,2025-04-03 00:00,2025-04-03 00:00,8.171241461241152e-13,1.1368683772161603e-13,0,True,Optimization terminated successfully. (HiGHS Status 7: Optimal),530,0.0
2025-04-04,0,0.021785165999972378,15464.540221593537,144,10,2306,2025-03-15|2025-03-17|2025-03-19|2025-03-21|2025-03-23|2025-03-26|2025-03-28|2025-03-30|2025-04-01|2025-04-03,2025-04-04 00:00,2025-04-04 00:00,7.958078640513122e-13,1.1368683772161603e-13,0,True,Optimization terminated successfully. (HiGHS Status 7: Optimal),417,0.0
2025-04-05,0,0.02175254100075108,15631.362869729996,144,10,2306,2025-03-16|2025-03-18|2025-03-20|2025-03-22|2025-03-24|2025-03-27|2025-03-29|2025-03-31|2025-04-02|2025-04-04,2025-04-05 00:00,2025-04-05 00:00,7.958078640513122e-13,5.684341886080802e-14,0,True,Optimization terminated successfully. (HiGHS Status 7: Optimal),415,0.0
2025-04-06,0,0.025293291999332723,39412.458662637,144,10,2306,2025-03-17|2025-03-19|2025-03-21|2025-03-23|2025-03-25|2025-03-28|2025-03-30|2025-04-01|2025-04-03|2025-04-05,2025-04-06 00:00,2025-04-06 00:00,9.094947017729282e-13,1.1368683772161603e-13,0,True,Optimization terminated successfully. (HiGHS Status 7: Optimal),540,0.0
2025-04-07,0,0.027071417000115616,39669.087756744724,144,10,2306,2025-03-18|2025-03-20|2025-03-22|2025-03-24|2025-03-26|2025-03-29|2025-03-31|2025-04-02|2025-04-04|2025-04-06,2025-04-07 00:00,2025-04-07 00:00,9.094947017729282e-13,1.1368683772161603e-13,0,True,Optimization terminated successfully. (HiGHS Status 7: Optimal),531,0.0
2025-04-08,0,0.03050949999851582,40122.64906131001,144,10,2306,2025-03-19|2025-03-21|2025-03-23|2025-03-25|2025-03-27|2025-03-30|2025-04-01|2025-04-03|2025-04-05|2025-04-07,2025-04-08 00:00,2025-04-08 00:00,7.673861546209082e-13,5.684341886080802e-14,0,True,Optimization terminated successfully. (HiGHS Status 7: Optimal),530,0.0
2025-04-09,0,0.029848415999367717,39445.63119638343,144,10,2306,2025-03-20|2025-03-22|2025-03-24|2025-03-26|2025-03-28|2025-03-31|2025-04-02|2025-04-04|2025-04-06|2025-04-08,2025-04-09 00:00,2025-04-09 00:00,7.958078640513122e-13,1.1368683772161603e-13,0,True,Optimization terminated successfully. (HiGHS Status 7: Optimal),532,0.0
2025-04-10,0,0.030587375000322936,40816.89489404095,144,10,2306,2025-03-21|2025-03-23|2025-03-25|2025-03-27|2025-03-29|2025-04-01|2025-04-03|2025-04-05|2025-04-07|2025-04-09,2025-04-10 00:00,2025-04-10 00:00,8.668621376273222e-13,1.1368683772161603e-13,0,True,Optimization terminated successfully. (HiGHS Status 7: Optimal),534,0.0
2025-04-11,0,0.026834374999452848,14962.043900523127,144,10,2306,2025-03-22|2025-03-24|2025-03-26|2025-03-28|2025-03-30|2025-04-02|2025-04-04|2025-04-06|2025-04-08|2025-04-10,2025-04-11 00:00,2025-04-11 00:00,8.526512829121202e-13,2.2737367544323206e-13,0,True,Optimization terminated successfully. (HiGHS Status 7: Optimal),409,0.0
2025-04-12,0,0.025476790999164223,15298.70710192999,144,10,2306,2025-03-23|2025-03-25|2025-03-27|2025-03-29|2025-03-31|2025-04-03|2025-04-05|2025-04-07|2025-04-09|2025-04-11,2025-04-12 00:00,2025-04-12 00:00,7.673861546209082e-13,2.2737367544323206e-13,0,True,Optimization terminated successfully. (HiGHS Status 7: Optimal),412,0.0
2025-04-13,0,0.028808458000639803,37600.51492910935,144,10,2306,2025-03-24|2025-03-26|2025-03-28|2025-03-30|2025-04-01|2025-04-04|2025-04-06|2025-04-08|2025-04-10|2025-04-12,2025-04-13 00:00,2025-04-13 00:00,8.668621376273222e-13,1.1368683772161603e-13,0,True,Optimization terminated successfully. (HiGHS Status 7: Optimal),516,0.0
2025-04-14,0,0.029506791999665438,38648.45242035422,144,10,2306,2025-03-25|2025-03-27|2025-03-29|2025-03-31|2025-04-02|2025-04-05|2025-04-07|2025-04-09|2025-04-11|2025-04-13,2025-04-14 00:00,2025-04-14 00:00,9.094947017729282e-13,1.1368683772161603e-13,0,True,Optimization terminated successfully. (HiGHS Status 7: Optimal),520,0.0
2025-04-15,0,0.02494733400089899,38855.73355176977,144,10,2306,2025-03-26|2025-03-28|2025-03-30|2025-04-01|2025-04-03|2025-04-06|2025-04-08|2025-04-10|2025-04-12|2025-04-14,2025-04-15 00:00,2025-04-15 00:00,1.0231815394945443e-12,1.1368683772161603e-13,0,True,Optimization terminated successfully. (HiGHS Status 7: Optimal),529,0.0
2025-04-16,0,0.0255528339985176,39452.85769522975,144,10,2306,2025-03-27|2025-03-29|2025-03-31|2025-04-02|2025-04-04|2025-04-07|2025-04-09|2025-04-11|2025-04-13|2025-04-15,2025-04-16 00:00,2025-04-16 00:00,7.958078640513122e-13,1.1368683772161603e-13,0,True,Optimization terminated successfully. (HiGHS Status 7: Optimal),538,0.0
2025-04-17,0,0.025583375001588138,38854.10580403189,144,10,2306,2025-03-28|2025-03-30|2025-04-01|2025-04-03|2025-04-05|2025-04-08|2025-04-10|2025-04-12|2025-04-14|2025-04-16,2025-04-17 00:00,2025-04-17 00:00,7.958078640513122e-13,2.2737367544323206e-13,0,True,Optimization terminated successfully. (HiGHS Status 7: Optimal),531,0.0
2025-04-18,0,0.021110499999849708,14673.241738506258,144,10,2306,2025-03-29|2025-03-31|2025-04-02|2025-04-04|2025-04-06|2025-04-09|2025-04-11|2025-04-13|2025-04-15|2025-04-17,2025-04-18 00:00,2025-04-18 00:00,8.073541835074138e-13,5.684341886080802e-14,0,True,Optimization terminated successfully. (HiGHS Status 7: Optimal),404,0.0
2025-04-19,0,0.021210791999692447,14699.042889770839,144,10,2306,2025-03-30|2025-04-01|2025-04-03|2025-04-05|2025-04-07|2025-04-10|2025-04-12|2025-04-14|2025-04-16|2025-04-18,2025-04-19 00:00,2025-04-19 00:00,7.958078640513122e-13,5.684341886080802e-14,0,True,Optimization terminated successfully. (HiGHS Status 7: Optimal),406,0.0
2025-04-20,0,0.02486208399932366,37465.05423568841,144,10,2306,2025-03-31|2025-04-02|2025-04-04|2025-04-06|2025-04-08|2025-04-11|2025-04-13|2025-04-15|2025-04-17|2025-04-19,2025-04-20 00:00,2025-04-20 00:00,7.958078640513122e-13,1.1368683772161603e-13,0,True,Optimization terminated successfully. (HiGHS Status 7: Optimal),510,0.0
2025-04-21,0,0.02517204200012202,37511.09545451537,144,10,2306,2025-04-01|2025-04-03|2025-04-05|2025-04-07|2025-04-09|2025-04-12|2025-04-14|2025-04-16|2025-04-18|2025-04-20,2025-04-21 00:00,2025-04-21 00:00,9.094947017729282e-13,1.1368683772161603e-13,0,True,Optimization terminated successfully. (HiGHS Status 7: Optimal),522,0.0
2025-04-22,0,0.02531620800073142,37926.79360629589,144,10,2306,2025-04-02|2025-04-04|2025-04-06|2025-04-08|2025-04-10|2025-04-13|2025-04-15|2025-04-17|2025-04-19|2025-04-21,2025-04-22 00:00,2025-04-22 00:00,1.0231815394945443e-12,1.1368683772161603e-13,0,True,Optimization terminated successfully. (HiGHS Status 7: Optimal),524,0.0
2025-04-23,0,0.025549416999638197,38636.60456860335,144,10,2306,2025-04-03|2025-04-05|2025-04-07|2025-04-09|2025-04-11|2025-04-14|2025-04-16|2025-04-18|2025-04-20|2025-04-22,2025-04-23 00:00,2025-04-23 00:00,9.094947017729282e-13,1.1368683772161603e-13,0,True,Optimization terminated successfully. (HiGHS Status 7: Optimal),536,0.0
2025-04-24,0,0.024643790999107296,36436.7187506473,144,10,2306,2025-04-04|2025-04-06|2025-04-08|2025-04-10|2025-04-12|2025-04-15|2025-04-17|2025-04-19|2025-04-21|2025-04-23,2025-04-24 00:00,2025-04-24 00:00,9.094947017729282e-13,1.1368683772161603e-13,0,True,Optimization terminated successfully. (HiGHS Status 7: Optimal),508,0.0
2025-04-25,0,0.024619042000267655,14139.439850062496,144,10,2306,2025-04-05|2025-04-07|2025-04-09|2025-04-11|2025-04-13|2025-04-16|2025-04-18|2025-04-20|2025-04-22|2025-04-24,2025-04-25 00:00,2025-04-25 00:00,8.810729923425242e-13,5.684341886080802e-14,0,True,Optimization terminated successfully. (HiGHS Status 7: Optimal),397,0.0
2025-04-26,0,0.024557291999371955,14146.219133028957,144,10,2306,2025-04-06|2025-04-08|2025-04-10|2025-04-12|2025-04-14|2025-04-17|2025-04-19|2025-04-21|2025-04-23|2025-04-25,2025-04-26 00:00,2025-04-26 00:00,8.526512829121202e-13,1.1368683772161603e-13,0,True,Optimization terminated successfully. (HiGHS Status 7: Optimal),401,0.0
2025-04-27,0,0.028902500000185682,36305.181339900104,144,10,2306,2025-04-07|2025-04-09|2025-04-11|2025-04-13|2025-04-15|2025-04-18|2025-04-20|2025-04-22|2025-04-24|2025-04-26,2025-04-27 00:00,2025-04-27 00:00,9.094947017729282e-13,1.1368683772161603e-13,0,True,Optimization terminated successfully. (HiGHS Status 7: Optimal),515,0.0
2025-04-28,0,0.024562749998949585,35223.743596135944,144,10,2306,2025-04-08|2025-04-10|2025-04-12|2025-04-14|2025-04-16|2025-04-19|2025-04-21|2025-04-23|2025-04-25|2025-04-27,2025-04-28 00:00,2025-04-28 00:00,7.958078640513122e-13,1.1368683772161603e-13,0,True,Optimization terminated successfully. (HiGHS Status 7: Optimal),506,0.0
2025-04-29,0,0.025916083999618422,37768.096398170135,144,10,2306,2025-04-09|2025-04-11|2025-04-13|2025-04-15|2025-04-17|2025-04-20|2025-04-22|2025-04-24|2025-04-26|2025-04-28,2025-04-29 00:00,2025-04-29 00:00,9.094947017729282e-13,1.1368683772161603e-13,0,True,Optimization terminated successfully. (HiGHS Status 7: Optimal),513,0.0
2025-04-30,0,0.025530875000185915,37267.151278441124,144,10,2306,2025-04-10|2025-04-12|2025-04-14|2025-04-16|2025-04-18|2025-04-21|2025-04-23|2025-04-25|2025-04-27|2025-04-29,2025-04-30 00:00,2025-04-30 00:00,9.094947017729282e-13,0.0,0,True,Optimization terminated successfully. (HiGHS Status 7: Optimal),524,0.0
2025-05-01,0,0.024920792000557412,36586.939636966505,144,10,2306,2025-04-11|2025-04-13|2025-04-15|2025-04-17|2025-04-19|2025-04-22|2025-04-24|2025-04-26|2025-04-28|2025-04-30,2025-05-01 00:00,2025-05-01 00:00,9.094947017729282e-13,5.684341886080802e-14,0,True,Optimization terminated successfully. (HiGHS Status 7: Optimal),513,0.0
2025-05-02,0,0.02110345900109678,14599.048180112282,144,10,2306,2025-04-12|2025-04-14|2025-04-16|2025-04-18|2025-04-20|2025-04-23|2025-04-25|2025-04-27|2025-04-29|2025-05-01,2025-05-02 00:00,2025-05-02 00:00,8.242295734817162e-13,2.2737367544323206e-13,0,True,Optimization terminated successfully. (HiGHS Status 7: Optimal),397,0.0
2025-05-03,0,0.025008874999912223,14942.863215098334,144,10,2306,2025-04-13|2025-04-15|2025-04-17|2025-04-19|2025-04-21|2025-04-24|2025-04-26|2025-04-28|2025-04-30|2025-05-02,2025-05-03 00:00,2025-05-03 00:00,8.810729923425242e-13,2.2737367544323206e-13,0,True,Optimization terminated successfully. (HiGHS Status 7: Optimal),410,0.0
2025-05-04,0,0.02883845900032611,37475.54873964605,144,10,2306,2025-04-14|2025-04-16|2025-04-18|2025-04-20|2025-04-22|2025-04-25|2025-04-27|2025-04-29|2025-05-01|2025-05-03,2025-05-04 00:00,2025-05-04 00:00,8.526512829121202e-13,1.1368683772161603e-13,0,True,Optimization terminated successfully. (HiGHS Status 7: Optimal),498,0.0
2025-05-05,0,0.029375707999861334,39967.54964374814,144,10,2306,2025-04-15|2025-04-17|2025-04-19|2025-04-21|2025-04-23|2025-04-26|2025-04-28|2025-04-30|2025-05-02|2025-05-04,2025-05-05 00:00,2025-05-05 00:00,8.668621376273222e-13,1.1368683772161603e-13,0,True,Optimization terminated successfully. (HiGHS Status 7: Optimal),525,0.0
2025-05-06,0,0.028116583000155515,37792.9410027962,144,10,2306,2025-04-16|2025-04-18|2025-04-20|2025-04-22|2025-04-24|2025-04-27|2025-04-29|2025-05-01|2025-05-03|2025-05-05,2025-05-06 00:00,2025-05-06 00:00,8.881784197001252e-13,1.1368683772161603e-13,0,True,Optimization terminated successfully. (HiGHS Status 7: Optimal),506,0.0
2025-05-07,0,0.02666687500095577,41232.41023406817,144,10,2306,2025-04-17|2025-04-19|2025-04-21|2025-04-23|2025-04-25|2025-04-28|2025-04-30|2025-05-02|2025-05-04|2025-05-06,2025-05-07 00:00,2025-05-07 00:00,9.094947017729282e-13,0.0,0,True,Optimization terminated successfully. (HiGHS Status 7: Optimal),552,0.0
2025-05-08,0,0.02368804099933186,39006.80807079235,144,10,2306,2025-04-18|2025-04-20|2025-04-22|2025-04-24|2025-04-26|2025-04-29|2025-05-01|2025-05-03|2025-05-05|2025-05-07,2025-05-08 00:00,2025-05-08 00:00,9.094947017729282e-13,0.0,0,True,Optimization terminated successfully. (HiGHS Status 7: Optimal),491,0.0
2025-05-09,0,0.021190666000620695,16659.21550794979,144,10,2306,2025-04-19|2025-04-21|2025-04-23|2025-04-25|2025-04-27|2025-04-30|2025-05-02|2025-05-04|2025-05-06|2025-05-08,2025-05-09 00:00,2025-05-09 00:00,9.094947017729282e-13,5.684341886080802e-14,0,True,Optimization terminated successfully. (HiGHS Status 7: Optimal),407,0.0
2025-05-10,0,0.02127016700069362,17041.400938505005,144,10,2306,2025-04-20|2025-04-22|2025-04-24|2025-04-26|2025-04-28|2025-05-01|2025-05-03|2025-05-05|2025-05-07|2025-05-09,2025-05-10 00:00,2025-05-10 00:00,8.526512829121202e-13,5.684341886080802e-14,0,True,Optimization terminated successfully. (HiGHS Status 7: Optimal),409,0.0
2025-05-11,0,0.02535837499999616,41217.427882579235,144,10,2306,2025-04-21|2025-04-23|2025-04-25|2025-04-27|2025-04-29|2025-05-02|2025-05-04|2025-05-06|2025-05-08|2025-05-10,2025-05-11 00:00,2025-05-11 00:00,8.810729923425242e-13,1.1368683772161603e-13,0,True,Optimization terminated successfully. (HiGHS Status 7: Optimal),531,0.0
2025-05-12,0,0.025259124999138294,41110.010232757166,144,10,2306,2025-04-22|2025-04-24|2025-04-26|2025-04-28|2025-04-30|2025-05-03|2025-05-05|2025-05-07|2025-05-09|2025-05-11,2025-05-12 00:00,2025-05-12 00:00,8.810729923425242e-13,1.1368683772161603e-13,0,True,Optimization terminated successfully. (HiGHS Status 7: Optimal),531,0.0
2025-05-13,0,0.024517249999917112,39732.45382373422,144,10,2306,2025-04-23|2025-04-25|2025-04-27|2025-04-29|2025-05-01|2025-05-04|2025-05-06|2025-05-08|2025-05-10|2025-05-12,2025-05-13 00:00,2025-05-13 00:00,9.094947017729282e-13,1.1368683772161603e-13,0,True,Optimization terminated successfully. (HiGHS Status 7: Optimal),517,0.0
2025-05-14,0,0.02527041699977417,42005.465305387654,144,10,2306,2025-04-24|2025-04-26|2025-04-28|2025-04-30|2025-05-02|2025-05-05|2025-05-07|2025-05-09|2025-05-11|2025-05-13,2025-05-14 00:00,2025-05-14 00:00,7.958078640513122e-13,5.684341886080802e-14,0,True,Optimization terminated successfully. (HiGHS Status 7: Optimal),525,0.0
2025-05-15,0,0.0245835409987194,40948.582636364925,144,10,2306,2025-04-25|2025-04-27|2025-04-29|2025-05-01|2025-05-03|2025-05-06|2025-05-08|2025-05-10|2025-05-12|2025-05-14,2025-05-15 00:00,2025-05-15 00:00,8.952838470577262e-13,1.1368683772161603e-13,0,True,Optimization terminated successfully. (HiGHS Status 7: Optimal),525,0.0
2025-05-16,0,0.021482000000105472,17429.329132898114,144,10,2306,2025-04-26|2025-04-28|2025-04-30|2025-05-02|2025-05-04|2025-05-07|2025-05-09|2025-05-11|2025-05-13|2025-05-15,2025-05-16 00:00,2025-05-16 00:00,8.810729923425242e-13,2.842170943040401e-14,0,True,Optimization terminated successfully. (HiGHS Status 7: Optimal),413,0.0
2025-05-17,0,0.021271125000566826,17373.324516943958,144,10,2306,2025-04-27|2025-04-29|2025-05-01|2025-05-03|2025-05-05|2025-05-08|2025-05-10|2025-05-12|2025-05-14|2025-05-16,2025-05-17 00:00,2025-05-17 00:00,8.171241461241152e-13,1.1368683772161603e-13,0,True,Optimization terminated successfully. (HiGHS Status 7: Optimal),416,0.0
2025-05-18,0,0.028505624999525025,42089.88329117573,144,10,2306,2025-04-28|2025-04-30|2025-05-02|2025-05-04|2025-05-06|2025-05-09|2025-05-11|2025-05-13|2025-05-15|2025-05-17,2025-05-18 00:00,2025-05-18 00:00,8.668621376273222e-13,1.1368683772161603e-13,0,True,Optimization terminated successfully. (HiGHS Status 7: Optimal),522,0.0
2025-05-19,0,0.026720584000941017,41146.92964601106,144,10,2306,2025-04-29|2025-05-01|2025-05-03|2025-05-05|2025-05-07|2025-05-10|2025-05-12|2025-05-14|2025-05-16|2025-05-18,2025-05-19 00:00,2025-05-19 00:00,9.094947017729282e-13,1.1368683772161603e-13,0,True,Optimization terminated successfully. (HiGHS Status 7: Optimal),521,0.0
2025-05-20,0,0.02622220900047978,41608.90330411112,144,10,2306,2025-04-30|2025-05-02|2025-05-04|2025-05-06|2025-05-08|2025-05-11|2025-05-13|2025-05-15|2025-05-17|2025-05-19,2025-05-20 00:00,2025-05-20 00:00,9.094947017729282e-13,2.842170943040401e-14,0,True,Optimization terminated successfully. (HiGHS Status 7: Optimal),528,0.0
2025-05-21,0,0.024896040999010438,40162.05158224277,144,10,2306,2025-05-01|2025-05-03|2025-05-05|2025-05-07|2025-05-09|2025-05-12|2025-05-14|2025-05-16|2025-05-18|2025-05-20,2025-05-21 00:00,2025-05-21 00:00,8.65085780787922e-13,1.1368683772161603e-13,0,True,Optimization terminated successfully. (HiGHS Status 7: Optimal),503,0.0
2025-05-22,0,0.024729624999963562,42372.60076098467,144,10,2306,2025-05-02|2025-05-04|2025-05-06|2025-05-08|2025-05-10|2025-05-13|2025-05-15|2025-05-17|2025-05-19|2025-05-21,2025-05-22 00:00,2025-05-22 00:00,9.094947017729282e-13,1.1368683772161603e-13,0,True,Optimization terminated successfully. (HiGHS Status 7: Optimal),524,0.0
2025-05-23,0,0.021311374999640975,17704.16653414457,144,10,2306,2025-05-03|2025-05-05|2025-05-07|2025-05-09|2025-05-11|2025-05-14|2025-05-16|2025-05-18|2025-05-20|2025-05-22,2025-05-23 00:00,2025-05-23 00:00,8.526512829121202e-13,1.1368683772161603e-13,0,True,Optimization terminated successfully. (HiGHS Status 7: Optimal),410,0.0
2025-05-24,0,0.021500791999642388,17492.285123171496,144,10,2306,2025-05-04|2025-05-06|2025-05-08|2025-05-10|2025-05-12|2025-05-15|2025-05-17|2025-05-19|2025-05-21|2025-05-23,2025-05-24 00:00,2025-05-24 00:00,8.881784197001252e-13,1.1368683772161603e-13,0,True,Optimization terminated successfully. (HiGHS Status 7: Optimal),420,0.0
2025-05-25,0,0.02455770900087373,40945.17183653891,144,10,2306,2025-05-05|2025-05-07|2025-05-09|2025-05-11|2025-05-13|2025-05-16|2025-05-18|2025-05-20|2025-05-22|2025-05-24,2025-05-25 00:00,2025-05-25 00:00,9.094947017729282e-13,0.0,0,True,Optimization terminated successfully. (HiGHS Status 7: Optimal),527,0.0
2025-05-26,0,0.025066958000024897,41605.804353862826,144,10,2306,2025-05-06|2025-05-08|2025-05-10|2025-05-12|2025-05-14|2025-05-17|2025-05-19|2025-05-21|2025-05-23|2025-05-25,2025-05-26 00:00,2025-05-26 00:00,9.094947017729282e-13,1.1368683772161603e-13,0,True,Optimization terminated successfully. (HiGHS Status 7: Optimal),530,0.0
2025-05-27,0,0.024443165999400662,40720.9287240098,144,10,2306,2025-05-07|2025-05-09|2025-05-11|2025-05-13|2025-05-15|2025-05-18|2025-05-20|2025-05-22|2025-05-24|2025-05-26,2025-05-27 00:00,2025-05-27 00:00,8.597567102697212e-13,2.842170943040401e-14,0,True,Optimization terminated successfully. (HiGHS Status 7: Optimal),519,0.0
2025-05-28,0,0.024350666999453097,40385.33160804473,144,10,2306,2025-05-08|2025-05-10|2025-05-12|2025-05-14|2025-05-16|2025-05-19|2025-05-21|2025-05-23|2025-05-25|2025-05-27,2025-05-28 00:00,2025-05-28 00:00,7.958078640513122e-13,1.1368683772161603e-13,0,True,Optimization terminated successfully. (HiGHS Status 7: Optimal),512,0.0
2025-05-29,0,0.025516874999084393,41090.8557471138,144,10,2306,2025-05-09|2025-05-11|2025-05-13|2025-05-15|2025-05-17|2025-05-20|2025-05-22|2025-05-24|2025-05-26|2025-05-28,2025-05-29 00:00,2025-05-29 00:00,7.958078640513122e-13,1.1368683772161603e-13,0,True,Optimization terminated successfully. (HiGHS Status 7: Optimal),533,0.0
2025-05-30,0,0.025189749998389743,16982.393378037465,144,10,2306,2025-05-10|2025-05-12|2025-05-14|2025-05-16|2025-05-18|2025-05-21|2025-05-23|2025-05-25|2025-05-27|2025-05-29,2025-05-30 00:00,2025-05-30 00:00,9.094947017729282e-13,5.684341886080802e-14,0,True,Optimization terminated successfully. (HiGHS Status 7: Optimal),412,0.0
2025-05-31,0,0.02491674999873794,16978.43829277936,144,10,2306,2025-05-11|2025-05-13|2025-05-15|2025-05-17|2025-05-19|2025-05-22|2025-05-24|2025-05-26|2025-05-28|2025-05-30,2025-05-31 00:00,2025-05-31 00:00,9.094947017729282e-13,2.2737367544323206e-13,0,True,Optimization terminated successfully. (HiGHS Status 7: Optimal),407,0.0
2025-06-01,0,0.028572707999046543,39951.57927858315,144,10,2306,2025-05-12|2025-05-14|2025-05-16|2025-05-18|2025-05-20|2025-05-23|2025-05-25|2025-05-27|2025-05-29|2025-05-31,2025-06-01 00:00,2025-06-01 00:00,8.668621376273222e-13,1.1368683772161603e-13,0,True,Optimization terminated successfully. (HiGHS Status 7: Optimal),519,0.0
2025-06-02,0,0.025757125000382075,44202.407259614745,144,10,2306,2025-05-13|2025-05-15|2025-05-17|2025-05-19|2025-05-21|2025-05-24|2025-05-26|2025-05-28|2025-05-30|2025-06-01,2025-06-02 00:00,2025-06-02 00:00,8.171241461241152e-13,1.1368683772161603e-13,0,True,Optimization terminated successfully. (HiGHS Status 7: Optimal),551,0.0
2025-06-03,0,0.025118125000517466,43619.33246255003,144,10,2306,2025-05-14|2025-05-16|2025-05-18|2025-05-20|2025-05-22|2025-05-25|2025-05-27|2025-05-29|2025-05-31|2025-06-02,2025-06-03 00:00,2025-06-03 00:00,9.094947017729282e-13,1.1368683772161603e-13,0,True,Optimization terminated successfully. (HiGHS Status 7: Optimal),547,0.0
2025-06-04,0,0.025330708998808404,46710.70162761304,144,10,2306,2025-05-15|2025-05-17|2025-05-19|2025-05-21|2025-05-23|2025-05-26|2025-05-28|2025-05-30|2025-06-01|2025-06-03,2025-06-04 00:00,2025-06-04 00:00,9.094947017729282e-13,1.1368683772161603e-13,0,True,Optimization terminated successfully. (HiGHS Status 7: Optimal),542,0.0
2025-06-05,0,0.025327249999463675,46721.84995844894,144,10,2306,2025-05-16|2025-05-18|2025-05-20|2025-05-22|2025-05-24|2025-05-27|2025-05-29|2025-05-31|2025-06-02|2025-06-04,2025-06-05 00:00,2025-06-05 00:00,9.094947017729282e-13,1.1368683772161603e-13,0,True,Optimization terminated successfully. (HiGHS Status 7: Optimal),538,0.0
2025-06-06,0,0.021348541999032022,20254.407763283525,144,10,2306,2025-05-17|2025-05-19|2025-05-21|2025-05-23|2025-05-25|2025-05-28|2025-05-30|2025-06-01|2025-06-03|2025-06-05,2025-06-06 00:00,2025-06-06 00:00,8.810729923425242e-13,0.0,0,True,Optimization terminated successfully. (HiGHS Status 7: Optimal),427,0.0
2025-06-07,0,0.02181104100054654,21103.360908406998,144,10,2306,2025-05-18|2025-05-20|2025-05-22|2025-05-24|2025-05-26|2025-05-29|2025-05-31|2025-06-02|2025-06-04|2025-06-06,2025-06-07 00:00,2025-06-07 00:00,8.242295734817162e-13,5.684341886080802e-14,0,True,Optimization terminated successfully. (HiGHS Status 7: Optimal),459,0.0
2025-06-08,0,0.025511291998554952,53339.35853179778,144,10,2306,2025-05-19|2025-05-21|2025-05-23|2025-05-25|2025-05-27|2025-05-30|2025-06-01|2025-06-03|2025-06-05|2025-06-07,2025-06-08 00:00,2025-06-08 00:00,8.242295734817162e-13,2.2737367544323206e-13,0,True,Optimization terminated successfully. (HiGHS Status 7: Optimal),544,0.0
2025-06-09,0,0.025619457999709994,52608.21692925898,144,10,2306,2025-05-20|2025-05-22|2025-05-24|2025-05-26|2025-05-28|2025-05-31|2025-06-02|2025-06-04|2025-06-06|2025-06-08,2025-06-09 00:00,2025-06-09 00:00,9.094947017729282e-13,5.684341886080802e-14,0,True,Optimization terminated successfully. (HiGHS Status 7: Optimal),547,0.0
2025-06-10,0,0.02524358300070162,53376.41386371646,144,10,2306,2025-05-21|2025-05-23|2025-05-25|2025-05-27|2025-05-29|2025-06-01|2025-06-03|2025-06-05|2025-06-07|2025-06-09,2025-06-10 00:00,2025-06-10 00:00,7.958078640513122e-13,1.1368683772161603e-13,0,True,Optimization terminated successfully. (HiGHS Status 7: Optimal),540,0.0
2025-06-11,0,0.02500754200082156,53404.21618999289,144,10,2306,2025-05-22|2025-05-24|2025-05-26|2025-05-28|2025-05-30|2025-06-02|2025-06-04|2025-06-06|2025-06-08|2025-06-10,2025-06-11 00:00,2025-06-11 00:00,8.810729923425242e-13,0.0,0,True,Optimization terminated successfully. (HiGHS Status 7: Optimal),526,0.0
2025-06-12,0,0.02508108300025924,54373.550198121644,144,10,2306,2025-05-23|2025-05-25|2025-05-27|2025-05-29|2025-05-31|2025-06-03|2025-06-05|2025-06-07|2025-06-09|2025-06-11,2025-06-12 00:00,2025-06-12 00:00,7.958078640513122e-13,2.2737367544323206e-13,0,True,Optimization terminated successfully. (HiGHS Status 7: Optimal),533,0.0
2025-06-13,0,0.023108540999601246,23603.275505323552,144,10,2306,2025-05-24|2025-05-26|2025-05-28|2025-05-30|2025-06-01|2025-06-04|2025-06-06|2025-06-08|2025-06-10|2025-06-12,2025-06-13 00:00,2025-06-13 00:00,8.810729923425242e-13,1.1368683772161603e-13,0,True,Optimization terminated successfully. (HiGHS Status 7: Optimal),479,0.0
2025-06-14,0,0.027448791999631794,24139.789385335378,144,10,2306,2025-05-25|2025-05-27|2025-05-29|2025-05-31|2025-06-02|2025-06-05|2025-06-07|2025-06-09|2025-06-11|2025-06-13,2025-06-14 00:00,2025-06-14 00:00,9.094947017729282e-13,1.1368683772161603e-13,0,True,Optimization terminated successfully. (HiGHS Status 7: Optimal),481,0.0
2025-06-15,0,0.02765295800054446,56373.23007576442,144,10,2306,2025-05-26|2025-05-28|2025-05-30|2025-06-01|2025-06-03|2025-06-06|2025-06-08|2025-06-10|2025-06-12|2025-06-14,2025-06-15 00:00,2025-06-15 00:00,9.094947017729282e-13,1.1368683772161603e-13,0,True,Optimization terminated successfully. (HiGHS Status 7: Optimal),532,0.0
2025-06-16,0,0.024717791999137262,57984.92174520653,144,10,2306,2025-05-27|2025-05-29|2025-05-31|2025-06-02|2025-06-04|2025-06-07|2025-06-09|2025-06-11|2025-06-13|2025-06-15,2025-06-16 00:00,2025-06-16 00:00,7.958078640513122e-13,2.2737367544323206e-13,0,True,Optimization terminated successfully. (HiGHS Status 7: Optimal),529,0.0
2025-06-17,0,0.02497275000132504,56084.40023900793,144,10,2306,2025-05-28|2025-05-30|2025-06-01|2025-06-03|2025-06-05|2025-06-08|2025-06-10|2025-06-12|2025-06-14|2025-06-16,2025-06-17 00:00,2025-06-17 00:00,7.958078640513122e-13,5.684341886080802e-14,0,True,Optimization terminated successfully. (HiGHS Status 7: Optimal),539,0.0
2025-06-18,0,0.025924749999830965,59783.63611220447,144,10,2306,2025-05-29|2025-05-31|2025-06-02|2025-06-04|2025-06-06|2025-06-09|2025-06-11|2025-06-13|2025-06-15|2025-06-17,2025-06-18 00:00,2025-06-18 00:00,9.094947017729282e-13,0.0,0,True,Optimization terminated successfully. (HiGHS Status 7: Optimal),534,0.0
2025-06-19,0,0.025261917000534595,58500.16232146843,144,10,2306,2025-05-30|2025-06-01|2025-06-03|2025-06-05|2025-06-07|2025-06-10|2025-06-12|2025-06-14|2025-06-16|2025-06-18,2025-06-19 00:00,2025-06-19 00:00,7.958078640513122e-13,2.2737367544323206e-13,0,True,Optimization terminated successfully. (HiGHS Status 7: Optimal),529,0.0
2025-06-20,0,0.02566100000149163,27749.261232377306,144,10,2306,2025-05-31|2025-06-02|2025-06-04|2025-06-06|2025-06-08|2025-06-11|2025-06-13|2025-06-15|2025-06-17|2025-06-19,2025-06-20 00:00,2025-06-20 00:00,8.526512829121202e-13,1.1368683772161603e-13,0,True,Optimization terminated successfully. (HiGHS Status 7: Optimal),506,0.0
2025-06-21,0,0.0246786659990903,26239.69040459546,144,10,2306,2025-06-01|2025-06-03|2025-06-05|2025-06-07|2025-06-09|2025-06-12|2025-06-14|2025-06-16|2025-06-18|2025-06-20,2025-06-21 00:00,2025-06-21 00:00,9.094947017729282e-13,1.7763568394002505e-15,0,True,Optimization terminated successfully. (HiGHS Status 7: Optimal),498,0.0
2025-06-22,0,0.025013000000399188,60506.69351753707,144,10,2306,2025-06-02|2025-06-04|2025-06-06|2025-06-08|2025-06-10|2025-06-13|2025-06-15|2025-06-17|2025-06-19|2025-06-21,2025-06-22 00:00,2025-06-22 00:00,9.094947017729282e-13,2.2737367544323206e-13,0,True,Optimization terminated successfully. (HiGHS Status 7: Optimal),532,0.0
2025-06-23,0,0.026251917000990943,62045.50853861558,144,10,2306,2025-06-03|2025-06-05|2025-06-07|2025-06-09|2025-06-11|2025-06-14|2025-06-16|2025-06-18|2025-06-20|2025-06-22,2025-06-23 00:00,2025-06-23 00:00,9.094947017729282e-13,5.684341886080802e-14,0,True,Optimization terminated successfully. (HiGHS Status 7: Optimal),529,0.0
2025-06-24,0,0.030567750000045635,60800.39781776875,144,10,2306,2025-06-04|2025-06-06|2025-06-08|2025-06-10|2025-06-12|2025-06-15|2025-06-17|2025-06-19|2025-06-21|2025-06-23,2025-06-24 00:00,2025-06-24 00:00,9.094947017729282e-13,0.0,0,True,Optimization terminated successfully. (HiGHS Status 7: Optimal),523,0.0
2025-06-25,0,0.02863170899945544,62231.83097485208,144,10,2306,2025-06-05|2025-06-07|2025-06-09|2025-06-11|2025-06-13|2025-06-16|2025-06-18|2025-06-20|2025-06-22|2025-06-24,2025-06-25 00:00,2025-06-25 00:00,7.958078640513122e-13,2.2737367544323206e-13,0,True,Optimization terminated successfully. (HiGHS Status 7: Optimal),534,0.0
2025-06-26,0,0.03009924999969371,60811.82964232349,144,10,2306,2025-06-06|2025-06-08|2025-06-10|2025-06-12|2025-06-14|2025-06-17|2025-06-19|2025-06-21|2025-06-23|2025-06-25,2025-06-26 00:00,2025-06-26 00:00,7.958078640513122e-13,0.0,0,True,Optimization terminated successfully. (HiGHS Status 7: Optimal),529,0.0
2025-06-27,0,0.029233333001684514,28584.022037196788,144,10,2306,2025-06-07|2025-06-09|2025-06-11|2025-06-13|2025-06-15|2025-06-18|2025-06-20|2025-06-22|2025-06-24|2025-06-26,2025-06-27 00:00,2025-06-27 00:00,8.242295734817162e-13,1.1368683772161603e-13,0,True,Optimization terminated successfully. (HiGHS Status 7: Optimal),505,0.0
2025-06-28,0,0.024441625000690692,25575.759458638557,144,10,2306,2025-06-08|2025-06-10|2025-06-12|2025-06-14|2025-06-16|2025-06-19|2025-06-21|2025-06-23|2025-06-25|2025-06-27,2025-06-28 00:00,2025-06-28 00:00,8.633094239485217e-13,1.1368683772161603e-13,0,True,Optimization terminated successfully. (HiGHS Status 7: Optimal),493,0.0
2025-06-29,0,0.024161875000572763,61547.89990378455,144,10,2306,2025-06-09|2025-06-11|2025-06-13|2025-06-15|2025-06-17|2025-06-20|2025-06-22|2025-06-24|2025-06-26|2025-06-28,2025-06-29 00:00,2025-06-29 00:00,9.094947017729282e-13,5.684341886080802e-14,0,True,Optimization terminated successfully. (HiGHS Status 7: Optimal),534,0.0
2025-06-30,0,0.025182249999488704,60131.21682203402,144,10,2306,2025-06-10|2025-06-12|2025-06-14|2025-06-16|2025-06-18|2025-06-21|2025-06-23|2025-06-25|2025-06-27|2025-06-29,2025-06-30 00:00,2025-06-30 00:00,7.958078640513122e-13,0.0,0,True,Optimization terminated successfully. (HiGHS Status 7: Optimal),535,0.0
2025-07-01,0,0.024435500001345645,64246.739678204125,144,10,2306,2025-06-11|2025-06-13|2025-06-15|2025-06-17|2025-06-19|2025-06-22|2025-06-24|2025-06-26|2025-06-28|2025-06-30,2025-07-01 00:00,2025-07-01 00:00,8.526512829121202e-13,5.684341886080802e-14,0,True,Optimization terminated successfully. (HiGHS Status 7: Optimal),534,0.0
2025-07-02,0,0.025773332999960985,61229.79035687871,144,10,2306,2025-06-12|2025-06-14|2025-06-16|2025-06-18|2025-06-20|2025-06-23|2025-06-25|2025-06-27|2025-06-29|2025-07-01,2025-07-02 00:00,2025-07-02 00:00,7.958078640513122e-13,5.684341886080802e-14,0,True,Optimization terminated successfully. (HiGHS Status 7: Optimal),535,0.0
2025-07-03,0,0.025147750000542146,61355.359114767765,144,10,2306,2025-06-13|2025-06-15|2025-06-17|2025-06-19|2025-06-21|2025-06-24|2025-06-26|2025-06-28|2025-06-30|2025-07-02,2025-07-03 00:00,2025-07-03 00:00,9.094947017729282e-13,0.0,0,True,Optimization terminated successfully. (HiGHS Status 7: Optimal),530,0.0
2025-07-04,0,0.024396374999923864,28496.736119531637,144,10,2306,2025-06-14|2025-06-16|2025-06-18|2025-06-20|2025-06-22|2025-06-25|2025-06-27|2025-06-29|2025-07-01|2025-07-03,2025-07-04 00:00,2025-07-04 00:00,9.094947017729282e-13,0.0,0,True,Optimization terminated successfully. (HiGHS Status 7: Optimal),495,0.0
2025-07-05,0,0.02385462500024005,27571.36652856854,144,10,2306,2025-06-15|2025-06-17|2025-06-19|2025-06-21|2025-06-23|2025-06-26|2025-06-28|2025-06-30|2025-07-02|2025-07-04,2025-07-05 00:00,2025-07-05 00:00,9.094947017729282e-13,2.842170943040401e-14,0,True,Optimization terminated successfully. (HiGHS Status 7: Optimal),487,0.0
2025-07-06,0,0.024404292000326677,58588.56176442073,144,10,2306,2025-06-16|2025-06-18|2025-06-20|2025-06-22|2025-06-24|2025-06-27|2025-06-29|2025-07-01|2025-07-03|2025-07-05,2025-07-06 00:00,2025-07-06 00:00,9.094947017729282e-13,1.1368683772161603e-13,0,True,Optimization terminated successfully. (HiGHS Status 7: Optimal),533,0.0
2025-07-07,0,0.02499612500105286,60208.04006612904,144,10,2306,2025-06-17|2025-06-19|2025-06-21|2025-06-23|2025-06-25|2025-06-28|2025-06-30|2025-07-02|2025-07-04|2025-07-06,2025-07-07 00:00,2025-07-07 00:00,9.094947017729282e-13,1.1368683772161603e-13,0,True,Optimization terminated successfully. (HiGHS Status 7: Optimal),535,0.0
2025-07-08,0,0.02359341600094922,63479.63818102518,144,10,2306,2025-06-18|2025-06-20|2025-06-22|2025-06-24|2025-06-26|2025-06-29|2025-07-01|2025-07-03|2025-07-05|2025-07-07,2025-07-08 00:00,2025-07-08 00:00,9.094947017729282e-13,1.1368683772161603e-13,0,True,Optimization terminated successfully. (HiGHS Status 7: Optimal),521,0.0
2025-07-09,0,0.024514541999451467,59659.360067401,144,10,2306,2025-06-19|2025-06-21|2025-06-23|2025-06-25|2025-06-27|2025-06-30|2025-07-02|2025-07-04|2025-07-06|2025-07-08,2025-07-09 00:00,2025-07-09 00:00,7.958078640513122e-13,2.842170943040401e-14,0,True,Optimization terminated successfully. (HiGHS Status 7: Optimal),541,0.0
2025-07-10,0,0.024811124998450396,60589.79173124693,144,10,2306,2025-06-20|2025-06-22|2025-06-24|2025-06-26|2025-06-28|2025-07-01|2025-07-03|2025-07-05|2025-07-07|2025-07-09,2025-07-10 00:00,2025-07-10 00:00,7.958078640513122e-13,2.842170943040401e-14,0,True,Optimization terminated successfully. (HiGHS Status 7: Optimal),531,0.0
2025-07-11,0,0.021553833001235034,27836.204281482354,144,10,2306,2025-06-21|2025-06-23|2025-06-25|2025-06-27|2025-06-29|2025-07-02|2025-07-04|2025-07-06|2025-07-08|2025-07-10,2025-07-11 00:00,2025-07-11 00:00,8.810729923425242e-13,1.1368683772161603e-13,0,True,Optimization terminated successfully. (HiGHS Status 7: Optimal),440,0.0
2025-07-12,0,0.022178166000230704,27751.567507718122,144,10,2306,2025-06-22|2025-06-24|2025-06-26|2025-06-28|2025-06-30|2025-07-03|2025-07-05|2025-07-07|2025-07-09|2025-07-11,2025-07-12 00:00,2025-07-12 00:00,8.384404281969182e-13,0.0,0,True,Optimization terminated successfully. (HiGHS Status 7: Optimal),462,0.0
2025-07-13,0,0.024184124999010237,58708.59395095741,144,10,2306,2025-06-23|2025-06-25|2025-06-27|2025-06-29|2025-07-01|2025-07-04|2025-07-06|2025-07-08|2025-07-10|2025-07-12,2025-07-13 00:00,2025-07-13 00:00,7.958078640513122e-13,1.1368683772161603e-13,0,True,Optimization terminated successfully. (HiGHS Status 7: Optimal),542,0.0
2025-07-14,0,0.024636042000565794,58876.271913177065,144,10,2306,2025-06-24|2025-06-26|2025-06-28|2025-06-30|2025-07-02|2025-07-05|2025-07-07|2025-07-09|2025-07-11|2025-07-13,2025-07-14 00:00,2025-07-14 00:00,9.094947017729282e-13,5.684341886080802e-14,0,True,Optimization terminated successfully. (HiGHS Status 7: Optimal),547,0.0
2025-07-15,0,0.0236453329998767,62254.1569415026,144,10,2306,2025-06-25|2025-06-27|2025-06-29|2025-07-01|2025-07-03|2025-07-06|2025-07-08|2025-07-10|2025-07-12|2025-07-14,2025-07-15 00:00,2025-07-15 00:00,7.958078640513122e-13,0.0,0,True,Optimization terminated successfully. (HiGHS Status 7: Optimal),522,0.0
2025-07-16,0,0.02088562499920954,57419.41536494975,144,10,2306,2025-06-26|2025-06-28|2025-06-30|2025-07-02|2025-07-04|2025-07-07|2025-07-09|2025-07-11|2025-07-13|2025-07-15,2025-07-16 00:00,2025-07-16 00:00,9.094947017729282e-13,0.0,0,True,Optimization terminated successfully. (HiGHS Status 7: Optimal),525,0.0
2025-07-17,0,0.02059158399970329,57751.56166542251,144,10,2306,2025-06-27|2025-06-29|2025-07-01|2025-07-03|2025-07-05|2025-07-08|2025-07-10|2025-07-12|2025-07-14|2025-07-16,2025-07-17 00:00,2025-07-17 00:00,8.526512829121202e-13,1.1368683772161603e-13,0,True,Optimization terminated successfully. (HiGHS Status 7: Optimal),527,0.0
2025-07-18,0,0.018461084000591654,29189.95562604146,144,10,2306,2025-06-28|2025-06-30|2025-07-02|2025-07-04|2025-07-06|2025-07-09|2025-07-11|2025-07-13|2025-07-15|2025-07-17,2025-07-18 00:00,2025-07-18 00:00,7.887024366937112e-13,0.0,0,True,Optimization terminated successfully. (HiGHS Status 7: Optimal),440,0.0
2025-07-19,0,0.018332874999032356,29216.050824626658,144,10,2306,2025-06-29|2025-07-01|2025-07-03|2025-07-05|2025-07-07|2025-07-10|2025-07-12|2025-07-14|2025-07-16|2025-07-18,2025-07-19 00:00,2025-07-19 00:00,8.29558643999917e-13,7.105427357601002e-15,0,True,Optimization terminated successfully. (HiGHS Status 7: Optimal),444,0.0
2025-07-20,0,0.018526875001043663,57871.10703720454,144,10,2306,2025-06-30|2025-07-02|2025-07-04|2025-07-06|2025-07-08|2025-07-11|2025-07-13|2025-07-15|2025-07-17|2025-07-19,2025-07-20 00:00,2025-07-20 00:00,1.0231815394945443e-12,2.2737367544323206e-13,0,True,Optimization terminated successfully. (HiGHS Status 7: Optimal),538,0.0
2025-07-21,0,0.0187481659995683,56180.98419395609,144,10,2306,2025-07-01|2025-07-03|2025-07-05|2025-07-07|2025-07-09|2025-07-12|2025-07-14|2025-07-16|2025-07-18|2025-07-20,2025-07-21 00:00,2025-07-21 00:00,7.958078640513122e-13,5.684341886080802e-14,0,True,Optimization terminated successfully. (HiGHS Status 7: Optimal),529,0.0
2025-07-22,0,0.01865341700067802,60058.92475818066,144,10,2306,2025-07-02|2025-07-04|2025-07-06|2025-07-08|2025-07-10|2025-07-13|2025-07-15|2025-07-17|2025-07-19|2025-07-21,2025-07-22 00:00,2025-07-22 00:00,8.86402062860725e-13,1.1368683772161603e-13,0,True,Optimization terminated successfully. (HiGHS Status 7: Optimal),523,0.0
2025-07-23,0,0.01854066700070689,57624.00169231647,144,10,2306,2025-07-03|2025-07-05|2025-07-07|2025-07-09|2025-07-11|2025-07-14|2025-07-16|2025-07-18|2025-07-20|2025-07-22,2025-07-23 00:00,2025-07-23 00:00,8.846257060213247e-13,1.1368683772161603e-13,0,True,Optimization terminated successfully. (HiGHS Status 7: Optimal),525,0.0
2025-07-24,0,0.01811433299917553,58752.36277241916,144,10,2306,2025-07-04|2025-07-06|2025-07-08|2025-07-10|2025-07-12|2025-07-15|2025-07-17|2025-07-19|2025-07-21|2025-07-23,2025-07-24 00:00,2025-07-24 00:00,8.242295734817162e-13,5.684341886080802e-14,0,True,Optimization terminated successfully. (HiGHS Status 7: Optimal),516,0.0
2025-07-25,0,0.016155208000782295,29664.41744764428,144,10,2306,2025-07-05|2025-07-07|2025-07-09|2025-07-11|2025-07-13|2025-07-16|2025-07-18|2025-07-20|2025-07-22|2025-07-24,2025-07-25 00:00,2025-07-25 00:00,8.589795541524836e-13,1.1368683772161603e-13,0,True,Optimization terminated successfully. (HiGHS Status 7: Optimal),440,0.0
2025-07-26,0,0.016076583000540268,30469.869578705824,144,10,2306,2025-07-06|2025-07-08|2025-07-10|2025-07-12|2025-07-14|2025-07-17|2025-07-19|2025-07-21|2025-07-23|2025-07-25,2025-07-26 00:00,2025-07-26 00:00,9.094947017729282e-13,0.0,0,True,Optimization terminated successfully. (HiGHS Status 7: Optimal),434,0.0
2025-07-27,0,0.01879591699980665,56956.9210198215,144,10,2306,2025-07-07|2025-07-09|2025-07-11|2025-07-13|2025-07-15|2025-07-18|2025-07-20|2025-07-22|2025-07-24|2025-07-26,2025-07-27 00:00,2025-07-27 00:00,7.958078640513122e-13,1.1368683772161603e-13,0,True,Optimization terminated successfully. (HiGHS Status 7: Optimal),540,0.0
2025-07-28,0,0.018737332999080536,56030.44228945457,144,10,2306,2025-07-08|2025-07-10|2025-07-12|2025-07-14|2025-07-16|2025-07-19|2025-07-21|2025-07-23|2025-07-25|2025-07-27,2025-07-28 00:00,2025-07-28 00:00,8.668621376273222e-13,5.684341886080802e-14,0,True,Optimization terminated successfully. (HiGHS Status 7: Optimal),528,0.0
2025-07-29,0,0.018303124999874854,58709.16793981225,144,10,2306,2025-07-09|2025-07-11|2025-07-13|2025-07-15|2025-07-17|2025-07-20|2025-07-22|2025-07-24|2025-07-26|2025-07-28,2025-07-29 00:00,2025-07-29 00:00,8.100187187665142e-13,5.684341886080802e-14,0,True,Optimization terminated successfully. (HiGHS Status 7: Optimal),525,0.0
2025-07-30,0,0.01834716699886485,57400.553880416046,144,10,2306,2025-07-10|2025-07-12|2025-07-14|2025-07-16|2025-07-18|2025-07-21|2025-07-23|2025-07-25|2025-07-27|2025-07-29,2025-07-30 00:00,2025-07-30 00:00,7.958078640513122e-13,5.684341886080802e-14,0,True,Optimization terminated successfully. (HiGHS Status 7: Optimal),523,0.0
2025-07-31,0,0.018574665999040008,58918.42486421845,144,10,2306,2025-07-11|2025-07-13|2025-07-15|2025-07-17|2025-07-19|2025-07-22|2025-07-24|2025-07-26|2025-07-28|2025-07-30,2025-07-31 00:00,2025-07-31 00:00,8.526512829121202e-13,5.684341886080802e-14,0,True,Optimization terminated successfully. (HiGHS Status 7: Optimal),522,0.0
2025-08-01,0,0.0163793749998149,29707.196483479183,144,10,2306,2025-07-12|2025-07-14|2025-07-16|2025-07-18|2025-07-20|2025-07-23|2025-07-25|2025-07-27|2025-07-29|2025-07-31,2025-08-01 00:00,2025-08-01 00:00,8.526512829121202e-13,0.0,0,True,Optimization terminated successfully. (HiGHS Status 7: Optimal),441,0.0
2025-08-02,0,0.016387834000852308,29859.353881870404,144,10,2306,2025-07-13|2025-07-15|2025-07-17|2025-07-19|2025-07-21|2025-07-24|2025-07-26|2025-07-28|2025-07-30|2025-08-01,2025-08-02 00:00,2025-08-02 00:00,9.094947017729282e-13,0.0,0,True,Optimization terminated successfully. (HiGHS Status 7: Optimal),434,0.0
2025-08-03,0,0.01883095799894363,56676.92107823808,144,10,2306,2025-07-14|2025-07-16|2025-07-18|2025-07-20|2025-07-22|2025-07-25|2025-07-27|2025-07-29|2025-07-31|2025-08-02,2025-08-03 00:00,2025-08-03 00:00,9.094947017729282e-13,1.1368683772161603e-13,0,True,Optimization terminated successfully. (HiGHS Status 7: Optimal),530,0.0
2025-08-04,0,0.018420209000396426,57040.93016422101,144,10,2306,2025-07-15|2025-07-17|2025-07-19|2025-07-21|2025-07-23|2025-07-26|2025-07-28|2025-07-30|2025-08-01|2025-08-03,2025-08-04 00:00,2025-08-04 00:00,8.526512829121202e-13,2.2737367544323206e-13,0,True,Optimization terminated successfully. (HiGHS Status 7: Optimal),530,0.0
2025-08-05,0,0.018472708001354476,56645.78147865322,144,10,2306,2025-07-16|2025-07-18|2025-07-20|2025-07-22|2025-07-24|2025-07-27|2025-07-29|2025-07-31|2025-08-02|2025-08-04,2025-08-05 00:00,2025-08-05 00:00,8.881784197001252e-13,1.1368683772161603e-13,0,True,Optimization terminated successfully. (HiGHS Status 7: Optimal),536,0.0
2025-08-06,0,0.01812820799932524,56182.56945836547,144,10,2306,2025-07-17|2025-07-19|2025-07-21|2025-07-23|2025-07-25|2025-07-28|2025-07-30|2025-08-01|2025-08-03|2025-08-05,2025-08-06 00:00,2025-08-06 00:00,9.094947017729282e-13,1.1368683772161603e-13,0,True,Optimization terminated successfully. (HiGHS Status 7: Optimal),534,0.0
2025-08-07,0,0.018436125001244363,55436.20520202843,144,10,2306,2025-07-18|2025-07-20|2025-07-22|2025-07-24|2025-07-26|2025-07-29|2025-07-31|2025-08-02|2025-08-04|2025-08-06,2025-08-07 00:00,2025-08-07 00:00,8.242295734817162e-13,0.0,0,True,Optimization terminated successfully. (HiGHS Status 7: Optimal),512,0.0
2025-08-08,0,0.016348417000699556,27787.04616688459,144,10,2306,2025-07-19|2025-07-21|2025-07-23|2025-07-25|2025-07-27|2025-07-30|2025-08-01|2025-08-03|2025-08-05|2025-08-07,2025-08-08 00:00,2025-08-08 00:00,7.958078640513122e-13,0.0,0,True,Optimization terminated successfully. (HiGHS Status 7: Optimal),429,0.0
2025-08-09,0,0.016150125000422122,27329.4244011425,144,10,2306,2025-07-20|2025-07-22|2025-07-24|2025-07-26|2025-07-28|2025-07-31|2025-08-02|2025-08-04|2025-08-06|2025-08-08,2025-08-09 00:00,2025-08-09 00:00,8.952838470577262e-13,0.0,0,True,Optimization terminated successfully. (HiGHS Status 7: Optimal),427,0.0
2025-08-10,0,0.018265374999828055,52080.929684161754,144,10,2306,2025-07-21|2025-07-23|2025-07-25|2025-07-27|2025-07-29|2025-08-01|2025-08-03|2025-08-05|2025-08-07|2025-08-09,2025-08-10 00:00,2025-08-10 00:00,9.094947017729282e-13,1.1368683772161603e-13,0,True,Optimization terminated successfully. (HiGHS Status 7: Optimal),535,0.0
2025-08-11,0,0.018757834001007723,53978.29990873336,144,10,2306,2025-07-22|2025-07-24|2025-07-26|2025-07-28|2025-07-30|2025-08-02|2025-08-04|2025-08-06|2025-08-08|2025-08-10,2025-08-11 00:00,2025-08-11 00:00,9.094947017729282e-13,0.0,0,True,Optimization terminated successfully. (HiGHS Status 7: Optimal),537,0.0
2025-08-12,0,0.01897041700067348,52403.39833489961,144,10,2306,2025-07-23|2025-07-25|2025-07-27|2025-07-29|2025-07-31|2025-08-03|2025-08-05|2025-08-07|2025-08-09|2025-08-11,2025-08-12 00:00,2025-08-12 00:00,7.958078640513122e-13,5.684341886080802e-14,0,True,Optimization terminated successfully. (HiGHS Status 7: Optimal),538,0.0
2025-08-13,0,0.018467124999006046,53757.3196393926,144,10,2306,2025-07-24|2025-07-26|2025-07-28|2025-07-30|2025-08-01|2025-08-04|2025-08-06|2025-08-08|2025-08-10|2025-08-12,2025-08-13 00:00,2025-08-13 00:00,9.094947017729282e-13,5.684341886080802e-14,0,True,Optimization terminated successfully. (HiGHS Status 7: Optimal),533,0.0
2025-08-14,0,0.01828691599985177,51423.23947792658,144,10,2306,2025-07-25|2025-07-27|2025-07-29|2025-07-31|2025-08-02|2025-08-05|2025-08-07|2025-08-09|2025-08-11|2025-08-13,2025-08-14 00:00,2025-08-14 00:00,9.094947017729282e-13,2.2737367544323206e-13,0,True,Optimization terminated successfully. (HiGHS Status 7: Optimal),531,0.0
2025-08-15,0,0.016196291999222012,25741.827724900195,144,10,2306,2025-07-26|2025-07-28|2025-07-30|2025-08-01|2025-08-03|2025-08-06|2025-08-08|2025-08-10|2025-08-12|2025-08-14,2025-08-15 00:00,2025-08-15 00:00,8.526512829121202e-13,0.0,0,True,Optimization terminated successfully. (HiGHS Status 7: Optimal),423,0.0
2025-08-16,0,0.016180333001102554,25302.013127097693,144,10,2306,2025-07-27|2025-07-29|2025-07-31|2025-08-02|2025-08-04|2025-08-07|2025-08-09|2025-08-11|2025-08-13|2025-08-15,2025-08-16 00:00,2025-08-16 00:00,9.094947017729282e-13,2.2737367544323206e-13,0,True,Optimization terminated successfully. (HiGHS Status 7: Optimal),419,0.0
2025-08-17,0,0.0206085419995361,50515.28088289793,144,10,2306,2025-07-28|2025-07-30|2025-08-01|2025-08-03|2025-08-05|2025-08-08|2025-08-10|2025-08-12|2025-08-14|2025-08-16,2025-08-17 00:00,2025-08-17 00:00,9.094947017729282e-13,0.0,0,True,Optimization terminated successfully. (HiGHS Status 7: Optimal),525,0.0
2025-08-18,0,0.020859542000835063,50445.884438645146,144,10,2306,2025-07-29|2025-07-31|2025-08-02|2025-08-04|2025-08-06|2025-08-09|2025-08-11|2025-08-13|2025-08-15|2025-08-17,2025-08-18 00:00,2025-08-18 00:00,9.094947017729282e-13,1.1368683772161603e-13,0,True,Optimization terminated successfully. (HiGHS Status 7: Optimal),521,0.0
2025-08-19,0,0.020999540998673183,50503.80568468848,144,10,2306,2025-07-30|2025-08-01|2025-08-03|2025-08-05|2025-08-07|2025-08-10|2025-08-12|2025-08-14|2025-08-16|2025-08-18,2025-08-19 00:00,2025-08-19 00:00,8.668621376273222e-13,1.4210854715202004e-14,0,True,Optimization terminated successfully. (HiGHS Status 7: Optimal),523,0.0
2025-08-20,0,0.021095082998726866,49850.88425156209,144,10,2306,2025-07-31|2025-08-02|2025-08-04|2025-08-06|2025-08-08|2025-08-11|2025-08-13|2025-08-15|2025-08-17|2025-08-19,2025-08-20 00:00,2025-08-20 00:00,8.668621376273222e-13,1.1368683772161603e-13,0,True,Optimization terminated successfully. (HiGHS Status 7: Optimal),517,0.0
2025-08-21,0,0.02078849999998056,49064.11306467031,144,10,2306,2025-08-01|2025-08-03|2025-08-05|2025-08-07|2025-08-09|2025-08-12|2025-08-14|2025-08-16|2025-08-18|2025-08-20,2025-08-21 00:00,2025-08-21 00:00,9.094947017729282e-13,1.1368683772161603e-13,0,True,Optimization terminated successfully. (HiGHS Status 7: Optimal),516,0.0
2025-08-22,0,0.0182487919992127,24681.886522731664,144,10,2306,2025-08-02|2025-08-04|2025-08-06|2025-08-08|2025-08-10|2025-08-13|2025-08-15|2025-08-17|2025-08-19|2025-08-21,2025-08-22 00:00,2025-08-22 00:00,9.094947017729282e-13,2.2737367544323206e-13,0,True,Optimization terminated successfully. (HiGHS Status 7: Optimal),416,0.0
2025-08-23,0,0.01840220799931558,25193.3257874604,144,10,2306,2025-08-03|2025-08-05|2025-08-07|2025-08-09|2025-08-11|2025-08-14|2025-08-16|2025-08-18|2025-08-20|2025-08-22,2025-08-23 00:00,2025-08-23 00:00,8.242295734817162e-13,2.2737367544323206e-13,0,True,Optimization terminated successfully. (HiGHS Status 7: Optimal),421,0.0
2025-08-24,0,0.020298958001149003,48206.03879995404,144,10,2306,2025-08-04|2025-08-06|2025-08-08|2025-08-10|2025-08-12|2025-08-15|2025-08-17|2025-08-19|2025-08-21|2025-08-23,2025-08-24 00:00,2025-08-24 00:00,8.526512829121202e-13,5.684341886080802e-14,0,True,Optimization terminated successfully. (HiGHS Status 7: Optimal),513,0.0
2025-08-25,0,0.0205633339992346,49865.038192609485,144,10,2306,2025-08-05|2025-08-07|2025-08-09|2025-08-11|2025-08-13|2025-08-16|2025-08-18|2025-08-20|2025-08-22|2025-08-24,2025-08-25 00:00,2025-08-25 00:00,8.810729923425242e-13,2.842170943040401e-14,0,True,Optimization terminated successfully. (HiGHS Status 7: Optimal),514,0.0
2025-08-26,0,0.021377999999458552,50353.947341417115,144,10,2306,2025-08-06|2025-08-08|2025-08-10|2025-08-12|2025-08-14|2025-08-17|2025-08-19|2025-08-21|2025-08-23|2025-08-25,2025-08-26 00:00,2025-08-26 00:00,7.958078640513122e-13,0.0,0,True,Optimization terminated successfully. (HiGHS Status 7: Optimal),519,0.0
2025-08-27,0,0.023489790999519755,51069.372450667775,144,10,2306,2025-08-07|2025-08-09|2025-08-11|2025-08-13|2025-08-15|2025-08-18|2025-08-20|2025-08-22|2025-08-24|2025-08-26,2025-08-27 00:00,2025-08-27 00:00,9.094947017729282e-13,5.684341886080802e-14,0,True,Optimization terminated successfully. (HiGHS Status 7: Optimal),535,0.0
2025-08-28,0,0.024736082999879727,50065.91655619161,144,10,2306,2025-08-08|2025-08-10|2025-08-12|2025-08-14|2025-08-16|2025-08-19|2025-08-21|2025-08-23|2025-08-25|2025-08-27,2025-08-28 00:00,2025-08-28 00:00,9.094947017729282e-13,1.1368683772161603e-13,0,True,Optimization terminated successfully. (HiGHS Status 7: Optimal),530,0.0
2025-08-29,0,0.02141654200022458,25554.26764895291,144,10,2306,2025-08-09|2025-08-11|2025-08-13|2025-08-15|2025-08-17|2025-08-20|2025-08-22|2025-08-24|2025-08-26|2025-08-28,2025-08-29 00:00,2025-08-29 00:00,9.094947017729282e-13,3.552713678800501e-15,0,True,Optimization terminated successfully. (HiGHS Status 7: Optimal),415,0.0
2025-08-30,0,0.021131166999111883,25262.164258193945,144,10,2306,2025-08-10|2025-08-12|2025-08-14|2025-08-16|2025-08-18|2025-08-21|2025-08-23|2025-08-25|2025-08-27|2025-08-29,2025-08-30 00:00,2025-08-30 00:00,7.958078640513122e-13,0.0,0,True,Optimization terminated successfully. (HiGHS Status 7: Optimal),420,0.0
2025-08-31,0,0.023703916000158642,49003.24561194732,144,10,2306,2025-08-11|2025-08-13|2025-08-15|2025-08-17|2025-08-19|2025-08-22|2025-08-24|2025-08-26|2025-08-28|2025-08-30,2025-08-31 00:00,2025-08-31 00:00,9.094947017729282e-13,0.0,0,True,Optimization terminated successfully. (HiGHS Status 7: Optimal),506,0.0
2025-09-01,0,0.023946792000060668,50639.24550982357,144,10,2306,2025-08-12|2025-08-14|2025-08-16|2025-08-18|2025-08-20|2025-08-23|2025-08-25|2025-08-27|2025-08-29|2025-08-31,2025-09-01 00:00,2025-09-01 00:00,9.094947017729282e-13,1.1368683772161603e-13,0,True,Optimization terminated successfully. (HiGHS Status 7: Optimal),525,0.0
2025-09-02,0,0.02377883299959649,49487.099039333494,144,10,2306,2025-08-13|2025-08-15|2025-08-17|2025-08-19|2025-08-21|2025-08-24|2025-08-26|2025-08-28|2025-08-30|2025-09-01,2025-09-02 00:00,2025-09-02 00:00,9.094947017729282e-13,1.1368683772161603e-13,0,True,Optimization terminated successfully. (HiGHS Status 7: Optimal),514,0.0
2025-09-03,0,0.024645041999974637,51822.659947945205,144,10,2306,2025-08-14|2025-08-16|2025-08-18|2025-08-20|2025-08-22|2025-08-25|2025-08-27|2025-08-29|2025-08-31|2025-09-02,2025-09-03 00:00,2025-09-03 00:00,9.094947017729282e-13,1.1368683772161603e-13,0,True,Optimization terminated successfully. (HiGHS Status 7: Optimal),536,0.0
2025-09-04,0,0.024376249999477295,49775.31008031989,144,10,2306,2025-08-15|2025-08-17|2025-08-19|2025-08-21|2025-08-23|2025-08-26|2025-08-28|2025-08-30|2025-09-01|2025-09-03,2025-09-04 00:00,2025-09-04 00:00,8.242295734817162e-13,1.1368683772161603e-13,0,True,Optimization terminated successfully. (HiGHS Status 7: Optimal),531,0.0
2025-09-05,0,0.021452999999382882,25535.446016778944,144,10,2306,2025-08-16|2025-08-18|2025-08-20|2025-08-22|2025-08-24|2025-08-27|2025-08-29|2025-08-31|2025-09-02|2025-09-04,2025-09-05 00:00,2025-09-05 00:00,7.105427357601002e-13,2.842170943040401e-14,0,True,Optimization terminated successfully. (HiGHS Status 7: Optimal),425,0.0
2025-09-06,0,0.021201458999712486,25163.346077502294,144,10,2306,2025-08-17|2025-08-19|2025-08-21|2025-08-23|2025-08-25|2025-08-28|2025-08-30|2025-09-01|2025-09-03|2025-09-05,2025-09-06 00:00,2025-09-06 00:00,5.684341886080801e-13,5.684341886080802e-14,0,True,Optimization terminated successfully. (HiGHS Status 7: Optimal),421,0.0
2025-09-07,0,0.02396529200086661,49688.22625672572,144,10,2306,2025-08-18|2025-08-20|2025-08-22|2025-08-24|2025-08-26|2025-08-29|2025-08-31|2025-09-02|2025-09-04|2025-09-06,2025-09-07 00:00,2025-09-07 00:00,7.958078640513122e-13,5.684341886080802e-14,0,True,Optimization terminated successfully. (HiGHS Status 7: Optimal),510,0.0
2025-09-08,0,0.024034415999267367,47266.86500186072,144,10,2306,2025-08-19|2025-08-21|2025-08-23|2025-08-25|2025-08-27|2025-08-30|2025-09-01|2025-09-03|2025-09-05|2025-09-07,2025-09-08 00:00,2025-09-08 00:00,7.958078640513122e-13,1.1368683772161603e-13,0,True,Optimization terminated successfully. (HiGHS Status 7: Optimal),510,0.0
2025-09-09,0,0.024243083000328625,48408.12053868626,144,10,2306,2025-08-20|2025-08-22|2025-08-24|2025-08-26|2025-08-28|2025-08-31|2025-09-02|2025-09-04|2025-09-06|2025-09-08,2025-09-09 00:00,2025-09-09 00:00,8.810729923425242e-13,5.684341886080802e-14,0,True,Optimization terminated successfully. (HiGHS Status 7: Optimal),521,0.0
2025-09-10,0,0.02418595800008916,48288.953707277826,144,10,2306,2025-08-21|2025-08-23|2025-08-25|2025-08-27|2025-08-29|2025-09-01|2025-09-03|2025-09-05|2025-09-07|2025-09-09,2025-09-10 00:00,2025-09-10 00:00,1.0231815394945443e-12,1.1368683772161603e-13,0,True,Optimization terminated successfully. (HiGHS Status 7: Optimal),520,0.0
2025-09-11,0,0.024765791999016074,49053.90508791942,144,10,2306,2025-08-22|2025-08-24|2025-08-26|2025-08-28|2025-08-30|2025-09-02|2025-09-04|2025-09-06|2025-09-08|2025-09-10,2025-09-11 00:00,2025-09-11 00:00,7.958078640513122e-13,1.1368683772161603e-13,0,True,Optimization terminated successfully. (HiGHS Status 7: Optimal),535,0.0
2025-09-12,0,0.021505333999812137,23149.095665719156,144,10,2306,2025-08-23|2025-08-25|2025-08-27|2025-08-29|2025-08-31|2025-09-03|2025-09-05|2025-09-07|2025-09-09|2025-09-11,2025-09-12 00:00,2025-09-12 00:00,8.668621376273222e-13,1.1368683772161603e-13,0,True,Optimization terminated successfully. (HiGHS Status 7: Optimal),421,0.0
2025-09-13,0,0.02115770799900929,23185.32600799437,144,10,2306,2025-08-24|2025-08-26|2025-08-28|2025-08-30|2025-09-01|2025-09-04|2025-09-06|2025-09-08|2025-09-10|2025-09-12,2025-09-13 00:00,2025-09-13 00:00,7.744915819785092e-13,7.105427357601002e-15,0,True,Optimization terminated successfully. (HiGHS Status 7: Optimal),418,0.0
2025-09-14,0,0.023897875000329805,46642.687274696036,144,10,2306,2025-08-25|2025-08-27|2025-08-29|2025-08-31|2025-09-02|2025-09-05|2025-09-07|2025-09-09|2025-09-11|2025-09-13,2025-09-14 00:00,2025-09-14 00:00,9.094947017729282e-13,0.0,0,True,Optimization terminated successfully. (HiGHS Status 7: Optimal),525,0.0
2025-09-15,0,0.024738457999774255,46575.17436052289,144,10,2306,2025-08-26|2025-08-28|2025-08-30|2025-09-01|2025-09-03|2025-09-06|2025-09-08|2025-09-10|2025-09-12|2025-09-14,2025-09-15 00:00,2025-09-15 00:00,9.094947017729282e-13,1.1368683772161603e-13,0,True,Optimization terminated successfully. (HiGHS Status 7: Optimal),543,0.0
2025-09-16,0,0.02362866600014968,43921.54035744051,144,10,2306,2025-08-27|2025-08-29|2025-08-31|2025-09-02|2025-09-04|2025-09-07|2025-09-09|2025-09-11|2025-09-13|2025-09-15,2025-09-16 00:00,2025-09-16 00:00,7.958078640513122e-13,5.684341886080802e-14,0,True,Optimization terminated successfully. (HiGHS Status 7: Optimal),512,0.0
2025-09-17,0,0.024858417000359623,47535.4516138524,144,10,2306,2025-08-28|2025-08-30|2025-09-01|2025-09-03|2025-09-05|2025-09-08|2025-09-10|2025-09-12|2025-09-14|2025-09-16,2025-09-17 00:00,2025-09-17 00:00,9.094947017729282e-13,1.1368683772161603e-13,0,True,Optimization terminated successfully. (HiGHS Status 7: Optimal),537,0.0
2025-09-18,0,0.023913958000775892,44485.14839976295,144,10,2306,2025-08-29|2025-08-31|2025-09-02|2025-09-04|2025-09-06|2025-09-09|2025-09-11|2025-09-13|2025-09-15|2025-09-17,2025-09-18 00:00,2025-09-18 00:00,7.389644451905042e-13,5.684341886080802e-14,0,True,Optimization terminated successfully. (HiGHS Status 7: Optimal),519,0.0
2025-09-19,0,0.02135699999962526,20076.924064261042,144,10,2306,2025-08-30|2025-09-01|2025-09-03|2025-09-05|2025-09-07|2025-09-10|2025-09-12|2025-09-14|2025-09-16|2025-09-18,2025-09-19 00:00,2025-09-19 00:00,7.851497230149107e-13,2.2737367544323206e-13,0,True,Optimization terminated successfully. (HiGHS Status 7: Optimal),416,0.0
2025-09-20,0,0.021565042001384427,19584.732385557494,144,10,2306,2025-08-31|2025-09-02|2025-09-04|2025-09-06|2025-09-08|2025-09-11|2025-09-13|2025-09-15|2025-09-17|2025-09-19,2025-09-20 00:00,2025-09-20 00:00,9.023892744153272e-13,1.1368683772161603e-13,0,True,Optimization terminated successfully. (HiGHS Status 7: Optimal),416,0.0
2025-09-21,0,0.02685979199850408,43352.831966764556,144,10,2306,2025-09-01|2025-09-03|2025-09-05|2025-09-07|2025-09-09|2025-09-12|2025-09-14|2025-09-16|2025-09-18|2025-09-20,2025-09-21 00:00,2025-09-21 00:00,8.668621376273222e-13,1.1368683772161603e-13,0,True,Optimization terminated successfully. (HiGHS Status 7: Optimal),528,0.0
2025-09-22,0,0.029406584000753355,41817.89988136674,144,10,2306,2025-09-02|2025-09-04|2025-09-06|2025-09-08|2025-09-10|2025-09-13|2025-09-15|2025-09-17|2025-09-19|2025-09-21,2025-09-22 00:00,2025-09-22 00:00,8.337046331075015e-13,1.1368683772161603e-13,0,True,Optimization terminated successfully. (HiGHS Status 7: Optimal),532,0.0
2025-09-23,0,0.028758999998899526,41971.351380341,144,10,2306,2025-09-03|2025-09-05|2025-09-07|2025-09-09|2025-09-11|2025-09-14|2025-09-16|2025-09-18|2025-09-20|2025-09-22,2025-09-23 00:00,2025-09-23 00:00,8.810729923425242e-13,1.1368683772161603e-13,0,True,Optimization terminated successfully. (HiGHS Status 7: Optimal),518,0.0
2025-09-24,0,0.028266584000448347,44303.62543860447,144,10,2306,2025-09-04|2025-09-06|2025-09-08|2025-09-10|2025-09-12|2025-09-15|2025-09-17|2025-09-19|2025-09-21|2025-09-23,2025-09-24 00:00,2025-09-24 00:00,9.094947017729282e-13,1.1368683772161603e-13,0,True,Optimization terminated successfully. (HiGHS Status 7: Optimal),534,0.0
2025-09-25,0,0.02483849999953236,43288.94870817864,144,10,2306,2025-09-05|2025-09-07|2025-09-09|2025-09-11|2025-09-13|2025-09-16|2025-09-18|2025-09-20|2025-09-22|2025-09-24,2025-09-25 00:00,2025-09-25 00:00,9.094947017729282e-13,2.842170943040401e-14,0,True,Optimization terminated successfully. (HiGHS Status 7: Optimal),521,0.0
2025-09-26,0,0.021681791000446538,18918.069090856872,144,10,2306,2025-09-06|2025-09-08|2025-09-10|2025-09-12|2025-09-14|2025-09-17|2025-09-19|2025-09-21|2025-09-23|2025-09-25,2025-09-26 00:00,2025-09-26 00:00,8.526512829121202e-13,0.0,0,True,Optimization terminated successfully. (HiGHS Status 7: Optimal),423,0.0
2025-09-27,0,0.02156512500005192,18941.17205142019,144,10,2306,2025-09-07|2025-09-09|2025-09-11|2025-09-13|2025-09-15|2025-09-18|2025-09-20|2025-09-22|2025-09-24|2025-09-26,2025-09-27 00:00,2025-09-27 00:00,8.526512829121202e-13,2.2737367544323206e-13,0,True,Optimization terminated successfully. (HiGHS Status 7: Optimal),422,0.0
2025-09-28,0,0.02555483400101366,45331.34031047033,144,10,2306,2025-09-08|2025-09-10|2025-09-12|2025-09-14|2025-09-16|2025-09-19|2025-09-21|2025-09-23|2025-09-25|2025-09-27,2025-09-28 00:00,2025-09-28 00:00,8.299194664829201e-13,1.1368683772161603e-13,0,True,Optimization terminated successfully. (HiGHS Status 7: Optimal),528,0.0
2025-09-29,0,0.02519962500082329,42586.450123251714,144,10,2306,2025-09-09|2025-09-11|2025-09-13|2025-09-15|2025-09-17|2025-09-20|2025-09-22|2025-09-24|2025-09-26|2025-09-28,2025-09-29 00:00,2025-09-29 00:00,8.597567102697212e-13,1.1368683772161603e-13,0,True,Optimization terminated successfully. (HiGHS Status 7: Optimal),536,0.0
2025-09-30,0,0.024894416999813984,44434.97710266461,144,10,2306,2025-09-10|2025-09-12|2025-09-14|2025-09-16|2025-09-18|2025-09-21|2025-09-23|2025-09-25|2025-09-27|2025-09-29,2025-09-30 00:00,2025-09-30 00:00,1.0231815394945443e-12,1.1368683772161603e-13,0,True,Optimization terminated successfully. (HiGHS Status 7: Optimal),539,0.0
2025-10-01,0,0.024820749998980318,45305.30587661923,144,10,2306,2025-09-11|2025-09-13|2025-09-15|2025-09-17|2025-09-19|2025-09-22|2025-09-24|2025-09-26|2025-09-28|2025-09-30,2025-10-01 00:00,2025-10-01 00:00,8.810729923425242e-13,1.1368683772161603e-13,0,True,Optimization terminated successfully. (HiGHS Status 7: Optimal),532,0.0
2025-10-02,0,0.025421667000046,44570.10889726842,144,10,2306,2025-09-12|2025-09-14|2025-09-16|2025-09-18|2025-09-20|2025-09-23|2025-09-25|2025-09-27|2025-09-29|2025-10-01,2025-10-02 00:00,2025-10-02 00:00,9.094947017729282e-13,1.1368683772161603e-13,0,True,Optimization terminated successfully. (HiGHS Status 7: Optimal),542,0.0
2025-10-03,0,0.022254207999139908,18220.489917849154,144,10,2306,2025-09-13|2025-09-15|2025-09-17|2025-09-19|2025-09-21|2025-09-24|2025-09-26|2025-09-28|2025-09-30|2025-10-02,2025-10-03 00:00,2025-10-03 00:00,8.242295734817162e-13,5.684341886080802e-14,0,True,Optimization terminated successfully. (HiGHS Status 7: Optimal),420,0.0
2025-10-04,0,0.021721875000366708,19266.730878218375,144,10,2306,2025-09-14|2025-09-16|2025-09-18|2025-09-20|2025-09-22|2025-09-25|2025-09-27|2025-09-29|2025-10-01|2025-10-03,2025-10-04 00:00,2025-10-04 00:00,9.094947017729282e-13,2.2737367544323206e-13,0,True,Optimization terminated successfully. (HiGHS Status 7: Optimal),433,0.0
2025-10-05,0,0.025514165999993565,45347.82865299813,144,10,2306,2025-09-15|2025-09-17|2025-09-19|2025-09-21|2025-09-23|2025-09-26|2025-09-28|2025-09-30|2025-10-02|2025-10-04,2025-10-05 00:00,2025-10-05 00:00,7.958078640513122e-13,1.1368683772161603e-13,0,True,Optimization terminated successfully. (HiGHS Status 7: Optimal),528,0.0
2025-10-06,0,0.02518962500107591,45894.29668899645,144,10,2306,2025-09-16|2025-09-18|2025-09-20|2025-09-22|2025-09-24|2025-09-27|2025-09-29|2025-10-01|2025-10-03|2025-10-05,2025-10-06 00:00,2025-10-06 00:00,8.810729923425242e-13,1.1368683772161603e-13,0,True,Optimization terminated successfully. (HiGHS Status 7: Optimal),538,0.0
2025-10-07,0,0.02450966700052959,46126.30158534689,144,10,2306,2025-09-17|2025-09-19|2025-09-21|2025-09-23|2025-09-25|2025-09-28|2025-09-30|2025-10-02|2025-10-04|2025-10-06,2025-10-07 00:00,2025-10-07 00:00,8.988365607365267e-13,1.1368683772161603e-13,0,True,Optimization terminated successfully. (HiGHS Status 7: Optimal),525,0.0
2025-10-08,0,0.02440766600011557,43968.05832041843,144,10,2306,2025-09-18|2025-09-20|2025-09-22|2025-09-24|2025-09-26|2025-09-29|2025-10-01|2025-10-03|2025-10-05|2025-10-07,2025-10-08 00:00,2025-10-08 00:00,8.810729923425242e-13,1.1368683772161603e-13,0,True,Optimization terminated successfully. (HiGHS Status 7: Optimal),527,0.0
2025-10-09,0,0.02516999999897962,44001.15148764667,144,10,2306,2025-09-19|2025-09-21|2025-09-23|2025-09-25|2025-09-27|2025-09-30|2025-10-02|2025-10-04|2025-10-06|2025-10-08,2025-10-09 00:00,2025-10-09 00:00,9.094947017729282e-13,1.1368683772161603e-13,0,True,Optimization terminated successfully. (HiGHS Status 7: Optimal),540,0.0
2025-10-10,0,0.021825750000061817,17430.713022879772,144,10,2306,2025-09-20|2025-09-22|2025-09-24|2025-09-26|2025-09-28|2025-10-01|2025-10-03|2025-10-05|2025-10-07|2025-10-09,2025-10-10 00:00,2025-10-10 00:00,9.663381206337363e-13,2.2737367544323206e-13,0,True,Optimization terminated successfully. (HiGHS Status 7: Optimal),429,0.0
2025-10-11,0,0.021859208998648683,19163.840136368643,144,10,2306,2025-09-21|2025-09-23|2025-09-25|2025-09-27|2025-09-29|2025-10-02|2025-10-04|2025-10-06|2025-10-08|2025-10-10,2025-10-11 00:00,2025-10-11 00:00,8.242295734817162e-13,5.684341886080802e-14,0,True,Optimization terminated successfully. (HiGHS Status 7: Optimal),428,0.0
2025-10-12,0,0.024952833000497776,45034.24959190931,144,10,2306,2025-09-22|2025-09-24|2025-09-26|2025-09-28|2025-09-30|2025-10-03|2025-10-05|2025-10-07|2025-10-09|2025-10-11,2025-10-12 00:00,2025-10-12 00:00,9.094947017729282e-13,1.1368683772161603e-13,0,True,Optimization terminated successfully. (HiGHS Status 7: Optimal),527,0.0
2025-10-13,0,0.024656249999679858,45465.45666835524,144,10,2306,2025-09-23|2025-09-25|2025-09-27|2025-09-29|2025-10-01|2025-10-04|2025-10-06|2025-10-08|2025-10-10|2025-10-12,2025-10-13 00:00,2025-10-13 00:00,7.958078640513122e-13,1.1368683772161603e-13,0,True,Optimization terminated successfully. (HiGHS Status 7: Optimal),529,0.0
2025-10-14,0,0.02475349999986065,46482.321336857734,144,10,2306,2025-09-24|2025-09-26|2025-09-28|2025-09-30|2025-10-02|2025-10-05|2025-10-07|2025-10-09|2025-10-11|2025-10-13,2025-10-14 00:00,2025-10-14 00:00,9.094947017729282e-13,1.1368683772161603e-13,0,True,Optimization terminated successfully. (HiGHS Status 7: Optimal),532,0.0
2025-10-15,0,0.024797292000585003,42922.66733933611,144,10,2306,2025-09-25|2025-09-27|2025-09-29|2025-10-01|2025-10-03|2025-10-06|2025-10-08|2025-10-10|2025-10-12|2025-10-14,2025-10-15 00:00,2025-10-15 00:00,9.094947017729282e-13,1.1368683772161603e-13,0,True,Optimization terminated successfully. (HiGHS Status 7: Optimal),534,0.0
2025-10-16,0,0.026211207999949693,43489.49993321363,144,10,2306,2025-09-26|2025-09-28|2025-09-30|2025-10-02|2025-10-04|2025-10-07|2025-10-09|2025-10-11|2025-10-13|2025-10-15,2025-10-16 00:00,2025-10-16 00:00,8.952838470577262e-13,1.1368683772161603e-13,0,True,Optimization terminated successfully. (HiGHS Status 7: Optimal),536,0.0
2025-10-17,0,0.02553766700111737,18018.45851489623,144,10,2306,2025-09-27|2025-09-29|2025-10-01|2025-10-03|2025-10-05|2025-10-08|2025-10-10|2025-10-12|2025-10-14|2025-10-16,2025-10-17 00:00,2025-10-17 00:00,9.094947017729282e-13,2.2737367544323206e-13,0,True,Optimization terminated successfully. (HiGHS Status 7: Optimal),430,0.0
2025-10-18,0,0.026531499999691732,18375.716876166534,144,10,2306,2025-09-28|2025-09-30|2025-10-02|2025-10-04|2025-10-06|2025-10-09|2025-10-11|2025-10-13|2025-10-15|2025-10-17,2025-10-18 00:00,2025-10-18 00:00,7.958078640513122e-13,2.2737367544323206e-13,0,True,Optimization terminated successfully. (HiGHS Status 7: Optimal),433,0.0
2025-10-19,0,0.028998916001000907,43792.17603614709,144,10,2306,2025-09-29|2025-10-01|2025-10-03|2025-10-05|2025-10-07|2025-10-10|2025-10-12|2025-10-14|2025-10-16|2025-10-18,2025-10-19 00:00,2025-10-19 00:00,7.958078640513122e-13,1.1368683772161603e-13,0,True,Optimization terminated successfully. (HiGHS Status 7: Optimal),532,0.0
2025-10-20,0,0.029006000000663335,45792.9460562739,144,10,2306,2025-09-30|2025-10-02|2025-10-04|2025-10-06|2025-10-08|2025-10-11|2025-10-13|2025-10-15|2025-10-17|2025-10-19,2025-10-20 00:00,2025-10-20 00:00,8.65085780787922e-13,1.1368683772161603e-13,0,True,Optimization terminated successfully. (HiGHS Status 7: Optimal),530,0.0
2025-10-21,0,0.029183333999753813,45760.72559729595,144,10,2306,2025-10-01|2025-10-03|2025-10-05|2025-10-07|2025-10-09|2025-10-12|2025-10-14|2025-10-16|2025-10-18|2025-10-20,2025-10-21 00:00,2025-10-21 00:00,9.094947017729282e-13,1.1368683772161603e-13,0,True,Optimization terminated successfully. (HiGHS Status 7: Optimal),535,0.0
2025-10-22,0,0.026311457999327104,42808.66396490669,144,10,2306,2025-10-02|2025-10-04|2025-10-06|2025-10-08|2025-10-10|2025-10-13|2025-10-15|2025-10-17|2025-10-19|2025-10-21,2025-10-22 00:00,2025-10-22 00:00,9.094947017729282e-13,1.1368683772161603e-13,0,True,Optimization terminated successfully. (HiGHS Status 7: Optimal),525,0.0
2025-10-23,0,0.025045166999916546,44737.80972606574,144,10,2306,2025-10-03|2025-10-05|2025-10-07|2025-10-09|2025-10-11|2025-10-14|2025-10-16|2025-10-18|2025-10-20|2025-10-22,2025-10-23 00:00,2025-10-23 00:00,7.958078640513122e-13,1.1368683772161603e-13,0,True,Optimization terminated successfully. (HiGHS Status 7: Optimal),537,0.0
2025-10-24,0,0.022608417000810732,17376.98476877007,144,10,2306,2025-10-04|2025-10-06|2025-10-08|2025-10-10|2025-10-12|2025-10-15|2025-10-17|2025-10-19|2025-10-21|2025-10-23,2025-10-24 00:00,2025-10-24 00:00,9.094947017729282e-13,5.684341886080802e-14,0,True,Optimization terminated successfully. (HiGHS Status 7: Optimal),432,0.0
2025-10-25,0,0.022651458999462193,18497.976143113538,144,10,2306,2025-10-05|2025-10-07|2025-10-09|2025-10-11|2025-10-13|2025-10-16|2025-10-18|2025-10-20|2025-10-22|2025-10-24,2025-10-25 00:00,2025-10-25 00:00,7.958078640513122e-13,1.1368683772161603e-13,0,True,Optimization terminated successfully. (HiGHS Status 7: Optimal),438,0.0
2025-10-26,0,0.0248507910000626,45749.627259098066,144,10,2306,2025-10-06|2025-10-08|2025-10-10|2025-10-12|2025-10-14|2025-10-17|2025-10-19|2025-10-21|2025-10-23|2025-10-25,2025-10-26 00:00,2025-10-26 00:00,1.0231815394945443e-12,1.1368683772161603e-13,0,True,Optimization terminated successfully. (HiGHS Status 7: Optimal),534,0.0
2025-10-27,0,0.025097749999986263,46940.03437150357,144,10,2306,2025-10-07|2025-10-09|2025-10-11|2025-10-13|2025-10-15|2025-10-18|2025-10-20|2025-10-22|2025-10-24|2025-10-26,2025-10-27 00:00,2025-10-27 00:00,7.958078640513122e-13,5.684341886080802e-14,0,True,Optimization terminated successfully. (HiGHS Status 7: Optimal),540,0.0
2025-10-28,0,0.02541916699919966,48170.57951934018,144,10,2306,2025-10-08|2025-10-10|2025-10-12|2025-10-14|2025-10-16|2025-10-19|2025-10-21|2025-10-23|2025-10-25|2025-10-27,2025-10-28 00:00,2025-10-28 00:00,8.668621376273222e-13,0.0,0,True,Optimization terminated successfully. (HiGHS Status 7: Optimal),532,0.0
2025-10-29,0,0.02501887500147859,45420.17258208056,144,10,2306,2025-10-09|2025-10-11|2025-10-13|2025-10-15|2025-10-17|2025-10-20|2025-10-22|2025-10-24|2025-10-26|2025-10-28,2025-10-29 00:00,2025-10-29 00:00,6.821210263296962e-13,1.1368683772161603e-13,0,True,Optimization terminated successfully. (HiGHS Status 7: Optimal),529,0.0
2025-10-30,0,0.025915082998835715,46431.25269449772,144,10,2306,2025-10-10|2025-10-12|2025-10-14|2025-10-16|2025-10-18|2025-10-21|2025-10-23|2025-10-25|2025-10-27|2025-10-29,2025-10-30 00:00,2025-10-30 00:00,9.094947017729282e-13,5.684341886080802e-14,0,True,Optimization terminated successfully. (HiGHS Status 7: Optimal),534,0.0
2025-10-31,0,0.02443491600024572,18280.875964613726,144,10,2306,2025-10-11|2025-10-13|2025-10-15|2025-10-17|2025-10-19|2025-10-22|2025-10-24|2025-10-26|2025-10-28|2025-10-30,2025-10-31 00:00,2025-10-31 00:00,9.094947017729282e-13,1.1368683772161603e-13,0,True,Optimization terminated successfully. (HiGHS Status 7: Optimal),434,0.0
2025-11-01,0,0.024565292000261252,18682.925574011246,144,10,2306,2025-10-12|2025-10-14|2025-10-16|2025-10-18|2025-10-20|2025-10-23|2025-10-25|2025-10-27|2025-10-29|2025-10-31,2025-11-01 00:00,2025-11-01 00:00,7.958078640513122e-13,1.1368683772161603e-13,0,True,Optimization terminated successfully. (HiGHS Status 7: Optimal),445,0.0
2025-11-02,0,0.029823332999512786,46580.99514762541,144,10,2306,2025-10-13|2025-10-15|2025-10-17|2025-10-19|2025-10-21|2025-10-24|2025-10-26|2025-10-28|2025-10-30|2025-11-01,2025-11-02 00:00,2025-11-02 00:00,8.810729923425242e-13,1.1368683772161603e-13,0,True,Optimization terminated successfully. (HiGHS Status 7: Optimal),534,0.0
2025-11-03,0,0.02514129100018181,49568.80861248604,144,10,2306,2025-10-14|2025-10-16|2025-10-18|2025-10-20|2025-10-22|2025-10-25|2025-10-27|2025-10-29|2025-10-31|2025-11-02,2025-11-03 00:00,2025-11-03 00:00,8.668621376273222e-13,0.0,0,True,Optimization terminated successfully. (HiGHS Status 7: Optimal),532,0.0
2025-11-04,0,0.02496291699935682,49004.14512488115,144,10,2306,2025-10-15|2025-10-17|2025-10-19|2025-10-21|2025-10-23|2025-10-26|2025-10-28|2025-10-30|2025-11-01|2025-11-03,2025-11-04 00:00,2025-11-04 00:00,9.094947017729282e-13,2.2737367544323206e-13,0,True,Optimization terminated successfully. (HiGHS Status 7: Optimal),535,0.0
2025-11-05,0,0.027224249999562744,51471.244063461294,144,10,2306,2025-10-16|2025-10-18|2025-10-20|2025-10-22|2025-10-24|2025-10-27|2025-10-29|2025-10-31|2025-11-02|2025-11-04,2025-11-05 00:00,2025-11-05 00:00,8.419931418757187e-13,5.684341886080802e-14,0,True,Optimization terminated successfully. (HiGHS Status 7: Optimal),540,0.0
2025-11-06,0,0.024909542000386864,48822.65454165711,144,10,2306,2025-10-17|2025-10-19|2025-10-21|2025-10-23|2025-10-25|2025-10-28|2025-10-30|2025-11-01|2025-11-03|2025-11-05,2025-11-06 00:00,2025-11-06 00:00,8.384404281969182e-13,0.0,0,True,Optimization terminated successfully. (HiGHS Status 7: Optimal),528,0.0
2025-11-07,0,0.02320312499978172,19646.007526582594,144,10,2306,2025-10-18|2025-10-20|2025-10-22|2025-10-24|2025-10-26|2025-10-29|2025-10-31|2025-11-02|2025-11-04|2025-11-06,2025-11-07 00:00,2025-11-07 00:00,7.389644451905042e-13,1.1368683772161603e-13,0,True,Optimization terminated successfully. (HiGHS Status 7: Optimal),451,0.0
2025-11-08,0,0.02285074999963399,19587.70883621325,144,10,2306,2025-10-19|2025-10-21|2025-10-23|2025-10-25|2025-10-27|2025-10-30|2025-11-01|2025-11-03|2025-11-05|2025-11-07,2025-11-08 00:00,2025-11-08 00:00,7.389644451905042e-13,1.1368683772161603e-13,0,True,Optimization terminated successfully. (HiGHS Status 7: Optimal),451,0.0
2025-11-09,0,0.024680957998498343,51679.96198451185,144,10,2306,2025-10-20|2025-10-22|2025-10-24|2025-10-26|2025-10-28|2025-10-31|2025-11-02|2025-11-04|2025-11-06|2025-11-08,2025-11-09 00:00,2025-11-09 00:00,8.526512829121202e-13,5.684341886080802e-14,0,True,Optimization terminated successfully. (HiGHS Status 7: Optimal),540,0.0
2025-11-10,0,0.025599500000680564,51230.55646744158,144,10,2306,2025-10-21|2025-10-23|2025-10-25|2025-10-27|2025-10-29|2025-11-01|2025-11-03|2025-11-05|2025-11-07|2025-11-09,2025-11-10 00:00,2025-11-10 00:00,8.86846152070575e-13,2.2737367544323206e-13,0,True,Optimization terminated successfully. (HiGHS Status 7: Optimal),538,0.0
2025-11-11,0,0.02686395800083119,52628.92264519808,144,10,2306,2025-10-22|2025-10-24|2025-10-26|2025-10-28|2025-10-30|2025-11-02|2025-11-04|2025-11-06|2025-11-08|2025-11-10,2025-11-11 00:00,2025-11-11 00:00,8.810729923425242e-13,5.684341886080802e-14,0,True,Optimization terminated successfully. (HiGHS Status 7: Optimal),543,0.0
2025-11-12,0,0.02721116599968809,53697.03599814616,144,10,2306,2025-10-23|2025-10-25|2025-10-27|2025-10-29|2025-10-31|2025-11-03|2025-11-05|2025-11-07|2025-11-09|2025-11-11,2025-11-12 00:00,2025-11-12 00:00,9.094947017729282e-13,2.2737367544323206e-13,0,True,Optimization terminated successfully. (HiGHS Status 7: Optimal),539,0.0
2025-11-13,0,0.02875954200135311,52379.07889677807,144,10,2306,2025-10-24|2025-10-26|2025-10-28|2025-10-30|2025-11-01|2025-11-04|2025-11-06|2025-11-08|2025-11-10|2025-11-12,2025-11-13 00:00,2025-11-13 00:00,1.0231815394945443e-12,2.842170943040401e-14,0,True,Optimization terminated successfully. (HiGHS Status 7: Optimal),540,0.0
2025-11-14,0,0.027506250000442378,20615.918311296144,144,10,2306,2025-10-25|2025-10-27|2025-10-29|2025-10-31|2025-11-02|2025-11-05|2025-11-07|2025-11-09|2025-11-11|2025-11-13,2025-11-14 00:00,2025-11-14 00:00,7.958078640513122e-13,1.1368683772161603e-13,0,True,Optimization terminated successfully. (HiGHS Status 7: Optimal),475,0.0
2025-11-15,0,0.024726167001063004,20144.433575291732,144,10,2306,2025-10-26|2025-10-28|2025-10-30|2025-11-01|2025-11-03|2025-11-06|2025-11-08|2025-11-10|2025-11-12|2025-11-14,2025-11-15 00:00,2025-11-15 00:00,9.094947017729282e-13,1.1368683772161603e-13,0,True,Optimization terminated successfully. (HiGHS Status 7: Optimal),470,0.0
2025-11-16,0,0.024858667000444257,54324.19157347372,144,10,2306,2025-10-27|2025-10-29|2025-10-31|2025-11-02|2025-11-04|2025-11-07|2025-11-09|2025-11-11|2025-11-13|2025-11-15,2025-11-16 00:00,2025-11-16 00:00,9.663381206337363e-13,2.2737367544323206e-13,0,True,Optimization terminated successfully. (HiGHS Status 7: Optimal),544,0.0
2025-11-17,0,0.02465841699995508,53842.23916664196,144,10,2306,2025-10-28|2025-10-30|2025-11-01|2025-11-03|2025-11-05|2025-11-08|2025-11-10|2025-11-12|2025-11-14|2025-11-16,2025-11-17 00:00,2025-11-17 00:00,7.958078640513122e-13,1.1368683772161603e-13,0,True,Optimization terminated successfully. (HiGHS Status 7: Optimal),534,0.0
2025-11-18,0,0.024743750000197906,55000.800318915884,144,10,2306,2025-10-29|2025-10-31|2025-11-02|2025-11-04|2025-11-06|2025-11-09|2025-11-11|2025-11-13|2025-11-15|2025-11-17,2025-11-18 00:00,2025-11-18 00:00,9.094947017729282e-13,2.2737367544323206e-13,0,True,Optimization terminated successfully. (HiGHS Status 7: Optimal),524,0.0
2025-11-19,0,0.024215999999796622,55090.573193865384,144,10,2306,2025-10-30|2025-11-01|2025-11-03|2025-11-05|2025-11-07|2025-11-10|2025-11-12|2025-11-14|2025-11-16|2025-11-18,2025-11-19 00:00,2025-11-19 00:00,9.094947017729282e-13,5.684341886080802e-14,0,True,Optimization terminated successfully. (HiGHS Status 7: Optimal),532,0.0
2025-11-20,0,0.024505834000592586,54531.63357475389,144,10,2306,2025-10-31|2025-11-02|2025-11-04|2025-11-06|2025-11-08|2025-11-11|2025-11-13|2025-11-15|2025-11-17|2025-11-19,2025-11-20 00:00,2025-11-20 00:00,1.0231815394945443e-12,1.4210854715202004e-14,0,True,Optimization terminated successfully. (HiGHS Status 7: Optimal),526,0.0
2025-11-21,0,0.021170041000004858,21623.205610603873,144,10,2306,2025-11-01|2025-11-03|2025-11-05|2025-11-07|2025-11-09|2025-11-12|2025-11-14|2025-11-16|2025-11-18|2025-11-20,2025-11-21 00:00,2025-11-21 00:00,9.094947017729282e-13,1.1368683772161603e-13,0,True,Optimization terminated successfully. (HiGHS Status 7: Optimal),479,0.0
2025-11-22,0,0.021139958000276238,21721.669754150214,144,10,2306,2025-11-02|2025-11-04|2025-11-06|2025-11-08|2025-11-10|2025-11-13|2025-11-15|2025-11-17|2025-11-19|2025-11-21,2025-11-22 00:00,2025-11-22 00:00,9.094947017729282e-13,1.1368683772161603e-13,0,True,Optimization terminated successfully. (HiGHS Status 7: Optimal),480,0.0
2025-11-23,0,0.02199379200101248,55375.269090758964,144,10,2306,2025-11-03|2025-11-05|2025-11-07|2025-11-09|2025-11-11|2025-11-14|2025-11-16|2025-11-18|2025-11-20|2025-11-22,2025-11-23 00:00,2025-11-23 00:00,1.0231815394945443e-12,0.0,0,True,Optimization terminated successfully. (HiGHS Status 7: Optimal),535,0.0
2025-11-24,0,0.020438374998775544,55446.87319641902,144,10,2306,2025-11-04|2025-11-06|2025-11-08|2025-11-10|2025-11-12|2025-11-15|2025-11-17|2025-11-19|2025-11-21|2025-11-23,2025-11-24 00:00,2025-11-24 00:00,9.094947017729282e-13,5.684341886080802e-14,0,True,Optimization terminated successfully. (HiGHS Status 7: Optimal),533,0.0
2025-11-25,0,0.019159958999807714,55372.2839101705,144,10,2306,2025-11-05|2025-11-07|2025-11-09|2025-11-11|2025-11-13|2025-11-16|2025-11-18|2025-11-20|2025-11-22|2025-11-24,2025-11-25 00:00,2025-11-25 00:00,8.526512829121202e-13,2.2737367544323206e-13,0,True,Optimization terminated successfully. (HiGHS Status 7: Optimal),530,0.0
2025-11-26,0,0.019044208000195795,56583.35848679122,144,10,2306,2025-11-06|2025-11-08|2025-11-10|2025-11-12|2025-11-14|2025-11-17|2025-11-19|2025-11-21|2025-11-23|2025-11-25,2025-11-26 00:00,2025-11-26 00:00,1.0231815394945443e-12,2.842170943040401e-14,0,True,Optimization terminated successfully. (HiGHS Status 7: Optimal),539,0.0
2025-11-27,0,0.018476375000318512,55711.501198903825,144,10,2306,2025-11-07|2025-11-09|2025-11-11|2025-11-13|2025-11-15|2025-11-18|2025-11-20|2025-11-22|2025-11-24|2025-11-26,2025-11-27 00:00,2025-11-27 00:00,7.958078640513122e-13,0.0,0,True,Optimization terminated successfully. (HiGHS Status 7: Optimal),526,0.0
2025-11-28,0,0.018225332998554222,22532.206172352337,144,10,2306,2025-11-08|2025-11-10|2025-11-12|2025-11-14|2025-11-16|2025-11-19|2025-11-21|2025-11-23|2025-11-25|2025-11-27,2025-11-28 00:00,2025-11-28 00:00,8.810729923425242e-13,1.1368683772161603e-13,0,True,Optimization terminated successfully. (HiGHS Status 7: Optimal),487,0.0
2025-11-29,0,0.01796016700063774,22098.783277199112,144,10,2306,2025-11-09|2025-11-11|2025-11-13|2025-11-15|2025-11-17|2025-11-20|2025-11-22|2025-11-24|2025-11-26|2025-11-28,2025-11-29 00:00,2025-11-29 00:00,7.958078640513122e-13,1.1368683772161603e-13,0,True,Optimization terminated successfully. (HiGHS Status 7: Optimal),478,0.0
2025-11-30,0,0.018491666998670553,57472.42944498373,144,10,2306,2025-11-10|2025-11-12|2025-11-14|2025-11-16|2025-11-18|2025-11-21|2025-11-23|2025-11-25|2025-11-27|2025-11-29,2025-11-30 00:00,2025-11-30 00:00,1.0231815394945443e-12,2.842170943040401e-14,0,True,Optimization terminated successfully. (HiGHS Status 7: Optimal),531,0.0
2025-12-01,0,0.018888417000198388,56286.37427792657,144,10,2306,2025-11-11|2025-11-13|2025-11-15|2025-11-17|2025-11-19|2025-11-22|2025-11-24|2025-11-26|2025-11-28|2025-11-30,2025-12-01 00:00,2025-12-01 00:00,9.094947017729282e-13,5.684341886080802e-14,0,True,Optimization terminated successfully. (HiGHS Status 7: Optimal),530,0.0
2025-12-02,0,0.018547583000326995,58534.65907033391,144,10,2306,2025-11-12|2025-11-14|2025-11-16|2025-11-18|2025-11-20|2025-11-23|2025-11-25|2025-11-27|2025-11-29|2025-12-01,2025-12-02 00:00,2025-12-02 00:00,7.958078640513122e-13,0.0,0,True,Optimization terminated successfully. (HiGHS Status 7: Optimal),540,0.0
2025-12-03,0,0.01807087499946647,59242.93211091873,144,10,2306,2025-11-13|2025-11-15|2025-11-17|2025-11-19|2025-11-21|2025-11-24|2025-11-26|2025-11-28|2025-11-30|2025-12-02,2025-12-03 00:00,2025-12-03 00:00,8.526512829121202e-13,0.0,0,True,Optimization terminated successfully. (HiGHS Status 7: Optimal),527,0.0
2025-12-04,0,0.018676209001569077,60410.40588591679,144,10,2306,2025-11-14|2025-11-16|2025-11-18|2025-11-20|2025-11-22|2025-11-25|2025-11-27|2025-11-29|2025-12-01|2025-12-03,2025-12-04 00:00,2025-12-04 00:00,8.526512829121202e-13,0.0,0,True,Optimization terminated successfully. (HiGHS Status 7: Optimal),538,0.0
2025-12-05,0,0.01892516599946248,25553.859182307406,144,10,2306,2025-11-15|2025-11-17|2025-11-19|2025-11-21|2025-11-23|2025-11-26|2025-11-28|2025-11-30|2025-12-02|2025-12-04,2025-12-05 00:00,2025-12-05 00:00,9.094947017729282e-13,5.684341886080802e-14,0,True,Optimization terminated successfully. (HiGHS Status 7: Optimal),512,0.0
2025-12-06,0,0.020348209000076167,26652.342547384447,144,10,2306,2025-11-16|2025-11-18|2025-11-20|2025-11-22|2025-11-24|2025-11-27|2025-11-29|2025-12-01|2025-12-03|2025-12-05,2025-12-06 00:00,2025-12-06 00:00,9.094947017729282e-13,5.684341886080802e-14,0,True,Optimization terminated successfully. (HiGHS Status 7: Optimal),520,0.0
2025-12-07,0,0.018621666999024455,62658.75414569994,144,10,2306,2025-11-17|2025-11-19|2025-11-21|2025-11-23|2025-11-25|2025-11-28|2025-11-30|2025-12-02|2025-12-04|2025-12-06,2025-12-07 00:00,2025-12-07 00:00,7.958078640513122e-13,5.684341886080802e-14,0,True,Optimization terminated successfully. (HiGHS Status 7: Optimal),537,0.0
2025-12-08,0,0.018216208000012557,63539.73179737017,144,10,2306,2025-11-18|2025-11-20|2025-11-22|2025-11-24|2025-11-26|2025-11-29|2025-12-01|2025-12-03|2025-12-05|2025-12-07,2025-12-08 00:00,2025-12-08 00:00,1.0231815394945443e-12,0.0,0,True,Optimization terminated successfully. (HiGHS Status 7: Optimal),528,0.0
2025-12-09,0,0.017959124999833875,64612.0307633995,144,10,2306,2025-11-19|2025-11-21|2025-11-23|2025-11-25|2025-11-27|2025-11-30|2025-12-02|2025-12-04|2025-12-06|2025-12-08,2025-12-09 00:00,2025-12-09 00:00,9.094947017729282e-13,0.0,0,True,Optimization terminated successfully. (HiGHS Status 7: Optimal),524,0.0
2025-12-10,0,0.01893541599929449,64078.57538138538,144,10,2306,2025-11-20|2025-11-22|2025-11-24|2025-11-26|2025-11-28|2025-12-01|2025-12-03|2025-12-05|2025-12-07|2025-12-09,2025-12-10 00:00,2025-12-10 00:00,9.094947017729282e-13,0.0,0,True,Optimization terminated successfully. (HiGHS Status 7: Optimal),528,0.0
2025-12-11,0,0.019116207999104518,64557.56527510456,144,10,2306,2025-11-21|2025-11-23|2025-11-25|2025-11-27|2025-11-29|2025-12-02|2025-12-04|2025-12-06|2025-12-08|2025-12-10,2025-12-11 00:00,2025-12-11 00:00,9.094947017729282e-13,5.684341886080802e-14,0,True,Optimization terminated successfully. (HiGHS Status 7: Optimal),538,0.0
2025-12-12,0,0.020793416999367764,28028.02821349763,144,10,2306,2025-11-22|2025-11-24|2025-11-26|2025-11-28|2025-11-30|2025-12-03|2025-12-05|2025-12-07|2025-12-09|2025-12-11,2025-12-12 00:00,2025-12-12 00:00,7.958078640513122e-13,1.1368683772161603e-13,0,True,Optimization terminated successfully. (HiGHS Status 7: Optimal),529,0.0
2025-12-13,0,0.020426208000571933,30001.51785279225,144,10,2306,2025-11-23|2025-11-25|2025-11-27|2025-11-29|2025-12-01|2025-12-04|2025-12-06|2025-12-08|2025-12-10|2025-12-12,2025-12-13 00:00,2025-12-13 00:00,9.094947017729282e-13,5.684341886080802e-14,0,True,Optimization terminated successfully. (HiGHS Status 7: Optimal),528,0.0
2025-12-14,0,0.018280624999533757,65645.63419777392,144,10,2306,2025-11-24|2025-11-26|2025-11-28|2025-11-30|2025-12-02|2025-12-05|2025-12-07|2025-12-09|2025-12-11|2025-12-13,2025-12-14 00:00,2025-12-14 00:00,7.958078640513122e-13,5.684341886080802e-14,0,True,Optimization terminated successfully. (HiGHS Status 7: Optimal),526,0.0
2025-12-15,0,0.018157915999836405,66267.60659156935,144,10,2306,2025-11-25|2025-11-27|2025-11-29|2025-12-01|2025-12-03|2025-12-06|2025-12-08|2025-12-10|2025-12-12|2025-12-14,2025-12-15 00:00,2025-12-15 00:00,9.094947017729282e-13,0.0,0,True,Optimization terminated successfully. (HiGHS Status 7: Optimal),526,0.0
2025-12-16,0,0.01830987499852199,67612.07255775724,144,10,2306,2025-11-26|2025-11-28|2025-11-30|2025-12-02|2025-12-04|2025-12-07|2025-12-09|2025-12-11|2025-12-13|2025-12-15,2025-12-16 00:00,2025-12-16 00:00,7.958078640513122e-13,5.684341886080802e-14,0,True,Optimization terminated successfully. (HiGHS Status 7: Optimal),526,0.0
2025-12-17,0,0.01836479200028407,67367.86476197098,144,10,2306,2025-11-27|2025-11-29|2025-12-01|2025-12-03|2025-12-05|2025-12-08|2025-12-10|2025-12-12|2025-12-14|2025-12-16,2025-12-17 00:00,2025-12-17 00:00,7.958078640513122e-13,0.0,0,True,Optimization terminated successfully. (HiGHS Status 7: Optimal),518,0.0
2025-12-18,0,0.01822383399849059,67213.73520700802,144,10,2306,2025-11-28|2025-11-30|2025-12-02|2025-12-04|2025-12-06|2025-12-09|2025-12-11|2025-12-13|2025-12-15|2025-12-17,2025-12-18 00:00,2025-12-18 00:00,7.958078640513122e-13,5.684341886080802e-14,0,True,Optimization terminated successfully. (HiGHS Status 7: Optimal),532,0.0
2025-12-19,0,0.020180249999611988,31179.18331315042,144,10,2306,2025-11-29|2025-12-01|2025-12-03|2025-12-05|2025-12-07|2025-12-10|2025-12-12|2025-12-14|2025-12-16|2025-12-18,2025-12-19 00:00,2025-12-19 00:00,9.094947017729282e-13,5.684341886080802e-14,0,True,Optimization terminated successfully. (HiGHS Status 7: Optimal),535,0.0
2025-12-20,0,0.019868291001330363,32704.33838304806,144,10,2306,2025-11-30|2025-12-02|2025-12-04|2025-12-06|2025-12-08|2025-12-11|2025-12-13|2025-12-15|2025-12-17|2025-12-19,2025-12-20 00:00,2025-12-20 00:00,9.094947017729282e-13,5.684341886080802e-14,0,True,Optimization terminated successfully. (HiGHS Status 7: Optimal),526,0.0
2025-12-21,0,0.01787812499969732,68426.8814764735,144,10,2306,2025-12-01|2025-12-03|2025-12-05|2025-12-07|2025-12-09|2025-12-12|2025-12-14|2025-12-16|2025-12-18|2025-12-20,2025-12-21 00:00,2025-12-21 00:00,1.0231815394945443e-12,5.684341886080802e-14,0,True,Optimization terminated successfully. (HiGHS Status 7: Optimal),520,0.0
2025-12-22,0,0.017802207999920938,69765.79917815057,144,10,2306,2025-12-02|2025-12-04|2025-12-06|2025-12-08|2025-12-10|2025-12-13|2025-12-15|2025-12-17|2025-12-19|2025-12-21,2025-12-22 00:00,2025-12-22 00:00,9.094947017729282e-13,2.2737367544323206e-13,0,True,Optimization terminated successfully. (HiGHS Status 7: Optimal),522,0.0
2025-12-23,0,0.018149666999306646,69416.20588780829,144,10,2306,2025-12-03|2025-12-05|2025-12-07|2025-12-09|2025-12-11|2025-12-14|2025-12-16|2025-12-18|2025-12-20|2025-12-22,2025-12-23 00:00,2025-12-23 00:00,7.958078640513122e-13,2.2737367544323206e-13,0,True,Optimization terminated successfully. (HiGHS Status 7: Optimal),524,0.0
2025-12-24,0,0.017836832999819308,69354.39956735678,144,10,2306,2025-12-04|2025-12-06|2025-12-08|2025-12-10|2025-12-12|2025-12-15|2025-12-17|2025-12-19|2025-12-21|2025-12-23,2025-12-24 00:00,2025-12-24 00:00,1.0231815394945443e-12,0.0,0,True,Optimization terminated successfully. (HiGHS Status 7: Optimal),520,0.0
2025-12-25,0,0.01814883400038525,67788.68885514373,144,10,2306,2025-12-05|2025-12-07|2025-12-09|2025-12-11|2025-12-13|2025-12-16|2025-12-18|2025-12-20|2025-12-22|2025-12-24,2025-12-25 00:00,2025-12-25 00:00,7.958078640513122e-13,2.2737367544323206e-13,0,True,Optimization terminated successfully. (HiGHS Status 7: Optimal),524,0.0
2025-12-26,0,0.01985041599982651,32454.34530476928,144,10,2306,2025-12-06|2025-12-08|2025-12-10|2025-12-12|2025-12-14|2025-12-17|2025-12-19|2025-12-21|2025-12-23|2025-12-25,2025-12-26 00:00,2025-12-26 00:00,7.958078640513122e-13,5.684341886080802e-14,0,True,Optimization terminated successfully. (HiGHS Status 7: Optimal),536,0.0
2025-12-27,0,0.019850958999086288,32472.09540917434,144,10,2306,2025-12-07|2025-12-09|2025-12-11|2025-12-13|2025-12-15|2025-12-18|2025-12-20|2025-12-22|2025-12-24|2025-12-26,2025-12-27 00:00,2025-12-27 00:00,9.094947017729282e-13,5.684341886080802e-14,0,True,Optimization terminated successfully. (HiGHS Status 7: Optimal),530,0.0
2025-12-28,0,0.01848716699896613,68432.39303517662,144,10,2306,2025-12-08|2025-12-10|2025-12-12|2025-12-14|2025-12-16|2025-12-19|2025-12-21|2025-12-23|2025-12-25|2025-12-27,2025-12-28 00:00,2025-12-28 00:00,9.094947017729282e-13,0.0,0,True,Optimization terminated successfully. (HiGHS Status 7: Optimal),532,0.0
2025-12-29,0,0.018248583999593393,68988.75091847139,144,10,2306,2025-12-09|2025-12-11|2025-12-13|2025-12-15|2025-12-17|2025-12-20|2025-12-22|2025-12-24|2025-12-26|2025-12-28,2025-12-29 00:00,2025-12-29 00:00,7.958078640513122e-13,0.0,0,True,Optimization terminated successfully. (HiGHS Status 7: Optimal),522,0.0
2025-12-30,0,0.017998833000092418,69335.36622675935,144,10,2306,2025-12-10|2025-12-12|2025-12-14|2025-12-16|2025-12-18|2025-12-21|2025-12-23|2025-12-25|2025-12-27|2025-12-29,2025-12-30 00:00,2025-12-30 00:00,7.958078640513122e-13,0.0,0,True,Optimization terminated successfully. (HiGHS Status 7: Optimal),518,0.0
2025-12-31,0,0.01798008299920184,68112.1372619752,144,10,2306,2025-12-11|2025-12-13|2025-12-15|2025-12-17|2025-12-19|2025-12-22|2025-12-24|2025-12-26|2025-12-28|2025-12-30,2025-12-31 00:00,2025-12-31 00:00,7.958078640513122e-13,0.0,0,True,Optimization terminated successfully. (HiGHS Status 7: Optimal),519,0.0
