mode,scenario,date,issue_hour,solver_method,seconds,objective,max_balance_residual_kwh,max_soc_residual_kwh,scenario_count,latest_observation_time,decision_time,history_dates,common_action_intervals
q4_3,S2,2025-02-01,0,highs-ipm,0.05517154200060759,1311.362128228905,2.2737367544323206e-13,9.094947017729282e-13,20,2025-02-01 00:00,2025-02-01 00:00,2025-01-12|2025-01-13|2025-01-14|2025-01-15|2025-01-16|2025-01-17|2025-01-18|2025-01-19|2025-01-20|2025-01-21|2025-01-22|2025-01-23|2025-01-24|2025-01-25|2025-01-26|2025-01-27|2025-01-28|2025-01-29|2025-01-30|2025-01-31,144
q4_3,S2,2025-02-01,6,highs-ipm,0.07153820799430832,11902.848248084247,2.2737367544323206e-13,8.810729923425242e-13,20,2025-02-01 06:00,2025-02-01 06:00,2025-01-12|2025-01-13|2025-01-14|2025-01-15|2025-01-16|2025-01-17|2025-01-18|2025-01-19|2025-01-20|2025-01-21|2025-01-22|2025-01-23|2025-01-24|2025-01-25|2025-01-26|2025-01-27|2025-01-28|2025-01-29|2025-01-30|2025-01-31,144
q4_3,S2,2025-02-01,12,highs-ipm,0.06945204099611146,39875.02186455004,2.2737367544323206e-13,9.094947017729282e-13,20,2025-02-01 12:00,2025-02-01 12:00,2025-01-12|2025-01-13|2025-01-14|2025-01-15|2025-01-16|2025-01-17|2025-01-18|2025-01-19|2025-01-20|2025-01-21|2025-01-22|2025-01-23|2025-01-24|2025-01-25|2025-01-26|2025-01-27|2025-01-28|2025-01-29|2025-01-30|2025-01-31,144
q4_3,S2,2025-02-02,0,highs-ipm,0.05778541699692141,2484.411612112366,2.2737367544323206e-13,9.094947017729282e-13,20,2025-02-02 00:00,2025-02-02 00:00,2025-01-13|2025-01-14|2025-01-15|2025-01-16|2025-01-17|2025-01-18|2025-01-19|2025-01-20|2025-01-21|2025-01-22|2025-01-23|2025-01-24|2025-01-25|2025-01-26|2025-01-27|2025-01-28|2025-01-29|2025-01-30|2025-01-31|2025-02-01,144
q4_3,S2,2025-02-02,6,highs-ipm,0.07473120800568722,12133.01904494379,2.2737367544323206e-13,9.094947017729282e-13,20,2025-02-02 06:00,2025-02-02 06:00,2025-01-13|2025-01-14|2025-01-15|2025-01-16|2025-01-17|2025-01-18|2025-01-19|2025-01-20|2025-01-21|2025-01-22|2025-01-23|2025-01-24|2025-01-25|2025-01-26|2025-01-27|2025-01-28|2025-01-29|2025-01-30|2025-01-31|2025-02-01,144
q4_3,S2,2025-02-02,12,highs-ipm,0.07095074999961071,35115.979272248405,2.2737367544323206e-13,8.526512829121202e-13,20,2025-02-02 12:00,2025-02-02 12:00,2025-01-13|2025-01-14|2025-01-15|2025-01-16|2025-01-17|2025-01-18|2025-01-19|2025-01-20|2025-01-21|2025-01-22|2025-01-23|2025-01-24|2025-01-25|2025-01-26|2025-01-27|2025-01-28|2025-01-29|2025-01-30|2025-01-31|2025-02-01,144
q4_3,S2,2025-02-03,0,highs-ipm,0.05255358300200896,2464.371060211084,2.2737367544323206e-13,9.094947017729282e-13,20,2025-02-03 00:00,2025-02-03 00:00,2025-01-14|2025-01-15|2025-01-16|2025-01-17|2025-01-18|2025-01-19|2025-01-20|2025-01-21|2025-01-22|2025-01-23|2025-01-24|2025-01-25|2025-01-26|2025-01-27|2025-01-28|2025-01-29|2025-01-30|2025-01-31|2025-02-01|2025-02-02,144
q4_3,S2,2025-02-03,6,highs-ipm,0.0752462500022375,10907.703743856213,2.842170943040401e-14,9.663381206337363e-13,20,2025-02-03 06:00,2025-02-03 06:00,2025-01-14|2025-01-15|2025-01-16|2025-01-17|2025-01-18|2025-01-19|2025-01-20|2025-01-21|2025-01-22|2025-01-23|2025-01-24|2025-01-25|2025-01-26|2025-01-27|2025-01-28|2025-01-29|2025-01-30|2025-01-31|2025-02-01|2025-02-02,144
q4_3,S2,2025-02-03,12,highs-ipm,0.06735024999943562,32986.44622349061,2.2737367544323206e-13,9.094947017729282e-13,20,2025-02-03 12:00,2025-02-03 12:00,2025-01-14|2025-01-15|2025-01-16|2025-01-17|2025-01-18|2025-01-19|2025-01-20|2025-01-21|2025-01-22|2025-01-23|2025-01-24|2025-01-25|2025-01-26|2025-01-27|2025-01-28|2025-01-29|2025-01-30|2025-01-31|2025-02-01|2025-02-02,144
q4_3,S2,2025-02-04,0,highs-ipm,0.052917790999345016,2436.502068718876,2.0463630789890885e-12,7.958078640513122e-13,20,2025-02-04 00:00,2025-02-04 00:00,2025-01-15|2025-01-16|2025-01-17|2025-01-18|2025-01-19|2025-01-20|2025-01-21|2025-01-22|2025-01-23|2025-01-24|2025-01-25|2025-01-26|2025-01-27|2025-01-28|2025-01-29|2025-01-30|2025-01-31|2025-02-01|2025-02-02|2025-02-03,144
q4_3,S2,2025-02-04,6,highs-ipm,0.07476774999668123,11381.403315218215,2.2737367544323206e-13,9.094947017729282e-13,20,2025-02-04 06:00,2025-02-04 06:00,2025-01-15|2025-01-16|2025-01-17|2025-01-18|2025-01-19|2025-01-20|2025-01-21|2025-01-22|2025-01-23|2025-01-24|2025-01-25|2025-01-26|2025-01-27|2025-01-28|2025-01-29|2025-01-30|2025-01-31|2025-02-01|2025-02-02|2025-02-03,144
q4_3,S2,2025-02-04,12,highs-ipm,0.06849345799855655,27818.165531058694,2.2737367544323206e-13,9.663381206337363e-13,20,2025-02-04 12:00,2025-02-04 12:00,2025-01-15|2025-01-16|2025-01-17|2025-01-18|2025-01-19|2025-01-20|2025-01-21|2025-01-22|2025-01-23|2025-01-24|2025-01-25|2025-01-26|2025-01-27|2025-01-28|2025-01-29|2025-01-30|2025-01-31|2025-02-01|2025-02-02|2025-02-03,144
q4_3,S2,2025-02-05,0,highs-ipm,0.05426337499375222,2286.7073972920407,1.1368683772161603e-13,9.094947017729282e-13,20,2025-02-05 00:00,2025-02-05 00:00,2025-01-16|2025-01-17|2025-01-18|2025-01-19|2025-01-20|2025-01-21|2025-01-22|2025-01-23|2025-01-24|2025-01-25|2025-01-26|2025-01-27|2025-01-28|2025-01-29|2025-01-30|2025-01-31|2025-02-01|2025-02-02|2025-02-03|2025-02-04,144
q4_3,S2,2025-02-05,6,highs-ipm,0.0755472499949974,14085.022628944938,1.1368683772161603e-13,8.526512829121202e-13,20,2025-02-05 06:00,2025-02-05 06:00,2025-01-16|2025-01-17|2025-01-18|2025-01-19|2025-01-20|2025-01-21|2025-01-22|2025-01-23|2025-01-24|2025-01-25|2025-01-26|2025-01-27|2025-01-28|2025-01-29|2025-01-30|2025-01-31|2025-02-01|2025-02-02|2025-02-03|2025-02-04,144
q4_3,S2,2025-02-05,12,highs-ipm,0.06995908300450537,36831.50093458707,0.0,9.094947017729282e-13,20,2025-02-05 12:00,2025-02-05 12:00,2025-01-16|2025-01-17|2025-01-18|2025-01-19|2025-01-20|2025-01-21|2025-01-22|2025-01-23|2025-01-24|2025-01-25|2025-01-26|2025-01-27|2025-01-28|2025-01-29|2025-01-30|2025-01-31|2025-02-01|2025-02-02|2025-02-03|2025-02-04,144
q4_3,S2,2025-02-06,0,highs-ipm,0.053830415999982506,2324.453537866248,2.2737367544323206e-13,9.094947017729282e-13,20,2025-02-06 00:00,2025-02-06 00:00,2025-01-17|2025-01-18|2025-01-19|2025-01-20|2025-01-21|2025-01-22|2025-01-23|2025-01-24|2025-01-25|2025-01-26|2025-01-27|2025-01-28|2025-01-29|2025-01-30|2025-01-31|2025-02-01|2025-02-02|2025-02-03|2025-02-04|2025-02-05,144
q4_3,S2,2025-02-06,6,highs-ipm,0.07430341600411339,6215.304830580377,5.684341886080802e-14,8.588685318500211e-13,20,2025-02-06 06:00,2025-02-06 06:00,2025-01-17|2025-01-18|2025-01-19|2025-01-20|2025-01-21|2025-01-22|2025-01-23|2025-01-24|2025-01-25|2025-01-26|2025-01-27|2025-01-28|2025-01-29|2025-01-30|2025-01-31|2025-02-01|2025-02-02|2025-02-03|2025-02-04|2025-02-05,144
q4_3,S2,2025-02-06,12,highs-ipm,0.0721402909985045,14771.87830313331,5.684341886080802e-14,9.094947017729282e-13,20,2025-02-06 12:00,2025-02-06 12:00,2025-01-17|2025-01-18|2025-01-19|2025-01-20|2025-01-21|2025-01-22|2025-01-23|2025-01-24|2025-01-25|2025-01-26|2025-01-27|2025-01-28|2025-01-29|2025-01-30|2025-01-31|2025-02-01|2025-02-02|2025-02-03|2025-02-04|2025-02-05,144
q4_3,S2,2025-02-07,0,highs-ipm,0.05704883299767971,1263.1312508216968,1.1368683772161603e-13,7.673861546209082e-13,20,2025-02-07 00:00,2025-02-07 00:00,2025-01-18|2025-01-19|2025-01-20|2025-01-21|2025-01-22|2025-01-23|2025-01-24|2025-01-25|2025-01-26|2025-01-27|2025-01-28|2025-01-29|2025-01-30|2025-01-31|2025-02-01|2025-02-02|2025-02-03|2025-02-04|2025-02-05|2025-02-06,144
q4_3,S2,2025-02-07,6,highs-ipm,0.07693833299708785,7177.673934748119,5.684341886080802e-14,8.242295734817162e-13,20,2025-02-07 06:00,2025-02-07 06:00,2025-01-18|2025-01-19|2025-01-20|2025-01-21|2025-01-22|2025-01-23|2025-01-24|2025-01-25|2025-01-26|2025-01-27|2025-01-28|2025-01-29|2025-01-30|2025-01-31|2025-02-01|2025-02-02|2025-02-03|2025-02-04|2025-02-05|2025-02-06,144
q4_3,S2,2025-02-07,12,highs-ipm,0.07621349999681115,7827.415137556491,6.252776074688882e-13,9.094947017729282e-13,20,2025-02-07 12:00,2025-02-07 12:00,2025-01-18|2025-01-19|2025-01-20|2025-01-21|2025-01-22|2025-01-23|2025-01-24|2025-01-25|2025-01-26|2025-01-27|2025-01-28|2025-01-29|2025-01-30|2025-01-31|2025-02-01|2025-02-02|2025-02-03|2025-02-04|2025-02-05|2025-02-06,144
q4_3,S2,2025-02-08,0,highs-ipm,0.058108416000322904,1037.4711834004231,1.1368683772161603e-13,9.094947017729282e-13,20,2025-02-08 00:00,2025-02-08 00:00,2025-01-19|2025-01-20|2025-01-21|2025-01-22|2025-01-23|2025-01-24|2025-01-25|2025-01-26|2025-01-27|2025-01-28|2025-01-29|2025-01-30|2025-01-31|2025-02-01|2025-02-02|2025-02-03|2025-02-04|2025-02-05|2025-02-06|2025-02-07,144
q4_3,S2,2025-02-08,6,highs-ipm,0.06860025000059977,13199.258167508005,1.1368683772161603e-13,9.094947017729282e-13,20,2025-02-08 06:00,2025-02-08 06:00,2025-01-19|2025-01-20|2025-01-21|2025-01-22|2025-01-23|2025-01-24|2025-01-25|2025-01-26|2025-01-27|2025-01-28|2025-01-29|2025-01-30|2025-01-31|2025-02-01|2025-02-02|2025-02-03|2025-02-04|2025-02-05|2025-02-06|2025-02-07,144
q4_3,S2,2025-02-08,12,highs-ipm,0.06947566699818708,32780.1831982419,1.1368683772161603e-13,9.094947017729282e-13,20,2025-02-08 12:00,2025-02-08 12:00,2025-01-19|2025-01-20|2025-01-21|2025-01-22|2025-01-23|2025-01-24|2025-01-25|2025-01-26|2025-01-27|2025-01-28|2025-01-29|2025-01-30|2025-01-31|2025-02-01|2025-02-02|2025-02-03|2025-02-04|2025-02-05|2025-02-06|2025-02-07,144
q4_3,S2,2025-02-09,0,highs-ipm,0.05697262500325451,2214.7361195917338,2.2737367544323206e-13,9.094947017729282e-13,20,2025-02-09 00:00,2025-02-09 00:00,2025-01-20|2025-01-21|2025-01-22|2025-01-23|2025-01-24|2025-01-25|2025-01-26|2025-01-27|2025-01-28|2025-01-29|2025-01-30|2025-01-31|2025-02-01|2025-02-02|2025-02-03|2025-02-04|2025-02-05|2025-02-06|2025-02-07|2025-02-08,144
q4_3,S2,2025-02-09,6,highs-ipm,0.07687162500224076,12334.041198210374,2.2737367544323206e-13,9.023892744153272e-13,20,2025-02-09 06:00,2025-02-09 06:00,2025-01-20|2025-01-21|2025-01-22|2025-01-23|2025-01-24|2025-01-25|2025-01-26|2025-01-27|2025-01-28|2025-01-29|2025-01-30|2025-01-31|2025-02-01|2025-02-02|2025-02-03|2025-02-04|2025-02-05|2025-02-06|2025-02-07|2025-02-08,144
q4_3,S2,2025-02-09,12,highs-ipm,0.06876174999342766,31806.693465426157,2.2737367544323206e-13,7.958078640513122e-13,20,2025-02-09 12:00,2025-02-09 12:00,2025-01-20|2025-01-21|2025-01-22|2025-01-23|2025-01-24|2025-01-25|2025-01-26|2025-01-27|2025-01-28|2025-01-29|2025-01-30|2025-01-31|2025-02-01|2025-02-02|2025-02-03|2025-02-04|2025-02-05|2025-02-06|2025-02-07|2025-02-08,144
q4_3,S2,2025-02-10,0,highs-ipm,0.05707000000256812,2241.0127057306386,2.2737367544323206e-13,9.094947017729282e-13,20,2025-02-10 00:00,2025-02-10 00:00,2025-01-21|2025-01-22|2025-01-23|2025-01-24|2025-01-25|2025-01-26|2025-01-27|2025-01-28|2025-01-29|2025-01-30|2025-01-31|2025-02-01|2025-02-02|2025-02-03|2025-02-04|2025-02-05|2025-02-06|2025-02-07|2025-02-08|2025-02-09,144
q4_3,S2,2025-02-10,6,highs-ipm,0.0753071250001085,9343.74607383884,2.2737367544323206e-13,8.313350008393172e-13,20,2025-02-10 06:00,2025-02-10 06:00,2025-01-21|2025-01-22|2025-01-23|2025-01-24|2025-01-25|2025-01-26|2025-01-27|2025-01-28|2025-01-29|2025-01-30|2025-01-31|2025-02-01|2025-02-02|2025-02-03|2025-02-04|2025-02-05|2025-02-06|2025-02-07|2025-02-08|2025-02-09,144
q4_3,S2,2025-02-10,12,highs-ipm,0.06770962500013411,26469.64547534323,2.2737367544323206e-13,8.588685318500211e-13,20,2025-02-10 12:00,2025-02-10 12:00,2025-01-21|2025-01-22|2025-01-23|2025-01-24|2025-01-25|2025-01-26|2025-01-27|2025-01-28|2025-01-29|2025-01-30|2025-01-31|2025-02-01|2025-02-02|2025-02-03|2025-02-04|2025-02-05|2025-02-06|2025-02-07|2025-02-08|2025-02-09,144
q4_3,S2,2025-02-11,0,highs-ipm,0.05851224999787519,2187.175127774486,5.684341886080801e-13,9.094947017729282e-13,20,2025-02-11 00:00,2025-02-11 00:00,2025-01-22|2025-01-23|2025-01-24|2025-01-25|2025-01-26|2025-01-27|2025-01-28|2025-01-29|2025-01-30|2025-01-31|2025-02-01|2025-02-02|2025-02-03|2025-02-04|2025-02-05|2025-02-06|2025-02-07|2025-02-08|2025-02-09|2025-02-10,144
q4_3,S2,2025-02-11,6,highs-ipm,0.07258095900033368,10537.612295749448,2.2737367544323206e-13,8.348877145181177e-13,20,2025-02-11 06:00,2025-02-11 06:00,2025-01-22|2025-01-23|2025-01-24|2025-01-25|2025-01-26|2025-01-27|2025-01-28|2025-01-29|2025-01-30|2025-01-31|2025-02-01|2025-02-02|2025-02-03|2025-02-04|2025-02-05|2025-02-06|2025-02-07|2025-02-08|2025-02-09|2025-02-10,144
q4_3,S2,2025-02-11,12,highs-ipm,0.06887783300044248,21080.280729069746,2.2737367544323206e-13,8.526512829121202e-13,20,2025-02-11 12:00,2025-02-11 12:00,2025-01-22|2025-01-23|2025-01-24|2025-01-25|2025-01-26|2025-01-27|2025-01-28|2025-01-29|2025-01-30|2025-01-31|2025-02-01|2025-02-02|2025-02-03|2025-02-04|2025-02-05|2025-02-06|2025-02-07|2025-02-08|2025-02-09|2025-02-10,144
q4_3,S2,2025-02-12,0,highs-ipm,0.05276012499962235,2224.1339399466915,2.2737367544323206e-13,9.094947017729282e-13,20,2025-02-12 00:00,2025-02-12 00:00,2025-01-23|2025-01-24|2025-01-25|2025-01-26|2025-01-27|2025-01-28|2025-01-29|2025-01-30|2025-01-31|2025-02-01|2025-02-02|2025-02-03|2025-02-04|2025-02-05|2025-02-06|2025-02-07|2025-02-08|2025-02-09|2025-02-10|2025-02-11,144
q4_3,S2,2025-02-12,6,highs-ipm,0.07117558400204871,10040.234799119216,2.2737367544323206e-13,9.094947017729282e-13,20,2025-02-12 06:00,2025-02-12 06:00,2025-01-23|2025-01-24|2025-01-25|2025-01-26|2025-01-27|2025-01-28|2025-01-29|2025-01-30|2025-01-31|2025-02-01|2025-02-02|2025-02-03|2025-02-04|2025-02-05|2025-02-06|2025-02-07|2025-02-08|2025-02-09|2025-02-10|2025-02-11,144
q4_3,S2,2025-02-12,12,highs-ipm,0.06684858399967197,24092.47574511674,2.2737367544323206e-13,9.094947017729282e-13,20,2025-02-12 12:00,2025-02-12 12:00,2025-01-23|2025-01-24|2025-01-25|2025-01-26|2025-01-27|2025-01-28|2025-01-29|2025-01-30|2025-01-31|2025-02-01|2025-02-02|2025-02-03|2025-02-04|2025-02-05|2025-02-06|2025-02-07|2025-02-08|2025-02-09|2025-02-10|2025-02-11,144
q4_3,S2,2025-02-13,0,highs-ipm,0.054161000000021886,2001.6269615875126,2.0605739337042905e-13,8.384404281969182e-13,20,2025-02-13 00:00,2025-02-13 00:00,2025-01-24|2025-01-25|2025-01-26|2025-01-27|2025-01-28|2025-01-29|2025-01-30|2025-01-31|2025-02-01|2025-02-02|2025-02-03|2025-02-04|2025-02-05|2025-02-06|2025-02-07|2025-02-08|2025-02-09|2025-02-10|2025-02-11|2025-02-12,144
q4_3,S2,2025-02-13,6,highs-ipm,0.07576304099347908,5947.71817327439,2.842170943040401e-14,9.094947017729282e-13,20,2025-02-13 06:00,2025-02-13 06:00,2025-01-24|2025-01-25|2025-01-26|2025-01-27|2025-01-28|2025-01-29|2025-01-30|2025-01-31|2025-02-01|2025-02-02|2025-02-03|2025-02-04|2025-02-05|2025-02-06|2025-02-07|2025-02-08|2025-02-09|2025-02-10|2025-02-11|2025-02-12,144
q4_3,S2,2025-02-13,12,highs-ipm,0.07091879200015683,9515.830608342705,2.2737367544323206e-13,9.094947017729282e-13,20,2025-02-13 12:00,2025-02-13 12:00,2025-01-24|2025-01-25|2025-01-26|2025-01-27|2025-01-28|2025-01-29|2025-01-30|2025-01-31|2025-02-01|2025-02-02|2025-02-03|2025-02-04|2025-02-05|2025-02-06|2025-02-07|2025-02-08|2025-02-09|2025-02-10|2025-02-11|2025-02-12,144
q4_3,S2,2025-02-14,0,highs-ipm,0.05689012500079116,982.2537803839565,1.1368683772161603e-13,9.094947017729282e-13,20,2025-02-14 00:00,2025-02-14 00:00,2025-01-25|2025-01-26|2025-01-27|2025-01-28|2025-01-29|2025-01-30|2025-01-31|2025-02-01|2025-02-02|2025-02-03|2025-02-04|2025-02-05|2025-02-06|2025-02-07|2025-02-08|2025-02-09|2025-02-10|2025-02-11|2025-02-12|2025-02-13,144
q4_3,S2,2025-02-14,6,highs-ipm,0.07524229100090452,7030.451372678933,1.1368683772161603e-13,9.094947017729282e-13,20,2025-02-14 06:00,2025-02-14 06:00,2025-01-25|2025-01-26|2025-01-27|2025-01-28|2025-01-29|2025-01-30|2025-01-31|2025-02-01|2025-02-02|2025-02-03|2025-02-04|2025-02-05|2025-02-06|2025-02-07|2025-02-08|2025-02-09|2025-02-10|2025-02-11|2025-02-12|2025-02-13,144
q4_3,S2,2025-02-14,12,highs-ipm,0.07348249999631662,7797.405396251317,1.1368683772161603e-13,9.094947017729282e-13,20,2025-02-14 12:00,2025-02-14 12:00,2025-01-25|2025-01-26|2025-01-27|2025-01-28|2025-01-29|2025-01-30|2025-01-31|2025-02-01|2025-02-02|2025-02-03|2025-02-04|2025-02-05|2025-02-06|2025-02-07|2025-02-08|2025-02-09|2025-02-10|2025-02-11|2025-02-12|2025-02-13,144
q4_3,S2,2025-02-15,0,highs-ipm,0.05792554100480629,1059.9182100991507,1.1368683772161603e-13,7.958078640513122e-13,20,2025-02-15 00:00,2025-02-15 00:00,2025-01-26|2025-01-27|2025-01-28|2025-01-29|2025-01-30|2025-01-31|2025-02-01|2025-02-02|2025-02-03|2025-02-04|2025-02-05|2025-02-06|2025-02-07|2025-02-08|2025-02-09|2025-02-10|2025-02-11|2025-02-12|2025-02-13|2025-02-14,144
q4_3,S2,2025-02-15,6,highs-ipm,0.07991587500146125,10779.015204374784,5.684341886080802e-14,8.810729923425242e-13,20,2025-02-15 06:00,2025-02-15 06:00,2025-01-26|2025-01-27|2025-01-28|2025-01-29|2025-01-30|2025-01-31|2025-02-01|2025-02-02|2025-02-03|2025-02-04|2025-02-05|2025-02-06|2025-02-07|2025-02-08|2025-02-09|2025-02-10|2025-02-11|2025-02-12|2025-02-13|2025-02-14,144
q4_3,S2,2025-02-15,12,highs-ipm,0.07765441700030351,28051.41809777283,2.2737367544323206e-13,8.526512829121202e-13,20,2025-02-15 12:00,2025-02-15 12:00,2025-01-26|2025-01-27|2025-01-28|2025-01-29|2025-01-30|2025-01-31|2025-02-01|2025-02-02|2025-02-03|2025-02-04|2025-02-05|2025-02-06|2025-02-07|2025-02-08|2025-02-09|2025-02-10|2025-02-11|2025-02-12|2025-02-13|2025-02-14,144
q4_3,S2,2025-02-16,0,highs-ipm,0.05582341599802021,2255.212521075361,1.1368683772161603e-12,9.094947017729282e-13,20,2025-02-16 00:00,2025-02-16 00:00,2025-01-27|2025-01-28|2025-01-29|2025-01-30|2025-01-31|2025-02-01|2025-02-02|2025-02-03|2025-02-04|2025-02-05|2025-02-06|2025-02-07|2025-02-08|2025-02-09|2025-02-10|2025-02-11|2025-02-12|2025-02-13|2025-02-14|2025-02-15,144
q4_3,S2,2025-02-16,6,highs-ipm,0.07200550000561634,8841.171172267486,1.1368683772161603e-13,9.094947017729282e-13,20,2025-02-16 06:00,2025-02-16 06:00,2025-01-27|2025-01-28|2025-01-29|2025-01-30|2025-01-31|2025-02-01|2025-02-02|2025-02-03|2025-02-04|2025-02-05|2025-02-06|2025-02-07|2025-02-08|2025-02-09|2025-02-10|2025-02-11|2025-02-12|2025-02-13|2025-02-14|2025-02-15,144
q4_3,S2,2025-02-16,12,highs-ipm,0.07061808299476979,23516.793566800916,1.1368683772161603e-13,9.094947017729282e-13,20,2025-02-16 12:00,2025-02-16 12:00,2025-01-27|2025-01-28|2025-01-29|2025-01-30|2025-01-31|2025-02-01|2025-02-02|2025-02-03|2025-02-04|2025-02-05|2025-02-06|2025-02-07|2025-02-08|2025-02-09|2025-02-10|2025-02-11|2025-02-12|2025-02-13|2025-02-14|2025-02-15,144
q4_3,S2,2025-02-17,0,highs-ipm,0.05750116700073704,2214.800660985811,4.547473508864641e-13,7.958078640513122e-13,20,2025-02-17 00:00,2025-02-17 00:00,2025-01-28|2025-01-29|2025-01-30|2025-01-31|2025-02-01|2025-02-02|2025-02-03|2025-02-04|2025-02-05|2025-02-06|2025-02-07|2025-02-08|2025-02-09|2025-02-10|2025-02-11|2025-02-12|2025-02-13|2025-02-14|2025-02-15|2025-02-16,144
q4_3,S2,2025-02-17,6,highs-ipm,0.07761554099852219,8969.551732333908,4.547473508864641e-13,8.206768598029157e-13,20,2025-02-17 06:00,2025-02-17 06:00,2025-01-28|2025-01-29|2025-01-30|2025-01-31|2025-02-01|2025-02-02|2025-02-03|2025-02-04|2025-02-05|2025-02-06|2025-02-07|2025-02-08|2025-02-09|2025-02-10|2025-02-11|2025-02-12|2025-02-13|2025-02-14|2025-02-15|2025-02-16,144
q4_3,S2,2025-02-17,12,highs-ipm,0.06724587499775225,20792.11825630857,4.547473508864641e-13,7.958078640513122e-13,20,2025-02-17 12:00,2025-02-17 12:00,2025-01-28|2025-01-29|2025-01-30|2025-01-31|2025-02-01|2025-02-02|2025-02-03|2025-02-04|2025-02-05|2025-02-06|2025-02-07|2025-02-08|2025-02-09|2025-02-10|2025-02-11|2025-02-12|2025-02-13|2025-02-14|2025-02-15|2025-02-16,144
q4_3,S2,2025-02-18,0,highs-ipm,0.0536306659996626,2281.7630615441376,2.2737367544323206e-13,8.633094239485217e-13,20,2025-02-18 00:00,2025-02-18 00:00,2025-01-29|2025-01-30|2025-01-31|2025-02-01|2025-02-02|2025-02-03|2025-02-04|2025-02-05|2025-02-06|2025-02-07|2025-02-08|2025-02-09|2025-02-10|2025-02-11|2025-02-12|2025-02-13|2025-02-14|2025-02-15|2025-02-16|2025-02-17,144
q4_3,S2,2025-02-18,6,highs-ipm,0.06994937499985099,12762.179558122962,2.2737367544323206e-13,9.094947017729282e-13,20,2025-02-18 06:00,2025-02-18 06:00,2025-01-29|2025-01-30|2025-01-31|2025-02-01|2025-02-02|2025-02-03|2025-02-04|2025-02-05|2025-02-06|2025-02-07|2025-02-08|2025-02-09|2025-02-10|2025-02-11|2025-02-12|2025-02-13|2025-02-14|2025-02-15|2025-02-16|2025-02-17,144
q4_3,S2,2025-02-18,12,highs-ipm,0.0713382090034429,30702.255918240706,2.2737367544323206e-13,9.094947017729282e-13,20,2025-02-18 12:00,2025-02-18 12:00,2025-01-29|2025-01-30|2025-01-31|2025-02-01|2025-02-02|2025-02-03|2025-02-04|2025-02-05|2025-02-06|2025-02-07|2025-02-08|2025-02-09|2025-02-10|2025-02-11|2025-02-12|2025-02-13|2025-02-14|2025-02-15|2025-02-16|2025-02-17,144
q4_3,S2,2025-02-19,0,highs-ipm,0.05125404099817388,2400.143425350212,2.2737367544323206e-13,9.094947017729282e-13,20,2025-02-19 00:00,2025-02-19 00:00,2025-01-30|2025-01-31|2025-02-01|2025-02-02|2025-02-03|2025-02-04|2025-02-05|2025-02-06|2025-02-07|2025-02-08|2025-02-09|2025-02-10|2025-02-11|2025-02-12|2025-02-13|2025-02-14|2025-02-15|2025-02-16|2025-02-17|2025-02-18,144
q4_3,S2,2025-02-19,6,highs-ipm,0.06636450000223704,11855.420751780128,2.2737367544323206e-13,9.094947017729282e-13,20,2025-02-19 06:00,2025-02-19 06:00,2025-01-30|2025-01-31|2025-02-01|2025-02-02|2025-02-03|2025-02-04|2025-02-05|2025-02-06|2025-02-07|2025-02-08|2025-02-09|2025-02-10|2025-02-11|2025-02-12|2025-02-13|2025-02-14|2025-02-15|2025-02-16|2025-02-17|2025-02-18,144
q4_3,S2,2025-02-19,12,highs-ipm,0.06683433300349861,22970.829808590846,2.2737367544323206e-13,9.094947017729282e-13,20,2025-02-19 12:00,2025-02-19 12:00,2025-01-30|2025-01-31|2025-02-01|2025-02-02|2025-02-03|2025-02-04|2025-02-05|2025-02-06|2025-02-07|2025-02-08|2025-02-09|2025-02-10|2025-02-11|2025-02-12|2025-02-13|2025-02-14|2025-02-15|2025-02-16|2025-02-17|2025-02-18,144
q4_3,S2,2025-02-20,0,highs-ipm,0.05533562500204425,2554.234183547233,1.1368683772161603e-13,1.0231815394945443e-12,20,2025-02-20 00:00,2025-02-20 00:00,2025-01-31|2025-02-01|2025-02-02|2025-02-03|2025-02-04|2025-02-05|2025-02-06|2025-02-07|2025-02-08|2025-02-09|2025-02-10|2025-02-11|2025-02-12|2025-02-13|2025-02-14|2025-02-15|2025-02-16|2025-02-17|2025-02-18|2025-02-19,144
q4_3,S2,2025-02-20,6,highs-ipm,0.07921379199979128,8081.568825439252,3.410605131648481e-13,9.023892744153272e-13,20,2025-02-20 06:00,2025-02-20 06:00,2025-01-31|2025-02-01|2025-02-02|2025-02-03|2025-02-04|2025-02-05|2025-02-06|2025-02-07|2025-02-08|2025-02-09|2025-02-10|2025-02-11|2025-02-12|2025-02-13|2025-02-14|2025-02-15|2025-02-16|2025-02-17|2025-02-18|2025-02-19,144
q4_3,S2,2025-02-20,12,highs-ipm,0.07298816700495081,7049.67211969105,1.1368683772161603e-13,9.094947017729282e-13,20,2025-02-20 12:00,2025-02-20 12:00,2025-01-31|2025-02-01|2025-02-02|2025-02-03|2025-02-04|2025-02-05|2025-02-06|2025-02-07|2025-02-08|2025-02-09|2025-02-10|2025-02-11|2025-02-12|2025-02-13|2025-02-14|2025-02-15|2025-02-16|2025-02-17|2025-02-18|2025-02-19,144
q4_3,S2,2025-02-21,0,highs-ipm,0.05964920899714343,653.5734746261462,2.2737367544323206e-13,9.094947017729282e-13,20,2025-02-21 00:00,2025-02-21 00:00,2025-02-01|2025-02-02|2025-02-03|2025-02-04|2025-02-05|2025-02-06|2025-02-07|2025-02-08|2025-02-09|2025-02-10|2025-02-11|2025-02-12|2025-02-13|2025-02-14|2025-02-15|2025-02-16|2025-02-17|2025-02-18|2025-02-19|2025-02-20,144
q4_3,S2,2025-02-21,6,highs-ipm,0.07020875000307569,6577.046335391527,1.1368683772161603e-13,8.739675649849232e-13,20,2025-02-21 06:00,2025-02-21 06:00,2025-02-01|2025-02-02|2025-02-03|2025-02-04|2025-02-05|2025-02-06|2025-02-07|2025-02-08|2025-02-09|2025-02-10|2025-02-11|2025-02-12|2025-02-13|2025-02-14|2025-02-15|2025-02-16|2025-02-17|2025-02-18|2025-02-19|2025-02-20,144
q4_3,S2,2025-02-21,12,highs-ipm,0.07895383299910463,10532.712987907404,5.684341886080802e-14,9.663381206337363e-13,20,2025-02-21 12:00,2025-02-21 12:00,2025-02-01|2025-02-02|2025-02-03|2025-02-04|2025-02-05|2025-02-06|2025-02-07|2025-02-08|2025-02-09|2025-02-10|2025-02-11|2025-02-12|2025-02-13|2025-02-14|2025-02-15|2025-02-16|2025-02-17|2025-02-18|2025-02-19|2025-02-20,144
q4_3,S2,2025-02-22,0,highs-ipm,0.05977870899369009,932.6981709060708,2.2737367544323206e-13,7.958078640513122e-13,20,2025-02-22 00:00,2025-02-22 00:00,2025-02-02|2025-02-03|2025-02-04|2025-02-05|2025-02-06|2025-02-07|2025-02-08|2025-02-09|2025-02-10|2025-02-11|2025-02-12|2025-02-13|2025-02-14|2025-02-15|2025-02-16|2025-02-17|2025-02-18|2025-02-19|2025-02-20|2025-02-21,144
q4_3,S2,2025-02-22,6,highs-ipm,0.06845570800214773,11360.686041672774,1.1368683772161603e-13,8.242295734817162e-13,20,2025-02-22 06:00,2025-02-22 06:00,2025-02-02|2025-02-03|2025-02-04|2025-02-05|2025-02-06|2025-02-07|2025-02-08|2025-02-09|2025-02-10|2025-02-11|2025-02-12|2025-02-13|2025-02-14|2025-02-15|2025-02-16|2025-02-17|2025-02-18|2025-02-19|2025-02-20|2025-02-21,144
q4_3,S2,2025-02-22,12,highs-ipm,0.07820650000212481,22194.555396571875,2.2737367544323206e-13,8.810729923425242e-13,20,2025-02-22 12:00,2025-02-22 12:00,2025-02-02|2025-02-03|2025-02-04|2025-02-05|2025-02-06|2025-02-07|2025-02-08|2025-02-09|2025-02-10|2025-02-11|2025-02-12|2025-02-13|2025-02-14|2025-02-15|2025-02-16|2025-02-17|2025-02-18|2025-02-19|2025-02-20|2025-02-21,144
q4_3,S2,2025-02-23,0,highs-ipm,0.06191633400158025,2197.9254229281264,2.2737367544323206e-13,9.094947017729282e-13,20,2025-02-23 00:00,2025-02-23 00:00,2025-02-03|2025-02-04|2025-02-05|2025-02-06|2025-02-07|2025-02-08|2025-02-09|2025-02-10|2025-02-11|2025-02-12|2025-02-13|2025-02-14|2025-02-15|2025-02-16|2025-02-17|2025-02-18|2025-02-19|2025-02-20|2025-02-21|2025-02-22,144
q4_3,S2,2025-02-23,6,highs-ipm,0.07058200000028592,13119.096300425277,2.2737367544323206e-13,9.094947017729282e-13,20,2025-02-23 06:00,2025-02-23 06:00,2025-02-03|2025-02-04|2025-02-05|2025-02-06|2025-02-07|2025-02-08|2025-02-09|2025-02-10|2025-02-11|2025-02-12|2025-02-13|2025-02-14|2025-02-15|2025-02-16|2025-02-17|2025-02-18|2025-02-19|2025-02-20|2025-02-21|2025-02-22,144
q4_3,S2,2025-02-23,12,highs-ipm,0.07166129200049909,24999.80585060871,2.2737367544323206e-13,9.094947017729282e-13,20,2025-02-23 12:00,2025-02-23 12:00,2025-02-03|2025-02-04|2025-02-05|2025-02-06|2025-02-07|2025-02-08|2025-02-09|2025-02-10|2025-02-11|2025-02-12|2025-02-13|2025-02-14|2025-02-15|2025-02-16|2025-02-17|2025-02-18|2025-02-19|2025-02-20|2025-02-21|2025-02-22,144
q4_3,S2,2025-02-24,0,highs-ipm,0.05612587500218069,1827.4696431311443,2.2737367544323206e-13,9.094947017729282e-13,20,2025-02-24 00:00,2025-02-24 00:00,2025-02-04|2025-02-05|2025-02-06|2025-02-07|2025-02-08|2025-02-09|2025-02-10|2025-02-11|2025-02-12|2025-02-13|2025-02-14|2025-02-15|2025-02-16|2025-02-17|2025-02-18|2025-02-19|2025-02-20|2025-02-21|2025-02-22|2025-02-23,144
q4_3,S2,2025-02-24,6,highs-ipm,0.07053770899801748,12641.12598538678,2.2737367544323206e-13,8.526512829121202e-13,20,2025-02-24 06:00,2025-02-24 06:00,2025-02-04|2025-02-05|2025-02-06|2025-02-07|2025-02-08|2025-02-09|2025-02-10|2025-02-11|2025-02-12|2025-02-13|2025-02-14|2025-02-15|2025-02-16|2025-02-17|2025-02-18|2025-02-19|2025-02-20|2025-02-21|2025-02-22|2025-02-23,144
q4_3,S2,2025-02-24,12,highs-ipm,0.06690700000035577,20848.132340754964,2.149391775674303e-13,9.094947017729282e-13,20,2025-02-24 12:00,2025-02-24 12:00,2025-02-04|2025-02-05|2025-02-06|2025-02-07|2025-02-08|2025-02-09|2025-02-10|2025-02-11|2025-02-12|2025-02-13|2025-02-14|2025-02-15|2025-02-16|2025-02-17|2025-02-18|2025-02-19|2025-02-20|2025-02-21|2025-02-22|2025-02-23,144
q4_3,S2,2025-02-25,0,highs-ipm,0.0538139160053106,2004.7342464432566,1.1368683772161603e-13,9.094947017729282e-13,20,2025-02-25 00:00,2025-02-25 00:00,2025-02-05|2025-02-06|2025-02-07|2025-02-08|2025-02-09|2025-02-10|2025-02-11|2025-02-12|2025-02-13|2025-02-14|2025-02-15|2025-02-16|2025-02-17|2025-02-18|2025-02-19|2025-02-20|2025-02-21|2025-02-22|2025-02-23|2025-02-24,144
q4_3,S2,2025-02-25,6,highs-ipm,0.0722440000026836,10806.530266690537,1.1368683772161603e-13,9.094947017729282e-13,20,2025-02-25 06:00,2025-02-25 06:00,2025-02-05|2025-02-06|2025-02-07|2025-02-08|2025-02-09|2025-02-10|2025-02-11|2025-02-12|2025-02-13|2025-02-14|2025-02-15|2025-02-16|2025-02-17|2025-02-18|2025-02-19|2025-02-20|2025-02-21|2025-02-22|2025-02-23|2025-02-24,144
q4_3,S2,2025-02-25,12,highs-ipm,0.06859158400038723,20250.80360718688,1.1368683772161603e-13,9.094947017729282e-13,20,2025-02-25 12:00,2025-02-25 12:00,2025-02-05|2025-02-06|2025-02-07|2025-02-08|2025-02-09|2025-02-10|2025-02-11|2025-02-12|2025-02-13|2025-02-14|2025-02-15|2025-02-16|2025-02-17|2025-02-18|2025-02-19|2025-02-20|2025-02-21|2025-02-22|2025-02-23|2025-02-24,144
q4_3,S2,2025-02-26,0,highs-ipm,0.05677424999885261,2062.1675988085112,4.298783551348606e-13,9.094947017729282e-13,20,2025-02-26 00:00,2025-02-26 00:00,2025-02-06|2025-02-07|2025-02-08|2025-02-09|2025-02-10|2025-02-11|2025-02-12|2025-02-13|2025-02-14|2025-02-15|2025-02-16|2025-02-17|2025-02-18|2025-02-19|2025-02-20|2025-02-21|2025-02-22|2025-02-23|2025-02-24|2025-02-25,144
q4_3,S2,2025-02-26,6,highs-ipm,0.06974712500232272,13629.489857257286,2.2737367544323206e-13,8.65085780787922e-13,20,2025-02-26 06:00,2025-02-26 06:00,2025-02-06|2025-02-07|2025-02-08|2025-02-09|2025-02-10|2025-02-11|2025-02-12|2025-02-13|2025-02-14|2025-02-15|2025-02-16|2025-02-17|2025-02-18|2025-02-19|2025-02-20|2025-02-21|2025-02-22|2025-02-23|2025-02-24|2025-02-25,144
q4_3,S2,2025-02-26,12,highs-ipm,0.07161479200294707,33949.98865664264,1.1368683772161603e-13,8.064660050877137e-13,20,2025-02-26 12:00,2025-02-26 12:00,2025-02-06|2025-02-07|2025-02-08|2025-02-09|2025-02-10|2025-02-11|2025-02-12|2025-02-13|2025-02-14|2025-02-15|2025-02-16|2025-02-17|2025-02-18|2025-02-19|2025-02-20|2025-02-21|2025-02-22|2025-02-23|2025-02-24|2025-02-25,144
q4_3,S2,2025-02-27,0,highs-ipm,0.05802045900054509,1933.4917775115882,2.2737367544323206e-13,9.094947017729282e-13,20,2025-02-27 00:00,2025-02-27 00:00,2025-02-07|2025-02-08|2025-02-09|2025-02-10|2025-02-11|2025-02-12|2025-02-13|2025-02-14|2025-02-15|2025-02-16|2025-02-17|2025-02-18|2025-02-19|2025-02-20|2025-02-21|2025-02-22|2025-02-23|2025-02-24|2025-02-25|2025-02-26,144
q4_3,S2,2025-02-27,6,highs-ipm,0.07937833300093189,7801.634134350394,1.1368683772161603e-13,8.57980353430321e-13,20,2025-02-27 06:00,2025-02-27 06:00,2025-02-07|2025-02-08|2025-02-09|2025-02-10|2025-02-11|2025-02-12|2025-02-13|2025-02-14|2025-02-15|2025-02-16|2025-02-17|2025-02-18|2025-02-19|2025-02-20|2025-02-21|2025-02-22|2025-02-23|2025-02-24|2025-02-25|2025-02-26,144
q4_3,S2,2025-02-27,12,highs-ipm,0.07200520799960941,7599.054587186876,1.1368683772161603e-13,8.339995360984176e-13,20,2025-02-27 12:00,2025-02-27 12:00,2025-02-07|2025-02-08|2025-02-09|2025-02-10|2025-02-11|2025-02-12|2025-02-13|2025-02-14|2025-02-15|2025-02-16|2025-02-17|2025-02-18|2025-02-19|2025-02-20|2025-02-21|2025-02-22|2025-02-23|2025-02-24|2025-02-25|2025-02-26,144
q4_3,S2,2025-02-28,0,highs-ipm,0.07348849999834783,492.5511548141132,2.2737367544323206e-13,9.094947017729282e-13,20,2025-02-28 00:00,2025-02-28 00:00,2025-02-08|2025-02-09|2025-02-10|2025-02-11|2025-02-12|2025-02-13|2025-02-14|2025-02-15|2025-02-16|2025-02-17|2025-02-18|2025-02-19|2025-02-20|2025-02-21|2025-02-22|2025-02-23|2025-02-24|2025-02-25|2025-02-26|2025-02-27,144
q4_3,S2,2025-02-28,6,highs-ipm,0.07796062499983236,6559.966565262102,1.1368683772161603e-13,8.739675649849232e-13,20,2025-02-28 06:00,2025-02-28 06:00,2025-02-08|2025-02-09|2025-02-10|2025-02-11|2025-02-12|2025-02-13|2025-02-14|2025-02-15|2025-02-16|2025-02-17|2025-02-18|2025-02-19|2025-02-20|2025-02-21|2025-02-22|2025-02-23|2025-02-24|2025-02-25|2025-02-26|2025-02-27,144
q4_3,S2,2025-02-28,12,highs-ipm,0.07494145799864782,7530.640544248527,1.1368683772161603e-13,9.094947017729282e-13,20,2025-02-28 12:00,2025-02-28 12:00,2025-02-08|2025-02-09|2025-02-10|2025-02-11|2025-02-12|2025-02-13|2025-02-14|2025-02-15|2025-02-16|2025-02-17|2025-02-18|2025-02-19|2025-02-20|2025-02-21|2025-02-22|2025-02-23|2025-02-24|2025-02-25|2025-02-26|2025-02-27,144
q4_3,S2,2025-03-01,0,highs-ipm,0.05954599999677157,894.0146637103849,5.684341886080802e-14,9.094947017729282e-13,20,2025-03-01 00:00,2025-03-01 00:00,2025-02-09|2025-02-10|2025-02-11|2025-02-12|2025-02-13|2025-02-14|2025-02-15|2025-02-16|2025-02-17|2025-02-18|2025-02-19|2025-02-20|2025-02-21|2025-02-22|2025-02-23|2025-02-24|2025-02-25|2025-02-26|2025-02-27|2025-02-28,144
q4_3,S2,2025-03-01,6,highs-ipm,0.07501754200347932,9971.044335081004,1.1368683772161603e-13,9.094947017729282e-13,20,2025-03-01 06:00,2025-03-01 06:00,2025-02-09|2025-02-10|2025-02-11|2025-02-12|2025-02-13|2025-02-14|2025-02-15|2025-02-16|2025-02-17|2025-02-18|2025-02-19|2025-02-20|2025-02-21|2025-02-22|2025-02-23|2025-02-24|2025-02-25|2025-02-26|2025-02-27|2025-02-28,144
q4_3,S2,2025-03-01,12,highs-ipm,0.07742641699587693,17750.460620111742,1.1368683772161603e-13,9.094947017729282e-13,20,2025-03-01 12:00,2025-03-01 12:00,2025-02-09|2025-02-10|2025-02-11|2025-02-12|2025-02-13|2025-02-14|2025-02-15|2025-02-16|2025-02-17|2025-02-18|2025-02-19|2025-02-20|2025-02-21|2025-02-22|2025-02-23|2025-02-24|2025-02-25|2025-02-26|2025-02-27|2025-02-28,144
q4_3,S2,2025-03-02,0,highs-ipm,0.056879750001826324,2026.1120836309567,1.7053025658242404e-13,8.526512829121202e-13,20,2025-03-02 00:00,2025-03-02 00:00,2025-02-10|2025-02-11|2025-02-12|2025-02-13|2025-02-14|2025-02-15|2025-02-16|2025-02-17|2025-02-18|2025-02-19|2025-02-20|2025-02-21|2025-02-22|2025-02-23|2025-02-24|2025-02-25|2025-02-26|2025-02-27|2025-02-28|2025-03-01,144
q4_3,S2,2025-03-02,6,highs-ipm,0.07017141599499155,13864.715544649755,3.410605131648481e-13,8.313350008393172e-13,20,2025-03-02 06:00,2025-03-02 06:00,2025-02-10|2025-02-11|2025-02-12|2025-02-13|2025-02-14|2025-02-15|2025-02-16|2025-02-17|2025-02-18|2025-02-19|2025-02-20|2025-02-21|2025-02-22|2025-02-23|2025-02-24|2025-02-25|2025-02-26|2025-02-27|2025-02-28|2025-03-01,144
q4_3,S2,2025-03-02,12,highs-ipm,0.07051708299695747,29117.613405802724,2.2737367544323206e-13,8.988365607365267e-13,20,2025-03-02 12:00,2025-03-02 12:00,2025-02-10|2025-02-11|2025-02-12|2025-02-13|2025-02-14|2025-02-15|2025-02-16|2025-02-17|2025-02-18|2025-02-19|2025-02-20|2025-02-21|2025-02-22|2025-02-23|2025-02-24|2025-02-25|2025-02-26|2025-02-27|2025-02-28|2025-03-01,144
q4_3,S2,2025-03-03,0,highs-ipm,0.05274516700592358,1973.957549608515,2.2737367544323206e-13,7.958078640513122e-13,20,2025-03-03 00:00,2025-03-03 00:00,2025-02-11|2025-02-12|2025-02-13|2025-02-14|2025-02-15|2025-02-16|2025-02-17|2025-02-18|2025-02-19|2025-02-20|2025-02-21|2025-02-22|2025-02-23|2025-02-24|2025-02-25|2025-02-26|2025-02-27|2025-02-28|2025-03-01|2025-03-02,144
q4_3,S2,2025-03-03,6,highs-ipm,0.07716174999950454,10620.109333122125,1.1368683772161603e-13,7.958078640513122e-13,20,2025-03-03 06:00,2025-03-03 06:00,2025-02-11|2025-02-12|2025-02-13|2025-02-14|2025-02-15|2025-02-16|2025-02-17|2025-02-18|2025-02-19|2025-02-20|2025-02-21|2025-02-22|2025-02-23|2025-02-24|2025-02-25|2025-02-26|2025-02-27|2025-02-28|2025-03-01|2025-03-02,144
q4_3,S2,2025-03-03,12,highs-ipm,0.06784987499850104,26912.38036937102,1.1368683772161603e-13,7.958078640513122e-13,20,2025-03-03 12:00,2025-03-03 12:00,2025-02-11|2025-02-12|2025-02-13|2025-02-14|2025-02-15|2025-02-16|2025-02-17|2025-02-18|2025-02-19|2025-02-20|2025-02-21|2025-02-22|2025-02-23|2025-02-24|2025-02-25|2025-02-26|2025-02-27|2025-02-28|2025-03-01|2025-03-02,144
q4_3,S2,2025-03-04,0,highs-ipm,0.05512124999950174,2202.893874627235,1.1368683772161603e-13,9.094947017729282e-13,20,2025-03-04 00:00,2025-03-04 00:00,2025-02-12|2025-02-13|2025-02-14|2025-02-15|2025-02-16|2025-02-17|2025-02-18|2025-02-19|2025-02-20|2025-02-21|2025-02-22|2025-02-23|2025-02-24|2025-02-25|2025-02-26|2025-02-27|2025-02-28|2025-03-01|2025-03-02|2025-03-03,144
q4_3,S2,2025-03-04,6,highs-ipm,0.07138483299786458,13585.737575913765,2.2737367544323206e-13,8.641976023682219e-13,20,2025-03-04 06:00,2025-03-04 06:00,2025-02-12|2025-02-13|2025-02-14|2025-02-15|2025-02-16|2025-02-17|2025-02-18|2025-02-19|2025-02-20|2025-02-21|2025-02-22|2025-02-23|2025-02-24|2025-02-25|2025-02-26|2025-02-27|2025-02-28|2025-03-01|2025-03-02|2025-03-03,144
q4_3,S2,2025-03-04,12,highs-ipm,0.07109533400216606,20729.28326708591,1.1368683772161603e-13,9.094947017729282e-13,20,2025-03-04 12:00,2025-03-04 12:00,2025-02-12|2025-02-13|2025-02-14|2025-02-15|2025-02-16|2025-02-17|2025-02-18|2025-02-19|2025-02-20|2025-02-21|2025-02-22|2025-02-23|2025-02-24|2025-02-25|2025-02-26|2025-02-27|2025-02-28|2025-03-01|2025-03-02|2025-03-03,144
q4_3,S2,2025-03-05,0,highs-ipm,0.05270837499847403,2090.3180592399494,1.1368683772161603e-13,8.810729923425242e-13,20,2025-03-05 00:00,2025-03-05 00:00,2025-02-13|2025-02-14|2025-02-15|2025-02-16|2025-02-17|2025-02-18|2025-02-19|2025-02-20|2025-02-21|2025-02-22|2025-02-23|2025-02-24|2025-02-25|2025-02-26|2025-02-27|2025-02-28|2025-03-01|2025-03-02|2025-03-03|2025-03-04,144
q4_3,S2,2025-03-05,6,highs-ipm,0.0716215829961584,10725.77500437661,2.2737367544323206e-13,9.094947017729282e-13,20,2025-03-05 06:00,2025-03-05 06:00,2025-02-13|2025-02-14|2025-02-15|2025-02-16|2025-02-17|2025-02-18|2025-02-19|2025-02-20|2025-02-21|2025-02-22|2025-02-23|2025-02-24|2025-02-25|2025-02-26|2025-02-27|2025-02-28|2025-03-01|2025-03-02|2025-03-03|2025-03-04,144
q4_3,S2,2025-03-05,12,highs-ipm,0.06857116700120969,23103.42795100089,1.1368683772161603e-13,9.094947017729282e-13,20,2025-03-05 12:00,2025-03-05 12:00,2025-02-13|2025-02-14|2025-02-15|2025-02-16|2025-02-17|2025-02-18|2025-02-19|2025-02-20|2025-02-21|2025-02-22|2025-02-23|2025-02-24|2025-02-25|2025-02-26|2025-02-27|2025-02-28|2025-03-01|2025-03-02|2025-03-03|2025-03-04,144
q4_3,S2,2025-03-06,0,highs-ipm,0.054451916003017686,1980.70859073449,6.394884621840902e-13,9.094947017729282e-13,20,2025-03-06 00:00,2025-03-06 00:00,2025-02-14|2025-02-15|2025-02-16|2025-02-17|2025-02-18|2025-02-19|2025-02-20|2025-02-21|2025-02-22|2025-02-23|2025-02-24|2025-02-25|2025-02-26|2025-02-27|2025-02-28|2025-03-01|2025-03-02|2025-03-03|2025-03-04|2025-03-05,144
q4_3,S2,2025-03-06,6,highs-ipm,0.07695945799787296,7645.278653201484,2.2737367544323206e-13,8.597567102697212e-13,20,2025-03-06 06:00,2025-03-06 06:00,2025-02-14|2025-02-15|2025-02-16|2025-02-17|2025-02-18|2025-02-19|2025-02-20|2025-02-21|2025-02-22|2025-02-23|2025-02-24|2025-02-25|2025-02-26|2025-02-27|2025-02-28|2025-03-01|2025-03-02|2025-03-03|2025-03-04|2025-03-05,144
q4_3,S2,2025-03-06,12,highs-ipm,0.07583733399951598,6249.264991130893,2.2737367544323206e-13,9.094947017729282e-13,20,2025-03-06 12:00,2025-03-06 12:00,2025-02-14|2025-02-15|2025-02-16|2025-02-17|2025-02-18|2025-02-19|2025-02-20|2025-02-21|2025-02-22|2025-02-23|2025-02-24|2025-02-25|2025-02-26|2025-02-27|2025-02-28|2025-03-01|2025-03-02|2025-03-03|2025-03-04|2025-03-05,144
q4_3,S2,2025-03-07,0,highs-ipm,0.06001316599576967,938.465915069046,2.2737367544323206e-13,6.821210263296962e-13,20,2025-03-07 00:00,2025-03-07 00:00,2025-02-15|2025-02-16|2025-02-17|2025-02-18|2025-02-19|2025-02-20|2025-02-21|2025-02-22|2025-02-23|2025-02-24|2025-02-25|2025-02-26|2025-02-27|2025-02-28|2025-03-01|2025-03-02|2025-03-03|2025-03-04|2025-03-05|2025-03-06,144
q4_3,S2,2025-03-07,6,highs-ipm,0.0809925000066869,5859.78198234431,2.2737367544323206e-13,7.958078640513122e-13,20,2025-03-07 06:00,2025-03-07 06:00,2025-02-15|2025-02-16|2025-02-17|2025-02-18|2025-02-19|2025-02-20|2025-02-21|2025-02-22|2025-02-23|2025-02-24|2025-02-25|2025-02-26|2025-02-27|2025-02-28|2025-03-01|2025-03-02|2025-03-03|2025-03-04|2025-03-05|2025-03-06,144
q4_3,S2,2025-03-07,12,highs-ipm,0.07924391700362321,8752.523967854839,2.2737367544323206e-13,8.526512829121202e-13,20,2025-03-07 12:00,2025-03-07 12:00,2025-02-15|2025-02-16|2025-02-17|2025-02-18|2025-02-19|2025-02-20|2025-02-21|2025-02-22|2025-02-23|2025-02-24|2025-02-25|2025-02-26|2025-02-27|2025-02-28|2025-03-01|2025-03-02|2025-03-03|2025-03-04|2025-03-05|2025-03-06,144
q4_3,S2,2025-03-08,0,highs-ipm,0.0687441249974654,581.4447098186367,5.684341886080802e-14,9.094947017729282e-13,20,2025-03-08 00:00,2025-03-08 00:00,2025-02-16|2025-02-17|2025-02-18|2025-02-19|2025-02-20|2025-02-21|2025-02-22|2025-02-23|2025-02-24|2025-02-25|2025-02-26|2025-02-27|2025-02-28|2025-03-01|2025-03-02|2025-03-03|2025-03-04|2025-03-05|2025-03-06|2025-03-07,144
q4_3,S2,2025-03-08,6,highs-ipm,0.08026675000292016,10485.09479224551,1.1368683772161603e-13,9.094947017729282e-13,20,2025-03-08 06:00,2025-03-08 06:00,2025-02-16|2025-02-17|2025-02-18|2025-02-19|2025-02-20|2025-02-21|2025-02-22|2025-02-23|2025-02-24|2025-02-25|2025-02-26|2025-02-27|2025-02-28|2025-03-01|2025-03-02|2025-03-03|2025-03-04|2025-03-05|2025-03-06|2025-03-07,144
q4_3,S2,2025-03-08,12,highs-ipm,0.07673024999530753,22584.63551964802,1.1368683772161603e-13,9.094947017729282e-13,20,2025-03-08 12:00,2025-03-08 12:00,2025-02-16|2025-02-17|2025-02-18|2025-02-19|2025-02-20|2025-02-21|2025-02-22|2025-02-23|2025-02-24|2025-02-25|2025-02-26|2025-02-27|2025-02-28|2025-03-01|2025-03-02|2025-03-03|2025-03-04|2025-03-05|2025-03-06|2025-03-07,144
q4_3,S2,2025-03-09,0,highs-ipm,0.0530446250049863,2249.5850087724584,2.2737367544323206e-13,1.0231815394945443e-12,20,2025-03-09 00:00,2025-03-09 00:00,2025-02-17|2025-02-18|2025-02-19|2025-02-20|2025-02-21|2025-02-22|2025-02-23|2025-02-24|2025-02-25|2025-02-26|2025-02-27|2025-02-28|2025-03-01|2025-03-02|2025-03-03|2025-03-04|2025-03-05|2025-03-06|2025-03-07|2025-03-08,144
q4_3,S2,2025-03-09,6,highs-ipm,0.0695760419985163,8273.498114248729,2.2737367544323206e-13,1.0231815394945443e-12,20,2025-03-09 06:00,2025-03-09 06:00,2025-02-17|2025-02-18|2025-02-19|2025-02-20|2025-02-21|2025-02-22|2025-02-23|2025-02-24|2025-02-25|2025-02-26|2025-02-27|2025-02-28|2025-03-01|2025-03-02|2025-03-03|2025-03-04|2025-03-05|2025-03-06|2025-03-07|2025-03-08,144
q4_3,S2,2025-03-09,12,highs-ipm,0.07628704100352479,22838.14116470566,2.2737367544323206e-13,9.094947017729282e-13,20,2025-03-09 12:00,2025-03-09 12:00,2025-02-17|2025-02-18|2025-02-19|2025-02-20|2025-02-21|2025-02-22|2025-02-23|2025-02-24|2025-02-25|2025-02-26|2025-02-27|2025-02-28|2025-03-01|2025-03-02|2025-03-03|2025-03-04|2025-03-05|2025-03-06|2025-03-07|2025-03-08,144
q4_3,S2,2025-03-10,0,highs-ipm,0.05541462499968475,2143.6312135425637,6.821210263296962e-13,9.094947017729282e-13,20,2025-03-10 00:00,2025-03-10 00:00,2025-02-18|2025-02-19|2025-02-20|2025-02-21|2025-02-22|2025-02-23|2025-02-24|2025-02-25|2025-02-26|2025-02-27|2025-02-28|2025-03-01|2025-03-02|2025-03-03|2025-03-04|2025-03-05|2025-03-06|2025-03-07|2025-03-08|2025-03-09,144
q4_3,S2,2025-03-10,6,highs-ipm,0.07216424999933224,12106.684157854477,1.1368683772161603e-13,9.094947017729282e-13,20,2025-03-10 06:00,2025-03-10 06:00,2025-02-18|2025-02-19|2025-02-20|2025-02-21|2025-02-22|2025-02-23|2025-02-24|2025-02-25|2025-02-26|2025-02-27|2025-02-28|2025-03-01|2025-03-02|2025-03-03|2025-03-04|2025-03-05|2025-03-06|2025-03-07|2025-03-08|2025-03-09,144
q4_3,S2,2025-03-10,12,highs-ipm,0.06799904099898413,19261.42697997396,1.1368683772161603e-13,9.094947017729282e-13,20,2025-03-10 12:00,2025-03-10 12:00,2025-02-18|2025-02-19|2025-02-20|2025-02-21|2025-02-22|2025-02-23|2025-02-24|2025-02-25|2025-02-26|2025-02-27|2025-02-28|2025-03-01|2025-03-02|2025-03-03|2025-03-04|2025-03-05|2025-03-06|2025-03-07|2025-03-08|2025-03-09,144
q4_3,S2,2025-03-11,0,highs-ipm,0.05617920900112949,2003.0718035581951,1.1368683772161603e-13,9.094947017729282e-13,20,2025-03-11 00:00,2025-03-11 00:00,2025-02-19|2025-02-20|2025-02-21|2025-02-22|2025-02-23|2025-02-24|2025-02-25|2025-02-26|2025-02-27|2025-02-28|2025-03-01|2025-03-02|2025-03-03|2025-03-04|2025-03-05|2025-03-06|2025-03-07|2025-03-08|2025-03-09|2025-03-10,144
q4_3,S2,2025-03-11,6,highs-ipm,0.06988074999389937,19274.286238366993,1.1368683772161603e-13,1.0231815394945443e-12,20,2025-03-11 06:00,2025-03-11 06:00,2025-02-19|2025-02-20|2025-02-21|2025-02-22|2025-02-23|2025-02-24|2025-02-25|2025-02-26|2025-02-27|2025-02-28|2025-03-01|2025-03-02|2025-03-03|2025-03-04|2025-03-05|2025-03-06|2025-03-07|2025-03-08|2025-03-09|2025-03-10,144
q4_3,S2,2025-03-11,12,highs-ipm,0.06805883399647428,20051.34539949385,1.1368683772161603e-13,9.094947017729282e-13,20,2025-03-11 12:00,2025-03-11 12:00,2025-02-19|2025-02-20|2025-02-21|2025-02-22|2025-02-23|2025-02-24|2025-02-25|2025-02-26|2025-02-27|2025-02-28|2025-03-01|2025-03-02|2025-03-03|2025-03-04|2025-03-05|2025-03-06|2025-03-07|2025-03-08|2025-03-09|2025-03-10,144
q4_3,S2,2025-03-12,0,highs-ipm,0.055420541000785306,2499.4342121784102,1.1368683772161603e-13,9.094947017729282e-13,20,2025-03-12 00:00,2025-03-12 00:00,2025-02-20|2025-02-21|2025-02-22|2025-02-23|2025-02-24|2025-02-25|2025-02-26|2025-02-27|2025-02-28|2025-03-01|2025-03-02|2025-03-03|2025-03-04|2025-03-05|2025-03-06|2025-03-07|2025-03-08|2025-03-09|2025-03-10|2025-03-11,144
q4_3,S2,2025-03-12,6,highs-ipm,0.07364858299843036,8410.163509052274,1.1368683772161603e-13,9.094947017729282e-13,20,2025-03-12 06:00,2025-03-12 06:00,2025-02-20|2025-02-21|2025-02-22|2025-02-23|2025-02-24|2025-02-25|2025-02-26|2025-02-27|2025-02-28|2025-03-01|2025-03-02|2025-03-03|2025-03-04|2025-03-05|2025-03-06|2025-03-07|2025-03-08|2025-03-09|2025-03-10|2025-03-11,144
q4_3,S2,2025-03-12,12,highs-ipm,0.07318758300243644,17689.488732559967,1.1368683772161603e-13,9.094947017729282e-13,20,2025-03-12 12:00,2025-03-12 12:00,2025-02-20|2025-02-21|2025-02-22|2025-02-23|2025-02-24|2025-02-25|2025-02-26|2025-02-27|2025-02-28|2025-03-01|2025-03-02|2025-03-03|2025-03-04|2025-03-05|2025-03-06|2025-03-07|2025-03-08|2025-03-09|2025-03-10|2025-03-11,144
q4_3,S2,2025-03-13,0,highs-ipm,0.05534304200409679,2361.3535941428613,1.1368683772161603e-13,8.526512829121202e-13,20,2025-03-13 00:00,2025-03-13 00:00,2025-02-21|2025-02-22|2025-02-23|2025-02-24|2025-02-25|2025-02-26|2025-02-27|2025-02-28|2025-03-01|2025-03-02|2025-03-03|2025-03-04|2025-03-05|2025-03-06|2025-03-07|2025-03-08|2025-03-09|2025-03-10|2025-03-11|2025-03-12,144
q4_3,S2,2025-03-13,6,highs-ipm,0.07716325000365032,7766.098324582276,1.1368683772161603e-13,8.752998326144734e-13,20,2025-03-13 06:00,2025-03-13 06:00,2025-02-21|2025-02-22|2025-02-23|2025-02-24|2025-02-25|2025-02-26|2025-02-27|2025-02-28|2025-03-01|2025-03-02|2025-03-03|2025-03-04|2025-03-05|2025-03-06|2025-03-07|2025-03-08|2025-03-09|2025-03-10|2025-03-11|2025-03-12,144
q4_3,S2,2025-03-13,12,highs-ipm,0.0719816249984433,9044.027662174534,2.2737367544323206e-13,9.094947017729282e-13,20,2025-03-13 12:00,2025-03-13 12:00,2025-02-21|2025-02-22|2025-02-23|2025-02-24|2025-02-25|2025-02-26|2025-02-27|2025-02-28|2025-03-01|2025-03-02|2025-03-03|2025-03-04|2025-03-05|2025-03-06|2025-03-07|2025-03-08|2025-03-09|2025-03-10|2025-03-11|2025-03-12,144
q4_3,S2,2025-03-14,0,highs-ipm,0.06166379200294614,648.7147347602926,1.1368683772161603e-13,6.252776074688882e-13,20,2025-03-14 00:00,2025-03-14 00:00,2025-02-22|2025-02-23|2025-02-24|2025-02-25|2025-02-26|2025-02-27|2025-02-28|2025-03-01|2025-03-02|2025-03-03|2025-03-04|2025-03-05|2025-03-06|2025-03-07|2025-03-08|2025-03-09|2025-03-10|2025-03-11|2025-03-12|2025-03-13,144
q4_3,S2,2025-03-14,6,highs-ipm,0.08265675000438932,6416.5709831230115,0.0,7.389644451905042e-13,20,2025-03-14 06:00,2025-03-14 06:00,2025-02-22|2025-02-23|2025-02-24|2025-02-25|2025-02-26|2025-02-27|2025-02-28|2025-03-01|2025-03-02|2025-03-03|2025-03-04|2025-03-05|2025-03-06|2025-03-07|2025-03-08|2025-03-09|2025-03-10|2025-03-11|2025-03-12|2025-03-13,144
q4_3,S2,2025-03-14,12,highs-ipm,0.07786858300096355,5912.79167954386,5.684341886080802e-14,8.952838470577262e-13,20,2025-03-14 12:00,2025-03-14 12:00,2025-02-22|2025-02-23|2025-02-24|2025-02-25|2025-02-26|2025-02-27|2025-02-28|2025-03-01|2025-03-02|2025-03-03|2025-03-04|2025-03-05|2025-03-06|2025-03-07|2025-03-08|2025-03-09|2025-03-10|2025-03-11|2025-03-12|2025-03-13,144
q4_3,S2,2025-03-15,0,highs-ipm,0.0614432919974206,942.4106626698638,1.1368683772161603e-13,8.668621376273222e-13,20,2025-03-15 00:00,2025-03-15 00:00,2025-02-23|2025-02-24|2025-02-25|2025-02-26|2025-02-27|2025-02-28|2025-03-01|2025-03-02|2025-03-03|2025-03-04|2025-03-05|2025-03-06|2025-03-07|2025-03-08|2025-03-09|2025-03-10|2025-03-11|2025-03-12|2025-03-13|2025-03-14,144
q4_3,S2,2025-03-15,6,highs-ipm,0.07129829200130189,11234.36058859272,1.1368683772161603e-13,9.094947017729282e-13,20,2025-03-15 06:00,2025-03-15 06:00,2025-02-23|2025-02-24|2025-02-25|2025-02-26|2025-02-27|2025-02-28|2025-03-01|2025-03-02|2025-03-03|2025-03-04|2025-03-05|2025-03-06|2025-03-07|2025-03-08|2025-03-09|2025-03-10|2025-03-11|2025-03-12|2025-03-13|2025-03-14,144
q4_3,S2,2025-03-15,12,highs-ipm,0.07450316599715734,18470.931088582165,5.684341886080802e-14,7.958078640513122e-13,20,2025-03-15 12:00,2025-03-15 12:00,2025-02-23|2025-02-24|2025-02-25|2025-02-26|2025-02-27|2025-02-28|2025-03-01|2025-03-02|2025-03-03|2025-03-04|2025-03-05|2025-03-06|2025-03-07|2025-03-08|2025-03-09|2025-03-10|2025-03-11|2025-03-12|2025-03-13|2025-03-14,144
q4_3,S2,2025-03-16,0,highs-ipm,0.05422579099831637,2570.103138032257,2.2737367544323206e-13,9.094947017729282e-13,20,2025-03-16 00:00,2025-03-16 00:00,2025-02-24|2025-02-25|2025-02-26|2025-02-27|2025-02-28|2025-03-01|2025-03-02|2025-03-03|2025-03-04|2025-03-05|2025-03-06|2025-03-07|2025-03-08|2025-03-09|2025-03-10|2025-03-11|2025-03-12|2025-03-13|2025-03-14|2025-03-15,144
q4_3,S2,2025-03-16,6,highs-ipm,0.07675845899939304,12881.875552724521,2.2737367544323206e-13,9.094947017729282e-13,20,2025-03-16 06:00,2025-03-16 06:00,2025-02-24|2025-02-25|2025-02-26|2025-02-27|2025-02-28|2025-03-01|2025-03-02|2025-03-03|2025-03-04|2025-03-05|2025-03-06|2025-03-07|2025-03-08|2025-03-09|2025-03-10|2025-03-11|2025-03-12|2025-03-13|2025-03-14|2025-03-15,144
q4_3,S2,2025-03-16,12,highs-ipm,0.06980670900520636,16630.227383162204,2.2737367544323206e-13,9.094947017729282e-13,20,2025-03-16 12:00,2025-03-16 12:00,2025-02-24|2025-02-25|2025-02-26|2025-02-27|2025-02-28|2025-03-01|2025-03-02|2025-03-03|2025-03-04|2025-03-05|2025-03-06|2025-03-07|2025-03-08|2025-03-09|2025-03-10|2025-03-11|2025-03-12|2025-03-13|2025-03-14|2025-03-15,144
q4_3,S2,2025-03-17,0,highs-ipm,0.05598399999871617,2560.457118224654,2.2737367544323206e-13,9.094947017729282e-13,20,2025-03-17 00:00,2025-03-17 00:00,2025-02-25|2025-02-26|2025-02-27|2025-02-28|2025-03-01|2025-03-02|2025-03-03|2025-03-04|2025-03-05|2025-03-06|2025-03-07|2025-03-08|2025-03-09|2025-03-10|2025-03-11|2025-03-12|2025-03-13|2025-03-14|2025-03-15|2025-03-16,144
q4_3,S2,2025-03-17,6,highs-ipm,0.07884774999547517,9184.230172111227,2.2737367544323206e-13,9.094947017729282e-13,20,2025-03-17 06:00,2025-03-17 06:00,2025-02-25|2025-02-26|2025-02-27|2025-02-28|2025-03-01|2025-03-02|2025-03-03|2025-03-04|2025-03-05|2025-03-06|2025-03-07|2025-03-08|2025-03-09|2025-03-10|2025-03-11|2025-03-12|2025-03-13|2025-03-14|2025-03-15|2025-03-16,144
q4_3,S2,2025-03-17,12,highs-ipm,0.07110979199933354,25343.91743661106,2.2737367544323206e-13,8.810729923425242e-13,20,2025-03-17 12:00,2025-03-17 12:00,2025-02-25|2025-02-26|2025-02-27|2025-02-28|2025-03-01|2025-03-02|2025-03-03|2025-03-04|2025-03-05|2025-03-06|2025-03-07|2025-03-08|2025-03-09|2025-03-10|2025-03-11|2025-03-12|2025-03-13|2025-03-14|2025-03-15|2025-03-16,144
q4_3,S2,2025-03-18,0,highs-ipm,0.05626799999299692,2722.9796515690155,2.0463630789890885e-12,9.094947017729282e-13,20,2025-03-18 00:00,2025-03-18 00:00,2025-02-26|2025-02-27|2025-02-28|2025-03-01|2025-03-02|2025-03-03|2025-03-04|2025-03-05|2025-03-06|2025-03-07|2025-03-08|2025-03-09|2025-03-10|2025-03-11|2025-03-12|2025-03-13|2025-03-14|2025-03-15|2025-03-16|2025-03-17,144
q4_3,S2,2025-03-18,6,highs-ipm,0.0742058329997235,10386.697129055656,2.2737367544323206e-13,9.094947017729282e-13,20,2025-03-18 06:00,2025-03-18 06:00,2025-02-26|2025-02-27|2025-02-28|2025-03-01|2025-03-02|2025-03-03|2025-03-04|2025-03-05|2025-03-06|2025-03-07|2025-03-08|2025-03-09|2025-03-10|2025-03-11|2025-03-12|2025-03-13|2025-03-14|2025-03-15|2025-03-16|2025-03-17,144
q4_3,S2,2025-03-18,12,highs-ipm,0.06764804200065555,17404.38381970466,2.0463630789890885e-12,9.094947017729282e-13,20,2025-03-18 12:00,2025-03-18 12:00,2025-02-26|2025-02-27|2025-02-28|2025-03-01|2025-03-02|2025-03-03|2025-03-04|2025-03-05|2025-03-06|2025-03-07|2025-03-08|2025-03-09|2025-03-10|2025-03-11|2025-03-12|2025-03-13|2025-03-14|2025-03-15|2025-03-16|2025-03-17,144
q4_3,S2,2025-03-19,0,highs-ipm,0.05780466699798126,2557.195557994983,1.1368683772161603e-13,7.958078640513122e-13,20,2025-03-19 00:00,2025-03-19 00:00,2025-02-27|2025-02-28|2025-03-01|2025-03-02|2025-03-03|2025-03-04|2025-03-05|2025-03-06|2025-03-07|2025-03-08|2025-03-09|2025-03-10|2025-03-11|2025-03-12|2025-03-13|2025-03-14|2025-03-15|2025-03-16|2025-03-17|2025-03-18,144
q4_3,S2,2025-03-19,6,highs-ipm,0.07201179199910257,16755.522543038656,1.1368683772161603e-13,9.094947017729282e-13,20,2025-03-19 06:00,2025-03-19 06:00,2025-02-27|2025-02-28|2025-03-01|2025-03-02|2025-03-03|2025-03-04|2025-03-05|2025-03-06|2025-03-07|2025-03-08|2025-03-09|2025-03-10|2025-03-11|2025-03-12|2025-03-13|2025-03-14|2025-03-15|2025-03-16|2025-03-17|2025-03-18,144
q4_3,S2,2025-03-19,12,highs-ipm,0.06826466700294986,19428.490667820744,2.2737367544323206e-13,8.846257060213247e-13,20,2025-03-19 12:00,2025-03-19 12:00,2025-02-27|2025-02-28|2025-03-01|2025-03-02|2025-03-03|2025-03-04|2025-03-05|2025-03-06|2025-03-07|2025-03-08|2025-03-09|2025-03-10|2025-03-11|2025-03-12|2025-03-13|2025-03-14|2025-03-15|2025-03-16|2025-03-17|2025-03-18,144
q4_3,S2,2025-03-20,0,highs-ipm,0.05670654200366698,2570.218826364161,1.1368683772161603e-12,9.094947017729282e-13,20,2025-03-20 00:00,2025-03-20 00:00,2025-02-28|2025-03-01|2025-03-02|2025-03-03|2025-03-04|2025-03-05|2025-03-06|2025-03-07|2025-03-08|2025-03-09|2025-03-10|2025-03-11|2025-03-12|2025-03-13|2025-03-14|2025-03-15|2025-03-16|2025-03-17|2025-03-18|2025-03-19,144
q4_3,S2,2025-03-20,6,highs-ipm,0.07934412500617327,5074.644108279943,1.1368683772161603e-13,9.094947017729282e-13,20,2025-03-20 06:00,2025-03-20 06:00,2025-02-28|2025-03-01|2025-03-02|2025-03-03|2025-03-04|2025-03-05|2025-03-06|2025-03-07|2025-03-08|2025-03-09|2025-03-10|2025-03-11|2025-03-12|2025-03-13|2025-03-14|2025-03-15|2025-03-16|2025-03-17|2025-03-18|2025-03-19,144
q4_3,S2,2025-03-20,12,highs-ipm,0.07513558299979195,6006.850704443845,1.1368683772161603e-13,9.094947017729282e-13,20,2025-03-20 12:00,2025-03-20 12:00,2025-02-28|2025-03-01|2025-03-02|2025-03-03|2025-03-04|2025-03-05|2025-03-06|2025-03-07|2025-03-08|2025-03-09|2025-03-10|2025-03-11|2025-03-12|2025-03-13|2025-03-14|2025-03-15|2025-03-16|2025-03-17|2025-03-18|2025-03-19,144
q4_3,S2,2025-03-21,0,highs-ipm,0.07044762500299839,591.5491898484661,9.663381206337363e-13,9.094947017729282e-13,20,2025-03-21 00:00,2025-03-21 00:00,2025-03-01|2025-03-02|2025-03-03|2025-03-04|2025-03-05|2025-03-06|2025-03-07|2025-03-08|2025-03-09|2025-03-10|2025-03-11|2025-03-12|2025-03-13|2025-03-14|2025-03-15|2025-03-16|2025-03-17|2025-03-18|2025-03-19|2025-03-20,144
q4_3,S2,2025-03-21,6,highs-ipm,0.07676174999505747,5885.028809139083,9.663381206337363e-13,9.094947017729282e-13,20,2025-03-21 06:00,2025-03-21 06:00,2025-03-01|2025-03-02|2025-03-03|2025-03-04|2025-03-05|2025-03-06|2025-03-07|2025-03-08|2025-03-09|2025-03-10|2025-03-11|2025-03-12|2025-03-13|2025-03-14|2025-03-15|2025-03-16|2025-03-17|2025-03-18|2025-03-19|2025-03-20,144
q4_3,S2,2025-03-21,12,highs-ipm,0.07192870899598347,5384.28676941634,1.1368683772161603e-13,9.094947017729282e-13,20,2025-03-21 12:00,2025-03-21 12:00,2025-03-01|2025-03-02|2025-03-03|2025-03-04|2025-03-05|2025-03-06|2025-03-07|2025-03-08|2025-03-09|2025-03-10|2025-03-11|2025-03-12|2025-03-13|2025-03-14|2025-03-15|2025-03-16|2025-03-17|2025-03-18|2025-03-19|2025-03-20,144
q4_3,S2,2025-03-22,0,highs-ipm,0.06803566600137856,624.9073612941231,1.1368683772161603e-13,8.810729923425242e-13,20,2025-03-22 00:00,2025-03-22 00:00,2025-03-02|2025-03-03|2025-03-04|2025-03-05|2025-03-06|2025-03-07|2025-03-08|2025-03-09|2025-03-10|2025-03-11|2025-03-12|2025-03-13|2025-03-14|2025-03-15|2025-03-16|2025-03-17|2025-03-18|2025-03-19|2025-03-20|2025-03-21,144
q4_3,S2,2025-03-22,6,highs-ipm,0.07821529200009536,9923.040306944697,2.2737367544323206e-13,8.65085780787922e-13,20,2025-03-22 06:00,2025-03-22 06:00,2025-03-02|2025-03-03|2025-03-04|2025-03-05|2025-03-06|2025-03-07|2025-03-08|2025-03-09|2025-03-10|2025-03-11|2025-03-12|2025-03-13|2025-03-14|2025-03-15|2025-03-16|2025-03-17|2025-03-18|2025-03-19|2025-03-20|2025-03-21,144
q4_3,S2,2025-03-22,12,highs-ipm,0.07897720900655258,18622.06883297201,2.2737367544323206e-13,7.958078640513122e-13,20,2025-03-22 12:00,2025-03-22 12:00,2025-03-02|2025-03-03|2025-03-04|2025-03-05|2025-03-06|2025-03-07|2025-03-08|2025-03-09|2025-03-10|2025-03-11|2025-03-12|2025-03-13|2025-03-14|2025-03-15|2025-03-16|2025-03-17|2025-03-18|2025-03-19|2025-03-20|2025-03-21,144
q4_3,S2,2025-03-23,0,highs-ipm,0.059457333001773804,2604.3390736088527,1.1368683772161603e-13,9.094947017729282e-13,20,2025-03-23 00:00,2025-03-23 00:00,2025-03-03|2025-03-04|2025-03-05|2025-03-06|2025-03-07|2025-03-08|2025-03-09|2025-03-10|2025-03-11|2025-03-12|2025-03-13|2025-03-14|2025-03-15|2025-03-16|2025-03-17|2025-03-18|2025-03-19|2025-03-20|2025-03-21|2025-03-22,144
q4_3,S2,2025-03-23,6,highs-ipm,0.07034720900264801,9642.542660965302,2.2737367544323206e-13,9.094947017729282e-13,20,2025-03-23 06:00,2025-03-23 06:00,2025-03-03|2025-03-04|2025-03-05|2025-03-06|2025-03-07|2025-03-08|2025-03-09|2025-03-10|2025-03-11|2025-03-12|2025-03-13|2025-03-14|2025-03-15|2025-03-16|2025-03-17|2025-03-18|2025-03-19|2025-03-20|2025-03-21|2025-03-22,144
q4_3,S2,2025-03-23,12,highs-ipm,0.07150245800585253,19622.14540679505,2.2737367544323206e-13,8.810729923425242e-13,20,2025-03-23 12:00,2025-03-23 12:00,2025-03-03|2025-03-04|2025-03-05|2025-03-06|2025-03-07|2025-03-08|2025-03-09|2025-03-10|2025-03-11|2025-03-12|2025-03-13|2025-03-14|2025-03-15|2025-03-16|2025-03-17|2025-03-18|2025-03-19|2025-03-20|2025-03-21|2025-03-22,144
q4_3,S2,2025-03-24,0,highs-ipm,0.05413395800133003,2509.3851319755804,2.2737367544323206e-13,9.094947017729282e-13,20,2025-03-24 00:00,2025-03-24 00:00,2025-03-04|2025-03-05|2025-03-06|2025-03-07|2025-03-08|2025-03-09|2025-03-10|2025-03-11|2025-03-12|2025-03-13|2025-03-14|2025-03-15|2025-03-16|2025-03-17|2025-03-18|2025-03-19|2025-03-20|2025-03-21|2025-03-22|2025-03-23,144
q4_3,S2,2025-03-24,6,highs-ipm,0.07554308300314005,11623.853189053023,1.1368683772161603e-13,9.094947017729282e-13,20,2025-03-24 06:00,2025-03-24 06:00,2025-03-04|2025-03-05|2025-03-06|2025-03-07|2025-03-08|2025-03-09|2025-03-10|2025-03-11|2025-03-12|2025-03-13|2025-03-14|2025-03-15|2025-03-16|2025-03-17|2025-03-18|2025-03-19|2025-03-20|2025-03-21|2025-03-22|2025-03-23,144
q4_3,S2,2025-03-24,12,highs-ipm,0.07098233299620915,22567.11192114657,2.2737367544323206e-13,8.810729923425242e-13,20,2025-03-24 12:00,2025-03-24 12:00,2025-03-04|2025-03-05|2025-03-06|2025-03-07|2025-03-08|2025-03-09|2025-03-10|2025-03-11|2025-03-12|2025-03-13|2025-03-14|2025-03-15|2025-03-16|2025-03-17|2025-03-18|2025-03-19|2025-03-20|2025-03-21|2025-03-22|2025-03-23,144
q4_3,S2,2025-03-25,0,highs-ipm,0.05747512500238372,2483.3861691122097,2.2737367544323206e-13,9.094947017729282e-13,20,2025-03-25 00:00,2025-03-25 00:00,2025-03-05|2025-03-06|2025-03-07|2025-03-08|2025-03-09|2025-03-10|2025-03-11|2025-03-12|2025-03-13|2025-03-14|2025-03-15|2025-03-16|2025-03-17|2025-03-18|2025-03-19|2025-03-20|2025-03-21|2025-03-22|2025-03-23|2025-03-24,144
q4_3,S2,2025-03-25,6,highs-ipm,0.07227045799663756,7432.688597134343,2.2737367544323206e-13,8.526512829121202e-13,20,2025-03-25 06:00,2025-03-25 06:00,2025-03-05|2025-03-06|2025-03-07|2025-03-08|2025-03-09|2025-03-10|2025-03-11|2025-03-12|2025-03-13|2025-03-14|2025-03-15|2025-03-16|2025-03-17|2025-03-18|2025-03-19|2025-03-20|2025-03-21|2025-03-22|2025-03-23|2025-03-24,144
q4_3,S2,2025-03-25,12,highs-ipm,0.07166966699878685,13594.710805885945,2.2737367544323206e-13,1.0231815394945443e-12,20,2025-03-25 12:00,2025-03-25 12:00,2025-03-05|2025-03-06|2025-03-07|2025-03-08|2025-03-09|2025-03-10|2025-03-11|2025-03-12|2025-03-13|2025-03-14|2025-03-15|2025-03-16|2025-03-17|2025-03-18|2025-03-19|2025-03-20|2025-03-21|2025-03-22|2025-03-23|2025-03-24,144
q4_3,S2,2025-03-26,0,highs-ipm,0.05393637499946635,1971.139169620785,4.298783551348606e-13,8.171241461241152e-13,20,2025-03-26 00:00,2025-03-26 00:00,2025-03-06|2025-03-07|2025-03-08|2025-03-09|2025-03-10|2025-03-11|2025-03-12|2025-03-13|2025-03-14|2025-03-15|2025-03-16|2025-03-17|2025-03-18|2025-03-19|2025-03-20|2025-03-21|2025-03-22|2025-03-23|2025-03-24|2025-03-25,144
q4_3,S2,2025-03-26,6,highs-ipm,0.06681033300264971,11358.407574782406,2.2737367544323206e-13,9.094947017729282e-13,20,2025-03-26 06:00,2025-03-26 06:00,2025-03-06|2025-03-07|2025-03-08|2025-03-09|2025-03-10|2025-03-11|2025-03-12|2025-03-13|2025-03-14|2025-03-15|2025-03-16|2025-03-17|2025-03-18|2025-03-19|2025-03-20|2025-03-21|2025-03-22|2025-03-23|2025-03-24|2025-03-25,144
q4_3,S2,2025-03-26,12,highs-ipm,0.06939791700278874,14119.952463776352,2.2737367544323206e-13,7.958078640513122e-13,20,2025-03-26 12:00,2025-03-26 12:00,2025-03-06|2025-03-07|2025-03-08|2025-03-09|2025-03-10|2025-03-11|2025-03-12|2025-03-13|2025-03-14|2025-03-15|2025-03-16|2025-03-17|2025-03-18|2025-03-19|2025-03-20|2025-03-21|2025-03-22|2025-03-23|2025-03-24|2025-03-25,144
q4_3,S2,2025-03-27,0,highs-ipm,0.05443554100202164,2315.3994596425405,4.547473508864641e-13,8.313350008393172e-13,20,2025-03-27 00:00,2025-03-27 00:00,2025-03-07|2025-03-08|2025-03-09|2025-03-10|2025-03-11|2025-03-12|2025-03-13|2025-03-14|2025-03-15|2025-03-16|2025-03-17|2025-03-18|2025-03-19|2025-03-20|2025-03-21|2025-03-22|2025-03-23|2025-03-24|2025-03-25|2025-03-26,144
q4_3,S2,2025-03-27,6,highs-ipm,0.07337733399617719,7208.958271150615,1.1368683772161603e-13,9.094947017729282e-13,20,2025-03-27 06:00,2025-03-27 06:00,2025-03-07|2025-03-08|2025-03-09|2025-03-10|2025-03-11|2025-03-12|2025-03-13|2025-03-14|2025-03-15|2025-03-16|2025-03-17|2025-03-18|2025-03-19|2025-03-20|2025-03-21|2025-03-22|2025-03-23|2025-03-24|2025-03-25|2025-03-26,144
q4_3,S2,2025-03-27,12,highs-ipm,0.07784166599594755,4978.718449748972,3.410605131648481e-13,9.094947017729282e-13,20,2025-03-27 12:00,2025-03-27 12:00,2025-03-07|2025-03-08|2025-03-09|2025-03-10|2025-03-11|2025-03-12|2025-03-13|2025-03-14|2025-03-15|2025-03-16|2025-03-17|2025-03-18|2025-03-19|2025-03-20|2025-03-21|2025-03-22|2025-03-23|2025-03-24|2025-03-25|2025-03-26,144
q4_3,S2,2025-03-28,0,highs-ipm,0.06467633400461636,607.6886901285598,2.2737367544323206e-13,7.958078640513122e-13,20,2025-03-28 00:00,2025-03-28 00:00,2025-03-08|2025-03-09|2025-03-10|2025-03-11|2025-03-12|2025-03-13|2025-03-14|2025-03-15|2025-03-16|2025-03-17|2025-03-18|2025-03-19|2025-03-20|2025-03-21|2025-03-22|2025-03-23|2025-03-24|2025-03-25|2025-03-26|2025-03-27,144
q4_3,S2,2025-03-28,6,highs-ipm,0.08060966699849814,5716.992121537087,2.2737367544323206e-13,9.094947017729282e-13,20,2025-03-28 06:00,2025-03-28 06:00,2025-03-08|2025-03-09|2025-03-10|2025-03-11|2025-03-12|2025-03-13|2025-03-14|2025-03-15|2025-03-16|2025-03-17|2025-03-18|2025-03-19|2025-03-20|2025-03-21|2025-03-22|2025-03-23|2025-03-24|2025-03-25|2025-03-26|2025-03-27,144
q4_3,S2,2025-03-28,12,highs-ipm,0.07295879099547165,5230.526484860302,2.2737367544323206e-13,8.588685318500211e-13,20,2025-03-28 12:00,2025-03-28 12:00,2025-03-08|2025-03-09|2025-03-10|2025-03-11|2025-03-12|2025-03-13|2025-03-14|2025-03-15|2025-03-16|2025-03-17|2025-03-18|2025-03-19|2025-03-20|2025-03-21|2025-03-22|2025-03-23|2025-03-24|2025-03-25|2025-03-26|2025-03-27,144
q4_3,S2,2025-03-29,0,highs-ipm,0.06312108299607644,550.8043205241759,2.2737367544323206e-13,7.958078640513122e-13,20,2025-03-29 00:00,2025-03-29 00:00,2025-03-09|2025-03-10|2025-03-11|2025-03-12|2025-03-13|2025-03-14|2025-03-15|2025-03-16|2025-03-17|2025-03-18|2025-03-19|2025-03-20|2025-03-21|2025-03-22|2025-03-23|2025-03-24|2025-03-25|2025-03-26|2025-03-27|2025-03-28,144
q4_3,S2,2025-03-29,6,highs-ipm,0.07316979100141907,10314.949014418067,2.2737367544323206e-13,7.958078640513122e-13,20,2025-03-29 06:00,2025-03-29 06:00,2025-03-09|2025-03-10|2025-03-11|2025-03-12|2025-03-13|2025-03-14|2025-03-15|2025-03-16|2025-03-17|2025-03-18|2025-03-19|2025-03-20|2025-03-21|2025-03-22|2025-03-23|2025-03-24|2025-03-25|2025-03-26|2025-03-27|2025-03-28,144
q4_3,S2,2025-03-29,12,highs-ipm,0.07427183300023898,13578.806496859317,2.2737367544323206e-13,8.846257060213247e-13,20,2025-03-29 12:00,2025-03-29 12:00,2025-03-09|2025-03-10|2025-03-11|2025-03-12|2025-03-13|2025-03-14|2025-03-15|2025-03-16|2025-03-17|2025-03-18|2025-03-19|2025-03-20|2025-03-21|2025-03-22|2025-03-23|2025-03-24|2025-03-25|2025-03-26|2025-03-27|2025-03-28,144
q4_3,S2,2025-03-30,0,highs-ipm,0.053569417003018316,2262.9750125738706,1.1368683772161603e-13,9.094947017729282e-13,20,2025-03-30 00:00,2025-03-30 00:00,2025-03-10|2025-03-11|2025-03-12|2025-03-13|2025-03-14|2025-03-15|2025-03-16|2025-03-17|2025-03-18|2025-03-19|2025-03-20|2025-03-21|2025-03-22|2025-03-23|2025-03-24|2025-03-25|2025-03-26|2025-03-27|2025-03-28|2025-03-29,144
q4_3,S2,2025-03-30,6,highs-ipm,0.07150962499872549,8522.514471217519,1.1368683772161603e-13,9.094947017729282e-13,20,2025-03-30 06:00,2025-03-30 06:00,2025-03-10|2025-03-11|2025-03-12|2025-03-13|2025-03-14|2025-03-15|2025-03-16|2025-03-17|2025-03-18|2025-03-19|2025-03-20|2025-03-21|2025-03-22|2025-03-23|2025-03-24|2025-03-25|2025-03-26|2025-03-27|2025-03-28|2025-03-29,144
q4_3,S2,2025-03-30,12,highs-ipm,0.07112624999717809,25918.966761928925,2.2737367544323206e-13,8.810729923425242e-13,20,2025-03-30 12:00,2025-03-30 12:00,2025-03-10|2025-03-11|2025-03-12|2025-03-13|2025-03-14|2025-03-15|2025-03-16|2025-03-17|2025-03-18|2025-03-19|2025-03-20|2025-03-21|2025-03-22|2025-03-23|2025-03-24|2025-03-25|2025-03-26|2025-03-27|2025-03-28|2025-03-29,144
q4_3,S2,2025-03-31,0,highs-ipm,0.05462824999995064,1957.778739611497,2.2737367544323206e-13,8.100187187665142e-13,20,2025-03-31 00:00,2025-03-31 00:00,2025-03-11|2025-03-12|2025-03-13|2025-03-14|2025-03-15|2025-03-16|2025-03-17|2025-03-18|2025-03-19|2025-03-20|2025-03-21|2025-03-22|2025-03-23|2025-03-24|2025-03-25|2025-03-26|2025-03-27|2025-03-28|2025-03-29|2025-03-30,144
q4_3,S2,2025-03-31,6,highs-ipm,0.07290883300447604,18203.302639071215,1.1368683772161603e-13,9.094947017729282e-13,20,2025-03-31 06:00,2025-03-31 06:00,2025-03-11|2025-03-12|2025-03-13|2025-03-14|2025-03-15|2025-03-16|2025-03-17|2025-03-18|2025-03-19|2025-03-20|2025-03-21|2025-03-22|2025-03-23|2025-03-24|2025-03-25|2025-03-26|2025-03-27|2025-03-28|2025-03-29|2025-03-30,144
q4_3,S2,2025-03-31,12,highs-ipm,0.07147633299609879,13632.857281747973,1.1368683772161603e-13,9.094947017729282e-13,20,2025-03-31 12:00,2025-03-31 12:00,2025-03-11|2025-03-12|2025-03-13|2025-03-14|2025-03-15|2025-03-16|2025-03-17|2025-03-18|2025-03-19|2025-03-20|2025-03-21|2025-03-22|2025-03-23|2025-03-24|2025-03-25|2025-03-26|2025-03-27|2025-03-28|2025-03-29|2025-03-30,144
q4_3,S2,2025-04-01,0,highs-ipm,0.05526691599516198,2078.627946657997,1.1368683772161603e-13,9.094947017729282e-13,20,2025-04-01 00:00,2025-04-01 00:00,2025-03-12|2025-03-13|2025-03-14|2025-03-15|2025-03-16|2025-03-17|2025-03-18|2025-03-19|2025-03-20|2025-03-21|2025-03-22|2025-03-23|2025-03-24|2025-03-25|2025-03-26|2025-03-27|2025-03-28|2025-03-29|2025-03-30|2025-03-31,144
q4_3,S2,2025-04-01,6,highs-ipm,0.07452954099426279,10763.22407722558,2.2737367544323206e-13,8.384404281969182e-13,20,2025-04-01 06:00,2025-04-01 06:00,2025-03-12|2025-03-13|2025-03-14|2025-03-15|2025-03-16|2025-03-17|2025-03-18|2025-03-19|2025-03-20|2025-03-21|2025-03-22|2025-03-23|2025-03-24|2025-03-25|2025-03-26|2025-03-27|2025-03-28|2025-03-29|2025-03-30|2025-03-31,144
q4_3,S2,2025-04-01,12,highs-ipm,0.06827833300485509,15387.767150152084,1.1368683772161603e-13,8.881784197001252e-13,20,2025-04-01 12:00,2025-04-01 12:00,2025-03-12|2025-03-13|2025-03-14|2025-03-15|2025-03-16|2025-03-17|2025-03-18|2025-03-19|2025-03-20|2025-03-21|2025-03-22|2025-03-23|2025-03-24|2025-03-25|2025-03-26|2025-03-27|2025-03-28|2025-03-29|2025-03-30|2025-03-31,144
q4_3,S2,2025-04-02,0,highs-ipm,0.0550640419969568,1991.2354148480406,1.1368683772161603e-13,9.094947017729282e-13,20,2025-04-02 00:00,2025-04-02 00:00,2025-03-13|2025-03-14|2025-03-15|2025-03-16|2025-03-17|2025-03-18|2025-03-19|2025-03-20|2025-03-21|2025-03-22|2025-03-23|2025-03-24|2025-03-25|2025-03-26|2025-03-27|2025-03-28|2025-03-29|2025-03-30|2025-03-31|2025-04-01,144
q4_3,S2,2025-04-02,6,highs-ipm,0.07055087500339141,12128.032153649458,1.1368683772161603e-13,9.094947017729282e-13,20,2025-04-02 06:00,2025-04-02 06:00,2025-03-13|2025-03-14|2025-03-15|2025-03-16|2025-03-17|2025-03-18|2025-03-19|2025-03-20|2025-03-21|2025-03-22|2025-03-23|2025-03-24|2025-03-25|2025-03-26|2025-03-27|2025-03-28|2025-03-29|2025-03-30|2025-03-31|2025-04-01,144
q4_3,S2,2025-04-02,12,highs-ipm,0.0695941669982858,15046.920771136696,1.1368683772161603e-13,8.668621376273222e-13,20,2025-04-02 12:00,2025-04-02 12:00,2025-03-13|2025-03-14|2025-03-15|2025-03-16|2025-03-17|2025-03-18|2025-03-19|2025-03-20|2025-03-21|2025-03-22|2025-03-23|2025-03-24|2025-03-25|2025-03-26|2025-03-27|2025-03-28|2025-03-29|2025-03-30|2025-03-31|2025-04-01,144
q4_3,S2,2025-04-03,0,highs-ipm,0.053831249999348074,1794.1759139467717,6.536993168992922e-13,9.094947017729282e-13,20,2025-04-03 00:00,2025-04-03 00:00,2025-03-14|2025-03-15|2025-03-16|2025-03-17|2025-03-18|2025-03-19|2025-03-20|2025-03-21|2025-03-22|2025-03-23|2025-03-24|2025-03-25|2025-03-26|2025-03-27|2025-03-28|2025-03-29|2025-03-30|2025-03-31|2025-04-01|2025-04-02,144
q4_3,S2,2025-04-03,6,highs-ipm,0.07065850000071805,4704.820642554827,2.2737367544323206e-13,9.094947017729282e-13,20,2025-04-03 06:00,2025-04-03 06:00,2025-03-14|2025-03-15|2025-03-16|2025-03-17|2025-03-18|2025-03-19|2025-03-20|2025-03-21|2025-03-22|2025-03-23|2025-03-24|2025-03-25|2025-03-26|2025-03-27|2025-03-28|2025-03-29|2025-03-30|2025-03-31|2025-04-01|2025-04-02,144
q4_3,S2,2025-04-03,12,highs-ipm,0.08164304200181505,4459.609964916715,1.1368683772161603e-13,8.526512829121202e-13,20,2025-04-03 12:00,2025-04-03 12:00,2025-03-14|2025-03-15|2025-03-16|2025-03-17|2025-03-18|2025-03-19|2025-03-20|2025-03-21|2025-03-22|2025-03-23|2025-03-24|2025-03-25|2025-03-26|2025-03-27|2025-03-28|2025-03-29|2025-03-30|2025-03-31|2025-04-01|2025-04-02,144
q4_3,S2,2025-04-04,0,highs-ipm,0.06547404199955054,539.2605203304859,1.0231815394945443e-12,1.0231815394945443e-12,20,2025-04-04 00:00,2025-04-04 00:00,2025-03-15|2025-03-16|2025-03-17|2025-03-18|2025-03-19|2025-03-20|2025-03-21|2025-03-22|2025-03-23|2025-03-24|2025-03-25|2025-03-26|2025-03-27|2025-03-28|2025-03-29|2025-03-30|2025-03-31|2025-04-01|2025-04-02|2025-04-03,144
q4_3,S2,2025-04-04,6,highs-ipm,0.07746958299685502,5803.172694584489,2.2737367544323206e-13,1.0231815394945443e-12,20,2025-04-04 06:00,2025-04-04 06:00,2025-03-15|2025-03-16|2025-03-17|2025-03-18|2025-03-19|2025-03-20|2025-03-21|2025-03-22|2025-03-23|2025-03-24|2025-03-25|2025-03-26|2025-03-27|2025-03-28|2025-03-29|2025-03-30|2025-03-31|2025-04-01|2025-04-02|2025-04-03,144
q4_3,S2,2025-04-04,12,highs-ipm,0.06803050000598887,7424.520634755615,2.2737367544323206e-13,8.526512829121202e-13,20,2025-04-04 12:00,2025-04-04 12:00,2025-03-15|2025-03-16|2025-03-17|2025-03-18|2025-03-19|2025-03-20|2025-03-21|2025-03-22|2025-03-23|2025-03-24|2025-03-25|2025-03-26|2025-03-27|2025-03-28|2025-03-29|2025-03-30|2025-03-31|2025-04-01|2025-04-02|2025-04-03,144
q4_3,S2,2025-04-05,0,highs-ipm,0.06394474999979138,541.0951242058497,1.1368683772161603e-13,9.094947017729282e-13,20,2025-04-05 00:00,2025-04-05 00:00,2025-03-16|2025-03-17|2025-03-18|2025-03-19|2025-03-20|2025-03-21|2025-03-22|2025-03-23|2025-03-24|2025-03-25|2025-03-26|2025-03-27|2025-03-28|2025-03-29|2025-03-30|2025-03-31|2025-04-01|2025-04-02|2025-04-03|2025-04-04,144
q4_3,S2,2025-04-05,6,highs-ipm,0.07784954200178618,10130.356656459451,5.684341886080802e-14,8.526512829121202e-13,20,2025-04-05 06:00,2025-04-05 06:00,2025-03-16|2025-03-17|2025-03-18|2025-03-19|2025-03-20|2025-03-21|2025-03-22|2025-03-23|2025-03-24|2025-03-25|2025-03-26|2025-03-27|2025-03-28|2025-03-29|2025-03-30|2025-03-31|2025-04-01|2025-04-02|2025-04-03|2025-04-04,144
q4_3,S2,2025-04-05,12,highs-ipm,0.07057341699692188,30073.10887710015,5.684341886080802e-14,9.094947017729282e-13,20,2025-04-05 12:00,2025-04-05 12:00,2025-03-16|2025-03-17|2025-03-18|2025-03-19|2025-03-20|2025-03-21|2025-03-22|2025-03-23|2025-03-24|2025-03-25|2025-03-26|2025-03-27|2025-03-28|2025-03-29|2025-03-30|2025-03-31|2025-04-01|2025-04-02|2025-04-03|2025-04-04,144
q4_3,S2,2025-04-06,0,highs-ipm,0.05569383300462505,2228.03067246213,2.2737367544323206e-13,9.094947017729282e-13,20,2025-04-06 00:00,2025-04-06 00:00,2025-03-17|2025-03-18|2025-03-19|2025-03-20|2025-03-21|2025-03-22|2025-03-23|2025-03-24|2025-03-25|2025-03-26|2025-03-27|2025-03-28|2025-03-29|2025-03-30|2025-03-31|2025-04-01|2025-04-02|2025-04-03|2025-04-04|2025-04-05,144
q4_3,S2,2025-04-06,6,highs-ipm,0.07049137500143843,9833.065107923116,2.2737367544323206e-13,9.094947017729282e-13,20,2025-04-06 06:00,2025-04-06 06:00,2025-03-17|2025-03-18|2025-03-19|2025-03-20|2025-03-21|2025-03-22|2025-03-23|2025-03-24|2025-03-25|2025-03-26|2025-03-27|2025-03-28|2025-03-29|2025-03-30|2025-03-31|2025-04-01|2025-04-02|2025-04-03|2025-04-04|2025-04-05,144
q4_3,S2,2025-04-06,12,highs-ipm,0.06957337500352878,14826.419632307863,1.1368683772161603e-13,9.094947017729282e-13,20,2025-04-06 12:00,2025-04-06 12:00,2025-03-17|2025-03-18|2025-03-19|2025-03-20|2025-03-21|2025-03-22|2025-03-23|2025-03-24|2025-03-25|2025-03-26|2025-03-27|2025-03-28|2025-03-29|2025-03-30|2025-03-31|2025-04-01|2025-04-02|2025-04-03|2025-04-04|2025-04-05,144
q4_3,S2,2025-04-07,0,highs-ipm,0.05317841700161807,1552.8984813042969,1.1368683772161603e-13,9.094947017729282e-13,20,2025-04-07 00:00,2025-04-07 00:00,2025-03-18|2025-03-19|2025-03-20|2025-03-21|2025-03-22|2025-03-23|2025-03-24|2025-03-25|2025-03-26|2025-03-27|2025-03-28|2025-03-29|2025-03-30|2025-03-31|2025-04-01|2025-04-02|2025-04-03|2025-04-04|2025-04-05|2025-04-06,144
q4_3,S2,2025-04-07,6,highs-ipm,0.07263224999769591,13496.500369675163,1.1368683772161603e-13,8.810729923425242e-13,20,2025-04-07 06:00,2025-04-07 06:00,2025-03-18|2025-03-19|2025-03-20|2025-03-21|2025-03-22|2025-03-23|2025-03-24|2025-03-25|2025-03-26|2025-03-27|2025-03-28|2025-03-29|2025-03-30|2025-03-31|2025-04-01|2025-04-02|2025-04-03|2025-04-04|2025-04-05|2025-04-06,144
q4_3,S2,2025-04-07,12,highs-ipm,0.06701641700055916,23842.555382573453,1.1368683772161603e-13,8.881784197001252e-13,20,2025-04-07 12:00,2025-04-07 12:00,2025-03-18|2025-03-19|2025-03-20|2025-03-21|2025-03-22|2025-03-23|2025-03-24|2025-03-25|2025-03-26|2025-03-27|2025-03-28|2025-03-29|2025-03-30|2025-03-31|2025-04-01|2025-04-02|2025-04-03|2025-04-04|2025-04-05|2025-04-06,144
q4_3,S2,2025-04-08,0,highs-ipm,0.054289792002236936,2057.311368071953,1.1368683772161603e-13,9.094947017729282e-13,20,2025-04-08 00:00,2025-04-08 00:00,2025-03-19|2025-03-20|2025-03-21|2025-03-22|2025-03-23|2025-03-24|2025-03-25|2025-03-26|2025-03-27|2025-03-28|2025-03-29|2025-03-30|2025-03-31|2025-04-01|2025-04-02|2025-04-03|2025-04-04|2025-04-05|2025-04-06|2025-04-07,144
q4_3,S2,2025-04-08,6,highs-ipm,0.06890479099820368,9716.093311774723,1.1368683772161603e-13,8.100187187665142e-13,20,2025-04-08 06:00,2025-04-08 06:00,2025-03-19|2025-03-20|2025-03-21|2025-03-22|2025-03-23|2025-03-24|2025-03-25|2025-03-26|2025-03-27|2025-03-28|2025-03-29|2025-03-30|2025-03-31|2025-04-01|2025-04-02|2025-04-03|2025-04-04|2025-04-05|2025-04-06|2025-04-07,144
q4_3,S2,2025-04-08,12,highs-ipm,0.06977529200230492,17097.89997803495,1.1368683772161603e-13,9.094947017729282e-13,20,2025-04-08 12:00,2025-04-08 12:00,2025-03-19|2025-03-20|2025-03-21|2025-03-22|2025-03-23|2025-03-24|2025-03-25|2025-03-26|2025-03-27|2025-03-28|2025-03-29|2025-03-30|2025-03-31|2025-04-01|2025-04-02|2025-04-03|2025-04-04|2025-04-05|2025-04-06|2025-04-07,144
q4_3,S2,2025-04-09,0,highs-ipm,0.05548958299914375,2088.1608045499156,1.1368683772161603e-13,9.094947017729282e-13,20,2025-04-09 00:00,2025-04-09 00:00,2025-03-20|2025-03-21|2025-03-22|2025-03-23|2025-03-24|2025-03-25|2025-03-26|2025-03-27|2025-03-28|2025-03-29|2025-03-30|2025-03-31|2025-04-01|2025-04-02|2025-04-03|2025-04-04|2025-04-05|2025-04-06|2025-04-07|2025-04-08,144
q4_3,S2,2025-04-09,6,highs-ipm,0.06953633399825776,12612.412729806436,1.1368683772161603e-13,9.094947017729282e-13,20,2025-04-09 06:00,2025-04-09 06:00,2025-03-20|2025-03-21|2025-03-22|2025-03-23|2025-03-24|2025-03-25|2025-03-26|2025-03-27|2025-03-28|2025-03-29|2025-03-30|2025-03-31|2025-04-01|2025-04-02|2025-04-03|2025-04-04|2025-04-05|2025-04-06|2025-04-07|2025-04-08,144
q4_3,S2,2025-04-09,12,highs-ipm,0.06964237499778392,28763.430896611622,2.2737367544323206e-13,7.958078640513122e-13,20,2025-04-09 12:00,2025-04-09 12:00,2025-03-20|2025-03-21|2025-03-22|2025-03-23|2025-03-24|2025-03-25|2025-03-26|2025-03-27|2025-03-28|2025-03-29|2025-03-30|2025-03-31|2025-04-01|2025-04-02|2025-04-03|2025-04-04|2025-04-05|2025-04-06|2025-04-07|2025-04-08,144
q4_3,S2,2025-04-10,0,highs-ipm,0.05363920800300548,1983.7252244956528,5.542233338928781e-13,8.242295734817162e-13,20,2025-04-10 00:00,2025-04-10 00:00,2025-03-21|2025-03-22|2025-03-23|2025-03-24|2025-03-25|2025-03-26|2025-03-27|2025-03-28|2025-03-29|2025-03-30|2025-03-31|2025-04-01|2025-04-02|2025-04-03|2025-04-04|2025-04-05|2025-04-06|2025-04-07|2025-04-08|2025-04-09,144
q4_3,S2,2025-04-10,6,highs-ipm,0.0676972500004922,7528.823590708928,5.306866057708248e-13,8.810729923425242e-13,20,2025-04-10 06:00,2025-04-10 06:00,2025-03-21|2025-03-22|2025-03-23|2025-03-24|2025-03-25|2025-03-26|2025-03-27|2025-03-28|2025-03-29|2025-03-30|2025-03-31|2025-04-01|2025-04-02|2025-04-03|2025-04-04|2025-04-05|2025-04-06|2025-04-07|2025-04-08|2025-04-09,144
q4_3,S2,2025-04-10,12,highs-ipm,0.06660162500338629,5386.643494520164,5.306866057708248e-13,8.668621376273222e-13,20,2025-04-10 12:00,2025-04-10 12:00,2025-03-21|2025-03-22|2025-03-23|2025-03-24|2025-03-25|2025-03-26|2025-03-27|2025-03-28|2025-03-29|2025-03-30|2025-03-31|2025-04-01|2025-04-02|2025-04-03|2025-04-04|2025-04-05|2025-04-06|2025-04-07|2025-04-08|2025-04-09,144
q4_3,S2,2025-04-11,0,highs-ipm,0.06343891700089443,394.3831241425845,2.2737367544323206e-13,8.029132914089132e-13,20,2025-04-11 00:00,2025-04-11 00:00,2025-03-22|2025-03-23|2025-03-24|2025-03-25|2025-03-26|2025-03-27|2025-03-28|2025-03-29|2025-03-30|2025-03-31|2025-04-01|2025-04-02|2025-04-03|2025-04-04|2025-04-05|2025-04-06|2025-04-07|2025-04-08|2025-04-09|2025-04-10,144
q4_3,S2,2025-04-11,6,highs-ipm,0.07055329199647531,6414.586461007173,5.684341886080802e-14,8.970602038971265e-13,20,2025-04-11 06:00,2025-04-11 06:00,2025-03-22|2025-03-23|2025-03-24|2025-03-25|2025-03-26|2025-03-27|2025-03-28|2025-03-29|2025-03-30|2025-03-31|2025-04-01|2025-04-02|2025-04-03|2025-04-04|2025-04-05|2025-04-06|2025-04-07|2025-04-08|2025-04-09|2025-04-10,144
q4_3,S2,2025-04-11,12,highs-ipm,0.07061437500669854,5064.445181865271,5.684341886080802e-14,9.094947017729282e-13,20,2025-04-11 12:00,2025-04-11 12:00,2025-03-22|2025-03-23|2025-03-24|2025-03-25|2025-03-26|2025-03-27|2025-03-28|2025-03-29|2025-03-30|2025-03-31|2025-04-01|2025-04-02|2025-04-03|2025-04-04|2025-04-05|2025-04-06|2025-04-07|2025-04-08|2025-04-09|2025-04-10,144
q4_3,S2,2025-04-12,0,highs-ipm,0.06113149999873713,464.28286735187174,1.1368683772161603e-13,9.094947017729282e-13,20,2025-04-12 00:00,2025-04-12 00:00,2025-03-23|2025-03-24|2025-03-25|2025-03-26|2025-03-27|2025-03-28|2025-03-29|2025-03-30|2025-03-31|2025-04-01|2025-04-02|2025-04-03|2025-04-04|2025-04-05|2025-04-06|2025-04-07|2025-04-08|2025-04-09|2025-04-10|2025-04-11,144
q4_3,S2,2025-04-12,6,highs-ipm,0.07692141699953936,9996.881886258998,5.684341886080802e-14,9.094947017729282e-13,20,2025-04-12 06:00,2025-04-12 06:00,2025-03-23|2025-03-24|2025-03-25|2025-03-26|2025-03-27|2025-03-28|2025-03-29|2025-03-30|2025-03-31|2025-04-01|2025-04-02|2025-04-03|2025-04-04|2025-04-05|2025-04-06|2025-04-07|2025-04-08|2025-04-09|2025-04-10|2025-04-11,144
q4_3,S2,2025-04-12,12,highs-ipm,0.07105487499939045,12819.755010820272,2.2737367544323206e-13,9.094947017729282e-13,20,2025-04-12 12:00,2025-04-12 12:00,2025-03-23|2025-03-24|2025-03-25|2025-03-26|2025-03-27|2025-03-28|2025-03-29|2025-03-30|2025-03-31|2025-04-01|2025-04-02|2025-04-03|2025-04-04|2025-04-05|2025-04-06|2025-04-07|2025-04-08|2025-04-09|2025-04-10|2025-04-11,144
q4_3,S2,2025-04-13,0,highs-ipm,0.056631832994753495,2029.3719425743398,2.0463630789890885e-12,9.094947017729282e-13,20,2025-04-13 00:00,2025-04-13 00:00,2025-03-24|2025-03-25|2025-03-26|2025-03-27|2025-03-28|2025-03-29|2025-03-30|2025-03-31|2025-04-01|2025-04-02|2025-04-03|2025-04-04|2025-04-05|2025-04-06|2025-04-07|2025-04-08|2025-04-09|2025-04-10|2025-04-11|2025-04-12,144
q4_3,S2,2025-04-13,6,highs-ipm,0.06746954099799041,9847.111417426935,2.0463630789890885e-12,9.094947017729282e-13,20,2025-04-13 06:00,2025-04-13 06:00,2025-03-24|2025-03-25|2025-03-26|2025-03-27|2025-03-28|2025-03-29|2025-03-30|2025-03-31|2025-04-01|2025-04-02|2025-04-03|2025-04-04|2025-04-05|2025-04-06|2025-04-07|2025-04-08|2025-04-09|2025-04-10|2025-04-11|2025-04-12,144
q4_3,S2,2025-04-13,12,highs-ipm,0.0655940830038162,21365.031613155836,2.0463630789890885e-12,9.094947017729282e-13,20,2025-04-13 12:00,2025-04-13 12:00,2025-03-24|2025-03-25|2025-03-26|2025-03-27|2025-03-28|2025-03-29|2025-03-30|2025-03-31|2025-04-01|2025-04-02|2025-04-03|2025-04-04|2025-04-05|2025-04-06|2025-04-07|2025-04-08|2025-04-09|2025-04-10|2025-04-11|2025-04-12,144
q4_3,S2,2025-04-14,0,highs-ipm,0.0562144579962478,2156.929948402793,6.536993168992922e-13,7.105427357601002e-13,20,2025-04-14 00:00,2025-04-14 00:00,2025-03-25|2025-03-26|2025-03-27|2025-03-28|2025-03-29|2025-03-30|2025-03-31|2025-04-01|2025-04-02|2025-04-03|2025-04-04|2025-04-05|2025-04-06|2025-04-07|2025-04-08|2025-04-09|2025-04-10|2025-04-11|2025-04-12|2025-04-13,144
q4_3,S2,2025-04-14,6,highs-ipm,0.07118183299462544,7924.125404400467,2.2737367544323206e-13,8.526512829121202e-13,20,2025-04-14 06:00,2025-04-14 06:00,2025-03-25|2025-03-26|2025-03-27|2025-03-28|2025-03-29|2025-03-30|2025-03-31|2025-04-01|2025-04-02|2025-04-03|2025-04-04|2025-04-05|2025-04-06|2025-04-07|2025-04-08|2025-04-09|2025-04-10|2025-04-11|2025-04-12|2025-04-13,144
q4_3,S2,2025-04-14,12,highs-ipm,0.06672804200206883,11915.857594041916,2.2737367544323206e-13,9.094947017729282e-13,20,2025-04-14 12:00,2025-04-14 12:00,2025-03-25|2025-03-26|2025-03-27|2025-03-28|2025-03-29|2025-03-30|2025-03-31|2025-04-01|2025-04-02|2025-04-03|2025-04-04|2025-04-05|2025-04-06|2025-04-07|2025-04-08|2025-04-09|2025-04-10|2025-04-11|2025-04-12|2025-04-13,144
q4_3,S2,2025-04-15,0,highs-ipm,0.05953270800091559,1824.4484871290115,2.2737367544323206e-13,9.094947017729282e-13,20,2025-04-15 00:00,2025-04-15 00:00,2025-03-26|2025-03-27|2025-03-28|2025-03-29|2025-03-30|2025-03-31|2025-04-01|2025-04-02|2025-04-03|2025-04-04|2025-04-05|2025-04-06|2025-04-07|2025-04-08|2025-04-09|2025-04-10|2025-04-11|2025-04-12|2025-04-13|2025-04-14,144
q4_3,S2,2025-04-15,6,highs-ipm,0.07312866700522136,13431.654500341972,1.1368683772161603e-13,8.100187187665142e-13,20,2025-04-15 06:00,2025-04-15 06:00,2025-03-26|2025-03-27|2025-03-28|2025-03-29|2025-03-30|2025-03-31|2025-04-01|2025-04-02|2025-04-03|2025-04-04|2025-04-05|2025-04-06|2025-04-07|2025-04-08|2025-04-09|2025-04-10|2025-04-11|2025-04-12|2025-04-13|2025-04-14,144
q4_3,S2,2025-04-15,12,highs-ipm,0.06733849999727681,19353.272293663824,1.1368683772161603e-13,8.668621376273222e-13,20,2025-04-15 12:00,2025-04-15 12:00,2025-03-26|2025-03-27|2025-03-28|2025-03-29|2025-03-30|2025-03-31|2025-04-01|2025-04-02|2025-04-03|2025-04-04|2025-04-05|2025-04-06|2025-04-07|2025-04-08|2025-04-09|2025-04-10|2025-04-11|2025-04-12|2025-04-13|2025-04-14,144
q4_3,S2,2025-04-16,0,highs-ipm,0.054055750006227754,2243.3569440734054,1.1368683772161603e-13,8.810729923425242e-13,20,2025-04-16 00:00,2025-04-16 00:00,2025-03-27|2025-03-28|2025-03-29|2025-03-30|2025-03-31|2025-04-01|2025-04-02|2025-04-03|2025-04-04|2025-04-05|2025-04-06|2025-04-07|2025-04-08|2025-04-09|2025-04-10|2025-04-11|2025-04-12|2025-04-13|2025-04-14|2025-04-15,144
q4_3,S2,2025-04-16,6,highs-ipm,0.07293420800124295,13136.653779506329,1.1368683772161603e-13,9.094947017729282e-13,20,2025-04-16 06:00,2025-04-16 06:00,2025-03-27|2025-03-28|2025-03-29|2025-03-30|2025-03-31|2025-04-01|2025-04-02|2025-04-03|2025-04-04|2025-04-05|2025-04-06|2025-04-07|2025-04-08|2025-04-09|2025-04-10|2025-04-11|2025-04-12|2025-04-13|2025-04-14|2025-04-15,144
q4_3,S2,2025-04-16,12,highs-ipm,0.06418983299954562,13029.295332317004,1.1368683772161603e-13,9.094947017729282e-13,20,2025-04-16 12:00,2025-04-16 12:00,2025-03-27|2025-03-28|2025-03-29|2025-03-30|2025-03-31|2025-04-01|2025-04-02|2025-04-03|2025-04-04|2025-04-05|2025-04-06|2025-04-07|2025-04-08|2025-04-09|2025-04-10|2025-04-11|2025-04-12|2025-04-13|2025-04-14|2025-04-15,144
q4_3,S2,2025-04-17,0,highs-ipm,0.05789350000122795,1843.0802437985235,2.2737367544323206e-13,9.094947017729282e-13,20,2025-04-17 00:00,2025-04-17 00:00,2025-03-28|2025-03-29|2025-03-30|2025-03-31|2025-04-01|2025-04-02|2025-04-03|2025-04-04|2025-04-05|2025-04-06|2025-04-07|2025-04-08|2025-04-09|2025-04-10|2025-04-11|2025-04-12|2025-04-13|2025-04-14|2025-04-15|2025-04-16,144
q4_3,S2,2025-04-17,6,highs-ipm,0.06971112499741139,9589.369336180833,1.1368683772161603e-13,9.094947017729282e-13,20,2025-04-17 06:00,2025-04-17 06:00,2025-03-28|2025-03-29|2025-03-30|2025-03-31|2025-04-01|2025-04-02|2025-04-03|2025-04-04|2025-04-05|2025-04-06|2025-04-07|2025-04-08|2025-04-09|2025-04-10|2025-04-11|2025-04-12|2025-04-13|2025-04-14|2025-04-15|2025-04-16,144
q4_3,S2,2025-04-17,12,highs-ipm,0.07909199999994598,5621.22402590197,1.1368683772161603e-13,9.094947017729282e-13,20,2025-04-17 12:00,2025-04-17 12:00,2025-03-28|2025-03-29|2025-03-30|2025-03-31|2025-04-01|2025-04-02|2025-04-03|2025-04-04|2025-04-05|2025-04-06|2025-04-07|2025-04-08|2025-04-09|2025-04-10|2025-04-11|2025-04-12|2025-04-13|2025-04-14|2025-04-15|2025-04-16,144
q4_3,S2,2025-04-18,0,highs-ipm,0.06873304199689301,456.26173607272193,5.684341886080802e-14,8.526512829121202e-13,20,2025-04-18 00:00,2025-04-18 00:00,2025-03-29|2025-03-30|2025-03-31|2025-04-01|2025-04-02|2025-04-03|2025-04-04|2025-04-05|2025-04-06|2025-04-07|2025-04-08|2025-04-09|2025-04-10|2025-04-11|2025-04-12|2025-04-13|2025-04-14|2025-04-15|2025-04-16|2025-04-17,144
q4_3,S2,2025-04-18,6,highs-ipm,0.0797866669963696,5889.854750752401,5.684341886080802e-14,7.389644451905042e-13,20,2025-04-18 06:00,2025-04-18 06:00,2025-03-29|2025-03-30|2025-03-31|2025-04-01|2025-04-02|2025-04-03|2025-04-04|2025-04-05|2025-04-06|2025-04-07|2025-04-08|2025-04-09|2025-04-10|2025-04-11|2025-04-12|2025-04-13|2025-04-14|2025-04-15|2025-04-16|2025-04-17,144
q4_3,S2,2025-04-18,12,highs-ipm,0.07448733300407184,5395.255236815458,2.2737367544323206e-13,9.094947017729282e-13,20,2025-04-18 12:00,2025-04-18 12:00,2025-03-29|2025-03-30|2025-03-31|2025-04-01|2025-04-02|2025-04-03|2025-04-04|2025-04-05|2025-04-06|2025-04-07|2025-04-08|2025-04-09|2025-04-10|2025-04-11|2025-04-12|2025-04-13|2025-04-14|2025-04-15|2025-04-16|2025-04-17,144
q4_3,S2,2025-04-19,0,highs-ipm,0.06820379199780291,472.9822143301068,5.471179065352771e-13,9.663381206337363e-13,20,2025-04-19 00:00,2025-04-19 00:00,2025-03-30|2025-03-31|2025-04-01|2025-04-02|2025-04-03|2025-04-04|2025-04-05|2025-04-06|2025-04-07|2025-04-08|2025-04-09|2025-04-10|2025-04-11|2025-04-12|2025-04-13|2025-04-14|2025-04-15|2025-04-16|2025-04-17|2025-04-18,144
q4_3,S2,2025-04-19,6,highs-ipm,0.07711670899880119,10206.948539662224,2.2737367544323206e-13,9.094947017729282e-13,20,2025-04-19 06:00,2025-04-19 06:00,2025-03-30|2025-03-31|2025-04-01|2025-04-02|2025-04-03|2025-04-04|2025-04-05|2025-04-06|2025-04-07|2025-04-08|2025-04-09|2025-04-10|2025-04-11|2025-04-12|2025-04-13|2025-04-14|2025-04-15|2025-04-16|2025-04-17|2025-04-18,144
q4_3,S2,2025-04-19,12,highs-ipm,0.07501250000495929,14763.63845390453,2.2737367544323206e-13,9.094947017729282e-13,20,2025-04-19 12:00,2025-04-19 12:00,2025-03-30|2025-03-31|2025-04-01|2025-04-02|2025-04-03|2025-04-04|2025-04-05|2025-04-06|2025-04-07|2025-04-08|2025-04-09|2025-04-10|2025-04-11|2025-04-12|2025-04-13|2025-04-14|2025-04-15|2025-04-16|2025-04-17|2025-04-18,144
q4_3,S2,2025-04-20,0,highs-ipm,0.05860124999890104,1823.501229581209,1.1368683772161603e-13,8.739675649849232e-13,20,2025-04-20 00:00,2025-04-20 00:00,2025-03-31|2025-04-01|2025-04-02|2025-04-03|2025-04-04|2025-04-05|2025-04-06|2025-04-07|2025-04-08|2025-04-09|2025-04-10|2025-04-11|2025-04-12|2025-04-13|2025-04-14|2025-04-15|2025-04-16|2025-04-17|2025-04-18|2025-04-19,144
q4_3,S2,2025-04-20,6,highs-ipm,0.07708374999492662,10768.109106781329,2.2737367544323206e-13,8.810729923425242e-13,20,2025-04-20 06:00,2025-04-20 06:00,2025-03-31|2025-04-01|2025-04-02|2025-04-03|2025-04-04|2025-04-05|2025-04-06|2025-04-07|2025-04-08|2025-04-09|2025-04-10|2025-04-11|2025-04-12|2025-04-13|2025-04-14|2025-04-15|2025-04-16|2025-04-17|2025-04-18|2025-04-19,144
q4_3,S2,2025-04-20,12,highs-ipm,0.06649545799882617,13215.420632170726,2.2737367544323206e-13,9.094947017729282e-13,20,2025-04-20 12:00,2025-04-20 12:00,2025-03-31|2025-04-01|2025-04-02|2025-04-03|2025-04-04|2025-04-05|2025-04-06|2025-04-07|2025-04-08|2025-04-09|2025-04-10|2025-04-11|2025-04-12|2025-04-13|2025-04-14|2025-04-15|2025-04-16|2025-04-17|2025-04-18|2025-04-19,144
q4_3,S2,2025-04-21,0,highs-ipm,0.05810120800015284,2291.4420894109826,5.684341886080801e-13,7.958078640513122e-13,20,2025-04-21 00:00,2025-04-21 00:00,2025-04-01|2025-04-02|2025-04-03|2025-04-04|2025-04-05|2025-04-06|2025-04-07|2025-04-08|2025-04-09|2025-04-10|2025-04-11|2025-04-12|2025-04-13|2025-04-14|2025-04-15|2025-04-16|2025-04-17|2025-04-18|2025-04-19|2025-04-20,144
q4_3,S2,2025-04-21,6,highs-ipm,0.07182199999806471,8289.367623221602,5.684341886080801e-13,8.872902412804251e-13,20,2025-04-21 06:00,2025-04-21 06:00,2025-04-01|2025-04-02|2025-04-03|2025-04-04|2025-04-05|2025-04-06|2025-04-07|2025-04-08|2025-04-09|2025-04-10|2025-04-11|2025-04-12|2025-04-13|2025-04-14|2025-04-15|2025-04-16|2025-04-17|2025-04-18|2025-04-19|2025-04-20,144
q4_3,S2,2025-04-21,12,highs-ipm,0.06647891700413311,12278.229634445694,5.684341886080801e-13,8.86402062860725e-13,20,2025-04-21 12:00,2025-04-21 12:00,2025-04-01|2025-04-02|2025-04-03|2025-04-04|2025-04-05|2025-04-06|2025-04-07|2025-04-08|2025-04-09|2025-04-10|2025-04-11|2025-04-12|2025-04-13|2025-04-14|2025-04-15|2025-04-16|2025-04-17|2025-04-18|2025-04-19|2025-04-20,144
q4_3,S2,2025-04-22,0,highs-ipm,0.05946087500342401,1973.15588406026,9.094947017729282e-13,1.0231815394945443e-12,20,2025-04-22 00:00,2025-04-22 00:00,2025-04-02|2025-04-03|2025-04-04|2025-04-05|2025-04-06|2025-04-07|2025-04-08|2025-04-09|2025-04-10|2025-04-11|2025-04-12|2025-04-13|2025-04-14|2025-04-15|2025-04-16|2025-04-17|2025-04-18|2025-04-19|2025-04-20|2025-04-21,144
q4_3,S2,2025-04-22,6,highs-ipm,0.08045616599702043,15336.284916856881,1.1368683772161603e-13,1.0231815394945443e-12,20,2025-04-22 06:00,2025-04-22 06:00,2025-04-02|2025-04-03|2025-04-04|2025-04-05|2025-04-06|2025-04-07|2025-04-08|2025-04-09|2025-04-10|2025-04-11|2025-04-12|2025-04-13|2025-04-14|2025-04-15|2025-04-16|2025-04-17|2025-04-18|2025-04-19|2025-04-20|2025-04-21,144
q4_3,S2,2025-04-22,12,highs-ipm,0.06928808300290257,14687.264805055536,1.1368683772161603e-13,1.0231815394945443e-12,20,2025-04-22 12:00,2025-04-22 12:00,2025-04-02|2025-04-03|2025-04-04|2025-04-05|2025-04-06|2025-04-07|2025-04-08|2025-04-09|2025-04-10|2025-04-11|2025-04-12|2025-04-13|2025-04-14|2025-04-15|2025-04-16|2025-04-17|2025-04-18|2025-04-19|2025-04-20|2025-04-21,144
q4_3,S2,2025-04-23,0,highs-ipm,0.06010308300028555,1814.282847474872,8.526512829121202e-13,9.094947017729282e-13,20,2025-04-23 00:00,2025-04-23 00:00,2025-04-03|2025-04-04|2025-04-05|2025-04-06|2025-04-07|2025-04-08|2025-04-09|2025-04-10|2025-04-11|2025-04-12|2025-04-13|2025-04-14|2025-04-15|2025-04-16|2025-04-17|2025-04-18|2025-04-19|2025-04-20|2025-04-21|2025-04-22,144
q4_3,S2,2025-04-23,6,highs-ipm,0.06929537500400329,14221.988867285967,2.2737367544323206e-13,8.881784197001252e-13,20,2025-04-23 06:00,2025-04-23 06:00,2025-04-03|2025-04-04|2025-04-05|2025-04-06|2025-04-07|2025-04-08|2025-04-09|2025-04-10|2025-04-11|2025-04-12|2025-04-13|2025-04-14|2025-04-15|2025-04-16|2025-04-17|2025-04-18|2025-04-19|2025-04-20|2025-04-21|2025-04-22,144
q4_3,S2,2025-04-23,12,highs-ipm,0.07141937499545747,15287.862513203887,2.2737367544323206e-13,8.810729923425242e-13,20,2025-04-23 12:00,2025-04-23 12:00,2025-04-03|2025-04-04|2025-04-05|2025-04-06|2025-04-07|2025-04-08|2025-04-09|2025-04-10|2025-04-11|2025-04-12|2025-04-13|2025-04-14|2025-04-15|2025-04-16|2025-04-17|2025-04-18|2025-04-19|2025-04-20|2025-04-21|2025-04-22,144
q4_3,S2,2025-04-24,0,highs-ipm,0.05753600000025472,1620.1505342031094,6.821210263296962e-13,8.810729923425242e-13,20,2025-04-24 00:00,2025-04-24 00:00,2025-04-04|2025-04-05|2025-04-06|2025-04-07|2025-04-08|2025-04-09|2025-04-10|2025-04-11|2025-04-12|2025-04-13|2025-04-14|2025-04-15|2025-04-16|2025-04-17|2025-04-18|2025-04-19|2025-04-20|2025-04-21|2025-04-22|2025-04-23,144
q4_3,S2,2025-04-24,6,highs-ipm,0.07262720899598207,6035.366573566857,1.1368683772161603e-13,8.57980353430321e-13,20,2025-04-24 06:00,2025-04-24 06:00,2025-04-04|2025-04-05|2025-04-06|2025-04-07|2025-04-08|2025-04-09|2025-04-10|2025-04-11|2025-04-12|2025-04-13|2025-04-14|2025-04-15|2025-04-16|2025-04-17|2025-04-18|2025-04-19|2025-04-20|2025-04-21|2025-04-22|2025-04-23,144
q4_3,S2,2025-04-24,12,highs-ipm,0.07387870799720986,6059.091600368811,1.1368683772161603e-13,8.810729923425242e-13,20,2025-04-24 12:00,2025-04-24 12:00,2025-04-04|2025-04-05|2025-04-06|2025-04-07|2025-04-08|2025-04-09|2025-04-10|2025-04-11|2025-04-12|2025-04-13|2025-04-14|2025-04-15|2025-04-16|2025-04-17|2025-04-18|2025-04-19|2025-04-20|2025-04-21|2025-04-22|2025-04-23,144
q4_3,S2,2025-04-25,0,highs-ipm,0.06612075000157347,437.84918036723724,2.2737367544323206e-13,8.526512829121202e-13,20,2025-04-25 00:00,2025-04-25 00:00,2025-04-05|2025-04-06|2025-04-07|2025-04-08|2025-04-09|2025-04-10|2025-04-11|2025-04-12|2025-04-13|2025-04-14|2025-04-15|2025-04-16|2025-04-17|2025-04-18|2025-04-19|2025-04-20|2025-04-21|2025-04-22|2025-04-23|2025-04-24,144
q4_3,S2,2025-04-25,6,highs-ipm,0.0706713330000639,5943.801538606153,2.2737367544323206e-13,7.389644451905042e-13,20,2025-04-25 06:00,2025-04-25 06:00,2025-04-05|2025-04-06|2025-04-07|2025-04-08|2025-04-09|2025-04-10|2025-04-11|2025-04-12|2025-04-13|2025-04-14|2025-04-15|2025-04-16|2025-04-17|2025-04-18|2025-04-19|2025-04-20|2025-04-21|2025-04-22|2025-04-23|2025-04-24,144
q4_3,S2,2025-04-25,12,highs-ipm,0.07204962499963585,4808.3232139448655,2.2737367544323206e-13,9.094947017729282e-13,20,2025-04-25 12:00,2025-04-25 12:00,2025-04-05|2025-04-06|2025-04-07|2025-04-08|2025-04-09|2025-04-10|2025-04-11|2025-04-12|2025-04-13|2025-04-14|2025-04-15|2025-04-16|2025-04-17|2025-04-18|2025-04-19|2025-04-20|2025-04-21|2025-04-22|2025-04-23|2025-04-24,144
q4_3,S2,2025-04-26,0,highs-ipm,0.05957858300098451,426.1603108385068,2.2737367544323206e-13,7.780442956573097e-13,20,2025-04-26 00:00,2025-04-26 00:00,2025-04-06|2025-04-07|2025-04-08|2025-04-09|2025-04-10|2025-04-11|2025-04-12|2025-04-13|2025-04-14|2025-04-15|2025-04-16|2025-04-17|2025-04-18|2025-04-19|2025-04-20|2025-04-21|2025-04-22|2025-04-23|2025-04-24|2025-04-25,144
q4_3,S2,2025-04-26,6,highs-ipm,0.0727117500064196,10242.311411482055,7.105427357601002e-15,8.668621376273222e-13,20,2025-04-26 06:00,2025-04-26 06:00,2025-04-06|2025-04-07|2025-04-08|2025-04-09|2025-04-10|2025-04-11|2025-04-12|2025-04-13|2025-04-14|2025-04-15|2025-04-16|2025-04-17|2025-04-18|2025-04-19|2025-04-20|2025-04-21|2025-04-22|2025-04-23|2025-04-24|2025-04-25,144
q4_3,S2,2025-04-26,12,highs-ipm,0.07422466699790675,18144.749849289936,2.2737367544323206e-13,9.094947017729282e-13,20,2025-04-26 12:00,2025-04-26 12:00,2025-04-06|2025-04-07|2025-04-08|2025-04-09|2025-04-10|2025-04-11|2025-04-12|2025-04-13|2025-04-14|2025-04-15|2025-04-16|2025-04-17|2025-04-18|2025-04-19|2025-04-20|2025-04-21|2025-04-22|2025-04-23|2025-04-24|2025-04-25,144
q4_3,S2,2025-04-27,0,highs-ipm,0.0633190000007744,1447.8521178057954,9.094947017729282e-13,9.094947017729282e-13,20,2025-04-27 00:00,2025-04-27 00:00,2025-04-07|2025-04-08|2025-04-09|2025-04-10|2025-04-11|2025-04-12|2025-04-13|2025-04-14|2025-04-15|2025-04-16|2025-04-17|2025-04-18|2025-04-19|2025-04-20|2025-04-21|2025-04-22|2025-04-23|2025-04-24|2025-04-25|2025-04-26,144
q4_3,S2,2025-04-27,6,highs-ipm,0.07068749999598367,12430.111910564989,1.1368683772161603e-13,9.094947017729282e-13,20,2025-04-27 06:00,2025-04-27 06:00,2025-04-07|2025-04-08|2025-04-09|2025-04-10|2025-04-11|2025-04-12|2025-04-13|2025-04-14|2025-04-15|2025-04-16|2025-04-17|2025-04-18|2025-04-19|2025-04-20|2025-04-21|2025-04-22|2025-04-23|2025-04-24|2025-04-25|2025-04-26,144
q4_3,S2,2025-04-27,12,highs-ipm,0.07600708300014958,13485.879511310612,1.1368683772161603e-13,9.094947017729282e-13,20,2025-04-27 12:00,2025-04-27 12:00,2025-04-07|2025-04-08|2025-04-09|2025-04-10|2025-04-11|2025-04-12|2025-04-13|2025-04-14|2025-04-15|2025-04-16|2025-04-17|2025-04-18|2025-04-19|2025-04-20|2025-04-21|2025-04-22|2025-04-23|2025-04-24|2025-04-25|2025-04-26,144
q4_3,S2,2025-04-28,0,highs-ipm,0.061352167002041824,1994.9646320746597,1.1368683772161603e-13,8.842926391139372e-13,20,2025-04-28 00:00,2025-04-28 00:00,2025-04-08|2025-04-09|2025-04-10|2025-04-11|2025-04-12|2025-04-13|2025-04-14|2025-04-15|2025-04-16|2025-04-17|2025-04-18|2025-04-19|2025-04-20|2025-04-21|2025-04-22|2025-04-23|2025-04-24|2025-04-25|2025-04-26|2025-04-27,144
q4_3,S2,2025-04-28,6,highs-ipm,0.07239829199534142,11766.515697037617,1.1368683772161603e-13,1.0231815394945443e-12,20,2025-04-28 06:00,2025-04-28 06:00,2025-04-08|2025-04-09|2025-04-10|2025-04-11|2025-04-12|2025-04-13|2025-04-14|2025-04-15|2025-04-16|2025-04-17|2025-04-18|2025-04-19|2025-04-20|2025-04-21|2025-04-22|2025-04-23|2025-04-24|2025-04-25|2025-04-26|2025-04-27,144
q4_3,S2,2025-04-28,12,highs-ipm,0.07250237500556977,12751.086435655994,1.1368683772161603e-13,8.810729923425242e-13,20,2025-04-28 12:00,2025-04-28 12:00,2025-04-08|2025-04-09|2025-04-10|2025-04-11|2025-04-12|2025-04-13|2025-04-14|2025-04-15|2025-04-16|2025-04-17|2025-04-18|2025-04-19|2025-04-20|2025-04-21|2025-04-22|2025-04-23|2025-04-24|2025-04-25|2025-04-26|2025-04-27,144
q4_3,S2,2025-04-29,0,highs-ipm,0.06234224999934668,1622.6233006531895,4.547473508864641e-13,9.094947017729282e-13,20,2025-04-29 00:00,2025-04-29 00:00,2025-04-09|2025-04-10|2025-04-11|2025-04-12|2025-04-13|2025-04-14|2025-04-15|2025-04-16|2025-04-17|2025-04-18|2025-04-19|2025-04-20|2025-04-21|2025-04-22|2025-04-23|2025-04-24|2025-04-25|2025-04-26|2025-04-27|2025-04-28,144
q4_3,S2,2025-04-29,6,highs-ipm,0.0689108340011444,10992.54773515929,1.1368683772161603e-13,9.094947017729282e-13,20,2025-04-29 06:00,2025-04-29 06:00,2025-04-09|2025-04-10|2025-04-11|2025-04-12|2025-04-13|2025-04-14|2025-04-15|2025-04-16|2025-04-17|2025-04-18|2025-04-19|2025-04-20|2025-04-21|2025-04-22|2025-04-23|2025-04-24|2025-04-25|2025-04-26|2025-04-27|2025-04-28,144
q4_3,S2,2025-04-29,12,highs-ipm,0.07930720799777191,15694.021885574432,1.1368683772161603e-13,9.094947017729282e-13,20,2025-04-29 12:00,2025-04-29 12:00,2025-04-09|2025-04-10|2025-04-11|2025-04-12|2025-04-13|2025-04-14|2025-04-15|2025-04-16|2025-04-17|2025-04-18|2025-04-19|2025-04-20|2025-04-21|2025-04-22|2025-04-23|2025-04-24|2025-04-25|2025-04-26|2025-04-27|2025-04-28,144
q4_3,S2,2025-04-30,0,highs-ipm,0.06089724999765167,1520.4880281923097,2.2737367544323206e-13,8.846257060213247e-13,20,2025-04-30 00:00,2025-04-30 00:00,2025-04-10|2025-04-11|2025-04-12|2025-04-13|2025-04-14|2025-04-15|2025-04-16|2025-04-17|2025-04-18|2025-04-19|2025-04-20|2025-04-21|2025-04-22|2025-04-23|2025-04-24|2025-04-25|2025-04-26|2025-04-27|2025-04-28|2025-04-29,144
q4_3,S2,2025-04-30,6,highs-ipm,0.07200141700013774,10818.829113529328,2.2737367544323206e-13,9.094947017729282e-13,20,2025-04-30 06:00,2025-04-30 06:00,2025-04-10|2025-04-11|2025-04-12|2025-04-13|2025-04-14|2025-04-15|2025-04-16|2025-04-17|2025-04-18|2025-04-19|2025-04-20|2025-04-21|2025-04-22|2025-04-23|2025-04-24|2025-04-25|2025-04-26|2025-04-27|2025-04-28|2025-04-29,144
q4_3,S2,2025-04-30,12,highs-ipm,0.07253341699833982,14026.22974767893,2.2737367544323206e-13,9.094947017729282e-13,20,2025-04-30 12:00,2025-04-30 12:00,2025-04-10|2025-04-11|2025-04-12|2025-04-13|2025-04-14|2025-04-15|2025-04-16|2025-04-17|2025-04-18|2025-04-19|2025-04-20|2025-04-21|2025-04-22|2025-04-23|2025-04-24|2025-04-25|2025-04-26|2025-04-27|2025-04-28|2025-04-29,144
q4_3,S2,2025-05-01,0,highs-ipm,0.05676008299633395,1597.9812686911473,1.8474111129762605e-13,8.810729923425242e-13,20,2025-05-01 00:00,2025-05-01 00:00,2025-04-11|2025-04-12|2025-04-13|2025-04-14|2025-04-15|2025-04-16|2025-04-17|2025-04-18|2025-04-19|2025-04-20|2025-04-21|2025-04-22|2025-04-23|2025-04-24|2025-04-25|2025-04-26|2025-04-27|2025-04-28|2025-04-29|2025-04-30,144
q4_3,S2,2025-05-01,6,highs-ipm,0.07597712500137277,6766.541921550278,1.1368683772161603e-13,9.094947017729282e-13,20,2025-05-01 06:00,2025-05-01 06:00,2025-04-11|2025-04-12|2025-04-13|2025-04-14|2025-04-15|2025-04-16|2025-04-17|2025-04-18|2025-04-19|2025-04-20|2025-04-21|2025-04-22|2025-04-23|2025-04-24|2025-04-25|2025-04-26|2025-04-27|2025-04-28|2025-04-29|2025-04-30,144
q4_3,S2,2025-05-01,12,highs-ipm,0.08368983400578145,5389.423195594451,1.1368683772161603e-13,8.526512829121202e-13,20,2025-05-01 12:00,2025-05-01 12:00,2025-04-11|2025-04-12|2025-04-13|2025-04-14|2025-04-15|2025-04-16|2025-04-17|2025-04-18|2025-04-19|2025-04-20|2025-04-21|2025-04-22|2025-04-23|2025-04-24|2025-04-25|2025-04-26|2025-04-27|2025-04-28|2025-04-29|2025-04-30,144
q4_3,S2,2025-05-02,0,highs-ipm,0.06754979099787306,820.8436244964515,1.1368683772161603e-13,8.100187187665142e-13,20,2025-05-02 00:00,2025-05-02 00:00,2025-04-12|2025-04-13|2025-04-14|2025-04-15|2025-04-16|2025-04-17|2025-04-18|2025-04-19|2025-04-20|2025-04-21|2025-04-22|2025-04-23|2025-04-24|2025-04-25|2025-04-26|2025-04-27|2025-04-28|2025-04-29|2025-04-30|2025-05-01,144
q4_3,S2,2025-05-02,6,highs-ipm,0.09697729199979221,6217.392390895277,1.1368683772161603e-13,9.094947017729282e-13,20,2025-05-02 06:00,2025-05-02 06:00,2025-04-12|2025-04-13|2025-04-14|2025-04-15|2025-04-16|2025-04-17|2025-04-18|2025-04-19|2025-04-20|2025-04-21|2025-04-22|2025-04-23|2025-04-24|2025-04-25|2025-04-26|2025-04-27|2025-04-28|2025-04-29|2025-04-30|2025-05-01,144
q4_3,S2,2025-05-02,12,highs-ipm,0.07884354199632071,4754.345549033244,5.684341886080802e-14,8.526512829121202e-13,20,2025-05-02 12:00,2025-05-02 12:00,2025-04-12|2025-04-13|2025-04-14|2025-04-15|2025-04-16|2025-04-17|2025-04-18|2025-04-19|2025-04-20|2025-04-21|2025-04-22|2025-04-23|2025-04-24|2025-04-25|2025-04-26|2025-04-27|2025-04-28|2025-04-29|2025-04-30|2025-05-01,144
q4_3,S2,2025-05-03,0,highs-ipm,0.07014620900008595,928.0440388514068,1.1368683772161603e-13,8.952838470577262e-13,20,2025-05-03 00:00,2025-05-03 00:00,2025-04-13|2025-04-14|2025-04-15|2025-04-16|2025-04-17|2025-04-18|2025-04-19|2025-04-20|2025-04-21|2025-04-22|2025-04-23|2025-04-24|2025-04-25|2025-04-26|2025-04-27|2025-04-28|2025-04-29|2025-04-30|2025-05-01|2025-05-02,144
q4_3,S2,2025-05-03,6,highs-ipm,0.08279100000072503,10456.23277870509,5.684341886080802e-14,9.094947017729282e-13,20,2025-05-03 06:00,2025-05-03 06:00,2025-04-13|2025-04-14|2025-04-15|2025-04-16|2025-04-17|2025-04-18|2025-04-19|2025-04-20|2025-04-21|2025-04-22|2025-04-23|2025-04-24|2025-04-25|2025-04-26|2025-04-27|2025-04-28|2025-04-29|2025-04-30|2025-05-01|2025-05-02,144
q4_3,S2,2025-05-03,12,highs-ipm,0.07573104099719785,15910.370909137668,2.2737367544323206e-13,9.094947017729282e-13,20,2025-05-03 12:00,2025-05-03 12:00,2025-04-13|2025-04-14|2025-04-15|2025-04-16|2025-04-17|2025-04-18|2025-04-19|2025-04-20|2025-04-21|2025-04-22|2025-04-23|2025-04-24|2025-04-25|2025-04-26|2025-04-27|2025-04-28|2025-04-29|2025-04-30|2025-05-01|2025-05-02,144
q4_3,S2,2025-05-04,0,highs-ipm,0.06641374999890104,2468.5410120596084,2.2737367544323206e-13,9.094947017729282e-13,20,2025-05-04 00:00,2025-05-04 00:00,2025-04-14|2025-04-15|2025-04-16|2025-04-17|2025-04-18|2025-04-19|2025-04-20|2025-04-21|2025-04-22|2025-04-23|2025-04-24|2025-04-25|2025-04-26|2025-04-27|2025-04-28|2025-04-29|2025-04-30|2025-05-01|2025-05-02|2025-05-03,144
q4_3,S2,2025-05-04,6,highs-ipm,0.0677439580031205,10199.500319454133,1.1368683772161603e-13,8.881784197001252e-13,20,2025-05-04 06:00,2025-05-04 06:00,2025-04-14|2025-04-15|2025-04-16|2025-04-17|2025-04-18|2025-04-19|2025-04-20|2025-04-21|2025-04-22|2025-04-23|2025-04-24|2025-04-25|2025-04-26|2025-04-27|2025-04-28|2025-04-29|2025-04-30|2025-05-01|2025-05-02|2025-05-03,144
q4_3,S2,2025-05-04,12,highs-ipm,0.06740487500064773,14081.787594439855,2.2737367544323206e-13,9.094947017729282e-13,20,2025-05-04 12:00,2025-05-04 12:00,2025-04-14|2025-04-15|2025-04-16|2025-04-17|2025-04-18|2025-04-19|2025-04-20|2025-04-21|2025-04-22|2025-04-23|2025-04-24|2025-04-25|2025-04-26|2025-04-27|2025-04-28|2025-04-29|2025-04-30|2025-05-01|2025-05-02|2025-05-03,144
q4_3,S2,2025-05-05,0,highs-ipm,0.055713875000947155,2537.419928662594,1.1368683772161603e-13,9.094947017729282e-13,20,2025-05-05 00:00,2025-05-05 00:00,2025-04-15|2025-04-16|2025-04-17|2025-04-18|2025-04-19|2025-04-20|2025-04-21|2025-04-22|2025-04-23|2025-04-24|2025-04-25|2025-04-26|2025-04-27|2025-04-28|2025-04-29|2025-04-30|2025-05-01|2025-05-02|2025-05-03|2025-05-04,144
q4_3,S2,2025-05-05,6,highs-ipm,0.07060975000058534,10189.182666902365,2.2737367544323206e-13,9.094947017729282e-13,20,2025-05-05 06:00,2025-05-05 06:00,2025-04-15|2025-04-16|2025-04-17|2025-04-18|2025-04-19|2025-04-20|2025-04-21|2025-04-22|2025-04-23|2025-04-24|2025-04-25|2025-04-26|2025-04-27|2025-04-28|2025-04-29|2025-04-30|2025-05-01|2025-05-02|2025-05-03|2025-05-04,144
q4_3,S2,2025-05-05,12,highs-ipm,0.06690275000437396,12384.369119543158,1.1368683772161603e-13,9.094947017729282e-13,20,2025-05-05 12:00,2025-05-05 12:00,2025-04-15|2025-04-16|2025-04-17|2025-04-18|2025-04-19|2025-04-20|2025-04-21|2025-04-22|2025-04-23|2025-04-24|2025-04-25|2025-04-26|2025-04-27|2025-04-28|2025-04-29|2025-04-30|2025-05-01|2025-05-02|2025-05-03|2025-05-04,144
q4_3,S2,2025-05-06,0,highs-ipm,0.058586790997651406,2081.2345905404377,2.2737367544323206e-13,9.094947017729282e-13,20,2025-05-06 00:00,2025-05-06 00:00,2025-04-16|2025-04-17|2025-04-18|2025-04-19|2025-04-20|2025-04-21|2025-04-22|2025-04-23|2025-04-24|2025-04-25|2025-04-26|2025-04-27|2025-04-28|2025-04-29|2025-04-30|2025-05-01|2025-05-02|2025-05-03|2025-05-04|2025-05-05,144
q4_3,S2,2025-05-06,6,highs-ipm,0.06898483300028602,13326.571436289809,2.1316282072803006e-13,9.094947017729282e-13,20,2025-05-06 06:00,2025-05-06 06:00,2025-04-16|2025-04-17|2025-04-18|2025-04-19|2025-04-20|2025-04-21|2025-04-22|2025-04-23|2025-04-24|2025-04-25|2025-04-26|2025-04-27|2025-04-28|2025-04-29|2025-04-30|2025-05-01|2025-05-02|2025-05-03|2025-05-04|2025-05-05,144
q4_3,S2,2025-05-06,12,highs-ipm,0.0787268749991199,26526.040681533672,2.2737367544323206e-13,1.0231815394945443e-12,20,2025-05-06 12:00,2025-05-06 12:00,2025-04-16|2025-04-17|2025-04-18|2025-04-19|2025-04-20|2025-04-21|2025-04-22|2025-04-23|2025-04-24|2025-04-25|2025-04-26|2025-04-27|2025-04-28|2025-04-29|2025-04-30|2025-05-01|2025-05-02|2025-05-03|2025-05-04|2025-05-05,144
q4_3,S2,2025-05-07,0,highs-ipm,0.056431750002957415,2259.7234977988464,1.4779288903810084e-12,9.094947017729282e-13,20,2025-05-07 00:00,2025-05-07 00:00,2025-04-17|2025-04-18|2025-04-19|2025-04-20|2025-04-21|2025-04-22|2025-04-23|2025-04-24|2025-04-25|2025-04-26|2025-04-27|2025-04-28|2025-04-29|2025-04-30|2025-05-01|2025-05-02|2025-05-03|2025-05-04|2025-05-05|2025-05-06,144
q4_3,S2,2025-05-07,6,highs-ipm,0.06995625000126893,13418.516691864776,2.2737367544323206e-13,1.0231815394945443e-12,20,2025-05-07 06:00,2025-05-07 06:00,2025-04-17|2025-04-18|2025-04-19|2025-04-20|2025-04-21|2025-04-22|2025-04-23|2025-04-24|2025-04-25|2025-04-26|2025-04-27|2025-04-28|2025-04-29|2025-04-30|2025-05-01|2025-05-02|2025-05-03|2025-05-04|2025-05-05|2025-05-06,144
q4_3,S2,2025-05-07,12,highs-ipm,0.06923808399733389,21799.100244562946,3.751665644813329e-12,1.0231815394945443e-12,20,2025-05-07 12:00,2025-05-07 12:00,2025-04-17|2025-04-18|2025-04-19|2025-04-20|2025-04-21|2025-04-22|2025-04-23|2025-04-24|2025-04-25|2025-04-26|2025-04-27|2025-04-28|2025-04-29|2025-04-30|2025-05-01|2025-05-02|2025-05-03|2025-05-04|2025-05-05|2025-05-06,144
q4_3,S2,2025-05-08,0,highs-ipm,0.05495525000151247,2379.3855299882894,5.684341886080802e-14,9.094947017729282e-13,20,2025-05-08 00:00,2025-05-08 00:00,2025-04-18|2025-04-19|2025-04-20|2025-04-21|2025-04-22|2025-04-23|2025-04-24|2025-04-25|2025-04-26|2025-04-27|2025-04-28|2025-04-29|2025-04-30|2025-05-01|2025-05-02|2025-05-03|2025-05-04|2025-05-05|2025-05-06|2025-05-07,144
q4_3,S2,2025-05-08,6,highs-ipm,0.0756419579993235,6327.353790710684,1.1368683772161603e-13,9.094947017729282e-13,20,2025-05-08 06:00,2025-05-08 06:00,2025-04-18|2025-04-19|2025-04-20|2025-04-21|2025-04-22|2025-04-23|2025-04-24|2025-04-25|2025-04-26|2025-04-27|2025-04-28|2025-04-29|2025-04-30|2025-05-01|2025-05-02|2025-05-03|2025-05-04|2025-05-05|2025-05-06|2025-05-07,144
q4_3,S2,2025-05-08,12,highs-ipm,0.07066920800571097,8687.81392140171,1.1368683772161603e-13,9.094947017729282e-13,20,2025-05-08 12:00,2025-05-08 12:00,2025-04-18|2025-04-19|2025-04-20|2025-04-21|2025-04-22|2025-04-23|2025-04-24|2025-04-25|2025-04-26|2025-04-27|2025-04-28|2025-04-29|2025-04-30|2025-05-01|2025-05-02|2025-05-03|2025-05-04|2025-05-05|2025-05-06|2025-05-07,144
q4_3,S2,2025-05-09,0,highs-ipm,0.07115979200170841,906.4535097656473,3.410605131648481e-13,9.094947017729282e-13,20,2025-05-09 00:00,2025-05-09 00:00,2025-04-19|2025-04-20|2025-04-21|2025-04-22|2025-04-23|2025-04-24|2025-04-25|2025-04-26|2025-04-27|2025-04-28|2025-04-29|2025-04-30|2025-05-01|2025-05-02|2025-05-03|2025-05-04|2025-05-05|2025-05-06|2025-05-07|2025-05-08,144
q4_3,S2,2025-05-09,6,highs-ipm,0.07143483300023945,6833.903661694288,5.684341886080802e-14,9.094947017729282e-13,20,2025-05-09 06:00,2025-05-09 06:00,2025-04-19|2025-04-20|2025-04-21|2025-04-22|2025-04-23|2025-04-24|2025-04-25|2025-04-26|2025-04-27|2025-04-28|2025-04-29|2025-04-30|2025-05-01|2025-05-02|2025-05-03|2025-05-04|2025-05-05|2025-05-06|2025-05-07|2025-05-08,144
q4_3,S2,2025-05-09,12,highs-ipm,0.07517150000057882,7284.478967353132,5.684341886080802e-14,9.094947017729282e-13,20,2025-05-09 12:00,2025-05-09 12:00,2025-04-19|2025-04-20|2025-04-21|2025-04-22|2025-04-23|2025-04-24|2025-04-25|2025-04-26|2025-04-27|2025-04-28|2025-04-29|2025-04-30|2025-05-01|2025-05-02|2025-05-03|2025-05-04|2025-05-05|2025-05-06|2025-05-07|2025-05-08,144
q4_3,S2,2025-05-10,0,highs-ipm,0.06656520799879218,865.7771444307365,2.0605739337042905e-13,9.094947017729282e-13,20,2025-05-10 00:00,2025-05-10 00:00,2025-04-20|2025-04-21|2025-04-22|2025-04-23|2025-04-24|2025-04-25|2025-04-26|2025-04-27|2025-04-28|2025-04-29|2025-04-30|2025-05-01|2025-05-02|2025-05-03|2025-05-04|2025-05-05|2025-05-06|2025-05-07|2025-05-08|2025-05-09,144
q4_3,S2,2025-05-10,6,highs-ipm,0.08508329200412845,11010.061716958842,5.684341886080802e-14,8.526512829121202e-13,20,2025-05-10 06:00,2025-05-10 06:00,2025-04-20|2025-04-21|2025-04-22|2025-04-23|2025-04-24|2025-04-25|2025-04-26|2025-04-27|2025-04-28|2025-04-29|2025-04-30|2025-05-01|2025-05-02|2025-05-03|2025-05-04|2025-05-05|2025-05-06|2025-05-07|2025-05-08|2025-05-09,144
q4_3,S2,2025-05-10,12,highs-ipm,0.17840862499724608,14710.855720820562,5.684341886080802e-14,7.958078640513122e-13,20,2025-05-10 12:00,2025-05-10 12:00,2025-04-20|2025-04-21|2025-04-22|2025-04-23|2025-04-24|2025-04-25|2025-04-26|2025-04-27|2025-04-28|2025-04-29|2025-04-30|2025-05-01|2025-05-02|2025-05-03|2025-05-04|2025-05-05|2025-05-06|2025-05-07|2025-05-08|2025-05-09,144
q4_3,S2,2025-05-11,0,highs-ipm,0.08643370900244918,2608.1588521574563,2.1316282072803006e-13,9.094947017729282e-13,20,2025-05-11 00:00,2025-05-11 00:00,2025-04-21|2025-04-22|2025-04-23|2025-04-24|2025-04-25|2025-04-26|2025-04-27|2025-04-28|2025-04-29|2025-04-30|2025-05-01|2025-05-02|2025-05-03|2025-05-04|2025-05-05|2025-05-06|2025-05-07|2025-05-08|2025-05-09|2025-05-10,144
q4_3,S2,2025-05-11,6,highs-ipm,0.0712820409971755,12121.061194884254,1.1368683772161603e-13,9.094947017729282e-13,20,2025-05-11 06:00,2025-05-11 06:00,2025-04-21|2025-04-22|2025-04-23|2025-04-24|2025-04-25|2025-04-26|2025-04-27|2025-04-28|2025-04-29|2025-04-30|2025-05-01|2025-05-02|2025-05-03|2025-05-04|2025-05-05|2025-05-06|2025-05-07|2025-05-08|2025-05-09|2025-05-10,144
q4_3,S2,2025-05-11,12,highs-ipm,0.07175937500142027,17567.751392383605,1.1368683772161603e-13,8.468781231840694e-13,20,2025-05-11 12:00,2025-05-11 12:00,2025-04-21|2025-04-22|2025-04-23|2025-04-24|2025-04-25|2025-04-26|2025-04-27|2025-04-28|2025-04-29|2025-04-30|2025-05-01|2025-05-02|2025-05-03|2025-05-04|2025-05-05|2025-05-06|2025-05-07|2025-05-08|2025-05-09|2025-05-10,144
q4_3,S2,2025-05-12,0,highs-ipm,0.05483937499957392,2066.1866563098456,2.2737367544323206e-13,9.094947017729282e-13,20,2025-05-12 00:00,2025-05-12 00:00,2025-04-22|2025-04-23|2025-04-24|2025-04-25|2025-04-26|2025-04-27|2025-04-28|2025-04-29|2025-04-30|2025-05-01|2025-05-02|2025-05-03|2025-05-04|2025-05-05|2025-05-06|2025-05-07|2025-05-08|2025-05-09|2025-05-10|2025-05-11,144
q4_3,S2,2025-05-12,6,highs-ipm,0.06891424999776063,14760.233822638102,2.2737367544323206e-13,7.958078640513122e-13,20,2025-05-12 06:00,2025-05-12 06:00,2025-04-22|2025-04-23|2025-04-24|2025-04-25|2025-04-26|2025-04-27|2025-04-28|2025-04-29|2025-04-30|2025-05-01|2025-05-02|2025-05-03|2025-05-04|2025-05-05|2025-05-06|2025-05-07|2025-05-08|2025-05-09|2025-05-10|2025-05-11,144
q4_3,S2,2025-05-12,12,highs-ipm,0.07091887499700533,13990.245496688178,2.2737367544323206e-13,8.810729923425242e-13,20,2025-05-12 12:00,2025-05-12 12:00,2025-04-22|2025-04-23|2025-04-24|2025-04-25|2025-04-26|2025-04-27|2025-04-28|2025-04-29|2025-04-30|2025-05-01|2025-05-02|2025-05-03|2025-05-04|2025-05-05|2025-05-06|2025-05-07|2025-05-08|2025-05-09|2025-05-10|2025-05-11,144
q4_3,S2,2025-05-13,0,highs-ipm,0.050783999999111984,2484.6760741557573,2.149391775674303e-13,7.958078640513122e-13,20,2025-05-13 00:00,2025-05-13 00:00,2025-04-23|2025-04-24|2025-04-25|2025-04-26|2025-04-27|2025-04-28|2025-04-29|2025-04-30|2025-05-01|2025-05-02|2025-05-03|2025-05-04|2025-05-05|2025-05-06|2025-05-07|2025-05-08|2025-05-09|2025-05-10|2025-05-11|2025-05-12,144
q4_3,S2,2025-05-13,6,highs-ipm,0.06930116600415204,10160.632766237433,1.1368683772161603e-13,8.668621376273222e-13,20,2025-05-13 06:00,2025-05-13 06:00,2025-04-23|2025-04-24|2025-04-25|2025-04-26|2025-04-27|2025-04-28|2025-04-29|2025-04-30|2025-05-01|2025-05-02|2025-05-03|2025-05-04|2025-05-05|2025-05-06|2025-05-07|2025-05-08|2025-05-09|2025-05-10|2025-05-11|2025-05-12,144
q4_3,S2,2025-05-13,12,highs-ipm,0.06833804099733243,25652.055756158974,2.2737367544323206e-13,8.637535131583718e-13,20,2025-05-13 12:00,2025-05-13 12:00,2025-04-23|2025-04-24|2025-04-25|2025-04-26|2025-04-27|2025-04-28|2025-04-29|2025-04-30|2025-05-01|2025-05-02|2025-05-03|2025-05-04|2025-05-05|2025-05-06|2025-05-07|2025-05-08|2025-05-09|2025-05-10|2025-05-11|2025-05-12,144
q4_3,S2,2025-05-14,0,highs-ipm,0.062491666998539586,2339.1746623914414,2.2737367544323206e-13,9.094947017729282e-13,20,2025-05-14 00:00,2025-05-14 00:00,2025-04-24|2025-04-25|2025-04-26|2025-04-27|2025-04-28|2025-04-29|2025-04-30|2025-05-01|2025-05-02|2025-05-03|2025-05-04|2025-05-05|2025-05-06|2025-05-07|2025-05-08|2025-05-09|2025-05-10|2025-05-11|2025-05-12|2025-05-13,144
q4_3,S2,2025-05-14,6,highs-ipm,0.06574329100112664,12148.332031873759,1.1368683772161603e-13,8.65085780787922e-13,20,2025-05-14 06:00,2025-05-14 06:00,2025-04-24|2025-04-25|2025-04-26|2025-04-27|2025-04-28|2025-04-29|2025-04-30|2025-05-01|2025-05-02|2025-05-03|2025-05-04|2025-05-05|2025-05-06|2025-05-07|2025-05-08|2025-05-09|2025-05-10|2025-05-11|2025-05-12|2025-05-13,144
q4_3,S2,2025-05-14,12,highs-ipm,0.06754720799654024,12906.975904099705,1.1368683772161603e-13,8.952838470577262e-13,20,2025-05-14 12:00,2025-05-14 12:00,2025-04-24|2025-04-25|2025-04-26|2025-04-27|2025-04-28|2025-04-29|2025-04-30|2025-05-01|2025-05-02|2025-05-03|2025-05-04|2025-05-05|2025-05-06|2025-05-07|2025-05-08|2025-05-09|2025-05-10|2025-05-11|2025-05-12|2025-05-13,144
q4_3,S2,2025-05-15,0,highs-ipm,0.05549333299859427,2133.354126374012,3.410605131648481e-13,8.171241461241152e-13,20,2025-05-15 00:00,2025-05-15 00:00,2025-04-25|2025-04-26|2025-04-27|2025-04-28|2025-04-29|2025-04-30|2025-05-01|2025-05-02|2025-05-03|2025-05-04|2025-05-05|2025-05-06|2025-05-07|2025-05-08|2025-05-09|2025-05-10|2025-05-11|2025-05-12|2025-05-13|2025-05-14,144
q4_3,S2,2025-05-15,6,highs-ipm,0.06879704200400738,9225.121368038368,1.1368683772161603e-13,8.810729923425242e-13,20,2025-05-15 06:00,2025-05-15 06:00,2025-04-25|2025-04-26|2025-04-27|2025-04-28|2025-04-29|2025-04-30|2025-05-01|2025-05-02|2025-05-03|2025-05-04|2025-05-05|2025-05-06|2025-05-07|2025-05-08|2025-05-09|2025-05-10|2025-05-11|2025-05-12|2025-05-13|2025-05-14,144
q4_3,S2,2025-05-15,12,highs-ipm,0.06864945800043643,4809.599726131474,3.410605131648481e-13,8.810729923425242e-13,20,2025-05-15 12:00,2025-05-15 12:00,2025-04-25|2025-04-26|2025-04-27|2025-04-28|2025-04-29|2025-04-30|2025-05-01|2025-05-02|2025-05-03|2025-05-04|2025-05-05|2025-05-06|2025-05-07|2025-05-08|2025-05-09|2025-05-10|2025-05-11|2025-05-12|2025-05-13|2025-05-14,144
q4_3,S2,2025-05-16,0,highs-ipm,0.06397508300142363,863.5450904273201,7.958078640513122e-13,8.526512829121202e-13,20,2025-05-16 00:00,2025-05-16 00:00,2025-04-26|2025-04-27|2025-04-28|2025-04-29|2025-04-30|2025-05-01|2025-05-02|2025-05-03|2025-05-04|2025-05-05|2025-05-06|2025-05-07|2025-05-08|2025-05-09|2025-05-10|2025-05-11|2025-05-12|2025-05-13|2025-05-14|2025-05-15,144
q4_3,S2,2025-05-16,6,highs-ipm,0.07189629100321326,6107.570060640541,7.958078640513122e-13,7.958078640513122e-13,20,2025-05-16 06:00,2025-05-16 06:00,2025-04-26|2025-04-27|2025-04-28|2025-04-29|2025-04-30|2025-05-01|2025-05-02|2025-05-03|2025-05-04|2025-05-05|2025-05-06|2025-05-07|2025-05-08|2025-05-09|2025-05-10|2025-05-11|2025-05-12|2025-05-13|2025-05-14|2025-05-15,144
q4_3,S2,2025-05-16,12,highs-ipm,0.07406549999723211,4962.457604926419,1.1368683772161603e-13,9.094947017729282e-13,20,2025-05-16 12:00,2025-05-16 12:00,2025-04-26|2025-04-27|2025-04-28|2025-04-29|2025-04-30|2025-05-01|2025-05-02|2025-05-03|2025-05-04|2025-05-05|2025-05-06|2025-05-07|2025-05-08|2025-05-09|2025-05-10|2025-05-11|2025-05-12|2025-05-13|2025-05-14|2025-05-15,144
q4_3,S2,2025-05-17,0,highs-ipm,0.06634720800502691,838.3023300432682,1.1368683772161603e-13,8.384404281969182e-13,20,2025-05-17 00:00,2025-05-17 00:00,2025-04-27|2025-04-28|2025-04-29|2025-04-30|2025-05-01|2025-05-02|2025-05-03|2025-05-04|2025-05-05|2025-05-06|2025-05-07|2025-05-08|2025-05-09|2025-05-10|2025-05-11|2025-05-12|2025-05-13|2025-05-14|2025-05-15|2025-05-16,144
q4_3,S2,2025-05-17,6,highs-ipm,0.0780952079949202,10249.4127085026,1.1368683772161603e-13,7.389644451905042e-13,20,2025-05-17 06:00,2025-05-17 06:00,2025-04-27|2025-04-28|2025-04-29|2025-04-30|2025-05-01|2025-05-02|2025-05-03|2025-05-04|2025-05-05|2025-05-06|2025-05-07|2025-05-08|2025-05-09|2025-05-10|2025-05-11|2025-05-12|2025-05-13|2025-05-14|2025-05-15|2025-05-16,144
q4_3,S2,2025-05-17,12,highs-ipm,0.0763247080030851,16426.03275187936,1.1368683772161603e-13,9.094947017729282e-13,20,2025-05-17 12:00,2025-05-17 12:00,2025-04-27|2025-04-28|2025-04-29|2025-04-30|2025-05-01|2025-05-02|2025-05-03|2025-05-04|2025-05-05|2025-05-06|2025-05-07|2025-05-08|2025-05-09|2025-05-10|2025-05-11|2025-05-12|2025-05-13|2025-05-14|2025-05-15|2025-05-16,144
q4_3,S2,2025-05-18,0,highs-ipm,0.05606604199419962,2385.981220902347,1.0231815394945443e-12,9.094947017729282e-13,20,2025-05-18 00:00,2025-05-18 00:00,2025-04-28|2025-04-29|2025-04-30|2025-05-01|2025-05-02|2025-05-03|2025-05-04|2025-05-05|2025-05-06|2025-05-07|2025-05-08|2025-05-09|2025-05-10|2025-05-11|2025-05-12|2025-05-13|2025-05-14|2025-05-15|2025-05-16|2025-05-17,144
q4_3,S2,2025-05-18,6,highs-ipm,0.06707962499785936,10336.473869851408,1.1368683772161603e-13,9.094947017729282e-13,20,2025-05-18 06:00,2025-05-18 06:00,2025-04-28|2025-04-29|2025-04-30|2025-05-01|2025-05-02|2025-05-03|2025-05-04|2025-05-05|2025-05-06|2025-05-07|2025-05-08|2025-05-09|2025-05-10|2025-05-11|2025-05-12|2025-05-13|2025-05-14|2025-05-15|2025-05-16|2025-05-17,144
q4_3,S2,2025-05-18,12,highs-ipm,0.06949275000079069,16847.808664011027,1.1368683772161603e-13,7.958078640513122e-13,20,2025-05-18 12:00,2025-05-18 12:00,2025-04-28|2025-04-29|2025-04-30|2025-05-01|2025-05-02|2025-05-03|2025-05-04|2025-05-05|2025-05-06|2025-05-07|2025-05-08|2025-05-09|2025-05-10|2025-05-11|2025-05-12|2025-05-13|2025-05-14|2025-05-15|2025-05-16|2025-05-17,144
q4_3,S2,2025-05-19,0,highs-ipm,0.05355420900013996,2347.664490961702,1.1368683772161603e-13,9.094947017729282e-13,20,2025-05-19 00:00,2025-05-19 00:00,2025-04-29|2025-04-30|2025-05-01|2025-05-02|2025-05-03|2025-05-04|2025-05-05|2025-05-06|2025-05-07|2025-05-08|2025-05-09|2025-05-10|2025-05-11|2025-05-12|2025-05-13|2025-05-14|2025-05-15|2025-05-16|2025-05-17|2025-05-18,144
q4_3,S2,2025-05-19,6,highs-ipm,0.06934716700197896,10670.719681278013,2.2737367544323206e-13,9.094947017729282e-13,20,2025-05-19 06:00,2025-05-19 06:00,2025-04-29|2025-04-30|2025-05-01|2025-05-02|2025-05-03|2025-05-04|2025-05-05|2025-05-06|2025-05-07|2025-05-08|2025-05-09|2025-05-10|2025-05-11|2025-05-12|2025-05-13|2025-05-14|2025-05-15|2025-05-16|2025-05-17|2025-05-18,144
q4_3,S2,2025-05-19,12,highs-ipm,0.06985533300030511,21222.998790636615,2.2737367544323206e-13,8.872902412804251e-13,20,2025-05-19 12:00,2025-05-19 12:00,2025-04-29|2025-04-30|2025-05-01|2025-05-02|2025-05-03|2025-05-04|2025-05-05|2025-05-06|2025-05-07|2025-05-08|2025-05-09|2025-05-10|2025-05-11|2025-05-12|2025-05-13|2025-05-14|2025-05-15|2025-05-16|2025-05-17|2025-05-18,144
q4_3,S2,2025-05-20,0,highs-ipm,0.05857262500649085,2399.317974689953,2.0605739337042905e-13,7.958078640513122e-13,20,2025-05-20 00:00,2025-05-20 00:00,2025-04-30|2025-05-01|2025-05-02|2025-05-03|2025-05-04|2025-05-05|2025-05-06|2025-05-07|2025-05-08|2025-05-09|2025-05-10|2025-05-11|2025-05-12|2025-05-13|2025-05-14|2025-05-15|2025-05-16|2025-05-17|2025-05-18|2025-05-19,144
q4_3,S2,2025-05-20,6,highs-ipm,0.06509108299360378,13458.535894458631,1.0231815394945443e-12,8.331113576787175e-13,20,2025-05-20 06:00,2025-05-20 06:00,2025-04-30|2025-05-01|2025-05-02|2025-05-03|2025-05-04|2025-05-05|2025-05-06|2025-05-07|2025-05-08|2025-05-09|2025-05-10|2025-05-11|2025-05-12|2025-05-13|2025-05-14|2025-05-15|2025-05-16|2025-05-17|2025-05-18|2025-05-19,144
q4_3,S2,2025-05-20,12,highs-ipm,0.0666749579977477,14521.8782562422,2.2737367544323206e-13,9.663381206337363e-13,20,2025-05-20 12:00,2025-05-20 12:00,2025-04-30|2025-05-01|2025-05-02|2025-05-03|2025-05-04|2025-05-05|2025-05-06|2025-05-07|2025-05-08|2025-05-09|2025-05-10|2025-05-11|2025-05-12|2025-05-13|2025-05-14|2025-05-15|2025-05-16|2025-05-17|2025-05-18|2025-05-19,144
q4_3,S2,2025-05-21,0,highs-ipm,0.058358832997328136,2016.0593941760806,1.1368683772161603e-13,9.094947017729282e-13,20,2025-05-21 00:00,2025-05-21 00:00,2025-05-01|2025-05-02|2025-05-03|2025-05-04|2025-05-05|2025-05-06|2025-05-07|2025-05-08|2025-05-09|2025-05-10|2025-05-11|2025-05-12|2025-05-13|2025-05-14|2025-05-15|2025-05-16|2025-05-17|2025-05-18|2025-05-19|2025-05-20,144
q4_3,S2,2025-05-21,6,highs-ipm,0.07137379200139549,15396.16993871751,1.1368683772161603e-13,1.0231815394945443e-12,20,2025-05-21 06:00,2025-05-21 06:00,2025-05-01|2025-05-02|2025-05-03|2025-05-04|2025-05-05|2025-05-06|2025-05-07|2025-05-08|2025-05-09|2025-05-10|2025-05-11|2025-05-12|2025-05-13|2025-05-14|2025-05-15|2025-05-16|2025-05-17|2025-05-18|2025-05-19|2025-05-20,144
q4_3,S2,2025-05-21,12,highs-ipm,0.06751266699575353,18856.266800792037,4.121147867408581e-13,1.0231815394945443e-12,20,2025-05-21 12:00,2025-05-21 12:00,2025-05-01|2025-05-02|2025-05-03|2025-05-04|2025-05-05|2025-05-06|2025-05-07|2025-05-08|2025-05-09|2025-05-10|2025-05-11|2025-05-12|2025-05-13|2025-05-14|2025-05-15|2025-05-16|2025-05-17|2025-05-18|2025-05-19|2025-05-20,144
q4_3,S2,2025-05-22,0,highs-ipm,0.05746574999648146,2121.7007877440806,1.7053025658242404e-13,8.242295734817162e-13,20,2025-05-22 00:00,2025-05-22 00:00,2025-05-02|2025-05-03|2025-05-04|2025-05-05|2025-05-06|2025-05-07|2025-05-08|2025-05-09|2025-05-10|2025-05-11|2025-05-12|2025-05-13|2025-05-14|2025-05-15|2025-05-16|2025-05-17|2025-05-18|2025-05-19|2025-05-20|2025-05-21,144
q4_3,S2,2025-05-22,6,highs-ipm,0.06910920899827033,6673.135949074015,1.1368683772161603e-13,8.810729923425242e-13,20,2025-05-22 06:00,2025-05-22 06:00,2025-05-02|2025-05-03|2025-05-04|2025-05-05|2025-05-06|2025-05-07|2025-05-08|2025-05-09|2025-05-10|2025-05-11|2025-05-12|2025-05-13|2025-05-14|2025-05-15|2025-05-16|2025-05-17|2025-05-18|2025-05-19|2025-05-20|2025-05-21,144
q4_3,S2,2025-05-22,12,highs-ipm,0.07688404099462787,5104.2956972322145,1.1368683772161603e-13,9.094947017729282e-13,20,2025-05-22 12:00,2025-05-22 12:00,2025-05-02|2025-05-03|2025-05-04|2025-05-05|2025-05-06|2025-05-07|2025-05-08|2025-05-09|2025-05-10|2025-05-11|2025-05-12|2025-05-13|2025-05-14|2025-05-15|2025-05-16|2025-05-17|2025-05-18|2025-05-19|2025-05-20|2025-05-21,144
q4_3,S2,2025-05-23,0,highs-ipm,0.0636094579967903,885.8711615136742,3.410605131648481e-13,1.0231815394945443e-12,20,2025-05-23 00:00,2025-05-23 00:00,2025-05-03|2025-05-04|2025-05-05|2025-05-06|2025-05-07|2025-05-08|2025-05-09|2025-05-10|2025-05-11|2025-05-12|2025-05-13|2025-05-14|2025-05-15|2025-05-16|2025-05-17|2025-05-18|2025-05-19|2025-05-20|2025-05-21|2025-05-22,144
q4_3,S2,2025-05-23,6,highs-ipm,0.07957775000249967,6155.584398723175,3.410605131648481e-13,1.0231815394945443e-12,20,2025-05-23 06:00,2025-05-23 06:00,2025-05-03|2025-05-04|2025-05-05|2025-05-06|2025-05-07|2025-05-08|2025-05-09|2025-05-10|2025-05-11|2025-05-12|2025-05-13|2025-05-14|2025-05-15|2025-05-16|2025-05-17|2025-05-18|2025-05-19|2025-05-20|2025-05-21|2025-05-22,144
q4_3,S2,2025-05-23,12,highs-ipm,0.07673483299731743,5425.102768820649,1.1368683772161603e-13,1.0231815394945443e-12,20,2025-05-23 12:00,2025-05-23 12:00,2025-05-03|2025-05-04|2025-05-05|2025-05-06|2025-05-07|2025-05-08|2025-05-09|2025-05-10|2025-05-11|2025-05-12|2025-05-13|2025-05-14|2025-05-15|2025-05-16|2025-05-17|2025-05-18|2025-05-19|2025-05-20|2025-05-21|2025-05-22,144
q4_3,S2,2025-05-24,0,highs-ipm,0.07172725000418723,774.181927827528,5.684341886080802e-14,9.094947017729282e-13,20,2025-05-24 00:00,2025-05-24 00:00,2025-05-04|2025-05-05|2025-05-06|2025-05-07|2025-05-08|2025-05-09|2025-05-10|2025-05-11|2025-05-12|2025-05-13|2025-05-14|2025-05-15|2025-05-16|2025-05-17|2025-05-18|2025-05-19|2025-05-20|2025-05-21|2025-05-22|2025-05-23,144
q4_3,S2,2025-05-24,6,highs-ipm,0.07523120800033212,10412.879398003333,2.2737367544323206e-13,9.094947017729282e-13,20,2025-05-24 06:00,2025-05-24 06:00,2025-05-04|2025-05-05|2025-05-06|2025-05-07|2025-05-08|2025-05-09|2025-05-10|2025-05-11|2025-05-12|2025-05-13|2025-05-14|2025-05-15|2025-05-16|2025-05-17|2025-05-18|2025-05-19|2025-05-20|2025-05-21|2025-05-22|2025-05-23,144
q4_3,S2,2025-05-24,12,highs-ipm,0.07732995800324716,14745.700710858106,1.1368683772161603e-13,9.094947017729282e-13,20,2025-05-24 12:00,2025-05-24 12:00,2025-05-04|2025-05-05|2025-05-06|2025-05-07|2025-05-08|2025-05-09|2025-05-10|2025-05-11|2025-05-12|2025-05-13|2025-05-14|2025-05-15|2025-05-16|2025-05-17|2025-05-18|2025-05-19|2025-05-20|2025-05-21|2025-05-22|2025-05-23,144
q4_3,S2,2025-05-25,0,highs-ipm,0.059403833001852036,2094.325885238148,2.2737367544323206e-13,9.094947017729282e-13,20,2025-05-25 00:00,2025-05-25 00:00,2025-05-05|2025-05-06|2025-05-07|2025-05-08|2025-05-09|2025-05-10|2025-05-11|2025-05-12|2025-05-13|2025-05-14|2025-05-15|2025-05-16|2025-05-17|2025-05-18|2025-05-19|2025-05-20|2025-05-21|2025-05-22|2025-05-23|2025-05-24,144
q4_3,S2,2025-05-25,6,highs-ipm,0.07071775000076741,10597.060419363446,1.1368683772161603e-13,8.313350008393172e-13,20,2025-05-25 06:00,2025-05-25 06:00,2025-05-05|2025-05-06|2025-05-07|2025-05-08|2025-05-09|2025-05-10|2025-05-11|2025-05-12|2025-05-13|2025-05-14|2025-05-15|2025-05-16|2025-05-17|2025-05-18|2025-05-19|2025-05-20|2025-05-21|2025-05-22|2025-05-23|2025-05-24,144
q4_3,S2,2025-05-25,12,highs-ipm,0.07145412499812664,27042.274371112715,2.2737367544323206e-13,9.094947017729282e-13,20,2025-05-25 12:00,2025-05-25 12:00,2025-05-05|2025-05-06|2025-05-07|2025-05-08|2025-05-09|2025-05-10|2025-05-11|2025-05-12|2025-05-13|2025-05-14|2025-05-15|2025-05-16|2025-05-17|2025-05-18|2025-05-19|2025-05-20|2025-05-21|2025-05-22|2025-05-23|2025-05-24,144
q4_3,S2,2025-05-26,0,highs-ipm,0.05506720899575157,2169.0985861910963,2.2737367544323206e-13,9.094947017729282e-13,20,2025-05-26 00:00,2025-05-26 00:00,2025-05-06|2025-05-07|2025-05-08|2025-05-09|2025-05-10|2025-05-11|2025-05-12|2025-05-13|2025-05-14|2025-05-15|2025-05-16|2025-05-17|2025-05-18|2025-05-19|2025-05-20|2025-05-21|2025-05-22|2025-05-23|2025-05-24|2025-05-25,144
q4_3,S2,2025-05-26,6,highs-ipm,0.06732362500042655,12932.707884105912,1.1368683772161603e-13,8.100187187665142e-13,20,2025-05-26 06:00,2025-05-26 06:00,2025-05-06|2025-05-07|2025-05-08|2025-05-09|2025-05-10|2025-05-11|2025-05-12|2025-05-13|2025-05-14|2025-05-15|2025-05-16|2025-05-17|2025-05-18|2025-05-19|2025-05-20|2025-05-21|2025-05-22|2025-05-23|2025-05-24|2025-05-25,144
q4_3,S2,2025-05-26,12,highs-ipm,0.06839875000150641,15395.52789499604,1.0231815394945443e-12,8.588685318500211e-13,20,2025-05-26 12:00,2025-05-26 12:00,2025-05-06|2025-05-07|2025-05-08|2025-05-09|2025-05-10|2025-05-11|2025-05-12|2025-05-13|2025-05-14|2025-05-15|2025-05-16|2025-05-17|2025-05-18|2025-05-19|2025-05-20|2025-05-21|2025-05-22|2025-05-23|2025-05-24|2025-05-25,144
q4_3,S2,2025-05-27,0,highs-ipm,0.05918075000226963,1668.3192436502154,1.1368683772161603e-13,8.881784197001252e-13,20,2025-05-27 00:00,2025-05-27 00:00,2025-05-07|2025-05-08|2025-05-09|2025-05-10|2025-05-11|2025-05-12|2025-05-13|2025-05-14|2025-05-15|2025-05-16|2025-05-17|2025-05-18|2025-05-19|2025-05-20|2025-05-21|2025-05-22|2025-05-23|2025-05-24|2025-05-25|2025-05-26,144
q4_3,S2,2025-05-27,6,highs-ipm,0.06785875000059605,14206.64980537201,1.1368683772161603e-13,8.952838470577262e-13,20,2025-05-27 06:00,2025-05-27 06:00,2025-05-07|2025-05-08|2025-05-09|2025-05-10|2025-05-11|2025-05-12|2025-05-13|2025-05-14|2025-05-15|2025-05-16|2025-05-17|2025-05-18|2025-05-19|2025-05-20|2025-05-21|2025-05-22|2025-05-23|2025-05-24|2025-05-25|2025-05-26,144
q4_3,S2,2025-05-27,12,highs-ipm,0.07008408399997279,17188.965465389785,1.1368683772161603e-13,7.958078640513122e-13,20,2025-05-27 12:00,2025-05-27 12:00,2025-05-07|2025-05-08|2025-05-09|2025-05-10|2025-05-11|2025-05-12|2025-05-13|2025-05-14|2025-05-15|2025-05-16|2025-05-17|2025-05-18|2025-05-19|2025-05-20|2025-05-21|2025-05-22|2025-05-23|2025-05-24|2025-05-25|2025-05-26,144
q4_3,S2,2025-05-28,0,highs-ipm,0.05792837499757297,2200.033505627927,2.7284841053187847e-12,1.0231815394945443e-12,20,2025-05-28 00:00,2025-05-28 00:00,2025-05-08|2025-05-09|2025-05-10|2025-05-11|2025-05-12|2025-05-13|2025-05-14|2025-05-15|2025-05-16|2025-05-17|2025-05-18|2025-05-19|2025-05-20|2025-05-21|2025-05-22|2025-05-23|2025-05-24|2025-05-25|2025-05-26|2025-05-27,144
q4_3,S2,2025-05-28,6,highs-ipm,0.06887262500094948,10586.403488321035,2.2737367544323206e-13,8.881784197001252e-13,20,2025-05-28 06:00,2025-05-28 06:00,2025-05-08|2025-05-09|2025-05-10|2025-05-11|2025-05-12|2025-05-13|2025-05-14|2025-05-15|2025-05-16|2025-05-17|2025-05-18|2025-05-19|2025-05-20|2025-05-21|2025-05-22|2025-05-23|2025-05-24|2025-05-25|2025-05-26|2025-05-27,144
q4_3,S2,2025-05-28,12,highs-ipm,0.07634358299401356,21984.96227349439,2.2737367544323206e-13,9.094947017729282e-13,20,2025-05-28 12:00,2025-05-28 12:00,2025-05-08|2025-05-09|2025-05-10|2025-05-11|2025-05-12|2025-05-13|2025-05-14|2025-05-15|2025-05-16|2025-05-17|2025-05-18|2025-05-19|2025-05-20|2025-05-21|2025-05-22|2025-05-23|2025-05-24|2025-05-25|2025-05-26|2025-05-27,144
q4_3,S2,2025-05-29,0,highs-ipm,0.056801958999130875,2124.0280080055495,4.547473508864641e-13,9.094947017729282e-13,20,2025-05-29 00:00,2025-05-29 00:00,2025-05-09|2025-05-10|2025-05-11|2025-05-12|2025-05-13|2025-05-14|2025-05-15|2025-05-16|2025-05-17|2025-05-18|2025-05-19|2025-05-20|2025-05-21|2025-05-22|2025-05-23|2025-05-24|2025-05-25|2025-05-26|2025-05-27|2025-05-28,144
q4_3,S2,2025-05-29,6,highs-ipm,0.07580854099796852,8809.42823638872,4.547473508864641e-13,8.846257060213247e-13,20,2025-05-29 06:00,2025-05-29 06:00,2025-05-09|2025-05-10|2025-05-11|2025-05-12|2025-05-13|2025-05-14|2025-05-15|2025-05-16|2025-05-17|2025-05-18|2025-05-19|2025-05-20|2025-05-21|2025-05-22|2025-05-23|2025-05-24|2025-05-25|2025-05-26|2025-05-27|2025-05-28,144
q4_3,S2,2025-05-29,12,highs-ipm,0.08471566600201186,5155.185409701209,4.547473508864641e-13,8.881784197001252e-13,20,2025-05-29 12:00,2025-05-29 12:00,2025-05-09|2025-05-10|2025-05-11|2025-05-12|2025-05-13|2025-05-14|2025-05-15|2025-05-16|2025-05-17|2025-05-18|2025-05-19|2025-05-20|2025-05-21|2025-05-22|2025-05-23|2025-05-24|2025-05-25|2025-05-26|2025-05-27|2025-05-28,144
q4_3,S2,2025-05-30,0,highs-ipm,0.07065029100340325,863.9150926221231,5.684341886080802e-14,9.094947017729282e-13,20,2025-05-30 00:00,2025-05-30 00:00,2025-05-10|2025-05-11|2025-05-12|2025-05-13|2025-05-14|2025-05-15|2025-05-16|2025-05-17|2025-05-18|2025-05-19|2025-05-20|2025-05-21|2025-05-22|2025-05-23|2025-05-24|2025-05-25|2025-05-26|2025-05-27|2025-05-28|2025-05-29,144
q4_3,S2,2025-05-30,6,highs-ipm,0.07484391699836124,6142.46885567869,2.2737367544323206e-13,9.094947017729282e-13,20,2025-05-30 06:00,2025-05-30 06:00,2025-05-10|2025-05-11|2025-05-12|2025-05-13|2025-05-14|2025-05-15|2025-05-16|2025-05-17|2025-05-18|2025-05-19|2025-05-20|2025-05-21|2025-05-22|2025-05-23|2025-05-24|2025-05-25|2025-05-26|2025-05-27|2025-05-28|2025-05-29,144
q4_3,S2,2025-05-30,12,highs-ipm,0.07519954199960921,5319.049931690406,1.1368683772161603e-13,9.094947017729282e-13,20,2025-05-30 12:00,2025-05-30 12:00,2025-05-10|2025-05-11|2025-05-12|2025-05-13|2025-05-14|2025-05-15|2025-05-16|2025-05-17|2025-05-18|2025-05-19|2025-05-20|2025-05-21|2025-05-22|2025-05-23|2025-05-24|2025-05-25|2025-05-26|2025-05-27|2025-05-28|2025-05-29,144
q4_3,S2,2025-05-31,0,highs-ipm,0.06929200000013225,889.1217946930043,2.2737367544323206e-13,7.958078640513122e-13,20,2025-05-31 00:00,2025-05-31 00:00,2025-05-11|2025-05-12|2025-05-13|2025-05-14|2025-05-15|2025-05-16|2025-05-17|2025-05-18|2025-05-19|2025-05-20|2025-05-21|2025-05-22|2025-05-23|2025-05-24|2025-05-25|2025-05-26|2025-05-27|2025-05-28|2025-05-29|2025-05-30,144
q4_3,S2,2025-05-31,6,highs-ipm,0.08441237499937415,10116.791084354298,2.2737367544323206e-13,8.419931418757187e-13,20,2025-05-31 06:00,2025-05-31 06:00,2025-05-11|2025-05-12|2025-05-13|2025-05-14|2025-05-15|2025-05-16|2025-05-17|2025-05-18|2025-05-19|2025-05-20|2025-05-21|2025-05-22|2025-05-23|2025-05-24|2025-05-25|2025-05-26|2025-05-27|2025-05-28|2025-05-29|2025-05-30,144
q4_3,S2,2025-05-31,12,highs-ipm,0.07975424999312963,16714.230874023113,2.2737367544323206e-13,9.094947017729282e-13,20,2025-05-31 12:00,2025-05-31 12:00,2025-05-11|2025-05-12|2025-05-13|2025-05-14|2025-05-15|2025-05-16|2025-05-17|2025-05-18|2025-05-19|2025-05-20|2025-05-21|2025-05-22|2025-05-23|2025-05-24|2025-05-25|2025-05-26|2025-05-27|2025-05-28|2025-05-29|2025-05-30,144
q4_3,S2,2025-06-01,0,highs-ipm,0.05139195800438756,2395.695365470639,2.2737367544323206e-13,9.094947017729282e-13,20,2025-06-01 00:00,2025-06-01 00:00,2025-05-12|2025-05-13|2025-05-14|2025-05-15|2025-05-16|2025-05-17|2025-05-18|2025-05-19|2025-05-20|2025-05-21|2025-05-22|2025-05-23|2025-05-24|2025-05-25|2025-05-26|2025-05-27|2025-05-28|2025-05-29|2025-05-30|2025-05-31,144
q4_3,S2,2025-06-01,6,highs-ipm,0.0689512079989072,9683.87022823718,1.1368683772161603e-13,9.094947017729282e-13,20,2025-06-01 06:00,2025-06-01 06:00,2025-05-12|2025-05-13|2025-05-14|2025-05-15|2025-05-16|2025-05-17|2025-05-18|2025-05-19|2025-05-20|2025-05-21|2025-05-22|2025-05-23|2025-05-24|2025-05-25|2025-05-26|2025-05-27|2025-05-28|2025-05-29|2025-05-30|2025-05-31,144
q4_3,S2,2025-06-01,12,highs-ipm,0.068851750002068,13174.60764164541,1.1368683772161603e-13,9.094947017729282e-13,20,2025-06-01 12:00,2025-06-01 12:00,2025-05-12|2025-05-13|2025-05-14|2025-05-15|2025-05-16|2025-05-17|2025-05-18|2025-05-19|2025-05-20|2025-05-21|2025-05-22|2025-05-23|2025-05-24|2025-05-25|2025-05-26|2025-05-27|2025-05-28|2025-05-29|2025-05-30|2025-05-31,144
q4_3,S2,2025-06-02,0,highs-ipm,0.05416683400108013,2718.7297730411387,2.2737367544323206e-13,9.094947017729282e-13,20,2025-06-02 00:00,2025-06-02 00:00,2025-05-13|2025-05-14|2025-05-15|2025-05-16|2025-05-17|2025-05-18|2025-05-19|2025-05-20|2025-05-21|2025-05-22|2025-05-23|2025-05-24|2025-05-25|2025-05-26|2025-05-27|2025-05-28|2025-05-29|2025-05-30|2025-05-31|2025-06-01,144
q4_3,S2,2025-06-02,6,highs-ipm,0.06860274999780813,7719.74782073738,2.2737367544323206e-13,7.958078640513122e-13,20,2025-06-02 06:00,2025-06-02 06:00,2025-05-13|2025-05-14|2025-05-15|2025-05-16|2025-05-17|2025-05-18|2025-05-19|2025-05-20|2025-05-21|2025-05-22|2025-05-23|2025-05-24|2025-05-25|2025-05-26|2025-05-27|2025-05-28|2025-05-29|2025-05-30|2025-05-31|2025-06-01,144
q4_3,S2,2025-06-02,12,highs-ipm,0.0705140419959207,15427.423843523995,2.2737367544323206e-13,8.810729923425242e-13,20,2025-06-02 12:00,2025-06-02 12:00,2025-05-13|2025-05-14|2025-05-15|2025-05-16|2025-05-17|2025-05-18|2025-05-19|2025-05-20|2025-05-21|2025-05-22|2025-05-23|2025-05-24|2025-05-25|2025-05-26|2025-05-27|2025-05-28|2025-05-29|2025-05-30|2025-05-31|2025-06-01,144
q4_3,S2,2025-06-03,0,highs-ipm,0.05213999999978114,2979.564637565079,1.1368683772161603e-13,9.094947017729282e-13,20,2025-06-03 00:00,2025-06-03 00:00,2025-05-14|2025-05-15|2025-05-16|2025-05-17|2025-05-18|2025-05-19|2025-05-20|2025-05-21|2025-05-22|2025-05-23|2025-05-24|2025-05-25|2025-05-26|2025-05-27|2025-05-28|2025-05-29|2025-05-30|2025-05-31|2025-06-01|2025-06-02,144
q4_3,S2,2025-06-03,6,highs-ipm,0.07384329100023024,13716.455899159222,1.1368683772161603e-13,1.0231815394945443e-12,20,2025-06-03 06:00,2025-06-03 06:00,2025-05-14|2025-05-15|2025-05-16|2025-05-17|2025-05-18|2025-05-19|2025-05-20|2025-05-21|2025-05-22|2025-05-23|2025-05-24|2025-05-25|2025-05-26|2025-05-27|2025-05-28|2025-05-29|2025-05-30|2025-05-31|2025-06-01|2025-06-02,144
q4_3,S2,2025-06-03,12,highs-ipm,0.06841970800451236,19009.757167671105,1.1368683772161603e-13,8.348877145181177e-13,20,2025-06-03 12:00,2025-06-03 12:00,2025-05-14|2025-05-15|2025-05-16|2025-05-17|2025-05-18|2025-05-19|2025-05-20|2025-05-21|2025-05-22|2025-05-23|2025-05-24|2025-05-25|2025-05-26|2025-05-27|2025-05-28|2025-05-29|2025-05-30|2025-05-31|2025-06-01|2025-06-02,144
q4_3,S2,2025-06-04,0,highs-ipm,0.05214850000629667,3219.0646162338735,2.2737367544323206e-13,9.094947017729282e-13,20,2025-06-04 00:00,2025-06-04 00:00,2025-05-15|2025-05-16|2025-05-17|2025-05-18|2025-05-19|2025-05-20|2025-05-21|2025-05-22|2025-05-23|2025-05-24|2025-05-25|2025-05-26|2025-05-27|2025-05-28|2025-05-29|2025-05-30|2025-05-31|2025-06-01|2025-06-02|2025-06-03,144
q4_3,S2,2025-06-04,6,highs-ipm,0.06995708299655234,6425.04157853228,2.2737367544323206e-13,7.958078640513122e-13,20,2025-06-04 06:00,2025-06-04 06:00,2025-05-15|2025-05-16|2025-05-17|2025-05-18|2025-05-19|2025-05-20|2025-05-21|2025-05-22|2025-05-23|2025-05-24|2025-05-25|2025-05-26|2025-05-27|2025-05-28|2025-05-29|2025-05-30|2025-05-31|2025-06-01|2025-06-02|2025-06-03,144
q4_3,S2,2025-06-04,12,highs-ipm,0.07080375000077765,17060.2312085489,2.2737367544323206e-13,9.094947017729282e-13,20,2025-06-04 12:00,2025-06-04 12:00,2025-05-15|2025-05-16|2025-05-17|2025-05-18|2025-05-19|2025-05-20|2025-05-21|2025-05-22|2025-05-23|2025-05-24|2025-05-25|2025-05-26|2025-05-27|2025-05-28|2025-05-29|2025-05-30|2025-05-31|2025-06-01|2025-06-02|2025-06-03,144
q4_3,S2,2025-06-05,0,highs-ipm,0.05131000000255881,2947.4566743079545,1.1368683772161603e-13,6.821210263296962e-13,20,2025-06-05 00:00,2025-06-05 00:00,2025-05-16|2025-05-17|2025-05-18|2025-05-19|2025-05-20|2025-05-21|2025-05-22|2025-05-23|2025-05-24|2025-05-25|2025-05-26|2025-05-27|2025-05-28|2025-05-29|2025-05-30|2025-05-31|2025-06-01|2025-06-02|2025-06-03|2025-06-04,144
q4_3,S2,2025-06-05,6,highs-ipm,0.07896220899419859,9426.6203261063,2.2737367544323206e-13,7.851497230149107e-13,20,2025-06-05 06:00,2025-06-05 06:00,2025-05-16|2025-05-17|2025-05-18|2025-05-19|2025-05-20|2025-05-21|2025-05-22|2025-05-23|2025-05-24|2025-05-25|2025-05-26|2025-05-27|2025-05-28|2025-05-29|2025-05-30|2025-05-31|2025-06-01|2025-06-02|2025-06-03|2025-06-04,144
q4_3,S2,2025-06-05,12,highs-ipm,0.07744474999344675,8817.167118449499,1.1368683772161603e-13,8.064660050877137e-13,20,2025-06-05 12:00,2025-06-05 12:00,2025-05-16|2025-05-17|2025-05-18|2025-05-19|2025-05-20|2025-05-21|2025-05-22|2025-05-23|2025-05-24|2025-05-25|2025-05-26|2025-05-27|2025-05-28|2025-05-29|2025-05-30|2025-05-31|2025-06-01|2025-06-02|2025-06-03|2025-06-04,144
q4_3,S2,2025-06-06,0,highs-ipm,0.05918699999892851,1806.717889495103,1.1368683772161603e-13,8.668621376273222e-13,20,2025-06-06 00:00,2025-06-06 00:00,2025-05-17|2025-05-18|2025-05-19|2025-05-20|2025-05-21|2025-05-22|2025-05-23|2025-05-24|2025-05-25|2025-05-26|2025-05-27|2025-05-28|2025-05-29|2025-05-30|2025-05-31|2025-06-01|2025-06-02|2025-06-03|2025-06-04|2025-06-05,144
q4_3,S2,2025-06-06,6,highs-ipm,0.06953704199986532,6704.296868816483,1.1368683772161603e-13,8.926193117986259e-13,20,2025-06-06 06:00,2025-06-06 06:00,2025-05-17|2025-05-18|2025-05-19|2025-05-20|2025-05-21|2025-05-22|2025-05-23|2025-05-24|2025-05-25|2025-05-26|2025-05-27|2025-05-28|2025-05-29|2025-05-30|2025-05-31|2025-06-01|2025-06-02|2025-06-03|2025-06-04|2025-06-05,144
q4_3,S2,2025-06-06,12,highs-ipm,0.07179295799869578,5558.901475615092,1.8189894035458565e-12,9.094947017729282e-13,20,2025-06-06 12:00,2025-06-06 12:00,2025-05-17|2025-05-18|2025-05-19|2025-05-20|2025-05-21|2025-05-22|2025-05-23|2025-05-24|2025-05-25|2025-05-26|2025-05-27|2025-05-28|2025-05-29|2025-05-30|2025-05-31|2025-06-01|2025-06-02|2025-06-03|2025-06-04|2025-06-05,144
q4_3,S2,2025-06-07,0,highs-ipm,0.05263654100417625,1712.5924509906392,1.4779288903810084e-12,8.810729923425242e-13,20,2025-06-07 00:00,2025-06-07 00:00,2025-05-18|2025-05-19|2025-05-20|2025-05-21|2025-05-22|2025-05-23|2025-05-24|2025-05-25|2025-05-26|2025-05-27|2025-05-28|2025-05-29|2025-05-30|2025-05-31|2025-06-01|2025-06-02|2025-06-03|2025-06-04|2025-06-05|2025-06-06,144
q4_3,S2,2025-06-07,6,highs-ipm,0.06366937499842606,11207.918730586696,4.0927261579781787e-13,7.958078640513122e-13,20,2025-06-07 06:00,2025-06-07 06:00,2025-05-18|2025-05-19|2025-05-20|2025-05-21|2025-05-22|2025-05-23|2025-05-24|2025-05-25|2025-05-26|2025-05-27|2025-05-28|2025-05-29|2025-05-30|2025-05-31|2025-06-01|2025-06-02|2025-06-03|2025-06-04|2025-06-05|2025-06-06,144
q4_3,S2,2025-06-07,12,highs-ipm,0.0716251670019119,16728.812234273937,5.684341886080802e-14,7.958078640513122e-13,20,2025-06-07 12:00,2025-06-07 12:00,2025-05-18|2025-05-19|2025-05-20|2025-05-21|2025-05-22|2025-05-23|2025-05-24|2025-05-25|2025-05-26|2025-05-27|2025-05-28|2025-05-29|2025-05-30|2025-05-31|2025-06-01|2025-06-02|2025-06-03|2025-06-04|2025-06-05|2025-06-06,144
q4_3,S2,2025-06-08,0,highs-ipm,0.06061799999588402,2710.0548233217514,5.009326287108706e-13,8.171241461241152e-13,20,2025-06-08 00:00,2025-06-08 00:00,2025-05-19|2025-05-20|2025-05-21|2025-05-22|2025-05-23|2025-05-24|2025-05-25|2025-05-26|2025-05-27|2025-05-28|2025-05-29|2025-05-30|2025-05-31|2025-06-01|2025-06-02|2025-06-03|2025-06-04|2025-06-05|2025-06-06|2025-06-07,144
q4_3,S2,2025-06-08,6,highs-ipm,0.06929366699478123,14478.456502636052,1.1368683772161603e-13,9.094947017729282e-13,20,2025-06-08 06:00,2025-06-08 06:00,2025-05-19|2025-05-20|2025-05-21|2025-05-22|2025-05-23|2025-05-24|2025-05-25|2025-05-26|2025-05-27|2025-05-28|2025-05-29|2025-05-30|2025-05-31|2025-06-01|2025-06-02|2025-06-03|2025-06-04|2025-06-05|2025-06-06|2025-06-07,144
q4_3,S2,2025-06-08,12,highs-ipm,0.07367066600272665,19298.383898909357,3.410605131648481e-13,8.810729923425242e-13,20,2025-06-08 12:00,2025-06-08 12:00,2025-05-19|2025-05-20|2025-05-21|2025-05-22|2025-05-23|2025-05-24|2025-05-25|2025-05-26|2025-05-27|2025-05-28|2025-05-29|2025-05-30|2025-05-31|2025-06-01|2025-06-02|2025-06-03|2025-06-04|2025-06-05|2025-06-06|2025-06-07,144
q4_3,S2,2025-06-09,0,highs-ipm,0.05093175000365591,3021.8911001998713,2.2737367544323206e-13,8.526512829121202e-13,20,2025-06-09 00:00,2025-06-09 00:00,2025-05-20|2025-05-21|2025-05-22|2025-05-23|2025-05-24|2025-05-25|2025-05-26|2025-05-27|2025-05-28|2025-05-29|2025-05-30|2025-05-31|2025-06-01|2025-06-02|2025-06-03|2025-06-04|2025-06-05|2025-06-06|2025-06-07|2025-06-08,144
q4_3,S2,2025-06-09,6,highs-ipm,0.06580020900582895,10781.918181182418,2.2737367544323206e-13,9.663381206337363e-13,20,2025-06-09 06:00,2025-06-09 06:00,2025-05-20|2025-05-21|2025-05-22|2025-05-23|2025-05-24|2025-05-25|2025-05-26|2025-05-27|2025-05-28|2025-05-29|2025-05-30|2025-05-31|2025-06-01|2025-06-02|2025-06-03|2025-06-04|2025-06-05|2025-06-06|2025-06-07|2025-06-08,144
q4_3,S2,2025-06-09,12,highs-ipm,0.06753058300091652,28420.462048871294,1.1368683772161603e-13,8.206768598029157e-13,20,2025-06-09 12:00,2025-06-09 12:00,2025-05-20|2025-05-21|2025-05-22|2025-05-23|2025-05-24|2025-05-25|2025-05-26|2025-05-27|2025-05-28|2025-05-29|2025-05-30|2025-05-31|2025-06-01|2025-06-02|2025-06-03|2025-06-04|2025-06-05|2025-06-06|2025-06-07|2025-06-08,144
q4_3,S2,2025-06-10,0,highs-ipm,0.056718084000749514,2878.205593513417,2.2737367544323206e-13,8.526512829121202e-13,20,2025-06-10 00:00,2025-06-10 00:00,2025-05-21|2025-05-22|2025-05-23|2025-05-24|2025-05-25|2025-05-26|2025-05-27|2025-05-28|2025-05-29|2025-05-30|2025-05-31|2025-06-01|2025-06-02|2025-06-03|2025-06-04|2025-06-05|2025-06-06|2025-06-07|2025-06-08|2025-06-09,144
q4_3,S2,2025-06-10,6,highs-ipm,0.06363729100121418,13696.124349074851,2.2737367544323206e-13,9.663381206337363e-13,20,2025-06-10 06:00,2025-06-10 06:00,2025-05-21|2025-05-22|2025-05-23|2025-05-24|2025-05-25|2025-05-26|2025-05-27|2025-05-28|2025-05-29|2025-05-30|2025-05-31|2025-06-01|2025-06-02|2025-06-03|2025-06-04|2025-06-05|2025-06-06|2025-06-07|2025-06-08|2025-06-09,144
q4_3,S2,2025-06-10,12,highs-ipm,0.07504024999798276,32142.93358281685,2.2737367544323206e-13,8.597567102697212e-13,20,2025-06-10 12:00,2025-06-10 12:00,2025-05-21|2025-05-22|2025-05-23|2025-05-24|2025-05-25|2025-05-26|2025-05-27|2025-05-28|2025-05-29|2025-05-30|2025-05-31|2025-06-01|2025-06-02|2025-06-03|2025-06-04|2025-06-05|2025-06-06|2025-06-07|2025-06-08|2025-06-09,144
q4_3,S2,2025-06-11,0,highs-ipm,0.05505558300501434,3324.818013963822,2.2737367544323206e-13,7.958078640513122e-13,20,2025-06-11 00:00,2025-06-11 00:00,2025-05-22|2025-05-23|2025-05-24|2025-05-25|2025-05-26|2025-05-27|2025-05-28|2025-05-29|2025-05-30|2025-05-31|2025-06-01|2025-06-02|2025-06-03|2025-06-04|2025-06-05|2025-06-06|2025-06-07|2025-06-08|2025-06-09|2025-06-10,144
q4_3,S2,2025-06-11,6,highs-ipm,0.06688166600361001,15021.988157350877,2.2737367544323206e-13,8.668621376273222e-13,20,2025-06-11 06:00,2025-06-11 06:00,2025-05-22|2025-05-23|2025-05-24|2025-05-25|2025-05-26|2025-05-27|2025-05-28|2025-05-29|2025-05-30|2025-05-31|2025-06-01|2025-06-02|2025-06-03|2025-06-04|2025-06-05|2025-06-06|2025-06-07|2025-06-08|2025-06-09|2025-06-10,144
q4_3,S2,2025-06-11,12,highs-ipm,0.07129825000447454,23774.144388417786,2.2737367544323206e-13,9.094947017729282e-13,20,2025-06-11 12:00,2025-06-11 12:00,2025-05-22|2025-05-23|2025-05-24|2025-05-25|2025-05-26|2025-05-27|2025-05-28|2025-05-29|2025-05-30|2025-05-31|2025-06-01|2025-06-02|2025-06-03|2025-06-04|2025-06-05|2025-06-06|2025-06-07|2025-06-08|2025-06-09|2025-06-10,144
q4_3,S2,2025-06-12,0,highs-ipm,0.05682766600511968,3479.939090789232,1.1368683772161603e-13,7.958078640513122e-13,20,2025-06-12 00:00,2025-06-12 00:00,2025-05-23|2025-05-24|2025-05-25|2025-05-26|2025-05-27|2025-05-28|2025-05-29|2025-05-30|2025-05-31|2025-06-01|2025-06-02|2025-06-03|2025-06-04|2025-06-05|2025-06-06|2025-06-07|2025-06-08|2025-06-09|2025-06-10|2025-06-11,144
q4_3,S2,2025-06-12,6,highs-ipm,0.0766676670027664,10217.109456844728,2.2737367544323206e-13,8.384404281969182e-13,20,2025-06-12 06:00,2025-06-12 06:00,2025-05-23|2025-05-24|2025-05-25|2025-05-26|2025-05-27|2025-05-28|2025-05-29|2025-05-30|2025-05-31|2025-06-01|2025-06-02|2025-06-03|2025-06-04|2025-06-05|2025-06-06|2025-06-07|2025-06-08|2025-06-09|2025-06-10|2025-06-11,144
q4_3,S2,2025-06-12,12,highs-ipm,0.06918137500179,11957.343192554232,2.2737367544323206e-13,9.094947017729282e-13,20,2025-06-12 12:00,2025-06-12 12:00,2025-05-23|2025-05-24|2025-05-25|2025-05-26|2025-05-27|2025-05-28|2025-05-29|2025-05-30|2025-05-31|2025-06-01|2025-06-02|2025-06-03|2025-06-04|2025-06-05|2025-06-06|2025-06-07|2025-06-08|2025-06-09|2025-06-10|2025-06-11,144
q4_3,S2,2025-06-13,0,highs-ipm,0.05773641700216103,1696.7425829775527,1.2505552149377763e-12,8.810729923425242e-13,20,2025-06-13 00:00,2025-06-13 00:00,2025-05-24|2025-05-25|2025-05-26|2025-05-27|2025-05-28|2025-05-29|2025-05-30|2025-05-31|2025-06-01|2025-06-02|2025-06-03|2025-06-04|2025-06-05|2025-06-06|2025-06-07|2025-06-08|2025-06-09|2025-06-10|2025-06-11|2025-06-12,144
q4_3,S2,2025-06-13,6,highs-ipm,0.06816962500306545,7441.064238936549,1.1368683772161603e-13,8.526512829121202e-13,20,2025-06-13 06:00,2025-06-13 06:00,2025-05-24|2025-05-25|2025-05-26|2025-05-27|2025-05-28|2025-05-29|2025-05-30|2025-05-31|2025-06-01|2025-06-02|2025-06-03|2025-06-04|2025-06-05|2025-06-06|2025-06-07|2025-06-08|2025-06-09|2025-06-10|2025-06-11|2025-06-12,144
q4_3,S2,2025-06-13,12,highs-ipm,0.06825745799869765,6259.429333875501,1.1368683772161603e-13,8.526512829121202e-13,20,2025-06-13 12:00,2025-06-13 12:00,2025-05-24|2025-05-25|2025-05-26|2025-05-27|2025-05-28|2025-05-29|2025-05-30|2025-05-31|2025-06-01|2025-06-02|2025-06-03|2025-06-04|2025-06-05|2025-06-06|2025-06-07|2025-06-08|2025-06-09|2025-06-10|2025-06-11|2025-06-12,144
q4_3,S2,2025-06-14,0,highs-ipm,0.05858512499980861,1714.9516492271223,1.1368683772161603e-13,9.094947017729282e-13,20,2025-06-14 00:00,2025-06-14 00:00,2025-05-25|2025-05-26|2025-05-27|2025-05-28|2025-05-29|2025-05-30|2025-05-31|2025-06-01|2025-06-02|2025-06-03|2025-06-04|2025-06-05|2025-06-06|2025-06-07|2025-06-08|2025-06-09|2025-06-10|2025-06-11|2025-06-12|2025-06-13,144
q4_3,S2,2025-06-14,6,highs-ipm,0.07419629200012423,12337.933488127745,2.2737367544323206e-13,9.094947017729282e-13,20,2025-06-14 06:00,2025-06-14 06:00,2025-05-25|2025-05-26|2025-05-27|2025-05-28|2025-05-29|2025-05-30|2025-05-31|2025-06-01|2025-06-02|2025-06-03|2025-06-04|2025-06-05|2025-06-06|2025-06-07|2025-06-08|2025-06-09|2025-06-10|2025-06-11|2025-06-12|2025-06-13,144
q4_3,S2,2025-06-14,12,highs-ipm,0.07813420899765333,18891.140216149553,5.684341886080802e-14,9.094947017729282e-13,20,2025-06-14 12:00,2025-06-14 12:00,2025-05-25|2025-05-26|2025-05-27|2025-05-28|2025-05-29|2025-05-30|2025-05-31|2025-06-01|2025-06-02|2025-06-03|2025-06-04|2025-06-05|2025-06-06|2025-06-07|2025-06-08|2025-06-09|2025-06-10|2025-06-11|2025-06-12|2025-06-13,144
q4_3,S2,2025-06-15,0,highs-ipm,0.05582112499541836,3316.8639288088825,7.105427357601002e-13,7.958078640513122e-13,20,2025-06-15 00:00,2025-06-15 00:00,2025-05-26|2025-05-27|2025-05-28|2025-05-29|2025-05-30|2025-05-31|2025-06-01|2025-06-02|2025-06-03|2025-06-04|2025-06-05|2025-06-06|2025-06-07|2025-06-08|2025-06-09|2025-06-10|2025-06-11|2025-06-12|2025-06-13|2025-06-14,144
q4_3,S2,2025-06-15,6,highs-ipm,0.07063929100695532,18439.86929567566,2.2737367544323206e-13,8.810729923425242e-13,20,2025-06-15 06:00,2025-06-15 06:00,2025-05-26|2025-05-27|2025-05-28|2025-05-29|2025-05-30|2025-05-31|2025-06-01|2025-06-02|2025-06-03|2025-06-04|2025-06-05|2025-06-06|2025-06-07|2025-06-08|2025-06-09|2025-06-10|2025-06-11|2025-06-12|2025-06-13|2025-06-14,144
q4_3,S2,2025-06-15,12,highs-ipm,0.06732166700385278,27431.50689510129,2.2737367544323206e-13,8.988365607365267e-13,20,2025-06-15 12:00,2025-06-15 12:00,2025-05-26|2025-05-27|2025-05-28|2025-05-29|2025-05-30|2025-05-31|2025-06-01|2025-06-02|2025-06-03|2025-06-04|2025-06-05|2025-06-06|2025-06-07|2025-06-08|2025-06-09|2025-06-10|2025-06-11|2025-06-12|2025-06-13|2025-06-14,144
q4_3,S2,2025-06-16,0,highs-ipm,0.052814791997661814,2893.739650727711,1.1368683772161603e-13,7.958078640513122e-13,20,2025-06-16 00:00,2025-06-16 00:00,2025-05-27|2025-05-28|2025-05-29|2025-05-30|2025-05-31|2025-06-01|2025-06-02|2025-06-03|2025-06-04|2025-06-05|2025-06-06|2025-06-07|2025-06-08|2025-06-09|2025-06-10|2025-06-11|2025-06-12|2025-06-13|2025-06-14|2025-06-15,144
q4_3,S2,2025-06-16,6,highs-ipm,0.07508020800014492,16453.618921718404,1.1368683772161603e-13,9.094947017729282e-13,20,2025-06-16 06:00,2025-06-16 06:00,2025-05-27|2025-05-28|2025-05-29|2025-05-30|2025-05-31|2025-06-01|2025-06-02|2025-06-03|2025-06-04|2025-06-05|2025-06-06|2025-06-07|2025-06-08|2025-06-09|2025-06-10|2025-06-11|2025-06-12|2025-06-13|2025-06-14|2025-06-15,144
q4_3,S2,2025-06-16,12,highs-ipm,0.07038520799687831,25651.50317774195,1.1368683772161603e-13,9.094947017729282e-13,20,2025-06-16 12:00,2025-06-16 12:00,2025-05-27|2025-05-28|2025-05-29|2025-05-30|2025-05-31|2025-06-01|2025-06-02|2025-06-03|2025-06-04|2025-06-05|2025-06-06|2025-06-07|2025-06-08|2025-06-09|2025-06-10|2025-06-11|2025-06-12|2025-06-13|2025-06-14|2025-06-15,144
q4_3,S2,2025-06-17,0,highs-ipm,0.053400249998958316,3033.3582449777387,9.094947017729282e-13,7.958078640513122e-13,20,2025-06-17 00:00,2025-06-17 00:00,2025-05-28|2025-05-29|2025-05-30|2025-05-31|2025-06-01|2025-06-02|2025-06-03|2025-06-04|2025-06-05|2025-06-06|2025-06-07|2025-06-08|2025-06-09|2025-06-10|2025-06-11|2025-06-12|2025-06-13|2025-06-14|2025-06-15|2025-06-16,144
q4_3,S2,2025-06-17,6,highs-ipm,0.06917599999724189,18850.63682571289,2.2737367544323206e-13,9.094947017729282e-13,20,2025-06-17 06:00,2025-06-17 06:00,2025-05-28|2025-05-29|2025-05-30|2025-05-31|2025-06-01|2025-06-02|2025-06-03|2025-06-04|2025-06-05|2025-06-06|2025-06-07|2025-06-08|2025-06-09|2025-06-10|2025-06-11|2025-06-12|2025-06-13|2025-06-14|2025-06-15|2025-06-16,144
q4_3,S2,2025-06-17,12,highs-ipm,0.07131454200134613,26567.439444232394,2.2737367544323206e-13,1.0231815394945443e-12,20,2025-06-17 12:00,2025-06-17 12:00,2025-05-28|2025-05-29|2025-05-30|2025-05-31|2025-06-01|2025-06-02|2025-06-03|2025-06-04|2025-06-05|2025-06-06|2025-06-07|2025-06-08|2025-06-09|2025-06-10|2025-06-11|2025-06-12|2025-06-13|2025-06-14|2025-06-15|2025-06-16,144
q4_3,S2,2025-06-18,0,highs-ipm,0.053433624998433515,2793.038377153648,4.298783551348606e-13,9.094947017729282e-13,20,2025-06-18 00:00,2025-06-18 00:00,2025-05-29|2025-05-30|2025-05-31|2025-06-01|2025-06-02|2025-06-03|2025-06-04|2025-06-05|2025-06-06|2025-06-07|2025-06-08|2025-06-09|2025-06-10|2025-06-11|2025-06-12|2025-06-13|2025-06-14|2025-06-15|2025-06-16|2025-06-17,144
q4_3,S2,2025-06-18,6,highs-ipm,0.07480508300068323,18041.06619705757,1.1368683772161603e-13,7.958078640513122e-13,20,2025-06-18 06:00,2025-06-18 06:00,2025-05-29|2025-05-30|2025-05-31|2025-06-01|2025-06-02|2025-06-03|2025-06-04|2025-06-05|2025-06-06|2025-06-07|2025-06-08|2025-06-09|2025-06-10|2025-06-11|2025-06-12|2025-06-13|2025-06-14|2025-06-15|2025-06-16|2025-06-17,144
q4_3,S2,2025-06-18,12,highs-ipm,0.07280179200461134,27299.344235964003,1.1368683772161603e-13,8.810729923425242e-13,20,2025-06-18 12:00,2025-06-18 12:00,2025-05-29|2025-05-30|2025-05-31|2025-06-01|2025-06-02|2025-06-03|2025-06-04|2025-06-05|2025-06-06|2025-06-07|2025-06-08|2025-06-09|2025-06-10|2025-06-11|2025-06-12|2025-06-13|2025-06-14|2025-06-15|2025-06-16|2025-06-17,144
q4_3,S2,2025-06-19,0,highs-ipm,0.05118450000009034,3073.479145981143,3.410605131648481e-13,9.094947017729282e-13,20,2025-06-19 00:00,2025-06-19 00:00,2025-05-30|2025-05-31|2025-06-01|2025-06-02|2025-06-03|2025-06-04|2025-06-05|2025-06-06|2025-06-07|2025-06-08|2025-06-09|2025-06-10|2025-06-11|2025-06-12|2025-06-13|2025-06-14|2025-06-15|2025-06-16|2025-06-17|2025-06-18,144
q4_3,S2,2025-06-19,6,highs-ipm,0.06585866700334009,10749.379049515013,1.1368683772161603e-13,8.952838470577262e-13,20,2025-06-19 06:00,2025-06-19 06:00,2025-05-30|2025-05-31|2025-06-01|2025-06-02|2025-06-03|2025-06-04|2025-06-05|2025-06-06|2025-06-07|2025-06-08|2025-06-09|2025-06-10|2025-06-11|2025-06-12|2025-06-13|2025-06-14|2025-06-15|2025-06-16|2025-06-17|2025-06-18,144
q4_3,S2,2025-06-19,12,highs-ipm,0.06921708400477655,14624.281869268307,2.2737367544323206e-13,8.100187187665142e-13,20,2025-06-19 12:00,2025-06-19 12:00,2025-05-30|2025-05-31|2025-06-01|2025-06-02|2025-06-03|2025-06-04|2025-06-05|2025-06-06|2025-06-07|2025-06-08|2025-06-09|2025-06-10|2025-06-11|2025-06-12|2025-06-13|2025-06-14|2025-06-15|2025-06-16|2025-06-17|2025-06-18,144
q4_3,S2,2025-06-20,0,highs-ipm,0.06082804200559622,1492.88509650919,1.1368683772161603e-13,7.958078640513122e-13,20,2025-06-20 00:00,2025-06-20 00:00,2025-05-31|2025-06-01|2025-06-02|2025-06-03|2025-06-04|2025-06-05|2025-06-06|2025-06-07|2025-06-08|2025-06-09|2025-06-10|2025-06-11|2025-06-12|2025-06-13|2025-06-14|2025-06-15|2025-06-16|2025-06-17|2025-06-18|2025-06-19,144
q4_3,S2,2025-06-20,6,highs-ipm,0.06646220900438493,7813.925562052147,1.1368683772161603e-13,8.455458555545192e-13,20,2025-06-20 06:00,2025-06-20 06:00,2025-05-31|2025-06-01|2025-06-02|2025-06-03|2025-06-04|2025-06-05|2025-06-06|2025-06-07|2025-06-08|2025-06-09|2025-06-10|2025-06-11|2025-06-12|2025-06-13|2025-06-14|2025-06-15|2025-06-16|2025-06-17|2025-06-18|2025-06-19,144
q4_3,S2,2025-06-20,12,highs-ipm,0.07463541600009194,11422.518058740183,1.1368683772161603e-13,9.379164112033322e-13,20,2025-06-20 12:00,2025-06-20 12:00,2025-05-31|2025-06-01|2025-06-02|2025-06-03|2025-06-04|2025-06-05|2025-06-06|2025-06-07|2025-06-08|2025-06-09|2025-06-10|2025-06-11|2025-06-12|2025-06-13|2025-06-14|2025-06-15|2025-06-16|2025-06-17|2025-06-18|2025-06-19,144
q4_3,S2,2025-06-21,0,highs-ipm,0.06771283299895003,1026.591451057568,1.1368683772161603e-13,8.242295734817162e-13,20,2025-06-21 00:00,2025-06-21 00:00,2025-06-01|2025-06-02|2025-06-03|2025-06-04|2025-06-05|2025-06-06|2025-06-07|2025-06-08|2025-06-09|2025-06-10|2025-06-11|2025-06-12|2025-06-13|2025-06-14|2025-06-15|2025-06-16|2025-06-17|2025-06-18|2025-06-19|2025-06-20,144
q4_3,S2,2025-06-21,6,highs-ipm,0.07531616600317648,12570.539385706013,2.2737367544323206e-13,9.094947017729282e-13,20,2025-06-21 06:00,2025-06-21 06:00,2025-06-01|2025-06-02|2025-06-03|2025-06-04|2025-06-05|2025-06-06|2025-06-07|2025-06-08|2025-06-09|2025-06-10|2025-06-11|2025-06-12|2025-06-13|2025-06-14|2025-06-15|2025-06-16|2025-06-17|2025-06-18|2025-06-19|2025-06-20,144
q4_3,S2,2025-06-21,12,highs-ipm,0.07522337500267895,19779.688985094246,2.2737367544323206e-13,9.094947017729282e-13,20,2025-06-21 12:00,2025-06-21 12:00,2025-06-01|2025-06-02|2025-06-03|2025-06-04|2025-06-05|2025-06-06|2025-06-07|2025-06-08|2025-06-09|2025-06-10|2025-06-11|2025-06-12|2025-06-13|2025-06-14|2025-06-15|2025-06-16|2025-06-17|2025-06-18|2025-06-19|2025-06-20,144
q4_3,S2,2025-06-22,0,highs-ipm,0.05099175000214018,3022.808979536851,1.1368683772161603e-13,8.881784197001252e-13,20,2025-06-22 00:00,2025-06-22 00:00,2025-06-02|2025-06-03|2025-06-04|2025-06-05|2025-06-06|2025-06-07|2025-06-08|2025-06-09|2025-06-10|2025-06-11|2025-06-12|2025-06-13|2025-06-14|2025-06-15|2025-06-16|2025-06-17|2025-06-18|2025-06-19|2025-06-20|2025-06-21,144
q4_3,S2,2025-06-22,6,highs-ipm,0.06646512499719393,19023.843154749356,1.1368683772161603e-13,9.094947017729282e-13,20,2025-06-22 06:00,2025-06-22 06:00,2025-06-02|2025-06-03|2025-06-04|2025-06-05|2025-06-06|2025-06-07|2025-06-08|2025-06-09|2025-06-10|2025-06-11|2025-06-12|2025-06-13|2025-06-14|2025-06-15|2025-06-16|2025-06-17|2025-06-18|2025-06-19|2025-06-20|2025-06-21,144
q4_3,S2,2025-06-22,12,highs-ipm,0.06964562500070315,26644.660996745923,2.2737367544323206e-13,9.094947017729282e-13,20,2025-06-22 12:00,2025-06-22 12:00,2025-06-02|2025-06-03|2025-06-04|2025-06-05|2025-06-06|2025-06-07|2025-06-08|2025-06-09|2025-06-10|2025-06-11|2025-06-12|2025-06-13|2025-06-14|2025-06-15|2025-06-16|2025-06-17|2025-06-18|2025-06-19|2025-06-20|2025-06-21,144
q4_3,S2,2025-06-23,0,highs-ipm,0.051876124998671,3088.167870517705,2.2737367544323206e-13,7.958078640513122e-13,20,2025-06-23 00:00,2025-06-23 00:00,2025-06-03|2025-06-04|2025-06-05|2025-06-06|2025-06-07|2025-06-08|2025-06-09|2025-06-10|2025-06-11|2025-06-12|2025-06-13|2025-06-14|2025-06-15|2025-06-16|2025-06-17|2025-06-18|2025-06-19|2025-06-20|2025-06-21|2025-06-22,144
q4_3,S2,2025-06-23,6,highs-ipm,0.07029166599386372,16004.894665028954,2.2737367544323206e-13,9.094947017729282e-13,20,2025-06-23 06:00,2025-06-23 06:00,2025-06-03|2025-06-04|2025-06-05|2025-06-06|2025-06-07|2025-06-08|2025-06-09|2025-06-10|2025-06-11|2025-06-12|2025-06-13|2025-06-14|2025-06-15|2025-06-16|2025-06-17|2025-06-18|2025-06-19|2025-06-20|2025-06-21|2025-06-22,144
q4_3,S2,2025-06-23,12,highs-ipm,0.06540187499922467,21049.379927966205,2.2737367544323206e-13,9.094947017729282e-13,20,2025-06-23 12:00,2025-06-23 12:00,2025-06-03|2025-06-04|2025-06-05|2025-06-06|2025-06-07|2025-06-08|2025-06-09|2025-06-10|2025-06-11|2025-06-12|2025-06-13|2025-06-14|2025-06-15|2025-06-16|2025-06-17|2025-06-18|2025-06-19|2025-06-20|2025-06-21|2025-06-22,144
q4_3,S2,2025-06-24,0,highs-ipm,0.05483608299982734,3302.5340939219163,2.2737367544323206e-13,9.094947017729282e-13,20,2025-06-24 00:00,2025-06-24 00:00,2025-06-04|2025-06-05|2025-06-06|2025-06-07|2025-06-08|2025-06-09|2025-06-10|2025-06-11|2025-06-12|2025-06-13|2025-06-14|2025-06-15|2025-06-16|2025-06-17|2025-06-18|2025-06-19|2025-06-20|2025-06-21|2025-06-22|2025-06-23,144
q4_3,S2,2025-06-24,6,highs-ipm,0.07417612500285031,12949.768506023567,2.2737367544323206e-13,8.881784197001252e-13,20,2025-06-24 06:00,2025-06-24 06:00,2025-06-04|2025-06-05|2025-06-06|2025-06-07|2025-06-08|2025-06-09|2025-06-10|2025-06-11|2025-06-12|2025-06-13|2025-06-14|2025-06-15|2025-06-16|2025-06-17|2025-06-18|2025-06-19|2025-06-20|2025-06-21|2025-06-22|2025-06-23,144
q4_3,S2,2025-06-24,12,highs-ipm,0.07195983299607178,19720.944522485188,1.1368683772161603e-13,9.094947017729282e-13,20,2025-06-24 12:00,2025-06-24 12:00,2025-06-04|2025-06-05|2025-06-06|2025-06-07|2025-06-08|2025-06-09|2025-06-10|2025-06-11|2025-06-12|2025-06-13|2025-06-14|2025-06-15|2025-06-16|2025-06-17|2025-06-18|2025-06-19|2025-06-20|2025-06-21|2025-06-22|2025-06-23,144
q4_3,S2,2025-06-25,0,highs-ipm,0.052588374994229525,3200.987756696806,1.1368683772161603e-13,8.455458555545192e-13,20,2025-06-25 00:00,2025-06-25 00:00,2025-06-05|2025-06-06|2025-06-07|2025-06-08|2025-06-09|2025-06-10|2025-06-11|2025-06-12|2025-06-13|2025-06-14|2025-06-15|2025-06-16|2025-06-17|2025-06-18|2025-06-19|2025-06-20|2025-06-21|2025-06-22|2025-06-23|2025-06-24,144
q4_3,S2,2025-06-25,6,highs-ipm,0.06969787499838276,16419.21885231158,3.410605131648481e-13,1.0231815394945443e-12,20,2025-06-25 06:00,2025-06-25 06:00,2025-06-05|2025-06-06|2025-06-07|2025-06-08|2025-06-09|2025-06-10|2025-06-11|2025-06-12|2025-06-13|2025-06-14|2025-06-15|2025-06-16|2025-06-17|2025-06-18|2025-06-19|2025-06-20|2025-06-21|2025-06-22|2025-06-23|2025-06-24,144
q4_3,S2,2025-06-25,12,highs-ipm,0.06766420799976913,30290.02332682911,1.1368683772161603e-13,1.0231815394945443e-12,20,2025-06-25 12:00,2025-06-25 12:00,2025-06-05|2025-06-06|2025-06-07|2025-06-08|2025-06-09|2025-06-10|2025-06-11|2025-06-12|2025-06-13|2025-06-14|2025-06-15|2025-06-16|2025-06-17|2025-06-18|2025-06-19|2025-06-20|2025-06-21|2025-06-22|2025-06-23|2025-06-24,144
q4_3,S2,2025-06-26,0,highs-ipm,0.052124624999123625,2939.868379553165,6.536993168992922e-13,9.094947017729282e-13,20,2025-06-26 00:00,2025-06-26 00:00,2025-06-06|2025-06-07|2025-06-08|2025-06-09|2025-06-10|2025-06-11|2025-06-12|2025-06-13|2025-06-14|2025-06-15|2025-06-16|2025-06-17|2025-06-18|2025-06-19|2025-06-20|2025-06-21|2025-06-22|2025-06-23|2025-06-24|2025-06-25,144
q4_3,S2,2025-06-26,6,highs-ipm,0.07305458399787312,11230.797611075197,2.2737367544323206e-13,9.663381206337363e-13,20,2025-06-26 06:00,2025-06-26 06:00,2025-06-06|2025-06-07|2025-06-08|2025-06-09|2025-06-10|2025-06-11|2025-06-12|2025-06-13|2025-06-14|2025-06-15|2025-06-16|2025-06-17|2025-06-18|2025-06-19|2025-06-20|2025-06-21|2025-06-22|2025-06-23|2025-06-24|2025-06-25,144
q4_3,S2,2025-06-26,12,highs-ipm,0.06459275000088383,9851.49221846097,2.2737367544323206e-13,1.0231815394945443e-12,20,2025-06-26 12:00,2025-06-26 12:00,2025-06-06|2025-06-07|2025-06-08|2025-06-09|2025-06-10|2025-06-11|2025-06-12|2025-06-13|2025-06-14|2025-06-15|2025-06-16|2025-06-17|2025-06-18|2025-06-19|2025-06-20|2025-06-21|2025-06-22|2025-06-23|2025-06-24|2025-06-25,144
q4_3,S2,2025-06-27,0,highs-ipm,0.0662856249982724,1212.9717133760462,2.2737367544323206e-13,9.094947017729282e-13,20,2025-06-27 00:00,2025-06-27 00:00,2025-06-07|2025-06-08|2025-06-09|2025-06-10|2025-06-11|2025-06-12|2025-06-13|2025-06-14|2025-06-15|2025-06-16|2025-06-17|2025-06-18|2025-06-19|2025-06-20|2025-06-21|2025-06-22|2025-06-23|2025-06-24|2025-06-25|2025-06-26,144
q4_3,S2,2025-06-27,6,highs-ipm,0.07950216599419946,7452.085372003772,2.2737367544323206e-13,8.837375276016246e-13,20,2025-06-27 06:00,2025-06-27 06:00,2025-06-07|2025-06-08|2025-06-09|2025-06-10|2025-06-11|2025-06-12|2025-06-13|2025-06-14|2025-06-15|2025-06-16|2025-06-17|2025-06-18|2025-06-19|2025-06-20|2025-06-21|2025-06-22|2025-06-23|2025-06-24|2025-06-25|2025-06-26,144
q4_3,S2,2025-06-27,12,highs-ipm,0.0762017500019283,7780.928551910256,2.2737367544323206e-13,8.29558643999917e-13,20,2025-06-27 12:00,2025-06-27 12:00,2025-06-07|2025-06-08|2025-06-09|2025-06-10|2025-06-11|2025-06-12|2025-06-13|2025-06-14|2025-06-15|2025-06-16|2025-06-17|2025-06-18|2025-06-19|2025-06-20|2025-06-21|2025-06-22|2025-06-23|2025-06-24|2025-06-25|2025-06-26,144
q4_3,S2,2025-06-28,0,highs-ipm,0.06143754100048682,1040.2443780767653,1.4779288903810084e-12,9.094947017729282e-13,20,2025-06-28 00:00,2025-06-28 00:00,2025-06-08|2025-06-09|2025-06-10|2025-06-11|2025-06-12|2025-06-13|2025-06-14|2025-06-15|2025-06-16|2025-06-17|2025-06-18|2025-06-19|2025-06-20|2025-06-21|2025-06-22|2025-06-23|2025-06-24|2025-06-25|2025-06-26|2025-06-27,144
q4_3,S2,2025-06-28,6,highs-ipm,0.07298441699822433,12696.350594212468,2.2737367544323206e-13,9.094947017729282e-13,20,2025-06-28 06:00,2025-06-28 06:00,2025-06-08|2025-06-09|2025-06-10|2025-06-11|2025-06-12|2025-06-13|2025-06-14|2025-06-15|2025-06-16|2025-06-17|2025-06-18|2025-06-19|2025-06-20|2025-06-21|2025-06-22|2025-06-23|2025-06-24|2025-06-25|2025-06-26|2025-06-27,144
q4_3,S2,2025-06-28,12,highs-ipm,0.07670141600101488,20082.235212379026,2.2737367544323206e-13,9.094947017729282e-13,20,2025-06-28 12:00,2025-06-28 12:00,2025-06-08|2025-06-09|2025-06-10|2025-06-11|2025-06-12|2025-06-13|2025-06-14|2025-06-15|2025-06-16|2025-06-17|2025-06-18|2025-06-19|2025-06-20|2025-06-21|2025-06-22|2025-06-23|2025-06-24|2025-06-25|2025-06-26|2025-06-27,144
q4_3,S2,2025-06-29,0,highs-ipm,0.05698662500071805,2477.678812698886,1.1368683772161603e-13,8.242295734817162e-13,20,2025-06-29 00:00,2025-06-29 00:00,2025-06-09|2025-06-10|2025-06-11|2025-06-12|2025-06-13|2025-06-14|2025-06-15|2025-06-16|2025-06-17|2025-06-18|2025-06-19|2025-06-20|2025-06-21|2025-06-22|2025-06-23|2025-06-24|2025-06-25|2025-06-26|2025-06-27|2025-06-28,144
q4_3,S2,2025-06-29,6,highs-ipm,0.07397499999933643,16884.96428340546,1.1368683772161603e-13,8.633094239485217e-13,20,2025-06-29 06:00,2025-06-29 06:00,2025-06-09|2025-06-10|2025-06-11|2025-06-12|2025-06-13|2025-06-14|2025-06-15|2025-06-16|2025-06-17|2025-06-18|2025-06-19|2025-06-20|2025-06-21|2025-06-22|2025-06-23|2025-06-24|2025-06-25|2025-06-26|2025-06-27|2025-06-28,144
q4_3,S2,2025-06-29,12,highs-ipm,0.06438608300231863,22929.237207267965,2.2737367544323206e-13,1.0231815394945443e-12,20,2025-06-29 12:00,2025-06-29 12:00,2025-06-09|2025-06-10|2025-06-11|2025-06-12|2025-06-13|2025-06-14|2025-06-15|2025-06-16|2025-06-17|2025-06-18|2025-06-19|2025-06-20|2025-06-21|2025-06-22|2025-06-23|2025-06-24|2025-06-25|2025-06-26|2025-06-27|2025-06-28,144
q4_3,S2,2025-06-30,0,highs-ipm,0.05320495799969649,2980.0691096430996,2.2737367544323206e-13,8.526512829121202e-13,20,2025-06-30 00:00,2025-06-30 00:00,2025-06-10|2025-06-11|2025-06-12|2025-06-13|2025-06-14|2025-06-15|2025-06-16|2025-06-17|2025-06-18|2025-06-19|2025-06-20|2025-06-21|2025-06-22|2025-06-23|2025-06-24|2025-06-25|2025-06-26|2025-06-27|2025-06-28|2025-06-29,144
q4_3,S2,2025-06-30,6,highs-ipm,0.07502033300261246,13457.187569348276,2.2737367544323206e-13,9.094947017729282e-13,20,2025-06-30 06:00,2025-06-30 06:00,2025-06-10|2025-06-11|2025-06-12|2025-06-13|2025-06-14|2025-06-15|2025-06-16|2025-06-17|2025-06-18|2025-06-19|2025-06-20|2025-06-21|2025-06-22|2025-06-23|2025-06-24|2025-06-25|2025-06-26|2025-06-27|2025-06-28|2025-06-29,144
q4_3,S2,2025-06-30,12,highs-ipm,0.06857820900040679,17584.478431729254,2.2737367544323206e-13,9.094947017729282e-13,20,2025-06-30 12:00,2025-06-30 12:00,2025-06-10|2025-06-11|2025-06-12|2025-06-13|2025-06-14|2025-06-15|2025-06-16|2025-06-17|2025-06-18|2025-06-19|2025-06-20|2025-06-21|2025-06-22|2025-06-23|2025-06-24|2025-06-25|2025-06-26|2025-06-27|2025-06-28|2025-06-29,144
q4_3,S2,2025-07-01,0,highs-ipm,0.052495916999760084,2810.024182543847,7.531752999057062e-13,9.094947017729282e-13,20,2025-07-01 00:00,2025-07-01 00:00,2025-06-11|2025-06-12|2025-06-13|2025-06-14|2025-06-15|2025-06-16|2025-06-17|2025-06-18|2025-06-19|2025-06-20|2025-06-21|2025-06-22|2025-06-23|2025-06-24|2025-06-25|2025-06-26|2025-06-27|2025-06-28|2025-06-29|2025-06-30,144
q4_3,S2,2025-07-01,6,highs-ipm,0.06780362500285264,14602.526176159156,1.1368683772161603e-13,8.57980353430321e-13,20,2025-07-01 06:00,2025-07-01 06:00,2025-06-11|2025-06-12|2025-06-13|2025-06-14|2025-06-15|2025-06-16|2025-06-17|2025-06-18|2025-06-19|2025-06-20|2025-06-21|2025-06-22|2025-06-23|2025-06-24|2025-06-25|2025-06-26|2025-06-27|2025-06-28|2025-06-29|2025-06-30,144
q4_3,S2,2025-07-01,12,highs-ipm,0.06490358399605611,20797.10301646129,2.2737367544323206e-13,8.526512829121202e-13,20,2025-07-01 12:00,2025-07-01 12:00,2025-06-11|2025-06-12|2025-06-13|2025-06-14|2025-06-15|2025-06-16|2025-06-17|2025-06-18|2025-06-19|2025-06-20|2025-06-21|2025-06-22|2025-06-23|2025-06-24|2025-06-25|2025-06-26|2025-06-27|2025-06-28|2025-06-29|2025-06-30,144
q4_3,S2,2025-07-02,0,highs-ipm,0.05306120800378267,3460.5169080308183,2.2737367544323206e-13,7.958078640513122e-13,20,2025-07-02 00:00,2025-07-02 00:00,2025-06-12|2025-06-13|2025-06-14|2025-06-15|2025-06-16|2025-06-17|2025-06-18|2025-06-19|2025-06-20|2025-06-21|2025-06-22|2025-06-23|2025-06-24|2025-06-25|2025-06-26|2025-06-27|2025-06-28|2025-06-29|2025-06-30|2025-07-01,144
q4_3,S2,2025-07-02,6,highs-ipm,0.07572854199679568,13171.705375377947,2.2737367544323206e-13,9.094947017729282e-13,20,2025-07-02 06:00,2025-07-02 06:00,2025-06-12|2025-06-13|2025-06-14|2025-06-15|2025-06-16|2025-06-17|2025-06-18|2025-06-19|2025-06-20|2025-06-21|2025-06-22|2025-06-23|2025-06-24|2025-06-25|2025-06-26|2025-06-27|2025-06-28|2025-06-29|2025-06-30|2025-07-01,144
q4_3,S2,2025-07-02,12,highs-ipm,0.06937891699635657,18373.631601897847,2.2737367544323206e-13,9.094947017729282e-13,20,2025-07-02 12:00,2025-07-02 12:00,2025-06-12|2025-06-13|2025-06-14|2025-06-15|2025-06-16|2025-06-17|2025-06-18|2025-06-19|2025-06-20|2025-06-21|2025-06-22|2025-06-23|2025-06-24|2025-06-25|2025-06-26|2025-06-27|2025-06-28|2025-06-29|2025-06-30|2025-07-01,144
q4_3,S2,2025-07-03,0,highs-ipm,0.05210512499616016,3830.832207090954,2.2737367544323206e-13,7.958078640513122e-13,20,2025-07-03 00:00,2025-07-03 00:00,2025-06-13|2025-06-14|2025-06-15|2025-06-16|2025-06-17|2025-06-18|2025-06-19|2025-06-20|2025-06-21|2025-06-22|2025-06-23|2025-06-24|2025-06-25|2025-06-26|2025-06-27|2025-06-28|2025-06-29|2025-06-30|2025-07-01|2025-07-02,144
q4_3,S2,2025-07-03,6,highs-ipm,0.06993520799733233,10597.00931273047,2.2737367544323206e-13,9.094947017729282e-13,20,2025-07-03 06:00,2025-07-03 06:00,2025-06-13|2025-06-14|2025-06-15|2025-06-16|2025-06-17|2025-06-18|2025-06-19|2025-06-20|2025-06-21|2025-06-22|2025-06-23|2025-06-24|2025-06-25|2025-06-26|2025-06-27|2025-06-28|2025-06-29|2025-06-30|2025-07-01|2025-07-02,144
q4_3,S2,2025-07-03,12,highs-ipm,0.07268279200070538,7587.362099242714,1.1368683772161603e-13,9.094947017729282e-13,20,2025-07-03 12:00,2025-07-03 12:00,2025-06-13|2025-06-14|2025-06-15|2025-06-16|2025-06-17|2025-06-18|2025-06-19|2025-06-20|2025-06-21|2025-06-22|2025-06-23|2025-06-24|2025-06-25|2025-06-26|2025-06-27|2025-06-28|2025-06-29|2025-06-30|2025-07-01|2025-07-02,144
q4_3,S2,2025-07-04,0,highs-ipm,0.06707374999677995,1731.6677156358521,5.684341886080802e-14,7.958078640513122e-13,20,2025-07-04 00:00,2025-07-04 00:00,2025-06-14|2025-06-15|2025-06-16|2025-06-17|2025-06-18|2025-06-19|2025-06-20|2025-06-21|2025-06-22|2025-06-23|2025-06-24|2025-06-25|2025-06-26|2025-06-27|2025-06-28|2025-06-29|2025-06-30|2025-07-01|2025-07-02|2025-07-03,144
q4_3,S2,2025-07-04,6,highs-ipm,0.07622762500250246,9458.434036131144,5.684341886080802e-14,8.810729923425242e-13,20,2025-07-04 06:00,2025-07-04 06:00,2025-06-14|2025-06-15|2025-06-16|2025-06-17|2025-06-18|2025-06-19|2025-06-20|2025-06-21|2025-06-22|2025-06-23|2025-06-24|2025-06-25|2025-06-26|2025-06-27|2025-06-28|2025-06-29|2025-06-30|2025-07-01|2025-07-02|2025-07-03,144
q4_3,S2,2025-07-04,12,highs-ipm,0.0690152089955518,10404.57446339184,1.1368683772161603e-13,9.094947017729282e-13,20,2025-07-04 12:00,2025-07-04 12:00,2025-06-14|2025-06-15|2025-06-16|2025-06-17|2025-06-18|2025-06-19|2025-06-20|2025-06-21|2025-06-22|2025-06-23|2025-06-24|2025-06-25|2025-06-26|2025-06-27|2025-06-28|2025-06-29|2025-06-30|2025-07-01|2025-07-02|2025-07-03,144
q4_3,S2,2025-07-05,0,highs-ipm,0.06151233299897285,1605.3745785232445,2.2737367544323206e-13,9.094947017729282e-13,20,2025-07-05 00:00,2025-07-05 00:00,2025-06-15|2025-06-16|2025-06-17|2025-06-18|2025-06-19|2025-06-20|2025-06-21|2025-06-22|2025-06-23|2025-06-24|2025-06-25|2025-06-26|2025-06-27|2025-06-28|2025-06-29|2025-06-30|2025-07-01|2025-07-02|2025-07-03|2025-07-04,144
q4_3,S2,2025-07-05,6,highs-ipm,0.07268633300554939,13721.013361253505,2.2737367544323206e-13,9.094947017729282e-13,20,2025-07-05 06:00,2025-07-05 06:00,2025-06-15|2025-06-16|2025-06-17|2025-06-18|2025-06-19|2025-06-20|2025-06-21|2025-06-22|2025-06-23|2025-06-24|2025-06-25|2025-06-26|2025-06-27|2025-06-28|2025-06-29|2025-06-30|2025-07-01|2025-07-02|2025-07-03|2025-07-04,144
q4_3,S2,2025-07-05,12,highs-ipm,0.06949045800138265,27688.336421302658,2.2737367544323206e-13,9.094947017729282e-13,20,2025-07-05 12:00,2025-07-05 12:00,2025-06-15|2025-06-16|2025-06-17|2025-06-18|2025-06-19|2025-06-20|2025-06-21|2025-06-22|2025-06-23|2025-06-24|2025-06-25|2025-06-26|2025-06-27|2025-06-28|2025-06-29|2025-06-30|2025-07-01|2025-07-02|2025-07-03|2025-07-04,144
q4_3,S2,2025-07-06,0,highs-ipm,0.049637499992968515,3527.63221570793,2.2737367544323206e-13,9.094947017729282e-13,20,2025-07-06 00:00,2025-07-06 00:00,2025-06-16|2025-06-17|2025-06-18|2025-06-19|2025-06-20|2025-06-21|2025-06-22|2025-06-23|2025-06-24|2025-06-25|2025-06-26|2025-06-27|2025-06-28|2025-06-29|2025-06-30|2025-07-01|2025-07-02|2025-07-03|2025-07-04|2025-07-05,144
q4_3,S2,2025-07-06,6,highs-ipm,0.06882229199982248,20711.313022012557,1.1368683772161603e-13,8.86402062860725e-13,20,2025-07-06 06:00,2025-07-06 06:00,2025-06-16|2025-06-17|2025-06-18|2025-06-19|2025-06-20|2025-06-21|2025-06-22|2025-06-23|2025-06-24|2025-06-25|2025-06-26|2025-06-27|2025-06-28|2025-06-29|2025-06-30|2025-07-01|2025-07-02|2025-07-03|2025-07-04|2025-07-05,144
q4_3,S2,2025-07-06,12,highs-ipm,0.06866812500084052,22983.947791454702,2.2737367544323206e-13,8.526512829121202e-13,20,2025-07-06 12:00,2025-07-06 12:00,2025-06-16|2025-06-17|2025-06-18|2025-06-19|2025-06-20|2025-06-21|2025-06-22|2025-06-23|2025-06-24|2025-06-25|2025-06-26|2025-06-27|2025-06-28|2025-06-29|2025-06-30|2025-07-01|2025-07-02|2025-07-03|2025-07-04|2025-07-05,144
q4_3,S2,2025-07-07,0,highs-ipm,0.04959666699869558,4191.624598432961,3.410605131648481e-13,9.094947017729282e-13,20,2025-07-07 00:00,2025-07-07 00:00,2025-06-17|2025-06-18|2025-06-19|2025-06-20|2025-06-21|2025-06-22|2025-06-23|2025-06-24|2025-06-25|2025-06-26|2025-06-27|2025-06-28|2025-06-29|2025-06-30|2025-07-01|2025-07-02|2025-07-03|2025-07-04|2025-07-05|2025-07-06,144
q4_3,S2,2025-07-07,6,highs-ipm,0.06626583300385391,13667.116271221492,2.2737367544323206e-13,9.094947017729282e-13,20,2025-07-07 06:00,2025-07-07 06:00,2025-06-17|2025-06-18|2025-06-19|2025-06-20|2025-06-21|2025-06-22|2025-06-23|2025-06-24|2025-06-25|2025-06-26|2025-06-27|2025-06-28|2025-06-29|2025-06-30|2025-07-01|2025-07-02|2025-07-03|2025-07-04|2025-07-05|2025-07-06,144
q4_3,S2,2025-07-07,12,highs-ipm,0.066629875000217,24450.464111562993,2.2737367544323206e-13,8.335554468885675e-13,20,2025-07-07 12:00,2025-07-07 12:00,2025-06-17|2025-06-18|2025-06-19|2025-06-20|2025-06-21|2025-06-22|2025-06-23|2025-06-24|2025-06-25|2025-06-26|2025-06-27|2025-06-28|2025-06-29|2025-06-30|2025-07-01|2025-07-02|2025-07-03|2025-07-04|2025-07-05|2025-07-06,144
q4_3,S2,2025-07-08,0,highs-ipm,0.04892166700301459,4389.465848521581,2.2737367544323206e-13,1.0231815394945443e-12,20,2025-07-08 00:00,2025-07-08 00:00,2025-06-18|2025-06-19|2025-06-20|2025-06-21|2025-06-22|2025-06-23|2025-06-24|2025-06-25|2025-06-26|2025-06-27|2025-06-28|2025-06-29|2025-06-30|2025-07-01|2025-07-02|2025-07-03|2025-07-04|2025-07-05|2025-07-06|2025-07-07,144
q4_3,S2,2025-07-08,6,highs-ipm,0.06593991700356128,14395.971577958919,1.1368683772161603e-13,8.526512829121202e-13,20,2025-07-08 06:00,2025-07-08 06:00,2025-06-18|2025-06-19|2025-06-20|2025-06-21|2025-06-22|2025-06-23|2025-06-24|2025-06-25|2025-06-26|2025-06-27|2025-06-28|2025-06-29|2025-06-30|2025-07-01|2025-07-02|2025-07-03|2025-07-04|2025-07-05|2025-07-06|2025-07-07,144
q4_3,S2,2025-07-08,12,highs-ipm,0.06429300000309013,29541.94877195287,2.2737367544323206e-13,8.668621376273222e-13,20,2025-07-08 12:00,2025-07-08 12:00,2025-06-18|2025-06-19|2025-06-20|2025-06-21|2025-06-22|2025-06-23|2025-06-24|2025-06-25|2025-06-26|2025-06-27|2025-06-28|2025-06-29|2025-06-30|2025-07-01|2025-07-02|2025-07-03|2025-07-04|2025-07-05|2025-07-06|2025-07-07,144
q4_3,S2,2025-07-09,0,highs-ipm,0.049693916997057386,4249.3892902018315,1.1368683772161603e-13,9.094947017729282e-13,20,2025-07-09 00:00,2025-07-09 00:00,2025-06-19|2025-06-20|2025-06-21|2025-06-22|2025-06-23|2025-06-24|2025-06-25|2025-06-26|2025-06-27|2025-06-28|2025-06-29|2025-06-30|2025-07-01|2025-07-02|2025-07-03|2025-07-04|2025-07-05|2025-07-06|2025-07-07|2025-07-08,144
q4_3,S2,2025-07-09,6,highs-ipm,0.06724020800174912,14421.020272494037,4.298783551348606e-13,7.958078640513122e-13,20,2025-07-09 06:00,2025-07-09 06:00,2025-06-19|2025-06-20|2025-06-21|2025-06-22|2025-06-23|2025-06-24|2025-06-25|2025-06-26|2025-06-27|2025-06-28|2025-06-29|2025-06-30|2025-07-01|2025-07-02|2025-07-03|2025-07-04|2025-07-05|2025-07-06|2025-07-07|2025-07-08,144
q4_3,S2,2025-07-09,12,highs-ipm,0.06841012500080978,30653.054730053627,2.2737367544323206e-13,8.881784197001252e-13,20,2025-07-09 12:00,2025-07-09 12:00,2025-06-19|2025-06-20|2025-06-21|2025-06-22|2025-06-23|2025-06-24|2025-06-25|2025-06-26|2025-06-27|2025-06-28|2025-06-29|2025-06-30|2025-07-01|2025-07-02|2025-07-03|2025-07-04|2025-07-05|2025-07-06|2025-07-07|2025-07-08,144
q4_3,S2,2025-07-10,0,highs-ipm,0.0499054169995361,3899.3881679051497,2.2737367544323206e-13,9.094947017729282e-13,20,2025-07-10 00:00,2025-07-10 00:00,2025-06-20|2025-06-21|2025-06-22|2025-06-23|2025-06-24|2025-06-25|2025-06-26|2025-06-27|2025-06-28|2025-06-29|2025-06-30|2025-07-01|2025-07-02|2025-07-03|2025-07-04|2025-07-05|2025-07-06|2025-07-07|2025-07-08|2025-07-09,144
q4_3,S2,2025-07-10,6,highs-ipm,0.06883308299438795,12067.78602071812,1.1368683772161603e-13,8.100187187665142e-13,20,2025-07-10 06:00,2025-07-10 06:00,2025-06-20|2025-06-21|2025-06-22|2025-06-23|2025-06-24|2025-06-25|2025-06-26|2025-06-27|2025-06-28|2025-06-29|2025-06-30|2025-07-01|2025-07-02|2025-07-03|2025-07-04|2025-07-05|2025-07-06|2025-07-07|2025-07-08|2025-07-09,144
q4_3,S2,2025-07-10,12,highs-ipm,0.07330362500215415,12656.944752166402,1.1368683772161603e-13,9.094947017729282e-13,20,2025-07-10 12:00,2025-07-10 12:00,2025-06-20|2025-06-21|2025-06-22|2025-06-23|2025-06-24|2025-06-25|2025-06-26|2025-06-27|2025-06-28|2025-06-29|2025-06-30|2025-07-01|2025-07-02|2025-07-03|2025-07-04|2025-07-05|2025-07-06|2025-07-07|2025-07-08|2025-07-09,144
q4_3,S2,2025-07-11,0,highs-ipm,0.05854666600498604,1886.3840080411371,3.410605131648481e-13,9.094947017729282e-13,20,2025-07-11 00:00,2025-07-11 00:00,2025-06-21|2025-06-22|2025-06-23|2025-06-24|2025-06-25|2025-06-26|2025-06-27|2025-06-28|2025-06-29|2025-06-30|2025-07-01|2025-07-02|2025-07-03|2025-07-04|2025-07-05|2025-07-06|2025-07-07|2025-07-08|2025-07-09|2025-07-10,144
q4_3,S2,2025-07-11,6,highs-ipm,0.07735341700026765,9499.734309663509,2.2737367544323206e-13,7.958078640513122e-13,20,2025-07-11 06:00,2025-07-11 06:00,2025-06-21|2025-06-22|2025-06-23|2025-06-24|2025-06-25|2025-06-26|2025-06-27|2025-06-28|2025-06-29|2025-06-30|2025-07-01|2025-07-02|2025-07-03|2025-07-04|2025-07-05|2025-07-06|2025-07-07|2025-07-08|2025-07-09|2025-07-10,144
q4_3,S2,2025-07-11,12,highs-ipm,0.07743612500053132,12069.250934592323,1.1368683772161603e-13,8.810729923425242e-13,20,2025-07-11 12:00,2025-07-11 12:00,2025-06-21|2025-06-22|2025-06-23|2025-06-24|2025-06-25|2025-06-26|2025-06-27|2025-06-28|2025-06-29|2025-06-30|2025-07-01|2025-07-02|2025-07-03|2025-07-04|2025-07-05|2025-07-06|2025-07-07|2025-07-08|2025-07-09|2025-07-10,144
q4_3,S2,2025-07-12,0,highs-ipm,0.06403375000081724,1333.390642500133,5.684341886080802e-14,8.526512829121202e-13,20,2025-07-12 00:00,2025-07-12 00:00,2025-06-22|2025-06-23|2025-06-24|2025-06-25|2025-06-26|2025-06-27|2025-06-28|2025-06-29|2025-06-30|2025-07-01|2025-07-02|2025-07-03|2025-07-04|2025-07-05|2025-07-06|2025-07-07|2025-07-08|2025-07-09|2025-07-10|2025-07-11,144
q4_3,S2,2025-07-12,6,highs-ipm,0.07579208399693016,15666.716088767265,1.1368683772161603e-13,8.526512829121202e-13,20,2025-07-12 06:00,2025-07-12 06:00,2025-06-22|2025-06-23|2025-06-24|2025-06-25|2025-06-26|2025-06-27|2025-06-28|2025-06-29|2025-06-30|2025-07-01|2025-07-02|2025-07-03|2025-07-04|2025-07-05|2025-07-06|2025-07-07|2025-07-08|2025-07-09|2025-07-10|2025-07-11,144
q4_3,S2,2025-07-12,12,highs-ipm,0.07455399999889778,25722.80196473507,1.1368683772161603e-13,7.958078640513122e-13,20,2025-07-12 12:00,2025-07-12 12:00,2025-06-22|2025-06-23|2025-06-24|2025-06-25|2025-06-26|2025-06-27|2025-06-28|2025-06-29|2025-06-30|2025-07-01|2025-07-02|2025-07-03|2025-07-04|2025-07-05|2025-07-06|2025-07-07|2025-07-08|2025-07-09|2025-07-10|2025-07-11,144
q4_3,S2,2025-07-13,0,highs-ipm,0.053142374999879394,3461.765058524048,2.2737367544323206e-13,8.810729923425242e-13,20,2025-07-13 00:00,2025-07-13 00:00,2025-06-23|2025-06-24|2025-06-25|2025-06-26|2025-06-27|2025-06-28|2025-06-29|2025-06-30|2025-07-01|2025-07-02|2025-07-03|2025-07-04|2025-07-05|2025-07-06|2025-07-07|2025-07-08|2025-07-09|2025-07-10|2025-07-11|2025-07-12,144
q4_3,S2,2025-07-13,6,highs-ipm,0.06968616600352107,12623.123599385792,1.1368683772161603e-13,9.094947017729282e-13,20,2025-07-13 06:00,2025-07-13 06:00,2025-06-23|2025-06-24|2025-06-25|2025-06-26|2025-06-27|2025-06-28|2025-06-29|2025-06-30|2025-07-01|2025-07-02|2025-07-03|2025-07-04|2025-07-05|2025-07-06|2025-07-07|2025-07-08|2025-07-09|2025-07-10|2025-07-11|2025-07-12,144
q4_3,S2,2025-07-13,12,highs-ipm,0.07228279099945212,26123.37373101952,2.2737367544323206e-13,9.094947017729282e-13,20,2025-07-13 12:00,2025-07-13 12:00,2025-06-23|2025-06-24|2025-06-25|2025-06-26|2025-06-27|2025-06-28|2025-06-29|2025-06-30|2025-07-01|2025-07-02|2025-07-03|2025-07-04|2025-07-05|2025-07-06|2025-07-07|2025-07-08|2025-07-09|2025-07-10|2025-07-11|2025-07-12,144
q4_3,S2,2025-07-14,0,highs-ipm,0.053470584003662225,3352.223288125793,2.2737367544323206e-13,8.65085780787922e-13,20,2025-07-14 00:00,2025-07-14 00:00,2025-06-24|2025-06-25|2025-06-26|2025-06-27|2025-06-28|2025-06-29|2025-06-30|2025-07-01|2025-07-02|2025-07-03|2025-07-04|2025-07-05|2025-07-06|2025-07-07|2025-07-08|2025-07-09|2025-07-10|2025-07-11|2025-07-12|2025-07-13,144
q4_3,S2,2025-07-14,6,highs-ipm,0.0673635419952916,15810.852680206144,3.410605131648481e-13,9.094947017729282e-13,20,2025-07-14 06:00,2025-07-14 06:00,2025-06-24|2025-06-25|2025-06-26|2025-06-27|2025-06-28|2025-06-29|2025-06-30|2025-07-01|2025-07-02|2025-07-03|2025-07-04|2025-07-05|2025-07-06|2025-07-07|2025-07-08|2025-07-09|2025-07-10|2025-07-11|2025-07-12|2025-07-13,144
q4_3,S2,2025-07-14,12,highs-ipm,0.06985541700123576,23529.435175306022,2.2737367544323206e-13,8.668621376273222e-13,20,2025-07-14 12:00,2025-07-14 12:00,2025-06-24|2025-06-25|2025-06-26|2025-06-27|2025-06-28|2025-06-29|2025-06-30|2025-07-01|2025-07-02|2025-07-03|2025-07-04|2025-07-05|2025-07-06|2025-07-07|2025-07-08|2025-07-09|2025-07-10|2025-07-11|2025-07-12|2025-07-13,144
q4_3,S2,2025-07-15,0,highs-ipm,0.0506753329973435,3334.5918777022243,3.979039320256561e-13,8.526512829121202e-13,20,2025-07-15 00:00,2025-07-15 00:00,2025-06-25|2025-06-26|2025-06-27|2025-06-28|2025-06-29|2025-06-30|2025-07-01|2025-07-02|2025-07-03|2025-07-04|2025-07-05|2025-07-06|2025-07-07|2025-07-08|2025-07-09|2025-07-10|2025-07-11|2025-07-12|2025-07-13|2025-07-14,144
q4_3,S2,2025-07-15,6,highs-ipm,0.0707135830016341,14262.702055246173,2.2737367544323206e-13,7.958078640513122e-13,20,2025-07-15 06:00,2025-07-15 06:00,2025-06-25|2025-06-26|2025-06-27|2025-06-28|2025-06-29|2025-06-30|2025-07-01|2025-07-02|2025-07-03|2025-07-04|2025-07-05|2025-07-06|2025-07-07|2025-07-08|2025-07-09|2025-07-10|2025-07-11|2025-07-12|2025-07-13|2025-07-14,144
q4_3,S2,2025-07-15,12,highs-ipm,0.06862212499981979,22577.42064576566,2.2737367544323206e-13,9.094947017729282e-13,20,2025-07-15 12:00,2025-07-15 12:00,2025-06-25|2025-06-26|2025-06-27|2025-06-28|2025-06-29|2025-06-30|2025-07-01|2025-07-02|2025-07-03|2025-07-04|2025-07-05|2025-07-06|2025-07-07|2025-07-08|2025-07-09|2025-07-10|2025-07-11|2025-07-12|2025-07-13|2025-07-14,144
q4_3,S2,2025-07-16,0,highs-ipm,0.05192275000445079,3111.490494127542,2.2737367544323206e-13,8.668621376273222e-13,20,2025-07-16 00:00,2025-07-16 00:00,2025-06-26|2025-06-27|2025-06-28|2025-06-29|2025-06-30|2025-07-01|2025-07-02|2025-07-03|2025-07-04|2025-07-05|2025-07-06|2025-07-07|2025-07-08|2025-07-09|2025-07-10|2025-07-11|2025-07-12|2025-07-13|2025-07-14|2025-07-15,144
q4_3,S2,2025-07-16,6,highs-ipm,0.06579208300536266,14516.027833797572,2.2737367544323206e-13,8.881784197001252e-13,20,2025-07-16 06:00,2025-07-16 06:00,2025-06-26|2025-06-27|2025-06-28|2025-06-29|2025-06-30|2025-07-01|2025-07-02|2025-07-03|2025-07-04|2025-07-05|2025-07-06|2025-07-07|2025-07-08|2025-07-09|2025-07-10|2025-07-11|2025-07-12|2025-07-13|2025-07-14|2025-07-15,144
q4_3,S2,2025-07-16,12,highs-ipm,0.06938087500020629,27508.399379796032,2.2737367544323206e-13,9.663381206337363e-13,20,2025-07-16 12:00,2025-07-16 12:00,2025-06-26|2025-06-27|2025-06-28|2025-06-29|2025-06-30|2025-07-01|2025-07-02|2025-07-03|2025-07-04|2025-07-05|2025-07-06|2025-07-07|2025-07-08|2025-07-09|2025-07-10|2025-07-11|2025-07-12|2025-07-13|2025-07-14|2025-07-15,144
q4_3,S2,2025-07-17,0,highs-ipm,0.049940917000640184,3130.457206732493,2.2737367544323206e-13,7.958078640513122e-13,20,2025-07-17 00:00,2025-07-17 00:00,2025-06-27|2025-06-28|2025-06-29|2025-06-30|2025-07-01|2025-07-02|2025-07-03|2025-07-04|2025-07-05|2025-07-06|2025-07-07|2025-07-08|2025-07-09|2025-07-10|2025-07-11|2025-07-12|2025-07-13|2025-07-14|2025-07-15|2025-07-16,144
q4_3,S2,2025-07-17,6,highs-ipm,0.07099541599745862,13612.876743657833,2.2737367544323206e-13,8.526512829121202e-13,20,2025-07-17 06:00,2025-07-17 06:00,2025-06-27|2025-06-28|2025-06-29|2025-06-30|2025-07-01|2025-07-02|2025-07-03|2025-07-04|2025-07-05|2025-07-06|2025-07-07|2025-07-08|2025-07-09|2025-07-10|2025-07-11|2025-07-12|2025-07-13|2025-07-14|2025-07-15|2025-07-16,144
q4_3,S2,2025-07-17,12,highs-ipm,0.07063720800215378,14236.40690776116,2.2737367544323206e-13,9.094947017729282e-13,20,2025-07-17 12:00,2025-07-17 12:00,2025-06-27|2025-06-28|2025-06-29|2025-06-30|2025-07-01|2025-07-02|2025-07-03|2025-07-04|2025-07-05|2025-07-06|2025-07-07|2025-07-08|2025-07-09|2025-07-10|2025-07-11|2025-07-12|2025-07-13|2025-07-14|2025-07-15|2025-07-16,144
q4_3,S2,2025-07-18,0,highs-ipm,0.05805520799913211,1831.0602012033153,2.2737367544323206e-13,8.526512829121202e-13,20,2025-07-18 00:00,2025-07-18 00:00,2025-06-28|2025-06-29|2025-06-30|2025-07-01|2025-07-02|2025-07-03|2025-07-04|2025-07-05|2025-07-06|2025-07-07|2025-07-08|2025-07-09|2025-07-10|2025-07-11|2025-07-12|2025-07-13|2025-07-14|2025-07-15|2025-07-16|2025-07-17,144
q4_3,S2,2025-07-18,6,highs-ipm,0.07258712500333786,10217.181290586754,2.2737367544323206e-13,9.094947017729282e-13,20,2025-07-18 06:00,2025-07-18 06:00,2025-06-28|2025-06-29|2025-06-30|2025-07-01|2025-07-02|2025-07-03|2025-07-04|2025-07-05|2025-07-06|2025-07-07|2025-07-08|2025-07-09|2025-07-10|2025-07-11|2025-07-12|2025-07-13|2025-07-14|2025-07-15|2025-07-16|2025-07-17,144
q4_3,S2,2025-07-18,12,highs-ipm,0.08046750000357861,8611.759980417783,1.1368683772161603e-13,9.094947017729282e-13,20,2025-07-18 12:00,2025-07-18 12:00,2025-06-28|2025-06-29|2025-06-30|2025-07-01|2025-07-02|2025-07-03|2025-07-04|2025-07-05|2025-07-06|2025-07-07|2025-07-08|2025-07-09|2025-07-10|2025-07-11|2025-07-12|2025-07-13|2025-07-14|2025-07-15|2025-07-16|2025-07-17,144
q4_3,S2,2025-07-19,0,highs-ipm,0.05880970799626084,1764.002465543513,1.1368683772161603e-13,1.0231815394945443e-12,20,2025-07-19 00:00,2025-07-19 00:00,2025-06-29|2025-06-30|2025-07-01|2025-07-02|2025-07-03|2025-07-04|2025-07-05|2025-07-06|2025-07-07|2025-07-08|2025-07-09|2025-07-10|2025-07-11|2025-07-12|2025-07-13|2025-07-14|2025-07-15|2025-07-16|2025-07-17|2025-07-18,144
q4_3,S2,2025-07-19,6,highs-ipm,0.0783282499978668,14804.044428006098,1.1368683772161603e-13,1.0231815394945443e-12,20,2025-07-19 06:00,2025-07-19 06:00,2025-06-29|2025-06-30|2025-07-01|2025-07-02|2025-07-03|2025-07-04|2025-07-05|2025-07-06|2025-07-07|2025-07-08|2025-07-09|2025-07-10|2025-07-11|2025-07-12|2025-07-13|2025-07-14|2025-07-15|2025-07-16|2025-07-17|2025-07-18,144
q4_3,S2,2025-07-19,12,highs-ipm,0.07949741699849255,19512.005342147302,2.2737367544323206e-13,7.958078640513122e-13,20,2025-07-19 12:00,2025-07-19 12:00,2025-06-29|2025-06-30|2025-07-01|2025-07-02|2025-07-03|2025-07-04|2025-07-05|2025-07-06|2025-07-07|2025-07-08|2025-07-09|2025-07-10|2025-07-11|2025-07-12|2025-07-13|2025-07-14|2025-07-15|2025-07-16|2025-07-17|2025-07-18,144
q4_3,S2,2025-07-20,0,highs-ipm,0.055735874993843026,3151.994652130816,3.410605131648481e-13,9.094947017729282e-13,20,2025-07-20 00:00,2025-07-20 00:00,2025-06-30|2025-07-01|2025-07-02|2025-07-03|2025-07-04|2025-07-05|2025-07-06|2025-07-07|2025-07-08|2025-07-09|2025-07-10|2025-07-11|2025-07-12|2025-07-13|2025-07-14|2025-07-15|2025-07-16|2025-07-17|2025-07-18|2025-07-19,144
q4_3,S2,2025-07-20,6,highs-ipm,0.07125954200455453,16516.984279166027,2.2737367544323206e-13,9.094947017729282e-13,20,2025-07-20 06:00,2025-07-20 06:00,2025-06-30|2025-07-01|2025-07-02|2025-07-03|2025-07-04|2025-07-05|2025-07-06|2025-07-07|2025-07-08|2025-07-09|2025-07-10|2025-07-11|2025-07-12|2025-07-13|2025-07-14|2025-07-15|2025-07-16|2025-07-17|2025-07-18|2025-07-19,144
q4_3,S2,2025-07-20,12,highs-ipm,0.06601612499798648,23464.644950879258,2.2737367544323206e-13,1.0231815394945443e-12,20,2025-07-20 12:00,2025-07-20 12:00,2025-06-30|2025-07-01|2025-07-02|2025-07-03|2025-07-04|2025-07-05|2025-07-06|2025-07-07|2025-07-08|2025-07-09|2025-07-10|2025-07-11|2025-07-12|2025-07-13|2025-07-14|2025-07-15|2025-07-16|2025-07-17|2025-07-18|2025-07-19,144
q4_3,S2,2025-07-21,0,highs-ipm,0.05118729200330563,3170.113883486283,2.2737367544323206e-13,9.094947017729282e-13,20,2025-07-21 00:00,2025-07-21 00:00,2025-07-01|2025-07-02|2025-07-03|2025-07-04|2025-07-05|2025-07-06|2025-07-07|2025-07-08|2025-07-09|2025-07-10|2025-07-11|2025-07-12|2025-07-13|2025-07-14|2025-07-15|2025-07-16|2025-07-17|2025-07-18|2025-07-19|2025-07-20,144
q4_3,S2,2025-07-21,6,highs-ipm,0.07196733299497282,15693.892363904853,1.1368683772161603e-13,9.094947017729282e-13,20,2025-07-21 06:00,2025-07-21 06:00,2025-07-01|2025-07-02|2025-07-03|2025-07-04|2025-07-05|2025-07-06|2025-07-07|2025-07-08|2025-07-09|2025-07-10|2025-07-11|2025-07-12|2025-07-13|2025-07-14|2025-07-15|2025-07-16|2025-07-17|2025-07-18|2025-07-19|2025-07-20,144
q4_3,S2,2025-07-21,12,highs-ipm,0.06982462500309339,27812.141210257032,2.2737367544323206e-13,9.094947017729282e-13,20,2025-07-21 12:00,2025-07-21 12:00,2025-07-01|2025-07-02|2025-07-03|2025-07-04|2025-07-05|2025-07-06|2025-07-07|2025-07-08|2025-07-09|2025-07-10|2025-07-11|2025-07-12|2025-07-13|2025-07-14|2025-07-15|2025-07-16|2025-07-17|2025-07-18|2025-07-19|2025-07-20,144
q4_3,S2,2025-07-22,0,highs-ipm,0.051705333004065324,3422.757653683159,2.8421709430404007e-13,8.526512829121202e-13,20,2025-07-22 00:00,2025-07-22 00:00,2025-07-02|2025-07-03|2025-07-04|2025-07-05|2025-07-06|2025-07-07|2025-07-08|2025-07-09|2025-07-10|2025-07-11|2025-07-12|2025-07-13|2025-07-14|2025-07-15|2025-07-16|2025-07-17|2025-07-18|2025-07-19|2025-07-20|2025-07-21,144
q4_3,S2,2025-07-22,6,highs-ipm,0.06782716699672164,26424.258633197045,2.2737367544323206e-13,9.094947017729282e-13,20,2025-07-22 06:00,2025-07-22 06:00,2025-07-02|2025-07-03|2025-07-04|2025-07-05|2025-07-06|2025-07-07|2025-07-08|2025-07-09|2025-07-10|2025-07-11|2025-07-12|2025-07-13|2025-07-14|2025-07-15|2025-07-16|2025-07-17|2025-07-18|2025-07-19|2025-07-20|2025-07-21,144
q4_3,S2,2025-07-22,12,highs-ipm,0.06281054199644132,23025.056294577924,3.410605131648481e-13,9.663381206337363e-13,20,2025-07-22 12:00,2025-07-22 12:00,2025-07-02|2025-07-03|2025-07-04|2025-07-05|2025-07-06|2025-07-07|2025-07-08|2025-07-09|2025-07-10|2025-07-11|2025-07-12|2025-07-13|2025-07-14|2025-07-15|2025-07-16|2025-07-17|2025-07-18|2025-07-19|2025-07-20|2025-07-21,144
q4_3,S2,2025-07-23,0,highs-ipm,0.048354833998018876,3770.67608114602,2.2737367544323206e-13,1.0231815394945443e-12,20,2025-07-23 00:00,2025-07-23 00:00,2025-07-03|2025-07-04|2025-07-05|2025-07-06|2025-07-07|2025-07-08|2025-07-09|2025-07-10|2025-07-11|2025-07-12|2025-07-13|2025-07-14|2025-07-15|2025-07-16|2025-07-17|2025-07-18|2025-07-19|2025-07-20|2025-07-21|2025-07-22,144
q4_3,S2,2025-07-23,6,highs-ipm,0.06573545799619751,13252.898870345907,1.1368683772161603e-13,8.526512829121202e-13,20,2025-07-23 06:00,2025-07-23 06:00,2025-07-03|2025-07-04|2025-07-05|2025-07-06|2025-07-07|2025-07-08|2025-07-09|2025-07-10|2025-07-11|2025-07-12|2025-07-13|2025-07-14|2025-07-15|2025-07-16|2025-07-17|2025-07-18|2025-07-19|2025-07-20|2025-07-21|2025-07-22,144
q4_3,S2,2025-07-23,12,highs-ipm,0.06646754200482974,22658.843027653562,2.2737367544323206e-13,7.958078640513122e-13,20,2025-07-23 12:00,2025-07-23 12:00,2025-07-03|2025-07-04|2025-07-05|2025-07-06|2025-07-07|2025-07-08|2025-07-09|2025-07-10|2025-07-11|2025-07-12|2025-07-13|2025-07-14|2025-07-15|2025-07-16|2025-07-17|2025-07-18|2025-07-19|2025-07-20|2025-07-21|2025-07-22,144
q4_3,S2,2025-07-24,0,highs-ipm,0.04748233399732271,3620.5449718893824,2.2737367544323206e-13,7.958078640513122e-13,20,2025-07-24 00:00,2025-07-24 00:00,2025-07-04|2025-07-05|2025-07-06|2025-07-07|2025-07-08|2025-07-09|2025-07-10|2025-07-11|2025-07-12|2025-07-13|2025-07-14|2025-07-15|2025-07-16|2025-07-17|2025-07-18|2025-07-19|2025-07-20|2025-07-21|2025-07-22|2025-07-23,144
q4_3,S2,2025-07-24,6,highs-ipm,0.06939837500249268,9137.556439398177,2.2737367544323206e-13,9.094947017729282e-13,20,2025-07-24 06:00,2025-07-24 06:00,2025-07-04|2025-07-05|2025-07-06|2025-07-07|2025-07-08|2025-07-09|2025-07-10|2025-07-11|2025-07-12|2025-07-13|2025-07-14|2025-07-15|2025-07-16|2025-07-17|2025-07-18|2025-07-19|2025-07-20|2025-07-21|2025-07-22|2025-07-23,144
q4_3,S2,2025-07-24,12,highs-ipm,0.06389258299896028,8568.312338386395,1.1368683772161603e-13,9.094947017729282e-13,20,2025-07-24 12:00,2025-07-24 12:00,2025-07-04|2025-07-05|2025-07-06|2025-07-07|2025-07-08|2025-07-09|2025-07-10|2025-07-11|2025-07-12|2025-07-13|2025-07-14|2025-07-15|2025-07-16|2025-07-17|2025-07-18|2025-07-19|2025-07-20|2025-07-21|2025-07-22|2025-07-23,144
q4_3,S2,2025-07-25,0,highs-ipm,0.06417450000299141,1474.7858080777305,1.1368683772161603e-13,9.094947017729282e-13,20,2025-07-25 00:00,2025-07-25 00:00,2025-07-05|2025-07-06|2025-07-07|2025-07-08|2025-07-09|2025-07-10|2025-07-11|2025-07-12|2025-07-13|2025-07-14|2025-07-15|2025-07-16|2025-07-17|2025-07-18|2025-07-19|2025-07-20|2025-07-21|2025-07-22|2025-07-23|2025-07-24,144
q4_3,S2,2025-07-25,6,highs-ipm,0.09769716699520359,11373.729032865755,2.2737367544323206e-13,9.094947017729282e-13,20,2025-07-25 06:00,2025-07-25 06:00,2025-07-05|2025-07-06|2025-07-07|2025-07-08|2025-07-09|2025-07-10|2025-07-11|2025-07-12|2025-07-13|2025-07-14|2025-07-15|2025-07-16|2025-07-17|2025-07-18|2025-07-19|2025-07-20|2025-07-21|2025-07-22|2025-07-23|2025-07-24,144
q4_3,S2,2025-07-25,12,highs-ipm,0.07399325000005774,12662.910401035613,5.684341886080802e-14,9.094947017729282e-13,20,2025-07-25 12:00,2025-07-25 12:00,2025-07-05|2025-07-06|2025-07-07|2025-07-08|2025-07-09|2025-07-10|2025-07-11|2025-07-12|2025-07-13|2025-07-14|2025-07-15|2025-07-16|2025-07-17|2025-07-18|2025-07-19|2025-07-20|2025-07-21|2025-07-22|2025-07-23|2025-07-24,144
q4_3,S2,2025-07-26,0,highs-ipm,0.05922199999622535,1834.2286457446337,1.1368683772161603e-13,9.094947017729282e-13,20,2025-07-26 00:00,2025-07-26 00:00,2025-07-06|2025-07-07|2025-07-08|2025-07-09|2025-07-10|2025-07-11|2025-07-12|2025-07-13|2025-07-14|2025-07-15|2025-07-16|2025-07-17|2025-07-18|2025-07-19|2025-07-20|2025-07-21|2025-07-22|2025-07-23|2025-07-24|2025-07-25,144
q4_3,S2,2025-07-26,6,highs-ipm,0.06684137500269571,16473.118438354504,1.1368683772161603e-13,9.094947017729282e-13,20,2025-07-26 06:00,2025-07-26 06:00,2025-07-06|2025-07-07|2025-07-08|2025-07-09|2025-07-10|2025-07-11|2025-07-12|2025-07-13|2025-07-14|2025-07-15|2025-07-16|2025-07-17|2025-07-18|2025-07-19|2025-07-20|2025-07-21|2025-07-22|2025-07-23|2025-07-24|2025-07-25,144
q4_3,S2,2025-07-26,12,highs-ipm,0.07663929199770791,33053.03710624647,2.2737367544323206e-13,9.094947017729282e-13,20,2025-07-26 12:00,2025-07-26 12:00,2025-07-06|2025-07-07|2025-07-08|2025-07-09|2025-07-10|2025-07-11|2025-07-12|2025-07-13|2025-07-14|2025-07-15|2025-07-16|2025-07-17|2025-07-18|2025-07-19|2025-07-20|2025-07-21|2025-07-22|2025-07-23|2025-07-24|2025-07-25,144
q4_3,S2,2025-07-27,0,highs-ipm,0.05400204099714756,3264.3363510990494,7.815970093361102e-13,8.668621376273222e-13,20,2025-07-27 00:00,2025-07-27 00:00,2025-07-07|2025-07-08|2025-07-09|2025-07-10|2025-07-11|2025-07-12|2025-07-13|2025-07-14|2025-07-15|2025-07-16|2025-07-17|2025-07-18|2025-07-19|2025-07-20|2025-07-21|2025-07-22|2025-07-23|2025-07-24|2025-07-25|2025-07-26,144
q4_3,S2,2025-07-27,6,highs-ipm,0.06722629100113409,18542.874680500616,2.2737367544323206e-13,9.094947017729282e-13,20,2025-07-27 06:00,2025-07-27 06:00,2025-07-07|2025-07-08|2025-07-09|2025-07-10|2025-07-11|2025-07-12|2025-07-13|2025-07-14|2025-07-15|2025-07-16|2025-07-17|2025-07-18|2025-07-19|2025-07-20|2025-07-21|2025-07-22|2025-07-23|2025-07-24|2025-07-25|2025-07-26,144
q4_3,S2,2025-07-27,12,highs-ipm,0.06939129199599847,29165.005126157128,2.2737367544323206e-13,9.094947017729282e-13,20,2025-07-27 12:00,2025-07-27 12:00,2025-07-07|2025-07-08|2025-07-09|2025-07-10|2025-07-11|2025-07-12|2025-07-13|2025-07-14|2025-07-15|2025-07-16|2025-07-17|2025-07-18|2025-07-19|2025-07-20|2025-07-21|2025-07-22|2025-07-23|2025-07-24|2025-07-25|2025-07-26,144
q4_3,S2,2025-07-28,0,highs-ipm,0.051688500003365334,3190.2913686086818,2.2737367544323206e-13,9.094947017729282e-13,20,2025-07-28 00:00,2025-07-28 00:00,2025-07-08|2025-07-09|2025-07-10|2025-07-11|2025-07-12|2025-07-13|2025-07-14|2025-07-15|2025-07-16|2025-07-17|2025-07-18|2025-07-19|2025-07-20|2025-07-21|2025-07-22|2025-07-23|2025-07-24|2025-07-25|2025-07-26|2025-07-27,144
q4_3,S2,2025-07-28,6,highs-ipm,0.0743445000043721,20035.238881201993,2.2737367544323206e-13,8.100187187665142e-13,20,2025-07-28 06:00,2025-07-28 06:00,2025-07-08|2025-07-09|2025-07-10|2025-07-11|2025-07-12|2025-07-13|2025-07-14|2025-07-15|2025-07-16|2025-07-17|2025-07-18|2025-07-19|2025-07-20|2025-07-21|2025-07-22|2025-07-23|2025-07-24|2025-07-25|2025-07-26|2025-07-27,144
q4_3,S2,2025-07-28,12,highs-ipm,0.07560666700010188,25197.262314098563,2.2737367544323206e-13,9.094947017729282e-13,20,2025-07-28 12:00,2025-07-28 12:00,2025-07-08|2025-07-09|2025-07-10|2025-07-11|2025-07-12|2025-07-13|2025-07-14|2025-07-15|2025-07-16|2025-07-17|2025-07-18|2025-07-19|2025-07-20|2025-07-21|2025-07-22|2025-07-23|2025-07-24|2025-07-25|2025-07-26|2025-07-27,144
q4_3,S2,2025-07-29,0,highs-ipm,0.05247479099489283,3148.835064361512,4.547473508864641e-13,9.094947017729282e-13,20,2025-07-29 00:00,2025-07-29 00:00,2025-07-09|2025-07-10|2025-07-11|2025-07-12|2025-07-13|2025-07-14|2025-07-15|2025-07-16|2025-07-17|2025-07-18|2025-07-19|2025-07-20|2025-07-21|2025-07-22|2025-07-23|2025-07-24|2025-07-25|2025-07-26|2025-07-27|2025-07-28,144
q4_3,S2,2025-07-29,6,highs-ipm,0.06911037499958184,22927.384528212468,2.2737367544323206e-13,8.526512829121202e-13,20,2025-07-29 06:00,2025-07-29 06:00,2025-07-09|2025-07-10|2025-07-11|2025-07-12|2025-07-13|2025-07-14|2025-07-15|2025-07-16|2025-07-17|2025-07-18|2025-07-19|2025-07-20|2025-07-21|2025-07-22|2025-07-23|2025-07-24|2025-07-25|2025-07-26|2025-07-27|2025-07-28,144
q4_3,S2,2025-07-29,12,highs-ipm,0.06586199999583187,24018.329555846845,2.2737367544323206e-13,8.526512829121202e-13,20,2025-07-29 12:00,2025-07-29 12:00,2025-07-09|2025-07-10|2025-07-11|2025-07-12|2025-07-13|2025-07-14|2025-07-15|2025-07-16|2025-07-17|2025-07-18|2025-07-19|2025-07-20|2025-07-21|2025-07-22|2025-07-23|2025-07-24|2025-07-25|2025-07-26|2025-07-27|2025-07-28,144
q4_3,S2,2025-07-30,0,highs-ipm,0.04920266700355569,2852.6328318190826,2.2737367544323206e-13,8.526512829121202e-13,20,2025-07-30 00:00,2025-07-30 00:00,2025-07-10|2025-07-11|2025-07-12|2025-07-13|2025-07-14|2025-07-15|2025-07-16|2025-07-17|2025-07-18|2025-07-19|2025-07-20|2025-07-21|2025-07-22|2025-07-23|2025-07-24|2025-07-25|2025-07-26|2025-07-27|2025-07-28|2025-07-29,144
q4_3,S2,2025-07-30,6,highs-ipm,0.07469699999637669,26440.190190541034,2.2737367544323206e-13,8.526512829121202e-13,20,2025-07-30 06:00,2025-07-30 06:00,2025-07-10|2025-07-11|2025-07-12|2025-07-13|2025-07-14|2025-07-15|2025-07-16|2025-07-17|2025-07-18|2025-07-19|2025-07-20|2025-07-21|2025-07-22|2025-07-23|2025-07-24|2025-07-25|2025-07-26|2025-07-27|2025-07-28|2025-07-29,144
q4_3,S2,2025-07-30,12,highs-ipm,0.07056179200299084,28163.593776409565,2.2737367544323206e-13,8.189005029635155e-13,20,2025-07-30 12:00,2025-07-30 12:00,2025-07-10|2025-07-11|2025-07-12|2025-07-13|2025-07-14|2025-07-15|2025-07-16|2025-07-17|2025-07-18|2025-07-19|2025-07-20|2025-07-21|2025-07-22|2025-07-23|2025-07-24|2025-07-25|2025-07-26|2025-07-27|2025-07-28|2025-07-29,144
q4_3,S2,2025-07-31,0,highs-ipm,0.050287541998841334,3092.0920140725975,2.2737367544323206e-13,1.0231815394945443e-12,20,2025-07-31 00:00,2025-07-31 00:00,2025-07-11|2025-07-12|2025-07-13|2025-07-14|2025-07-15|2025-07-16|2025-07-17|2025-07-18|2025-07-19|2025-07-20|2025-07-21|2025-07-22|2025-07-23|2025-07-24|2025-07-25|2025-07-26|2025-07-27|2025-07-28|2025-07-29|2025-07-30,144
q4_3,S2,2025-07-31,6,highs-ipm,0.06761191700206837,14353.104313317155,2.2737367544323206e-13,8.881784197001252e-13,20,2025-07-31 06:00,2025-07-31 06:00,2025-07-11|2025-07-12|2025-07-13|2025-07-14|2025-07-15|2025-07-16|2025-07-17|2025-07-18|2025-07-19|2025-07-20|2025-07-21|2025-07-22|2025-07-23|2025-07-24|2025-07-25|2025-07-26|2025-07-27|2025-07-28|2025-07-29|2025-07-30,144
q4_3,S2,2025-07-31,12,highs-ipm,0.08012420799786923,11785.513914094374,1.1368683772161603e-13,8.633094239485217e-13,20,2025-07-31 12:00,2025-07-31 12:00,2025-07-11|2025-07-12|2025-07-13|2025-07-14|2025-07-15|2025-07-16|2025-07-17|2025-07-18|2025-07-19|2025-07-20|2025-07-21|2025-07-22|2025-07-23|2025-07-24|2025-07-25|2025-07-26|2025-07-27|2025-07-28|2025-07-29|2025-07-30,144
q4_3,S2,2025-08-01,0,highs-ipm,0.06956279199948767,1410.339634795515,2.2737367544323206e-13,9.094947017729282e-13,20,2025-08-01 00:00,2025-08-01 00:00,2025-07-12|2025-07-13|2025-07-14|2025-07-15|2025-07-16|2025-07-17|2025-07-18|2025-07-19|2025-07-20|2025-07-21|2025-07-22|2025-07-23|2025-07-24|2025-07-25|2025-07-26|2025-07-27|2025-07-28|2025-07-29|2025-07-30|2025-07-31,144
q4_3,S2,2025-08-01,6,highs-ipm,0.07553208299941616,10463.59339452443,2.2737367544323206e-13,9.094947017729282e-13,20,2025-08-01 06:00,2025-08-01 06:00,2025-07-12|2025-07-13|2025-07-14|2025-07-15|2025-07-16|2025-07-17|2025-07-18|2025-07-19|2025-07-20|2025-07-21|2025-07-22|2025-07-23|2025-07-24|2025-07-25|2025-07-26|2025-07-27|2025-07-28|2025-07-29|2025-07-30|2025-07-31,144
q4_3,S2,2025-08-01,12,highs-ipm,0.07451341699925251,8878.266642076613,2.2737367544323206e-13,9.094947017729282e-13,20,2025-08-01 12:00,2025-08-01 12:00,2025-07-12|2025-07-13|2025-07-14|2025-07-15|2025-07-16|2025-07-17|2025-07-18|2025-07-19|2025-07-20|2025-07-21|2025-07-22|2025-07-23|2025-07-24|2025-07-25|2025-07-26|2025-07-27|2025-07-28|2025-07-29|2025-07-30|2025-07-31,144
q4_3,S2,2025-08-02,0,highs-ipm,0.05664750000141794,1936.5401129748627,1.1368683772161603e-13,7.389644451905042e-13,20,2025-08-02 00:00,2025-08-02 00:00,2025-07-13|2025-07-14|2025-07-15|2025-07-16|2025-07-17|2025-07-18|2025-07-19|2025-07-20|2025-07-21|2025-07-22|2025-07-23|2025-07-24|2025-07-25|2025-07-26|2025-07-27|2025-07-28|2025-07-29|2025-07-30|2025-07-31|2025-08-01,144
q4_3,S2,2025-08-02,6,highs-ipm,0.08027995799784549,15283.20233750883,2.2737367544323206e-13,9.094947017729282e-13,20,2025-08-02 06:00,2025-08-02 06:00,2025-07-13|2025-07-14|2025-07-15|2025-07-16|2025-07-17|2025-07-18|2025-07-19|2025-07-20|2025-07-21|2025-07-22|2025-07-23|2025-07-24|2025-07-25|2025-07-26|2025-07-27|2025-07-28|2025-07-29|2025-07-30|2025-07-31|2025-08-01,144
q4_3,S2,2025-08-02,12,highs-ipm,0.07568045800144318,20436.636462107996,2.2737367544323206e-13,9.094947017729282e-13,20,2025-08-02 12:00,2025-08-02 12:00,2025-07-13|2025-07-14|2025-07-15|2025-07-16|2025-07-17|2025-07-18|2025-07-19|2025-07-20|2025-07-21|2025-07-22|2025-07-23|2025-07-24|2025-07-25|2025-07-26|2025-07-27|2025-07-28|2025-07-29|2025-07-30|2025-07-31|2025-08-01,144
q4_3,S2,2025-08-03,0,highs-ipm,0.05512941699998919,2752.4583683745964,1.1368683772161603e-13,8.810729923425242e-13,20,2025-08-03 00:00,2025-08-03 00:00,2025-07-14|2025-07-15|2025-07-16|2025-07-17|2025-07-18|2025-07-19|2025-07-20|2025-07-21|2025-07-22|2025-07-23|2025-07-24|2025-07-25|2025-07-26|2025-07-27|2025-07-28|2025-07-29|2025-07-30|2025-07-31|2025-08-01|2025-08-02,144
q4_3,S2,2025-08-03,6,highs-ipm,0.0685033750050934,19466.658296403482,1.1368683772161603e-13,8.752998326144734e-13,20,2025-08-03 06:00,2025-08-03 06:00,2025-07-14|2025-07-15|2025-07-16|2025-07-17|2025-07-18|2025-07-19|2025-07-20|2025-07-21|2025-07-22|2025-07-23|2025-07-24|2025-07-25|2025-07-26|2025-07-27|2025-07-28|2025-07-29|2025-07-30|2025-07-31|2025-08-01|2025-08-02,144
q4_3,S2,2025-08-03,12,highs-ipm,0.06828479099931428,21532.46513762566,2.2737367544323206e-13,9.094947017729282e-13,20,2025-08-03 12:00,2025-08-03 12:00,2025-07-14|2025-07-15|2025-07-16|2025-07-17|2025-07-18|2025-07-19|2025-07-20|2025-07-21|2025-07-22|2025-07-23|2025-07-24|2025-07-25|2025-07-26|2025-07-27|2025-07-28|2025-07-29|2025-07-30|2025-07-31|2025-08-01|2025-08-02,144
q4_3,S2,2025-08-04,0,highs-ipm,0.05363208299968392,2731.0512690493606,2.2737367544323206e-13,7.958078640513122e-13,20,2025-08-04 00:00,2025-08-04 00:00,2025-07-15|2025-07-16|2025-07-17|2025-07-18|2025-07-19|2025-07-20|2025-07-21|2025-07-22|2025-07-23|2025-07-24|2025-07-25|2025-07-26|2025-07-27|2025-07-28|2025-07-29|2025-07-30|2025-07-31|2025-08-01|2025-08-02|2025-08-03,144
q4_3,S2,2025-08-04,6,highs-ipm,0.06728020800073864,19014.5245841476,3.410605131648481e-13,8.8662410746565e-13,20,2025-08-04 06:00,2025-08-04 06:00,2025-07-15|2025-07-16|2025-07-17|2025-07-18|2025-07-19|2025-07-20|2025-07-21|2025-07-22|2025-07-23|2025-07-24|2025-07-25|2025-07-26|2025-07-27|2025-07-28|2025-07-29|2025-07-30|2025-07-31|2025-08-01|2025-08-02|2025-08-03,144
q4_3,S2,2025-08-04,12,highs-ipm,0.07455316600680817,20589.982674538052,1.1368683772161603e-13,9.094947017729282e-13,20,2025-08-04 12:00,2025-08-04 12:00,2025-07-15|2025-07-16|2025-07-17|2025-07-18|2025-07-19|2025-07-20|2025-07-21|2025-07-22|2025-07-23|2025-07-24|2025-07-25|2025-07-26|2025-07-27|2025-07-28|2025-07-29|2025-07-30|2025-07-31|2025-08-01|2025-08-02|2025-08-03,144
q4_3,S2,2025-08-05,0,highs-ipm,0.05451783299940871,2814.7191976701088,2.2737367544323206e-13,8.526512829121202e-13,20,2025-08-05 00:00,2025-08-05 00:00,2025-07-16|2025-07-17|2025-07-18|2025-07-19|2025-07-20|2025-07-21|2025-07-22|2025-07-23|2025-07-24|2025-07-25|2025-07-26|2025-07-27|2025-07-28|2025-07-29|2025-07-30|2025-07-31|2025-08-01|2025-08-02|2025-08-03|2025-08-04,144
q4_3,S2,2025-08-05,6,highs-ipm,0.06826025000191294,19679.06595799777,2.2737367544323206e-13,9.094947017729282e-13,20,2025-08-05 06:00,2025-08-05 06:00,2025-07-16|2025-07-17|2025-07-18|2025-07-19|2025-07-20|2025-07-21|2025-07-22|2025-07-23|2025-07-24|2025-07-25|2025-07-26|2025-07-27|2025-07-28|2025-07-29|2025-07-30|2025-07-31|2025-08-01|2025-08-02|2025-08-03|2025-08-04,144
q4_3,S2,2025-08-05,12,highs-ipm,0.07323679199907929,30052.565969281222,1.1368683772161603e-13,9.094947017729282e-13,20,2025-08-05 12:00,2025-08-05 12:00,2025-07-16|2025-07-17|2025-07-18|2025-07-19|2025-07-20|2025-07-21|2025-07-22|2025-07-23|2025-07-24|2025-07-25|2025-07-26|2025-07-27|2025-07-28|2025-07-29|2025-07-30|2025-07-31|2025-08-01|2025-08-02|2025-08-03|2025-08-04,144
q4_3,S2,2025-08-06,0,highs-ipm,0.0521794169981149,2822.7234290523634,1.2505552149377763e-12,7.958078640513122e-13,20,2025-08-06 00:00,2025-08-06 00:00,2025-07-17|2025-07-18|2025-07-19|2025-07-20|2025-07-21|2025-07-22|2025-07-23|2025-07-24|2025-07-25|2025-07-26|2025-07-27|2025-07-28|2025-07-29|2025-07-30|2025-07-31|2025-08-01|2025-08-02|2025-08-03|2025-08-04|2025-08-05,144
q4_3,S2,2025-08-06,6,highs-ipm,0.0686187909959699,14984.917360156001,1.1368683772161603e-13,9.094947017729282e-13,20,2025-08-06 06:00,2025-08-06 06:00,2025-07-17|2025-07-18|2025-07-19|2025-07-20|2025-07-21|2025-07-22|2025-07-23|2025-07-24|2025-07-25|2025-07-26|2025-07-27|2025-07-28|2025-07-29|2025-07-30|2025-07-31|2025-08-01|2025-08-02|2025-08-03|2025-08-04|2025-08-05,144
q4_3,S2,2025-08-06,12,highs-ipm,0.06870274999528192,21543.048793093494,1.1368683772161603e-13,9.094947017729282e-13,20,2025-08-06 12:00,2025-08-06 12:00,2025-07-17|2025-07-18|2025-07-19|2025-07-20|2025-07-21|2025-07-22|2025-07-23|2025-07-24|2025-07-25|2025-07-26|2025-07-27|2025-07-28|2025-07-29|2025-07-30|2025-07-31|2025-08-01|2025-08-02|2025-08-03|2025-08-04|2025-08-05,144
q4_3,S2,2025-08-07,0,highs-ipm,0.05146316700120224,3353.039114841868,5.968558980384842e-13,8.526512829121202e-13,20,2025-08-07 00:00,2025-08-07 00:00,2025-07-18|2025-07-19|2025-07-20|2025-07-21|2025-07-22|2025-07-23|2025-07-24|2025-07-25|2025-07-26|2025-07-27|2025-07-28|2025-07-29|2025-07-30|2025-07-31|2025-08-01|2025-08-02|2025-08-03|2025-08-04|2025-08-05|2025-08-06,144
q4_3,S2,2025-08-07,6,highs-ipm,0.07432283399975859,10309.200925206713,2.2737367544323206e-13,8.86402062860725e-13,20,2025-08-07 06:00,2025-08-07 06:00,2025-07-18|2025-07-19|2025-07-20|2025-07-21|2025-07-22|2025-07-23|2025-07-24|2025-07-25|2025-07-26|2025-07-27|2025-07-28|2025-07-29|2025-07-30|2025-07-31|2025-08-01|2025-08-02|2025-08-03|2025-08-04|2025-08-05|2025-08-06,144
q4_3,S2,2025-08-07,12,highs-ipm,0.07751291699969443,9016.736680871509,1.1368683772161603e-13,7.958078640513122e-13,20,2025-08-07 12:00,2025-08-07 12:00,2025-07-18|2025-07-19|2025-07-20|2025-07-21|2025-07-22|2025-07-23|2025-07-24|2025-07-25|2025-07-26|2025-07-27|2025-07-28|2025-07-29|2025-07-30|2025-07-31|2025-08-01|2025-08-02|2025-08-03|2025-08-04|2025-08-05|2025-08-06,144
q4_3,S2,2025-08-08,0,highs-ipm,0.06186554099986097,1468.7118640372612,2.2737367544323206e-13,9.094947017729282e-13,20,2025-08-08 00:00,2025-08-08 00:00,2025-07-19|2025-07-20|2025-07-21|2025-07-22|2025-07-23|2025-07-24|2025-07-25|2025-07-26|2025-07-27|2025-07-28|2025-07-29|2025-07-30|2025-07-31|2025-08-01|2025-08-02|2025-08-03|2025-08-04|2025-08-05|2025-08-06|2025-08-07,144
q4_3,S2,2025-08-08,6,highs-ipm,0.07425225000042701,10179.774669560875,2.2737367544323206e-13,9.094947017729282e-13,20,2025-08-08 06:00,2025-08-08 06:00,2025-07-19|2025-07-20|2025-07-21|2025-07-22|2025-07-23|2025-07-24|2025-07-25|2025-07-26|2025-07-27|2025-07-28|2025-07-29|2025-07-30|2025-07-31|2025-08-01|2025-08-02|2025-08-03|2025-08-04|2025-08-05|2025-08-06|2025-08-07,144
q4_3,S2,2025-08-08,12,highs-ipm,0.07814045799750602,9593.180559289207,1.1368683772161603e-13,9.094947017729282e-13,20,2025-08-08 12:00,2025-08-08 12:00,2025-07-19|2025-07-20|2025-07-21|2025-07-22|2025-07-23|2025-07-24|2025-07-25|2025-07-26|2025-07-27|2025-07-28|2025-07-29|2025-07-30|2025-07-31|2025-08-01|2025-08-02|2025-08-03|2025-08-04|2025-08-05|2025-08-06|2025-08-07,144
q4_3,S2,2025-08-09,0,highs-ipm,0.06981991599604953,1328.7603743848736,0.0,8.86402062860725e-13,20,2025-08-09 00:00,2025-08-09 00:00,2025-07-20|2025-07-21|2025-07-22|2025-07-23|2025-07-24|2025-07-25|2025-07-26|2025-07-27|2025-07-28|2025-07-29|2025-07-30|2025-07-31|2025-08-01|2025-08-02|2025-08-03|2025-08-04|2025-08-05|2025-08-06|2025-08-07|2025-08-08,144
q4_3,S2,2025-08-09,6,highs-ipm,0.07866341699991608,14814.714380080444,2.842170943040401e-14,7.496225862269057e-13,20,2025-08-09 06:00,2025-08-09 06:00,2025-07-20|2025-07-21|2025-07-22|2025-07-23|2025-07-24|2025-07-25|2025-07-26|2025-07-27|2025-07-28|2025-07-29|2025-07-30|2025-07-31|2025-08-01|2025-08-02|2025-08-03|2025-08-04|2025-08-05|2025-08-06|2025-08-07|2025-08-08,144
q4_3,S2,2025-08-09,12,highs-ipm,0.0780471670004772,17370.07656462601,2.2737367544323206e-13,9.094947017729282e-13,20,2025-08-09 12:00,2025-08-09 12:00,2025-07-20|2025-07-21|2025-07-22|2025-07-23|2025-07-24|2025-07-25|2025-07-26|2025-07-27|2025-07-28|2025-07-29|2025-07-30|2025-07-31|2025-08-01|2025-08-02|2025-08-03|2025-08-04|2025-08-05|2025-08-06|2025-08-07|2025-08-08,144
q4_3,S2,2025-08-10,0,highs-ipm,0.0554456250029034,3141.942004085354,1.8189894035458565e-12,7.958078640513122e-13,20,2025-08-10 00:00,2025-08-10 00:00,2025-07-21|2025-07-22|2025-07-23|2025-07-24|2025-07-25|2025-07-26|2025-07-27|2025-07-28|2025-07-29|2025-07-30|2025-07-31|2025-08-01|2025-08-02|2025-08-03|2025-08-04|2025-08-05|2025-08-06|2025-08-07|2025-08-08|2025-08-09,144
q4_3,S2,2025-08-10,6,highs-ipm,0.12845025000569876,14308.327818627287,1.1368683772161603e-13,9.094947017729282e-13,20,2025-08-10 06:00,2025-08-10 06:00,2025-07-21|2025-07-22|2025-07-23|2025-07-24|2025-07-25|2025-07-26|2025-07-27|2025-07-28|2025-07-29|2025-07-30|2025-07-31|2025-08-01|2025-08-02|2025-08-03|2025-08-04|2025-08-05|2025-08-06|2025-08-07|2025-08-08|2025-08-09,144
q4_3,S2,2025-08-10,12,highs-ipm,0.0737831670048763,18624.770969360437,2.2737367544323206e-13,9.094947017729282e-13,20,2025-08-10 12:00,2025-08-10 12:00,2025-07-21|2025-07-22|2025-07-23|2025-07-24|2025-07-25|2025-07-26|2025-07-27|2025-07-28|2025-07-29|2025-07-30|2025-07-31|2025-08-01|2025-08-02|2025-08-03|2025-08-04|2025-08-05|2025-08-06|2025-08-07|2025-08-08|2025-08-09,144
q4_3,S2,2025-08-11,0,highs-ipm,0.059371166993514635,2861.8182016025503,1.1368683772161603e-13,8.171241461241152e-13,20,2025-08-11 00:00,2025-08-11 00:00,2025-07-22|2025-07-23|2025-07-24|2025-07-25|2025-07-26|2025-07-27|2025-07-28|2025-07-29|2025-07-30|2025-07-31|2025-08-01|2025-08-02|2025-08-03|2025-08-04|2025-08-05|2025-08-06|2025-08-07|2025-08-08|2025-08-09|2025-08-10,144
q4_3,S2,2025-08-11,6,highs-ipm,0.08260108299873536,16342.1083593195,1.1368683772161603e-13,9.094947017729282e-13,20,2025-08-11 06:00,2025-08-11 06:00,2025-07-22|2025-07-23|2025-07-24|2025-07-25|2025-07-26|2025-07-27|2025-07-28|2025-07-29|2025-07-30|2025-07-31|2025-08-01|2025-08-02|2025-08-03|2025-08-04|2025-08-05|2025-08-06|2025-08-07|2025-08-08|2025-08-09|2025-08-10,144
q4_3,S2,2025-08-11,12,highs-ipm,0.14113862500380492,20233.31391907837,2.2737367544323206e-13,9.094947017729282e-13,20,2025-08-11 12:00,2025-08-11 12:00,2025-07-22|2025-07-23|2025-07-24|2025-07-25|2025-07-26|2025-07-27|2025-07-28|2025-07-29|2025-07-30|2025-07-31|2025-08-01|2025-08-02|2025-08-03|2025-08-04|2025-08-05|2025-08-06|2025-08-07|2025-08-08|2025-08-09|2025-08-10,144
q4_3,S2,2025-08-12,0,highs-ipm,0.08139633300015703,3262.4284567811555,2.2737367544323206e-13,7.958078640513122e-13,20,2025-08-12 00:00,2025-08-12 00:00,2025-07-23|2025-07-24|2025-07-25|2025-07-26|2025-07-27|2025-07-28|2025-07-29|2025-07-30|2025-07-31|2025-08-01|2025-08-02|2025-08-03|2025-08-04|2025-08-05|2025-08-06|2025-08-07|2025-08-08|2025-08-09|2025-08-10|2025-08-11,144
q4_3,S2,2025-08-12,6,highs-ipm,0.07483845899696462,15641.4716346025,2.2737367544323206e-13,8.86402062860725e-13,20,2025-08-12 06:00,2025-08-12 06:00,2025-07-23|2025-07-24|2025-07-25|2025-07-26|2025-07-27|2025-07-28|2025-07-29|2025-07-30|2025-07-31|2025-08-01|2025-08-02|2025-08-03|2025-08-04|2025-08-05|2025-08-06|2025-08-07|2025-08-08|2025-08-09|2025-08-10|2025-08-11,144
q4_3,S2,2025-08-12,12,highs-ipm,0.07936954199976753,29821.099018283083,2.2737367544323206e-13,9.094947017729282e-13,20,2025-08-12 12:00,2025-08-12 12:00,2025-07-23|2025-07-24|2025-07-25|2025-07-26|2025-07-27|2025-07-28|2025-07-29|2025-07-30|2025-07-31|2025-08-01|2025-08-02|2025-08-03|2025-08-04|2025-08-05|2025-08-06|2025-08-07|2025-08-08|2025-08-09|2025-08-10|2025-08-11,144
q4_3,S2,2025-08-13,0,highs-ipm,0.06403208299889229,2770.7916197433233,2.2737367544323206e-13,8.526512829121202e-13,20,2025-08-13 00:00,2025-08-13 00:00,2025-07-24|2025-07-25|2025-07-26|2025-07-27|2025-07-28|2025-07-29|2025-07-30|2025-07-31|2025-08-01|2025-08-02|2025-08-03|2025-08-04|2025-08-05|2025-08-06|2025-08-07|2025-08-08|2025-08-09|2025-08-10|2025-08-11|2025-08-12,144
q4_3,S2,2025-08-13,6,highs-ipm,0.07800404199952027,15727.108666343953,1.1368683772161603e-13,1.0231815394945443e-12,20,2025-08-13 06:00,2025-08-13 06:00,2025-07-24|2025-07-25|2025-07-26|2025-07-27|2025-07-28|2025-07-29|2025-07-30|2025-07-31|2025-08-01|2025-08-02|2025-08-03|2025-08-04|2025-08-05|2025-08-06|2025-08-07|2025-08-08|2025-08-09|2025-08-10|2025-08-11|2025-08-12,144
q4_3,S2,2025-08-13,12,highs-ipm,0.07446870899730129,22561.950810888487,2.2737367544323206e-13,8.881784197001252e-13,20,2025-08-13 12:00,2025-08-13 12:00,2025-07-24|2025-07-25|2025-07-26|2025-07-27|2025-07-28|2025-07-29|2025-07-30|2025-07-31|2025-08-01|2025-08-02|2025-08-03|2025-08-04|2025-08-05|2025-08-06|2025-08-07|2025-08-08|2025-08-09|2025-08-10|2025-08-11|2025-08-12,144
q4_3,S2,2025-08-14,0,highs-ipm,0.059023707995947916,2598.7533154410335,2.2737367544323206e-13,9.094947017729282e-13,20,2025-08-14 00:00,2025-08-14 00:00,2025-07-25|2025-07-26|2025-07-27|2025-07-28|2025-07-29|2025-07-30|2025-07-31|2025-08-01|2025-08-02|2025-08-03|2025-08-04|2025-08-05|2025-08-06|2025-08-07|2025-08-08|2025-08-09|2025-08-10|2025-08-11|2025-08-12|2025-08-13,144
q4_3,S2,2025-08-14,6,highs-ipm,0.08006933300202945,11603.495798309921,3.410605131648481e-13,8.313350008393172e-13,20,2025-08-14 06:00,2025-08-14 06:00,2025-07-25|2025-07-26|2025-07-27|2025-07-28|2025-07-29|2025-07-30|2025-07-31|2025-08-01|2025-08-02|2025-08-03|2025-08-04|2025-08-05|2025-08-06|2025-08-07|2025-08-08|2025-08-09|2025-08-10|2025-08-11|2025-08-12|2025-08-13,144
q4_3,S2,2025-08-14,12,highs-ipm,0.08130712500133086,8199.578545430191,1.1368683772161603e-13,8.668621376273222e-13,20,2025-08-14 12:00,2025-08-14 12:00,2025-07-25|2025-07-26|2025-07-27|2025-07-28|2025-07-29|2025-07-30|2025-07-31|2025-08-01|2025-08-02|2025-08-03|2025-08-04|2025-08-05|2025-08-06|2025-08-07|2025-08-08|2025-08-09|2025-08-10|2025-08-11|2025-08-12|2025-08-13,144
q4_3,S2,2025-08-15,0,highs-ipm,0.0664290830027312,1476.476689745854,2.2737367544323206e-13,8.526512829121202e-13,20,2025-08-15 00:00,2025-08-15 00:00,2025-07-26|2025-07-27|2025-07-28|2025-07-29|2025-07-30|2025-07-31|2025-08-01|2025-08-02|2025-08-03|2025-08-04|2025-08-05|2025-08-06|2025-08-07|2025-08-08|2025-08-09|2025-08-10|2025-08-11|2025-08-12|2025-08-13|2025-08-14,144
q4_3,S2,2025-08-15,6,highs-ipm,0.07879762499942444,8724.485602688657,1.1368683772161603e-13,8.668621376273222e-13,20,2025-08-15 06:00,2025-08-15 06:00,2025-07-26|2025-07-27|2025-07-28|2025-07-29|2025-07-30|2025-07-31|2025-08-01|2025-08-02|2025-08-03|2025-08-04|2025-08-05|2025-08-06|2025-08-07|2025-08-08|2025-08-09|2025-08-10|2025-08-11|2025-08-12|2025-08-13|2025-08-14,144
q4_3,S2,2025-08-15,12,highs-ipm,0.07834379099949729,7580.843875027473,1.1368683772161603e-13,6.821210263296962e-13,20,2025-08-15 12:00,2025-08-15 12:00,2025-07-26|2025-07-27|2025-07-28|2025-07-29|2025-07-30|2025-07-31|2025-08-01|2025-08-02|2025-08-03|2025-08-04|2025-08-05|2025-08-06|2025-08-07|2025-08-08|2025-08-09|2025-08-10|2025-08-11|2025-08-12|2025-08-13|2025-08-14,144
q4_3,S2,2025-08-16,0,highs-ipm,0.0701275000028545,1416.3627445803183,1.1368683772161603e-13,9.094947017729282e-13,20,2025-08-16 00:00,2025-08-16 00:00,2025-07-27|2025-07-28|2025-07-29|2025-07-30|2025-07-31|2025-08-01|2025-08-02|2025-08-03|2025-08-04|2025-08-05|2025-08-06|2025-08-07|2025-08-08|2025-08-09|2025-08-10|2025-08-11|2025-08-12|2025-08-13|2025-08-14|2025-08-15,144
q4_3,S2,2025-08-16,6,highs-ipm,0.07130179199884878,13405.749852209745,0.0,8.988365607365267e-13,20,2025-08-16 06:00,2025-08-16 06:00,2025-07-27|2025-07-28|2025-07-29|2025-07-30|2025-07-31|2025-08-01|2025-08-02|2025-08-03|2025-08-04|2025-08-05|2025-08-06|2025-08-07|2025-08-08|2025-08-09|2025-08-10|2025-08-11|2025-08-12|2025-08-13|2025-08-14|2025-08-15,144
q4_3,S2,2025-08-16,12,highs-ipm,0.07533329199941363,19325.941810600954,2.2737367544323206e-13,6.821210263296962e-13,20,2025-08-16 12:00,2025-08-16 12:00,2025-07-27|2025-07-28|2025-07-29|2025-07-30|2025-07-31|2025-08-01|2025-08-02|2025-08-03|2025-08-04|2025-08-05|2025-08-06|2025-08-07|2025-08-08|2025-08-09|2025-08-10|2025-08-11|2025-08-12|2025-08-13|2025-08-14|2025-08-15,144
q4_3,S2,2025-08-17,0,highs-ipm,0.05131237499881536,2663.8038281102927,1.1368683772161603e-13,7.958078640513122e-13,20,2025-08-17 00:00,2025-08-17 00:00,2025-07-28|2025-07-29|2025-07-30|2025-07-31|2025-08-01|2025-08-02|2025-08-03|2025-08-04|2025-08-05|2025-08-06|2025-08-07|2025-08-08|2025-08-09|2025-08-10|2025-08-11|2025-08-12|2025-08-13|2025-08-14|2025-08-15|2025-08-16,144
q4_3,S2,2025-08-17,6,highs-ipm,0.07060291599918855,13602.115894983493,1.1368683772161603e-13,8.881784197001252e-13,20,2025-08-17 06:00,2025-08-17 06:00,2025-07-28|2025-07-29|2025-07-30|2025-07-31|2025-08-01|2025-08-02|2025-08-03|2025-08-04|2025-08-05|2025-08-06|2025-08-07|2025-08-08|2025-08-09|2025-08-10|2025-08-11|2025-08-12|2025-08-13|2025-08-14|2025-08-15|2025-08-16,144
q4_3,S2,2025-08-17,12,highs-ipm,0.06638895800278988,16456.99203319079,2.2737367544323206e-13,9.094947017729282e-13,20,2025-08-17 12:00,2025-08-17 12:00,2025-07-28|2025-07-29|2025-07-30|2025-07-31|2025-08-01|2025-08-02|2025-08-03|2025-08-04|2025-08-05|2025-08-06|2025-08-07|2025-08-08|2025-08-09|2025-08-10|2025-08-11|2025-08-12|2025-08-13|2025-08-14|2025-08-15|2025-08-16,144
q4_3,S2,2025-08-18,0,highs-ipm,0.05416712500300491,2699.820982772448,1.1368683772161603e-13,9.094947017729282e-13,20,2025-08-18 00:00,2025-08-18 00:00,2025-07-29|2025-07-30|2025-07-31|2025-08-01|2025-08-02|2025-08-03|2025-08-04|2025-08-05|2025-08-06|2025-08-07|2025-08-08|2025-08-09|2025-08-10|2025-08-11|2025-08-12|2025-08-13|2025-08-14|2025-08-15|2025-08-16|2025-08-17,144
q4_3,S2,2025-08-18,6,highs-ipm,0.06725191599980462,14402.299614717514,1.1368683772161603e-13,8.775202786637237e-13,20,2025-08-18 06:00,2025-08-18 06:00,2025-07-29|2025-07-30|2025-07-31|2025-08-01|2025-08-02|2025-08-03|2025-08-04|2025-08-05|2025-08-06|2025-08-07|2025-08-08|2025-08-09|2025-08-10|2025-08-11|2025-08-12|2025-08-13|2025-08-14|2025-08-15|2025-08-16|2025-08-17,144
q4_3,S2,2025-08-18,12,highs-ipm,0.06763887499982957,17278.881294208968,1.1368683772161603e-13,8.597567102697212e-13,20,2025-08-18 12:00,2025-08-18 12:00,2025-07-29|2025-07-30|2025-07-31|2025-08-01|2025-08-02|2025-08-03|2025-08-04|2025-08-05|2025-08-06|2025-08-07|2025-08-08|2025-08-09|2025-08-10|2025-08-11|2025-08-12|2025-08-13|2025-08-14|2025-08-15|2025-08-16|2025-08-17,144
q4_3,S2,2025-08-19,0,highs-ipm,0.05497070899582468,2511.4860968096355,2.2737367544323206e-13,9.094947017729282e-13,20,2025-08-19 00:00,2025-08-19 00:00,2025-07-30|2025-07-31|2025-08-01|2025-08-02|2025-08-03|2025-08-04|2025-08-05|2025-08-06|2025-08-07|2025-08-08|2025-08-09|2025-08-10|2025-08-11|2025-08-12|2025-08-13|2025-08-14|2025-08-15|2025-08-16|2025-08-17|2025-08-18,144
q4_3,S2,2025-08-19,6,highs-ipm,0.0696954170052777,13871.400705603988,2.2737367544323206e-13,8.597567102697212e-13,20,2025-08-19 06:00,2025-08-19 06:00,2025-07-30|2025-07-31|2025-08-01|2025-08-02|2025-08-03|2025-08-04|2025-08-05|2025-08-06|2025-08-07|2025-08-08|2025-08-09|2025-08-10|2025-08-11|2025-08-12|2025-08-13|2025-08-14|2025-08-15|2025-08-16|2025-08-17|2025-08-18,144
q4_3,S2,2025-08-19,12,highs-ipm,0.07230916700063972,27782.04454120227,2.2737367544323206e-13,8.668621376273222e-13,20,2025-08-19 12:00,2025-08-19 12:00,2025-07-30|2025-07-31|2025-08-01|2025-08-02|2025-08-03|2025-08-04|2025-08-05|2025-08-06|2025-08-07|2025-08-08|2025-08-09|2025-08-10|2025-08-11|2025-08-12|2025-08-13|2025-08-14|2025-08-15|2025-08-16|2025-08-17|2025-08-18,144
q4_3,S2,2025-08-20,0,highs-ipm,0.05477958300616592,3053.199120134271,2.2737367544323206e-13,7.958078640513122e-13,20,2025-08-20 00:00,2025-08-20 00:00,2025-07-31|2025-08-01|2025-08-02|2025-08-03|2025-08-04|2025-08-05|2025-08-06|2025-08-07|2025-08-08|2025-08-09|2025-08-10|2025-08-11|2025-08-12|2025-08-13|2025-08-14|2025-08-15|2025-08-16|2025-08-17|2025-08-18|2025-08-19,144
q4_3,S2,2025-08-20,6,highs-ipm,0.0730173750052927,14984.576615480853,2.2737367544323206e-13,1.0231815394945443e-12,20,2025-08-20 06:00,2025-08-20 06:00,2025-07-31|2025-08-01|2025-08-02|2025-08-03|2025-08-04|2025-08-05|2025-08-06|2025-08-07|2025-08-08|2025-08-09|2025-08-10|2025-08-11|2025-08-12|2025-08-13|2025-08-14|2025-08-15|2025-08-16|2025-08-17|2025-08-18|2025-08-19,144
q4_3,S2,2025-08-20,12,highs-ipm,0.07653162500355393,22379.827010165547,1.1368683772161603e-13,7.958078640513122e-13,20,2025-08-20 12:00,2025-08-20 12:00,2025-07-31|2025-08-01|2025-08-02|2025-08-03|2025-08-04|2025-08-05|2025-08-06|2025-08-07|2025-08-08|2025-08-09|2025-08-10|2025-08-11|2025-08-12|2025-08-13|2025-08-14|2025-08-15|2025-08-16|2025-08-17|2025-08-18|2025-08-19,144
q4_3,S2,2025-08-21,0,highs-ipm,0.05631754200294381,2533.935464070302,1.1368683772161603e-13,8.810729923425242e-13,20,2025-08-21 00:00,2025-08-21 00:00,2025-08-01|2025-08-02|2025-08-03|2025-08-04|2025-08-05|2025-08-06|2025-08-07|2025-08-08|2025-08-09|2025-08-10|2025-08-11|2025-08-12|2025-08-13|2025-08-14|2025-08-15|2025-08-16|2025-08-17|2025-08-18|2025-08-19|2025-08-20,144
q4_3,S2,2025-08-21,6,highs-ipm,0.07754454200039618,9458.566195998877,1.1368683772161603e-13,1.0231815394945443e-12,20,2025-08-21 06:00,2025-08-21 06:00,2025-08-01|2025-08-02|2025-08-03|2025-08-04|2025-08-05|2025-08-06|2025-08-07|2025-08-08|2025-08-09|2025-08-10|2025-08-11|2025-08-12|2025-08-13|2025-08-14|2025-08-15|2025-08-16|2025-08-17|2025-08-18|2025-08-19|2025-08-20,144
q4_3,S2,2025-08-21,12,highs-ipm,0.07463370799814584,7673.481184706633,1.1368683772161603e-13,9.094947017729282e-13,20,2025-08-21 12:00,2025-08-21 12:00,2025-08-01|2025-08-02|2025-08-03|2025-08-04|2025-08-05|2025-08-06|2025-08-07|2025-08-08|2025-08-09|2025-08-10|2025-08-11|2025-08-12|2025-08-13|2025-08-14|2025-08-15|2025-08-16|2025-08-17|2025-08-18|2025-08-19|2025-08-20,144
q4_3,S2,2025-08-22,0,highs-ipm,0.07094525000138674,964.4603777932612,2.2737367544323206e-13,7.958078640513122e-13,20,2025-08-22 00:00,2025-08-22 00:00,2025-08-02|2025-08-03|2025-08-04|2025-08-05|2025-08-06|2025-08-07|2025-08-08|2025-08-09|2025-08-10|2025-08-11|2025-08-12|2025-08-13|2025-08-14|2025-08-15|2025-08-16|2025-08-17|2025-08-18|2025-08-19|2025-08-20|2025-08-21,144
q4_3,S2,2025-08-22,6,highs-ipm,0.07415404199855402,8670.618107250006,2.2737367544323206e-13,7.958078640513122e-13,20,2025-08-22 06:00,2025-08-22 06:00,2025-08-02|2025-08-03|2025-08-04|2025-08-05|2025-08-06|2025-08-07|2025-08-08|2025-08-09|2025-08-10|2025-08-11|2025-08-12|2025-08-13|2025-08-14|2025-08-15|2025-08-16|2025-08-17|2025-08-18|2025-08-19|2025-08-20|2025-08-21,144
q4_3,S2,2025-08-22,12,highs-ipm,0.07718012500117766,7726.832661149757,2.2737367544323206e-13,6.821210263296962e-13,20,2025-08-22 12:00,2025-08-22 12:00,2025-08-02|2025-08-03|2025-08-04|2025-08-05|2025-08-06|2025-08-07|2025-08-08|2025-08-09|2025-08-10|2025-08-11|2025-08-12|2025-08-13|2025-08-14|2025-08-15|2025-08-16|2025-08-17|2025-08-18|2025-08-19|2025-08-20|2025-08-21,144
q4_3,S2,2025-08-23,0,highs-ipm,0.07258229199942434,1008.5201202726214,2.2737367544323206e-13,5.684341886080801e-13,20,2025-08-23 00:00,2025-08-23 00:00,2025-08-03|2025-08-04|2025-08-05|2025-08-06|2025-08-07|2025-08-08|2025-08-09|2025-08-10|2025-08-11|2025-08-12|2025-08-13|2025-08-14|2025-08-15|2025-08-16|2025-08-17|2025-08-18|2025-08-19|2025-08-20|2025-08-21|2025-08-22,144
q4_3,S2,2025-08-23,6,highs-ipm,0.08447299999534152,14453.652922038576,2.2737367544323206e-13,7.283063041541027e-13,20,2025-08-23 06:00,2025-08-23 06:00,2025-08-03|2025-08-04|2025-08-05|2025-08-06|2025-08-07|2025-08-08|2025-08-09|2025-08-10|2025-08-11|2025-08-12|2025-08-13|2025-08-14|2025-08-15|2025-08-16|2025-08-17|2025-08-18|2025-08-19|2025-08-20|2025-08-21|2025-08-22,144
q4_3,S2,2025-08-23,12,highs-ipm,0.08005420900008176,27292.39477271786,2.2737367544323206e-13,7.958078640513122e-13,20,2025-08-23 12:00,2025-08-23 12:00,2025-08-03|2025-08-04|2025-08-05|2025-08-06|2025-08-07|2025-08-08|2025-08-09|2025-08-10|2025-08-11|2025-08-12|2025-08-13|2025-08-14|2025-08-15|2025-08-16|2025-08-17|2025-08-18|2025-08-19|2025-08-20|2025-08-21|2025-08-22,144
q4_3,S2,2025-08-24,0,highs-ipm,0.058566040999721736,2354.5403857328847,2.2737367544323206e-13,7.958078640513122e-13,20,2025-08-24 00:00,2025-08-24 00:00,2025-08-04|2025-08-05|2025-08-06|2025-08-07|2025-08-08|2025-08-09|2025-08-10|2025-08-11|2025-08-12|2025-08-13|2025-08-14|2025-08-15|2025-08-16|2025-08-17|2025-08-18|2025-08-19|2025-08-20|2025-08-21|2025-08-22|2025-08-23,144
q4_3,S2,2025-08-24,6,highs-ipm,0.0705221249954775,13269.667524396327,2.2737367544323206e-13,9.094947017729282e-13,20,2025-08-24 06:00,2025-08-24 06:00,2025-08-04|2025-08-05|2025-08-06|2025-08-07|2025-08-08|2025-08-09|2025-08-10|2025-08-11|2025-08-12|2025-08-13|2025-08-14|2025-08-15|2025-08-16|2025-08-17|2025-08-18|2025-08-19|2025-08-20|2025-08-21|2025-08-22|2025-08-23,144
q4_3,S2,2025-08-24,12,highs-ipm,0.06940404099441366,21115.25304394051,2.2737367544323206e-13,8.08464406532039e-13,20,2025-08-24 12:00,2025-08-24 12:00,2025-08-04|2025-08-05|2025-08-06|2025-08-07|2025-08-08|2025-08-09|2025-08-10|2025-08-11|2025-08-12|2025-08-13|2025-08-14|2025-08-15|2025-08-16|2025-08-17|2025-08-18|2025-08-19|2025-08-20|2025-08-21|2025-08-22|2025-08-23,144
q4_3,S2,2025-08-25,0,highs-ipm,0.05515995899622794,2855.0769913828362,2.2737367544323206e-13,9.094947017729282e-13,20,2025-08-25 00:00,2025-08-25 00:00,2025-08-05|2025-08-06|2025-08-07|2025-08-08|2025-08-09|2025-08-10|2025-08-11|2025-08-12|2025-08-13|2025-08-14|2025-08-15|2025-08-16|2025-08-17|2025-08-18|2025-08-19|2025-08-20|2025-08-21|2025-08-22|2025-08-23|2025-08-24,144
q4_3,S2,2025-08-25,6,highs-ipm,0.0707990000009886,11004.330885007665,2.2737367544323206e-13,8.641976023682219e-13,20,2025-08-25 06:00,2025-08-25 06:00,2025-08-05|2025-08-06|2025-08-07|2025-08-08|2025-08-09|2025-08-10|2025-08-11|2025-08-12|2025-08-13|2025-08-14|2025-08-15|2025-08-16|2025-08-17|2025-08-18|2025-08-19|2025-08-20|2025-08-21|2025-08-22|2025-08-23|2025-08-24,144
q4_3,S2,2025-08-25,12,highs-ipm,0.06685120899783215,14202.969204238329,4.298783551348606e-13,9.094947017729282e-13,20,2025-08-25 12:00,2025-08-25 12:00,2025-08-05|2025-08-06|2025-08-07|2025-08-08|2025-08-09|2025-08-10|2025-08-11|2025-08-12|2025-08-13|2025-08-14|2025-08-15|2025-08-16|2025-08-17|2025-08-18|2025-08-19|2025-08-20|2025-08-21|2025-08-22|2025-08-23|2025-08-24,144
q4_3,S2,2025-08-26,0,highs-ipm,0.05510720799793489,2197.4224027364216,1.1368683772161603e-13,9.094947017729282e-13,20,2025-08-26 00:00,2025-08-26 00:00,2025-08-06|2025-08-07|2025-08-08|2025-08-09|2025-08-10|2025-08-11|2025-08-12|2025-08-13|2025-08-14|2025-08-15|2025-08-16|2025-08-17|2025-08-18|2025-08-19|2025-08-20|2025-08-21|2025-08-22|2025-08-23|2025-08-24|2025-08-25,144
q4_3,S2,2025-08-26,6,highs-ipm,0.06589154199900804,17323.35387102154,2.2737367544323206e-13,8.384404281969182e-13,20,2025-08-26 06:00,2025-08-26 06:00,2025-08-06|2025-08-07|2025-08-08|2025-08-09|2025-08-10|2025-08-11|2025-08-12|2025-08-13|2025-08-14|2025-08-15|2025-08-16|2025-08-17|2025-08-18|2025-08-19|2025-08-20|2025-08-21|2025-08-22|2025-08-23|2025-08-24|2025-08-25,144
q4_3,S2,2025-08-26,12,highs-ipm,0.06552408399875276,24439.308852143262,1.1368683772161603e-13,9.094947017729282e-13,20,2025-08-26 12:00,2025-08-26 12:00,2025-08-06|2025-08-07|2025-08-08|2025-08-09|2025-08-10|2025-08-11|2025-08-12|2025-08-13|2025-08-14|2025-08-15|2025-08-16|2025-08-17|2025-08-18|2025-08-19|2025-08-20|2025-08-21|2025-08-22|2025-08-23|2025-08-24|2025-08-25,144
q4_3,S2,2025-08-27,0,highs-ipm,0.05653941600030521,2395.406629804514,2.2737367544323206e-13,8.637535131583718e-13,20,2025-08-27 00:00,2025-08-27 00:00,2025-08-07|2025-08-08|2025-08-09|2025-08-10|2025-08-11|2025-08-12|2025-08-13|2025-08-14|2025-08-15|2025-08-16|2025-08-17|2025-08-18|2025-08-19|2025-08-20|2025-08-21|2025-08-22|2025-08-23|2025-08-24|2025-08-25|2025-08-26,144
q4_3,S2,2025-08-27,6,highs-ipm,0.07585766600095667,21763.38028215704,2.2737367544323206e-13,8.171241461241152e-13,20,2025-08-27 06:00,2025-08-27 06:00,2025-08-07|2025-08-08|2025-08-09|2025-08-10|2025-08-11|2025-08-12|2025-08-13|2025-08-14|2025-08-15|2025-08-16|2025-08-17|2025-08-18|2025-08-19|2025-08-20|2025-08-21|2025-08-22|2025-08-23|2025-08-24|2025-08-25|2025-08-26,144
q4_3,S2,2025-08-27,12,highs-ipm,0.06543991700164042,24188.217734392696,2.2737367544323206e-13,9.094947017729282e-13,20,2025-08-27 12:00,2025-08-27 12:00,2025-08-07|2025-08-08|2025-08-09|2025-08-10|2025-08-11|2025-08-12|2025-08-13|2025-08-14|2025-08-15|2025-08-16|2025-08-17|2025-08-18|2025-08-19|2025-08-20|2025-08-21|2025-08-22|2025-08-23|2025-08-24|2025-08-25|2025-08-26,144
q4_3,S2,2025-08-28,0,highs-ipm,0.05678079200151842,2422.2016924470095,1.1368683772161603e-13,8.242295734817162e-13,20,2025-08-28 00:00,2025-08-28 00:00,2025-08-08|2025-08-09|2025-08-10|2025-08-11|2025-08-12|2025-08-13|2025-08-14|2025-08-15|2025-08-16|2025-08-17|2025-08-18|2025-08-19|2025-08-20|2025-08-21|2025-08-22|2025-08-23|2025-08-24|2025-08-25|2025-08-26|2025-08-27,144
q4_3,S2,2025-08-28,6,highs-ipm,0.0749324999997043,16328.3680683464,1.1368683772161603e-13,9.094947017729282e-13,20,2025-08-28 06:00,2025-08-28 06:00,2025-08-08|2025-08-09|2025-08-10|2025-08-11|2025-08-12|2025-08-13|2025-08-14|2025-08-15|2025-08-16|2025-08-17|2025-08-18|2025-08-19|2025-08-20|2025-08-21|2025-08-22|2025-08-23|2025-08-24|2025-08-25|2025-08-26|2025-08-27,144
q4_3,S2,2025-08-28,12,highs-ipm,0.07538087500142865,11929.324020547405,2.2737367544323206e-13,8.526512829121202e-13,20,2025-08-28 12:00,2025-08-28 12:00,2025-08-08|2025-08-09|2025-08-10|2025-08-11|2025-08-12|2025-08-13|2025-08-14|2025-08-15|2025-08-16|2025-08-17|2025-08-18|2025-08-19|2025-08-20|2025-08-21|2025-08-22|2025-08-23|2025-08-24|2025-08-25|2025-08-26|2025-08-27,144
q4_3,S2,2025-08-29,0,highs-ipm,0.0645562499994412,1047.3598836055498,2.2737367544323206e-13,7.673861546209082e-13,20,2025-08-29 00:00,2025-08-29 00:00,2025-08-09|2025-08-10|2025-08-11|2025-08-12|2025-08-13|2025-08-14|2025-08-15|2025-08-16|2025-08-17|2025-08-18|2025-08-19|2025-08-20|2025-08-21|2025-08-22|2025-08-23|2025-08-24|2025-08-25|2025-08-26|2025-08-27|2025-08-28,144
q4_3,S2,2025-08-29,6,highs-ipm,0.08074462499644142,8332.306973338738,2.2737367544323206e-13,8.872902412804251e-13,20,2025-08-29 06:00,2025-08-29 06:00,2025-08-09|2025-08-10|2025-08-11|2025-08-12|2025-08-13|2025-08-14|2025-08-15|2025-08-16|2025-08-17|2025-08-18|2025-08-19|2025-08-20|2025-08-21|2025-08-22|2025-08-23|2025-08-24|2025-08-25|2025-08-26|2025-08-27|2025-08-28,144
q4_3,S2,2025-08-29,12,highs-ipm,0.07316583400097443,7540.733188207437,1.1368683772161603e-13,8.526512829121202e-13,20,2025-08-29 12:00,2025-08-29 12:00,2025-08-09|2025-08-10|2025-08-11|2025-08-12|2025-08-13|2025-08-14|2025-08-15|2025-08-16|2025-08-17|2025-08-18|2025-08-19|2025-08-20|2025-08-21|2025-08-22|2025-08-23|2025-08-24|2025-08-25|2025-08-26|2025-08-27|2025-08-28,144
q4_3,S2,2025-08-30,0,highs-ipm,0.06353470799513161,1132.698924657781,1.1368683772161603e-13,8.526512829121202e-13,20,2025-08-30 00:00,2025-08-30 00:00,2025-08-10|2025-08-11|2025-08-12|2025-08-13|2025-08-14|2025-08-15|2025-08-16|2025-08-17|2025-08-18|2025-08-19|2025-08-20|2025-08-21|2025-08-22|2025-08-23|2025-08-24|2025-08-25|2025-08-26|2025-08-27|2025-08-28|2025-08-29,144
q4_3,S2,2025-08-30,6,highs-ipm,0.07133358299324755,13766.303678533917,1.1368683772161603e-13,8.917311333789257e-13,20,2025-08-30 06:00,2025-08-30 06:00,2025-08-10|2025-08-11|2025-08-12|2025-08-13|2025-08-14|2025-08-15|2025-08-16|2025-08-17|2025-08-18|2025-08-19|2025-08-20|2025-08-21|2025-08-22|2025-08-23|2025-08-24|2025-08-25|2025-08-26|2025-08-27|2025-08-28|2025-08-29,144
q4_3,S2,2025-08-30,12,highs-ipm,0.08519341699866345,16524.39421718305,1.1368683772161603e-13,8.641976023682219e-13,20,2025-08-30 12:00,2025-08-30 12:00,2025-08-10|2025-08-11|2025-08-12|2025-08-13|2025-08-14|2025-08-15|2025-08-16|2025-08-17|2025-08-18|2025-08-19|2025-08-20|2025-08-21|2025-08-22|2025-08-23|2025-08-24|2025-08-25|2025-08-26|2025-08-27|2025-08-28|2025-08-29,144
q4_3,S2,2025-08-31,0,highs-ipm,0.06791308299580123,2102.739296891466,1.1368683772161603e-13,7.958078640513122e-13,20,2025-08-31 00:00,2025-08-31 00:00,2025-08-11|2025-08-12|2025-08-13|2025-08-14|2025-08-15|2025-08-16|2025-08-17|2025-08-18|2025-08-19|2025-08-20|2025-08-21|2025-08-22|2025-08-23|2025-08-24|2025-08-25|2025-08-26|2025-08-27|2025-08-28|2025-08-29|2025-08-30,144
q4_3,S2,2025-08-31,6,highs-ipm,0.07591750000574393,16598.764154172746,2.2737367544323206e-13,9.094947017729282e-13,20,2025-08-31 06:00,2025-08-31 06:00,2025-08-11|2025-08-12|2025-08-13|2025-08-14|2025-08-15|2025-08-16|2025-08-17|2025-08-18|2025-08-19|2025-08-20|2025-08-21|2025-08-22|2025-08-23|2025-08-24|2025-08-25|2025-08-26|2025-08-27|2025-08-28|2025-08-29|2025-08-30,144
q4_3,S2,2025-08-31,12,highs-ipm,0.06611595799768111,18809.69589418225,2.2737367544323206e-13,9.094947017729282e-13,20,2025-08-31 12:00,2025-08-31 12:00,2025-08-11|2025-08-12|2025-08-13|2025-08-14|2025-08-15|2025-08-16|2025-08-17|2025-08-18|2025-08-19|2025-08-20|2025-08-21|2025-08-22|2025-08-23|2025-08-24|2025-08-25|2025-08-26|2025-08-27|2025-08-28|2025-08-29|2025-08-30,144
q4_3,S2,2025-09-01,0,highs-ipm,0.05198529199697077,2791.197126298893,1.0800249583553523e-12,1.0231815394945443e-12,20,2025-09-01 00:00,2025-09-01 00:00,2025-08-12|2025-08-13|2025-08-14|2025-08-15|2025-08-16|2025-08-17|2025-08-18|2025-08-19|2025-08-20|2025-08-21|2025-08-22|2025-08-23|2025-08-24|2025-08-25|2025-08-26|2025-08-27|2025-08-28|2025-08-29|2025-08-30|2025-08-31,144
q4_3,S2,2025-09-01,6,highs-ipm,0.06747004199860385,11644.306435647391,2.2737367544323206e-13,8.810729923425242e-13,20,2025-09-01 06:00,2025-09-01 06:00,2025-08-12|2025-08-13|2025-08-14|2025-08-15|2025-08-16|2025-08-17|2025-08-18|2025-08-19|2025-08-20|2025-08-21|2025-08-22|2025-08-23|2025-08-24|2025-08-25|2025-08-26|2025-08-27|2025-08-28|2025-08-29|2025-08-30|2025-08-31,144
q4_3,S2,2025-09-01,12,highs-ipm,0.06948308299615746,22381.071907084934,2.2737367544323206e-13,8.526512829121202e-13,20,2025-09-01 12:00,2025-09-01 12:00,2025-08-12|2025-08-13|2025-08-14|2025-08-15|2025-08-16|2025-08-17|2025-08-18|2025-08-19|2025-08-20|2025-08-21|2025-08-22|2025-08-23|2025-08-24|2025-08-25|2025-08-26|2025-08-27|2025-08-28|2025-08-29|2025-08-30|2025-08-31,144
q4_3,S2,2025-09-02,0,highs-ipm,0.05096899999625748,2536.4224140790684,2.2737367544323206e-13,8.100187187665142e-13,20,2025-09-02 00:00,2025-09-02 00:00,2025-08-13|2025-08-14|2025-08-15|2025-08-16|2025-08-17|2025-08-18|2025-08-19|2025-08-20|2025-08-21|2025-08-22|2025-08-23|2025-08-24|2025-08-25|2025-08-26|2025-08-27|2025-08-28|2025-08-29|2025-08-30|2025-08-31|2025-09-01,144
q4_3,S2,2025-09-02,6,highs-ipm,0.07055962499725865,19015.84924038161,2.2737367544323206e-13,7.958078640513122e-13,20,2025-09-02 06:00,2025-09-02 06:00,2025-08-13|2025-08-14|2025-08-15|2025-08-16|2025-08-17|2025-08-18|2025-08-19|2025-08-20|2025-08-21|2025-08-22|2025-08-23|2025-08-24|2025-08-25|2025-08-26|2025-08-27|2025-08-28|2025-08-29|2025-08-30|2025-08-31|2025-09-01,144
q4_3,S2,2025-09-02,12,highs-ipm,0.06487091699818848,18261.918011570982,2.2737367544323206e-13,8.988365607365267e-13,20,2025-09-02 12:00,2025-09-02 12:00,2025-08-13|2025-08-14|2025-08-15|2025-08-16|2025-08-17|2025-08-18|2025-08-19|2025-08-20|2025-08-21|2025-08-22|2025-08-23|2025-08-24|2025-08-25|2025-08-26|2025-08-27|2025-08-28|2025-08-29|2025-08-30|2025-08-31|2025-09-01,144
q4_3,S2,2025-09-03,0,highs-ipm,0.054855334004969336,2690.788734690162,2.2737367544323206e-13,9.094947017729282e-13,20,2025-09-03 00:00,2025-09-03 00:00,2025-08-14|2025-08-15|2025-08-16|2025-08-17|2025-08-18|2025-08-19|2025-08-20|2025-08-21|2025-08-22|2025-08-23|2025-08-24|2025-08-25|2025-08-26|2025-08-27|2025-08-28|2025-08-29|2025-08-30|2025-08-31|2025-09-01|2025-09-02,144
q4_3,S2,2025-09-03,6,highs-ipm,0.07292633299948648,14414.430050950137,2.2737367544323206e-13,9.094947017729282e-13,20,2025-09-03 06:00,2025-09-03 06:00,2025-08-14|2025-08-15|2025-08-16|2025-08-17|2025-08-18|2025-08-19|2025-08-20|2025-08-21|2025-08-22|2025-08-23|2025-08-24|2025-08-25|2025-08-26|2025-08-27|2025-08-28|2025-08-29|2025-08-30|2025-08-31|2025-09-01|2025-09-02,144
q4_3,S2,2025-09-03,12,highs-ipm,0.07567666700197151,24651.86706833703,2.2737367544323206e-13,8.189005029635155e-13,20,2025-09-03 12:00,2025-09-03 12:00,2025-08-14|2025-08-15|2025-08-16|2025-08-17|2025-08-18|2025-08-19|2025-08-20|2025-08-21|2025-08-22|2025-08-23|2025-08-24|2025-08-25|2025-08-26|2025-08-27|2025-08-28|2025-08-29|2025-08-30|2025-08-31|2025-09-01|2025-09-02,144
q4_3,S2,2025-09-04,0,highs-ipm,0.060580458004551474,2821.346357119012,4.831690603168681e-13,8.526512829121202e-13,20,2025-09-04 00:00,2025-09-04 00:00,2025-08-15|2025-08-16|2025-08-17|2025-08-18|2025-08-19|2025-08-20|2025-08-21|2025-08-22|2025-08-23|2025-08-24|2025-08-25|2025-08-26|2025-08-27|2025-08-28|2025-08-29|2025-08-30|2025-08-31|2025-09-01|2025-09-02|2025-09-03,144
q4_3,S2,2025-09-04,6,highs-ipm,0.07399762500426732,9520.259614134859,1.1368683772161603e-13,8.526512829121202e-13,20,2025-09-04 06:00,2025-09-04 06:00,2025-08-15|2025-08-16|2025-08-17|2025-08-18|2025-08-19|2025-08-20|2025-08-21|2025-08-22|2025-08-23|2025-08-24|2025-08-25|2025-08-26|2025-08-27|2025-08-28|2025-08-29|2025-08-30|2025-08-31|2025-09-01|2025-09-02|2025-09-03,144
q4_3,S2,2025-09-04,12,highs-ipm,0.07154337500105612,7831.561048692118,1.1368683772161603e-13,8.810729923425242e-13,20,2025-09-04 12:00,2025-09-04 12:00,2025-08-15|2025-08-16|2025-08-17|2025-08-18|2025-08-19|2025-08-20|2025-08-21|2025-08-22|2025-08-23|2025-08-24|2025-08-25|2025-08-26|2025-08-27|2025-08-28|2025-08-29|2025-08-30|2025-08-31|2025-09-01|2025-09-02|2025-09-03,144
q4_3,S2,2025-09-05,0,highs-ipm,0.0618238749957527,992.3097321518369,2.2737367544323206e-13,7.958078640513122e-13,20,2025-09-05 00:00,2025-09-05 00:00,2025-08-16|2025-08-17|2025-08-18|2025-08-19|2025-08-20|2025-08-21|2025-08-22|2025-08-23|2025-08-24|2025-08-25|2025-08-26|2025-08-27|2025-08-28|2025-08-29|2025-08-30|2025-08-31|2025-09-01|2025-09-02|2025-09-03|2025-09-04,144
q4_3,S2,2025-09-05,6,highs-ipm,0.0802888329999405,8293.111714899756,2.2737367544323206e-13,9.094947017729282e-13,20,2025-09-05 06:00,2025-09-05 06:00,2025-08-16|2025-08-17|2025-08-18|2025-08-19|2025-08-20|2025-08-21|2025-08-22|2025-08-23|2025-08-24|2025-08-25|2025-08-26|2025-08-27|2025-08-28|2025-08-29|2025-08-30|2025-08-31|2025-09-01|2025-09-02|2025-09-03|2025-09-04,144
q4_3,S2,2025-09-05,12,highs-ipm,0.07570883400330786,7339.93672727114,1.1368683772161603e-13,8.526512829121202e-13,20,2025-09-05 12:00,2025-09-05 12:00,2025-08-16|2025-08-17|2025-08-18|2025-08-19|2025-08-20|2025-08-21|2025-08-22|2025-08-23|2025-08-24|2025-08-25|2025-08-26|2025-08-27|2025-08-28|2025-08-29|2025-08-30|2025-08-31|2025-09-01|2025-09-02|2025-09-03|2025-09-04,144
q4_3,S2,2025-09-06,0,highs-ipm,0.06890699999348726,1065.4976938447674,2.2737367544323206e-13,8.526512829121202e-13,20,2025-09-06 00:00,2025-09-06 00:00,2025-08-17|2025-08-18|2025-08-19|2025-08-20|2025-08-21|2025-08-22|2025-08-23|2025-08-24|2025-08-25|2025-08-26|2025-08-27|2025-08-28|2025-08-29|2025-08-30|2025-08-31|2025-09-01|2025-09-02|2025-09-03|2025-09-04|2025-09-05,144
q4_3,S2,2025-09-06,6,highs-ipm,0.08103162500628969,13320.935641591046,2.2737367544323206e-13,9.094947017729282e-13,20,2025-09-06 06:00,2025-09-06 06:00,2025-08-17|2025-08-18|2025-08-19|2025-08-20|2025-08-21|2025-08-22|2025-08-23|2025-08-24|2025-08-25|2025-08-26|2025-08-27|2025-08-28|2025-08-29|2025-08-30|2025-08-31|2025-09-01|2025-09-02|2025-09-03|2025-09-04|2025-09-05,144
q4_3,S2,2025-09-06,12,highs-ipm,0.06894908299727831,14973.792249916016,2.2737367544323206e-13,7.958078640513122e-13,20,2025-09-06 12:00,2025-09-06 12:00,2025-08-17|2025-08-18|2025-08-19|2025-08-20|2025-08-21|2025-08-22|2025-08-23|2025-08-24|2025-08-25|2025-08-26|2025-08-27|2025-08-28|2025-08-29|2025-08-30|2025-08-31|2025-09-01|2025-09-02|2025-09-03|2025-09-04|2025-09-05,144
q4_3,S2,2025-09-07,0,highs-ipm,0.05228058300417615,2385.174115683083,1.1368683772161603e-13,9.094947017729282e-13,20,2025-09-07 00:00,2025-09-07 00:00,2025-08-18|2025-08-19|2025-08-20|2025-08-21|2025-08-22|2025-08-23|2025-08-24|2025-08-25|2025-08-26|2025-08-27|2025-08-28|2025-08-29|2025-08-30|2025-08-31|2025-09-01|2025-09-02|2025-09-03|2025-09-04|2025-09-05|2025-09-06,144
q4_3,S2,2025-09-07,6,highs-ipm,0.06705075000354555,18095.443777917266,1.1368683772161603e-13,8.86846152070575e-13,20,2025-09-07 06:00,2025-09-07 06:00,2025-08-18|2025-08-19|2025-08-20|2025-08-21|2025-08-22|2025-08-23|2025-08-24|2025-08-25|2025-08-26|2025-08-27|2025-08-28|2025-08-29|2025-08-30|2025-08-31|2025-09-01|2025-09-02|2025-09-03|2025-09-04|2025-09-05|2025-09-06,144
q4_3,S2,2025-09-07,12,highs-ipm,0.06797508399904473,16500.37607502865,2.2737367544323206e-13,9.094947017729282e-13,20,2025-09-07 12:00,2025-09-07 12:00,2025-08-18|2025-08-19|2025-08-20|2025-08-21|2025-08-22|2025-08-23|2025-08-24|2025-08-25|2025-08-26|2025-08-27|2025-08-28|2025-08-29|2025-08-30|2025-08-31|2025-09-01|2025-09-02|2025-09-03|2025-09-04|2025-09-05|2025-09-06,144
q4_3,S2,2025-09-08,0,highs-ipm,0.054174582997802645,2744.549747510568,1.1368683772161603e-13,8.810729923425242e-13,20,2025-09-08 00:00,2025-09-08 00:00,2025-08-19|2025-08-20|2025-08-21|2025-08-22|2025-08-23|2025-08-24|2025-08-25|2025-08-26|2025-08-27|2025-08-28|2025-08-29|2025-08-30|2025-08-31|2025-09-01|2025-09-02|2025-09-03|2025-09-04|2025-09-05|2025-09-06|2025-09-07,144
q4_3,S2,2025-09-08,6,highs-ipm,0.06781112499447772,13610.8850322525,1.1368683772161603e-13,9.094947017729282e-13,20,2025-09-08 06:00,2025-09-08 06:00,2025-08-19|2025-08-20|2025-08-21|2025-08-22|2025-08-23|2025-08-24|2025-08-25|2025-08-26|2025-08-27|2025-08-28|2025-08-29|2025-08-30|2025-08-31|2025-09-01|2025-09-02|2025-09-03|2025-09-04|2025-09-05|2025-09-06|2025-09-07,144
q4_3,S2,2025-09-08,12,highs-ipm,0.06499620799877448,16740.37778935797,1.1368683772161603e-13,1.0231815394945443e-12,20,2025-09-08 12:00,2025-09-08 12:00,2025-08-19|2025-08-20|2025-08-21|2025-08-22|2025-08-23|2025-08-24|2025-08-25|2025-08-26|2025-08-27|2025-08-28|2025-08-29|2025-08-30|2025-08-31|2025-09-01|2025-09-02|2025-09-03|2025-09-04|2025-09-05|2025-09-06|2025-09-07,144
q4_3,S2,2025-09-09,0,highs-ipm,0.05063445800624322,2376.4071685507156,4.298783551348606e-13,9.094947017729282e-13,20,2025-09-09 00:00,2025-09-09 00:00,2025-08-20|2025-08-21|2025-08-22|2025-08-23|2025-08-24|2025-08-25|2025-08-26|2025-08-27|2025-08-28|2025-08-29|2025-08-30|2025-08-31|2025-09-01|2025-09-02|2025-09-03|2025-09-04|2025-09-05|2025-09-06|2025-09-07|2025-09-08,144
q4_3,S2,2025-09-09,6,highs-ipm,0.0704496249963995,18466.764752696345,1.1368683772161603e-13,9.094947017729282e-13,20,2025-09-09 06:00,2025-09-09 06:00,2025-08-20|2025-08-21|2025-08-22|2025-08-23|2025-08-24|2025-08-25|2025-08-26|2025-08-27|2025-08-28|2025-08-29|2025-08-30|2025-08-31|2025-09-01|2025-09-02|2025-09-03|2025-09-04|2025-09-05|2025-09-06|2025-09-07|2025-09-08,144
q4_3,S2,2025-09-09,12,highs-ipm,0.10052429200004553,16158.85738988428,1.1368683772161603e-13,8.526512829121202e-13,20,2025-09-09 12:00,2025-09-09 12:00,2025-08-20|2025-08-21|2025-08-22|2025-08-23|2025-08-24|2025-08-25|2025-08-26|2025-08-27|2025-08-28|2025-08-29|2025-08-30|2025-08-31|2025-09-01|2025-09-02|2025-09-03|2025-09-04|2025-09-05|2025-09-06|2025-09-07|2025-09-08,144
q4_3,S2,2025-09-10,0,highs-ipm,0.05580733300303109,3094.7907090829917,2.2737367544323206e-13,9.094947017729282e-13,20,2025-09-10 00:00,2025-09-10 00:00,2025-08-21|2025-08-22|2025-08-23|2025-08-24|2025-08-25|2025-08-26|2025-08-27|2025-08-28|2025-08-29|2025-08-30|2025-08-31|2025-09-01|2025-09-02|2025-09-03|2025-09-04|2025-09-05|2025-09-06|2025-09-07|2025-09-08|2025-09-09,144
q4_3,S2,2025-09-10,6,highs-ipm,0.06907220900029643,11705.178557245667,2.2737367544323206e-13,9.094947017729282e-13,20,2025-09-10 06:00,2025-09-10 06:00,2025-08-21|2025-08-22|2025-08-23|2025-08-24|2025-08-25|2025-08-26|2025-08-27|2025-08-28|2025-08-29|2025-08-30|2025-08-31|2025-09-01|2025-09-02|2025-09-03|2025-09-04|2025-09-05|2025-09-06|2025-09-07|2025-09-08|2025-09-09,144
q4_3,S2,2025-09-10,12,highs-ipm,0.08067983300134074,26118.28539074497,2.2737367544323206e-13,8.757439218243235e-13,20,2025-09-10 12:00,2025-09-10 12:00,2025-08-21|2025-08-22|2025-08-23|2025-08-24|2025-08-25|2025-08-26|2025-08-27|2025-08-28|2025-08-29|2025-08-30|2025-08-31|2025-09-01|2025-09-02|2025-09-03|2025-09-04|2025-09-05|2025-09-06|2025-09-07|2025-09-08|2025-09-09,144
q4_3,S2,2025-09-11,0,highs-ipm,0.05480254199937917,3020.5475601816,2.2737367544323206e-13,1.0231815394945443e-12,20,2025-09-11 00:00,2025-09-11 00:00,2025-08-22|2025-08-23|2025-08-24|2025-08-25|2025-08-26|2025-08-27|2025-08-28|2025-08-29|2025-08-30|2025-08-31|2025-09-01|2025-09-02|2025-09-03|2025-09-04|2025-09-05|2025-09-06|2025-09-07|2025-09-08|2025-09-09|2025-09-10,144
q4_3,S2,2025-09-11,6,highs-ipm,0.23941862500214484,5722.456371845908,1.1368683772161603e-13,9.094947017729282e-13,20,2025-09-11 06:00,2025-09-11 06:00,2025-08-22|2025-08-23|2025-08-24|2025-08-25|2025-08-26|2025-08-27|2025-08-28|2025-08-29|2025-08-30|2025-08-31|2025-09-01|2025-09-02|2025-09-03|2025-09-04|2025-09-05|2025-09-06|2025-09-07|2025-09-08|2025-09-09|2025-09-10,144
q4_3,S2,2025-09-11,12,highs-ipm,0.15607408399955602,5349.005024425356,1.1368683772161603e-13,9.094947017729282e-13,20,2025-09-11 12:00,2025-09-11 12:00,2025-08-22|2025-08-23|2025-08-24|2025-08-25|2025-08-26|2025-08-27|2025-08-28|2025-08-29|2025-08-30|2025-08-31|2025-09-01|2025-09-02|2025-09-03|2025-09-04|2025-09-05|2025-09-06|2025-09-07|2025-09-08|2025-09-09|2025-09-10,144
q4_3,S2,2025-09-12,0,highs-ipm,0.08185908300220035,1205.0704516680598,5.684341886080802e-14,7.958078640513122e-13,20,2025-09-12 00:00,2025-09-12 00:00,2025-08-23|2025-08-24|2025-08-25|2025-08-26|2025-08-27|2025-08-28|2025-08-29|2025-08-30|2025-08-31|2025-09-01|2025-09-02|2025-09-03|2025-09-04|2025-09-05|2025-09-06|2025-09-07|2025-09-08|2025-09-09|2025-09-10|2025-09-11,144
q4_3,S2,2025-09-12,6,highs-ipm,0.09184566600015387,7243.801322207889,1.4210854715202004e-14,8.526512829121202e-13,20,2025-09-12 06:00,2025-09-12 06:00,2025-08-23|2025-08-24|2025-08-25|2025-08-26|2025-08-27|2025-08-28|2025-08-29|2025-08-30|2025-08-31|2025-09-01|2025-09-02|2025-09-03|2025-09-04|2025-09-05|2025-09-06|2025-09-07|2025-09-08|2025-09-09|2025-09-10|2025-09-11,144
q4_3,S2,2025-09-12,12,highs-ipm,0.12232062499970198,9571.972008400408,1.1368683772161603e-13,8.304468224196171e-13,20,2025-09-12 12:00,2025-09-12 12:00,2025-08-23|2025-08-24|2025-08-25|2025-08-26|2025-08-27|2025-08-28|2025-08-29|2025-08-30|2025-08-31|2025-09-01|2025-09-02|2025-09-03|2025-09-04|2025-09-05|2025-09-06|2025-09-07|2025-09-08|2025-09-09|2025-09-10|2025-09-11,144
q4_3,S2,2025-09-13,0,highs-ipm,0.09287549999862676,1134.7410752422024,1.1368683772161603e-13,7.958078640513122e-13,20,2025-09-13 00:00,2025-09-13 00:00,2025-08-24|2025-08-25|2025-08-26|2025-08-27|2025-08-28|2025-08-29|2025-08-30|2025-08-31|2025-09-01|2025-09-02|2025-09-03|2025-09-04|2025-09-05|2025-09-06|2025-09-07|2025-09-08|2025-09-09|2025-09-10|2025-09-11|2025-09-12,144
q4_3,S2,2025-09-13,6,highs-ipm,0.12493983299646061,11510.424880484092,1.1368683772161603e-13,7.958078640513122e-13,20,2025-09-13 06:00,2025-09-13 06:00,2025-08-24|2025-08-25|2025-08-26|2025-08-27|2025-08-28|2025-08-29|2025-08-30|2025-08-31|2025-09-01|2025-09-02|2025-09-03|2025-09-04|2025-09-05|2025-09-06|2025-09-07|2025-09-08|2025-09-09|2025-09-10|2025-09-11|2025-09-12,144
q4_3,S2,2025-09-13,12,highs-ipm,0.08077354099805234,17732.596278246237,2.2737367544323206e-13,7.958078640513122e-13,20,2025-09-13 12:00,2025-09-13 12:00,2025-08-24|2025-08-25|2025-08-26|2025-08-27|2025-08-28|2025-08-29|2025-08-30|2025-08-31|2025-09-01|2025-09-02|2025-09-03|2025-09-04|2025-09-05|2025-09-06|2025-09-07|2025-09-08|2025-09-09|2025-09-10|2025-09-11|2025-09-12,144
q4_3,S2,2025-09-14,0,highs-ipm,0.05585933400288923,3330.181678651521,2.2737367544323206e-13,8.526512829121202e-13,20,2025-09-14 00:00,2025-09-14 00:00,2025-08-25|2025-08-26|2025-08-27|2025-08-28|2025-08-29|2025-08-30|2025-08-31|2025-09-01|2025-09-02|2025-09-03|2025-09-04|2025-09-05|2025-09-06|2025-09-07|2025-09-08|2025-09-09|2025-09-10|2025-09-11|2025-09-12|2025-09-13,144
q4_3,S2,2025-09-14,6,highs-ipm,0.0754113340008189,9171.612716745076,1.1368683772161603e-13,8.639755577632968e-13,20,2025-09-14 06:00,2025-09-14 06:00,2025-08-25|2025-08-26|2025-08-27|2025-08-28|2025-08-29|2025-08-30|2025-08-31|2025-09-01|2025-09-02|2025-09-03|2025-09-04|2025-09-05|2025-09-06|2025-09-07|2025-09-08|2025-09-09|2025-09-10|2025-09-11|2025-09-12|2025-09-13,144
q4_3,S2,2025-09-14,12,highs-ipm,0.06923825000558281,14490.601456648135,1.1368683772161603e-13,8.952838470577262e-13,20,2025-09-14 12:00,2025-09-14 12:00,2025-08-25|2025-08-26|2025-08-27|2025-08-28|2025-08-29|2025-08-30|2025-08-31|2025-09-01|2025-09-02|2025-09-03|2025-09-04|2025-09-05|2025-09-06|2025-09-07|2025-09-08|2025-09-09|2025-09-10|2025-09-11|2025-09-12|2025-09-13,144
q4_3,S2,2025-09-15,0,highs-ipm,0.05903658299939707,2716.378151842706,1.1368683772161603e-12,8.810729923425242e-13,20,2025-09-15 00:00,2025-09-15 00:00,2025-08-26|2025-08-27|2025-08-28|2025-08-29|2025-08-30|2025-08-31|2025-09-01|2025-09-02|2025-09-03|2025-09-04|2025-09-05|2025-09-06|2025-09-07|2025-09-08|2025-09-09|2025-09-10|2025-09-11|2025-09-12|2025-09-13|2025-09-14,144
q4_3,S2,2025-09-15,6,highs-ipm,0.08494204100134084,11873.465625743404,1.1368683772161603e-13,9.094947017729282e-13,20,2025-09-15 06:00,2025-09-15 06:00,2025-08-26|2025-08-27|2025-08-28|2025-08-29|2025-08-30|2025-08-31|2025-09-01|2025-09-02|2025-09-03|2025-09-04|2025-09-05|2025-09-06|2025-09-07|2025-09-08|2025-09-09|2025-09-10|2025-09-11|2025-09-12|2025-09-13|2025-09-14,144
q4_3,S2,2025-09-15,12,highs-ipm,0.07149766600196017,14373.24800198662,1.1368683772161603e-13,1.0231815394945443e-12,20,2025-09-15 12:00,2025-09-15 12:00,2025-08-26|2025-08-27|2025-08-28|2025-08-29|2025-08-30|2025-08-31|2025-09-01|2025-09-02|2025-09-03|2025-09-04|2025-09-05|2025-09-06|2025-09-07|2025-09-08|2025-09-09|2025-09-10|2025-09-11|2025-09-12|2025-09-13|2025-09-14,144
q4_3,S2,2025-09-16,0,highs-ipm,0.05438108299858868,3366.023711231344,6.252776074688882e-13,1.0231815394945443e-12,20,2025-09-16 00:00,2025-09-16 00:00,2025-08-27|2025-08-28|2025-08-29|2025-08-30|2025-08-31|2025-09-01|2025-09-02|2025-09-03|2025-09-04|2025-09-05|2025-09-06|2025-09-07|2025-09-08|2025-09-09|2025-09-10|2025-09-11|2025-09-12|2025-09-13|2025-09-14|2025-09-15,144
q4_3,S2,2025-09-16,6,highs-ipm,0.07919833300547907,10220.56896904212,1.1368683772161603e-13,9.094947017729282e-13,20,2025-09-16 06:00,2025-09-16 06:00,2025-08-27|2025-08-28|2025-08-29|2025-08-30|2025-08-31|2025-09-01|2025-09-02|2025-09-03|2025-09-04|2025-09-05|2025-09-06|2025-09-07|2025-09-08|2025-09-09|2025-09-10|2025-09-11|2025-09-12|2025-09-13|2025-09-14|2025-09-15,144
q4_3,S2,2025-09-16,12,highs-ipm,0.08664716700150166,14581.234639669738,1.1368683772161603e-13,9.094947017729282e-13,20,2025-09-16 12:00,2025-09-16 12:00,2025-08-27|2025-08-28|2025-08-29|2025-08-30|2025-08-31|2025-09-01|2025-09-02|2025-09-03|2025-09-04|2025-09-05|2025-09-06|2025-09-07|2025-09-08|2025-09-09|2025-09-10|2025-09-11|2025-09-12|2025-09-13|2025-09-14|2025-09-15,144
q4_3,S2,2025-09-17,0,highs-ipm,0.06257341700256802,3213.8813462930398,1.1368683772161603e-13,8.242295734817162e-13,20,2025-09-17 00:00,2025-09-17 00:00,2025-08-28|2025-08-29|2025-08-30|2025-08-31|2025-09-01|2025-09-02|2025-09-03|2025-09-04|2025-09-05|2025-09-06|2025-09-07|2025-09-08|2025-09-09|2025-09-10|2025-09-11|2025-09-12|2025-09-13|2025-09-14|2025-09-15|2025-09-16,144
q4_3,S2,2025-09-17,6,highs-ipm,0.08467199999722652,10826.985430845862,1.1368683772161603e-13,9.094947017729282e-13,20,2025-09-17 06:00,2025-09-17 06:00,2025-08-28|2025-08-29|2025-08-30|2025-08-31|2025-09-01|2025-09-02|2025-09-03|2025-09-04|2025-09-05|2025-09-06|2025-09-07|2025-09-08|2025-09-09|2025-09-10|2025-09-11|2025-09-12|2025-09-13|2025-09-14|2025-09-15|2025-09-16,144
q4_3,S2,2025-09-17,12,highs-ipm,0.27785945900541265,24720.038084994638,2.2737367544323206e-13,7.958078640513122e-13,20,2025-09-17 12:00,2025-09-17 12:00,2025-08-28|2025-08-29|2025-08-30|2025-08-31|2025-09-01|2025-09-02|2025-09-03|2025-09-04|2025-09-05|2025-09-06|2025-09-07|2025-09-08|2025-09-09|2025-09-10|2025-09-11|2025-09-12|2025-09-13|2025-09-14|2025-09-15|2025-09-16,144
q4_3,S2,2025-09-18,0,highs-ipm,0.0701070420036558,2679.621668998843,4.547473508864641e-13,9.094947017729282e-13,20,2025-09-18 00:00,2025-09-18 00:00,2025-08-29|2025-08-30|2025-08-31|2025-09-01|2025-09-02|2025-09-03|2025-09-04|2025-09-05|2025-09-06|2025-09-07|2025-09-08|2025-09-09|2025-09-10|2025-09-11|2025-09-12|2025-09-13|2025-09-14|2025-09-15|2025-09-16|2025-09-17,144
q4_3,S2,2025-09-18,6,highs-ipm,0.09965683299378725,13981.588576110635,2.2737367544323206e-13,9.094947017729282e-13,20,2025-09-18 06:00,2025-09-18 06:00,2025-08-29|2025-08-30|2025-08-31|2025-09-01|2025-09-02|2025-09-03|2025-09-04|2025-09-05|2025-09-06|2025-09-07|2025-09-08|2025-09-09|2025-09-10|2025-09-11|2025-09-12|2025-09-13|2025-09-14|2025-09-15|2025-09-16|2025-09-17,144
q4_3,S2,2025-09-18,12,highs-ipm,0.12305116599600296,7204.761861545885,2.2737367544323206e-13,9.094947017729282e-13,20,2025-09-18 12:00,2025-09-18 12:00,2025-08-29|2025-08-30|2025-08-31|2025-09-01|2025-09-02|2025-09-03|2025-09-04|2025-09-05|2025-09-06|2025-09-07|2025-09-08|2025-09-09|2025-09-10|2025-09-11|2025-09-12|2025-09-13|2025-09-14|2025-09-15|2025-09-16|2025-09-17,144
q4_3,S2,2025-09-19,0,highs-ipm,0.07623070800036658,1539.1238929660665,5.684341886080802e-14,9.094947017729282e-13,20,2025-09-19 00:00,2025-09-19 00:00,2025-08-30|2025-08-31|2025-09-01|2025-09-02|2025-09-03|2025-09-04|2025-09-05|2025-09-06|2025-09-07|2025-09-08|2025-09-09|2025-09-10|2025-09-11|2025-09-12|2025-09-13|2025-09-14|2025-09-15|2025-09-16|2025-09-17|2025-09-18,144
q4_3,S2,2025-09-19,6,highs-ipm,0.10572045799926855,6980.546320391483,1.1368683772161603e-13,9.094947017729282e-13,20,2025-09-19 06:00,2025-09-19 06:00,2025-08-30|2025-08-31|2025-09-01|2025-09-02|2025-09-03|2025-09-04|2025-09-05|2025-09-06|2025-09-07|2025-09-08|2025-09-09|2025-09-10|2025-09-11|2025-09-12|2025-09-13|2025-09-14|2025-09-15|2025-09-16|2025-09-17|2025-09-18,144
q4_3,S2,2025-09-19,12,highs-ipm,0.09142316599900369,5993.632867769364,1.1368683772161603e-13,9.094947017729282e-13,20,2025-09-19 12:00,2025-09-19 12:00,2025-08-30|2025-08-31|2025-09-01|2025-09-02|2025-09-03|2025-09-04|2025-09-05|2025-09-06|2025-09-07|2025-09-08|2025-09-09|2025-09-10|2025-09-11|2025-09-12|2025-09-13|2025-09-14|2025-09-15|2025-09-16|2025-09-17|2025-09-18,144
q4_3,S2,2025-09-20,0,highs-ipm,0.06747558400093112,1166.2599558763368,2.2737367544323206e-13,7.958078640513122e-13,20,2025-09-20 00:00,2025-09-20 00:00,2025-08-31|2025-09-01|2025-09-02|2025-09-03|2025-09-04|2025-09-05|2025-09-06|2025-09-07|2025-09-08|2025-09-09|2025-09-10|2025-09-11|2025-09-12|2025-09-13|2025-09-14|2025-09-15|2025-09-16|2025-09-17|2025-09-18|2025-09-19,144
q4_3,S2,2025-09-20,6,highs-ipm,0.08104158299829578,10222.42631672024,2.2737367544323206e-13,9.094947017729282e-13,20,2025-09-20 06:00,2025-09-20 06:00,2025-08-31|2025-09-01|2025-09-02|2025-09-03|2025-09-04|2025-09-05|2025-09-06|2025-09-07|2025-09-08|2025-09-09|2025-09-10|2025-09-11|2025-09-12|2025-09-13|2025-09-14|2025-09-15|2025-09-16|2025-09-17|2025-09-18|2025-09-19,144
q4_3,S2,2025-09-20,12,highs-ipm,0.07114858300337801,17073.709030679212,2.2737367544323206e-13,7.958078640513122e-13,20,2025-09-20 12:00,2025-09-20 12:00,2025-08-31|2025-09-01|2025-09-02|2025-09-03|2025-09-04|2025-09-05|2025-09-06|2025-09-07|2025-09-08|2025-09-09|2025-09-10|2025-09-11|2025-09-12|2025-09-13|2025-09-14|2025-09-15|2025-09-16|2025-09-17|2025-09-18|2025-09-19,144
q4_3,S2,2025-09-21,0,highs-ipm,0.05902920800144784,2319.6777491019857,1.1368683772161603e-13,9.094947017729282e-13,20,2025-09-21 00:00,2025-09-21 00:00,2025-09-01|2025-09-02|2025-09-03|2025-09-04|2025-09-05|2025-09-06|2025-09-07|2025-09-08|2025-09-09|2025-09-10|2025-09-11|2025-09-12|2025-09-13|2025-09-14|2025-09-15|2025-09-16|2025-09-17|2025-09-18|2025-09-19|2025-09-20,144
q4_3,S2,2025-09-21,6,highs-ipm,0.07343395800126018,10074.884737828093,1.1368683772161603e-13,9.094947017729282e-13,20,2025-09-21 06:00,2025-09-21 06:00,2025-09-01|2025-09-02|2025-09-03|2025-09-04|2025-09-05|2025-09-06|2025-09-07|2025-09-08|2025-09-09|2025-09-10|2025-09-11|2025-09-12|2025-09-13|2025-09-14|2025-09-15|2025-09-16|2025-09-17|2025-09-18|2025-09-19|2025-09-20,144
q4_3,S2,2025-09-21,12,highs-ipm,0.08044154199887998,12362.363983129555,1.1368683772161603e-13,9.094947017729282e-13,20,2025-09-21 12:00,2025-09-21 12:00,2025-09-01|2025-09-02|2025-09-03|2025-09-04|2025-09-05|2025-09-06|2025-09-07|2025-09-08|2025-09-09|2025-09-10|2025-09-11|2025-09-12|2025-09-13|2025-09-14|2025-09-15|2025-09-16|2025-09-17|2025-09-18|2025-09-19|2025-09-20,144
q4_3,S2,2025-09-22,0,highs-ipm,0.05543154099723324,2196.8904618775364,2.2737367544323206e-13,7.105427357601002e-13,20,2025-09-22 00:00,2025-09-22 00:00,2025-09-02|2025-09-03|2025-09-04|2025-09-05|2025-09-06|2025-09-07|2025-09-08|2025-09-09|2025-09-10|2025-09-11|2025-09-12|2025-09-13|2025-09-14|2025-09-15|2025-09-16|2025-09-17|2025-09-18|2025-09-19|2025-09-20|2025-09-21,144
q4_3,S2,2025-09-22,6,highs-ipm,0.07245133399555925,8016.238975953695,2.2737367544323206e-13,9.094947017729282e-13,20,2025-09-22 06:00,2025-09-22 06:00,2025-09-02|2025-09-03|2025-09-04|2025-09-05|2025-09-06|2025-09-07|2025-09-08|2025-09-09|2025-09-10|2025-09-11|2025-09-12|2025-09-13|2025-09-14|2025-09-15|2025-09-16|2025-09-17|2025-09-18|2025-09-19|2025-09-20|2025-09-21,144
q4_3,S2,2025-09-22,12,highs-ipm,0.07226020899543073,15151.417442650321,2.2737367544323206e-13,8.337774914934926e-13,20,2025-09-22 12:00,2025-09-22 12:00,2025-09-02|2025-09-03|2025-09-04|2025-09-05|2025-09-06|2025-09-07|2025-09-08|2025-09-09|2025-09-10|2025-09-11|2025-09-12|2025-09-13|2025-09-14|2025-09-15|2025-09-16|2025-09-17|2025-09-18|2025-09-19|2025-09-20|2025-09-21,144
q4_3,S2,2025-09-23,0,highs-ipm,0.06113724999886472,2526.6600223340934,1.1368683772161603e-13,7.531752999057062e-13,20,2025-09-23 00:00,2025-09-23 00:00,2025-09-03|2025-09-04|2025-09-05|2025-09-06|2025-09-07|2025-09-08|2025-09-09|2025-09-10|2025-09-11|2025-09-12|2025-09-13|2025-09-14|2025-09-15|2025-09-16|2025-09-17|2025-09-18|2025-09-19|2025-09-20|2025-09-21|2025-09-22,144
q4_3,S2,2025-09-23,6,highs-ipm,0.07360629200411495,9754.574321052176,1.1368683772161603e-13,8.810729923425242e-13,20,2025-09-23 06:00,2025-09-23 06:00,2025-09-03|2025-09-04|2025-09-05|2025-09-06|2025-09-07|2025-09-08|2025-09-09|2025-09-10|2025-09-11|2025-09-12|2025-09-13|2025-09-14|2025-09-15|2025-09-16|2025-09-17|2025-09-18|2025-09-19|2025-09-20|2025-09-21|2025-09-22,144
q4_3,S2,2025-09-23,12,highs-ipm,0.0711520409968216,16907.47201939902,1.1368683772161603e-13,8.242295734817162e-13,20,2025-09-23 12:00,2025-09-23 12:00,2025-09-03|2025-09-04|2025-09-05|2025-09-06|2025-09-07|2025-09-08|2025-09-09|2025-09-10|2025-09-11|2025-09-12|2025-09-13|2025-09-14|2025-09-15|2025-09-16|2025-09-17|2025-09-18|2025-09-19|2025-09-20|2025-09-21|2025-09-22,144
q4_3,S2,2025-09-24,0,highs-ipm,0.05827700000372715,2139.6095483321383,6.821210263296962e-13,7.958078640513122e-13,20,2025-09-24 00:00,2025-09-24 00:00,2025-09-04|2025-09-05|2025-09-06|2025-09-07|2025-09-08|2025-09-09|2025-09-10|2025-09-11|2025-09-12|2025-09-13|2025-09-14|2025-09-15|2025-09-16|2025-09-17|2025-09-18|2025-09-19|2025-09-20|2025-09-21|2025-09-22|2025-09-23,144
q4_3,S2,2025-09-24,6,highs-ipm,0.07363600000098813,12242.982015976495,2.2737367544323206e-13,9.094947017729282e-13,20,2025-09-24 06:00,2025-09-24 06:00,2025-09-04|2025-09-05|2025-09-06|2025-09-07|2025-09-08|2025-09-09|2025-09-10|2025-09-11|2025-09-12|2025-09-13|2025-09-14|2025-09-15|2025-09-16|2025-09-17|2025-09-18|2025-09-19|2025-09-20|2025-09-21|2025-09-22|2025-09-23,144
q4_3,S2,2025-09-24,12,highs-ipm,0.07013033299881499,20026.483811869035,2.2737367544323206e-13,7.958078640513122e-13,20,2025-09-24 12:00,2025-09-24 12:00,2025-09-04|2025-09-05|2025-09-06|2025-09-07|2025-09-08|2025-09-09|2025-09-10|2025-09-11|2025-09-12|2025-09-13|2025-09-14|2025-09-15|2025-09-16|2025-09-17|2025-09-18|2025-09-19|2025-09-20|2025-09-21|2025-09-22|2025-09-23,144
q4_3,S2,2025-09-25,0,highs-ipm,0.05273887499788543,2555.553468056348,2.2737367544323206e-13,7.815970093361102e-13,20,2025-09-25 00:00,2025-09-25 00:00,2025-09-05|2025-09-06|2025-09-07|2025-09-08|2025-09-09|2025-09-10|2025-09-11|2025-09-12|2025-09-13|2025-09-14|2025-09-15|2025-09-16|2025-09-17|2025-09-18|2025-09-19|2025-09-20|2025-09-21|2025-09-22|2025-09-23|2025-09-24,144
q4_3,S2,2025-09-25,6,highs-ipm,0.06914462499844376,7789.472969022305,2.2737367544323206e-13,9.094947017729282e-13,20,2025-09-25 06:00,2025-09-25 06:00,2025-09-05|2025-09-06|2025-09-07|2025-09-08|2025-09-09|2025-09-10|2025-09-11|2025-09-12|2025-09-13|2025-09-14|2025-09-15|2025-09-16|2025-09-17|2025-09-18|2025-09-19|2025-09-20|2025-09-21|2025-09-22|2025-09-23|2025-09-24,144
q4_3,S2,2025-09-25,12,highs-ipm,0.07226037500367966,12566.892325934448,2.2737367544323206e-13,8.810729923425242e-13,20,2025-09-25 12:00,2025-09-25 12:00,2025-09-05|2025-09-06|2025-09-07|2025-09-08|2025-09-09|2025-09-10|2025-09-11|2025-09-12|2025-09-13|2025-09-14|2025-09-15|2025-09-16|2025-09-17|2025-09-18|2025-09-19|2025-09-20|2025-09-21|2025-09-22|2025-09-23|2025-09-24,144
q4_3,S2,2025-09-26,0,highs-ipm,0.06575254199560732,1234.6867459728394,7.958078640513122e-13,6.821210263296962e-13,20,2025-09-26 00:00,2025-09-26 00:00,2025-09-06|2025-09-07|2025-09-08|2025-09-09|2025-09-10|2025-09-11|2025-09-12|2025-09-13|2025-09-14|2025-09-15|2025-09-16|2025-09-17|2025-09-18|2025-09-19|2025-09-20|2025-09-21|2025-09-22|2025-09-23|2025-09-24|2025-09-25,144
q4_3,S2,2025-09-26,6,highs-ipm,0.09418308300519129,5928.719365714796,1.1368683772161603e-13,8.526512829121202e-13,20,2025-09-26 06:00,2025-09-26 06:00,2025-09-06|2025-09-07|2025-09-08|2025-09-09|2025-09-10|2025-09-11|2025-09-12|2025-09-13|2025-09-14|2025-09-15|2025-09-16|2025-09-17|2025-09-18|2025-09-19|2025-09-20|2025-09-21|2025-09-22|2025-09-23|2025-09-24|2025-09-25,144
q4_3,S2,2025-09-26,12,highs-ipm,0.08185074999346398,5786.321428571433,2.2737367544323206e-13,7.958078640513122e-13,20,2025-09-26 12:00,2025-09-26 12:00,2025-09-06|2025-09-07|2025-09-08|2025-09-09|2025-09-10|2025-09-11|2025-09-12|2025-09-13|2025-09-14|2025-09-15|2025-09-16|2025-09-17|2025-09-18|2025-09-19|2025-09-20|2025-09-21|2025-09-22|2025-09-23|2025-09-24|2025-09-25,144
q4_3,S2,2025-09-27,0,highs-ipm,0.06771570800628979,956.2120459285804,5.684341886080802e-14,7.958078640513122e-13,20,2025-09-27 00:00,2025-09-27 00:00,2025-09-07|2025-09-08|2025-09-09|2025-09-10|2025-09-11|2025-09-12|2025-09-13|2025-09-14|2025-09-15|2025-09-16|2025-09-17|2025-09-18|2025-09-19|2025-09-20|2025-09-21|2025-09-22|2025-09-23|2025-09-24|2025-09-25|2025-09-26,144
q4_3,S2,2025-09-27,6,highs-ipm,0.0866850830061594,10816.044718609463,2.2737367544323206e-13,8.952838470577262e-13,20,2025-09-27 06:00,2025-09-27 06:00,2025-09-07|2025-09-08|2025-09-09|2025-09-10|2025-09-11|2025-09-12|2025-09-13|2025-09-14|2025-09-15|2025-09-16|2025-09-17|2025-09-18|2025-09-19|2025-09-20|2025-09-21|2025-09-22|2025-09-23|2025-09-24|2025-09-25|2025-09-26,144
q4_3,S2,2025-09-27,12,highs-ipm,0.0883162079990143,18705.172103622823,2.2737367544323206e-13,7.789324740770098e-13,20,2025-09-27 12:00,2025-09-27 12:00,2025-09-07|2025-09-08|2025-09-09|2025-09-10|2025-09-11|2025-09-12|2025-09-13|2025-09-14|2025-09-15|2025-09-16|2025-09-17|2025-09-18|2025-09-19|2025-09-20|2025-09-21|2025-09-22|2025-09-23|2025-09-24|2025-09-25|2025-09-26,144
q4_3,S2,2025-09-28,0,highs-ipm,0.062272750001284294,2701.7853918713,2.2737367544323206e-13,8.757439218243235e-13,20,2025-09-28 00:00,2025-09-28 00:00,2025-09-08|2025-09-09|2025-09-10|2025-09-11|2025-09-12|2025-09-13|2025-09-14|2025-09-15|2025-09-16|2025-09-17|2025-09-18|2025-09-19|2025-09-20|2025-09-21|2025-09-22|2025-09-23|2025-09-24|2025-09-25|2025-09-26|2025-09-27,144
q4_3,S2,2025-09-28,6,highs-ipm,0.07391554200148676,14699.5010398221,1.1368683772161603e-13,9.094947017729282e-13,20,2025-09-28 06:00,2025-09-28 06:00,2025-09-08|2025-09-09|2025-09-10|2025-09-11|2025-09-12|2025-09-13|2025-09-14|2025-09-15|2025-09-16|2025-09-17|2025-09-18|2025-09-19|2025-09-20|2025-09-21|2025-09-22|2025-09-23|2025-09-24|2025-09-25|2025-09-26|2025-09-27,144
q4_3,S2,2025-09-28,12,highs-ipm,0.07373854199977359,17833.385433091396,2.2737367544323206e-13,8.08242361927114e-13,20,2025-09-28 12:00,2025-09-28 12:00,2025-09-08|2025-09-09|2025-09-10|2025-09-11|2025-09-12|2025-09-13|2025-09-14|2025-09-15|2025-09-16|2025-09-17|2025-09-18|2025-09-19|2025-09-20|2025-09-21|2025-09-22|2025-09-23|2025-09-24|2025-09-25|2025-09-26|2025-09-27,144
q4_3,S2,2025-09-29,0,highs-ipm,0.057324791996506974,2755.546206323962,2.2737367544323206e-13,9.094947017729282e-13,20,2025-09-29 00:00,2025-09-29 00:00,2025-09-09|2025-09-10|2025-09-11|2025-09-12|2025-09-13|2025-09-14|2025-09-15|2025-09-16|2025-09-17|2025-09-18|2025-09-19|2025-09-20|2025-09-21|2025-09-22|2025-09-23|2025-09-24|2025-09-25|2025-09-26|2025-09-27|2025-09-28,144
q4_3,S2,2025-09-29,6,highs-ipm,0.07739541699993424,7765.924736035304,2.2737367544323206e-13,9.094947017729282e-13,20,2025-09-29 06:00,2025-09-29 06:00,2025-09-09|2025-09-10|2025-09-11|2025-09-12|2025-09-13|2025-09-14|2025-09-15|2025-09-16|2025-09-17|2025-09-18|2025-09-19|2025-09-20|2025-09-21|2025-09-22|2025-09-23|2025-09-24|2025-09-25|2025-09-26|2025-09-27|2025-09-28,144
q4_3,S2,2025-09-29,12,highs-ipm,0.07112145800056169,15019.038862736425,2.2737367544323206e-13,9.094947017729282e-13,20,2025-09-29 12:00,2025-09-29 12:00,2025-09-09|2025-09-10|2025-09-11|2025-09-12|2025-09-13|2025-09-14|2025-09-15|2025-09-16|2025-09-17|2025-09-18|2025-09-19|2025-09-20|2025-09-21|2025-09-22|2025-09-23|2025-09-24|2025-09-25|2025-09-26|2025-09-27|2025-09-28,144
q4_3,S2,2025-09-30,0,highs-ipm,0.057142750003549736,2942.635360011324,4.547473508864641e-13,9.094947017729282e-13,20,2025-09-30 00:00,2025-09-30 00:00,2025-09-10|2025-09-11|2025-09-12|2025-09-13|2025-09-14|2025-09-15|2025-09-16|2025-09-17|2025-09-18|2025-09-19|2025-09-20|2025-09-21|2025-09-22|2025-09-23|2025-09-24|2025-09-25|2025-09-26|2025-09-27|2025-09-28|2025-09-29,144
q4_3,S2,2025-09-30,6,highs-ipm,0.07712933400034672,11208.43078041551,1.1368683772161603e-13,9.094947017729282e-13,20,2025-09-30 06:00,2025-09-30 06:00,2025-09-10|2025-09-11|2025-09-12|2025-09-13|2025-09-14|2025-09-15|2025-09-16|2025-09-17|2025-09-18|2025-09-19|2025-09-20|2025-09-21|2025-09-22|2025-09-23|2025-09-24|2025-09-25|2025-09-26|2025-09-27|2025-09-28|2025-09-29,144
q4_3,S2,2025-09-30,12,highs-ipm,0.08341245799965691,16527.107218836612,1.1368683772161603e-13,8.029132914089132e-13,20,2025-09-30 12:00,2025-09-30 12:00,2025-09-10|2025-09-11|2025-09-12|2025-09-13|2025-09-14|2025-09-15|2025-09-16|2025-09-17|2025-09-18|2025-09-19|2025-09-20|2025-09-21|2025-09-22|2025-09-23|2025-09-24|2025-09-25|2025-09-26|2025-09-27|2025-09-28|2025-09-29,144
q4_3,S2,2025-10-01,0,highs-ipm,0.06068424999830313,2966.948136514035,2.2737367544323206e-13,9.094947017729282e-13,20,2025-10-01 00:00,2025-10-01 00:00,2025-09-11|2025-09-12|2025-09-13|2025-09-14|2025-09-15|2025-09-16|2025-09-17|2025-09-18|2025-09-19|2025-09-20|2025-09-21|2025-09-22|2025-09-23|2025-09-24|2025-09-25|2025-09-26|2025-09-27|2025-09-28|2025-09-29|2025-09-30,144
q4_3,S2,2025-10-01,6,highs-ipm,0.17708041700097965,10521.566321978871,1.1368683772161603e-13,1.0231815394945443e-12,20,2025-10-01 06:00,2025-10-01 06:00,2025-09-11|2025-09-12|2025-09-13|2025-09-14|2025-09-15|2025-09-16|2025-09-17|2025-09-18|2025-09-19|2025-09-20|2025-09-21|2025-09-22|2025-09-23|2025-09-24|2025-09-25|2025-09-26|2025-09-27|2025-09-28|2025-09-29|2025-09-30,144
q4_3,S2,2025-10-01,12,highs-ipm,0.07066337500145892,14421.734065148283,1.1368683772161603e-13,1.0231815394945443e-12,20,2025-10-01 12:00,2025-10-01 12:00,2025-09-11|2025-09-12|2025-09-13|2025-09-14|2025-09-15|2025-09-16|2025-09-17|2025-09-18|2025-09-19|2025-09-20|2025-09-21|2025-09-22|2025-09-23|2025-09-24|2025-09-25|2025-09-26|2025-09-27|2025-09-28|2025-09-29|2025-09-30,144
q4_3,S2,2025-10-02,0,highs-ipm,0.051455417000397574,3193.5402385484854,1.1368683772161603e-13,7.602807272633072e-13,20,2025-10-02 00:00,2025-10-02 00:00,2025-09-12|2025-09-13|2025-09-14|2025-09-15|2025-09-16|2025-09-17|2025-09-18|2025-09-19|2025-09-20|2025-09-21|2025-09-22|2025-09-23|2025-09-24|2025-09-25|2025-09-26|2025-09-27|2025-09-28|2025-09-29|2025-09-30|2025-10-01,144
q4_3,S2,2025-10-02,6,highs-ipm,0.0847150000045076,3463.642345096928,2.2737367544323206e-13,9.094947017729282e-13,20,2025-10-02 06:00,2025-10-02 06:00,2025-09-12|2025-09-13|2025-09-14|2025-09-15|2025-09-16|2025-09-17|2025-09-18|2025-09-19|2025-09-20|2025-09-21|2025-09-22|2025-09-23|2025-09-24|2025-09-25|2025-09-26|2025-09-27|2025-09-28|2025-09-29|2025-09-30|2025-10-01,144
q4_3,S2,2025-10-02,12,highs-ipm,0.07794312500482192,4119.972371642801,1.1368683772161603e-13,8.526512829121202e-13,20,2025-10-02 12:00,2025-10-02 12:00,2025-09-12|2025-09-13|2025-09-14|2025-09-15|2025-09-16|2025-09-17|2025-09-18|2025-09-19|2025-09-20|2025-09-21|2025-09-22|2025-09-23|2025-09-24|2025-09-25|2025-09-26|2025-09-27|2025-09-28|2025-09-29|2025-09-30|2025-10-01,144
q4_3,S2,2025-10-03,0,highs-ipm,0.0673798749994603,993.2529685005441,1.1368683772161603e-13,8.526512829121202e-13,20,2025-10-03 00:00,2025-10-03 00:00,2025-09-13|2025-09-14|2025-09-15|2025-09-16|2025-09-17|2025-09-18|2025-09-19|2025-09-20|2025-09-21|2025-09-22|2025-09-23|2025-09-24|2025-09-25|2025-09-26|2025-09-27|2025-09-28|2025-09-29|2025-09-30|2025-10-01|2025-10-02,144
q4_3,S2,2025-10-03,6,highs-ipm,0.07163199999922654,6348.613015883851,5.684341886080802e-14,8.242295734817162e-13,20,2025-10-03 06:00,2025-10-03 06:00,2025-09-13|2025-09-14|2025-09-15|2025-09-16|2025-09-17|2025-09-18|2025-09-19|2025-09-20|2025-09-21|2025-09-22|2025-09-23|2025-09-24|2025-09-25|2025-09-26|2025-09-27|2025-09-28|2025-09-29|2025-09-30|2025-10-01|2025-10-02,144
q4_3,S2,2025-10-03,12,highs-ipm,0.07445141700009117,6658.78067672307,5.684341886080802e-14,8.242295734817162e-13,20,2025-10-03 12:00,2025-10-03 12:00,2025-09-13|2025-09-14|2025-09-15|2025-09-16|2025-09-17|2025-09-18|2025-09-19|2025-09-20|2025-09-21|2025-09-22|2025-09-23|2025-09-24|2025-09-25|2025-09-26|2025-09-27|2025-09-28|2025-09-29|2025-09-30|2025-10-01|2025-10-02,144
q4_3,S2,2025-10-04,0,highs-ipm,0.05503774999669986,1311.521298862034,1.1368683772161603e-13,9.094947017729282e-13,20,2025-10-04 00:00,2025-10-04 00:00,2025-09-14|2025-09-15|2025-09-16|2025-09-17|2025-09-18|2025-09-19|2025-09-20|2025-09-21|2025-09-22|2025-09-23|2025-09-24|2025-09-25|2025-09-26|2025-09-27|2025-09-28|2025-09-29|2025-09-30|2025-10-01|2025-10-02|2025-10-03,144
q4_3,S2,2025-10-04,6,highs-ipm,0.07942691700009163,10015.51563917073,1.1368683772161603e-13,6.963318810448982e-13,20,2025-10-04 06:00,2025-10-04 06:00,2025-09-14|2025-09-15|2025-09-16|2025-09-17|2025-09-18|2025-09-19|2025-09-20|2025-09-21|2025-09-22|2025-09-23|2025-09-24|2025-09-25|2025-09-26|2025-09-27|2025-09-28|2025-09-29|2025-09-30|2025-10-01|2025-10-02|2025-10-03,144
q4_3,S2,2025-10-04,12,highs-ipm,0.07477066600404214,25426.440233513156,2.2737367544323206e-13,9.094947017729282e-13,20,2025-10-04 12:00,2025-10-04 12:00,2025-09-14|2025-09-15|2025-09-16|2025-09-17|2025-09-18|2025-09-19|2025-09-20|2025-09-21|2025-09-22|2025-09-23|2025-09-24|2025-09-25|2025-09-26|2025-09-27|2025-09-28|2025-09-29|2025-09-30|2025-10-01|2025-10-02|2025-10-03,144
q4_3,S2,2025-10-05,0,highs-ipm,0.058086166995053645,3210.0647541516078,1.1368683772161603e-13,9.094947017729282e-13,20,2025-10-05 00:00,2025-10-05 00:00,2025-09-15|2025-09-16|2025-09-17|2025-09-18|2025-09-19|2025-09-20|2025-09-21|2025-09-22|2025-09-23|2025-09-24|2025-09-25|2025-09-26|2025-09-27|2025-09-28|2025-09-29|2025-09-30|2025-10-01|2025-10-02|2025-10-03|2025-10-04,144
q4_3,S2,2025-10-05,6,highs-ipm,0.07260949999908917,8285.967363297355,1.1368683772161603e-13,8.810729923425242e-13,20,2025-10-05 06:00,2025-10-05 06:00,2025-09-15|2025-09-16|2025-09-17|2025-09-18|2025-09-19|2025-09-20|2025-09-21|2025-09-22|2025-09-23|2025-09-24|2025-09-25|2025-09-26|2025-09-27|2025-09-28|2025-09-29|2025-09-30|2025-10-01|2025-10-02|2025-10-03|2025-10-04,144
q4_3,S2,2025-10-05,12,highs-ipm,0.06442462500126567,20792.795237332237,1.1368683772161603e-13,1.0231815394945443e-12,20,2025-10-05 12:00,2025-10-05 12:00,2025-09-15|2025-09-16|2025-09-17|2025-09-18|2025-09-19|2025-09-20|2025-09-21|2025-09-22|2025-09-23|2025-09-24|2025-09-25|2025-09-26|2025-09-27|2025-09-28|2025-09-29|2025-09-30|2025-10-01|2025-10-02|2025-10-03|2025-10-04,144
q4_3,S2,2025-10-06,0,highs-ipm,0.05395149999822024,2596.698754014717,2.2737367544323206e-13,7.958078640513122e-13,20,2025-10-06 00:00,2025-10-06 00:00,2025-09-16|2025-09-17|2025-09-18|2025-09-19|2025-09-20|2025-09-21|2025-09-22|2025-09-23|2025-09-24|2025-09-25|2025-09-26|2025-09-27|2025-09-28|2025-09-29|2025-09-30|2025-10-01|2025-10-02|2025-10-03|2025-10-04|2025-10-05,144
q4_3,S2,2025-10-06,6,highs-ipm,0.06784099999640603,12994.906812940377,2.2737367544323206e-13,9.094947017729282e-13,20,2025-10-06 06:00,2025-10-06 06:00,2025-09-16|2025-09-17|2025-09-18|2025-09-19|2025-09-20|2025-09-21|2025-09-22|2025-09-23|2025-09-24|2025-09-25|2025-09-26|2025-09-27|2025-09-28|2025-09-29|2025-09-30|2025-10-01|2025-10-02|2025-10-03|2025-10-04|2025-10-05,144
q4_3,S2,2025-10-06,12,highs-ipm,0.06794358399929479,20438.59610234433,2.2737367544323206e-13,9.094947017729282e-13,20,2025-10-06 12:00,2025-10-06 12:00,2025-09-16|2025-09-17|2025-09-18|2025-09-19|2025-09-20|2025-09-21|2025-09-22|2025-09-23|2025-09-24|2025-09-25|2025-09-26|2025-09-27|2025-09-28|2025-09-29|2025-09-30|2025-10-01|2025-10-02|2025-10-03|2025-10-04|2025-10-05,144
q4_3,S2,2025-10-07,0,highs-ipm,0.05392879200371681,3182.0037705375767,1.1368683772161603e-13,8.526512829121202e-13,20,2025-10-07 00:00,2025-10-07 00:00,2025-09-17|2025-09-18|2025-09-19|2025-09-20|2025-09-21|2025-09-22|2025-09-23|2025-09-24|2025-09-25|2025-09-26|2025-09-27|2025-09-28|2025-09-29|2025-09-30|2025-10-01|2025-10-02|2025-10-03|2025-10-04|2025-10-05|2025-10-06,144
q4_3,S2,2025-10-07,6,highs-ipm,0.06854662499972619,11246.423012820223,1.4210854715202004e-14,9.094947017729282e-13,20,2025-10-07 06:00,2025-10-07 06:00,2025-09-17|2025-09-18|2025-09-19|2025-09-20|2025-09-21|2025-09-22|2025-09-23|2025-09-24|2025-09-25|2025-09-26|2025-09-27|2025-09-28|2025-09-29|2025-09-30|2025-10-01|2025-10-02|2025-10-03|2025-10-04|2025-10-05|2025-10-06,144
q4_3,S2,2025-10-07,12,highs-ipm,0.13467987500189338,22889.43215620161,1.1368683772161603e-13,8.810729923425242e-13,20,2025-10-07 12:00,2025-10-07 12:00,2025-09-17|2025-09-18|2025-09-19|2025-09-20|2025-09-21|2025-09-22|2025-09-23|2025-09-24|2025-09-25|2025-09-26|2025-09-27|2025-09-28|2025-09-29|2025-09-30|2025-10-01|2025-10-02|2025-10-03|2025-10-04|2025-10-05|2025-10-06,144
q4_3,S2,2025-10-08,0,highs-ipm,0.08853654199629091,2678.4549179010396,4.547473508864641e-13,9.094947017729282e-13,20,2025-10-08 00:00,2025-10-08 00:00,2025-09-18|2025-09-19|2025-09-20|2025-09-21|2025-09-22|2025-09-23|2025-09-24|2025-09-25|2025-09-26|2025-09-27|2025-09-28|2025-09-29|2025-09-30|2025-10-01|2025-10-02|2025-10-03|2025-10-04|2025-10-05|2025-10-06|2025-10-07,144
q4_3,S2,2025-10-08,6,highs-ipm,0.07125475000066217,10478.231467264746,1.1368683772161603e-13,8.242295734817162e-13,20,2025-10-08 06:00,2025-10-08 06:00,2025-09-18|2025-09-19|2025-09-20|2025-09-21|2025-09-22|2025-09-23|2025-09-24|2025-09-25|2025-09-26|2025-09-27|2025-09-28|2025-09-29|2025-09-30|2025-10-01|2025-10-02|2025-10-03|2025-10-04|2025-10-05|2025-10-06|2025-10-07,144
q4_3,S2,2025-10-08,12,highs-ipm,0.0819493339949986,14898.519397382504,1.1368683772161603e-13,9.094947017729282e-13,20,2025-10-08 12:00,2025-10-08 12:00,2025-09-18|2025-09-19|2025-09-20|2025-09-21|2025-09-22|2025-09-23|2025-09-24|2025-09-25|2025-09-26|2025-09-27|2025-09-28|2025-09-29|2025-09-30|2025-10-01|2025-10-02|2025-10-03|2025-10-04|2025-10-05|2025-10-06|2025-10-07,144
q4_3,S2,2025-10-09,0,highs-ipm,0.056526584005041514,3351.484505134521,1.1368683772161603e-13,1.0231815394945443e-12,20,2025-10-09 00:00,2025-10-09 00:00,2025-09-19|2025-09-20|2025-09-21|2025-09-22|2025-09-23|2025-09-24|2025-09-25|2025-09-26|2025-09-27|2025-09-28|2025-09-29|2025-09-30|2025-10-01|2025-10-02|2025-10-03|2025-10-04|2025-10-05|2025-10-06|2025-10-07|2025-10-08,144
q4_3,S2,2025-10-09,6,highs-ipm,0.07135312500031432,2923.8352348251615,1.1368683772161603e-13,9.094947017729282e-13,20,2025-10-09 06:00,2025-10-09 06:00,2025-09-19|2025-09-20|2025-09-21|2025-09-22|2025-09-23|2025-09-24|2025-09-25|2025-09-26|2025-09-27|2025-09-28|2025-09-29|2025-09-30|2025-10-01|2025-10-02|2025-10-03|2025-10-04|2025-10-05|2025-10-06|2025-10-07|2025-10-08,144
q4_3,S2,2025-10-09,12,highs-ipm,0.08180020799773047,4861.003120407737,1.1368683772161603e-13,9.094947017729282e-13,20,2025-10-09 12:00,2025-10-09 12:00,2025-09-19|2025-09-20|2025-09-21|2025-09-22|2025-09-23|2025-09-24|2025-09-25|2025-09-26|2025-09-27|2025-09-28|2025-09-29|2025-09-30|2025-10-01|2025-10-02|2025-10-03|2025-10-04|2025-10-05|2025-10-06|2025-10-07|2025-10-08,144
q4_3,S2,2025-10-10,0,highs-ipm,0.06173220799973933,985.3925736089075,2.2737367544323206e-13,8.526512829121202e-13,20,2025-10-10 00:00,2025-10-10 00:00,2025-09-20|2025-09-21|2025-09-22|2025-09-23|2025-09-24|2025-09-25|2025-09-26|2025-09-27|2025-09-28|2025-09-29|2025-09-30|2025-10-01|2025-10-02|2025-10-03|2025-10-04|2025-10-05|2025-10-06|2025-10-07|2025-10-08|2025-10-09,144
q4_3,S2,2025-10-10,6,highs-ipm,0.08140375000220956,6330.996412592001,2.2737367544323206e-13,7.958078640513122e-13,20,2025-10-10 06:00,2025-10-10 06:00,2025-09-20|2025-09-21|2025-09-22|2025-09-23|2025-09-24|2025-09-25|2025-09-26|2025-09-27|2025-09-28|2025-09-29|2025-09-30|2025-10-01|2025-10-02|2025-10-03|2025-10-04|2025-10-05|2025-10-06|2025-10-07|2025-10-08|2025-10-09,144
q4_3,S2,2025-10-10,12,highs-ipm,0.07171804200334009,6054.428468445337,5.684341886080802e-14,9.094947017729282e-13,20,2025-10-10 12:00,2025-10-10 12:00,2025-09-20|2025-09-21|2025-09-22|2025-09-23|2025-09-24|2025-09-25|2025-09-26|2025-09-27|2025-09-28|2025-09-29|2025-09-30|2025-10-01|2025-10-02|2025-10-03|2025-10-04|2025-10-05|2025-10-06|2025-10-07|2025-10-08|2025-10-09,144
q4_3,S2,2025-10-11,0,highs-ipm,0.06606608299625805,968.9829741380267,1.1368683772161603e-13,8.752998326144734e-13,20,2025-10-11 00:00,2025-10-11 00:00,2025-09-21|2025-09-22|2025-09-23|2025-09-24|2025-09-25|2025-09-26|2025-09-27|2025-09-28|2025-09-29|2025-09-30|2025-10-01|2025-10-02|2025-10-03|2025-10-04|2025-10-05|2025-10-06|2025-10-07|2025-10-08|2025-10-09|2025-10-10,144
q4_3,S2,2025-10-11,6,highs-ipm,0.080481624994718,10809.584706566227,5.684341886080802e-14,7.958078640513122e-13,20,2025-10-11 06:00,2025-10-11 06:00,2025-09-21|2025-09-22|2025-09-23|2025-09-24|2025-09-25|2025-09-26|2025-09-27|2025-09-28|2025-09-29|2025-09-30|2025-10-01|2025-10-02|2025-10-03|2025-10-04|2025-10-05|2025-10-06|2025-10-07|2025-10-08|2025-10-09|2025-10-10,144
q4_3,S2,2025-10-11,12,highs-ipm,0.07203049999952782,20893.51083664406,5.684341886080802e-14,9.094947017729282e-13,20,2025-10-11 12:00,2025-10-11 12:00,2025-09-21|2025-09-22|2025-09-23|2025-09-24|2025-09-25|2025-09-26|2025-09-27|2025-09-28|2025-09-29|2025-09-30|2025-10-01|2025-10-02|2025-10-03|2025-10-04|2025-10-05|2025-10-06|2025-10-07|2025-10-08|2025-10-09|2025-10-10,144
q4_3,S2,2025-10-12,0,highs-ipm,0.05324583299807273,3276.2931836859375,2.2737367544323206e-13,9.094947017729282e-13,20,2025-10-12 00:00,2025-10-12 00:00,2025-09-22|2025-09-23|2025-09-24|2025-09-25|2025-09-26|2025-09-27|2025-09-28|2025-09-29|2025-09-30|2025-10-01|2025-10-02|2025-10-03|2025-10-04|2025-10-05|2025-10-06|2025-10-07|2025-10-08|2025-10-09|2025-10-10|2025-10-11,144
q4_3,S2,2025-10-12,6,highs-ipm,0.06946837499708636,11988.992772630934,1.1368683772161603e-13,9.094947017729282e-13,20,2025-10-12 06:00,2025-10-12 06:00,2025-09-22|2025-09-23|2025-09-24|2025-09-25|2025-09-26|2025-09-27|2025-09-28|2025-09-29|2025-09-30|2025-10-01|2025-10-02|2025-10-03|2025-10-04|2025-10-05|2025-10-06|2025-10-07|2025-10-08|2025-10-09|2025-10-10|2025-10-11,144
q4_3,S2,2025-10-12,12,highs-ipm,0.06895320799958427,16387.87219798709,1.1368683772161603e-13,9.094947017729282e-13,20,2025-10-12 12:00,2025-10-12 12:00,2025-09-22|2025-09-23|2025-09-24|2025-09-25|2025-09-26|2025-09-27|2025-09-28|2025-09-29|2025-09-30|2025-10-01|2025-10-02|2025-10-03|2025-10-04|2025-10-05|2025-10-06|2025-10-07|2025-10-08|2025-10-09|2025-10-10|2025-10-11,144
q4_3,S2,2025-10-13,0,highs-ipm,0.05681304099562112,3326.7126912748145,5.258016244624741e-13,9.094947017729282e-13,20,2025-10-13 00:00,2025-10-13 00:00,2025-09-23|2025-09-24|2025-09-25|2025-09-26|2025-09-27|2025-09-28|2025-09-29|2025-09-30|2025-10-01|2025-10-02|2025-10-03|2025-10-04|2025-10-05|2025-10-06|2025-10-07|2025-10-08|2025-10-09|2025-10-10|2025-10-11|2025-10-12,144
q4_3,S2,2025-10-13,6,highs-ipm,0.07197254100174177,10326.598235234165,1.1368683772161603e-13,8.810729923425242e-13,20,2025-10-13 06:00,2025-10-13 06:00,2025-09-23|2025-09-24|2025-09-25|2025-09-26|2025-09-27|2025-09-28|2025-09-29|2025-09-30|2025-10-01|2025-10-02|2025-10-03|2025-10-04|2025-10-05|2025-10-06|2025-10-07|2025-10-08|2025-10-09|2025-10-10|2025-10-11|2025-10-12,144
q4_3,S2,2025-10-13,12,highs-ipm,0.0727498749984079,15016.564495305473,1.1368683772161603e-13,7.958078640513122e-13,20,2025-10-13 12:00,2025-10-13 12:00,2025-09-23|2025-09-24|2025-09-25|2025-09-26|2025-09-27|2025-09-28|2025-09-29|2025-09-30|2025-10-01|2025-10-02|2025-10-03|2025-10-04|2025-10-05|2025-10-06|2025-10-07|2025-10-08|2025-10-09|2025-10-10|2025-10-11|2025-10-12,144
q4_3,S2,2025-10-14,0,highs-ipm,0.09363970800040988,3688.2364573459954,1.1368683772161603e-13,1.0231815394945443e-12,20,2025-10-14 00:00,2025-10-14 00:00,2025-09-24|2025-09-25|2025-09-26|2025-09-27|2025-09-28|2025-09-29|2025-09-30|2025-10-01|2025-10-02|2025-10-03|2025-10-04|2025-10-05|2025-10-06|2025-10-07|2025-10-08|2025-10-09|2025-10-10|2025-10-11|2025-10-12|2025-10-13,144
q4_3,S2,2025-10-14,6,highs-ipm,0.08847887500451179,9341.461324415106,1.1368683772161603e-13,8.08242361927114e-13,20,2025-10-14 06:00,2025-10-14 06:00,2025-09-24|2025-09-25|2025-09-26|2025-09-27|2025-09-28|2025-09-29|2025-09-30|2025-10-01|2025-10-02|2025-10-03|2025-10-04|2025-10-05|2025-10-06|2025-10-07|2025-10-08|2025-10-09|2025-10-10|2025-10-11|2025-10-12|2025-10-13,144
q4_3,S2,2025-10-14,12,highs-ipm,0.07121391699911328,21665.331005913333,1.1368683772161603e-13,8.810729923425242e-13,20,2025-10-14 12:00,2025-10-14 12:00,2025-09-24|2025-09-25|2025-09-26|2025-09-27|2025-09-28|2025-09-29|2025-09-30|2025-10-01|2025-10-02|2025-10-03|2025-10-04|2025-10-05|2025-10-06|2025-10-07|2025-10-08|2025-10-09|2025-10-10|2025-10-11|2025-10-12|2025-10-13,144
q4_3,S2,2025-10-15,0,highs-ipm,0.05330179099837551,3492.528202056922,1.1368683772161603e-13,7.958078640513122e-13,20,2025-10-15 00:00,2025-10-15 00:00,2025-09-25|2025-09-26|2025-09-27|2025-09-28|2025-09-29|2025-09-30|2025-10-01|2025-10-02|2025-10-03|2025-10-04|2025-10-05|2025-10-06|2025-10-07|2025-10-08|2025-10-09|2025-10-10|2025-10-11|2025-10-12|2025-10-13|2025-10-14,144
q4_3,S2,2025-10-15,6,highs-ipm,0.06802758299454581,9249.081598363071,1.1368683772161603e-13,9.094947017729282e-13,20,2025-10-15 06:00,2025-10-15 06:00,2025-09-25|2025-09-26|2025-09-27|2025-09-28|2025-09-29|2025-09-30|2025-10-01|2025-10-02|2025-10-03|2025-10-04|2025-10-05|2025-10-06|2025-10-07|2025-10-08|2025-10-09|2025-10-10|2025-10-11|2025-10-12|2025-10-13|2025-10-14,144
q4_3,S2,2025-10-15,12,highs-ipm,0.07089354199706577,19859.788628539973,1.1368683772161603e-13,9.094947017729282e-13,20,2025-10-15 12:00,2025-10-15 12:00,2025-09-25|2025-09-26|2025-09-27|2025-09-28|2025-09-29|2025-09-30|2025-10-01|2025-10-02|2025-10-03|2025-10-04|2025-10-05|2025-10-06|2025-10-07|2025-10-08|2025-10-09|2025-10-10|2025-10-11|2025-10-12|2025-10-13|2025-10-14,144
q4_3,S2,2025-10-16,0,highs-ipm,0.05265020899969386,3408.890769913645,1.1368683772161603e-13,9.663381206337363e-13,20,2025-10-16 00:00,2025-10-16 00:00,2025-09-26|2025-09-27|2025-09-28|2025-09-29|2025-09-30|2025-10-01|2025-10-02|2025-10-03|2025-10-04|2025-10-05|2025-10-06|2025-10-07|2025-10-08|2025-10-09|2025-10-10|2025-10-11|2025-10-12|2025-10-13|2025-10-14|2025-10-15,144
q4_3,S2,2025-10-16,6,highs-ipm,0.07692787500127451,8422.56292733843,1.1368683772161603e-13,9.094947017729282e-13,20,2025-10-16 06:00,2025-10-16 06:00,2025-09-26|2025-09-27|2025-09-28|2025-09-29|2025-09-30|2025-10-01|2025-10-02|2025-10-03|2025-10-04|2025-10-05|2025-10-06|2025-10-07|2025-10-08|2025-10-09|2025-10-10|2025-10-11|2025-10-12|2025-10-13|2025-10-14|2025-10-15,144
q4_3,S2,2025-10-16,12,highs-ipm,0.06991874999948777,9142.396325173342,1.1368683772161603e-13,9.094947017729282e-13,20,2025-10-16 12:00,2025-10-16 12:00,2025-09-26|2025-09-27|2025-09-28|2025-09-29|2025-09-30|2025-10-01|2025-10-02|2025-10-03|2025-10-04|2025-10-05|2025-10-06|2025-10-07|2025-10-08|2025-10-09|2025-10-10|2025-10-11|2025-10-12|2025-10-13|2025-10-14|2025-10-15,144
q4_3,S2,2025-10-17,0,highs-ipm,0.06114416600030381,717.9371418934028,2.2737367544323206e-13,8.526512829121202e-13,20,2025-10-17 00:00,2025-10-17 00:00,2025-09-27|2025-09-28|2025-09-29|2025-09-30|2025-10-01|2025-10-02|2025-10-03|2025-10-04|2025-10-05|2025-10-06|2025-10-07|2025-10-08|2025-10-09|2025-10-10|2025-10-11|2025-10-12|2025-10-13|2025-10-14|2025-10-15|2025-10-16,144
q4_3,S2,2025-10-17,6,highs-ipm,0.07850362500175834,7058.7886257471655,2.2737367544323206e-13,8.526512829121202e-13,20,2025-10-17 06:00,2025-10-17 06:00,2025-09-27|2025-09-28|2025-09-29|2025-09-30|2025-10-01|2025-10-02|2025-10-03|2025-10-04|2025-10-05|2025-10-06|2025-10-07|2025-10-08|2025-10-09|2025-10-10|2025-10-11|2025-10-12|2025-10-13|2025-10-14|2025-10-15|2025-10-16,144
q4_3,S2,2025-10-17,12,highs-ipm,0.07711870899947826,6751.659280864382,5.684341886080802e-14,8.810729923425242e-13,20,2025-10-17 12:00,2025-10-17 12:00,2025-09-27|2025-09-28|2025-09-29|2025-09-30|2025-10-01|2025-10-02|2025-10-03|2025-10-04|2025-10-05|2025-10-06|2025-10-07|2025-10-08|2025-10-09|2025-10-10|2025-10-11|2025-10-12|2025-10-13|2025-10-14|2025-10-15|2025-10-16,144
q4_3,S2,2025-10-18,0,highs-ipm,0.05867449999641394,1033.1140924794563,1.1368683772161603e-13,8.526512829121202e-13,20,2025-10-18 00:00,2025-10-18 00:00,2025-09-28|2025-09-29|2025-09-30|2025-10-01|2025-10-02|2025-10-03|2025-10-04|2025-10-05|2025-10-06|2025-10-07|2025-10-08|2025-10-09|2025-10-10|2025-10-11|2025-10-12|2025-10-13|2025-10-14|2025-10-15|2025-10-16|2025-10-17,144
q4_3,S2,2025-10-18,6,highs-ipm,0.07860241599701112,10606.7082038207,5.684341886080802e-14,9.094947017729282e-13,20,2025-10-18 06:00,2025-10-18 06:00,2025-09-28|2025-09-29|2025-09-30|2025-10-01|2025-10-02|2025-10-03|2025-10-04|2025-10-05|2025-10-06|2025-10-07|2025-10-08|2025-10-09|2025-10-10|2025-10-11|2025-10-12|2025-10-13|2025-10-14|2025-10-15|2025-10-16|2025-10-17,144
q4_3,S2,2025-10-18,12,highs-ipm,0.07936270899517694,24051.41538056704,2.2737367544323206e-13,8.739675649849232e-13,20,2025-10-18 12:00,2025-10-18 12:00,2025-09-28|2025-09-29|2025-09-30|2025-10-01|2025-10-02|2025-10-03|2025-10-04|2025-10-05|2025-10-06|2025-10-07|2025-10-08|2025-10-09|2025-10-10|2025-10-11|2025-10-12|2025-10-13|2025-10-14|2025-10-15|2025-10-16|2025-10-17,144
q4_3,S2,2025-10-19,0,highs-ipm,0.05763187500269851,3080.522966807364,2.2737367544323206e-13,9.094947017729282e-13,20,2025-10-19 00:00,2025-10-19 00:00,2025-09-29|2025-09-30|2025-10-01|2025-10-02|2025-10-03|2025-10-04|2025-10-05|2025-10-06|2025-10-07|2025-10-08|2025-10-09|2025-10-10|2025-10-11|2025-10-12|2025-10-13|2025-10-14|2025-10-15|2025-10-16|2025-10-17|2025-10-18,144
q4_3,S2,2025-10-19,6,highs-ipm,0.06906837499991525,11710.908979272035,1.7053025658242404e-13,8.242295734817162e-13,20,2025-10-19 06:00,2025-10-19 06:00,2025-09-29|2025-09-30|2025-10-01|2025-10-02|2025-10-03|2025-10-04|2025-10-05|2025-10-06|2025-10-07|2025-10-08|2025-10-09|2025-10-10|2025-10-11|2025-10-12|2025-10-13|2025-10-14|2025-10-15|2025-10-16|2025-10-17|2025-10-18,144
q4_3,S2,2025-10-19,12,highs-ipm,0.06819791700399946,22871.78619255799,1.1368683772161603e-13,9.094947017729282e-13,20,2025-10-19 12:00,2025-10-19 12:00,2025-09-29|2025-09-30|2025-10-01|2025-10-02|2025-10-03|2025-10-04|2025-10-05|2025-10-06|2025-10-07|2025-10-08|2025-10-09|2025-10-10|2025-10-11|2025-10-12|2025-10-13|2025-10-14|2025-10-15|2025-10-16|2025-10-17|2025-10-18,144
q4_3,S2,2025-10-20,0,highs-ipm,0.05356337500415975,3403.644933404843,1.1368683772161603e-13,9.094947017729282e-13,20,2025-10-20 00:00,2025-10-20 00:00,2025-09-30|2025-10-01|2025-10-02|2025-10-03|2025-10-04|2025-10-05|2025-10-06|2025-10-07|2025-10-08|2025-10-09|2025-10-10|2025-10-11|2025-10-12|2025-10-13|2025-10-14|2025-10-15|2025-10-16|2025-10-17|2025-10-18|2025-10-19,144
q4_3,S2,2025-10-20,6,highs-ipm,0.07278004199906718,10532.02476774468,1.1368683772161603e-13,9.094947017729282e-13,20,2025-10-20 06:00,2025-10-20 06:00,2025-09-30|2025-10-01|2025-10-02|2025-10-03|2025-10-04|2025-10-05|2025-10-06|2025-10-07|2025-10-08|2025-10-09|2025-10-10|2025-10-11|2025-10-12|2025-10-13|2025-10-14|2025-10-15|2025-10-16|2025-10-17|2025-10-18|2025-10-19,144
q4_3,S2,2025-10-20,12,highs-ipm,0.0677715409983648,25898.442869296443,2.2737367544323206e-13,8.384404281969182e-13,20,2025-10-20 12:00,2025-10-20 12:00,2025-09-30|2025-10-01|2025-10-02|2025-10-03|2025-10-04|2025-10-05|2025-10-06|2025-10-07|2025-10-08|2025-10-09|2025-10-10|2025-10-11|2025-10-12|2025-10-13|2025-10-14|2025-10-15|2025-10-16|2025-10-17|2025-10-18|2025-10-19,144
q4_3,S2,2025-10-21,0,highs-ipm,0.05262691700045252,3080.436041266299,1.1368683772161603e-13,9.094947017729282e-13,20,2025-10-21 00:00,2025-10-21 00:00,2025-10-01|2025-10-02|2025-10-03|2025-10-04|2025-10-05|2025-10-06|2025-10-07|2025-10-08|2025-10-09|2025-10-10|2025-10-11|2025-10-12|2025-10-13|2025-10-14|2025-10-15|2025-10-16|2025-10-17|2025-10-18|2025-10-19|2025-10-20,144
q4_3,S2,2025-10-21,6,highs-ipm,0.0753586249993532,12141.607988372452,2.2737367544323206e-13,9.094947017729282e-13,20,2025-10-21 06:00,2025-10-21 06:00,2025-10-01|2025-10-02|2025-10-03|2025-10-04|2025-10-05|2025-10-06|2025-10-07|2025-10-08|2025-10-09|2025-10-10|2025-10-11|2025-10-12|2025-10-13|2025-10-14|2025-10-15|2025-10-16|2025-10-17|2025-10-18|2025-10-19|2025-10-20,144
q4_3,S2,2025-10-21,12,highs-ipm,0.0685643339966191,22927.6113345341,1.1368683772161603e-13,9.094947017729282e-13,20,2025-10-21 12:00,2025-10-21 12:00,2025-10-01|2025-10-02|2025-10-03|2025-10-04|2025-10-05|2025-10-06|2025-10-07|2025-10-08|2025-10-09|2025-10-10|2025-10-11|2025-10-12|2025-10-13|2025-10-14|2025-10-15|2025-10-16|2025-10-17|2025-10-18|2025-10-19|2025-10-20,144
q4_3,S2,2025-10-22,0,highs-ipm,0.05168016699462896,2752.540793228562,1.1368683772161603e-13,8.526512829121202e-13,20,2025-10-22 00:00,2025-10-22 00:00,2025-10-02|2025-10-03|2025-10-04|2025-10-05|2025-10-06|2025-10-07|2025-10-08|2025-10-09|2025-10-10|2025-10-11|2025-10-12|2025-10-13|2025-10-14|2025-10-15|2025-10-16|2025-10-17|2025-10-18|2025-10-19|2025-10-20|2025-10-21,144
q4_3,S2,2025-10-22,6,highs-ipm,0.0661294169985922,10820.574425036995,2.2737367544323206e-13,9.094947017729282e-13,20,2025-10-22 06:00,2025-10-22 06:00,2025-10-02|2025-10-03|2025-10-04|2025-10-05|2025-10-06|2025-10-07|2025-10-08|2025-10-09|2025-10-10|2025-10-11|2025-10-12|2025-10-13|2025-10-14|2025-10-15|2025-10-16|2025-10-17|2025-10-18|2025-10-19|2025-10-20|2025-10-21,144
q4_3,S2,2025-10-22,12,highs-ipm,0.0673436249999213,18748.43299314553,1.1368683772161603e-13,8.842371279627059e-13,20,2025-10-22 12:00,2025-10-22 12:00,2025-10-02|2025-10-03|2025-10-04|2025-10-05|2025-10-06|2025-10-07|2025-10-08|2025-10-09|2025-10-10|2025-10-11|2025-10-12|2025-10-13|2025-10-14|2025-10-15|2025-10-16|2025-10-17|2025-10-18|2025-10-19|2025-10-20|2025-10-21,144
q4_3,S2,2025-10-23,0,highs-ipm,0.05215108300035354,2882.655219755144,2.0463630789890885e-12,6.536993168992922e-13,20,2025-10-23 00:00,2025-10-23 00:00,2025-10-03|2025-10-04|2025-10-05|2025-10-06|2025-10-07|2025-10-08|2025-10-09|2025-10-10|2025-10-11|2025-10-12|2025-10-13|2025-10-14|2025-10-15|2025-10-16|2025-10-17|2025-10-18|2025-10-19|2025-10-20|2025-10-21|2025-10-22,144
q4_3,S2,2025-10-23,6,highs-ipm,0.07127425000362564,2368.29652246911,2.2737367544323206e-13,8.668621376273222e-13,20,2025-10-23 06:00,2025-10-23 06:00,2025-10-03|2025-10-04|2025-10-05|2025-10-06|2025-10-07|2025-10-08|2025-10-09|2025-10-10|2025-10-11|2025-10-12|2025-10-13|2025-10-14|2025-10-15|2025-10-16|2025-10-17|2025-10-18|2025-10-19|2025-10-20|2025-10-21|2025-10-22,144
q4_3,S2,2025-10-23,12,highs-ipm,0.07860837499902118,5858.495552435924,1.1368683772161603e-13,8.384404281969182e-13,20,2025-10-23 12:00,2025-10-23 12:00,2025-10-03|2025-10-04|2025-10-05|2025-10-06|2025-10-07|2025-10-08|2025-10-09|2025-10-10|2025-10-11|2025-10-12|2025-10-13|2025-10-14|2025-10-15|2025-10-16|2025-10-17|2025-10-18|2025-10-19|2025-10-20|2025-10-21|2025-10-22,144
q4_3,S2,2025-10-24,0,highs-ipm,0.05959533399436623,599.239416082653,5.684341886080802e-14,9.094947017729282e-13,20,2025-10-24 00:00,2025-10-24 00:00,2025-10-04|2025-10-05|2025-10-06|2025-10-07|2025-10-08|2025-10-09|2025-10-10|2025-10-11|2025-10-12|2025-10-13|2025-10-14|2025-10-15|2025-10-16|2025-10-17|2025-10-18|2025-10-19|2025-10-20|2025-10-21|2025-10-22|2025-10-23,144
q4_3,S2,2025-10-24,6,highs-ipm,0.08472691699716961,6231.3589893485105,5.684341886080802e-14,9.094947017729282e-13,20,2025-10-24 06:00,2025-10-24 06:00,2025-10-04|2025-10-05|2025-10-06|2025-10-07|2025-10-08|2025-10-09|2025-10-10|2025-10-11|2025-10-12|2025-10-13|2025-10-14|2025-10-15|2025-10-16|2025-10-17|2025-10-18|2025-10-19|2025-10-20|2025-10-21|2025-10-22|2025-10-23,144
q4_3,S2,2025-10-24,12,highs-ipm,0.07963920799375046,7285.138941158664,5.684341886080802e-14,9.094947017729282e-13,20,2025-10-24 12:00,2025-10-24 12:00,2025-10-04|2025-10-05|2025-10-06|2025-10-07|2025-10-08|2025-10-09|2025-10-10|2025-10-11|2025-10-12|2025-10-13|2025-10-14|2025-10-15|2025-10-16|2025-10-17|2025-10-18|2025-10-19|2025-10-20|2025-10-21|2025-10-22|2025-10-23,144
q4_3,S2,2025-10-25,0,highs-ipm,0.09788050000497606,1139.7874454225682,2.2737367544323206e-13,1.0231815394945443e-12,20,2025-10-25 00:00,2025-10-25 00:00,2025-10-05|2025-10-06|2025-10-07|2025-10-08|2025-10-09|2025-10-10|2025-10-11|2025-10-12|2025-10-13|2025-10-14|2025-10-15|2025-10-16|2025-10-17|2025-10-18|2025-10-19|2025-10-20|2025-10-21|2025-10-22|2025-10-23|2025-10-24,144
q4_3,S2,2025-10-25,6,highs-ipm,0.08590108399948804,10336.50770257542,2.2737367544323206e-13,8.846257060213247e-13,20,2025-10-25 06:00,2025-10-25 06:00,2025-10-05|2025-10-06|2025-10-07|2025-10-08|2025-10-09|2025-10-10|2025-10-11|2025-10-12|2025-10-13|2025-10-14|2025-10-15|2025-10-16|2025-10-17|2025-10-18|2025-10-19|2025-10-20|2025-10-21|2025-10-22|2025-10-23|2025-10-24,144
q4_3,S2,2025-10-25,12,highs-ipm,0.078312375000678,20789.4198967439,2.2737367544323206e-13,9.094947017729282e-13,20,2025-10-25 12:00,2025-10-25 12:00,2025-10-05|2025-10-06|2025-10-07|2025-10-08|2025-10-09|2025-10-10|2025-10-11|2025-10-12|2025-10-13|2025-10-14|2025-10-15|2025-10-16|2025-10-17|2025-10-18|2025-10-19|2025-10-20|2025-10-21|2025-10-22|2025-10-23|2025-10-24,144
q4_3,S2,2025-10-26,0,highs-ipm,0.055104999999457505,2919.1335405120703,4.547473508864641e-13,9.094947017729282e-13,20,2025-10-26 00:00,2025-10-26 00:00,2025-10-06|2025-10-07|2025-10-08|2025-10-09|2025-10-10|2025-10-11|2025-10-12|2025-10-13|2025-10-14|2025-10-15|2025-10-16|2025-10-17|2025-10-18|2025-10-19|2025-10-20|2025-10-21|2025-10-22|2025-10-23|2025-10-24|2025-10-25,144
q4_3,S2,2025-10-26,6,highs-ipm,0.0678653340000892,8823.364763861862,2.2737367544323206e-13,9.094947017729282e-13,20,2025-10-26 06:00,2025-10-26 06:00,2025-10-06|2025-10-07|2025-10-08|2025-10-09|2025-10-10|2025-10-11|2025-10-12|2025-10-13|2025-10-14|2025-10-15|2025-10-16|2025-10-17|2025-10-18|2025-10-19|2025-10-20|2025-10-21|2025-10-22|2025-10-23|2025-10-24|2025-10-25,144
q4_3,S2,2025-10-26,12,highs-ipm,0.0697797079992597,19745.45825546472,2.2737367544323206e-13,9.094947017729282e-13,20,2025-10-26 12:00,2025-10-26 12:00,2025-10-06|2025-10-07|2025-10-08|2025-10-09|2025-10-10|2025-10-11|2025-10-12|2025-10-13|2025-10-14|2025-10-15|2025-10-16|2025-10-17|2025-10-18|2025-10-19|2025-10-20|2025-10-21|2025-10-22|2025-10-23|2025-10-24|2025-10-25,144
q4_3,S2,2025-10-27,0,highs-ipm,0.05782729100610595,2535.7733287381207,2.2737367544323206e-13,8.242295734817162e-13,20,2025-10-27 00:00,2025-10-27 00:00,2025-10-07|2025-10-08|2025-10-09|2025-10-10|2025-10-11|2025-10-12|2025-10-13|2025-10-14|2025-10-15|2025-10-16|2025-10-17|2025-10-18|2025-10-19|2025-10-20|2025-10-21|2025-10-22|2025-10-23|2025-10-24|2025-10-25|2025-10-26,144
q4_3,S2,2025-10-27,6,highs-ipm,0.07143870899744797,16286.558932491527,2.2737367544323206e-13,9.094947017729282e-13,20,2025-10-27 06:00,2025-10-27 06:00,2025-10-07|2025-10-08|2025-10-09|2025-10-10|2025-10-11|2025-10-12|2025-10-13|2025-10-14|2025-10-15|2025-10-16|2025-10-17|2025-10-18|2025-10-19|2025-10-20|2025-10-21|2025-10-22|2025-10-23|2025-10-24|2025-10-25|2025-10-26,144
q4_3,S2,2025-10-27,12,highs-ipm,0.06696979199477937,22628.651530934516,2.8421709430404007e-13,9.094947017729282e-13,20,2025-10-27 12:00,2025-10-27 12:00,2025-10-07|2025-10-08|2025-10-09|2025-10-10|2025-10-11|2025-10-12|2025-10-13|2025-10-14|2025-10-15|2025-10-16|2025-10-17|2025-10-18|2025-10-19|2025-10-20|2025-10-21|2025-10-22|2025-10-23|2025-10-24|2025-10-25|2025-10-26,144
q4_3,S2,2025-10-28,0,highs-ipm,0.052923292001651134,2500.6077671747184,2.2737367544323206e-13,8.100187187665142e-13,20,2025-10-28 00:00,2025-10-28 00:00,2025-10-08|2025-10-09|2025-10-10|2025-10-11|2025-10-12|2025-10-13|2025-10-14|2025-10-15|2025-10-16|2025-10-17|2025-10-18|2025-10-19|2025-10-20|2025-10-21|2025-10-22|2025-10-23|2025-10-24|2025-10-25|2025-10-26|2025-10-27,144
q4_3,S2,2025-10-28,6,highs-ipm,0.07307162500364939,15216.09819779516,2.2737367544323206e-13,8.639755577632968e-13,20,2025-10-28 06:00,2025-10-28 06:00,2025-10-08|2025-10-09|2025-10-10|2025-10-11|2025-10-12|2025-10-13|2025-10-14|2025-10-15|2025-10-16|2025-10-17|2025-10-18|2025-10-19|2025-10-20|2025-10-21|2025-10-22|2025-10-23|2025-10-24|2025-10-25|2025-10-26|2025-10-27,144
q4_3,S2,2025-10-28,12,highs-ipm,0.07070083299913676,23205.465543642116,2.2737367544323206e-13,9.094947017729282e-13,20,2025-10-28 12:00,2025-10-28 12:00,2025-10-08|2025-10-09|2025-10-10|2025-10-11|2025-10-12|2025-10-13|2025-10-14|2025-10-15|2025-10-16|2025-10-17|2025-10-18|2025-10-19|2025-10-20|2025-10-21|2025-10-22|2025-10-23|2025-10-24|2025-10-25|2025-10-26|2025-10-27,144
q4_3,S2,2025-10-29,0,highs-ipm,0.058089416997972876,2659.779241677063,2.2737367544323206e-13,1.0231815394945443e-12,20,2025-10-29 00:00,2025-10-29 00:00,2025-10-09|2025-10-10|2025-10-11|2025-10-12|2025-10-13|2025-10-14|2025-10-15|2025-10-16|2025-10-17|2025-10-18|2025-10-19|2025-10-20|2025-10-21|2025-10-22|2025-10-23|2025-10-24|2025-10-25|2025-10-26|2025-10-27|2025-10-28,144
q4_3,S2,2025-10-29,6,highs-ipm,0.07711133400152903,12029.11727762458,2.2737367544323206e-13,1.0231815394945443e-12,20,2025-10-29 06:00,2025-10-29 06:00,2025-10-09|2025-10-10|2025-10-11|2025-10-12|2025-10-13|2025-10-14|2025-10-15|2025-10-16|2025-10-17|2025-10-18|2025-10-19|2025-10-20|2025-10-21|2025-10-22|2025-10-23|2025-10-24|2025-10-25|2025-10-26|2025-10-27|2025-10-28,144
q4_3,S2,2025-10-29,12,highs-ipm,0.11459991599986097,24369.45902194246,2.2737367544323206e-13,1.0231815394945443e-12,20,2025-10-29 12:00,2025-10-29 12:00,2025-10-09|2025-10-10|2025-10-11|2025-10-12|2025-10-13|2025-10-14|2025-10-15|2025-10-16|2025-10-17|2025-10-18|2025-10-19|2025-10-20|2025-10-21|2025-10-22|2025-10-23|2025-10-24|2025-10-25|2025-10-26|2025-10-27|2025-10-28,144
q4_3,S2,2025-10-30,0,highs-ipm,0.06606712500069989,2130.653440768447,1.1368683772161603e-13,9.094947017729282e-13,20,2025-10-30 00:00,2025-10-30 00:00,2025-10-10|2025-10-11|2025-10-12|2025-10-13|2025-10-14|2025-10-15|2025-10-16|2025-10-17|2025-10-18|2025-10-19|2025-10-20|2025-10-21|2025-10-22|2025-10-23|2025-10-24|2025-10-25|2025-10-26|2025-10-27|2025-10-28|2025-10-29,144
q4_3,S2,2025-10-30,6,highs-ipm,0.07876699999906123,8568.20255914121,2.2737367544323206e-13,9.094947017729282e-13,20,2025-10-30 06:00,2025-10-30 06:00,2025-10-10|2025-10-11|2025-10-12|2025-10-13|2025-10-14|2025-10-15|2025-10-16|2025-10-17|2025-10-18|2025-10-19|2025-10-20|2025-10-21|2025-10-22|2025-10-23|2025-10-24|2025-10-25|2025-10-26|2025-10-27|2025-10-28|2025-10-29,144
q4_3,S2,2025-10-30,12,highs-ipm,0.07938304200069979,8204.843286841498,1.1368683772161603e-13,9.094947017729282e-13,20,2025-10-30 12:00,2025-10-30 12:00,2025-10-10|2025-10-11|2025-10-12|2025-10-13|2025-10-14|2025-10-15|2025-10-16|2025-10-17|2025-10-18|2025-10-19|2025-10-20|2025-10-21|2025-10-22|2025-10-23|2025-10-24|2025-10-25|2025-10-26|2025-10-27|2025-10-28|2025-10-29,144
q4_3,S2,2025-10-31,0,highs-ipm,0.05833629100379767,918.4308590193775,1.1368683772161603e-13,9.094947017729282e-13,20,2025-10-31 00:00,2025-10-31 00:00,2025-10-11|2025-10-12|2025-10-13|2025-10-14|2025-10-15|2025-10-16|2025-10-17|2025-10-18|2025-10-19|2025-10-20|2025-10-21|2025-10-22|2025-10-23|2025-10-24|2025-10-25|2025-10-26|2025-10-27|2025-10-28|2025-10-29|2025-10-30,144
q4_3,S2,2025-10-31,6,highs-ipm,0.07588620799651835,5837.335076360512,1.1368683772161603e-13,8.526512829121202e-13,20,2025-10-31 06:00,2025-10-31 06:00,2025-10-11|2025-10-12|2025-10-13|2025-10-14|2025-10-15|2025-10-16|2025-10-17|2025-10-18|2025-10-19|2025-10-20|2025-10-21|2025-10-22|2025-10-23|2025-10-24|2025-10-25|2025-10-26|2025-10-27|2025-10-28|2025-10-29|2025-10-30,144
q4_3,S2,2025-10-31,12,highs-ipm,0.08463237500109244,6156.565494626974,1.1368683772161603e-13,7.389644451905042e-13,20,2025-10-31 12:00,2025-10-31 12:00,2025-10-11|2025-10-12|2025-10-13|2025-10-14|2025-10-15|2025-10-16|2025-10-17|2025-10-18|2025-10-19|2025-10-20|2025-10-21|2025-10-22|2025-10-23|2025-10-24|2025-10-25|2025-10-26|2025-10-27|2025-10-28|2025-10-29|2025-10-30,144
q4_3,S2,2025-11-01,0,highs-ipm,0.06459449999965727,646.5441551286281,5.684341886080802e-14,9.094947017729282e-13,20,2025-11-01 00:00,2025-11-01 00:00,2025-10-12|2025-10-13|2025-10-14|2025-10-15|2025-10-16|2025-10-17|2025-10-18|2025-10-19|2025-10-20|2025-10-21|2025-10-22|2025-10-23|2025-10-24|2025-10-25|2025-10-26|2025-10-27|2025-10-28|2025-10-29|2025-10-30|2025-10-31,144
q4_3,S2,2025-11-01,6,highs-ipm,0.07897262500046054,10102.976838771941,5.684341886080802e-14,9.094947017729282e-13,20,2025-11-01 06:00,2025-11-01 06:00,2025-10-12|2025-10-13|2025-10-14|2025-10-15|2025-10-16|2025-10-17|2025-10-18|2025-10-19|2025-10-20|2025-10-21|2025-10-22|2025-10-23|2025-10-24|2025-10-25|2025-10-26|2025-10-27|2025-10-28|2025-10-29|2025-10-30|2025-10-31,144
q4_3,S2,2025-11-01,12,highs-ipm,0.07436254200001713,18989.77659616421,5.684341886080802e-14,9.094947017729282e-13,20,2025-11-01 12:00,2025-11-01 12:00,2025-10-12|2025-10-13|2025-10-14|2025-10-15|2025-10-16|2025-10-17|2025-10-18|2025-10-19|2025-10-20|2025-10-21|2025-10-22|2025-10-23|2025-10-24|2025-10-25|2025-10-26|2025-10-27|2025-10-28|2025-10-29|2025-10-30|2025-10-31,144
q4_3,S2,2025-11-02,0,highs-ipm,0.05519420799828367,2579.5287222667716,2.2737367544323206e-13,9.094947017729282e-13,20,2025-11-02 00:00,2025-11-02 00:00,2025-10-13|2025-10-14|2025-10-15|2025-10-16|2025-10-17|2025-10-18|2025-10-19|2025-10-20|2025-10-21|2025-10-22|2025-10-23|2025-10-24|2025-10-25|2025-10-26|2025-10-27|2025-10-28|2025-10-29|2025-10-30|2025-10-31|2025-11-01,144
q4_3,S2,2025-11-02,6,highs-ipm,0.07119487500312971,15225.182287753523,2.2737367544323206e-13,9.094947017729282e-13,20,2025-11-02 06:00,2025-11-02 06:00,2025-10-13|2025-10-14|2025-10-15|2025-10-16|2025-10-17|2025-10-18|2025-10-19|2025-10-20|2025-10-21|2025-10-22|2025-10-23|2025-10-24|2025-10-25|2025-10-26|2025-10-27|2025-10-28|2025-10-29|2025-10-30|2025-10-31|2025-11-01,144
q4_3,S2,2025-11-02,12,highs-ipm,0.07599987499997951,20283.747298208444,2.2737367544323206e-13,6.821210263296962e-13,20,2025-11-02 12:00,2025-11-02 12:00,2025-10-13|2025-10-14|2025-10-15|2025-10-16|2025-10-17|2025-10-18|2025-10-19|2025-10-20|2025-10-21|2025-10-22|2025-10-23|2025-10-24|2025-10-25|2025-10-26|2025-10-27|2025-10-28|2025-10-29|2025-10-30|2025-10-31|2025-11-01,144
q4_3,S2,2025-11-03,0,highs-ipm,0.056583292003779206,2593.241811599046,6.394884621840902e-13,6.821210263296962e-13,20,2025-11-03 00:00,2025-11-03 00:00,2025-10-14|2025-10-15|2025-10-16|2025-10-17|2025-10-18|2025-10-19|2025-10-20|2025-10-21|2025-10-22|2025-10-23|2025-10-24|2025-10-25|2025-10-26|2025-10-27|2025-10-28|2025-10-29|2025-10-30|2025-10-31|2025-11-01|2025-11-02,144
q4_3,S2,2025-11-03,6,highs-ipm,0.06562070899963146,10335.103090990784,1.1368683772161603e-13,8.86846152070575e-13,20,2025-11-03 06:00,2025-11-03 06:00,2025-10-14|2025-10-15|2025-10-16|2025-10-17|2025-10-18|2025-10-19|2025-10-20|2025-10-21|2025-10-22|2025-10-23|2025-10-24|2025-10-25|2025-10-26|2025-10-27|2025-10-28|2025-10-29|2025-10-30|2025-10-31|2025-11-01|2025-11-02,144
q4_3,S2,2025-11-03,12,highs-ipm,0.0717216670018388,21963.98608069833,1.1368683772161603e-13,9.094947017729282e-13,20,2025-11-03 12:00,2025-11-03 12:00,2025-10-14|2025-10-15|2025-10-16|2025-10-17|2025-10-18|2025-10-19|2025-10-20|2025-10-21|2025-10-22|2025-10-23|2025-10-24|2025-10-25|2025-10-26|2025-10-27|2025-10-28|2025-10-29|2025-10-30|2025-10-31|2025-11-01|2025-11-02,144
q4_3,S2,2025-11-04,0,highs-ipm,0.10172366700135171,2535.521014801027,2.2737367544323206e-13,9.094947017729282e-13,20,2025-11-04 00:00,2025-11-04 00:00,2025-10-15|2025-10-16|2025-10-17|2025-10-18|2025-10-19|2025-10-20|2025-10-21|2025-10-22|2025-10-23|2025-10-24|2025-10-25|2025-10-26|2025-10-27|2025-10-28|2025-10-29|2025-10-30|2025-10-31|2025-11-01|2025-11-02|2025-11-03,144
q4_3,S2,2025-11-04,6,highs-ipm,0.11886137499823235,13011.606678067748,1.1368683772161603e-13,9.094947017729282e-13,20,2025-11-04 06:00,2025-11-04 06:00,2025-10-15|2025-10-16|2025-10-17|2025-10-18|2025-10-19|2025-10-20|2025-10-21|2025-10-22|2025-10-23|2025-10-24|2025-10-25|2025-10-26|2025-10-27|2025-10-28|2025-10-29|2025-10-30|2025-10-31|2025-11-01|2025-11-02|2025-11-03,144
q4_3,S2,2025-11-04,12,highs-ipm,0.08811799999966752,23314.62112362469,2.2737367544323206e-13,9.094947017729282e-13,20,2025-11-04 12:00,2025-11-04 12:00,2025-10-15|2025-10-16|2025-10-17|2025-10-18|2025-10-19|2025-10-20|2025-10-21|2025-10-22|2025-10-23|2025-10-24|2025-10-25|2025-10-26|2025-10-27|2025-10-28|2025-10-29|2025-10-30|2025-10-31|2025-11-01|2025-11-02|2025-11-03,144
q4_3,S2,2025-11-05,0,highs-ipm,0.057578125000873115,2545.2124086101917,2.2737367544323206e-13,9.094947017729282e-13,20,2025-11-05 00:00,2025-11-05 00:00,2025-10-16|2025-10-17|2025-10-18|2025-10-19|2025-10-20|2025-10-21|2025-10-22|2025-10-23|2025-10-24|2025-10-25|2025-10-26|2025-10-27|2025-10-28|2025-10-29|2025-10-30|2025-10-31|2025-11-01|2025-11-02|2025-11-03|2025-11-04,144
q4_3,S2,2025-11-05,6,highs-ipm,0.07760858300025575,8041.107558878192,2.2737367544323206e-13,8.952838470577262e-13,20,2025-11-05 06:00,2025-11-05 06:00,2025-10-16|2025-10-17|2025-10-18|2025-10-19|2025-10-20|2025-10-21|2025-10-22|2025-10-23|2025-10-24|2025-10-25|2025-10-26|2025-10-27|2025-10-28|2025-10-29|2025-10-30|2025-10-31|2025-11-01|2025-11-02|2025-11-03|2025-11-04,144
q4_3,S2,2025-11-05,12,highs-ipm,0.07428929199522827,28178.437753156744,2.2737367544323206e-13,9.094947017729282e-13,20,2025-11-05 12:00,2025-11-05 12:00,2025-10-16|2025-10-17|2025-10-18|2025-10-19|2025-10-20|2025-10-21|2025-10-22|2025-10-23|2025-10-24|2025-10-25|2025-10-26|2025-10-27|2025-10-28|2025-10-29|2025-10-30|2025-10-31|2025-11-01|2025-11-02|2025-11-03|2025-11-04,144
q4_3,S2,2025-11-06,0,highs-ipm,0.06005316700611729,2550.1446722217484,2.2737367544323206e-13,7.958078640513122e-13,20,2025-11-06 00:00,2025-11-06 00:00,2025-10-17|2025-10-18|2025-10-19|2025-10-20|2025-10-21|2025-10-22|2025-10-23|2025-10-24|2025-10-25|2025-10-26|2025-10-27|2025-10-28|2025-10-29|2025-10-30|2025-10-31|2025-11-01|2025-11-02|2025-11-03|2025-11-04|2025-11-05,144
q4_3,S2,2025-11-06,6,highs-ipm,0.07805645799817285,8637.966967669312,2.2737367544323206e-13,8.810729923425242e-13,20,2025-11-06 06:00,2025-11-06 06:00,2025-10-17|2025-10-18|2025-10-19|2025-10-20|2025-10-21|2025-10-22|2025-10-23|2025-10-24|2025-10-25|2025-10-26|2025-10-27|2025-10-28|2025-10-29|2025-10-30|2025-10-31|2025-11-01|2025-11-02|2025-11-03|2025-11-04|2025-11-05,144
q4_3,S2,2025-11-06,12,highs-ipm,0.08011733300372725,7213.175575113505,1.1368683772161603e-13,9.094947017729282e-13,20,2025-11-06 12:00,2025-11-06 12:00,2025-10-17|2025-10-18|2025-10-19|2025-10-20|2025-10-21|2025-10-22|2025-10-23|2025-10-24|2025-10-25|2025-10-26|2025-10-27|2025-10-28|2025-10-29|2025-10-30|2025-10-31|2025-11-01|2025-11-02|2025-11-03|2025-11-04|2025-11-05,144
q4_3,S2,2025-11-07,0,highs-ipm,0.06392958299693419,550.9357345753207,1.1368683772161603e-13,7.958078640513122e-13,20,2025-11-07 00:00,2025-11-07 00:00,2025-10-18|2025-10-19|2025-10-20|2025-10-21|2025-10-22|2025-10-23|2025-10-24|2025-10-25|2025-10-26|2025-10-27|2025-10-28|2025-10-29|2025-10-30|2025-10-31|2025-11-01|2025-11-02|2025-11-03|2025-11-04|2025-11-05|2025-11-06,144
q4_3,S2,2025-11-07,6,highs-ipm,0.0683922079988406,6418.081411974411,1.1368683772161603e-13,8.641976023682219e-13,20,2025-11-07 06:00,2025-11-07 06:00,2025-10-18|2025-10-19|2025-10-20|2025-10-21|2025-10-22|2025-10-23|2025-10-24|2025-10-25|2025-10-26|2025-10-27|2025-10-28|2025-10-29|2025-10-30|2025-10-31|2025-11-01|2025-11-02|2025-11-03|2025-11-04|2025-11-05|2025-11-06,144
q4_3,S2,2025-11-07,12,highs-ipm,0.0778404170050635,7841.9882752473195,1.1368683772161603e-13,8.413270080609436e-13,20,2025-11-07 12:00,2025-11-07 12:00,2025-10-18|2025-10-19|2025-10-20|2025-10-21|2025-10-22|2025-10-23|2025-10-24|2025-10-25|2025-10-26|2025-10-27|2025-10-28|2025-10-29|2025-10-30|2025-10-31|2025-11-01|2025-11-02|2025-11-03|2025-11-04|2025-11-05|2025-11-06,144
q4_3,S2,2025-11-08,0,highs-ipm,0.05707866699958686,830.9706596732648,8.526512829121202e-13,9.094947017729282e-13,20,2025-11-08 00:00,2025-11-08 00:00,2025-10-19|2025-10-20|2025-10-21|2025-10-22|2025-10-23|2025-10-24|2025-10-25|2025-10-26|2025-10-27|2025-10-28|2025-10-29|2025-10-30|2025-10-31|2025-11-01|2025-11-02|2025-11-03|2025-11-04|2025-11-05|2025-11-06|2025-11-07,144
q4_3,S2,2025-11-08,6,highs-ipm,0.08524225000292063,10307.726891651067,5.684341886080802e-14,9.094947017729282e-13,20,2025-11-08 06:00,2025-11-08 06:00,2025-10-19|2025-10-20|2025-10-21|2025-10-22|2025-10-23|2025-10-24|2025-10-25|2025-10-26|2025-10-27|2025-10-28|2025-10-29|2025-10-30|2025-10-31|2025-11-01|2025-11-02|2025-11-03|2025-11-04|2025-11-05|2025-11-06|2025-11-07,144
q4_3,S2,2025-11-08,12,highs-ipm,0.07578637500409968,20474.960282396252,1.1368683772161603e-13,9.094947017729282e-13,20,2025-11-08 12:00,2025-11-08 12:00,2025-10-19|2025-10-20|2025-10-21|2025-10-22|2025-10-23|2025-10-24|2025-10-25|2025-10-26|2025-10-27|2025-10-28|2025-10-29|2025-10-30|2025-10-31|2025-11-01|2025-11-02|2025-11-03|2025-11-04|2025-11-05|2025-11-06|2025-11-07,144
q4_3,S2,2025-11-09,0,highs-ipm,0.05487879100110149,2161.237436219385,2.2737367544323206e-13,9.663381206337363e-13,20,2025-11-09 00:00,2025-11-09 00:00,2025-10-20|2025-10-21|2025-10-22|2025-10-23|2025-10-24|2025-10-25|2025-10-26|2025-10-27|2025-10-28|2025-10-29|2025-10-30|2025-10-31|2025-11-01|2025-11-02|2025-11-03|2025-11-04|2025-11-05|2025-11-06|2025-11-07|2025-11-08,144
q4_3,S2,2025-11-09,6,highs-ipm,0.07392637500015553,10788.76473298946,1.1368683772161603e-13,1.0231815394945443e-12,20,2025-11-09 06:00,2025-11-09 06:00,2025-10-20|2025-10-21|2025-10-22|2025-10-23|2025-10-24|2025-10-25|2025-10-26|2025-10-27|2025-10-28|2025-10-29|2025-10-30|2025-10-31|2025-11-01|2025-11-02|2025-11-03|2025-11-04|2025-11-05|2025-11-06|2025-11-07|2025-11-08,144
q4_3,S2,2025-11-09,12,highs-ipm,0.07170970799779752,26507.366246602734,2.2737367544323206e-13,9.094947017729282e-13,20,2025-11-09 12:00,2025-11-09 12:00,2025-10-20|2025-10-21|2025-10-22|2025-10-23|2025-10-24|2025-10-25|2025-10-26|2025-10-27|2025-10-28|2025-10-29|2025-10-30|2025-10-31|2025-11-01|2025-11-02|2025-11-03|2025-11-04|2025-11-05|2025-11-06|2025-11-07|2025-11-08,144
q4_3,S2,2025-11-10,0,highs-ipm,0.05549637500371318,2133.5932867236606,7.958078640513122e-13,9.094947017729282e-13,20,2025-11-10 00:00,2025-11-10 00:00,2025-10-21|2025-10-22|2025-10-23|2025-10-24|2025-10-25|2025-10-26|2025-10-27|2025-10-28|2025-10-29|2025-10-30|2025-10-31|2025-11-01|2025-11-02|2025-11-03|2025-11-04|2025-11-05|2025-11-06|2025-11-07|2025-11-08|2025-11-09,144
q4_3,S2,2025-11-10,6,highs-ipm,0.07479395800328348,14555.120502399412,2.2737367544323206e-13,8.299125275890162e-13,20,2025-11-10 06:00,2025-11-10 06:00,2025-10-21|2025-10-22|2025-10-23|2025-10-24|2025-10-25|2025-10-26|2025-10-27|2025-10-28|2025-10-29|2025-10-30|2025-10-31|2025-11-01|2025-11-02|2025-11-03|2025-11-04|2025-11-05|2025-11-06|2025-11-07|2025-11-08|2025-11-09,144
q4_3,S2,2025-11-10,12,highs-ipm,0.07646433399349917,19592.005949583472,1.1368683772161603e-13,9.094947017729282e-13,20,2025-11-10 12:00,2025-11-10 12:00,2025-10-21|2025-10-22|2025-10-23|2025-10-24|2025-10-25|2025-10-26|2025-10-27|2025-10-28|2025-10-29|2025-10-30|2025-10-31|2025-11-01|2025-11-02|2025-11-03|2025-11-04|2025-11-05|2025-11-06|2025-11-07|2025-11-08|2025-11-09,144
q4_3,S2,2025-11-11,0,highs-ipm,0.05567362500005402,2148.8301190342845,1.1368683772161603e-13,9.094947017729282e-13,20,2025-11-11 00:00,2025-11-11 00:00,2025-10-22|2025-10-23|2025-10-24|2025-10-25|2025-10-26|2025-10-27|2025-10-28|2025-10-29|2025-10-30|2025-10-31|2025-11-01|2025-11-02|2025-11-03|2025-11-04|2025-11-05|2025-11-06|2025-11-07|2025-11-08|2025-11-09|2025-11-10,144
q4_3,S2,2025-11-11,6,highs-ipm,0.07077491599920904,10425.865714408188,1.1368683772161603e-13,9.094947017729282e-13,20,2025-11-11 06:00,2025-11-11 06:00,2025-10-22|2025-10-23|2025-10-24|2025-10-25|2025-10-26|2025-10-27|2025-10-28|2025-10-29|2025-10-30|2025-10-31|2025-11-01|2025-11-02|2025-11-03|2025-11-04|2025-11-05|2025-11-06|2025-11-07|2025-11-08|2025-11-09|2025-11-10,144
q4_3,S2,2025-11-11,12,highs-ipm,0.07124245900195092,28278.941218110023,1.0231815394945443e-12,9.094947017729282e-13,20,2025-11-11 12:00,2025-11-11 12:00,2025-10-22|2025-10-23|2025-10-24|2025-10-25|2025-10-26|2025-10-27|2025-10-28|2025-10-29|2025-10-30|2025-10-31|2025-11-01|2025-11-02|2025-11-03|2025-11-04|2025-11-05|2025-11-06|2025-11-07|2025-11-08|2025-11-09|2025-11-10,144
q4_3,S2,2025-11-12,0,highs-ipm,0.05451924999943003,2202.3935957949616,2.2737367544323206e-13,9.094947017729282e-13,20,2025-11-12 00:00,2025-11-12 00:00,2025-10-23|2025-10-24|2025-10-25|2025-10-26|2025-10-27|2025-10-28|2025-10-29|2025-10-30|2025-10-31|2025-11-01|2025-11-02|2025-11-03|2025-11-04|2025-11-05|2025-11-06|2025-11-07|2025-11-08|2025-11-09|2025-11-10|2025-11-11,144
q4_3,S2,2025-11-12,6,highs-ipm,0.07313608299591579,15773.133987926882,0.0,8.526512829121202e-13,20,2025-11-12 06:00,2025-11-12 06:00,2025-10-23|2025-10-24|2025-10-25|2025-10-26|2025-10-27|2025-10-28|2025-10-29|2025-10-30|2025-10-31|2025-11-01|2025-11-02|2025-11-03|2025-11-04|2025-11-05|2025-11-06|2025-11-07|2025-11-08|2025-11-09|2025-11-10|2025-11-11,144
q4_3,S2,2025-11-12,12,highs-ipm,0.07064099999843165,23211.241409138736,1.1368683772161603e-13,9.094947017729282e-13,20,2025-11-12 12:00,2025-11-12 12:00,2025-10-23|2025-10-24|2025-10-25|2025-10-26|2025-10-27|2025-10-28|2025-10-29|2025-10-30|2025-10-31|2025-11-01|2025-11-02|2025-11-03|2025-11-04|2025-11-05|2025-11-06|2025-11-07|2025-11-08|2025-11-09|2025-11-10|2025-11-11,144
q4_3,S2,2025-11-13,0,highs-ipm,0.05582933300320292,2065.086779807092,2.2737367544323206e-13,9.094947017729282e-13,20,2025-11-13 00:00,2025-11-13 00:00,2025-10-24|2025-10-25|2025-10-26|2025-10-27|2025-10-28|2025-10-29|2025-10-30|2025-10-31|2025-11-01|2025-11-02|2025-11-03|2025-11-04|2025-11-05|2025-11-06|2025-11-07|2025-11-08|2025-11-09|2025-11-10|2025-11-11|2025-11-12,144
q4_3,S2,2025-11-13,6,highs-ipm,0.07585479100089287,8018.589585561791,2.2737367544323206e-13,7.958078640513122e-13,20,2025-11-13 06:00,2025-11-13 06:00,2025-10-24|2025-10-25|2025-10-26|2025-10-27|2025-10-28|2025-10-29|2025-10-30|2025-10-31|2025-11-01|2025-11-02|2025-11-03|2025-11-04|2025-11-05|2025-11-06|2025-11-07|2025-11-08|2025-11-09|2025-11-10|2025-11-11|2025-11-12,144
q4_3,S2,2025-11-13,12,highs-ipm,0.07376245799969183,8842.665023439258,2.2737367544323206e-13,8.526512829121202e-13,20,2025-11-13 12:00,2025-11-13 12:00,2025-10-24|2025-10-25|2025-10-26|2025-10-27|2025-10-28|2025-10-29|2025-10-30|2025-10-31|2025-11-01|2025-11-02|2025-11-03|2025-11-04|2025-11-05|2025-11-06|2025-11-07|2025-11-08|2025-11-09|2025-11-10|2025-11-11|2025-11-12,144
q4_3,S2,2025-11-14,0,highs-ipm,0.0620807080049417,835.1524475429694,2.2737367544323206e-13,8.313350008393172e-13,20,2025-11-14 00:00,2025-11-14 00:00,2025-10-25|2025-10-26|2025-10-27|2025-10-28|2025-10-29|2025-10-30|2025-10-31|2025-11-01|2025-11-02|2025-11-03|2025-11-04|2025-11-05|2025-11-06|2025-11-07|2025-11-08|2025-11-09|2025-11-10|2025-11-11|2025-11-12|2025-11-13,144
q4_3,S2,2025-11-14,6,highs-ipm,0.08576812499813968,5953.350000249724,2.2737367544323206e-13,8.86402062860725e-13,20,2025-11-14 06:00,2025-11-14 06:00,2025-10-25|2025-10-26|2025-10-27|2025-10-28|2025-10-29|2025-10-30|2025-10-31|2025-11-01|2025-11-02|2025-11-03|2025-11-04|2025-11-05|2025-11-06|2025-11-07|2025-11-08|2025-11-09|2025-11-10|2025-11-11|2025-11-12|2025-11-13,144
q4_3,S2,2025-11-14,12,highs-ipm,0.08617870800662786,6376.042977362506,9.663381206337363e-13,8.952838470577262e-13,20,2025-11-14 12:00,2025-11-14 12:00,2025-10-25|2025-10-26|2025-10-27|2025-10-28|2025-10-29|2025-10-30|2025-10-31|2025-11-01|2025-11-02|2025-11-03|2025-11-04|2025-11-05|2025-11-06|2025-11-07|2025-11-08|2025-11-09|2025-11-10|2025-11-11|2025-11-12|2025-11-13,144
q4_3,S2,2025-11-15,0,highs-ipm,0.0593156250033644,907.3747310058112,1.1368683772161603e-13,7.958078640513122e-13,20,2025-11-15 00:00,2025-11-15 00:00,2025-10-26|2025-10-27|2025-10-28|2025-10-29|2025-10-30|2025-10-31|2025-11-01|2025-11-02|2025-11-03|2025-11-04|2025-11-05|2025-11-06|2025-11-07|2025-11-08|2025-11-09|2025-11-10|2025-11-11|2025-11-12|2025-11-13|2025-11-14,144
q4_3,S2,2025-11-15,6,highs-ipm,0.07041266599844676,9710.409914252195,1.1368683772161603e-13,8.846257060213247e-13,20,2025-11-15 06:00,2025-11-15 06:00,2025-10-26|2025-10-27|2025-10-28|2025-10-29|2025-10-30|2025-10-31|2025-11-01|2025-11-02|2025-11-03|2025-11-04|2025-11-05|2025-11-06|2025-11-07|2025-11-08|2025-11-09|2025-11-10|2025-11-11|2025-11-12|2025-11-13|2025-11-14,144
q4_3,S2,2025-11-15,12,highs-ipm,0.07840162499633152,23517.07616511201,5.684341886080802e-14,8.841816168114747e-13,20,2025-11-15 12:00,2025-11-15 12:00,2025-10-26|2025-10-27|2025-10-28|2025-10-29|2025-10-30|2025-10-31|2025-11-01|2025-11-02|2025-11-03|2025-11-04|2025-11-05|2025-11-06|2025-11-07|2025-11-08|2025-11-09|2025-11-10|2025-11-11|2025-11-12|2025-11-13|2025-11-14,144
q4_3,S2,2025-11-16,0,highs-ipm,0.057229167003242765,2267.43789264737,2.2737367544323206e-13,9.094947017729282e-13,20,2025-11-16 00:00,2025-11-16 00:00,2025-10-27|2025-10-28|2025-10-29|2025-10-30|2025-10-31|2025-11-01|2025-11-02|2025-11-03|2025-11-04|2025-11-05|2025-11-06|2025-11-07|2025-11-08|2025-11-09|2025-11-10|2025-11-11|2025-11-12|2025-11-13|2025-11-14|2025-11-15,144
q4_3,S2,2025-11-16,6,highs-ipm,0.07287499999802094,14441.187392772423,2.2737367544323206e-13,9.094947017729282e-13,20,2025-11-16 06:00,2025-11-16 06:00,2025-10-27|2025-10-28|2025-10-29|2025-10-30|2025-10-31|2025-11-01|2025-11-02|2025-11-03|2025-11-04|2025-11-05|2025-11-06|2025-11-07|2025-11-08|2025-11-09|2025-11-10|2025-11-11|2025-11-12|2025-11-13|2025-11-14|2025-11-15,144
q4_3,S2,2025-11-16,12,highs-ipm,0.07032004200300435,31184.230358706252,1.1368683772161603e-13,9.094947017729282e-13,20,2025-11-16 12:00,2025-11-16 12:00,2025-10-27|2025-10-28|2025-10-29|2025-10-30|2025-10-31|2025-11-01|2025-11-02|2025-11-03|2025-11-04|2025-11-05|2025-11-06|2025-11-07|2025-11-08|2025-11-09|2025-11-10|2025-11-11|2025-11-12|2025-11-13|2025-11-14|2025-11-15,144
q4_3,S2,2025-11-17,0,highs-ipm,0.054816999996546656,2377.0789407305597,1.1368683772161603e-13,9.094947017729282e-13,20,2025-11-17 00:00,2025-11-17 00:00,2025-10-28|2025-10-29|2025-10-30|2025-10-31|2025-11-01|2025-11-02|2025-11-03|2025-11-04|2025-11-05|2025-11-06|2025-11-07|2025-11-08|2025-11-09|2025-11-10|2025-11-11|2025-11-12|2025-11-13|2025-11-14|2025-11-15|2025-11-16,144
q4_3,S2,2025-11-17,6,highs-ipm,0.06696387499687262,18963.8013008734,2.2737367544323206e-13,9.094947017729282e-13,20,2025-11-17 06:00,2025-11-17 06:00,2025-10-28|2025-10-29|2025-10-30|2025-10-31|2025-11-01|2025-11-02|2025-11-03|2025-11-04|2025-11-05|2025-11-06|2025-11-07|2025-11-08|2025-11-09|2025-11-10|2025-11-11|2025-11-12|2025-11-13|2025-11-14|2025-11-15|2025-11-16,144
q4_3,S2,2025-11-17,12,highs-ipm,0.07099220900272485,32947.71082355865,2.2737367544323206e-13,9.094947017729282e-13,20,2025-11-17 12:00,2025-11-17 12:00,2025-10-28|2025-10-29|2025-10-30|2025-10-31|2025-11-01|2025-11-02|2025-11-03|2025-11-04|2025-11-05|2025-11-06|2025-11-07|2025-11-08|2025-11-09|2025-11-10|2025-11-11|2025-11-12|2025-11-13|2025-11-14|2025-11-15|2025-11-16,144
q4_3,S2,2025-11-18,0,highs-ipm,0.053167291000136174,2176.172299859093,2.2737367544323206e-13,8.86402062860725e-13,20,2025-11-18 00:00,2025-11-18 00:00,2025-10-29|2025-10-30|2025-10-31|2025-11-01|2025-11-02|2025-11-03|2025-11-04|2025-11-05|2025-11-06|2025-11-07|2025-11-08|2025-11-09|2025-11-10|2025-11-11|2025-11-12|2025-11-13|2025-11-14|2025-11-15|2025-11-16|2025-11-17,144
q4_3,S2,2025-11-18,6,highs-ipm,0.07357524999679299,10597.30430899904,1.0231815394945443e-12,8.071321389024888e-13,20,2025-11-18 06:00,2025-11-18 06:00,2025-10-29|2025-10-30|2025-10-31|2025-11-01|2025-11-02|2025-11-03|2025-11-04|2025-11-05|2025-11-06|2025-11-07|2025-11-08|2025-11-09|2025-11-10|2025-11-11|2025-11-12|2025-11-13|2025-11-14|2025-11-15|2025-11-16|2025-11-17,144
q4_3,S2,2025-11-18,12,highs-ipm,0.06913541699759662,32457.498620455972,1.0231815394945443e-12,8.881784197001252e-13,20,2025-11-18 12:00,2025-11-18 12:00,2025-10-29|2025-10-30|2025-10-31|2025-11-01|2025-11-02|2025-11-03|2025-11-04|2025-11-05|2025-11-06|2025-11-07|2025-11-08|2025-11-09|2025-11-10|2025-11-11|2025-11-12|2025-11-13|2025-11-14|2025-11-15|2025-11-16|2025-11-17,144
q4_3,S2,2025-11-19,0,highs-ipm,0.05704649999825051,2128.0960555201095,4.298783551348606e-13,9.094947017729282e-13,20,2025-11-19 00:00,2025-11-19 00:00,2025-10-30|2025-10-31|2025-11-01|2025-11-02|2025-11-03|2025-11-04|2025-11-05|2025-11-06|2025-11-07|2025-11-08|2025-11-09|2025-11-10|2025-11-11|2025-11-12|2025-11-13|2025-11-14|2025-11-15|2025-11-16|2025-11-17|2025-11-18,144
q4_3,S2,2025-11-19,6,highs-ipm,0.0846762920045876,17869.88737162867,2.2737367544323206e-13,8.526512829121202e-13,20,2025-11-19 06:00,2025-11-19 06:00,2025-10-30|2025-10-31|2025-11-01|2025-11-02|2025-11-03|2025-11-04|2025-11-05|2025-11-06|2025-11-07|2025-11-08|2025-11-09|2025-11-10|2025-11-11|2025-11-12|2025-11-13|2025-11-14|2025-11-15|2025-11-16|2025-11-17|2025-11-18,144
q4_3,S2,2025-11-19,12,highs-ipm,0.072632709001482,34414.333240306245,2.2737367544323206e-13,7.958078640513122e-13,20,2025-11-19 12:00,2025-11-19 12:00,2025-10-30|2025-10-31|2025-11-01|2025-11-02|2025-11-03|2025-11-04|2025-11-05|2025-11-06|2025-11-07|2025-11-08|2025-11-09|2025-11-10|2025-11-11|2025-11-12|2025-11-13|2025-11-14|2025-11-15|2025-11-16|2025-11-17|2025-11-18,144
q4_3,S2,2025-11-20,0,highs-ipm,0.07290820799971698,2061.3518934045815,1.1368683772161603e-13,9.094947017729282e-13,20,2025-11-20 00:00,2025-11-20 00:00,2025-10-31|2025-11-01|2025-11-02|2025-11-03|2025-11-04|2025-11-05|2025-11-06|2025-11-07|2025-11-08|2025-11-09|2025-11-10|2025-11-11|2025-11-12|2025-11-13|2025-11-14|2025-11-15|2025-11-16|2025-11-17|2025-11-18|2025-11-19,144
q4_3,S2,2025-11-20,6,highs-ipm,0.0991245830009575,8732.285102363969,1.1368683772161603e-13,7.958078640513122e-13,20,2025-11-20 06:00,2025-11-20 06:00,2025-10-31|2025-11-01|2025-11-02|2025-11-03|2025-11-04|2025-11-05|2025-11-06|2025-11-07|2025-11-08|2025-11-09|2025-11-10|2025-11-11|2025-11-12|2025-11-13|2025-11-14|2025-11-15|2025-11-16|2025-11-17|2025-11-18|2025-11-19,144
q4_3,S2,2025-11-20,12,highs-ipm,0.09423108299961314,8843.12086481197,2.2737367544323206e-13,9.094947017729282e-13,20,2025-11-20 12:00,2025-11-20 12:00,2025-10-31|2025-11-01|2025-11-02|2025-11-03|2025-11-04|2025-11-05|2025-11-06|2025-11-07|2025-11-08|2025-11-09|2025-11-10|2025-11-11|2025-11-12|2025-11-13|2025-11-14|2025-11-15|2025-11-16|2025-11-17|2025-11-18|2025-11-19,144
q4_3,S2,2025-11-21,0,highs-ipm,0.23280029099987587,603.8273696520009,2.2737367544323206e-13,8.668621376273222e-13,20,2025-11-21 00:00,2025-11-21 00:00,2025-11-01|2025-11-02|2025-11-03|2025-11-04|2025-11-05|2025-11-06|2025-11-07|2025-11-08|2025-11-09|2025-11-10|2025-11-11|2025-11-12|2025-11-13|2025-11-14|2025-11-15|2025-11-16|2025-11-17|2025-11-18|2025-11-19|2025-11-20,144
q4_3,S2,2025-11-21,6,highs-ipm,0.06942608399549499,7389.816659149699,1.1368683772161603e-13,8.526512829121202e-13,20,2025-11-21 06:00,2025-11-21 06:00,2025-11-01|2025-11-02|2025-11-03|2025-11-04|2025-11-05|2025-11-06|2025-11-07|2025-11-08|2025-11-09|2025-11-10|2025-11-11|2025-11-12|2025-11-13|2025-11-14|2025-11-15|2025-11-16|2025-11-17|2025-11-18|2025-11-19|2025-11-20,144
q4_3,S2,2025-11-21,12,highs-ipm,0.08039974999701371,7098.087809434374,1.1368683772161603e-13,7.958078640513122e-13,20,2025-11-21 12:00,2025-11-21 12:00,2025-11-01|2025-11-02|2025-11-03|2025-11-04|2025-11-05|2025-11-06|2025-11-07|2025-11-08|2025-11-09|2025-11-10|2025-11-11|2025-11-12|2025-11-13|2025-11-14|2025-11-15|2025-11-16|2025-11-17|2025-11-18|2025-11-19|2025-11-20,144
q4_3,S2,2025-11-22,0,highs-ipm,0.057389292000152636,852.3672274537005,1.1368683772161603e-13,6.963318810448982e-13,20,2025-11-22 00:00,2025-11-22 00:00,2025-11-02|2025-11-03|2025-11-04|2025-11-05|2025-11-06|2025-11-07|2025-11-08|2025-11-09|2025-11-10|2025-11-11|2025-11-12|2025-11-13|2025-11-14|2025-11-15|2025-11-16|2025-11-17|2025-11-18|2025-11-19|2025-11-20|2025-11-21,144
q4_3,S2,2025-11-22,6,highs-ipm,0.07531070800177986,9723.702883065405,1.1368683772161603e-13,8.411049634560186e-13,20,2025-11-22 06:00,2025-11-22 06:00,2025-11-02|2025-11-03|2025-11-04|2025-11-05|2025-11-06|2025-11-07|2025-11-08|2025-11-09|2025-11-10|2025-11-11|2025-11-12|2025-11-13|2025-11-14|2025-11-15|2025-11-16|2025-11-17|2025-11-18|2025-11-19|2025-11-20|2025-11-21,144
q4_3,S2,2025-11-22,12,highs-ipm,0.07915300000604475,25026.44833701908,1.1368683772161603e-13,8.526512829121202e-13,20,2025-11-22 12:00,2025-11-22 12:00,2025-11-02|2025-11-03|2025-11-04|2025-11-05|2025-11-06|2025-11-07|2025-11-08|2025-11-09|2025-11-10|2025-11-11|2025-11-12|2025-11-13|2025-11-14|2025-11-15|2025-11-16|2025-11-17|2025-11-18|2025-11-19|2025-11-20|2025-11-21,144
q4_3,S2,2025-11-23,0,highs-ipm,0.062349457999516744,2000.0025064848282,1.1368683772161603e-13,1.0231815394945443e-12,20,2025-11-23 00:00,2025-11-23 00:00,2025-11-03|2025-11-04|2025-11-05|2025-11-06|2025-11-07|2025-11-08|2025-11-09|2025-11-10|2025-11-11|2025-11-12|2025-11-13|2025-11-14|2025-11-15|2025-11-16|2025-11-17|2025-11-18|2025-11-19|2025-11-20|2025-11-21|2025-11-22,144
q4_3,S2,2025-11-23,6,highs-ipm,0.0711871669991524,15689.827342350412,1.1368683772161603e-13,7.958078640513122e-13,20,2025-11-23 06:00,2025-11-23 06:00,2025-11-03|2025-11-04|2025-11-05|2025-11-06|2025-11-07|2025-11-08|2025-11-09|2025-11-10|2025-11-11|2025-11-12|2025-11-13|2025-11-14|2025-11-15|2025-11-16|2025-11-17|2025-11-18|2025-11-19|2025-11-20|2025-11-21|2025-11-22,144
q4_3,S2,2025-11-23,12,highs-ipm,0.07347508300154004,27606.825018599422,1.1368683772161603e-13,8.100187187665142e-13,20,2025-11-23 12:00,2025-11-23 12:00,2025-11-03|2025-11-04|2025-11-05|2025-11-06|2025-11-07|2025-11-08|2025-11-09|2025-11-10|2025-11-11|2025-11-12|2025-11-13|2025-11-14|2025-11-15|2025-11-16|2025-11-17|2025-11-18|2025-11-19|2025-11-20|2025-11-21|2025-11-22,144
q4_3,S2,2025-11-24,0,highs-ipm,0.05592620900279144,1949.9825848060323,2.2737367544323206e-13,8.526512829121202e-13,20,2025-11-24 00:00,2025-11-24 00:00,2025-11-04|2025-11-05|2025-11-06|2025-11-07|2025-11-08|2025-11-09|2025-11-10|2025-11-11|2025-11-12|2025-11-13|2025-11-14|2025-11-15|2025-11-16|2025-11-17|2025-11-18|2025-11-19|2025-11-20|2025-11-21|2025-11-22|2025-11-23,144
q4_3,S2,2025-11-24,6,highs-ipm,0.07666870799585013,12422.250636265462,2.2737367544323206e-13,9.094947017729282e-13,20,2025-11-24 06:00,2025-11-24 06:00,2025-11-04|2025-11-05|2025-11-06|2025-11-07|2025-11-08|2025-11-09|2025-11-10|2025-11-11|2025-11-12|2025-11-13|2025-11-14|2025-11-15|2025-11-16|2025-11-17|2025-11-18|2025-11-19|2025-11-20|2025-11-21|2025-11-22|2025-11-23,144
q4_3,S2,2025-11-24,12,highs-ipm,0.07482145800167928,26896.86918164606,1.1368683772161603e-13,7.958078640513122e-13,20,2025-11-24 12:00,2025-11-24 12:00,2025-11-04|2025-11-05|2025-11-06|2025-11-07|2025-11-08|2025-11-09|2025-11-10|2025-11-11|2025-11-12|2025-11-13|2025-11-14|2025-11-15|2025-11-16|2025-11-17|2025-11-18|2025-11-19|2025-11-20|2025-11-21|2025-11-22|2025-11-23,144
q4_3,S2,2025-11-25,0,highs-ipm,0.055485791999672074,1869.9000490480194,2.2737367544323206e-13,7.958078640513122e-13,20,2025-11-25 00:00,2025-11-25 00:00,2025-11-05|2025-11-06|2025-11-07|2025-11-08|2025-11-09|2025-11-10|2025-11-11|2025-11-12|2025-11-13|2025-11-14|2025-11-15|2025-11-16|2025-11-17|2025-11-18|2025-11-19|2025-11-20|2025-11-21|2025-11-22|2025-11-23|2025-11-24,144
q4_3,S2,2025-11-25,6,highs-ipm,0.07868095800222363,8642.277515447706,2.2737367544323206e-13,9.094947017729282e-13,20,2025-11-25 06:00,2025-11-25 06:00,2025-11-05|2025-11-06|2025-11-07|2025-11-08|2025-11-09|2025-11-10|2025-11-11|2025-11-12|2025-11-13|2025-11-14|2025-11-15|2025-11-16|2025-11-17|2025-11-18|2025-11-19|2025-11-20|2025-11-21|2025-11-22|2025-11-23|2025-11-24,144
q4_3,S2,2025-11-25,12,highs-ipm,0.07443575000070268,25760.87228610017,2.2737367544323206e-13,1.0231815394945443e-12,20,2025-11-25 12:00,2025-11-25 12:00,2025-11-05|2025-11-06|2025-11-07|2025-11-08|2025-11-09|2025-11-10|2025-11-11|2025-11-12|2025-11-13|2025-11-14|2025-11-15|2025-11-16|2025-11-17|2025-11-18|2025-11-19|2025-11-20|2025-11-21|2025-11-22|2025-11-23|2025-11-24,144
q4_3,S2,2025-11-26,0,highs-ipm,0.05778983299387619,1845.7180798684658,4.0945025148175773e-13,9.094947017729282e-13,20,2025-11-26 00:00,2025-11-26 00:00,2025-11-06|2025-11-07|2025-11-08|2025-11-09|2025-11-10|2025-11-11|2025-11-12|2025-11-13|2025-11-14|2025-11-15|2025-11-16|2025-11-17|2025-11-18|2025-11-19|2025-11-20|2025-11-21|2025-11-22|2025-11-23|2025-11-24|2025-11-25,144
q4_3,S2,2025-11-26,6,highs-ipm,0.07220191699889256,11982.330208142357,1.1368683772161603e-13,9.094947017729282e-13,20,2025-11-26 06:00,2025-11-26 06:00,2025-11-06|2025-11-07|2025-11-08|2025-11-09|2025-11-10|2025-11-11|2025-11-12|2025-11-13|2025-11-14|2025-11-15|2025-11-16|2025-11-17|2025-11-18|2025-11-19|2025-11-20|2025-11-21|2025-11-22|2025-11-23|2025-11-24|2025-11-25,144
q4_3,S2,2025-11-26,12,highs-ipm,0.06847524999466259,31171.264897370645,2.2737367544323206e-13,1.0231815394945443e-12,20,2025-11-26 12:00,2025-11-26 12:00,2025-11-06|2025-11-07|2025-11-08|2025-11-09|2025-11-10|2025-11-11|2025-11-12|2025-11-13|2025-11-14|2025-11-15|2025-11-16|2025-11-17|2025-11-18|2025-11-19|2025-11-20|2025-11-21|2025-11-22|2025-11-23|2025-11-24|2025-11-25,144
q4_3,S2,2025-11-27,0,highs-ipm,0.056014957997831516,1822.1389418121494,2.2737367544323206e-13,8.242295734817162e-13,20,2025-11-27 00:00,2025-11-27 00:00,2025-11-07|2025-11-08|2025-11-09|2025-11-10|2025-11-11|2025-11-12|2025-11-13|2025-11-14|2025-11-15|2025-11-16|2025-11-17|2025-11-18|2025-11-19|2025-11-20|2025-11-21|2025-11-22|2025-11-23|2025-11-24|2025-11-25|2025-11-26,144
q4_3,S2,2025-11-27,6,highs-ipm,0.07501516699994681,8139.621281905223,1.1368683772161603e-13,8.411049634560186e-13,20,2025-11-27 06:00,2025-11-27 06:00,2025-11-07|2025-11-08|2025-11-09|2025-11-10|2025-11-11|2025-11-12|2025-11-13|2025-11-14|2025-11-15|2025-11-16|2025-11-17|2025-11-18|2025-11-19|2025-11-20|2025-11-21|2025-11-22|2025-11-23|2025-11-24|2025-11-25|2025-11-26,144
q4_3,S2,2025-11-27,12,highs-ipm,0.07194204199913656,11166.181498050722,2.2737367544323206e-13,8.754108549169359e-13,20,2025-11-27 12:00,2025-11-27 12:00,2025-11-07|2025-11-08|2025-11-09|2025-11-10|2025-11-11|2025-11-12|2025-11-13|2025-11-14|2025-11-15|2025-11-16|2025-11-17|2025-11-18|2025-11-19|2025-11-20|2025-11-21|2025-11-22|2025-11-23|2025-11-24|2025-11-25|2025-11-26,144
q4_3,S2,2025-11-28,0,highs-ipm,0.061370084004011005,803.7678404619637,1.1368683772161603e-13,8.526512829121202e-13,20,2025-11-28 00:00,2025-11-28 00:00,2025-11-08|2025-11-09|2025-11-10|2025-11-11|2025-11-12|2025-11-13|2025-11-14|2025-11-15|2025-11-16|2025-11-17|2025-11-18|2025-11-19|2025-11-20|2025-11-21|2025-11-22|2025-11-23|2025-11-24|2025-11-25|2025-11-26|2025-11-27,144
q4_3,S2,2025-11-28,6,highs-ipm,0.07543995900050504,6744.5017133064075,1.1368683772161603e-13,8.810729923425242e-13,20,2025-11-28 06:00,2025-11-28 06:00,2025-11-08|2025-11-09|2025-11-10|2025-11-11|2025-11-12|2025-11-13|2025-11-14|2025-11-15|2025-11-16|2025-11-17|2025-11-18|2025-11-19|2025-11-20|2025-11-21|2025-11-22|2025-11-23|2025-11-24|2025-11-25|2025-11-26|2025-11-27,144
q4_3,S2,2025-11-28,12,highs-ipm,0.07764216700161342,7459.568480761448,1.1368683772161603e-13,9.094947017729282e-13,20,2025-11-28 12:00,2025-11-28 12:00,2025-11-08|2025-11-09|2025-11-10|2025-11-11|2025-11-12|2025-11-13|2025-11-14|2025-11-15|2025-11-16|2025-11-17|2025-11-18|2025-11-19|2025-11-20|2025-11-21|2025-11-22|2025-11-23|2025-11-24|2025-11-25|2025-11-26|2025-11-27,144
q4_3,S2,2025-11-29,0,highs-ipm,0.05643725000118138,1111.7703206026672,2.2737367544323206e-13,7.531752999057062e-13,20,2025-11-29 00:00,2025-11-29 00:00,2025-11-09|2025-11-10|2025-11-11|2025-11-12|2025-11-13|2025-11-14|2025-11-15|2025-11-16|2025-11-17|2025-11-18|2025-11-19|2025-11-20|2025-11-21|2025-11-22|2025-11-23|2025-11-24|2025-11-25|2025-11-26|2025-11-27|2025-11-28,144
q4_3,S2,2025-11-29,6,highs-ipm,0.06957225000223843,9325.547725075428,2.2737367544323206e-13,9.094947017729282e-13,20,2025-11-29 06:00,2025-11-29 06:00,2025-11-09|2025-11-10|2025-11-11|2025-11-12|2025-11-13|2025-11-14|2025-11-15|2025-11-16|2025-11-17|2025-11-18|2025-11-19|2025-11-20|2025-11-21|2025-11-22|2025-11-23|2025-11-24|2025-11-25|2025-11-26|2025-11-27|2025-11-28,144
q4_3,S2,2025-11-29,12,highs-ipm,0.06972487500024727,29092.943187667883,2.2737367544323206e-13,9.094947017729282e-13,20,2025-11-29 12:00,2025-11-29 12:00,2025-11-09|2025-11-10|2025-11-11|2025-11-12|2025-11-13|2025-11-14|2025-11-15|2025-11-16|2025-11-17|2025-11-18|2025-11-19|2025-11-20|2025-11-21|2025-11-22|2025-11-23|2025-11-24|2025-11-25|2025-11-26|2025-11-27|2025-11-28,144
q4_3,S2,2025-11-30,0,highs-ipm,0.05534983400139026,1903.5514905804823,4.547473508864641e-13,8.588685318500211e-13,20,2025-11-30 00:00,2025-11-30 00:00,2025-11-10|2025-11-11|2025-11-12|2025-11-13|2025-11-14|2025-11-15|2025-11-16|2025-11-17|2025-11-18|2025-11-19|2025-11-20|2025-11-21|2025-11-22|2025-11-23|2025-11-24|2025-11-25|2025-11-26|2025-11-27|2025-11-28|2025-11-29,144
q4_3,S2,2025-11-30,6,highs-ipm,0.07775891700293869,14134.710176243243,1.1368683772161603e-13,8.641976023682219e-13,20,2025-11-30 06:00,2025-11-30 06:00,2025-11-10|2025-11-11|2025-11-12|2025-11-13|2025-11-14|2025-11-15|2025-11-16|2025-11-17|2025-11-18|2025-11-19|2025-11-20|2025-11-21|2025-11-22|2025-11-23|2025-11-24|2025-11-25|2025-11-26|2025-11-27|2025-11-28|2025-11-29,144
q4_3,S2,2025-11-30,12,highs-ipm,0.10357379200286232,31228.62363292534,1.1368683772161603e-13,8.641976023682219e-13,20,2025-11-30 12:00,2025-11-30 12:00,2025-11-10|2025-11-11|2025-11-12|2025-11-13|2025-11-14|2025-11-15|2025-11-16|2025-11-17|2025-11-18|2025-11-19|2025-11-20|2025-11-21|2025-11-22|2025-11-23|2025-11-24|2025-11-25|2025-11-26|2025-11-27|2025-11-28|2025-11-29,144
q4_3,S2,2025-12-01,0,highs-ipm,0.06310337500326568,1873.2937531982184,2.2737367544323206e-13,7.958078640513122e-13,20,2025-12-01 00:00,2025-12-01 00:00,2025-11-11|2025-11-12|2025-11-13|2025-11-14|2025-11-15|2025-11-16|2025-11-17|2025-11-18|2025-11-19|2025-11-20|2025-11-21|2025-11-22|2025-11-23|2025-11-24|2025-11-25|2025-11-26|2025-11-27|2025-11-28|2025-11-29|2025-11-30,144
q4_3,S2,2025-12-01,6,highs-ipm,0.08096091699553654,10135.431669803864,2.2737367544323206e-13,8.597567102697212e-13,20,2025-12-01 06:00,2025-12-01 06:00,2025-11-11|2025-11-12|2025-11-13|2025-11-14|2025-11-15|2025-11-16|2025-11-17|2025-11-18|2025-11-19|2025-11-20|2025-11-21|2025-11-22|2025-11-23|2025-11-24|2025-11-25|2025-11-26|2025-11-27|2025-11-28|2025-11-29|2025-11-30,144
q4_3,S2,2025-12-01,12,highs-ipm,0.07549600000493228,33618.32317228419,2.2737367544323206e-13,7.958078640513122e-13,20,2025-12-01 12:00,2025-12-01 12:00,2025-11-11|2025-11-12|2025-11-13|2025-11-14|2025-11-15|2025-11-16|2025-11-17|2025-11-18|2025-11-19|2025-11-20|2025-11-21|2025-11-22|2025-11-23|2025-11-24|2025-11-25|2025-11-26|2025-11-27|2025-11-28|2025-11-29|2025-11-30,144
q4_3,S2,2025-12-02,0,highs-ipm,0.05797241699474398,2313.834499626639,2.2737367544323206e-13,9.094947017729282e-13,20,2025-12-02 00:00,2025-12-02 00:00,2025-11-12|2025-11-13|2025-11-14|2025-11-15|2025-11-16|2025-11-17|2025-11-18|2025-11-19|2025-11-20|2025-11-21|2025-11-22|2025-11-23|2025-11-24|2025-11-25|2025-11-26|2025-11-27|2025-11-28|2025-11-29|2025-11-30|2025-12-01,144
q4_3,S2,2025-12-02,6,highs-ipm,0.09266662499430822,11178.410715772516,1.1368683772161603e-13,9.094947017729282e-13,20,2025-12-02 06:00,2025-12-02 06:00,2025-11-12|2025-11-13|2025-11-14|2025-11-15|2025-11-16|2025-11-17|2025-11-18|2025-11-19|2025-11-20|2025-11-21|2025-11-22|2025-11-23|2025-11-24|2025-11-25|2025-11-26|2025-11-27|2025-11-28|2025-11-29|2025-11-30|2025-12-01,144
q4_3,S2,2025-12-02,12,highs-ipm,0.08108008400449762,38572.1547445924,1.1368683772161603e-13,9.094947017729282e-13,20,2025-12-02 12:00,2025-12-02 12:00,2025-11-12|2025-11-13|2025-11-14|2025-11-15|2025-11-16|2025-11-17|2025-11-18|2025-11-19|2025-11-20|2025-11-21|2025-11-22|2025-11-23|2025-11-24|2025-11-25|2025-11-26|2025-11-27|2025-11-28|2025-11-29|2025-11-30|2025-12-01,144
q4_3,S2,2025-12-03,0,highs-ipm,0.062246207999123726,2531.118978759496,4.547473508864641e-13,7.958078640513122e-13,20,2025-12-03 00:00,2025-12-03 00:00,2025-11-13|2025-11-14|2025-11-15|2025-11-16|2025-11-17|2025-11-18|2025-11-19|2025-11-20|2025-11-21|2025-11-22|2025-11-23|2025-11-24|2025-11-25|2025-11-26|2025-11-27|2025-11-28|2025-11-29|2025-11-30|2025-12-01|2025-12-02,144
q4_3,S2,2025-12-03,6,highs-ipm,0.08333962500182679,18079.78451881082,1.1368683772161603e-13,9.094947017729282e-13,20,2025-12-03 06:00,2025-12-03 06:00,2025-11-13|2025-11-14|2025-11-15|2025-11-16|2025-11-17|2025-11-18|2025-11-19|2025-11-20|2025-11-21|2025-11-22|2025-11-23|2025-11-24|2025-11-25|2025-11-26|2025-11-27|2025-11-28|2025-11-29|2025-11-30|2025-12-01|2025-12-02,144
q4_3,S2,2025-12-03,12,highs-ipm,0.07565462499769637,30090.92431819172,1.1368683772161603e-13,7.958078640513122e-13,20,2025-12-03 12:00,2025-12-03 12:00,2025-11-13|2025-11-14|2025-11-15|2025-11-16|2025-11-17|2025-11-18|2025-11-19|2025-11-20|2025-11-21|2025-11-22|2025-11-23|2025-11-24|2025-11-25|2025-11-26|2025-11-27|2025-11-28|2025-11-29|2025-11-30|2025-12-01|2025-12-02,144
q4_3,S2,2025-12-04,0,highs-ipm,0.058818958001211286,3058.781493335842,2.2737367544323206e-13,7.958078640513122e-13,20,2025-12-04 00:00,2025-12-04 00:00,2025-11-14|2025-11-15|2025-11-16|2025-11-17|2025-11-18|2025-11-19|2025-11-20|2025-11-21|2025-11-22|2025-11-23|2025-11-24|2025-11-25|2025-11-26|2025-11-27|2025-11-28|2025-11-29|2025-11-30|2025-12-01|2025-12-02|2025-12-03,144
q4_3,S2,2025-12-04,6,highs-ipm,0.07769316699705087,6487.637180916496,1.1368683772161603e-13,9.094947017729282e-13,20,2025-12-04 06:00,2025-12-04 06:00,2025-11-14|2025-11-15|2025-11-16|2025-11-17|2025-11-18|2025-11-19|2025-11-20|2025-11-21|2025-11-22|2025-11-23|2025-11-24|2025-11-25|2025-11-26|2025-11-27|2025-11-28|2025-11-29|2025-11-30|2025-12-01|2025-12-02|2025-12-03,144
q4_3,S2,2025-12-04,12,highs-ipm,0.08351858300011372,7303.342023746176,2.2737367544323206e-13,9.094947017729282e-13,20,2025-12-04 12:00,2025-12-04 12:00,2025-11-14|2025-11-15|2025-11-16|2025-11-17|2025-11-18|2025-11-19|2025-11-20|2025-11-21|2025-11-22|2025-11-23|2025-11-24|2025-11-25|2025-11-26|2025-11-27|2025-11-28|2025-11-29|2025-11-30|2025-12-01|2025-12-02|2025-12-03,144
q4_3,S2,2025-12-05,0,highs-ipm,0.06506295799772488,1812.2381014488683,2.2737367544323206e-13,9.094947017729282e-13,20,2025-12-05 00:00,2025-12-05 00:00,2025-11-15|2025-11-16|2025-11-17|2025-11-18|2025-11-19|2025-11-20|2025-11-21|2025-11-22|2025-11-23|2025-11-24|2025-11-25|2025-11-26|2025-11-27|2025-11-28|2025-11-29|2025-11-30|2025-12-01|2025-12-02|2025-12-03|2025-12-04,144
q4_3,S2,2025-12-05,6,highs-ipm,0.07327283300401177,7492.573715767168,1.1368683772161603e-13,9.094947017729282e-13,20,2025-12-05 06:00,2025-12-05 06:00,2025-11-15|2025-11-16|2025-11-17|2025-11-18|2025-11-19|2025-11-20|2025-11-21|2025-11-22|2025-11-23|2025-11-24|2025-11-25|2025-11-26|2025-11-27|2025-11-28|2025-11-29|2025-11-30|2025-12-01|2025-12-02|2025-12-03|2025-12-04,144
q4_3,S2,2025-12-05,12,highs-ipm,0.07009370800369652,10134.16397475561,1.1368683772161603e-13,9.094947017729282e-13,20,2025-12-05 12:00,2025-12-05 12:00,2025-11-15|2025-11-16|2025-11-17|2025-11-18|2025-11-19|2025-11-20|2025-11-21|2025-11-22|2025-11-23|2025-11-24|2025-11-25|2025-11-26|2025-11-27|2025-11-28|2025-11-29|2025-11-30|2025-12-01|2025-12-02|2025-12-03|2025-12-04,144
q4_3,S2,2025-12-06,0,highs-ipm,0.054491417002282105,1851.9352590128653,5.684341886080802e-14,8.810729923425242e-13,20,2025-12-06 00:00,2025-12-06 00:00,2025-11-16|2025-11-17|2025-11-18|2025-11-19|2025-11-20|2025-11-21|2025-11-22|2025-11-23|2025-11-24|2025-11-25|2025-11-26|2025-11-27|2025-11-28|2025-11-29|2025-11-30|2025-12-01|2025-12-02|2025-12-03|2025-12-04|2025-12-05,144
q4_3,S2,2025-12-06,6,highs-ipm,0.07434754199493909,11372.08269054978,1.1368683772161603e-13,8.526512829121202e-13,20,2025-12-06 06:00,2025-12-06 06:00,2025-11-16|2025-11-17|2025-11-18|2025-11-19|2025-11-20|2025-11-21|2025-11-22|2025-11-23|2025-11-24|2025-11-25|2025-11-26|2025-11-27|2025-11-28|2025-11-29|2025-11-30|2025-12-01|2025-12-02|2025-12-03|2025-12-04|2025-12-05,144
q4_3,S2,2025-12-06,12,highs-ipm,0.06831779100321,33960.9491552335,2.2737367544323206e-13,9.094947017729282e-13,20,2025-12-06 12:00,2025-12-06 12:00,2025-11-16|2025-11-17|2025-11-18|2025-11-19|2025-11-20|2025-11-21|2025-11-22|2025-11-23|2025-11-24|2025-11-25|2025-11-26|2025-11-27|2025-11-28|2025-11-29|2025-11-30|2025-12-01|2025-12-02|2025-12-03|2025-12-04|2025-12-05,144
q4_3,S2,2025-12-07,0,highs-ipm,0.05445412499830127,3029.245949357932,1.0800249583553523e-12,9.094947017729282e-13,20,2025-12-07 00:00,2025-12-07 00:00,2025-11-17|2025-11-18|2025-11-19|2025-11-20|2025-11-21|2025-11-22|2025-11-23|2025-11-24|2025-11-25|2025-11-26|2025-11-27|2025-11-28|2025-11-29|2025-11-30|2025-12-01|2025-12-02|2025-12-03|2025-12-04|2025-12-05|2025-12-06,144
q4_3,S2,2025-12-07,6,highs-ipm,0.07499941699643387,10155.87277827783,2.2737367544323206e-13,9.094947017729282e-13,20,2025-12-07 06:00,2025-12-07 06:00,2025-11-17|2025-11-18|2025-11-19|2025-11-20|2025-11-21|2025-11-22|2025-11-23|2025-11-24|2025-11-25|2025-11-26|2025-11-27|2025-11-28|2025-11-29|2025-11-30|2025-12-01|2025-12-02|2025-12-03|2025-12-04|2025-12-05|2025-12-06,144
q4_3,S2,2025-12-07,12,highs-ipm,0.06939845799934119,36000.337869456205,2.2737367544323206e-13,9.094947017729282e-13,20,2025-12-07 12:00,2025-12-07 12:00,2025-11-17|2025-11-18|2025-11-19|2025-11-20|2025-11-21|2025-11-22|2025-11-23|2025-11-24|2025-11-25|2025-11-26|2025-11-27|2025-11-28|2025-11-29|2025-11-30|2025-12-01|2025-12-02|2025-12-03|2025-12-04|2025-12-05|2025-12-06,144
q4_3,S2,2025-12-08,0,highs-ipm,0.05311708399676718,3324.207487496918,2.2737367544323206e-13,9.094947017729282e-13,20,2025-12-08 00:00,2025-12-08 00:00,2025-11-18|2025-11-19|2025-11-20|2025-11-21|2025-11-22|2025-11-23|2025-11-24|2025-11-25|2025-11-26|2025-11-27|2025-11-28|2025-11-29|2025-11-30|2025-12-01|2025-12-02|2025-12-03|2025-12-04|2025-12-05|2025-12-06|2025-12-07,144
q4_3,S2,2025-12-08,6,highs-ipm,0.07223237500147661,14092.246156962268,2.2737367544323206e-13,8.57980353430321e-13,20,2025-12-08 06:00,2025-12-08 06:00,2025-11-18|2025-11-19|2025-11-20|2025-11-21|2025-11-22|2025-11-23|2025-11-24|2025-11-25|2025-11-26|2025-11-27|2025-11-28|2025-11-29|2025-11-30|2025-12-01|2025-12-02|2025-12-03|2025-12-04|2025-12-05|2025-12-06|2025-12-07,144
q4_3,S2,2025-12-08,12,highs-ipm,0.06939966700156219,41489.46170643114,2.2737367544323206e-13,9.094947017729282e-13,20,2025-12-08 12:00,2025-12-08 12:00,2025-11-18|2025-11-19|2025-11-20|2025-11-21|2025-11-22|2025-11-23|2025-11-24|2025-11-25|2025-11-26|2025-11-27|2025-11-28|2025-11-29|2025-11-30|2025-12-01|2025-12-02|2025-12-03|2025-12-04|2025-12-05|2025-12-06|2025-12-07,144
q4_3,S2,2025-12-09,0,highs-ipm,0.05199404199811397,3352.4385165996787,2.2737367544323206e-13,9.094947017729282e-13,20,2025-12-09 00:00,2025-12-09 00:00,2025-11-19|2025-11-20|2025-11-21|2025-11-22|2025-11-23|2025-11-24|2025-11-25|2025-11-26|2025-11-27|2025-11-28|2025-11-29|2025-11-30|2025-12-01|2025-12-02|2025-12-03|2025-12-04|2025-12-05|2025-12-06|2025-12-07|2025-12-08,144
q4_3,S2,2025-12-09,6,highs-ipm,0.07590000000345754,11969.845128287547,2.2737367544323206e-13,1.0231815394945443e-12,20,2025-12-09 06:00,2025-12-09 06:00,2025-11-19|2025-11-20|2025-11-21|2025-11-22|2025-11-23|2025-11-24|2025-11-25|2025-11-26|2025-11-27|2025-11-28|2025-11-29|2025-11-30|2025-12-01|2025-12-02|2025-12-03|2025-12-04|2025-12-05|2025-12-06|2025-12-07|2025-12-08,144
q4_3,S2,2025-12-09,12,highs-ipm,0.07645687499461928,35521.40281313123,2.2737367544323206e-13,9.094947017729282e-13,20,2025-12-09 12:00,2025-12-09 12:00,2025-11-19|2025-11-20|2025-11-21|2025-11-22|2025-11-23|2025-11-24|2025-11-25|2025-11-26|2025-11-27|2025-11-28|2025-11-29|2025-11-30|2025-12-01|2025-12-02|2025-12-03|2025-12-04|2025-12-05|2025-12-06|2025-12-07|2025-12-08,144
q4_3,S2,2025-12-10,0,highs-ipm,0.054604458004178014,3317.7502531974387,2.2737367544323206e-13,7.958078640513122e-13,20,2025-12-10 00:00,2025-12-10 00:00,2025-11-20|2025-11-21|2025-11-22|2025-11-23|2025-11-24|2025-11-25|2025-11-26|2025-11-27|2025-11-28|2025-11-29|2025-11-30|2025-12-01|2025-12-02|2025-12-03|2025-12-04|2025-12-05|2025-12-06|2025-12-07|2025-12-08|2025-12-09,144
q4_3,S2,2025-12-10,6,highs-ipm,0.06948495899996487,17335.741121587373,1.1368683772161603e-13,9.094947017729282e-13,20,2025-12-10 06:00,2025-12-10 06:00,2025-11-20|2025-11-21|2025-11-22|2025-11-23|2025-11-24|2025-11-25|2025-11-26|2025-11-27|2025-11-28|2025-11-29|2025-11-30|2025-12-01|2025-12-02|2025-12-03|2025-12-04|2025-12-05|2025-12-06|2025-12-07|2025-12-08|2025-12-09,144
q4_3,S2,2025-12-10,12,highs-ipm,0.06931999999505933,36322.26885750475,1.1368683772161603e-13,7.958078640513122e-13,20,2025-12-10 12:00,2025-12-10 12:00,2025-11-20|2025-11-21|2025-11-22|2025-11-23|2025-11-24|2025-11-25|2025-11-26|2025-11-27|2025-11-28|2025-11-29|2025-11-30|2025-12-01|2025-12-02|2025-12-03|2025-12-04|2025-12-05|2025-12-06|2025-12-07|2025-12-08|2025-12-09,144
q4_3,S2,2025-12-11,0,highs-ipm,0.059482124997884966,3242.7988029727267,2.2737367544323206e-13,8.526512829121202e-13,20,2025-12-11 00:00,2025-12-11 00:00,2025-11-21|2025-11-22|2025-11-23|2025-11-24|2025-11-25|2025-11-26|2025-11-27|2025-11-28|2025-11-29|2025-11-30|2025-12-01|2025-12-02|2025-12-03|2025-12-04|2025-12-05|2025-12-06|2025-12-07|2025-12-08|2025-12-09|2025-12-10,144
q4_3,S2,2025-12-11,6,highs-ipm,0.07583675000205403,7250.39301362911,1.1368683772161603e-13,8.331113576787175e-13,20,2025-12-11 06:00,2025-12-11 06:00,2025-11-21|2025-11-22|2025-11-23|2025-11-24|2025-11-25|2025-11-26|2025-11-27|2025-11-28|2025-11-29|2025-11-30|2025-12-01|2025-12-02|2025-12-03|2025-12-04|2025-12-05|2025-12-06|2025-12-07|2025-12-08|2025-12-09|2025-12-10,144
q4_3,S2,2025-12-11,12,highs-ipm,0.0770530840018182,11591.885977721131,1.1368683772161603e-13,9.094947017729282e-13,20,2025-12-11 12:00,2025-12-11 12:00,2025-11-21|2025-11-22|2025-11-23|2025-11-24|2025-11-25|2025-11-26|2025-11-27|2025-11-28|2025-11-29|2025-11-30|2025-12-01|2025-12-02|2025-12-03|2025-12-04|2025-12-05|2025-12-06|2025-12-07|2025-12-08|2025-12-09|2025-12-10,144
q4_3,S2,2025-12-12,0,highs-ipm,0.06270083299750695,2020.9539658986764,7.958078640513122e-13,8.810729923425242e-13,20,2025-12-12 00:00,2025-12-12 00:00,2025-11-22|2025-11-23|2025-11-24|2025-11-25|2025-11-26|2025-11-27|2025-11-28|2025-11-29|2025-11-30|2025-12-01|2025-12-02|2025-12-03|2025-12-04|2025-12-05|2025-12-06|2025-12-07|2025-12-08|2025-12-09|2025-12-10|2025-12-11,144
q4_3,S2,2025-12-12,6,highs-ipm,0.07917762500437675,9540.543196402932,2.2737367544323206e-13,7.736034035588091e-13,20,2025-12-12 06:00,2025-12-12 06:00,2025-11-22|2025-11-23|2025-11-24|2025-11-25|2025-11-26|2025-11-27|2025-11-28|2025-11-29|2025-11-30|2025-12-01|2025-12-02|2025-12-03|2025-12-04|2025-12-05|2025-12-06|2025-12-07|2025-12-08|2025-12-09|2025-12-10|2025-12-11,144
q4_3,S2,2025-12-12,12,highs-ipm,0.06876716699480312,16866.966380608632,2.2737367544323206e-13,9.094947017729282e-13,20,2025-12-12 12:00,2025-12-12 12:00,2025-11-22|2025-11-23|2025-11-24|2025-11-25|2025-11-26|2025-11-27|2025-11-28|2025-11-29|2025-11-30|2025-12-01|2025-12-02|2025-12-03|2025-12-04|2025-12-05|2025-12-06|2025-12-07|2025-12-08|2025-12-09|2025-12-10|2025-12-11,144
q4_3,S2,2025-12-13,0,highs-ipm,0.05725433299812721,2129.344342965088,2.2737367544323206e-13,9.094947017729282e-13,20,2025-12-13 00:00,2025-12-13 00:00,2025-11-23|2025-11-24|2025-11-25|2025-11-26|2025-11-27|2025-11-28|2025-11-29|2025-11-30|2025-12-01|2025-12-02|2025-12-03|2025-12-04|2025-12-05|2025-12-06|2025-12-07|2025-12-08|2025-12-09|2025-12-10|2025-12-11|2025-12-12,144
q4_3,S2,2025-12-13,6,highs-ipm,0.06488704100047471,13749.59915336349,1.1368683772161603e-13,9.094947017729282e-13,20,2025-12-13 06:00,2025-12-13 06:00,2025-11-23|2025-11-24|2025-11-25|2025-11-26|2025-11-27|2025-11-28|2025-11-29|2025-11-30|2025-12-01|2025-12-02|2025-12-03|2025-12-04|2025-12-05|2025-12-06|2025-12-07|2025-12-08|2025-12-09|2025-12-10|2025-12-11|2025-12-12,144
q4_3,S2,2025-12-13,12,highs-ipm,0.0670730839992757,33045.90833198565,1.1368683772161603e-13,9.094947017729282e-13,20,2025-12-13 12:00,2025-12-13 12:00,2025-11-23|2025-11-24|2025-11-25|2025-11-26|2025-11-27|2025-11-28|2025-11-29|2025-11-30|2025-12-01|2025-12-02|2025-12-03|2025-12-04|2025-12-05|2025-12-06|2025-12-07|2025-12-08|2025-12-09|2025-12-10|2025-12-11|2025-12-12,144
q4_3,S2,2025-12-14,0,highs-ipm,0.055920374994457234,3227.032411336771,1.1368683772161603e-13,9.094947017729282e-13,20,2025-12-14 00:00,2025-12-14 00:00,2025-11-24|2025-11-25|2025-11-26|2025-11-27|2025-11-28|2025-11-29|2025-11-30|2025-12-01|2025-12-02|2025-12-03|2025-12-04|2025-12-05|2025-12-06|2025-12-07|2025-12-08|2025-12-09|2025-12-10|2025-12-11|2025-12-12|2025-12-13,144
q4_3,S2,2025-12-14,6,highs-ipm,0.06992124999669613,18576.639755503602,2.2737367544323206e-13,7.958078640513122e-13,20,2025-12-14 06:00,2025-12-14 06:00,2025-11-24|2025-11-25|2025-11-26|2025-11-27|2025-11-28|2025-11-29|2025-11-30|2025-12-01|2025-12-02|2025-12-03|2025-12-04|2025-12-05|2025-12-06|2025-12-07|2025-12-08|2025-12-09|2025-12-10|2025-12-11|2025-12-12|2025-12-13,144
q4_3,S2,2025-12-14,12,highs-ipm,0.06828345900430577,43980.52169572191,2.2737367544323206e-13,9.094947017729282e-13,20,2025-12-14 12:00,2025-12-14 12:00,2025-11-24|2025-11-25|2025-11-26|2025-11-27|2025-11-28|2025-11-29|2025-11-30|2025-12-01|2025-12-02|2025-12-03|2025-12-04|2025-12-05|2025-12-06|2025-12-07|2025-12-08|2025-12-09|2025-12-10|2025-12-11|2025-12-12|2025-12-13,144
q4_3,S2,2025-12-15,0,highs-ipm,0.05557691700232681,3092.662451038978,2.2737367544323206e-13,9.094947017729282e-13,20,2025-12-15 00:00,2025-12-15 00:00,2025-11-25|2025-11-26|2025-11-27|2025-11-28|2025-11-29|2025-11-30|2025-12-01|2025-12-02|2025-12-03|2025-12-04|2025-12-05|2025-12-06|2025-12-07|2025-12-08|2025-12-09|2025-12-10|2025-12-11|2025-12-12|2025-12-13|2025-12-14,144
q4_3,S2,2025-12-15,6,highs-ipm,0.0737421669982723,19987.64141975904,2.2737367544323206e-13,1.0231815394945443e-12,20,2025-12-15 06:00,2025-12-15 06:00,2025-11-25|2025-11-26|2025-11-27|2025-11-28|2025-11-29|2025-11-30|2025-12-01|2025-12-02|2025-12-03|2025-12-04|2025-12-05|2025-12-06|2025-12-07|2025-12-08|2025-12-09|2025-12-10|2025-12-11|2025-12-12|2025-12-13|2025-12-14,144
q4_3,S2,2025-12-15,12,highs-ipm,0.07372525000391761,40641.65064526152,2.2737367544323206e-13,9.094947017729282e-13,20,2025-12-15 12:00,2025-12-15 12:00,2025-11-25|2025-11-26|2025-11-27|2025-11-28|2025-11-29|2025-11-30|2025-12-01|2025-12-02|2025-12-03|2025-12-04|2025-12-05|2025-12-06|2025-12-07|2025-12-08|2025-12-09|2025-12-10|2025-12-11|2025-12-12|2025-12-13|2025-12-14,144
q4_3,S2,2025-12-16,0,highs-ipm,0.06560266700398643,2900.2768638518564,1.1368683772161603e-13,7.958078640513122e-13,20,2025-12-16 00:00,2025-12-16 00:00,2025-11-26|2025-11-27|2025-11-28|2025-11-29|2025-11-30|2025-12-01|2025-12-02|2025-12-03|2025-12-04|2025-12-05|2025-12-06|2025-12-07|2025-12-08|2025-12-09|2025-12-10|2025-12-11|2025-12-12|2025-12-13|2025-12-14|2025-12-15,144
q4_3,S2,2025-12-16,6,highs-ipm,0.07392350000009174,12773.730323836886,2.2737367544323206e-13,1.0231815394945443e-12,20,2025-12-16 06:00,2025-12-16 06:00,2025-11-26|2025-11-27|2025-11-28|2025-11-29|2025-11-30|2025-12-01|2025-12-02|2025-12-03|2025-12-04|2025-12-05|2025-12-06|2025-12-07|2025-12-08|2025-12-09|2025-12-10|2025-12-11|2025-12-12|2025-12-13|2025-12-14|2025-12-15,144
q4_3,S2,2025-12-16,12,highs-ipm,0.07032220799737843,42883.569673452,2.2737367544323206e-13,9.094947017729282e-13,20,2025-12-16 12:00,2025-12-16 12:00,2025-11-26|2025-11-27|2025-11-28|2025-11-29|2025-11-30|2025-12-01|2025-12-02|2025-12-03|2025-12-04|2025-12-05|2025-12-06|2025-12-07|2025-12-08|2025-12-09|2025-12-10|2025-12-11|2025-12-12|2025-12-13|2025-12-14|2025-12-15,144
q4_3,S2,2025-12-17,0,highs-ipm,0.05627058400568785,2858.8070964927583,2.2737367544323206e-13,9.094947017729282e-13,20,2025-12-17 00:00,2025-12-17 00:00,2025-11-27|2025-11-28|2025-11-29|2025-11-30|2025-12-01|2025-12-02|2025-12-03|2025-12-04|2025-12-05|2025-12-06|2025-12-07|2025-12-08|2025-12-09|2025-12-10|2025-12-11|2025-12-12|2025-12-13|2025-12-14|2025-12-15|2025-12-16,144
q4_3,S2,2025-12-17,6,highs-ipm,0.07902408399968408,11222.23685114857,2.2737367544323206e-13,7.958078640513122e-13,20,2025-12-17 06:00,2025-12-17 06:00,2025-11-27|2025-11-28|2025-11-29|2025-11-30|2025-12-01|2025-12-02|2025-12-03|2025-12-04|2025-12-05|2025-12-06|2025-12-07|2025-12-08|2025-12-09|2025-12-10|2025-12-11|2025-12-12|2025-12-13|2025-12-14|2025-12-15|2025-12-16,144
q4_3,S2,2025-12-17,12,highs-ipm,0.06943170900194673,34641.10839231346,2.2737367544323206e-13,9.094947017729282e-13,20,2025-12-17 12:00,2025-12-17 12:00,2025-11-27|2025-11-28|2025-11-29|2025-11-30|2025-12-01|2025-12-02|2025-12-03|2025-12-04|2025-12-05|2025-12-06|2025-12-07|2025-12-08|2025-12-09|2025-12-10|2025-12-11|2025-12-12|2025-12-13|2025-12-14|2025-12-15|2025-12-16,144
q4_3,S2,2025-12-18,0,highs-ipm,0.05879641700448701,2835.7152364206086,2.2737367544323206e-13,9.094947017729282e-13,20,2025-12-18 00:00,2025-12-18 00:00,2025-11-28|2025-11-29|2025-11-30|2025-12-01|2025-12-02|2025-12-03|2025-12-04|2025-12-05|2025-12-06|2025-12-07|2025-12-08|2025-12-09|2025-12-10|2025-12-11|2025-12-12|2025-12-13|2025-12-14|2025-12-15|2025-12-16|2025-12-17,144
q4_3,S2,2025-12-18,6,highs-ipm,0.07668350000312785,10632.354221787346,2.2737367544323206e-13,9.094947017729282e-13,20,2025-12-18 06:00,2025-12-18 06:00,2025-11-28|2025-11-29|2025-11-30|2025-12-01|2025-12-02|2025-12-03|2025-12-04|2025-12-05|2025-12-06|2025-12-07|2025-12-08|2025-12-09|2025-12-10|2025-12-11|2025-12-12|2025-12-13|2025-12-14|2025-12-15|2025-12-16|2025-12-17,144
q4_3,S2,2025-12-18,12,highs-ipm,0.07190816700313007,17453.3583244577,2.2737367544323206e-13,9.094947017729282e-13,20,2025-12-18 12:00,2025-12-18 12:00,2025-11-28|2025-11-29|2025-11-30|2025-12-01|2025-12-02|2025-12-03|2025-12-04|2025-12-05|2025-12-06|2025-12-07|2025-12-08|2025-12-09|2025-12-10|2025-12-11|2025-12-12|2025-12-13|2025-12-14|2025-12-15|2025-12-16|2025-12-17,144
q4_3,S2,2025-12-19,0,highs-ipm,0.05687783299799776,1818.9670878843785,5.684341886080802e-14,9.094947017729282e-13,20,2025-12-19 00:00,2025-12-19 00:00,2025-11-29|2025-11-30|2025-12-01|2025-12-02|2025-12-03|2025-12-04|2025-12-05|2025-12-06|2025-12-07|2025-12-08|2025-12-09|2025-12-10|2025-12-11|2025-12-12|2025-12-13|2025-12-14|2025-12-15|2025-12-16|2025-12-17|2025-12-18,144
q4_3,S2,2025-12-19,6,highs-ipm,0.06785845800186507,10046.627295460368,1.1368683772161603e-13,9.094947017729282e-13,20,2025-12-19 06:00,2025-12-19 06:00,2025-11-29|2025-11-30|2025-12-01|2025-12-02|2025-12-03|2025-12-04|2025-12-05|2025-12-06|2025-12-07|2025-12-08|2025-12-09|2025-12-10|2025-12-11|2025-12-12|2025-12-13|2025-12-14|2025-12-15|2025-12-16|2025-12-17|2025-12-18,144
q4_3,S2,2025-12-19,12,highs-ipm,0.0670122090014047,18141.622624345964,1.7053025658242404e-13,9.094947017729282e-13,20,2025-12-19 12:00,2025-12-19 12:00,2025-11-29|2025-11-30|2025-12-01|2025-12-02|2025-12-03|2025-12-04|2025-12-05|2025-12-06|2025-12-07|2025-12-08|2025-12-09|2025-12-10|2025-12-11|2025-12-12|2025-12-13|2025-12-14|2025-12-15|2025-12-16|2025-12-17|2025-12-18,144
q4_3,S2,2025-12-20,0,highs-ipm,0.05678270800126484,1807.4717936295165,5.684341886080802e-14,9.094947017729282e-13,20,2025-12-20 00:00,2025-12-20 00:00,2025-11-30|2025-12-01|2025-12-02|2025-12-03|2025-12-04|2025-12-05|2025-12-06|2025-12-07|2025-12-08|2025-12-09|2025-12-10|2025-12-11|2025-12-12|2025-12-13|2025-12-14|2025-12-15|2025-12-16|2025-12-17|2025-12-18|2025-12-19,144
q4_3,S2,2025-12-20,6,highs-ipm,0.06731662500533275,12508.717111348837,1.1368683772161603e-13,9.094947017729282e-13,20,2025-12-20 06:00,2025-12-20 06:00,2025-11-30|2025-12-01|2025-12-02|2025-12-03|2025-12-04|2025-12-05|2025-12-06|2025-12-07|2025-12-08|2025-12-09|2025-12-10|2025-12-11|2025-12-12|2025-12-13|2025-12-14|2025-12-15|2025-12-16|2025-12-17|2025-12-18|2025-12-19,144
q4_3,S2,2025-12-20,12,highs-ipm,0.06992670799809275,38746.75105333962,5.684341886080802e-14,9.094947017729282e-13,20,2025-12-20 12:00,2025-12-20 12:00,2025-11-30|2025-12-01|2025-12-02|2025-12-03|2025-12-04|2025-12-05|2025-12-06|2025-12-07|2025-12-08|2025-12-09|2025-12-10|2025-12-11|2025-12-12|2025-12-13|2025-12-14|2025-12-15|2025-12-16|2025-12-17|2025-12-18|2025-12-19,144
q4_3,S2,2025-12-21,0,highs-ipm,0.054753374999563675,2743.5716155691994,2.2737367544323206e-13,7.958078640513122e-13,20,2025-12-21 00:00,2025-12-21 00:00,2025-12-01|2025-12-02|2025-12-03|2025-12-04|2025-12-05|2025-12-06|2025-12-07|2025-12-08|2025-12-09|2025-12-10|2025-12-11|2025-12-12|2025-12-13|2025-12-14|2025-12-15|2025-12-16|2025-12-17|2025-12-18|2025-12-19|2025-12-20,144
q4_3,S2,2025-12-21,6,highs-ipm,0.07332204200065462,13358.942021358953,2.2737367544323206e-13,9.094947017729282e-13,20,2025-12-21 06:00,2025-12-21 06:00,2025-12-01|2025-12-02|2025-12-03|2025-12-04|2025-12-05|2025-12-06|2025-12-07|2025-12-08|2025-12-09|2025-12-10|2025-12-11|2025-12-12|2025-12-13|2025-12-14|2025-12-15|2025-12-16|2025-12-17|2025-12-18|2025-12-19|2025-12-20,144
q4_3,S2,2025-12-21,12,highs-ipm,0.06769474999600789,42214.89051863076,1.1368683772161603e-13,7.958078640513122e-13,20,2025-12-21 12:00,2025-12-21 12:00,2025-12-01|2025-12-02|2025-12-03|2025-12-04|2025-12-05|2025-12-06|2025-12-07|2025-12-08|2025-12-09|2025-12-10|2025-12-11|2025-12-12|2025-12-13|2025-12-14|2025-12-15|2025-12-16|2025-12-17|2025-12-18|2025-12-19|2025-12-20,144
q4_3,S2,2025-12-22,0,highs-ipm,0.0563836250003078,2797.702984363167,2.2737367544323206e-13,7.958078640513122e-13,20,2025-12-22 00:00,2025-12-22 00:00,2025-12-02|2025-12-03|2025-12-04|2025-12-05|2025-12-06|2025-12-07|2025-12-08|2025-12-09|2025-12-10|2025-12-11|2025-12-12|2025-12-13|2025-12-14|2025-12-15|2025-12-16|2025-12-17|2025-12-18|2025-12-19|2025-12-20|2025-12-21,144
q4_3,S2,2025-12-22,6,highs-ipm,0.07104395799979102,13905.460317247065,2.2737367544323206e-13,1.0231815394945443e-12,20,2025-12-22 06:00,2025-12-22 06:00,2025-12-02|2025-12-03|2025-12-04|2025-12-05|2025-12-06|2025-12-07|2025-12-08|2025-12-09|2025-12-10|2025-12-11|2025-12-12|2025-12-13|2025-12-14|2025-12-15|2025-12-16|2025-12-17|2025-12-18|2025-12-19|2025-12-20|2025-12-21,144
q4_3,S2,2025-12-22,12,highs-ipm,0.0668090420003864,41183.69780176452,2.2737367544323206e-13,7.958078640513122e-13,20,2025-12-22 12:00,2025-12-22 12:00,2025-12-02|2025-12-03|2025-12-04|2025-12-05|2025-12-06|2025-12-07|2025-12-08|2025-12-09|2025-12-10|2025-12-11|2025-12-12|2025-12-13|2025-12-14|2025-12-15|2025-12-16|2025-12-17|2025-12-18|2025-12-19|2025-12-20|2025-12-21,144
q4_3,S2,2025-12-23,0,highs-ipm,0.052106709001236595,2811.105589385999,4.547473508864641e-13,8.526512829121202e-13,20,2025-12-23 00:00,2025-12-23 00:00,2025-12-03|2025-12-04|2025-12-05|2025-12-06|2025-12-07|2025-12-08|2025-12-09|2025-12-10|2025-12-11|2025-12-12|2025-12-13|2025-12-14|2025-12-15|2025-12-16|2025-12-17|2025-12-18|2025-12-19|2025-12-20|2025-12-21|2025-12-22,144
q4_3,S2,2025-12-23,6,highs-ipm,0.07447325000248384,12230.462486031502,2.2737367544323206e-13,9.094947017729282e-13,20,2025-12-23 06:00,2025-12-23 06:00,2025-12-03|2025-12-04|2025-12-05|2025-12-06|2025-12-07|2025-12-08|2025-12-09|2025-12-10|2025-12-11|2025-12-12|2025-12-13|2025-12-14|2025-12-15|2025-12-16|2025-12-17|2025-12-18|2025-12-19|2025-12-20|2025-12-21|2025-12-22,144
q4_3,S2,2025-12-23,12,highs-ipm,0.07085012499737786,38874.41463734733,1.1368683772161603e-13,1.0231815394945443e-12,20,2025-12-23 12:00,2025-12-23 12:00,2025-12-03|2025-12-04|2025-12-05|2025-12-06|2025-12-07|2025-12-08|2025-12-09|2025-12-10|2025-12-11|2025-12-12|2025-12-13|2025-12-14|2025-12-15|2025-12-16|2025-12-17|2025-12-18|2025-12-19|2025-12-20|2025-12-21|2025-12-22,144
q4_3,S2,2025-12-24,0,highs-ipm,0.05166229199676309,2820.2996628343576,1.1368683772161603e-13,7.958078640513122e-13,20,2025-12-24 00:00,2025-12-24 00:00,2025-12-04|2025-12-05|2025-12-06|2025-12-07|2025-12-08|2025-12-09|2025-12-10|2025-12-11|2025-12-12|2025-12-13|2025-12-14|2025-12-15|2025-12-16|2025-12-17|2025-12-18|2025-12-19|2025-12-20|2025-12-21|2025-12-22|2025-12-23,144
q4_3,S2,2025-12-24,6,highs-ipm,0.0719506250025006,14109.624231146581,2.2737367544323206e-13,9.094947017729282e-13,20,2025-12-24 06:00,2025-12-24 06:00,2025-12-04|2025-12-05|2025-12-06|2025-12-07|2025-12-08|2025-12-09|2025-12-10|2025-12-11|2025-12-12|2025-12-13|2025-12-14|2025-12-15|2025-12-16|2025-12-17|2025-12-18|2025-12-19|2025-12-20|2025-12-21|2025-12-22|2025-12-23,144
q4_3,S2,2025-12-24,12,highs-ipm,0.0714154170054826,36197.66787304728,2.2737367544323206e-13,9.094947017729282e-13,20,2025-12-24 12:00,2025-12-24 12:00,2025-12-04|2025-12-05|2025-12-06|2025-12-07|2025-12-08|2025-12-09|2025-12-10|2025-12-11|2025-12-12|2025-12-13|2025-12-14|2025-12-15|2025-12-16|2025-12-17|2025-12-18|2025-12-19|2025-12-20|2025-12-21|2025-12-22|2025-12-23,144
q4_3,S2,2025-12-25,0,highs-ipm,0.054085374998976476,2805.9085930564675,1.7621459846850485e-12,9.094947017729282e-13,20,2025-12-25 00:00,2025-12-25 00:00,2025-12-05|2025-12-06|2025-12-07|2025-12-08|2025-12-09|2025-12-10|2025-12-11|2025-12-12|2025-12-13|2025-12-14|2025-12-15|2025-12-16|2025-12-17|2025-12-18|2025-12-19|2025-12-20|2025-12-21|2025-12-22|2025-12-23|2025-12-24,144
q4_3,S2,2025-12-25,6,highs-ipm,0.0732392499994603,9425.33019262595,2.2737367544323206e-13,7.958078640513122e-13,20,2025-12-25 06:00,2025-12-25 06:00,2025-12-05|2025-12-06|2025-12-07|2025-12-08|2025-12-09|2025-12-10|2025-12-11|2025-12-12|2025-12-13|2025-12-14|2025-12-15|2025-12-16|2025-12-17|2025-12-18|2025-12-19|2025-12-20|2025-12-21|2025-12-22|2025-12-23|2025-12-24,144
q4_3,S2,2025-12-25,12,highs-ipm,0.06780391600477742,16593.732922773408,1.1368683772161603e-13,9.094947017729282e-13,20,2025-12-25 12:00,2025-12-25 12:00,2025-12-05|2025-12-06|2025-12-07|2025-12-08|2025-12-09|2025-12-10|2025-12-11|2025-12-12|2025-12-13|2025-12-14|2025-12-15|2025-12-16|2025-12-17|2025-12-18|2025-12-19|2025-12-20|2025-12-21|2025-12-22|2025-12-23|2025-12-24,144
q4_3,S2,2025-12-26,0,highs-ipm,0.0545405410011881,1645.576821653359,4.547473508864641e-13,9.023892744153272e-13,20,2025-12-26 00:00,2025-12-26 00:00,2025-12-06|2025-12-07|2025-12-08|2025-12-09|2025-12-10|2025-12-11|2025-12-12|2025-12-13|2025-12-14|2025-12-15|2025-12-16|2025-12-17|2025-12-18|2025-12-19|2025-12-20|2025-12-21|2025-12-22|2025-12-23|2025-12-24|2025-12-25,144
q4_3,S2,2025-12-26,6,highs-ipm,0.0673904159993981,9515.533272127774,4.547473508864641e-13,7.958078640513122e-13,20,2025-12-26 06:00,2025-12-26 06:00,2025-12-06|2025-12-07|2025-12-08|2025-12-09|2025-12-10|2025-12-11|2025-12-12|2025-12-13|2025-12-14|2025-12-15|2025-12-16|2025-12-17|2025-12-18|2025-12-19|2025-12-20|2025-12-21|2025-12-22|2025-12-23|2025-12-24|2025-12-25,144
q4_3,S2,2025-12-26,12,highs-ipm,0.06780833400262054,13205.928424603913,4.547473508864641e-13,9.094947017729282e-13,20,2025-12-26 12:00,2025-12-26 12:00,2025-12-06|2025-12-07|2025-12-08|2025-12-09|2025-12-10|2025-12-11|2025-12-12|2025-12-13|2025-12-14|2025-12-15|2025-12-16|2025-12-17|2025-12-18|2025-12-19|2025-12-20|2025-12-21|2025-12-22|2025-12-23|2025-12-24|2025-12-25,144
q4_3,S2,2025-12-27,0,highs-ipm,0.05757383400487015,1761.806832610038,2.2737367544323206e-13,9.094947017729282e-13,20,2025-12-27 00:00,2025-12-27 00:00,2025-12-07|2025-12-08|2025-12-09|2025-12-10|2025-12-11|2025-12-12|2025-12-13|2025-12-14|2025-12-15|2025-12-16|2025-12-17|2025-12-18|2025-12-19|2025-12-20|2025-12-21|2025-12-22|2025-12-23|2025-12-24|2025-12-25|2025-12-26,144
q4_3,S2,2025-12-27,6,highs-ipm,0.0663916249977774,13611.889213813554,2.2737367544323206e-13,9.094947017729282e-13,20,2025-12-27 06:00,2025-12-27 06:00,2025-12-07|2025-12-08|2025-12-09|2025-12-10|2025-12-11|2025-12-12|2025-12-13|2025-12-14|2025-12-15|2025-12-16|2025-12-17|2025-12-18|2025-12-19|2025-12-20|2025-12-21|2025-12-22|2025-12-23|2025-12-24|2025-12-25|2025-12-26,144
q4_3,S2,2025-12-27,12,highs-ipm,0.0702234580021468,35369.28579531344,2.2737367544323206e-13,9.094947017729282e-13,20,2025-12-27 12:00,2025-12-27 12:00,2025-12-07|2025-12-08|2025-12-09|2025-12-10|2025-12-11|2025-12-12|2025-12-13|2025-12-14|2025-12-15|2025-12-16|2025-12-17|2025-12-18|2025-12-19|2025-12-20|2025-12-21|2025-12-22|2025-12-23|2025-12-24|2025-12-25|2025-12-26,144
q4_3,S2,2025-12-28,0,highs-ipm,0.05513658299605595,2761.473183733278,2.2737367544323206e-13,9.094947017729282e-13,20,2025-12-28 00:00,2025-12-28 00:00,2025-12-08|2025-12-09|2025-12-10|2025-12-11|2025-12-12|2025-12-13|2025-12-14|2025-12-15|2025-12-16|2025-12-17|2025-12-18|2025-12-19|2025-12-20|2025-12-21|2025-12-22|2025-12-23|2025-12-24|2025-12-25|2025-12-26|2025-12-27,144
q4_3,S2,2025-12-28,6,highs-ipm,0.07541091699386016,13951.989126648223,1.1368683772161603e-13,9.094947017729282e-13,20,2025-12-28 06:00,2025-12-28 06:00,2025-12-08|2025-12-09|2025-12-10|2025-12-11|2025-12-12|2025-12-13|2025-12-14|2025-12-15|2025-12-16|2025-12-17|2025-12-18|2025-12-19|2025-12-20|2025-12-21|2025-12-22|2025-12-23|2025-12-24|2025-12-25|2025-12-26|2025-12-27,144
q4_3,S2,2025-12-28,12,highs-ipm,0.0693254169964348,35473.46290218995,2.2737367544323206e-13,9.094947017729282e-13,20,2025-12-28 12:00,2025-12-28 12:00,2025-12-08|2025-12-09|2025-12-10|2025-12-11|2025-12-12|2025-12-13|2025-12-14|2025-12-15|2025-12-16|2025-12-17|2025-12-18|2025-12-19|2025-12-20|2025-12-21|2025-12-22|2025-12-23|2025-12-24|2025-12-25|2025-12-26|2025-12-27,144
q4_3,S2,2025-12-29,0,highs-ipm,0.056850708002457395,2780.135720965261,1.1368683772161603e-13,9.094947017729282e-13,20,2025-12-29 00:00,2025-12-29 00:00,2025-12-09|2025-12-10|2025-12-11|2025-12-12|2025-12-13|2025-12-14|2025-12-15|2025-12-16|2025-12-17|2025-12-18|2025-12-19|2025-12-20|2025-12-21|2025-12-22|2025-12-23|2025-12-24|2025-12-25|2025-12-26|2025-12-27|2025-12-28,144
q4_3,S2,2025-12-29,6,highs-ipm,0.07433554199815262,16678.947270502384,1.1368683772161603e-13,8.86846152070575e-13,20,2025-12-29 06:00,2025-12-29 06:00,2025-12-09|2025-12-10|2025-12-11|2025-12-12|2025-12-13|2025-12-14|2025-12-15|2025-12-16|2025-12-17|2025-12-18|2025-12-19|2025-12-20|2025-12-21|2025-12-22|2025-12-23|2025-12-24|2025-12-25|2025-12-26|2025-12-27|2025-12-28,144
q4_3,S2,2025-12-29,12,highs-ipm,0.07137995900120586,39372.1743355168,1.1368683772161603e-13,9.094947017729282e-13,20,2025-12-29 12:00,2025-12-29 12:00,2025-12-09|2025-12-10|2025-12-11|2025-12-12|2025-12-13|2025-12-14|2025-12-15|2025-12-16|2025-12-17|2025-12-18|2025-12-19|2025-12-20|2025-12-21|2025-12-22|2025-12-23|2025-12-24|2025-12-25|2025-12-26|2025-12-27|2025-12-28,144
q4_3,S2,2025-12-30,0,highs-ipm,0.053947583997796755,2783.6852000896674,2.2737367544323206e-13,9.094947017729282e-13,20,2025-12-30 00:00,2025-12-30 00:00,2025-12-10|2025-12-11|2025-12-12|2025-12-13|2025-12-14|2025-12-15|2025-12-16|2025-12-17|2025-12-18|2025-12-19|2025-12-20|2025-12-21|2025-12-22|2025-12-23|2025-12-24|2025-12-25|2025-12-26|2025-12-27|2025-12-28|2025-12-29,144
q4_3,S2,2025-12-30,6,highs-ipm,0.07319600000482751,14841.273000324674,2.2737367544323206e-13,9.094947017729282e-13,20,2025-12-30 06:00,2025-12-30 06:00,2025-12-10|2025-12-11|2025-12-12|2025-12-13|2025-12-14|2025-12-15|2025-12-16|2025-12-17|2025-12-18|2025-12-19|2025-12-20|2025-12-21|2025-12-22|2025-12-23|2025-12-24|2025-12-25|2025-12-26|2025-12-27|2025-12-28|2025-12-29,144
q4_3,S2,2025-12-30,12,highs-ipm,0.06944091699551791,36800.78150709037,2.2737367544323206e-13,9.094947017729282e-13,20,2025-12-30 12:00,2025-12-30 12:00,2025-12-10|2025-12-11|2025-12-12|2025-12-13|2025-12-14|2025-12-15|2025-12-16|2025-12-17|2025-12-18|2025-12-19|2025-12-20|2025-12-21|2025-12-22|2025-12-23|2025-12-24|2025-12-25|2025-12-26|2025-12-27|2025-12-28|2025-12-29,144
q4_3,S2,2025-12-31,0,highs-ipm,0.053225666997605,2729.945797315522,2.2737367544323206e-13,7.958078640513122e-13,20,2025-12-31 00:00,2025-12-31 00:00,2025-12-11|2025-12-12|2025-12-13|2025-12-14|2025-12-15|2025-12-16|2025-12-17|2025-12-18|2025-12-19|2025-12-20|2025-12-21|2025-12-22|2025-12-23|2025-12-24|2025-12-25|2025-12-26|2025-12-27|2025-12-28|2025-12-29|2025-12-30,144
q4_3,S2,2025-12-31,6,highs-ipm,0.051134957997419406,748.3261325163467,2.2737367544323206e-13,9.094947017729282e-13,20,2025-12-31 06:00,2025-12-31 06:00,2025-12-11|2025-12-12|2025-12-13|2025-12-14|2025-12-15|2025-12-16|2025-12-17|2025-12-18|2025-12-19|2025-12-20|2025-12-21|2025-12-22|2025-12-23|2025-12-24|2025-12-25|2025-12-26|2025-12-27|2025-12-28|2025-12-29|2025-12-30,108
q4_3,S2,2025-12-31,12,highs-ipm,0.03208991599967703,598.4290486131737,1.1368683772161603e-13,8.384404281969182e-13,20,2025-12-31 12:00,2025-12-31 12:00,2025-12-11|2025-12-12|2025-12-13|2025-12-14|2025-12-15|2025-12-16|2025-12-17|2025-12-18|2025-12-19|2025-12-20|2025-12-21|2025-12-22|2025-12-23|2025-12-24|2025-12-25|2025-12-26|2025-12-27|2025-12-28|2025-12-29|2025-12-30,72
