date,issue_hour,seconds,objective,horizon_intervals,scenarios,variables,history_dates,latest_observation,decision_time,max_soc_residual,max_balance_residual,status,success,message,iterations,lp_residual
2025-02-01,0,0.04751412500081642,1311.3621282289052,144,20,3746,2025-01-12|2025-01-13|2025-01-14|2025-01-15|2025-01-16|2025-01-17|2025-01-18|2025-01-19|2025-01-20|2025-01-21|2025-01-22|2025-01-23|2025-01-24|2025-01-25|2025-01-26|2025-01-27|2025-01-28|2025-01-29|2025-01-30|2025-01-31,2025-02-01 00:00,2025-02-01 00:00,9.094947017729282e-13,6.821210263296962e-13,0,True,Optimization terminated successfully. (HiGHS Status 7: Optimal),720,6.963318810448982e-13
2025-02-01,6,0.030732250001165085,-493.31888494828405,108,20,2810,2025-01-12|2025-01-13|2025-01-14|2025-01-15|2025-01-16|2025-01-17|2025-01-18|2025-01-19|2025-01-20|2025-01-21|2025-01-22|2025-01-23|2025-01-24|2025-01-25|2025-01-26|2025-01-27|2025-01-28|2025-01-29|2025-01-30|2025-01-31,2025-02-01 06:00,2025-02-01 06:00,8.810729923425242e-13,3.410605131648481e-13,0,True,Optimization terminated successfully. (HiGHS Status 7: Optimal),484,3.979039320256561e-13
2025-02-01,12,0.03574941599981685,12290.979601283125,108,20,2810,2025-01-12|2025-01-13|2025-01-14|2025-01-15|2025-01-16|2025-01-17|2025-01-18|2025-01-19|2025-01-20|2025-01-21|2025-01-22|2025-01-23|2025-01-24|2025-01-25|2025-01-26|2025-01-27|2025-01-28|2025-01-29|2025-01-30|2025-01-31,2025-02-01 12:00,2025-02-01 12:00,8.526512829121202e-13,3.410605131648481e-13,0,True,Optimization terminated successfully. (HiGHS Status 7: Optimal),601,3.979039320256561e-13
2025-02-01,18,0.04034549999960291,31022.170320741472,108,20,2810,2025-01-12|2025-01-13|2025-01-14|2025-01-15|2025-01-16|2025-01-17|2025-01-18|2025-01-19|2025-01-20|2025-01-21|2025-01-22|2025-01-23|2025-01-24|2025-01-25|2025-01-26|2025-01-27|2025-01-28|2025-01-29|2025-01-30|2025-01-31,2025-02-01 18:00,2025-02-01 18:00,9.094947017729282e-13,3.410605131648481e-13,0,True,Optimization terminated successfully. (HiGHS Status 7: Optimal),649,3.979039320256561e-13
2025-02-02,0,0.05043091700099467,2484.4116121123657,144,20,3746,2025-01-13|2025-01-14|2025-01-15|2025-01-16|2025-01-17|2025-01-18|2025-01-19|2025-01-20|2025-01-21|2025-01-22|2025-01-23|2025-01-24|2025-01-25|2025-01-26|2025-01-27|2025-01-28|2025-01-29|2025-01-30|2025-01-31|2025-02-01,2025-02-02 00:00,2025-02-02 00:00,9.094947017729282e-13,2.2737367544323206e-13,0,True,Optimization terminated successfully. (HiGHS Status 7: Optimal),778,2.2737367544323206e-13
2025-02-02,6,0.03688404200147488,-82.51045295218331,108,20,2810,2025-01-13|2025-01-14|2025-01-15|2025-01-16|2025-01-17|2025-01-18|2025-01-19|2025-01-20|2025-01-21|2025-01-22|2025-01-23|2025-01-24|2025-01-25|2025-01-26|2025-01-27|2025-01-28|2025-01-29|2025-01-30|2025-01-31|2025-02-01,2025-02-02 06:00,2025-02-02 06:00,9.094947017729282e-13,2.2737367544323206e-13,0,True,Optimization terminated successfully. (HiGHS Status 7: Optimal),608,2.2737367544323206e-13
2025-02-02,12,0.03585366699917358,12237.26859840096,108,20,2810,2025-01-13|2025-01-14|2025-01-15|2025-01-16|2025-01-17|2025-01-18|2025-01-19|2025-01-20|2025-01-21|2025-01-22|2025-01-23|2025-01-24|2025-01-25|2025-01-26|2025-01-27|2025-01-28|2025-01-29|2025-01-30|2025-01-31|2025-02-01,2025-02-02 12:00,2025-02-02 12:00,8.526512829121202e-13,2.2737367544323206e-13,0,True,Optimization terminated successfully. (HiGHS Status 7: Optimal),686,2.2737367544323206e-13
2025-02-02,18,0.03629462499884539,31702.952132220766,108,20,2810,2025-01-13|2025-01-14|2025-01-15|2025-01-16|2025-01-17|2025-01-18|2025-01-19|2025-01-20|2025-01-21|2025-01-22|2025-01-23|2025-01-24|2025-01-25|2025-01-26|2025-01-27|2025-01-28|2025-01-29|2025-01-30|2025-01-31|2025-02-01,2025-02-02 18:00,2025-02-02 18:00,7.958078640513122e-13,3.979039320256561e-13,0,True,Optimization terminated successfully. (HiGHS Status 7: Optimal),658,3.410605131648481e-13
2025-02-03,0,0.05106845799855364,2464.371060211084,144,20,3746,2025-01-14|2025-01-15|2025-01-16|2025-01-17|2025-01-18|2025-01-19|2025-01-20|2025-01-21|2025-01-22|2025-01-23|2025-01-24|2025-01-25|2025-01-26|2025-01-27|2025-01-28|2025-01-29|2025-01-30|2025-01-31|2025-02-01|2025-02-02,2025-02-03 00:00,2025-02-03 00:00,9.094947017729282e-13,2.2737367544323206e-13,0,True,Optimization terminated successfully. (HiGHS Status 7: Optimal),791,2.2737367544323206e-13
2025-02-03,6,0.03481550000105926,-1032.4626911623757,108,20,2810,2025-01-14|2025-01-15|2025-01-16|2025-01-17|2025-01-18|2025-01-19|2025-01-20|2025-01-21|2025-01-22|2025-01-23|2025-01-24|2025-01-25|2025-01-26|2025-01-27|2025-01-28|2025-01-29|2025-01-30|2025-01-31|2025-02-01|2025-02-02,2025-02-03 06:00,2025-02-03 06:00,9.663381206337363e-13,2.842170943040401e-14,0,True,Optimization terminated successfully. (HiGHS Status 7: Optimal),620,2.2737367544323206e-13
2025-02-03,12,0.036557167000864865,11145.449953457017,108,20,2810,2025-01-14|2025-01-15|2025-01-16|2025-01-17|2025-01-18|2025-01-19|2025-01-20|2025-01-21|2025-01-22|2025-01-23|2025-01-24|2025-01-25|2025-01-26|2025-01-27|2025-01-28|2025-01-29|2025-01-30|2025-01-31|2025-02-01|2025-02-02,2025-02-03 12:00,2025-02-03 12:00,9.094947017729282e-13,2.2737367544323206e-13,0,True,Optimization terminated successfully. (HiGHS Status 7: Optimal),637,2.2737367544323206e-13
2025-02-03,18,0.03486120799971104,35112.565119825835,108,20,2810,2025-01-14|2025-01-15|2025-01-16|2025-01-17|2025-01-18|2025-01-19|2025-01-20|2025-01-21|2025-01-22|2025-01-23|2025-01-24|2025-01-25|2025-01-26|2025-01-27|2025-01-28|2025-01-29|2025-01-30|2025-01-31|2025-02-01|2025-02-02,2025-02-03 18:00,2025-02-03 18:00,7.958078640513122e-13,2.2737367544323206e-13,0,True,Optimization terminated successfully. (HiGHS Status 7: Optimal),658,1.1368683772161603e-13
2025-02-04,0,0.04853108299903397,2436.5020687188758,144,20,3746,2025-01-15|2025-01-16|2025-01-17|2025-01-18|2025-01-19|2025-01-20|2025-01-21|2025-01-22|2025-01-23|2025-01-24|2025-01-25|2025-01-26|2025-01-27|2025-01-28|2025-01-29|2025-01-30|2025-01-31|2025-02-01|2025-02-02|2025-02-03,2025-02-04 00:00,2025-02-04 00:00,7.958078640513122e-13,7.958078640513122e-13,0,True,Optimization terminated successfully. (HiGHS Status 7: Optimal),790,7.958078640513122e-13
2025-02-04,6,0.03455450000001292,-538.2600761786965,108,20,2810,2025-01-15|2025-01-16|2025-01-17|2025-01-18|2025-01-19|2025-01-20|2025-01-21|2025-01-22|2025-01-23|2025-01-24|2025-01-25|2025-01-26|2025-01-27|2025-01-28|2025-01-29|2025-01-30|2025-01-31|2025-02-01|2025-02-02|2025-02-03,2025-02-04 06:00,2025-02-04 06:00,9.094947017729282e-13,2.2737367544323206e-13,0,True,Optimization terminated successfully. (HiGHS Status 7: Optimal),636,1.1368683772161603e-13
2025-02-04,12,0.03308325000034529,10483.00295395528,108,20,2810,2025-01-15|2025-01-16|2025-01-17|2025-01-18|2025-01-19|2025-01-20|2025-01-21|2025-01-22|2025-01-23|2025-01-24|2025-01-25|2025-01-26|2025-01-27|2025-01-28|2025-01-29|2025-01-30|2025-01-31|2025-02-01|2025-02-02|2025-02-03,2025-02-04 12:00,2025-02-04 12:00,9.663381206337363e-13,2.2737367544323206e-13,0,True,Optimization terminated successfully. (HiGHS Status 7: Optimal),642,1.1368683772161603e-13
2025-02-04,18,0.03746987500016985,34351.59156638373,108,20,2810,2025-01-15|2025-01-16|2025-01-17|2025-01-18|2025-01-19|2025-01-20|2025-01-21|2025-01-22|2025-01-23|2025-01-24|2025-01-25|2025-01-26|2025-01-27|2025-01-28|2025-01-29|2025-01-30|2025-01-31|2025-02-01|2025-02-02|2025-02-03,2025-02-04 18:00,2025-02-04 18:00,1.0231815394945443e-12,2.2737367544323206e-13,0,True,Optimization terminated successfully. (HiGHS Status 7: Optimal),667,1.1368683772161603e-13
2025-02-05,0,0.051105958000334795,2286.7073972920402,144,20,3746,2025-01-16|2025-01-17|2025-01-18|2025-01-19|2025-01-20|2025-01-21|2025-01-22|2025-01-23|2025-01-24|2025-01-25|2025-01-26|2025-01-27|2025-01-28|2025-01-29|2025-01-30|2025-01-31|2025-02-01|2025-02-02|2025-02-03|2025-02-04,2025-02-05 00:00,2025-02-05 00:00,9.094947017729282e-13,1.1368683772161603e-13,0,True,Optimization terminated successfully. (HiGHS Status 7: Optimal),803,1.1368683772161603e-13
2025-02-05,6,0.0428028339993034,2013.704561850878,108,20,2810,2025-01-16|2025-01-17|2025-01-18|2025-01-19|2025-01-20|2025-01-21|2025-01-22|2025-01-23|2025-01-24|2025-01-25|2025-01-26|2025-01-27|2025-01-28|2025-01-29|2025-01-30|2025-01-31|2025-02-01|2025-02-02|2025-02-03|2025-02-04,2025-02-05 06:00,2025-02-05 06:00,8.526512829121202e-13,1.1368683772161603e-13,0,True,Optimization terminated successfully. (HiGHS Status 7: Optimal),755,1.1368683772161603e-13
2025-02-05,12,0.03887129100075981,12190.239436850541,108,20,2810,2025-01-16|2025-01-17|2025-01-18|2025-01-19|2025-01-20|2025-01-21|2025-01-22|2025-01-23|2025-01-24|2025-01-25|2025-01-26|2025-01-27|2025-01-28|2025-01-29|2025-01-30|2025-01-31|2025-02-01|2025-02-02|2025-02-03|2025-02-04,2025-02-05 12:00,2025-02-05 12:00,9.094947017729282e-13,1.1368683772161603e-13,0,True,Optimization terminated successfully. (HiGHS Status 7: Optimal),641,1.1368683772161603e-13
2025-02-05,18,0.048648916999809444,32703.878446049526,108,20,2810,2025-01-16|2025-01-17|2025-01-18|2025-01-19|2025-01-20|2025-01-21|2025-01-22|2025-01-23|2025-01-24|2025-01-25|2025-01-26|2025-01-27|2025-01-28|2025-01-29|2025-01-30|2025-01-31|2025-02-01|2025-02-02|2025-02-03|2025-02-04,2025-02-05 18:00,2025-02-05 18:00,9.094947017729282e-13,0.0,0,True,Optimization terminated successfully. (HiGHS Status 7: Optimal),661,1.1368683772161603e-13
2025-02-06,0,0.08007566699961899,2324.453537866249,144,20,3746,2025-01-17|2025-01-18|2025-01-19|2025-01-20|2025-01-21|2025-01-22|2025-01-23|2025-01-24|2025-01-25|2025-01-26|2025-01-27|2025-01-28|2025-01-29|2025-01-30|2025-01-31|2025-02-01|2025-02-02|2025-02-03|2025-02-04|2025-02-05,2025-02-06 00:00,2025-02-06 00:00,9.094947017729282e-13,2.2737367544323206e-13,0,True,Optimization terminated successfully. (HiGHS Status 7: Optimal),797,3.410605131648481e-13
2025-02-06,6,0.05432341699997778,-1020.5427571827299,108,20,2810,2025-01-17|2025-01-18|2025-01-19|2025-01-20|2025-01-21|2025-01-22|2025-01-23|2025-01-24|2025-01-25|2025-01-26|2025-01-27|2025-01-28|2025-01-29|2025-01-30|2025-01-31|2025-02-01|2025-02-02|2025-02-03|2025-02-04|2025-02-05,2025-02-06 06:00,2025-02-06 06:00,8.588685318500211e-13,5.684341886080802e-14,0,True,Optimization terminated successfully. (HiGHS Status 7: Optimal),600,1.1368683772161603e-13
2025-02-06,12,0.05304558299940254,5297.804043724322,108,20,2810,2025-01-17|2025-01-18|2025-01-19|2025-01-20|2025-01-21|2025-01-22|2025-01-23|2025-01-24|2025-01-25|2025-01-26|2025-01-27|2025-01-28|2025-01-29|2025-01-30|2025-01-31|2025-02-01|2025-02-02|2025-02-03|2025-02-04|2025-02-05,2025-02-06 12:00,2025-02-06 12:00,9.094947017729282e-13,0.0,0,True,Optimization terminated successfully. (HiGHS Status 7: Optimal),613,1.1368683772161603e-13
2025-02-06,18,0.0586221250014205,10962.027640542297,108,20,2810,2025-01-17|2025-01-18|2025-01-19|2025-01-20|2025-01-21|2025-01-22|2025-01-23|2025-01-24|2025-01-25|2025-01-26|2025-01-27|2025-01-28|2025-01-29|2025-01-30|2025-01-31|2025-02-01|2025-02-02|2025-02-03|2025-02-04|2025-02-05,2025-02-06 18:00,2025-02-06 18:00,7.958078640513122e-13,1.1368683772161603e-13,0,True,Optimization terminated successfully. (HiGHS Status 7: Optimal),616,1.1368683772161603e-13
2025-02-07,0,0.07472625000082189,1263.131250821698,144,20,3746,2025-01-18|2025-01-19|2025-01-20|2025-01-21|2025-01-22|2025-01-23|2025-01-24|2025-01-25|2025-01-26|2025-01-27|2025-01-28|2025-01-29|2025-01-30|2025-01-31|2025-02-01|2025-02-02|2025-02-03|2025-02-04|2025-02-05|2025-02-06,2025-02-07 00:00,2025-02-07 00:00,7.958078640513122e-13,6.252776074688882e-13,0,True,Optimization terminated successfully. (HiGHS Status 7: Optimal),711,6.821210263296962e-13
2025-02-07,6,0.05401829199945496,211.35364478053458,108,20,2810,2025-01-18|2025-01-19|2025-01-20|2025-01-21|2025-01-22|2025-01-23|2025-01-24|2025-01-25|2025-01-26|2025-01-27|2025-01-28|2025-01-29|2025-01-30|2025-01-31|2025-02-01|2025-02-02|2025-02-03|2025-02-04|2025-02-05|2025-02-06,2025-02-07 06:00,2025-02-07 06:00,8.242295734817162e-13,6.252776074688882e-13,0,True,Optimization terminated successfully. (HiGHS Status 7: Optimal),509,6.821210263296962e-13
2025-02-07,12,0.05485608300114109,6431.164325184423,108,20,2810,2025-01-18|2025-01-19|2025-01-20|2025-01-21|2025-01-22|2025-01-23|2025-01-24|2025-01-25|2025-01-26|2025-01-27|2025-01-28|2025-01-29|2025-01-30|2025-01-31|2025-02-01|2025-02-02|2025-02-03|2025-02-04|2025-02-05|2025-02-06,2025-02-07 12:00,2025-02-07 12:00,9.094947017729282e-13,6.252776074688882e-13,0,True,Optimization terminated successfully. (HiGHS Status 7: Optimal),557,6.821210263296962e-13
2025-02-07,18,0.06086604199845169,10852.243554946308,108,20,2810,2025-01-18|2025-01-19|2025-01-20|2025-01-21|2025-01-22|2025-01-23|2025-01-24|2025-01-25|2025-01-26|2025-01-27|2025-01-28|2025-01-29|2025-01-30|2025-01-31|2025-02-01|2025-02-02|2025-02-03|2025-02-04|2025-02-05|2025-02-06,2025-02-07 18:00,2025-02-07 18:00,9.094947017729282e-13,5.684341886080802e-14,0,True,Optimization terminated successfully. (HiGHS Status 7: Optimal),584,1.1368683772161603e-13
2025-02-08,0,0.08068691700100317,1037.471183400423,144,20,3746,2025-01-19|2025-01-20|2025-01-21|2025-01-22|2025-01-23|2025-01-24|2025-01-25|2025-01-26|2025-01-27|2025-01-28|2025-01-29|2025-01-30|2025-01-31|2025-02-01|2025-02-02|2025-02-03|2025-02-04|2025-02-05|2025-02-06|2025-02-07,2025-02-08 00:00,2025-02-08 00:00,9.094947017729282e-13,1.1368683772161603e-13,0,True,Optimization terminated successfully. (HiGHS Status 7: Optimal),678,1.1368683772161603e-13
2025-02-08,6,0.07576895800048078,1619.4829715017115,108,20,2810,2025-01-19|2025-01-20|2025-01-21|2025-01-22|2025-01-23|2025-01-24|2025-01-25|2025-01-26|2025-01-27|2025-01-28|2025-01-29|2025-01-30|2025-01-31|2025-02-01|2025-02-02|2025-02-03|2025-02-04|2025-02-05|2025-02-06|2025-02-07,2025-02-08 06:00,2025-02-08 06:00,9.094947017729282e-13,1.1368683772161603e-13,0,True,Optimization terminated successfully. (HiGHS Status 7: Optimal),634,5.684341886080802e-14
2025-02-08,12,0.06030070900123974,12264.013327112107,108,20,2810,2025-01-19|2025-01-20|2025-01-21|2025-01-22|2025-01-23|2025-01-24|2025-01-25|2025-01-26|2025-01-27|2025-01-28|2025-01-29|2025-01-30|2025-01-31|2025-02-01|2025-02-02|2025-02-03|2025-02-04|2025-02-05|2025-02-06|2025-02-07,2025-02-08 12:00,2025-02-08 12:00,9.094947017729282e-13,1.1368683772161603e-13,0,True,Optimization terminated successfully. (HiGHS Status 7: Optimal),642,1.1368683772161603e-13
2025-02-08,18,0.05161683400001493,34489.36230152878,108,20,2810,2025-01-19|2025-01-20|2025-01-21|2025-01-22|2025-01-23|2025-01-24|2025-01-25|2025-01-26|2025-01-27|2025-01-28|2025-01-29|2025-01-30|2025-01-31|2025-02-01|2025-02-02|2025-02-03|2025-02-04|2025-02-05|2025-02-06|2025-02-07,2025-02-08 18:00,2025-02-08 18:00,9.094947017729282e-13,9.663381206337363e-13,0,True,Optimization terminated successfully. (HiGHS Status 7: Optimal),652,9.663381206337363e-13
2025-02-09,0,0.05336670900032914,2214.7361195917347,144,20,3746,2025-01-20|2025-01-21|2025-01-22|2025-01-23|2025-01-24|2025-01-25|2025-01-26|2025-01-27|2025-01-28|2025-01-29|2025-01-30|2025-01-31|2025-02-01|2025-02-02|2025-02-03|2025-02-04|2025-02-05|2025-02-06|2025-02-07|2025-02-08,2025-02-09 00:00,2025-02-09 00:00,9.094947017729282e-13,6.821210263296962e-13,0,True,Optimization terminated successfully. (HiGHS Status 7: Optimal),775,6.821210263296962e-13
2025-02-09,6,0.04295983299925865,858.614465053907,108,20,2810,2025-01-20|2025-01-21|2025-01-22|2025-01-23|2025-01-24|2025-01-25|2025-01-26|2025-01-27|2025-01-28|2025-01-29|2025-01-30|2025-01-31|2025-02-01|2025-02-02|2025-02-03|2025-02-04|2025-02-05|2025-02-06|2025-02-07|2025-02-08,2025-02-09 06:00,2025-02-09 06:00,9.023892744153272e-13,2.2737367544323206e-13,0,True,Optimization terminated successfully. (HiGHS Status 7: Optimal),670,2.2737367544323206e-13
2025-02-09,12,0.04083662499942875,11793.304600466412,108,20,2810,2025-01-20|2025-01-21|2025-01-22|2025-01-23|2025-01-24|2025-01-25|2025-01-26|2025-01-27|2025-01-28|2025-01-29|2025-01-30|2025-01-31|2025-02-01|2025-02-02|2025-02-03|2025-02-04|2025-02-05|2025-02-06|2025-02-07|2025-02-08,2025-02-09 12:00,2025-02-09 12:00,7.958078640513122e-13,2.2737367544323206e-13,0,True,Optimization terminated successfully. (HiGHS Status 7: Optimal),678,2.2737367544323206e-13
2025-02-09,18,0.039940458998898976,30984.21450451857,108,20,2810,2025-01-20|2025-01-21|2025-01-22|2025-01-23|2025-01-24|2025-01-25|2025-01-26|2025-01-27|2025-01-28|2025-01-29|2025-01-30|2025-01-31|2025-02-01|2025-02-02|2025-02-03|2025-02-04|2025-02-05|2025-02-06|2025-02-07|2025-02-08,2025-02-09 18:00,2025-02-09 18:00,7.958078640513122e-13,6.821210263296962e-13,0,True,Optimization terminated successfully. (HiGHS Status 7: Optimal),657,6.821210263296962e-13
2025-02-10,0,0.061189374999230495,2241.0127057306386,144,20,3746,2025-01-21|2025-01-22|2025-01-23|2025-01-24|2025-01-25|2025-01-26|2025-01-27|2025-01-28|2025-01-29|2025-01-30|2025-01-31|2025-02-01|2025-02-02|2025-02-03|2025-02-04|2025-02-05|2025-02-06|2025-02-07|2025-02-08|2025-02-09,2025-02-10 00:00,2025-02-10 00:00,9.094947017729282e-13,2.2737367544323206e-13,0,True,Optimization terminated successfully. (HiGHS Status 7: Optimal),786,3.410605131648481e-13
2025-02-10,6,0.04064841600120417,-2051.6519603521347,108,20,2810,2025-01-21|2025-01-22|2025-01-23|2025-01-24|2025-01-25|2025-01-26|2025-01-27|2025-01-28|2025-01-29|2025-01-30|2025-01-31|2025-02-01|2025-02-02|2025-02-03|2025-02-04|2025-02-05|2025-02-06|2025-02-07|2025-02-08|2025-02-09,2025-02-10 06:00,2025-02-10 06:00,8.313350008393172e-13,2.2737367544323206e-13,0,True,Optimization terminated successfully. (HiGHS Status 7: Optimal),598,2.2737367544323206e-13
2025-02-10,12,0.042984125000657514,11244.168805938341,108,20,2810,2025-01-21|2025-01-22|2025-01-23|2025-01-24|2025-01-25|2025-01-26|2025-01-27|2025-01-28|2025-01-29|2025-01-30|2025-01-31|2025-02-01|2025-02-02|2025-02-03|2025-02-04|2025-02-05|2025-02-06|2025-02-07|2025-02-08|2025-02-09,2025-02-10 12:00,2025-02-10 12:00,8.588685318500211e-13,2.2737367544323206e-13,0,True,Optimization terminated successfully. (HiGHS Status 7: Optimal),668,2.2737367544323206e-13
2025-02-10,18,0.04527850000158651,25902.743229103082,108,20,2810,2025-01-21|2025-01-22|2025-01-23|2025-01-24|2025-01-25|2025-01-26|2025-01-27|2025-01-28|2025-01-29|2025-01-30|2025-01-31|2025-02-01|2025-02-02|2025-02-03|2025-02-04|2025-02-05|2025-02-06|2025-02-07|2025-02-08|2025-02-09,2025-02-10 18:00,2025-02-10 18:00,7.958078640513122e-13,2.2737367544323206e-13,0,True,Optimization terminated successfully. (HiGHS Status 7: Optimal),642,2.2737367544323206e-13
2025-02-11,0,0.06394437500057393,2187.175127774485,144,20,3746,2025-01-22|2025-01-23|2025-01-24|2025-01-25|2025-01-26|2025-01-27|2025-01-28|2025-01-29|2025-01-30|2025-01-31|2025-02-01|2025-02-02|2025-02-03|2025-02-04|2025-02-05|2025-02-06|2025-02-07|2025-02-08|2025-02-09|2025-02-10,2025-02-11 00:00,2025-02-11 00:00,9.094947017729282e-13,5.684341886080801e-13,0,True,Optimization terminated successfully. (HiGHS Status 7: Optimal),778,5.684341886080801e-13
2025-02-11,6,0.0472580410005321,-841.9946614102766,108,20,2810,2025-01-22|2025-01-23|2025-01-24|2025-01-25|2025-01-26|2025-01-27|2025-01-28|2025-01-29|2025-01-30|2025-01-31|2025-02-01|2025-02-02|2025-02-03|2025-02-04|2025-02-05|2025-02-06|2025-02-07|2025-02-08|2025-02-09|2025-02-10,2025-02-11 06:00,2025-02-11 06:00,8.348877145181177e-13,2.2737367544323206e-13,0,True,Optimization terminated successfully. (HiGHS Status 7: Optimal),603,2.2737367544323206e-13
2025-02-11,12,0.051737792000494665,9652.394749113697,108,20,2810,2025-01-22|2025-01-23|2025-01-24|2025-01-25|2025-01-26|2025-01-27|2025-01-28|2025-01-29|2025-01-30|2025-01-31|2025-02-01|2025-02-02|2025-02-03|2025-02-04|2025-02-05|2025-02-06|2025-02-07|2025-02-08|2025-02-09|2025-02-10,2025-02-11 12:00,2025-02-11 12:00,8.526512829121202e-13,2.2737367544323206e-13,0,True,Optimization terminated successfully. (HiGHS Status 7: Optimal),654,2.2737367544323206e-13
2025-02-11,18,0.05145358300069347,33045.373594516,108,20,2810,2025-01-22|2025-01-23|2025-01-24|2025-01-25|2025-01-26|2025-01-27|2025-01-28|2025-01-29|2025-01-30|2025-01-31|2025-02-01|2025-02-02|2025-02-03|2025-02-04|2025-02-05|2025-02-06|2025-02-07|2025-02-08|2025-02-09|2025-02-10,2025-02-11 18:00,2025-02-11 18:00,7.958078640513122e-13,2.2737367544323206e-13,0,True,Optimization terminated successfully. (HiGHS Status 7: Optimal),661,2.2737367544323206e-13
2025-02-12,0,0.07113858299999265,2224.1339399466915,144,20,3746,2025-01-23|2025-01-24|2025-01-25|2025-01-26|2025-01-27|2025-01-28|2025-01-29|2025-01-30|2025-01-31|2025-02-01|2025-02-02|2025-02-03|2025-02-04|2025-02-05|2025-02-06|2025-02-07|2025-02-08|2025-02-09|2025-02-10|2025-02-11,2025-02-12 00:00,2025-02-12 00:00,9.094947017729282e-13,2.2737367544323206e-13,0,True,Optimization terminated successfully. (HiGHS Status 7: Optimal),786,3.410605131648481e-13
2025-02-12,6,0.04611095799918985,-1354.4981587635123,108,20,2810,2025-01-23|2025-01-24|2025-01-25|2025-01-26|2025-01-27|2025-01-28|2025-01-29|2025-01-30|2025-01-31|2025-02-01|2025-02-02|2025-02-03|2025-02-04|2025-02-05|2025-02-06|2025-02-07|2025-02-08|2025-02-09|2025-02-10|2025-02-11,2025-02-12 06:00,2025-02-12 06:00,9.094947017729282e-13,2.2737367544323206e-13,0,True,Optimization terminated successfully. (HiGHS Status 7: Optimal),578,3.410605131648481e-13
2025-02-12,12,0.043088708000141196,10926.475694508486,108,20,2810,2025-01-23|2025-01-24|2025-01-25|2025-01-26|2025-01-27|2025-01-28|2025-01-29|2025-01-30|2025-01-31|2025-02-01|2025-02-02|2025-02-03|2025-02-04|2025-02-05|2025-02-06|2025-02-07|2025-02-08|2025-02-09|2025-02-10|2025-02-11,2025-02-12 12:00,2025-02-12 12:00,9.094947017729282e-13,2.2737367544323206e-13,0,True,Optimization terminated successfully. (HiGHS Status 7: Optimal),649,3.410605131648481e-13
2025-02-12,18,0.042406874999869615,31169.232193520354,108,20,2810,2025-01-23|2025-01-24|2025-01-25|2025-01-26|2025-01-27|2025-01-28|2025-01-29|2025-01-30|2025-01-31|2025-02-01|2025-02-02|2025-02-03|2025-02-04|2025-02-05|2025-02-06|2025-02-07|2025-02-08|2025-02-09|2025-02-10|2025-02-11,2025-02-12 18:00,2025-02-12 18:00,7.958078640513122e-13,2.2737367544323206e-13,0,True,Optimization terminated successfully. (HiGHS Status 7: Optimal),653,3.410605131648481e-13
2025-02-13,0,0.057079958000031183,2001.6269615875128,144,20,3746,2025-01-24|2025-01-25|2025-01-26|2025-01-27|2025-01-28|2025-01-29|2025-01-30|2025-01-31|2025-02-01|2025-02-02|2025-02-03|2025-02-04|2025-02-05|2025-02-06|2025-02-07|2025-02-08|2025-02-09|2025-02-10|2025-02-11|2025-02-12,2025-02-13 00:00,2025-02-13 00:00,9.094947017729282e-13,7.958078640513122e-13,0,True,Optimization terminated successfully. (HiGHS Status 7: Optimal),758,7.958078640513122e-13
2025-02-13,6,0.0370634169994446,-830.0461501597172,108,20,2810,2025-01-24|2025-01-25|2025-01-26|2025-01-27|2025-01-28|2025-01-29|2025-01-30|2025-01-31|2025-02-01|2025-02-02|2025-02-03|2025-02-04|2025-02-05|2025-02-06|2025-02-07|2025-02-08|2025-02-09|2025-02-10|2025-02-11|2025-02-12,2025-02-13 06:00,2025-02-13 06:00,8.100187187665142e-13,1.1368683772161603e-13,0,True,Optimization terminated successfully. (HiGHS Status 7: Optimal),592,1.1368683772161603e-13
2025-02-13,12,0.04140895800082944,7406.248337579443,108,20,2810,2025-01-24|2025-01-25|2025-01-26|2025-01-27|2025-01-28|2025-01-29|2025-01-30|2025-01-31|2025-02-01|2025-02-02|2025-02-03|2025-02-04|2025-02-05|2025-02-06|2025-02-07|2025-02-08|2025-02-09|2025-02-10|2025-02-11|2025-02-12,2025-02-13 12:00,2025-02-13 12:00,9.094947017729282e-13,2.2737367544323206e-13,0,True,Optimization terminated successfully. (HiGHS Status 7: Optimal),675,1.1368683772161603e-13
2025-02-13,18,0.04232587499973306,10234.494456935612,108,20,2810,2025-01-24|2025-01-25|2025-01-26|2025-01-27|2025-01-28|2025-01-29|2025-01-30|2025-01-31|2025-02-01|2025-02-02|2025-02-03|2025-02-04|2025-02-05|2025-02-06|2025-02-07|2025-02-08|2025-02-09|2025-02-10|2025-02-11|2025-02-12,2025-02-13 18:00,2025-02-13 18:00,9.094947017729282e-13,2.2737367544323206e-13,0,True,Optimization terminated successfully. (HiGHS Status 7: Optimal),600,5.684341886080802e-14
2025-02-14,0,0.05773674999909417,982.2537803839565,144,20,3746,2025-01-25|2025-01-26|2025-01-27|2025-01-28|2025-01-29|2025-01-30|2025-01-31|2025-02-01|2025-02-02|2025-02-03|2025-02-04|2025-02-05|2025-02-06|2025-02-07|2025-02-08|2025-02-09|2025-02-10|2025-02-11|2025-02-12|2025-02-13,2025-02-14 00:00,2025-02-14 00:00,9.094947017729282e-13,1.1368683772161603e-13,0,True,Optimization terminated successfully. (HiGHS Status 7: Optimal),694,1.7053025658242404e-13
2025-02-14,6,0.03849920900029247,584.8340697892572,108,20,2810,2025-01-25|2025-01-26|2025-01-27|2025-01-28|2025-01-29|2025-01-30|2025-01-31|2025-02-01|2025-02-02|2025-02-03|2025-02-04|2025-02-05|2025-02-06|2025-02-07|2025-02-08|2025-02-09|2025-02-10|2025-02-11|2025-02-12|2025-02-13,2025-02-14 06:00,2025-02-14 06:00,9.094947017729282e-13,1.1368683772161603e-13,0,True,Optimization terminated successfully. (HiGHS Status 7: Optimal),496,1.1368683772161603e-13
2025-02-14,12,0.045595375000630156,7019.810955905171,108,20,2810,2025-01-25|2025-01-26|2025-01-27|2025-01-28|2025-01-29|2025-01-30|2025-01-31|2025-02-01|2025-02-02|2025-02-03|2025-02-04|2025-02-05|2025-02-06|2025-02-07|2025-02-08|2025-02-09|2025-02-10|2025-02-11|2025-02-12|2025-02-13,2025-02-14 12:00,2025-02-14 12:00,9.094947017729282e-13,5.684341886080802e-14,0,True,Optimization terminated successfully. (HiGHS Status 7: Optimal),622,1.1368683772161603e-13
2025-02-14,18,0.039975333000256796,7729.323351449047,108,20,2810,2025-01-25|2025-01-26|2025-01-27|2025-01-28|2025-01-29|2025-01-30|2025-01-31|2025-02-01|2025-02-02|2025-02-03|2025-02-04|2025-02-05|2025-02-06|2025-02-07|2025-02-08|2025-02-09|2025-02-10|2025-02-11|2025-02-12|2025-02-13,2025-02-14 18:00,2025-02-14 18:00,9.094947017729282e-13,1.8189894035458565e-12,0,True,Optimization terminated successfully. (HiGHS Status 7: Optimal),545,1.8189894035458565e-12
2025-02-15,0,0.05807700000150362,1059.9182100991502,144,20,3746,2025-01-26|2025-01-27|2025-01-28|2025-01-29|2025-01-30|2025-01-31|2025-02-01|2025-02-02|2025-02-03|2025-02-04|2025-02-05|2025-02-06|2025-02-07|2025-02-08|2025-02-09|2025-02-10|2025-02-11|2025-02-12|2025-02-13|2025-02-14,2025-02-15 00:00,2025-02-15 00:00,7.958078640513122e-13,1.1368683772161603e-13,0,True,Optimization terminated successfully. (HiGHS Status 7: Optimal),709,1.7053025658242404e-13
2025-02-15,6,0.03306187500129454,-117.71914101703236,108,20,2810,2025-01-26|2025-01-27|2025-01-28|2025-01-29|2025-01-30|2025-01-31|2025-02-01|2025-02-02|2025-02-03|2025-02-04|2025-02-05|2025-02-06|2025-02-07|2025-02-08|2025-02-09|2025-02-10|2025-02-11|2025-02-12|2025-02-13|2025-02-14,2025-02-15 06:00,2025-02-15 06:00,8.810729923425242e-13,5.684341886080802e-14,0,True,Optimization terminated successfully. (HiGHS Status 7: Optimal),428,1.7053025658242404e-13
2025-02-15,12,0.0395500409995293,11032.409710531218,108,20,2810,2025-01-26|2025-01-27|2025-01-28|2025-01-29|2025-01-30|2025-01-31|2025-02-01|2025-02-02|2025-02-03|2025-02-04|2025-02-05|2025-02-06|2025-02-07|2025-02-08|2025-02-09|2025-02-10|2025-02-11|2025-02-12|2025-02-13|2025-02-14,2025-02-15 12:00,2025-02-15 12:00,8.526512829121202e-13,5.684341886080802e-14,0,True,Optimization terminated successfully. (HiGHS Status 7: Optimal),576,1.7053025658242404e-13
2025-02-15,18,0.04221766699993168,26055.18276314032,108,20,2810,2025-01-26|2025-01-27|2025-01-28|2025-01-29|2025-01-30|2025-01-31|2025-02-01|2025-02-02|2025-02-03|2025-02-04|2025-02-05|2025-02-06|2025-02-07|2025-02-08|2025-02-09|2025-02-10|2025-02-11|2025-02-12|2025-02-13|2025-02-14,2025-02-15 18:00,2025-02-15 18:00,9.094947017729282e-13,5.684341886080802e-14,0,True,Optimization terminated successfully. (HiGHS Status 7: Optimal),639,1.7053025658242404e-13
2025-02-16,0,0.056576791999759735,2255.2125210753616,144,20,3746,2025-01-27|2025-01-28|2025-01-29|2025-01-30|2025-01-31|2025-02-01|2025-02-02|2025-02-03|2025-02-04|2025-02-05|2025-02-06|2025-02-07|2025-02-08|2025-02-09|2025-02-10|2025-02-11|2025-02-12|2025-02-13|2025-02-14|2025-02-15,2025-02-16 00:00,2025-02-16 00:00,9.094947017729282e-13,1.1368683772161603e-12,0,True,Optimization terminated successfully. (HiGHS Status 7: Optimal),788,1.1368683772161603e-12
2025-02-16,6,0.038315249999868684,-1986.9110342849217,108,20,2810,2025-01-27|2025-01-28|2025-01-29|2025-01-30|2025-01-31|2025-02-01|2025-02-02|2025-02-03|2025-02-04|2025-02-05|2025-02-06|2025-02-07|2025-02-08|2025-02-09|2025-02-10|2025-02-11|2025-02-12|2025-02-13|2025-02-14|2025-02-15,2025-02-16 06:00,2025-02-16 06:00,9.094947017729282e-13,1.1368683772161603e-13,0,True,Optimization terminated successfully. (HiGHS Status 7: Optimal),616,1.1368683772161603e-13
2025-02-16,12,0.04150608399868361,9357.399486454438,108,20,2810,2025-01-27|2025-01-28|2025-01-29|2025-01-30|2025-01-31|2025-02-01|2025-02-02|2025-02-03|2025-02-04|2025-02-05|2025-02-06|2025-02-07|2025-02-08|2025-02-09|2025-02-10|2025-02-11|2025-02-12|2025-02-13|2025-02-14|2025-02-15,2025-02-16 12:00,2025-02-16 12:00,9.094947017729282e-13,1.1368683772161603e-13,0,True,Optimization terminated successfully. (HiGHS Status 7: Optimal),648,1.1368683772161603e-13
2025-02-16,18,0.04294658299841103,22000.07527291139,108,20,2810,2025-01-27|2025-01-28|2025-01-29|2025-01-30|2025-01-31|2025-02-01|2025-02-02|2025-02-03|2025-02-04|2025-02-05|2025-02-06|2025-02-07|2025-02-08|2025-02-09|2025-02-10|2025-02-11|2025-02-12|2025-02-13|2025-02-14|2025-02-15,2025-02-16 18:00,2025-02-16 18:00,9.094947017729282e-13,1.1368683772161603e-13,0,True,Optimization terminated successfully. (HiGHS Status 7: Optimal),660,1.1368683772161603e-13
2025-02-17,0,0.057892458000424085,2214.800660985811,144,20,3746,2025-01-28|2025-01-29|2025-01-30|2025-01-31|2025-02-01|2025-02-02|2025-02-03|2025-02-04|2025-02-05|2025-02-06|2025-02-07|2025-02-08|2025-02-09|2025-02-10|2025-02-11|2025-02-12|2025-02-13|2025-02-14|2025-02-15|2025-02-16,2025-02-17 00:00,2025-02-17 00:00,7.958078640513122e-13,4.547473508864641e-13,0,True,Optimization terminated successfully. (HiGHS Status 7: Optimal),801,4.547473508864641e-13
2025-02-17,6,0.04111841699887009,-1818.2999526680967,108,20,2810,2025-01-28|2025-01-29|2025-01-30|2025-01-31|2025-02-01|2025-02-02|2025-02-03|2025-02-04|2025-02-05|2025-02-06|2025-02-07|2025-02-08|2025-02-09|2025-02-10|2025-02-11|2025-02-12|2025-02-13|2025-02-14|2025-02-15|2025-02-16,2025-02-17 06:00,2025-02-17 06:00,8.206768598029157e-13,1.1368683772161603e-13,0,True,Optimization terminated successfully. (HiGHS Status 7: Optimal),665,1.1368683772161603e-13
2025-02-17,12,0.03990633300054469,9881.61661425278,108,20,2810,2025-01-28|2025-01-29|2025-01-30|2025-01-31|2025-02-01|2025-02-02|2025-02-03|2025-02-04|2025-02-05|2025-02-06|2025-02-07|2025-02-08|2025-02-09|2025-02-10|2025-02-11|2025-02-12|2025-02-13|2025-02-14|2025-02-15|2025-02-16,2025-02-17 12:00,2025-02-17 12:00,7.744915819785092e-13,4.547473508864641e-13,0,True,Optimization terminated successfully. (HiGHS Status 7: Optimal),650,4.547473508864641e-13
2025-02-17,18,0.041872665999107994,21949.24088044977,108,20,2810,2025-01-28|2025-01-29|2025-01-30|2025-01-31|2025-02-01|2025-02-02|2025-02-03|2025-02-04|2025-02-05|2025-02-06|2025-02-07|2025-02-08|2025-02-09|2025-02-10|2025-02-11|2025-02-12|2025-02-13|2025-02-14|2025-02-15|2025-02-16,2025-02-17 18:00,2025-02-17 18:00,6.821210263296962e-13,4.547473508864641e-13,0,True,Optimization terminated successfully. (HiGHS Status 7: Optimal),659,4.547473508864641e-13
2025-02-18,0,0.05876837499999965,2281.763061544138,144,20,3746,2025-01-29|2025-01-30|2025-01-31|2025-02-01|2025-02-02|2025-02-03|2025-02-04|2025-02-05|2025-02-06|2025-02-07|2025-02-08|2025-02-09|2025-02-10|2025-02-11|2025-02-12|2025-02-13|2025-02-14|2025-02-15|2025-02-16|2025-02-17,2025-02-18 00:00,2025-02-18 00:00,8.633094239485217e-13,1.1368683772161603e-12,0,True,Optimization terminated successfully. (HiGHS Status 7: Optimal),801,1.1368683772161603e-12
2025-02-18,6,0.05140029099857202,2043.6764847492432,108,20,2810,2025-01-29|2025-01-30|2025-01-31|2025-02-01|2025-02-02|2025-02-03|2025-02-04|2025-02-05|2025-02-06|2025-02-07|2025-02-08|2025-02-09|2025-02-10|2025-02-11|2025-02-12|2025-02-13|2025-02-14|2025-02-15|2025-02-16|2025-02-17,2025-02-18 06:00,2025-02-18 06:00,9.094947017729282e-13,2.2737367544323206e-13,0,True,Optimization terminated successfully. (HiGHS Status 7: Optimal),760,3.410605131648481e-13
2025-02-18,12,0.049603000001297914,12405.405999696466,108,20,2810,2025-01-29|2025-01-30|2025-01-31|2025-02-01|2025-02-02|2025-02-03|2025-02-04|2025-02-05|2025-02-06|2025-02-07|2025-02-08|2025-02-09|2025-02-10|2025-02-11|2025-02-12|2025-02-13|2025-02-14|2025-02-15|2025-02-16|2025-02-17,2025-02-18 12:00,2025-02-18 12:00,9.094947017729282e-13,2.2737367544323206e-13,0,True,Optimization terminated successfully. (HiGHS Status 7: Optimal),771,3.410605131648481e-13
2025-02-18,18,0.04241195899885497,24882.205082554723,108,20,2810,2025-01-29|2025-01-30|2025-01-31|2025-02-01|2025-02-02|2025-02-03|2025-02-04|2025-02-05|2025-02-06|2025-02-07|2025-02-08|2025-02-09|2025-02-10|2025-02-11|2025-02-12|2025-02-13|2025-02-14|2025-02-15|2025-02-16|2025-02-17,2025-02-18 18:00,2025-02-18 18:00,9.094947017729282e-13,2.2737367544323206e-13,0,True,Optimization terminated successfully. (HiGHS Status 7: Optimal),667,3.410605131648481e-13
2025-02-19,0,0.05640941700039548,2400.143425350212,144,20,3746,2025-01-30|2025-01-31|2025-02-01|2025-02-02|2025-02-03|2025-02-04|2025-02-05|2025-02-06|2025-02-07|2025-02-08|2025-02-09|2025-02-10|2025-02-11|2025-02-12|2025-02-13|2025-02-14|2025-02-15|2025-02-16|2025-02-17|2025-02-18,2025-02-19 00:00,2025-02-19 00:00,9.094947017729282e-13,2.2737367544323206e-13,0,True,Optimization terminated successfully. (HiGHS Status 7: Optimal),770,2.2737367544323206e-13
2025-02-19,6,0.04302641699905507,1098.8769781536605,108,20,2810,2025-01-30|2025-01-31|2025-02-01|2025-02-02|2025-02-03|2025-02-04|2025-02-05|2025-02-06|2025-02-07|2025-02-08|2025-02-09|2025-02-10|2025-02-11|2025-02-12|2025-02-13|2025-02-14|2025-02-15|2025-02-16|2025-02-17|2025-02-18,2025-02-19 06:00,2025-02-19 06:00,9.094947017729282e-13,2.2737367544323206e-13,0,True,Optimization terminated successfully. (HiGHS Status 7: Optimal),668,1.1368683772161603e-13
2025-02-19,12,0.047532624999803375,12008.122196340533,108,20,2810,2025-01-30|2025-01-31|2025-02-01|2025-02-02|2025-02-03|2025-02-04|2025-02-05|2025-02-06|2025-02-07|2025-02-08|2025-02-09|2025-02-10|2025-02-11|2025-02-12|2025-02-13|2025-02-14|2025-02-15|2025-02-16|2025-02-17|2025-02-18,2025-02-19 12:00,2025-02-19 12:00,9.094947017729282e-13,2.2737367544323206e-13,0,True,Optimization terminated successfully. (HiGHS Status 7: Optimal),736,1.1368683772161603e-13
2025-02-19,18,0.043015582999942126,21742.606920581045,108,20,2810,2025-01-30|2025-01-31|2025-02-01|2025-02-02|2025-02-03|2025-02-04|2025-02-05|2025-02-06|2025-02-07|2025-02-08|2025-02-09|2025-02-10|2025-02-11|2025-02-12|2025-02-13|2025-02-14|2025-02-15|2025-02-16|2025-02-17|2025-02-18,2025-02-19 18:00,2025-02-19 18:00,9.094947017729282e-13,0.0,0,True,Optimization terminated successfully. (HiGHS Status 7: Optimal),652,1.1368683772161603e-13
2025-02-20,0,0.055576541999471374,2554.2341835472325,144,20,3746,2025-01-31|2025-02-01|2025-02-02|2025-02-03|2025-02-04|2025-02-05|2025-02-06|2025-02-07|2025-02-08|2025-02-09|2025-02-10|2025-02-11|2025-02-12|2025-02-13|2025-02-14|2025-02-15|2025-02-16|2025-02-17|2025-02-18|2025-02-19,2025-02-20 00:00,2025-02-20 00:00,1.0231815394945443e-12,2.2737367544323206e-13,0,True,Optimization terminated successfully. (HiGHS Status 7: Optimal),799,2.2737367544323206e-13
2025-02-20,6,0.04378783399988606,1784.6478448444736,108,20,2810,2025-01-31|2025-02-01|2025-02-02|2025-02-03|2025-02-04|2025-02-05|2025-02-06|2025-02-07|2025-02-08|2025-02-09|2025-02-10|2025-02-11|2025-02-12|2025-02-13|2025-02-14|2025-02-15|2025-02-16|2025-02-17|2025-02-18|2025-02-19,2025-02-20 06:00,2025-02-20 06:00,9.023892744153272e-13,3.410605131648481e-13,0,True,Optimization terminated successfully. (HiGHS Status 7: Optimal),724,1.1368683772161603e-13
2025-02-20,12,0.04190533300061361,6625.628184200211,108,20,2810,2025-01-31|2025-02-01|2025-02-02|2025-02-03|2025-02-04|2025-02-05|2025-02-06|2025-02-07|2025-02-08|2025-02-09|2025-02-10|2025-02-11|2025-02-12|2025-02-13|2025-02-14|2025-02-15|2025-02-16|2025-02-17|2025-02-18|2025-02-19,2025-02-20 12:00,2025-02-20 12:00,9.094947017729282e-13,1.1368683772161603e-13,0,True,Optimization terminated successfully. (HiGHS Status 7: Optimal),686,1.1368683772161603e-13
2025-02-20,18,0.03930875000150991,7526.268856990377,108,20,2810,2025-01-31|2025-02-01|2025-02-02|2025-02-03|2025-02-04|2025-02-05|2025-02-06|2025-02-07|2025-02-08|2025-02-09|2025-02-10|2025-02-11|2025-02-12|2025-02-13|2025-02-14|2025-02-15|2025-02-16|2025-02-17|2025-02-18|2025-02-19,2025-02-20 18:00,2025-02-20 18:00,6.821210263296962e-13,1.1368683772161603e-13,0,True,Optimization terminated successfully. (HiGHS Status 7: Optimal),533,1.1368683772161603e-13
2025-02-21,0,0.05250450000130513,653.5734746261462,144,20,3746,2025-02-01|2025-02-02|2025-02-03|2025-02-04|2025-02-05|2025-02-06|2025-02-07|2025-02-08|2025-02-09|2025-02-10|2025-02-11|2025-02-12|2025-02-13|2025-02-14|2025-02-15|2025-02-16|2025-02-17|2025-02-18|2025-02-19|2025-02-20,2025-02-21 00:00,2025-02-21 00:00,9.094947017729282e-13,7.958078640513122e-13,0,True,Optimization terminated successfully. (HiGHS Status 7: Optimal),659,8.526512829121202e-13
2025-02-21,6,0.03840404199945624,552.0331945449233,108,20,2810,2025-02-01|2025-02-02|2025-02-03|2025-02-04|2025-02-05|2025-02-06|2025-02-07|2025-02-08|2025-02-09|2025-02-10|2025-02-11|2025-02-12|2025-02-13|2025-02-14|2025-02-15|2025-02-16|2025-02-17|2025-02-18|2025-02-19|2025-02-20,2025-02-21 06:00,2025-02-21 06:00,8.739675649849232e-13,1.1368683772161603e-13,0,True,Optimization terminated successfully. (HiGHS Status 7: Optimal),504,1.1368683772161603e-13
2025-02-21,12,0.04128491600022244,6409.202674669399,108,20,2810,2025-02-01|2025-02-02|2025-02-03|2025-02-04|2025-02-05|2025-02-06|2025-02-07|2025-02-08|2025-02-09|2025-02-10|2025-02-11|2025-02-12|2025-02-13|2025-02-14|2025-02-15|2025-02-16|2025-02-17|2025-02-18|2025-02-19|2025-02-20,2025-02-21 12:00,2025-02-21 12:00,9.663381206337363e-13,5.684341886080802e-14,0,True,Optimization terminated successfully. (HiGHS Status 7: Optimal),587,1.1368683772161603e-13
2025-02-21,18,0.04255129099874466,8093.262043147056,108,20,2810,2025-02-01|2025-02-02|2025-02-03|2025-02-04|2025-02-05|2025-02-06|2025-02-07|2025-02-08|2025-02-09|2025-02-10|2025-02-11|2025-02-12|2025-02-13|2025-02-14|2025-02-15|2025-02-16|2025-02-17|2025-02-18|2025-02-19|2025-02-20,2025-02-21 18:00,2025-02-21 18:00,7.958078640513122e-13,1.0231815394945443e-12,0,True,Optimization terminated successfully. (HiGHS Status 7: Optimal),575,1.0800249583553523e-12
2025-02-22,0,0.06139229200016416,932.6981709060713,144,20,3746,2025-02-02|2025-02-03|2025-02-04|2025-02-05|2025-02-06|2025-02-07|2025-02-08|2025-02-09|2025-02-10|2025-02-11|2025-02-12|2025-02-13|2025-02-14|2025-02-15|2025-02-16|2025-02-17|2025-02-18|2025-02-19|2025-02-20|2025-02-21,2025-02-22 00:00,2025-02-22 00:00,7.958078640513122e-13,2.2737367544323206e-13,0,True,Optimization terminated successfully. (HiGHS Status 7: Optimal),713,2.8421709430404007e-13
2025-02-22,6,0.04129437499977939,968.0225165850194,108,20,2810,2025-02-02|2025-02-03|2025-02-04|2025-02-05|2025-02-06|2025-02-07|2025-02-08|2025-02-09|2025-02-10|2025-02-11|2025-02-12|2025-02-13|2025-02-14|2025-02-15|2025-02-16|2025-02-17|2025-02-18|2025-02-19|2025-02-20|2025-02-21,2025-02-22 06:00,2025-02-22 06:00,8.242295734817162e-13,1.1368683772161603e-13,0,True,Optimization terminated successfully. (HiGHS Status 7: Optimal),561,0.0
2025-02-22,12,0.04219162499975937,10741.083980344643,108,20,2810,2025-02-02|2025-02-03|2025-02-04|2025-02-05|2025-02-06|2025-02-07|2025-02-08|2025-02-09|2025-02-10|2025-02-11|2025-02-12|2025-02-13|2025-02-14|2025-02-15|2025-02-16|2025-02-17|2025-02-18|2025-02-19|2025-02-20|2025-02-21,2025-02-22 12:00,2025-02-22 12:00,8.810729923425242e-13,5.684341886080802e-14,0,True,Optimization terminated successfully. (HiGHS Status 7: Optimal),614,1.1368683772161603e-13
2025-02-22,18,0.045251916999404784,22888.256145024745,108,20,2810,2025-02-02|2025-02-03|2025-02-04|2025-02-05|2025-02-06|2025-02-07|2025-02-08|2025-02-09|2025-02-10|2025-02-11|2025-02-12|2025-02-13|2025-02-14|2025-02-15|2025-02-16|2025-02-17|2025-02-18|2025-02-19|2025-02-20|2025-02-21,2025-02-22 18:00,2025-02-22 18:00,7.958078640513122e-13,5.684341886080802e-14,0,True,Optimization terminated successfully. (HiGHS Status 7: Optimal),658,1.1368683772161603e-13
2025-02-23,0,0.05640350000066974,2197.925422928126,144,20,3746,2025-02-03|2025-02-04|2025-02-05|2025-02-06|2025-02-07|2025-02-08|2025-02-09|2025-02-10|2025-02-11|2025-02-12|2025-02-13|2025-02-14|2025-02-15|2025-02-16|2025-02-17|2025-02-18|2025-02-19|2025-02-20|2025-02-21|2025-02-22,2025-02-23 00:00,2025-02-23 00:00,9.094947017729282e-13,2.2737367544323206e-13,0,True,Optimization terminated successfully. (HiGHS Status 7: Optimal),802,3.410605131648481e-13
2025-02-23,6,0.04743416699966474,2646.5204091633977,108,20,2810,2025-02-03|2025-02-04|2025-02-05|2025-02-06|2025-02-07|2025-02-08|2025-02-09|2025-02-10|2025-02-11|2025-02-12|2025-02-13|2025-02-14|2025-02-15|2025-02-16|2025-02-17|2025-02-18|2025-02-19|2025-02-20|2025-02-21|2025-02-22,2025-02-23 06:00,2025-02-23 06:00,9.094947017729282e-13,2.2737367544323206e-13,0,True,Optimization terminated successfully. (HiGHS Status 7: Optimal),803,3.410605131648481e-13
2025-02-23,12,0.04165295900020283,9911.049661850098,108,20,2810,2025-02-03|2025-02-04|2025-02-05|2025-02-06|2025-02-07|2025-02-08|2025-02-09|2025-02-10|2025-02-11|2025-02-12|2025-02-13|2025-02-14|2025-02-15|2025-02-16|2025-02-17|2025-02-18|2025-02-19|2025-02-20|2025-02-21|2025-02-22,2025-02-23 12:00,2025-02-23 12:00,9.094947017729282e-13,2.2737367544323206e-13,0,True,Optimization terminated successfully. (HiGHS Status 7: Optimal),667,3.410605131648481e-13
2025-02-23,18,0.036161125000944594,23028.04019678793,108,20,2810,2025-02-03|2025-02-04|2025-02-05|2025-02-06|2025-02-07|2025-02-08|2025-02-09|2025-02-10|2025-02-11|2025-02-12|2025-02-13|2025-02-14|2025-02-15|2025-02-16|2025-02-17|2025-02-18|2025-02-19|2025-02-20|2025-02-21|2025-02-22,2025-02-23 18:00,2025-02-23 18:00,7.958078640513122e-13,2.2737367544323206e-13,0,True,Optimization terminated successfully. (HiGHS Status 7: Optimal),657,3.410605131648481e-13
2025-02-24,0,0.05517837499974121,1827.4696431311424,144,20,3746,2025-02-04|2025-02-05|2025-02-06|2025-02-07|2025-02-08|2025-02-09|2025-02-10|2025-02-11|2025-02-12|2025-02-13|2025-02-14|2025-02-15|2025-02-16|2025-02-17|2025-02-18|2025-02-19|2025-02-20|2025-02-21|2025-02-22|2025-02-23,2025-02-24 00:00,2025-02-24 00:00,9.094947017729282e-13,2.2737367544323206e-13,0,True,Optimization terminated successfully. (HiGHS Status 7: Optimal),798,3.410605131648481e-13
2025-02-24,6,0.048757249998743646,2184.6627147303457,108,20,2810,2025-02-04|2025-02-05|2025-02-06|2025-02-07|2025-02-08|2025-02-09|2025-02-10|2025-02-11|2025-02-12|2025-02-13|2025-02-14|2025-02-15|2025-02-16|2025-02-17|2025-02-18|2025-02-19|2025-02-20|2025-02-21|2025-02-22|2025-02-23,2025-02-24 06:00,2025-02-24 06:00,8.526512829121202e-13,2.2737367544323206e-13,0,True,Optimization terminated successfully. (HiGHS Status 7: Optimal),730,2.2737367544323206e-13
2025-02-24,12,0.04025391599861905,11104.3091095857,108,20,2810,2025-02-04|2025-02-05|2025-02-06|2025-02-07|2025-02-08|2025-02-09|2025-02-10|2025-02-11|2025-02-12|2025-02-13|2025-02-14|2025-02-15|2025-02-16|2025-02-17|2025-02-18|2025-02-19|2025-02-20|2025-02-21|2025-02-22|2025-02-23,2025-02-24 12:00,2025-02-24 12:00,9.094947017729282e-13,1.1368683772161603e-13,0,True,Optimization terminated successfully. (HiGHS Status 7: Optimal),675,2.2737367544323206e-13
2025-02-24,18,0.03843241599861358,20685.30821069304,108,20,2810,2025-02-04|2025-02-05|2025-02-06|2025-02-07|2025-02-08|2025-02-09|2025-02-10|2025-02-11|2025-02-12|2025-02-13|2025-02-14|2025-02-15|2025-02-16|2025-02-17|2025-02-18|2025-02-19|2025-02-20|2025-02-21|2025-02-22|2025-02-23,2025-02-24 18:00,2025-02-24 18:00,7.958078640513122e-13,1.9326762412674725e-12,0,True,Optimization terminated successfully. (HiGHS Status 7: Optimal),646,1.9326762412674725e-12
2025-02-25,0,0.05512283399912121,2004.7342464432572,144,20,3746,2025-02-05|2025-02-06|2025-02-07|2025-02-08|2025-02-09|2025-02-10|2025-02-11|2025-02-12|2025-02-13|2025-02-14|2025-02-15|2025-02-16|2025-02-17|2025-02-18|2025-02-19|2025-02-20|2025-02-21|2025-02-22|2025-02-23|2025-02-24,2025-02-25 00:00,2025-02-25 00:00,9.094947017729282e-13,1.1368683772161603e-13,0,True,Optimization terminated successfully. (HiGHS Status 7: Optimal),826,2.2737367544323206e-13
2025-02-25,6,0.04256845800045994,295.6191827562456,108,20,2810,2025-02-05|2025-02-06|2025-02-07|2025-02-08|2025-02-09|2025-02-10|2025-02-11|2025-02-12|2025-02-13|2025-02-14|2025-02-15|2025-02-16|2025-02-17|2025-02-18|2025-02-19|2025-02-20|2025-02-21|2025-02-22|2025-02-23|2025-02-24,2025-02-25 06:00,2025-02-25 06:00,9.094947017729282e-13,1.1368683772161603e-13,0,True,Optimization terminated successfully. (HiGHS Status 7: Optimal),669,2.2737367544323206e-13
2025-02-25,12,0.03927741699953913,9874.83096913152,108,20,2810,2025-02-05|2025-02-06|2025-02-07|2025-02-08|2025-02-09|2025-02-10|2025-02-11|2025-02-12|2025-02-13|2025-02-14|2025-02-15|2025-02-16|2025-02-17|2025-02-18|2025-02-19|2025-02-20|2025-02-21|2025-02-22|2025-02-23|2025-02-24,2025-02-25 12:00,2025-02-25 12:00,9.094947017729282e-13,1.1368683772161603e-13,0,True,Optimization terminated successfully. (HiGHS Status 7: Optimal),657,2.2737367544323206e-13
2025-02-25,18,0.03881004200047755,22588.9942094753,108,20,2810,2025-02-05|2025-02-06|2025-02-07|2025-02-08|2025-02-09|2025-02-10|2025-02-11|2025-02-12|2025-02-13|2025-02-14|2025-02-15|2025-02-16|2025-02-17|2025-02-18|2025-02-19|2025-02-20|2025-02-21|2025-02-22|2025-02-23|2025-02-24,2025-02-25 18:00,2025-02-25 18:00,9.094947017729282e-13,2.842170943040401e-14,0,True,Optimization terminated successfully. (HiGHS Status 7: Optimal),666,2.2737367544323206e-13
2025-02-26,0,0.05570341699967685,2062.167598808513,144,20,3746,2025-02-06|2025-02-07|2025-02-08|2025-02-09|2025-02-10|2025-02-11|2025-02-12|2025-02-13|2025-02-14|2025-02-15|2025-02-16|2025-02-17|2025-02-18|2025-02-19|2025-02-20|2025-02-21|2025-02-22|2025-02-23|2025-02-24|2025-02-25,2025-02-26 00:00,2025-02-26 00:00,9.094947017729282e-13,1.1368683772161603e-13,0,True,Optimization terminated successfully. (HiGHS Status 7: Optimal),796,1.1368683772161603e-13
2025-02-26,6,0.05319445799977984,2991.241978463629,108,20,2810,2025-02-06|2025-02-07|2025-02-08|2025-02-09|2025-02-10|2025-02-11|2025-02-12|2025-02-13|2025-02-14|2025-02-15|2025-02-16|2025-02-17|2025-02-18|2025-02-19|2025-02-20|2025-02-21|2025-02-22|2025-02-23|2025-02-24|2025-02-25,2025-02-26 06:00,2025-02-26 06:00,8.65085780787922e-13,2.2737367544323206e-13,0,True,Optimization terminated successfully. (HiGHS Status 7: Optimal),815,1.1368683772161603e-13
2025-02-26,12,0.046387625001443666,13380.656720828527,108,20,2810,2025-02-06|2025-02-07|2025-02-08|2025-02-09|2025-02-10|2025-02-11|2025-02-12|2025-02-13|2025-02-14|2025-02-15|2025-02-16|2025-02-17|2025-02-18|2025-02-19|2025-02-20|2025-02-21|2025-02-22|2025-02-23|2025-02-24|2025-02-25,2025-02-26 12:00,2025-02-26 12:00,8.064660050877137e-13,1.1368683772161603e-13,0,True,Optimization terminated successfully. (HiGHS Status 7: Optimal),772,1.1368683772161603e-13
2025-02-26,18,0.041119708999758586,22568.36757057263,108,20,2810,2025-02-06|2025-02-07|2025-02-08|2025-02-09|2025-02-10|2025-02-11|2025-02-12|2025-02-13|2025-02-14|2025-02-15|2025-02-16|2025-02-17|2025-02-18|2025-02-19|2025-02-20|2025-02-21|2025-02-22|2025-02-23|2025-02-24|2025-02-25,2025-02-26 18:00,2025-02-26 18:00,7.958078640513122e-13,3.410605131648481e-13,0,True,Optimization terminated successfully. (HiGHS Status 7: Optimal),664,3.410605131648481e-13
2025-02-27,0,0.056955833000756684,1933.4917775115864,144,20,3746,2025-02-07|2025-02-08|2025-02-09|2025-02-10|2025-02-11|2025-02-12|2025-02-13|2025-02-14|2025-02-15|2025-02-16|2025-02-17|2025-02-18|2025-02-19|2025-02-20|2025-02-21|2025-02-22|2025-02-23|2025-02-24|2025-02-25|2025-02-26,2025-02-27 00:00,2025-02-27 00:00,9.094947017729282e-13,2.2737367544323206e-13,0,True,Optimization terminated successfully. (HiGHS Status 7: Optimal),784,3.410605131648481e-13
2025-02-27,6,0.04432762499891396,1550.2077930382468,108,20,2810,2025-02-07|2025-02-08|2025-02-09|2025-02-10|2025-02-11|2025-02-12|2025-02-13|2025-02-14|2025-02-15|2025-02-16|2025-02-17|2025-02-18|2025-02-19|2025-02-20|2025-02-21|2025-02-22|2025-02-23|2025-02-24|2025-02-25|2025-02-26,2025-02-27 06:00,2025-02-27 06:00,8.57980353430321e-13,2.2737367544323206e-13,0,True,Optimization terminated successfully. (HiGHS Status 7: Optimal),711,3.410605131648481e-13
2025-02-27,12,0.04980950000026496,7088.606341202894,108,20,2810,2025-02-07|2025-02-08|2025-02-09|2025-02-10|2025-02-11|2025-02-12|2025-02-13|2025-02-14|2025-02-15|2025-02-16|2025-02-17|2025-02-18|2025-02-19|2025-02-20|2025-02-21|2025-02-22|2025-02-23|2025-02-24|2025-02-25|2025-02-26,2025-02-27 12:00,2025-02-27 12:00,8.339995360984176e-13,1.1368683772161603e-13,0,True,Optimization terminated successfully. (HiGHS Status 7: Optimal),723,1.1368683772161603e-13
2025-02-27,18,0.040879750000385684,7814.863066786822,108,20,2810,2025-02-07|2025-02-08|2025-02-09|2025-02-10|2025-02-11|2025-02-12|2025-02-13|2025-02-14|2025-02-15|2025-02-16|2025-02-17|2025-02-18|2025-02-19|2025-02-20|2025-02-21|2025-02-22|2025-02-23|2025-02-24|2025-02-25|2025-02-26,2025-02-27 18:00,2025-02-27 18:00,6.821210263296962e-13,1.1368683772161603e-13,0,True,Optimization terminated successfully. (HiGHS Status 7: Optimal),555,1.1368683772161603e-13
2025-02-28,0,0.04797908300133713,489.8360785835778,144,20,3746,2025-02-08|2025-02-09|2025-02-10|2025-02-11|2025-02-12|2025-02-13|2025-02-14|2025-02-15|2025-02-16|2025-02-17|2025-02-18|2025-02-19|2025-02-20|2025-02-21|2025-02-22|2025-02-23|2025-02-24|2025-02-25|2025-02-26|2025-02-27,2025-02-28 00:00,2025-02-28 00:00,9.094947017729282e-13,2.2737367544323206e-13,0,True,Optimization terminated successfully. (HiGHS Status 7: Optimal),590,3.410605131648481e-13
2025-02-28,6,0.035700207999980194,554.3422815765978,108,20,2810,2025-02-08|2025-02-09|2025-02-10|2025-02-11|2025-02-12|2025-02-13|2025-02-14|2025-02-15|2025-02-16|2025-02-17|2025-02-18|2025-02-19|2025-02-20|2025-02-21|2025-02-22|2025-02-23|2025-02-24|2025-02-25|2025-02-26|2025-02-27,2025-02-28 06:00,2025-02-28 06:00,8.739675649849232e-13,2.2737367544323206e-13,0,True,Optimization terminated successfully. (HiGHS Status 7: Optimal),463,2.2737367544323206e-13
2025-02-28,12,0.04192704200067965,6195.329189810906,108,20,2810,2025-02-08|2025-02-09|2025-02-10|2025-02-11|2025-02-12|2025-02-13|2025-02-14|2025-02-15|2025-02-16|2025-02-17|2025-02-18|2025-02-19|2025-02-20|2025-02-21|2025-02-22|2025-02-23|2025-02-24|2025-02-25|2025-02-26|2025-02-27,2025-02-28 12:00,2025-02-28 12:00,9.094947017729282e-13,2.2737367544323206e-13,0,True,Optimization terminated successfully. (HiGHS Status 7: Optimal),550,2.2737367544323206e-13
2025-02-28,18,0.044641750000664615,9254.491856393215,108,20,2810,2025-02-08|2025-02-09|2025-02-10|2025-02-11|2025-02-12|2025-02-13|2025-02-14|2025-02-15|2025-02-16|2025-02-17|2025-02-18|2025-02-19|2025-02-20|2025-02-21|2025-02-22|2025-02-23|2025-02-24|2025-02-25|2025-02-26|2025-02-27,2025-02-28 18:00,2025-02-28 18:00,1.0231815394945443e-12,2.2737367544323206e-13,0,True,Optimization terminated successfully. (HiGHS Status 7: Optimal),623,2.2737367544323206e-13
2025-03-01,0,0.0574079170000914,894.0146637103844,144,20,3746,2025-02-09|2025-02-10|2025-02-11|2025-02-12|2025-02-13|2025-02-14|2025-02-15|2025-02-16|2025-02-17|2025-02-18|2025-02-19|2025-02-20|2025-02-21|2025-02-22|2025-02-23|2025-02-24|2025-02-25|2025-02-26|2025-02-27|2025-02-28,2025-03-01 00:00,2025-03-01 00:00,9.094947017729282e-13,1.7053025658242404e-13,0,True,Optimization terminated successfully. (HiGHS Status 7: Optimal),706,1.7053025658242404e-13
2025-03-01,6,0.033494208999400144,-275.88661186569004,108,20,2810,2025-02-09|2025-02-10|2025-02-11|2025-02-12|2025-02-13|2025-02-14|2025-02-15|2025-02-16|2025-02-17|2025-02-18|2025-02-19|2025-02-20|2025-02-21|2025-02-22|2025-02-23|2025-02-24|2025-02-25|2025-02-26|2025-02-27|2025-02-28,2025-03-01 06:00,2025-03-01 06:00,9.094947017729282e-13,1.1368683772161603e-13,0,True,Optimization terminated successfully. (HiGHS Status 7: Optimal),433,1.1368683772161603e-13
2025-03-01,12,0.04157574999953795,10204.474984002216,108,20,2810,2025-02-09|2025-02-10|2025-02-11|2025-02-12|2025-02-13|2025-02-14|2025-02-15|2025-02-16|2025-02-17|2025-02-18|2025-02-19|2025-02-20|2025-02-21|2025-02-22|2025-02-23|2025-02-24|2025-02-25|2025-02-26|2025-02-27|2025-02-28,2025-03-01 12:00,2025-03-01 12:00,9.094947017729282e-13,1.1368683772161603e-13,0,True,Optimization terminated successfully. (HiGHS Status 7: Optimal),584,1.1368683772161603e-13
2025-03-01,18,0.04339058400000795,22705.630778220733,108,20,2810,2025-02-09|2025-02-10|2025-02-11|2025-02-12|2025-02-13|2025-02-14|2025-02-15|2025-02-16|2025-02-17|2025-02-18|2025-02-19|2025-02-20|2025-02-21|2025-02-22|2025-02-23|2025-02-24|2025-02-25|2025-02-26|2025-02-27|2025-02-28,2025-03-01 18:00,2025-03-01 18:00,7.958078640513122e-13,2.2737367544323206e-13,0,True,Optimization terminated successfully. (HiGHS Status 7: Optimal),654,1.1368683772161603e-13
2025-03-02,0,0.060078708000219194,2026.1120836309565,144,20,3746,2025-02-10|2025-02-11|2025-02-12|2025-02-13|2025-02-14|2025-02-15|2025-02-16|2025-02-17|2025-02-18|2025-02-19|2025-02-20|2025-02-21|2025-02-22|2025-02-23|2025-02-24|2025-02-25|2025-02-26|2025-02-27|2025-02-28|2025-03-01,2025-03-02 00:00,2025-03-02 00:00,8.526512829121202e-13,1.7053025658242404e-13,0,True,Optimization terminated successfully. (HiGHS Status 7: Optimal),795,2.2737367544323206e-13
2025-03-02,6,0.050091999999494874,3576.4491897544235,108,20,2810,2025-02-10|2025-02-11|2025-02-12|2025-02-13|2025-02-14|2025-02-15|2025-02-16|2025-02-17|2025-02-18|2025-02-19|2025-02-20|2025-02-21|2025-02-22|2025-02-23|2025-02-24|2025-02-25|2025-02-26|2025-02-27|2025-02-28|2025-03-01,2025-03-02 06:00,2025-03-02 06:00,8.313350008393172e-13,3.410605131648481e-13,0,True,Optimization terminated successfully. (HiGHS Status 7: Optimal),738,2.2737367544323206e-13
2025-03-02,12,0.04512774999966496,10370.174618765768,108,20,2810,2025-02-10|2025-02-11|2025-02-12|2025-02-13|2025-02-14|2025-02-15|2025-02-16|2025-02-17|2025-02-18|2025-02-19|2025-02-20|2025-02-21|2025-02-22|2025-02-23|2025-02-24|2025-02-25|2025-02-26|2025-02-27|2025-02-28|2025-03-01,2025-03-02 12:00,2025-03-02 12:00,8.988365607365267e-13,1.1368683772161603e-13,0,True,Optimization terminated successfully. (HiGHS Status 7: Optimal),655,2.2737367544323206e-13
2025-03-02,18,0.04346116699889535,25881.18926334535,108,20,2810,2025-02-10|2025-02-11|2025-02-12|2025-02-13|2025-02-14|2025-02-15|2025-02-16|2025-02-17|2025-02-18|2025-02-19|2025-02-20|2025-02-21|2025-02-22|2025-02-23|2025-02-24|2025-02-25|2025-02-26|2025-02-27|2025-02-28|2025-03-01,2025-03-02 18:00,2025-03-02 18:00,6.821210263296962e-13,5.684341886080802e-14,0,True,Optimization terminated successfully. (HiGHS Status 7: Optimal),660,2.2737367544323206e-13
2025-03-03,0,0.061039042000629706,1973.9575496085147,144,20,3746,2025-02-11|2025-02-12|2025-02-13|2025-02-14|2025-02-15|2025-02-16|2025-02-17|2025-02-18|2025-02-19|2025-02-20|2025-02-21|2025-02-22|2025-02-23|2025-02-24|2025-02-25|2025-02-26|2025-02-27|2025-02-28|2025-03-01|2025-03-02,2025-03-03 00:00,2025-03-03 00:00,9.094947017729282e-13,2.2737367544323206e-13,0,True,Optimization terminated successfully. (HiGHS Status 7: Optimal),821,1.1368683772161603e-13
2025-03-03,6,0.041732208999746945,434.6094304763119,108,20,2810,2025-02-11|2025-02-12|2025-02-13|2025-02-14|2025-02-15|2025-02-16|2025-02-17|2025-02-18|2025-02-19|2025-02-20|2025-02-21|2025-02-22|2025-02-23|2025-02-24|2025-02-25|2025-02-26|2025-02-27|2025-02-28|2025-03-01|2025-03-02,2025-03-03 06:00,2025-03-03 06:00,7.958078640513122e-13,1.1368683772161603e-13,0,True,Optimization terminated successfully. (HiGHS Status 7: Optimal),689,1.1368683772161603e-13
2025-03-03,12,0.04445225000017672,11006.242176802798,108,20,2810,2025-02-11|2025-02-12|2025-02-13|2025-02-14|2025-02-15|2025-02-16|2025-02-17|2025-02-18|2025-02-19|2025-02-20|2025-02-21|2025-02-22|2025-02-23|2025-02-24|2025-02-25|2025-02-26|2025-02-27|2025-02-28|2025-03-01|2025-03-02,2025-03-03 12:00,2025-03-03 12:00,7.958078640513122e-13,1.1368683772161603e-13,0,True,Optimization terminated successfully. (HiGHS Status 7: Optimal),730,1.1368683772161603e-13
2025-03-03,18,0.043078292001155205,23438.78652263971,108,20,2810,2025-02-11|2025-02-12|2025-02-13|2025-02-14|2025-02-15|2025-02-16|2025-02-17|2025-02-18|2025-02-19|2025-02-20|2025-02-21|2025-02-22|2025-02-23|2025-02-24|2025-02-25|2025-02-26|2025-02-27|2025-02-28|2025-03-01|2025-03-02,2025-03-03 18:00,2025-03-03 18:00,7.958078640513122e-13,1.1368683772161603e-12,0,True,Optimization terminated successfully. (HiGHS Status 7: Optimal),691,1.1368683772161603e-12
2025-03-04,0,0.05885366700022132,2202.893874627235,144,20,3746,2025-02-12|2025-02-13|2025-02-14|2025-02-15|2025-02-16|2025-02-17|2025-02-18|2025-02-19|2025-02-20|2025-02-21|2025-02-22|2025-02-23|2025-02-24|2025-02-25|2025-02-26|2025-02-27|2025-02-28|2025-03-01|2025-03-02|2025-03-03,2025-03-04 00:00,2025-03-04 00:00,9.094947017729282e-13,1.1368683772161603e-13,0,True,Optimization terminated successfully. (HiGHS Status 7: Optimal),803,1.1368683772161603e-13
2025-03-04,6,0.04881895799917402,3232.41400800922,108,20,2810,2025-02-12|2025-02-13|2025-02-14|2025-02-15|2025-02-16|2025-02-17|2025-02-18|2025-02-19|2025-02-20|2025-02-21|2025-02-22|2025-02-23|2025-02-24|2025-02-25|2025-02-26|2025-02-27|2025-02-28|2025-03-01|2025-03-02|2025-03-03,2025-03-04 06:00,2025-03-04 06:00,8.641976023682219e-13,2.2737367544323206e-13,0,True,Optimization terminated successfully. (HiGHS Status 7: Optimal),798,1.1368683772161603e-13
2025-03-04,12,0.046464708999337745,11311.889493187582,108,20,2810,2025-02-12|2025-02-13|2025-02-14|2025-02-15|2025-02-16|2025-02-17|2025-02-18|2025-02-19|2025-02-20|2025-02-21|2025-02-22|2025-02-23|2025-02-24|2025-02-25|2025-02-26|2025-02-27|2025-02-28|2025-03-01|2025-03-02|2025-03-03,2025-03-04 12:00,2025-03-04 12:00,7.958078640513122e-13,1.1368683772161603e-13,0,True,Optimization terminated successfully. (HiGHS Status 7: Optimal),733,1.1368683772161603e-13
2025-03-04,18,0.04421520899995812,23044.333997252834,108,20,2810,2025-02-12|2025-02-13|2025-02-14|2025-02-15|2025-02-16|2025-02-17|2025-02-18|2025-02-19|2025-02-20|2025-02-21|2025-02-22|2025-02-23|2025-02-24|2025-02-25|2025-02-26|2025-02-27|2025-02-28|2025-03-01|2025-03-02|2025-03-03,2025-03-04 18:00,2025-03-04 18:00,7.958078640513122e-13,2.2737367544323206e-13,0,True,Optimization terminated successfully. (HiGHS Status 7: Optimal),682,1.1368683772161603e-13
2025-03-05,0,0.05793929200081038,2090.31805923995,144,20,3746,2025-02-13|2025-02-14|2025-02-15|2025-02-16|2025-02-17|2025-02-18|2025-02-19|2025-02-20|2025-02-21|2025-02-22|2025-02-23|2025-02-24|2025-02-25|2025-02-26|2025-02-27|2025-02-28|2025-03-01|2025-03-02|2025-03-03|2025-03-04,2025-03-05 00:00,2025-03-05 00:00,8.810729923425242e-13,2.2737367544323206e-13,0,True,Optimization terminated successfully. (HiGHS Status 7: Optimal),796,2.2737367544323206e-13
2025-03-05,6,0.04058945900032995,365.72173868823364,108,20,2810,2025-02-13|2025-02-14|2025-02-15|2025-02-16|2025-02-17|2025-02-18|2025-02-19|2025-02-20|2025-02-21|2025-02-22|2025-02-23|2025-02-24|2025-02-25|2025-02-26|2025-02-27|2025-02-28|2025-03-01|2025-03-02|2025-03-03|2025-03-04,2025-03-05 06:00,2025-03-05 06:00,9.094947017729282e-13,2.2737367544323206e-13,0,True,Optimization terminated successfully. (HiGHS Status 7: Optimal),660,1.1368683772161603e-13
2025-03-05,12,0.04132654199929675,9741.127975787893,108,20,2810,2025-02-13|2025-02-14|2025-02-15|2025-02-16|2025-02-17|2025-02-18|2025-02-19|2025-02-20|2025-02-21|2025-02-22|2025-02-23|2025-02-24|2025-02-25|2025-02-26|2025-02-27|2025-02-28|2025-03-01|2025-03-02|2025-03-03|2025-03-04,2025-03-05 12:00,2025-03-05 12:00,9.094947017729282e-13,2.3092638912203256e-14,0,True,Optimization terminated successfully. (HiGHS Status 7: Optimal),648,1.1368683772161603e-13
2025-03-05,18,0.04295737500069663,20323.535866653052,108,20,2810,2025-02-13|2025-02-14|2025-02-15|2025-02-16|2025-02-17|2025-02-18|2025-02-19|2025-02-20|2025-02-21|2025-02-22|2025-02-23|2025-02-24|2025-02-25|2025-02-26|2025-02-27|2025-02-28|2025-03-01|2025-03-02|2025-03-03|2025-03-04,2025-03-05 18:00,2025-03-05 18:00,7.958078640513122e-13,1.1368683772161603e-13,0,True,Optimization terminated successfully. (HiGHS Status 7: Optimal),680,1.1368683772161603e-13
2025-03-06,0,0.05788820899942948,1980.7085907344897,144,20,3746,2025-02-14|2025-02-15|2025-02-16|2025-02-17|2025-02-18|2025-02-19|2025-02-20|2025-02-21|2025-02-22|2025-02-23|2025-02-24|2025-02-25|2025-02-26|2025-02-27|2025-02-28|2025-03-01|2025-03-02|2025-03-03|2025-03-04|2025-03-05,2025-03-06 00:00,2025-03-06 00:00,9.094947017729282e-13,6.394884621840902e-13,0,True,Optimization terminated successfully. (HiGHS Status 7: Optimal),761,6.252776074688882e-13
2025-03-06,6,0.0410726660011278,1659.7699195964226,108,20,2810,2025-02-14|2025-02-15|2025-02-16|2025-02-17|2025-02-18|2025-02-19|2025-02-20|2025-02-21|2025-02-22|2025-02-23|2025-02-24|2025-02-25|2025-02-26|2025-02-27|2025-02-28|2025-03-01|2025-03-02|2025-03-03|2025-03-04|2025-03-05,2025-03-06 06:00,2025-03-06 06:00,8.597567102697212e-13,2.2737367544323206e-13,0,True,Optimization terminated successfully. (HiGHS Status 7: Optimal),681,2.8421709430404007e-13
2025-03-06,12,0.0410034579999774,6557.468624302474,108,20,2810,2025-02-14|2025-02-15|2025-02-16|2025-02-17|2025-02-18|2025-02-19|2025-02-20|2025-02-21|2025-02-22|2025-02-23|2025-02-24|2025-02-25|2025-02-26|2025-02-27|2025-02-28|2025-03-01|2025-03-02|2025-03-03|2025-03-04|2025-03-05,2025-03-06 12:00,2025-03-06 12:00,9.094947017729282e-13,2.2737367544323206e-13,0,True,Optimization terminated successfully. (HiGHS Status 7: Optimal),644,2.8421709430404007e-13
2025-03-06,18,0.037995874999978696,6815.928684582287,108,20,2810,2025-02-14|2025-02-15|2025-02-16|2025-02-17|2025-02-18|2025-02-19|2025-02-20|2025-02-21|2025-02-22|2025-02-23|2025-02-24|2025-02-25|2025-02-26|2025-02-27|2025-02-28|2025-03-01|2025-03-02|2025-03-03|2025-03-04|2025-03-05,2025-03-06 18:00,2025-03-06 18:00,6.821210263296962e-13,2.2737367544323206e-13,0,True,Optimization terminated successfully. (HiGHS Status 7: Optimal),524,2.8421709430404007e-13
2025-03-07,0,0.05597504199977266,937.8699478047165,144,20,3746,2025-02-15|2025-02-16|2025-02-17|2025-02-18|2025-02-19|2025-02-20|2025-02-21|2025-02-22|2025-02-23|2025-02-24|2025-02-25|2025-02-26|2025-02-27|2025-02-28|2025-03-01|2025-03-02|2025-03-03|2025-03-04|2025-03-05|2025-03-06,2025-03-07 00:00,2025-03-07 00:00,6.821210263296962e-13,5.115907697472721e-13,0,True,Optimization terminated successfully. (HiGHS Status 7: Optimal),724,5.115907697472721e-13
2025-03-07,6,0.034958000000187894,40.06232202084411,108,20,2810,2025-02-15|2025-02-16|2025-02-17|2025-02-18|2025-02-19|2025-02-20|2025-02-21|2025-02-22|2025-02-23|2025-02-24|2025-02-25|2025-02-26|2025-02-27|2025-02-28|2025-03-01|2025-03-02|2025-03-03|2025-03-04|2025-03-05|2025-03-06,2025-03-07 06:00,2025-03-07 06:00,7.958078640513122e-13,5.115907697472721e-13,0,True,Optimization terminated successfully. (HiGHS Status 7: Optimal),448,5.115907697472721e-13
2025-03-07,12,0.035971833000076,5793.374066769826,108,20,2810,2025-02-15|2025-02-16|2025-02-17|2025-02-18|2025-02-19|2025-02-20|2025-02-21|2025-02-22|2025-02-23|2025-02-24|2025-02-25|2025-02-26|2025-02-27|2025-02-28|2025-03-01|2025-03-02|2025-03-03|2025-03-04|2025-03-05|2025-03-06,2025-03-07 12:00,2025-03-07 12:00,8.526512829121202e-13,5.115907697472721e-13,0,True,Optimization terminated successfully. (HiGHS Status 7: Optimal),555,5.115907697472721e-13
2025-03-07,18,0.037128333999135066,5832.389022579042,108,20,2810,2025-02-15|2025-02-16|2025-02-17|2025-02-18|2025-02-19|2025-02-20|2025-02-21|2025-02-22|2025-02-23|2025-02-24|2025-02-25|2025-02-26|2025-02-27|2025-02-28|2025-03-01|2025-03-02|2025-03-03|2025-03-04|2025-03-05|2025-03-06,2025-03-07 18:00,2025-03-07 18:00,5.684341886080801e-13,5.115907697472721e-13,0,True,Optimization terminated successfully. (HiGHS Status 7: Optimal),497,5.115907697472721e-13
2025-03-08,0,0.0486944999993284,581.9513577023473,144,20,3746,2025-02-16|2025-02-17|2025-02-18|2025-02-19|2025-02-20|2025-02-21|2025-02-22|2025-02-23|2025-02-24|2025-02-25|2025-02-26|2025-02-27|2025-02-28|2025-03-01|2025-03-02|2025-03-03|2025-03-04|2025-03-05|2025-03-06|2025-03-07,2025-03-08 00:00,2025-03-08 00:00,9.094947017729282e-13,5.684341886080801e-13,0,True,Optimization terminated successfully. (HiGHS Status 7: Optimal),604,5.684341886080801e-13
2025-03-08,6,0.03451241700167884,492.92245275285666,108,20,2810,2025-02-16|2025-02-17|2025-02-18|2025-02-19|2025-02-20|2025-02-21|2025-02-22|2025-02-23|2025-02-24|2025-02-25|2025-02-26|2025-02-27|2025-02-28|2025-03-01|2025-03-02|2025-03-03|2025-03-04|2025-03-05|2025-03-06|2025-03-07,2025-03-08 06:00,2025-03-08 06:00,9.094947017729282e-13,5.684341886080801e-13,0,True,Optimization terminated successfully. (HiGHS Status 7: Optimal),456,5.684341886080801e-13
2025-03-08,12,0.04125000000021828,10341.489147687007,108,20,2810,2025-02-16|2025-02-17|2025-02-18|2025-02-19|2025-02-20|2025-02-21|2025-02-22|2025-02-23|2025-02-24|2025-02-25|2025-02-26|2025-02-27|2025-02-28|2025-03-01|2025-03-02|2025-03-03|2025-03-04|2025-03-05|2025-03-06|2025-03-07,2025-03-08 12:00,2025-03-08 12:00,9.094947017729282e-13,5.684341886080801e-13,0,True,Optimization terminated successfully. (HiGHS Status 7: Optimal),583,5.684341886080801e-13
2025-03-08,18,0.04495691600095597,17690.628823634695,108,20,2810,2025-02-16|2025-02-17|2025-02-18|2025-02-19|2025-02-20|2025-02-21|2025-02-22|2025-02-23|2025-02-24|2025-02-25|2025-02-26|2025-02-27|2025-02-28|2025-03-01|2025-03-02|2025-03-03|2025-03-04|2025-03-05|2025-03-06|2025-03-07,2025-03-08 18:00,2025-03-08 18:00,9.094947017729282e-13,5.684341886080801e-13,0,True,Optimization terminated successfully. (HiGHS Status 7: Optimal),635,5.684341886080801e-13
2025-03-09,0,0.0575989170010871,2249.585008772459,144,20,3746,2025-02-17|2025-02-18|2025-02-19|2025-02-20|2025-02-21|2025-02-22|2025-02-23|2025-02-24|2025-02-25|2025-02-26|2025-02-27|2025-02-28|2025-03-01|2025-03-02|2025-03-03|2025-03-04|2025-03-05|2025-03-06|2025-03-07|2025-03-08,2025-03-09 00:00,2025-03-09 00:00,1.0231815394945443e-12,2.2737367544323206e-13,0,True,Optimization terminated successfully. (HiGHS Status 7: Optimal),782,2.2737367544323206e-13
2025-03-09,6,0.03827879199889139,-1743.7561474124966,108,20,2810,2025-02-17|2025-02-18|2025-02-19|2025-02-20|2025-02-21|2025-02-22|2025-02-23|2025-02-24|2025-02-25|2025-02-26|2025-02-27|2025-02-28|2025-03-01|2025-03-02|2025-03-03|2025-03-04|2025-03-05|2025-03-06|2025-03-07|2025-03-08,2025-03-09 06:00,2025-03-09 06:00,1.0231815394945443e-12,2.2737367544323206e-13,0,True,Optimization terminated successfully. (HiGHS Status 7: Optimal),587,2.2737367544323206e-13
2025-03-09,12,0.038838041000417434,9593.154756010243,108,20,2810,2025-02-17|2025-02-18|2025-02-19|2025-02-20|2025-02-21|2025-02-22|2025-02-23|2025-02-24|2025-02-25|2025-02-26|2025-02-27|2025-02-28|2025-03-01|2025-03-02|2025-03-03|2025-03-04|2025-03-05|2025-03-06|2025-03-07|2025-03-08,2025-03-09 12:00,2025-03-09 12:00,7.958078640513122e-13,2.2737367544323206e-13,0,True,Optimization terminated successfully. (HiGHS Status 7: Optimal),656,2.2737367544323206e-13
2025-03-09,18,0.0406702079999377,24217.61919052632,108,20,2810,2025-02-17|2025-02-18|2025-02-19|2025-02-20|2025-02-21|2025-02-22|2025-02-23|2025-02-24|2025-02-25|2025-02-26|2025-02-27|2025-02-28|2025-03-01|2025-03-02|2025-03-03|2025-03-04|2025-03-05|2025-03-06|2025-03-07|2025-03-08,2025-03-09 18:00,2025-03-09 18:00,9.094947017729282e-13,6.821210263296962e-13,0,True,Optimization terminated successfully. (HiGHS Status 7: Optimal),674,6.821210263296962e-13
2025-03-10,0,0.05806795799981046,2143.631213542564,144,20,3746,2025-02-18|2025-02-19|2025-02-20|2025-02-21|2025-02-22|2025-02-23|2025-02-24|2025-02-25|2025-02-26|2025-02-27|2025-02-28|2025-03-01|2025-03-02|2025-03-03|2025-03-04|2025-03-05|2025-03-06|2025-03-07|2025-03-08|2025-03-09,2025-03-10 00:00,2025-03-10 00:00,9.094947017729282e-13,6.821210263296962e-13,0,True,Optimization terminated successfully. (HiGHS Status 7: Optimal),780,6.821210263296962e-13
2025-03-10,6,0.042902875000436325,2050.8649827413465,108,20,2810,2025-02-18|2025-02-19|2025-02-20|2025-02-21|2025-02-22|2025-02-23|2025-02-24|2025-02-25|2025-02-26|2025-02-27|2025-02-28|2025-03-01|2025-03-02|2025-03-03|2025-03-04|2025-03-05|2025-03-06|2025-03-07|2025-03-08|2025-03-09,2025-03-10 06:00,2025-03-10 06:00,9.094947017729282e-13,1.1368683772161603e-13,0,True,Optimization terminated successfully. (HiGHS Status 7: Optimal),701,1.1368683772161603e-13
2025-03-10,12,0.044920708000063314,11125.911399113953,108,20,2810,2025-02-18|2025-02-19|2025-02-20|2025-02-21|2025-02-22|2025-02-23|2025-02-24|2025-02-25|2025-02-26|2025-02-27|2025-02-28|2025-03-01|2025-03-02|2025-03-03|2025-03-04|2025-03-05|2025-03-06|2025-03-07|2025-03-08|2025-03-09,2025-03-10 12:00,2025-03-10 12:00,9.094947017729282e-13,1.1368683772161603e-13,0,True,Optimization terminated successfully. (HiGHS Status 7: Optimal),743,1.1368683772161603e-13
2025-03-10,18,0.04137612500016985,25234.986064779016,108,20,2810,2025-02-18|2025-02-19|2025-02-20|2025-02-21|2025-02-22|2025-02-23|2025-02-24|2025-02-25|2025-02-26|2025-02-27|2025-02-28|2025-03-01|2025-03-02|2025-03-03|2025-03-04|2025-03-05|2025-03-06|2025-03-07|2025-03-08|2025-03-09,2025-03-10 18:00,2025-03-10 18:00,7.958078640513122e-13,0.0,0,True,Optimization terminated successfully. (HiGHS Status 7: Optimal),678,0.0
2025-03-11,0,0.05361070800063317,2003.0718035581954,144,20,3746,2025-02-19|2025-02-20|2025-02-21|2025-02-22|2025-02-23|2025-02-24|2025-02-25|2025-02-26|2025-02-27|2025-02-28|2025-03-01|2025-03-02|2025-03-03|2025-03-04|2025-03-05|2025-03-06|2025-03-07|2025-03-08|2025-03-09|2025-03-10,2025-03-11 00:00,2025-03-11 00:00,9.094947017729282e-13,2.2737367544323206e-13,0,True,Optimization terminated successfully. (HiGHS Status 7: Optimal),759,9.094947017729282e-13
2025-03-11,6,0.05548729200017988,9304.806599814483,108,20,2810,2025-02-19|2025-02-20|2025-02-21|2025-02-22|2025-02-23|2025-02-24|2025-02-25|2025-02-26|2025-02-27|2025-02-28|2025-03-01|2025-03-02|2025-03-03|2025-03-04|2025-03-05|2025-03-06|2025-03-07|2025-03-08|2025-03-09|2025-03-10,2025-03-11 06:00,2025-03-11 06:00,1.0231815394945443e-12,1.1368683772161603e-13,0,True,Optimization terminated successfully. (HiGHS Status 7: Optimal),865,2.2737367544323206e-13
2025-03-11,12,0.044197999999596504,11552.327269537967,108,20,2810,2025-02-19|2025-02-20|2025-02-21|2025-02-22|2025-02-23|2025-02-24|2025-02-25|2025-02-26|2025-02-27|2025-02-28|2025-03-01|2025-03-02|2025-03-03|2025-03-04|2025-03-05|2025-03-06|2025-03-07|2025-03-08|2025-03-09|2025-03-10,2025-03-11 12:00,2025-03-11 12:00,9.094947017729282e-13,1.1368683772161603e-13,0,True,Optimization terminated successfully. (HiGHS Status 7: Optimal),725,2.2737367544323206e-13
2025-03-11,18,0.04112233399973775,17033.691979402065,108,20,2810,2025-02-19|2025-02-20|2025-02-21|2025-02-22|2025-02-23|2025-02-24|2025-02-25|2025-02-26|2025-02-27|2025-02-28|2025-03-01|2025-03-02|2025-03-03|2025-03-04|2025-03-05|2025-03-06|2025-03-07|2025-03-08|2025-03-09|2025-03-10,2025-03-11 18:00,2025-03-11 18:00,9.094947017729282e-13,1.1368683772161603e-13,0,True,Optimization terminated successfully. (HiGHS Status 7: Optimal),676,2.2737367544323206e-13
2025-03-12,0,0.05514779099939915,2499.43421217841,144,20,3746,2025-02-20|2025-02-21|2025-02-22|2025-02-23|2025-02-24|2025-02-25|2025-02-26|2025-02-27|2025-02-28|2025-03-01|2025-03-02|2025-03-03|2025-03-04|2025-03-05|2025-03-06|2025-03-07|2025-03-08|2025-03-09|2025-03-10|2025-03-11,2025-03-12 00:00,2025-03-12 00:00,9.094947017729282e-13,1.1368683772161603e-13,0,True,Optimization terminated successfully. (HiGHS Status 7: Optimal),767,1.1368683772161603e-13
2025-03-12,6,0.03574554199985869,-1695.1993222828035,108,20,2810,2025-02-20|2025-02-21|2025-02-22|2025-02-23|2025-02-24|2025-02-25|2025-02-26|2025-02-27|2025-02-28|2025-03-01|2025-03-02|2025-03-03|2025-03-04|2025-03-05|2025-03-06|2025-03-07|2025-03-08|2025-03-09|2025-03-10|2025-03-11,2025-03-12 06:00,2025-03-12 06:00,9.094947017729282e-13,1.1368683772161603e-13,0,True,Optimization terminated successfully. (HiGHS Status 7: Optimal),555,1.1368683772161603e-13
2025-03-12,12,0.039725708000332816,9760.079419754407,108,20,2810,2025-02-20|2025-02-21|2025-02-22|2025-02-23|2025-02-24|2025-02-25|2025-02-26|2025-02-27|2025-02-28|2025-03-01|2025-03-02|2025-03-03|2025-03-04|2025-03-05|2025-03-06|2025-03-07|2025-03-08|2025-03-09|2025-03-10|2025-03-11,2025-03-12 12:00,2025-03-12 12:00,9.094947017729282e-13,1.1368683772161603e-13,0,True,Optimization terminated successfully. (HiGHS Status 7: Optimal),614,1.1368683772161603e-13
2025-03-12,18,0.04355908399884356,25335.362830781436,108,20,2810,2025-02-20|2025-02-21|2025-02-22|2025-02-23|2025-02-24|2025-02-25|2025-02-26|2025-02-27|2025-02-28|2025-03-01|2025-03-02|2025-03-03|2025-03-04|2025-03-05|2025-03-06|2025-03-07|2025-03-08|2025-03-09|2025-03-10|2025-03-11,2025-03-12 18:00,2025-03-12 18:00,9.094947017729282e-13,2.2737367544323206e-13,0,True,Optimization terminated successfully. (HiGHS Status 7: Optimal),660,1.1368683772161603e-13
2025-03-13,0,0.05686737499854644,2361.353594142861,144,20,3746,2025-02-21|2025-02-22|2025-02-23|2025-02-24|2025-02-25|2025-02-26|2025-02-27|2025-02-28|2025-03-01|2025-03-02|2025-03-03|2025-03-04|2025-03-05|2025-03-06|2025-03-07|2025-03-08|2025-03-09|2025-03-10|2025-03-11|2025-03-12,2025-03-13 00:00,2025-03-13 00:00,8.526512829121202e-13,1.1368683772161603e-13,0,True,Optimization terminated successfully. (HiGHS Status 7: Optimal),776,2.2737367544323206e-13
2025-03-13,6,0.0470474590001686,1932.8326192936777,108,20,2810,2025-02-21|2025-02-22|2025-02-23|2025-02-24|2025-02-25|2025-02-26|2025-02-27|2025-02-28|2025-03-01|2025-03-02|2025-03-03|2025-03-04|2025-03-05|2025-03-06|2025-03-07|2025-03-08|2025-03-09|2025-03-10|2025-03-11|2025-03-12,2025-03-13 06:00,2025-03-13 06:00,8.752998326144734e-13,1.1368683772161603e-13,0,True,Optimization terminated successfully. (HiGHS Status 7: Optimal),710,2.2737367544323206e-13
2025-03-13,12,0.04539541700069094,6934.131991937981,108,20,2810,2025-02-21|2025-02-22|2025-02-23|2025-02-24|2025-02-25|2025-02-26|2025-02-27|2025-02-28|2025-03-01|2025-03-02|2025-03-03|2025-03-04|2025-03-05|2025-03-06|2025-03-07|2025-03-08|2025-03-09|2025-03-10|2025-03-11|2025-03-12,2025-03-13 12:00,2025-03-13 12:00,9.094947017729282e-13,2.2737367544323206e-13,0,True,Optimization terminated successfully. (HiGHS Status 7: Optimal),708,0.0
2025-03-13,18,0.0374208749999525,5901.078692759812,108,20,2810,2025-02-21|2025-02-22|2025-02-23|2025-02-24|2025-02-25|2025-02-26|2025-02-27|2025-02-28|2025-03-01|2025-03-02|2025-03-03|2025-03-04|2025-03-05|2025-03-06|2025-03-07|2025-03-08|2025-03-09|2025-03-10|2025-03-11|2025-03-12,2025-03-13 18:00,2025-03-13 18:00,4.547473508864641e-13,1.1368683772161603e-13,0,True,Optimization terminated successfully. (HiGHS Status 7: Optimal),512,0.0
2025-03-14,0,0.0484478329999547,648.7498270367925,144,20,3746,2025-02-22|2025-02-23|2025-02-24|2025-02-25|2025-02-26|2025-02-27|2025-02-28|2025-03-01|2025-03-02|2025-03-03|2025-03-04|2025-03-05|2025-03-06|2025-03-07|2025-03-08|2025-03-09|2025-03-10|2025-03-11|2025-03-12|2025-03-13,2025-03-14 00:00,2025-03-14 00:00,8.810729923425242e-13,2.8421709430404007e-13,0,True,Optimization terminated successfully. (HiGHS Status 7: Optimal),600,2.8421709430404007e-13
2025-03-14,6,0.03739395800039347,753.9498605735507,108,20,2810,2025-02-22|2025-02-23|2025-02-24|2025-02-25|2025-02-26|2025-02-27|2025-02-28|2025-03-01|2025-03-02|2025-03-03|2025-03-04|2025-03-05|2025-03-06|2025-03-07|2025-03-08|2025-03-09|2025-03-10|2025-03-11|2025-03-12|2025-03-13,2025-03-14 06:00,2025-03-14 06:00,7.958078640513122e-13,5.684341886080802e-14,0,True,Optimization terminated successfully. (HiGHS Status 7: Optimal),465,1.1368683772161603e-13
2025-03-14,12,0.04282641600002535,6238.371479592594,108,20,2810,2025-02-22|2025-02-23|2025-02-24|2025-02-25|2025-02-26|2025-02-27|2025-02-28|2025-03-01|2025-03-02|2025-03-03|2025-03-04|2025-03-05|2025-03-06|2025-03-07|2025-03-08|2025-03-09|2025-03-10|2025-03-11|2025-03-12|2025-03-13,2025-03-14 12:00,2025-03-14 12:00,8.952838470577262e-13,5.684341886080802e-14,0,True,Optimization terminated successfully. (HiGHS Status 7: Optimal),581,1.1368683772161603e-13
2025-03-14,18,0.04486387500037381,7341.489380534549,108,20,2810,2025-02-22|2025-02-23|2025-02-24|2025-02-25|2025-02-26|2025-02-27|2025-02-28|2025-03-01|2025-03-02|2025-03-03|2025-03-04|2025-03-05|2025-03-06|2025-03-07|2025-03-08|2025-03-09|2025-03-10|2025-03-11|2025-03-12|2025-03-13,2025-03-14 18:00,2025-03-14 18:00,4.547473508864641e-13,5.684341886080802e-14,0,True,Optimization terminated successfully. (HiGHS Status 7: Optimal),579,1.1368683772161603e-13
2025-03-15,0,0.054666541998813045,942.4106626698641,144,20,3746,2025-02-23|2025-02-24|2025-02-25|2025-02-26|2025-02-27|2025-02-28|2025-03-01|2025-03-02|2025-03-03|2025-03-04|2025-03-05|2025-03-06|2025-03-07|2025-03-08|2025-03-09|2025-03-10|2025-03-11|2025-03-12|2025-03-13|2025-03-14,2025-03-15 00:00,2025-03-15 00:00,8.668621376273222e-13,5.684341886080801e-13,0,True,Optimization terminated successfully. (HiGHS Status 7: Optimal),670,5.684341886080801e-13
2025-03-15,6,0.04508408400033659,1470.3178374021463,108,20,2810,2025-02-23|2025-02-24|2025-02-25|2025-02-26|2025-02-27|2025-02-28|2025-03-01|2025-03-02|2025-03-03|2025-03-04|2025-03-05|2025-03-06|2025-03-07|2025-03-08|2025-03-09|2025-03-10|2025-03-11|2025-03-12|2025-03-13|2025-03-14,2025-03-15 06:00,2025-03-15 06:00,9.094947017729282e-13,1.1368683772161603e-13,0,True,Optimization terminated successfully. (HiGHS Status 7: Optimal),604,1.1368683772161603e-13
2025-03-15,12,0.04150691600079881,10298.24515782937,108,20,2810,2025-02-23|2025-02-24|2025-02-25|2025-02-26|2025-02-27|2025-02-28|2025-03-01|2025-03-02|2025-03-03|2025-03-04|2025-03-05|2025-03-06|2025-03-07|2025-03-08|2025-03-09|2025-03-10|2025-03-11|2025-03-12|2025-03-13|2025-03-14,2025-03-15 12:00,2025-03-15 12:00,9.094947017729282e-13,5.684341886080802e-14,0,True,Optimization terminated successfully. (HiGHS Status 7: Optimal),580,1.1368683772161603e-13
2025-03-15,18,0.04321633299878158,17486.229235729446,108,20,2810,2025-02-23|2025-02-24|2025-02-25|2025-02-26|2025-02-27|2025-02-28|2025-03-01|2025-03-02|2025-03-03|2025-03-04|2025-03-05|2025-03-06|2025-03-07|2025-03-08|2025-03-09|2025-03-10|2025-03-11|2025-03-12|2025-03-13|2025-03-14,2025-03-15 18:00,2025-03-15 18:00,5.115907697472721e-13,1.1368683772161603e-13,0,True,Optimization terminated successfully. (HiGHS Status 7: Optimal),646,1.1368683772161603e-13
2025-03-16,0,0.05350329199973203,2570.1031380322547,144,20,3746,2025-02-24|2025-02-25|2025-02-26|2025-02-27|2025-02-28|2025-03-01|2025-03-02|2025-03-03|2025-03-04|2025-03-05|2025-03-06|2025-03-07|2025-03-08|2025-03-09|2025-03-10|2025-03-11|2025-03-12|2025-03-13|2025-03-14|2025-03-15,2025-03-16 00:00,2025-03-16 00:00,9.094947017729282e-13,2.2737367544323206e-13,0,True,Optimization terminated successfully. (HiGHS Status 7: Optimal),765,2.2737367544323206e-13
2025-03-16,6,0.054221667000092566,3074.5787374248134,108,20,2810,2025-02-24|2025-02-25|2025-02-26|2025-02-27|2025-02-28|2025-03-01|2025-03-02|2025-03-03|2025-03-04|2025-03-05|2025-03-06|2025-03-07|2025-03-08|2025-03-09|2025-03-10|2025-03-11|2025-03-12|2025-03-13|2025-03-14|2025-03-15,2025-03-16 06:00,2025-03-16 06:00,9.094947017729282e-13,2.2737367544323206e-13,0,True,Optimization terminated successfully. (HiGHS Status 7: Optimal),784,2.2737367544323206e-13
2025-03-16,12,0.041483166998659726,9848.23411422692,108,20,2810,2025-02-24|2025-02-25|2025-02-26|2025-02-27|2025-02-28|2025-03-01|2025-03-02|2025-03-03|2025-03-04|2025-03-05|2025-03-06|2025-03-07|2025-03-08|2025-03-09|2025-03-10|2025-03-11|2025-03-12|2025-03-13|2025-03-14|2025-03-15,2025-03-16 12:00,2025-03-16 12:00,8.242295734817162e-13,2.2737367544323206e-13,0,True,Optimization terminated successfully. (HiGHS Status 7: Optimal),673,2.2737367544323206e-13
2025-03-16,18,0.044359375000567525,16426.888569162355,108,20,2810,2025-02-24|2025-02-25|2025-02-26|2025-02-27|2025-02-28|2025-03-01|2025-03-02|2025-03-03|2025-03-04|2025-03-05|2025-03-06|2025-03-07|2025-03-08|2025-03-09|2025-03-10|2025-03-11|2025-03-12|2025-03-13|2025-03-14|2025-03-15,2025-03-16 18:00,2025-03-16 18:00,7.958078640513122e-13,2.2737367544323206e-13,0,True,Optimization terminated successfully. (HiGHS Status 7: Optimal),646,2.2737367544323206e-13
2025-03-17,0,0.05645195800025249,2560.457118224653,144,20,3746,2025-02-25|2025-02-26|2025-02-27|2025-02-28|2025-03-01|2025-03-02|2025-03-03|2025-03-04|2025-03-05|2025-03-06|2025-03-07|2025-03-08|2025-03-09|2025-03-10|2025-03-11|2025-03-12|2025-03-13|2025-03-14|2025-03-15|2025-03-16,2025-03-17 00:00,2025-03-17 00:00,9.094947017729282e-13,2.2737367544323206e-13,0,True,Optimization terminated successfully. (HiGHS Status 7: Optimal),774,2.2737367544323206e-13
2025-03-17,6,0.03802704199915752,-562.4623953586287,108,20,2810,2025-02-25|2025-02-26|2025-02-27|2025-02-28|2025-03-01|2025-03-02|2025-03-03|2025-03-04|2025-03-05|2025-03-06|2025-03-07|2025-03-08|2025-03-09|2025-03-10|2025-03-11|2025-03-12|2025-03-13|2025-03-14|2025-03-15|2025-03-16,2025-03-17 06:00,2025-03-17 06:00,9.094947017729282e-13,2.2737367544323206e-13,0,True,Optimization terminated successfully. (HiGHS Status 7: Optimal),563,2.2737367544323206e-13
2025-03-17,12,0.045868875000451226,10967.372095873436,108,20,2810,2025-02-25|2025-02-26|2025-02-27|2025-02-28|2025-03-01|2025-03-02|2025-03-03|2025-03-04|2025-03-05|2025-03-06|2025-03-07|2025-03-08|2025-03-09|2025-03-10|2025-03-11|2025-03-12|2025-03-13|2025-03-14|2025-03-15|2025-03-16,2025-03-17 12:00,2025-03-17 12:00,8.810729923425242e-13,2.2737367544323206e-13,0,True,Optimization terminated successfully. (HiGHS Status 7: Optimal),712,2.2737367544323206e-13
2025-03-17,18,0.04334966599890322,14830.057646833044,108,20,2810,2025-02-25|2025-02-26|2025-02-27|2025-02-28|2025-03-01|2025-03-02|2025-03-03|2025-03-04|2025-03-05|2025-03-06|2025-03-07|2025-03-08|2025-03-09|2025-03-10|2025-03-11|2025-03-12|2025-03-13|2025-03-14|2025-03-15|2025-03-16,2025-03-17 18:00,2025-03-17 18:00,7.958078640513122e-13,2.2737367544323206e-13,0,True,Optimization terminated successfully. (HiGHS Status 7: Optimal),636,2.2737367544323206e-13
2025-03-18,0,0.058854083999904105,2722.9796515690164,144,20,3746,2025-02-26|2025-02-27|2025-02-28|2025-03-01|2025-03-02|2025-03-03|2025-03-04|2025-03-05|2025-03-06|2025-03-07|2025-03-08|2025-03-09|2025-03-10|2025-03-11|2025-03-12|2025-03-13|2025-03-14|2025-03-15|2025-03-16|2025-03-17,2025-03-18 00:00,2025-03-18 00:00,9.094947017729282e-13,2.0463630789890885e-12,0,True,Optimization terminated successfully. (HiGHS Status 7: Optimal),802,1.6370904631912707e-12
2025-03-18,6,0.04366629099968122,720.5455859300441,108,20,2810,2025-02-26|2025-02-27|2025-02-28|2025-03-01|2025-03-02|2025-03-03|2025-03-04|2025-03-05|2025-03-06|2025-03-07|2025-03-08|2025-03-09|2025-03-10|2025-03-11|2025-03-12|2025-03-13|2025-03-14|2025-03-15|2025-03-16|2025-03-17,2025-03-18 06:00,2025-03-18 06:00,9.094947017729282e-13,2.2737367544323206e-13,0,True,Optimization terminated successfully. (HiGHS Status 7: Optimal),699,0.0
2025-03-18,12,0.03956287499931932,9444.593031716258,108,20,2810,2025-02-26|2025-02-27|2025-02-28|2025-03-01|2025-03-02|2025-03-03|2025-03-04|2025-03-05|2025-03-06|2025-03-07|2025-03-08|2025-03-09|2025-03-10|2025-03-11|2025-03-12|2025-03-13|2025-03-14|2025-03-15|2025-03-16|2025-03-17,2025-03-18 12:00,2025-03-18 12:00,9.094947017729282e-13,2.0463630789890885e-12,0,True,Optimization terminated successfully. (HiGHS Status 7: Optimal),626,1.6370904631912707e-12
2025-03-18,18,0.04310458399959316,16284.553233519799,108,20,2810,2025-02-26|2025-02-27|2025-02-28|2025-03-01|2025-03-02|2025-03-03|2025-03-04|2025-03-05|2025-03-06|2025-03-07|2025-03-08|2025-03-09|2025-03-10|2025-03-11|2025-03-12|2025-03-13|2025-03-14|2025-03-15|2025-03-16|2025-03-17,2025-03-18 18:00,2025-03-18 18:00,9.094947017729282e-13,2.0463630789890885e-12,0,True,Optimization terminated successfully. (HiGHS Status 7: Optimal),644,1.6370904631912707e-12
2025-03-19,0,0.057573916999899666,2557.1955579949827,144,20,3746,2025-02-27|2025-02-28|2025-03-01|2025-03-02|2025-03-03|2025-03-04|2025-03-05|2025-03-06|2025-03-07|2025-03-08|2025-03-09|2025-03-10|2025-03-11|2025-03-12|2025-03-13|2025-03-14|2025-03-15|2025-03-16|2025-03-17|2025-03-18,2025-03-19 00:00,2025-03-19 00:00,7.958078640513122e-13,1.1368683772161603e-13,0,True,Optimization terminated successfully. (HiGHS Status 7: Optimal),764,1.7053025658242404e-13
2025-03-19,6,0.05591249999997672,6977.521369825656,108,20,2810,2025-02-27|2025-02-28|2025-03-01|2025-03-02|2025-03-03|2025-03-04|2025-03-05|2025-03-06|2025-03-07|2025-03-08|2025-03-09|2025-03-10|2025-03-11|2025-03-12|2025-03-13|2025-03-14|2025-03-15|2025-03-16|2025-03-17|2025-03-18,2025-03-19 06:00,2025-03-19 06:00,9.094947017729282e-13,1.1368683772161603e-13,0,True,Optimization terminated successfully. (HiGHS Status 7: Optimal),811,0.0
2025-03-19,12,0.046636999999464024,11458.085990471713,108,20,2810,2025-02-27|2025-02-28|2025-03-01|2025-03-02|2025-03-03|2025-03-04|2025-03-05|2025-03-06|2025-03-07|2025-03-08|2025-03-09|2025-03-10|2025-03-11|2025-03-12|2025-03-13|2025-03-14|2025-03-15|2025-03-16|2025-03-17|2025-03-18,2025-03-19 12:00,2025-03-19 12:00,8.846257060213247e-13,2.2737367544323206e-13,0,True,Optimization terminated successfully. (HiGHS Status 7: Optimal),717,1.1368683772161603e-13
2025-03-19,18,0.044804375000239816,16260.393205415266,108,20,2810,2025-02-27|2025-02-28|2025-03-01|2025-03-02|2025-03-03|2025-03-04|2025-03-05|2025-03-06|2025-03-07|2025-03-08|2025-03-09|2025-03-10|2025-03-11|2025-03-12|2025-03-13|2025-03-14|2025-03-15|2025-03-16|2025-03-17|2025-03-18,2025-03-19 18:00,2025-03-19 18:00,6.821210263296962e-13,2.2737367544323206e-13,0,True,Optimization terminated successfully. (HiGHS Status 7: Optimal),633,0.0
2025-03-20,0,0.05653429199992388,2570.218826364158,144,20,3746,2025-02-28|2025-03-01|2025-03-02|2025-03-03|2025-03-04|2025-03-05|2025-03-06|2025-03-07|2025-03-08|2025-03-09|2025-03-10|2025-03-11|2025-03-12|2025-03-13|2025-03-14|2025-03-15|2025-03-16|2025-03-17|2025-03-18|2025-03-19,2025-03-20 00:00,2025-03-20 00:00,9.094947017729282e-13,1.3642420526593924e-12,0,True,Optimization terminated successfully. (HiGHS Status 7: Optimal),769,1.3642420526593924e-12
2025-03-20,6,0.04046904099959647,-489.4761396553628,108,20,2810,2025-02-28|2025-03-01|2025-03-02|2025-03-03|2025-03-04|2025-03-05|2025-03-06|2025-03-07|2025-03-08|2025-03-09|2025-03-10|2025-03-11|2025-03-12|2025-03-13|2025-03-14|2025-03-15|2025-03-16|2025-03-17|2025-03-18|2025-03-19,2025-03-20 06:00,2025-03-20 06:00,9.094947017729282e-13,1.1368683772161603e-13,0,True,Optimization terminated successfully. (HiGHS Status 7: Optimal),636,0.0
2025-03-20,12,0.0384126249991823,4831.927157207164,108,20,2810,2025-02-28|2025-03-01|2025-03-02|2025-03-03|2025-03-04|2025-03-05|2025-03-06|2025-03-07|2025-03-08|2025-03-09|2025-03-10|2025-03-11|2025-03-12|2025-03-13|2025-03-14|2025-03-15|2025-03-16|2025-03-17|2025-03-18|2025-03-19,2025-03-20 12:00,2025-03-20 12:00,9.094947017729282e-13,1.1368683772161603e-13,0,True,Optimization terminated successfully. (HiGHS Status 7: Optimal),618,0.0
2025-03-20,18,0.03336945800037938,5414.6109794075155,108,20,2810,2025-02-28|2025-03-01|2025-03-02|2025-03-03|2025-03-04|2025-03-05|2025-03-06|2025-03-07|2025-03-08|2025-03-09|2025-03-10|2025-03-11|2025-03-12|2025-03-13|2025-03-14|2025-03-15|2025-03-16|2025-03-17|2025-03-18|2025-03-19,2025-03-20 18:00,2025-03-20 18:00,9.094947017729282e-13,1.1368683772161603e-13,0,True,Optimization terminated successfully. (HiGHS Status 7: Optimal),516,0.0
2025-03-21,0,0.04604066700085241,591.549189848466,144,20,3746,2025-03-01|2025-03-02|2025-03-03|2025-03-04|2025-03-05|2025-03-06|2025-03-07|2025-03-08|2025-03-09|2025-03-10|2025-03-11|2025-03-12|2025-03-13|2025-03-14|2025-03-15|2025-03-16|2025-03-17|2025-03-18|2025-03-19|2025-03-20,2025-03-21 00:00,2025-03-21 00:00,9.094947017729282e-13,9.663381206337363e-13,0,True,Optimization terminated successfully. (HiGHS Status 7: Optimal),590,9.094947017729282e-13
2025-03-21,6,0.028852041001300677,390.0577452085588,108,20,2810,2025-03-01|2025-03-02|2025-03-03|2025-03-04|2025-03-05|2025-03-06|2025-03-07|2025-03-08|2025-03-09|2025-03-10|2025-03-11|2025-03-12|2025-03-13|2025-03-14|2025-03-15|2025-03-16|2025-03-17|2025-03-18|2025-03-19|2025-03-20,2025-03-21 06:00,2025-03-21 06:00,9.094947017729282e-13,9.663381206337363e-13,0,True,Optimization terminated successfully. (HiGHS Status 7: Optimal),421,9.094947017729282e-13
2025-03-21,12,0.04102583399981086,5896.22365520704,108,20,2810,2025-03-01|2025-03-02|2025-03-03|2025-03-04|2025-03-05|2025-03-06|2025-03-07|2025-03-08|2025-03-09|2025-03-10|2025-03-11|2025-03-12|2025-03-13|2025-03-14|2025-03-15|2025-03-16|2025-03-17|2025-03-18|2025-03-19|2025-03-20,2025-03-21 12:00,2025-03-21 12:00,9.094947017729282e-13,2.2737367544323206e-13,0,True,Optimization terminated successfully. (HiGHS Status 7: Optimal),557,1.1368683772161603e-13
2025-03-21,18,0.03514491700116196,4946.472435163238,108,20,2810,2025-03-01|2025-03-02|2025-03-03|2025-03-04|2025-03-05|2025-03-06|2025-03-07|2025-03-08|2025-03-09|2025-03-10|2025-03-11|2025-03-12|2025-03-13|2025-03-14|2025-03-15|2025-03-16|2025-03-17|2025-03-18|2025-03-19|2025-03-20,2025-03-21 18:00,2025-03-21 18:00,9.094947017729282e-13,5.684341886080802e-14,0,True,Optimization terminated successfully. (HiGHS Status 7: Optimal),499,5.684341886080802e-14
2025-03-22,0,0.04648424999868439,625.8213466299011,144,20,3746,2025-03-02|2025-03-03|2025-03-04|2025-03-05|2025-03-06|2025-03-07|2025-03-08|2025-03-09|2025-03-10|2025-03-11|2025-03-12|2025-03-13|2025-03-14|2025-03-15|2025-03-16|2025-03-17|2025-03-18|2025-03-19|2025-03-20|2025-03-21,2025-03-22 00:00,2025-03-22 00:00,8.810729923425242e-13,2.2737367544323206e-13,0,True,Optimization terminated successfully. (HiGHS Status 7: Optimal),609,2.2737367544323206e-13
2025-03-22,6,0.03061258300112968,361.3441396738125,108,20,2810,2025-03-02|2025-03-03|2025-03-04|2025-03-05|2025-03-06|2025-03-07|2025-03-08|2025-03-09|2025-03-10|2025-03-11|2025-03-12|2025-03-13|2025-03-14|2025-03-15|2025-03-16|2025-03-17|2025-03-18|2025-03-19|2025-03-20|2025-03-21,2025-03-22 06:00,2025-03-22 06:00,9.094947017729282e-13,2.2737367544323206e-13,0,True,Optimization terminated successfully. (HiGHS Status 7: Optimal),399,2.2737367544323206e-13
2025-03-22,12,0.037361708000389626,9878.406510321096,108,20,2810,2025-03-02|2025-03-03|2025-03-04|2025-03-05|2025-03-06|2025-03-07|2025-03-08|2025-03-09|2025-03-10|2025-03-11|2025-03-12|2025-03-13|2025-03-14|2025-03-15|2025-03-16|2025-03-17|2025-03-18|2025-03-19|2025-03-20|2025-03-21,2025-03-22 12:00,2025-03-22 12:00,8.810729923425242e-13,2.2737367544323206e-13,0,True,Optimization terminated successfully. (HiGHS Status 7: Optimal),552,2.2737367544323206e-13
2025-03-22,18,0.04254329200011853,20427.80753565586,108,20,2810,2025-03-02|2025-03-03|2025-03-04|2025-03-05|2025-03-06|2025-03-07|2025-03-08|2025-03-09|2025-03-10|2025-03-11|2025-03-12|2025-03-13|2025-03-14|2025-03-15|2025-03-16|2025-03-17|2025-03-18|2025-03-19|2025-03-20|2025-03-21,2025-03-22 18:00,2025-03-22 18:00,9.094947017729282e-13,2.2737367544323206e-13,0,True,Optimization terminated successfully. (HiGHS Status 7: Optimal),644,2.2737367544323206e-13
2025-03-23,0,0.05496408299950417,2604.339073608852,144,20,3746,2025-03-03|2025-03-04|2025-03-05|2025-03-06|2025-03-07|2025-03-08|2025-03-09|2025-03-10|2025-03-11|2025-03-12|2025-03-13|2025-03-14|2025-03-15|2025-03-16|2025-03-17|2025-03-18|2025-03-19|2025-03-20|2025-03-21|2025-03-22,2025-03-23 00:00,2025-03-23 00:00,9.094947017729282e-13,1.7053025658242404e-13,0,True,Optimization terminated successfully. (HiGHS Status 7: Optimal),775,1.1368683772161603e-13
2025-03-23,6,0.03678429100000358,111.765675905067,108,20,2810,2025-03-03|2025-03-04|2025-03-05|2025-03-06|2025-03-07|2025-03-08|2025-03-09|2025-03-10|2025-03-11|2025-03-12|2025-03-13|2025-03-14|2025-03-15|2025-03-16|2025-03-17|2025-03-18|2025-03-19|2025-03-20|2025-03-21|2025-03-22,2025-03-23 06:00,2025-03-23 06:00,9.094947017729282e-13,2.2737367544323206e-13,0,True,Optimization terminated successfully. (HiGHS Status 7: Optimal),590,1.1368683772161603e-13
2025-03-23,12,0.036797749999095686,8611.300950945251,108,20,2810,2025-03-03|2025-03-04|2025-03-05|2025-03-06|2025-03-07|2025-03-08|2025-03-09|2025-03-10|2025-03-11|2025-03-12|2025-03-13|2025-03-14|2025-03-15|2025-03-16|2025-03-17|2025-03-18|2025-03-19|2025-03-20|2025-03-21|2025-03-22,2025-03-23 12:00,2025-03-23 12:00,8.810729923425242e-13,2.2737367544323206e-13,0,True,Optimization terminated successfully. (HiGHS Status 7: Optimal),623,1.1368683772161603e-13
2025-03-23,18,0.041924582999854465,19117.710223315764,108,20,2810,2025-03-03|2025-03-04|2025-03-05|2025-03-06|2025-03-07|2025-03-08|2025-03-09|2025-03-10|2025-03-11|2025-03-12|2025-03-13|2025-03-14|2025-03-15|2025-03-16|2025-03-17|2025-03-18|2025-03-19|2025-03-20|2025-03-21|2025-03-22,2025-03-23 18:00,2025-03-23 18:00,9.094947017729282e-13,2.2737367544323206e-13,0,True,Optimization terminated successfully. (HiGHS Status 7: Optimal),640,2.2737367544323206e-13
2025-03-24,0,0.05681262500002049,2509.385131975581,144,20,3746,2025-03-04|2025-03-05|2025-03-06|2025-03-07|2025-03-08|2025-03-09|2025-03-10|2025-03-11|2025-03-12|2025-03-13|2025-03-14|2025-03-15|2025-03-16|2025-03-17|2025-03-18|2025-03-19|2025-03-20|2025-03-21|2025-03-22|2025-03-23,2025-03-24 00:00,2025-03-24 00:00,9.094947017729282e-13,1.8189894035458565e-12,0,True,Optimization terminated successfully. (HiGHS Status 7: Optimal),787,1.8474111129762605e-12
2025-03-24,6,0.042759291998663684,2019.9575214455338,108,20,2810,2025-03-04|2025-03-05|2025-03-06|2025-03-07|2025-03-08|2025-03-09|2025-03-10|2025-03-11|2025-03-12|2025-03-13|2025-03-14|2025-03-15|2025-03-16|2025-03-17|2025-03-18|2025-03-19|2025-03-20|2025-03-21|2025-03-22|2025-03-23,2025-03-24 06:00,2025-03-24 06:00,9.094947017729282e-13,1.1368683772161603e-13,0,True,Optimization terminated successfully. (HiGHS Status 7: Optimal),677,0.0
2025-03-24,12,0.04278708300080325,10906.888363957425,108,20,2810,2025-03-04|2025-03-05|2025-03-06|2025-03-07|2025-03-08|2025-03-09|2025-03-10|2025-03-11|2025-03-12|2025-03-13|2025-03-14|2025-03-15|2025-03-16|2025-03-17|2025-03-18|2025-03-19|2025-03-20|2025-03-21|2025-03-22|2025-03-23,2025-03-24 12:00,2025-03-24 12:00,8.810729923425242e-13,2.2737367544323206e-13,0,True,Optimization terminated successfully. (HiGHS Status 7: Optimal),713,0.0
2025-03-24,18,0.040020417000050656,22254.224057054285,108,20,2810,2025-03-04|2025-03-05|2025-03-06|2025-03-07|2025-03-08|2025-03-09|2025-03-10|2025-03-11|2025-03-12|2025-03-13|2025-03-14|2025-03-15|2025-03-16|2025-03-17|2025-03-18|2025-03-19|2025-03-20|2025-03-21|2025-03-22|2025-03-23,2025-03-24 18:00,2025-03-24 18:00,9.094947017729282e-13,1.1368683772161603e-13,0,True,Optimization terminated successfully. (HiGHS Status 7: Optimal),665,1.1368683772161603e-13
2025-03-25,0,0.052308166999864625,2483.3861691122097,144,20,3746,2025-03-05|2025-03-06|2025-03-07|2025-03-08|2025-03-09|2025-03-10|2025-03-11|2025-03-12|2025-03-13|2025-03-14|2025-03-15|2025-03-16|2025-03-17|2025-03-18|2025-03-19|2025-03-20|2025-03-21|2025-03-22|2025-03-23|2025-03-24,2025-03-25 00:00,2025-03-25 00:00,9.094947017729282e-13,2.2737367544323206e-13,0,True,Optimization terminated successfully. (HiGHS Status 7: Optimal),804,3.410605131648481e-13
2025-03-25,6,0.035609749998911866,-2127.8880271661988,108,20,2810,2025-03-05|2025-03-06|2025-03-07|2025-03-08|2025-03-09|2025-03-10|2025-03-11|2025-03-12|2025-03-13|2025-03-14|2025-03-15|2025-03-16|2025-03-17|2025-03-18|2025-03-19|2025-03-20|2025-03-21|2025-03-22|2025-03-23|2025-03-24,2025-03-25 06:00,2025-03-25 06:00,8.526512829121202e-13,2.2737367544323206e-13,0,True,Optimization terminated successfully. (HiGHS Status 7: Optimal),594,3.410605131648481e-13
2025-03-25,12,0.035895708000680315,8723.234722437286,108,20,2810,2025-03-05|2025-03-06|2025-03-07|2025-03-08|2025-03-09|2025-03-10|2025-03-11|2025-03-12|2025-03-13|2025-03-14|2025-03-15|2025-03-16|2025-03-17|2025-03-18|2025-03-19|2025-03-20|2025-03-21|2025-03-22|2025-03-23|2025-03-24,2025-03-25 12:00,2025-03-25 12:00,1.0231815394945443e-12,2.2737367544323206e-13,0,True,Optimization terminated successfully. (HiGHS Status 7: Optimal),648,3.410605131648481e-13
2025-03-25,18,0.04039812500013795,13842.657266491698,108,20,2810,2025-03-05|2025-03-06|2025-03-07|2025-03-08|2025-03-09|2025-03-10|2025-03-11|2025-03-12|2025-03-13|2025-03-14|2025-03-15|2025-03-16|2025-03-17|2025-03-18|2025-03-19|2025-03-20|2025-03-21|2025-03-22|2025-03-23|2025-03-24,2025-03-25 18:00,2025-03-25 18:00,7.958078640513122e-13,2.2737367544323206e-13,0,True,Optimization terminated successfully. (HiGHS Status 7: Optimal),618,3.410605131648481e-13
2025-03-26,0,0.049732292000044254,1971.1391696207854,144,20,3746,2025-03-06|2025-03-07|2025-03-08|2025-03-09|2025-03-10|2025-03-11|2025-03-12|2025-03-13|2025-03-14|2025-03-15|2025-03-16|2025-03-17|2025-03-18|2025-03-19|2025-03-20|2025-03-21|2025-03-22|2025-03-23|2025-03-24|2025-03-25,2025-03-26 00:00,2025-03-26 00:00,8.171241461241152e-13,4.547473508864641e-13,0,True,Optimization terminated successfully. (HiGHS Status 7: Optimal),770,4.547473508864641e-13
2025-03-26,6,0.03809791700041387,1686.1123772216663,108,20,2810,2025-03-06|2025-03-07|2025-03-08|2025-03-09|2025-03-10|2025-03-11|2025-03-12|2025-03-13|2025-03-14|2025-03-15|2025-03-16|2025-03-17|2025-03-18|2025-03-19|2025-03-20|2025-03-21|2025-03-22|2025-03-23|2025-03-24|2025-03-25,2025-03-26 06:00,2025-03-26 06:00,9.094947017729282e-13,2.2737367544323206e-13,0,True,Optimization terminated successfully. (HiGHS Status 7: Optimal),678,0.0
2025-03-26,12,0.03809820800051966,9154.488413655065,108,20,2810,2025-03-06|2025-03-07|2025-03-08|2025-03-09|2025-03-10|2025-03-11|2025-03-12|2025-03-13|2025-03-14|2025-03-15|2025-03-16|2025-03-17|2025-03-18|2025-03-19|2025-03-20|2025-03-21|2025-03-22|2025-03-23|2025-03-24|2025-03-25,2025-03-26 12:00,2025-03-26 12:00,7.958078640513122e-13,2.2737367544323206e-13,0,True,Optimization terminated successfully. (HiGHS Status 7: Optimal),619,0.0
2025-03-26,18,0.04176266700051201,17457.90957552886,108,20,2810,2025-03-06|2025-03-07|2025-03-08|2025-03-09|2025-03-10|2025-03-11|2025-03-12|2025-03-13|2025-03-14|2025-03-15|2025-03-16|2025-03-17|2025-03-18|2025-03-19|2025-03-20|2025-03-21|2025-03-22|2025-03-23|2025-03-24|2025-03-25,2025-03-26 18:00,2025-03-26 18:00,7.958078640513122e-13,2.2737367544323206e-13,0,True,Optimization terminated successfully. (HiGHS Status 7: Optimal),652,0.0
2025-03-27,0,0.05351945899928978,2315.39945964254,144,20,3746,2025-03-07|2025-03-08|2025-03-09|2025-03-10|2025-03-11|2025-03-12|2025-03-13|2025-03-14|2025-03-15|2025-03-16|2025-03-17|2025-03-18|2025-03-19|2025-03-20|2025-03-21|2025-03-22|2025-03-23|2025-03-24|2025-03-25|2025-03-26,2025-03-27 00:00,2025-03-27 00:00,8.313350008393172e-13,3.410605131648481e-13,0,True,Optimization terminated successfully. (HiGHS Status 7: Optimal),785,3.410605131648481e-13
2025-03-27,6,0.04453374999866355,1728.3706229291972,108,20,2810,2025-03-07|2025-03-08|2025-03-09|2025-03-10|2025-03-11|2025-03-12|2025-03-13|2025-03-14|2025-03-15|2025-03-16|2025-03-17|2025-03-18|2025-03-19|2025-03-20|2025-03-21|2025-03-22|2025-03-23|2025-03-24|2025-03-25|2025-03-26,2025-03-27 06:00,2025-03-27 06:00,9.094947017729282e-13,1.1368683772161603e-13,0,True,Optimization terminated successfully. (HiGHS Status 7: Optimal),681,1.1368683772161603e-13
2025-03-27,12,0.040352833000724786,5234.538298278985,108,20,2810,2025-03-07|2025-03-08|2025-03-09|2025-03-10|2025-03-11|2025-03-12|2025-03-13|2025-03-14|2025-03-15|2025-03-16|2025-03-17|2025-03-18|2025-03-19|2025-03-20|2025-03-21|2025-03-22|2025-03-23|2025-03-24|2025-03-25|2025-03-26,2025-03-27 12:00,2025-03-27 12:00,9.094947017729282e-13,3.410605131648481e-13,0,True,Optimization terminated successfully. (HiGHS Status 7: Optimal),611,3.410605131648481e-13
2025-03-27,18,0.040743457999269594,6330.10083346357,108,20,2810,2025-03-07|2025-03-08|2025-03-09|2025-03-10|2025-03-11|2025-03-12|2025-03-13|2025-03-14|2025-03-15|2025-03-16|2025-03-17|2025-03-18|2025-03-19|2025-03-20|2025-03-21|2025-03-22|2025-03-23|2025-03-24|2025-03-25|2025-03-26,2025-03-27 18:00,2025-03-27 18:00,4.547473508864641e-13,3.410605131648481e-13,0,True,Optimization terminated successfully. (HiGHS Status 7: Optimal),549,3.410605131648481e-13
2025-03-28,0,0.05838904200027173,602.7080729717505,144,20,3746,2025-03-08|2025-03-09|2025-03-10|2025-03-11|2025-03-12|2025-03-13|2025-03-14|2025-03-15|2025-03-16|2025-03-17|2025-03-18|2025-03-19|2025-03-20|2025-03-21|2025-03-22|2025-03-23|2025-03-24|2025-03-25|2025-03-26|2025-03-27,2025-03-28 00:00,2025-03-28 00:00,8.810729923425242e-13,2.2737367544323206e-13,0,True,Optimization terminated successfully. (HiGHS Status 7: Optimal),592,2.8421709430404007e-13
2025-03-28,6,0.039927833999172435,336.6701796767091,108,20,2810,2025-03-08|2025-03-09|2025-03-10|2025-03-11|2025-03-12|2025-03-13|2025-03-14|2025-03-15|2025-03-16|2025-03-17|2025-03-18|2025-03-19|2025-03-20|2025-03-21|2025-03-22|2025-03-23|2025-03-24|2025-03-25|2025-03-26|2025-03-27,2025-03-28 06:00,2025-03-28 06:00,8.526512829121202e-13,2.2737367544323206e-13,0,True,Optimization terminated successfully. (HiGHS Status 7: Optimal),389,2.8421709430404007e-13
2025-03-28,12,0.0457728750006936,5695.938717917725,108,20,2810,2025-03-08|2025-03-09|2025-03-10|2025-03-11|2025-03-12|2025-03-13|2025-03-14|2025-03-15|2025-03-16|2025-03-17|2025-03-18|2025-03-19|2025-03-20|2025-03-21|2025-03-22|2025-03-23|2025-03-24|2025-03-25|2025-03-26|2025-03-27,2025-03-28 12:00,2025-03-28 12:00,8.810729923425242e-13,2.2737367544323206e-13,0,True,Optimization terminated successfully. (HiGHS Status 7: Optimal),537,2.8421709430404007e-13
2025-03-28,18,0.052082834001339506,6469.242832219531,108,20,2810,2025-03-08|2025-03-09|2025-03-10|2025-03-11|2025-03-12|2025-03-13|2025-03-14|2025-03-15|2025-03-16|2025-03-17|2025-03-18|2025-03-19|2025-03-20|2025-03-21|2025-03-22|2025-03-23|2025-03-24|2025-03-25|2025-03-26|2025-03-27,2025-03-28 18:00,2025-03-28 18:00,5.684341886080801e-13,2.2737367544323206e-13,0,True,Optimization terminated successfully. (HiGHS Status 7: Optimal),558,2.8421709430404007e-13
2025-03-29,0,0.056483374999515945,550.8043205241759,144,20,3746,2025-03-09|2025-03-10|2025-03-11|2025-03-12|2025-03-13|2025-03-14|2025-03-15|2025-03-16|2025-03-17|2025-03-18|2025-03-19|2025-03-20|2025-03-21|2025-03-22|2025-03-23|2025-03-24|2025-03-25|2025-03-26|2025-03-27|2025-03-28,2025-03-29 00:00,2025-03-29 00:00,7.958078640513122e-13,2.2737367544323206e-13,0,True,Optimization terminated successfully. (HiGHS Status 7: Optimal),580,1.7053025658242404e-13
2025-03-29,6,0.041637541999079986,802.761958483461,108,20,2810,2025-03-09|2025-03-10|2025-03-11|2025-03-12|2025-03-13|2025-03-14|2025-03-15|2025-03-16|2025-03-17|2025-03-18|2025-03-19|2025-03-20|2025-03-21|2025-03-22|2025-03-23|2025-03-24|2025-03-25|2025-03-26|2025-03-27|2025-03-28,2025-03-29 06:00,2025-03-29 06:00,8.526512829121202e-13,2.2737367544323206e-13,0,True,Optimization terminated successfully. (HiGHS Status 7: Optimal),435,1.7053025658242404e-13
2025-03-29,12,0.05112595799982955,10073.258666897316,108,20,2810,2025-03-09|2025-03-10|2025-03-11|2025-03-12|2025-03-13|2025-03-14|2025-03-15|2025-03-16|2025-03-17|2025-03-18|2025-03-19|2025-03-20|2025-03-21|2025-03-22|2025-03-23|2025-03-24|2025-03-25|2025-03-26|2025-03-27|2025-03-28,2025-03-29 12:00,2025-03-29 12:00,8.846257060213247e-13,2.2737367544323206e-13,0,True,Optimization terminated successfully. (HiGHS Status 7: Optimal),593,2.8421709430404007e-13
2025-03-29,18,0.04988295799921616,14708.24469401168,108,20,2810,2025-03-09|2025-03-10|2025-03-11|2025-03-12|2025-03-13|2025-03-14|2025-03-15|2025-03-16|2025-03-17|2025-03-18|2025-03-19|2025-03-20|2025-03-21|2025-03-22|2025-03-23|2025-03-24|2025-03-25|2025-03-26|2025-03-27|2025-03-28,2025-03-29 18:00,2025-03-29 18:00,7.958078640513122e-13,2.2737367544323206e-13,0,True,Optimization terminated successfully. (HiGHS Status 7: Optimal),630,2.8421709430404007e-13
2025-03-30,0,0.05794070799856854,2262.975012573871,144,20,3746,2025-03-10|2025-03-11|2025-03-12|2025-03-13|2025-03-14|2025-03-15|2025-03-16|2025-03-17|2025-03-18|2025-03-19|2025-03-20|2025-03-21|2025-03-22|2025-03-23|2025-03-24|2025-03-25|2025-03-26|2025-03-27|2025-03-28|2025-03-29,2025-03-30 00:00,2025-03-30 00:00,9.094947017729282e-13,9.663381206337363e-13,0,True,Optimization terminated successfully. (HiGHS Status 7: Optimal),783,9.094947017729282e-13
2025-03-30,6,0.04496462500173948,-869.7483460818904,108,20,2810,2025-03-10|2025-03-11|2025-03-12|2025-03-13|2025-03-14|2025-03-15|2025-03-16|2025-03-17|2025-03-18|2025-03-19|2025-03-20|2025-03-21|2025-03-22|2025-03-23|2025-03-24|2025-03-25|2025-03-26|2025-03-27|2025-03-28|2025-03-29,2025-03-30 06:00,2025-03-30 06:00,9.094947017729282e-13,1.1368683772161603e-13,0,True,Optimization terminated successfully. (HiGHS Status 7: Optimal),597,0.0
2025-03-30,12,0.04462641600002826,8830.22274710502,108,20,2810,2025-03-10|2025-03-11|2025-03-12|2025-03-13|2025-03-14|2025-03-15|2025-03-16|2025-03-17|2025-03-18|2025-03-19|2025-03-20|2025-03-21|2025-03-22|2025-03-23|2025-03-24|2025-03-25|2025-03-26|2025-03-27|2025-03-28|2025-03-29,2025-03-30 12:00,2025-03-30 12:00,8.810729923425242e-13,2.2737367544323206e-13,0,True,Optimization terminated successfully. (HiGHS Status 7: Optimal),610,0.0
2025-03-30,18,0.049695292000251357,15639.941832180026,108,20,2810,2025-03-10|2025-03-11|2025-03-12|2025-03-13|2025-03-14|2025-03-15|2025-03-16|2025-03-17|2025-03-18|2025-03-19|2025-03-20|2025-03-21|2025-03-22|2025-03-23|2025-03-24|2025-03-25|2025-03-26|2025-03-27|2025-03-28|2025-03-29,2025-03-30 18:00,2025-03-30 18:00,6.821210263296962e-13,1.1368683772161603e-13,0,True,Optimization terminated successfully. (HiGHS Status 7: Optimal),646,0.0
2025-03-31,0,0.058977874999982305,1957.778739611497,144,20,3746,2025-03-11|2025-03-12|2025-03-13|2025-03-14|2025-03-15|2025-03-16|2025-03-17|2025-03-18|2025-03-19|2025-03-20|2025-03-21|2025-03-22|2025-03-23|2025-03-24|2025-03-25|2025-03-26|2025-03-27|2025-03-28|2025-03-29|2025-03-30,2025-03-31 00:00,2025-03-31 00:00,8.100187187665142e-13,2.2737367544323206e-13,0,True,Optimization terminated successfully. (HiGHS Status 7: Optimal),749,3.410605131648481e-13
2025-03-31,6,0.05369024999890826,8667.08779439319,108,20,2810,2025-03-11|2025-03-12|2025-03-13|2025-03-14|2025-03-15|2025-03-16|2025-03-17|2025-03-18|2025-03-19|2025-03-20|2025-03-21|2025-03-22|2025-03-23|2025-03-24|2025-03-25|2025-03-26|2025-03-27|2025-03-28|2025-03-29|2025-03-30,2025-03-31 06:00,2025-03-31 06:00,9.094947017729282e-13,1.1368683772161603e-13,0,True,Optimization terminated successfully. (HiGHS Status 7: Optimal),825,0.0
2025-03-31,12,0.042963832998793805,10182.651960296704,108,20,2810,2025-03-11|2025-03-12|2025-03-13|2025-03-14|2025-03-15|2025-03-16|2025-03-17|2025-03-18|2025-03-19|2025-03-20|2025-03-21|2025-03-22|2025-03-23|2025-03-24|2025-03-25|2025-03-26|2025-03-27|2025-03-28|2025-03-29|2025-03-30,2025-03-31 12:00,2025-03-31 12:00,9.094947017729282e-13,1.1368683772161603e-13,0,True,Optimization terminated successfully. (HiGHS Status 7: Optimal),655,0.0
2025-03-31,18,0.04570087499996589,13852.993702548827,108,20,2810,2025-03-11|2025-03-12|2025-03-13|2025-03-14|2025-03-15|2025-03-16|2025-03-17|2025-03-18|2025-03-19|2025-03-20|2025-03-21|2025-03-22|2025-03-23|2025-03-24|2025-03-25|2025-03-26|2025-03-27|2025-03-28|2025-03-29|2025-03-30,2025-03-31 18:00,2025-03-31 18:00,6.821210263296962e-13,1.1368683772161603e-13,0,True,Optimization terminated successfully. (HiGHS Status 7: Optimal),627,0.0
2025-04-01,0,0.06869070799984911,2078.6279466579967,144,20,3746,2025-03-12|2025-03-13|2025-03-14|2025-03-15|2025-03-16|2025-03-17|2025-03-18|2025-03-19|2025-03-20|2025-03-21|2025-03-22|2025-03-23|2025-03-24|2025-03-25|2025-03-26|2025-03-27|2025-03-28|2025-03-29|2025-03-30|2025-03-31,2025-04-01 00:00,2025-04-01 00:00,9.094947017729282e-13,1.1368683772161603e-13,0,True,Optimization terminated successfully. (HiGHS Status 7: Optimal),795,1.1368683772161603e-13
2025-04-01,6,0.04895537500124192,1248.0100636888492,108,20,2810,2025-03-12|2025-03-13|2025-03-14|2025-03-15|2025-03-16|2025-03-17|2025-03-18|2025-03-19|2025-03-20|2025-03-21|2025-03-22|2025-03-23|2025-03-24|2025-03-25|2025-03-26|2025-03-27|2025-03-28|2025-03-29|2025-03-30|2025-03-31,2025-04-01 06:00,2025-04-01 06:00,8.384404281969182e-13,2.2737367544323206e-13,0,True,Optimization terminated successfully. (HiGHS Status 7: Optimal),664,0.0
2025-04-01,12,0.04931066599965561,9670.637544303147,108,20,2810,2025-03-12|2025-03-13|2025-03-14|2025-03-15|2025-03-16|2025-03-17|2025-03-18|2025-03-19|2025-03-20|2025-03-21|2025-03-22|2025-03-23|2025-03-24|2025-03-25|2025-03-26|2025-03-27|2025-03-28|2025-03-29|2025-03-30|2025-03-31,2025-04-01 12:00,2025-04-01 12:00,8.881784197001252e-13,1.1368683772161603e-13,0,True,Optimization terminated successfully. (HiGHS Status 7: Optimal),640,0.0
2025-04-01,18,0.05221795799843676,23289.53392415509,108,20,2810,2025-03-12|2025-03-13|2025-03-14|2025-03-15|2025-03-16|2025-03-17|2025-03-18|2025-03-19|2025-03-20|2025-03-21|2025-03-22|2025-03-23|2025-03-24|2025-03-25|2025-03-26|2025-03-27|2025-03-28|2025-03-29|2025-03-30|2025-03-31,2025-04-01 18:00,2025-04-01 18:00,9.094947017729282e-13,1.1368683772161603e-13,0,True,Optimization terminated successfully. (HiGHS Status 7: Optimal),668,0.0
2025-04-02,0,0.06862529200043355,1991.2354148480404,144,20,3746,2025-03-13|2025-03-14|2025-03-15|2025-03-16|2025-03-17|2025-03-18|2025-03-19|2025-03-20|2025-03-21|2025-03-22|2025-03-23|2025-03-24|2025-03-25|2025-03-26|2025-03-27|2025-03-28|2025-03-29|2025-03-30|2025-03-31|2025-04-01,2025-04-02 00:00,2025-04-02 00:00,9.094947017729282e-13,1.1368683772161603e-13,0,True,Optimization terminated successfully. (HiGHS Status 7: Optimal),780,2.2737367544323206e-13
2025-04-02,6,0.0591155419988354,2346.980002034156,108,20,2810,2025-03-13|2025-03-14|2025-03-15|2025-03-16|2025-03-17|2025-03-18|2025-03-19|2025-03-20|2025-03-21|2025-03-22|2025-03-23|2025-03-24|2025-03-25|2025-03-26|2025-03-27|2025-03-28|2025-03-29|2025-03-30|2025-03-31|2025-04-01,2025-04-02 06:00,2025-04-02 06:00,9.094947017729282e-13,1.1368683772161603e-13,0,True,Optimization terminated successfully. (HiGHS Status 7: Optimal),748,2.2737367544323206e-13
2025-04-02,12,0.04892208300043421,10113.50956337978,108,20,2810,2025-03-13|2025-03-14|2025-03-15|2025-03-16|2025-03-17|2025-03-18|2025-03-19|2025-03-20|2025-03-21|2025-03-22|2025-03-23|2025-03-24|2025-03-25|2025-03-26|2025-03-27|2025-03-28|2025-03-29|2025-03-30|2025-03-31|2025-04-01,2025-04-02 12:00,2025-04-02 12:00,8.668621376273222e-13,1.1368683772161603e-13,0,True,Optimization terminated successfully. (HiGHS Status 7: Optimal),625,2.2737367544323206e-13
2025-04-02,18,0.052220999999917694,13870.654619580424,108,20,2810,2025-03-13|2025-03-14|2025-03-15|2025-03-16|2025-03-17|2025-03-18|2025-03-19|2025-03-20|2025-03-21|2025-03-22|2025-03-23|2025-03-24|2025-03-25|2025-03-26|2025-03-27|2025-03-28|2025-03-29|2025-03-30|2025-03-31|2025-04-01,2025-04-02 18:00,2025-04-02 18:00,1.0231815394945443e-12,2.2737367544323206e-13,0,True,Optimization terminated successfully. (HiGHS Status 7: Optimal),604,2.2737367544323206e-13
2025-04-03,0,0.06863816700024472,1794.1759139467713,144,20,3746,2025-03-14|2025-03-15|2025-03-16|2025-03-17|2025-03-18|2025-03-19|2025-03-20|2025-03-21|2025-03-22|2025-03-23|2025-03-24|2025-03-25|2025-03-26|2025-03-27|2025-03-28|2025-03-29|2025-03-30|2025-03-31|2025-04-01|2025-04-02,2025-04-03 00:00,2025-04-03 00:00,9.094947017729282e-13,6.536993168992922e-13,0,True,Optimization terminated successfully. (HiGHS Status 7: Optimal),762,6.536993168992922e-13
2025-04-03,6,0.04316929199922015,-873.5374772602679,108,20,2810,2025-03-14|2025-03-15|2025-03-16|2025-03-17|2025-03-18|2025-03-19|2025-03-20|2025-03-21|2025-03-22|2025-03-23|2025-03-24|2025-03-25|2025-03-26|2025-03-27|2025-03-28|2025-03-29|2025-03-30|2025-03-31|2025-04-01|2025-04-02,2025-04-03 06:00,2025-04-03 06:00,9.094947017729282e-13,2.2737367544323206e-13,0,True,Optimization terminated successfully. (HiGHS Status 7: Optimal),548,2.2737367544323206e-13
2025-04-03,12,0.04038579099869821,4884.55117131454,108,20,2810,2025-03-14|2025-03-15|2025-03-16|2025-03-17|2025-03-18|2025-03-19|2025-03-20|2025-03-21|2025-03-22|2025-03-23|2025-03-24|2025-03-25|2025-03-26|2025-03-27|2025-03-28|2025-03-29|2025-03-30|2025-03-31|2025-04-01|2025-04-02,2025-04-03 12:00,2025-04-03 12:00,8.526512829121202e-13,1.1368683772161603e-13,0,True,Optimization terminated successfully. (HiGHS Status 7: Optimal),599,0.0
2025-04-03,18,0.03471870799876342,5140.05734556336,108,20,2810,2025-03-14|2025-03-15|2025-03-16|2025-03-17|2025-03-18|2025-03-19|2025-03-20|2025-03-21|2025-03-22|2025-03-23|2025-03-24|2025-03-25|2025-03-26|2025-03-27|2025-03-28|2025-03-29|2025-03-30|2025-03-31|2025-04-01|2025-04-02,2025-04-03 18:00,2025-04-03 18:00,4.547473508864641e-13,2.2737367544323206e-13,0,True,Optimization terminated successfully. (HiGHS Status 7: Optimal),518,0.0
2025-04-04,0,0.04792216700116114,545.5952587455158,144,20,3746,2025-03-15|2025-03-16|2025-03-17|2025-03-18|2025-03-19|2025-03-20|2025-03-21|2025-03-22|2025-03-23|2025-03-24|2025-03-25|2025-03-26|2025-03-27|2025-03-28|2025-03-29|2025-03-30|2025-03-31|2025-04-01|2025-04-02|2025-04-03,2025-04-04 00:00,2025-04-04 00:00,1.0231815394945443e-12,6.252776074688882e-13,0,True,Optimization terminated successfully. (HiGHS Status 7: Optimal),562,6.821210263296962e-13
2025-04-04,6,0.03156750000016473,229.1816825443123,108,20,2810,2025-03-15|2025-03-16|2025-03-17|2025-03-18|2025-03-19|2025-03-20|2025-03-21|2025-03-22|2025-03-23|2025-03-24|2025-03-25|2025-03-26|2025-03-27|2025-03-28|2025-03-29|2025-03-30|2025-03-31|2025-04-01|2025-04-02|2025-04-03,2025-04-04 06:00,2025-04-04 06:00,1.0231815394945443e-12,2.2737367544323206e-13,0,True,Optimization terminated successfully. (HiGHS Status 7: Optimal),354,2.8421709430404007e-13
2025-04-04,12,0.04034979199968802,5946.223314816175,108,20,2810,2025-03-15|2025-03-16|2025-03-17|2025-03-18|2025-03-19|2025-03-20|2025-03-21|2025-03-22|2025-03-23|2025-03-24|2025-03-25|2025-03-26|2025-03-27|2025-03-28|2025-03-29|2025-03-30|2025-03-31|2025-04-01|2025-04-02|2025-04-03,2025-04-04 12:00,2025-04-04 12:00,8.526512829121202e-13,2.2737367544323206e-13,0,True,Optimization terminated successfully. (HiGHS Status 7: Optimal),547,2.8421709430404007e-13
2025-04-04,18,0.04313091699987126,5834.71692039921,108,20,2810,2025-03-15|2025-03-16|2025-03-17|2025-03-18|2025-03-19|2025-03-20|2025-03-21|2025-03-22|2025-03-23|2025-03-24|2025-03-25|2025-03-26|2025-03-27|2025-03-28|2025-03-29|2025-03-30|2025-03-31|2025-04-01|2025-04-02|2025-04-03,2025-04-04 18:00,2025-04-04 18:00,1.0231815394945443e-12,6.252776074688882e-13,0,True,Optimization terminated successfully. (HiGHS Status 7: Optimal),555,6.821210263296962e-13
2025-04-05,0,0.04665166599988879,541.0951242058504,144,20,3746,2025-03-16|2025-03-17|2025-03-18|2025-03-19|2025-03-20|2025-03-21|2025-03-22|2025-03-23|2025-03-24|2025-03-25|2025-03-26|2025-03-27|2025-03-28|2025-03-29|2025-03-30|2025-03-31|2025-04-01|2025-04-02|2025-04-03|2025-04-04,2025-04-05 00:00,2025-04-05 00:00,8.526512829121202e-13,9.663381206337363e-13,0,True,Optimization terminated successfully. (HiGHS Status 7: Optimal),573,9.592326932761353e-13
2025-04-05,6,0.033356999998432,440.00958686896934,108,20,2810,2025-03-16|2025-03-17|2025-03-18|2025-03-19|2025-03-20|2025-03-21|2025-03-22|2025-03-23|2025-03-24|2025-03-25|2025-03-26|2025-03-27|2025-03-28|2025-03-29|2025-03-30|2025-03-31|2025-04-01|2025-04-02|2025-04-03|2025-04-04,2025-04-05 06:00,2025-04-05 06:00,8.526512829121202e-13,2.2737367544323206e-13,0,True,Optimization terminated successfully. (HiGHS Status 7: Optimal),435,2.2737367544323206e-13
2025-04-05,12,0.04226783299964154,10089.705336117324,108,20,2810,2025-03-16|2025-03-17|2025-03-18|2025-03-19|2025-03-20|2025-03-21|2025-03-22|2025-03-23|2025-03-24|2025-03-25|2025-03-26|2025-03-27|2025-03-28|2025-03-29|2025-03-30|2025-03-31|2025-04-01|2025-04-02|2025-04-03|2025-04-04,2025-04-05 12:00,2025-04-05 12:00,9.094947017729282e-13,5.684341886080802e-14,0,True,Optimization terminated successfully. (HiGHS Status 7: Optimal),570,1.1368683772161603e-13
2025-04-05,18,0.043089832999612554,14547.306587491938,108,20,2810,2025-03-16|2025-03-17|2025-03-18|2025-03-19|2025-03-20|2025-03-21|2025-03-22|2025-03-23|2025-03-24|2025-03-25|2025-03-26|2025-03-27|2025-03-28|2025-03-29|2025-03-30|2025-03-31|2025-04-01|2025-04-02|2025-04-03|2025-04-04,2025-04-05 18:00,2025-04-05 18:00,9.094947017729282e-13,4.547473508864641e-13,0,True,Optimization terminated successfully. (HiGHS Status 7: Optimal),615,4.547473508864641e-13
2025-04-06,0,0.05767362500046147,2228.0306724621278,144,20,3746,2025-03-17|2025-03-18|2025-03-19|2025-03-20|2025-03-21|2025-03-22|2025-03-23|2025-03-24|2025-03-25|2025-03-26|2025-03-27|2025-03-28|2025-03-29|2025-03-30|2025-03-31|2025-04-01|2025-04-02|2025-04-03|2025-04-04|2025-04-05,2025-04-06 00:00,2025-04-06 00:00,9.094947017729282e-13,2.2737367544323206e-13,0,True,Optimization terminated successfully. (HiGHS Status 7: Optimal),763,3.410605131648481e-13
2025-04-06,6,0.04444429200157174,189.15244273200938,108,20,2810,2025-03-17|2025-03-18|2025-03-19|2025-03-20|2025-03-21|2025-03-22|2025-03-23|2025-03-24|2025-03-25|2025-03-26|2025-03-27|2025-03-28|2025-03-29|2025-03-30|2025-03-31|2025-04-01|2025-04-02|2025-04-03|2025-04-04|2025-04-05,2025-04-06 06:00,2025-04-06 06:00,9.094947017729282e-13,1.1368683772161603e-13,0,True,Optimization terminated successfully. (HiGHS Status 7: Optimal),600,2.2737367544323206e-13
2025-04-06,12,0.04225074999885692,10650.342010393495,108,20,2810,2025-03-17|2025-03-18|2025-03-19|2025-03-20|2025-03-21|2025-03-22|2025-03-23|2025-03-24|2025-03-25|2025-03-26|2025-03-27|2025-03-28|2025-03-29|2025-03-30|2025-03-31|2025-04-01|2025-04-02|2025-04-03|2025-04-04|2025-04-05,2025-04-06 12:00,2025-04-06 12:00,9.094947017729282e-13,1.1368683772161603e-13,0,True,Optimization terminated successfully. (HiGHS Status 7: Optimal),688,2.2737367544323206e-13
2025-04-06,18,0.04170700000031502,12340.134042988882,108,20,2810,2025-03-17|2025-03-18|2025-03-19|2025-03-20|2025-03-21|2025-03-22|2025-03-23|2025-03-24|2025-03-25|2025-03-26|2025-03-27|2025-03-28|2025-03-29|2025-03-30|2025-03-31|2025-04-01|2025-04-02|2025-04-03|2025-04-04|2025-04-05,2025-04-06 18:00,2025-04-06 18:00,9.094947017729282e-13,7.958078640513122e-13,0,True,Optimization terminated successfully. (HiGHS Status 7: Optimal),607,7.958078640513122e-13
2025-04-07,0,0.05515095900045708,1552.898481304297,144,20,3746,2025-03-18|2025-03-19|2025-03-20|2025-03-21|2025-03-22|2025-03-23|2025-03-24|2025-03-25|2025-03-26|2025-03-27|2025-03-28|2025-03-29|2025-03-30|2025-03-31|2025-04-01|2025-04-02|2025-04-03|2025-04-04|2025-04-05|2025-04-06,2025-04-07 00:00,2025-04-07 00:00,9.094947017729282e-13,1.1368683772161603e-13,0,True,Optimization terminated successfully. (HiGHS Status 7: Optimal),724,1.1368683772161603e-13
2025-04-07,6,0.048021582999353996,3707.250720417086,108,20,2810,2025-03-18|2025-03-19|2025-03-20|2025-03-21|2025-03-22|2025-03-23|2025-03-24|2025-03-25|2025-03-26|2025-03-27|2025-03-28|2025-03-29|2025-03-30|2025-03-31|2025-04-01|2025-04-02|2025-04-03|2025-04-04|2025-04-05|2025-04-06,2025-04-07 06:00,2025-04-07 06:00,8.810729923425242e-13,1.1368683772161603e-13,0,True,Optimization terminated successfully. (HiGHS Status 7: Optimal),715,1.1368683772161603e-13
2025-04-07,12,0.04483158299990464,11442.37800769593,108,20,2810,2025-03-18|2025-03-19|2025-03-20|2025-03-21|2025-03-22|2025-03-23|2025-03-24|2025-03-25|2025-03-26|2025-03-27|2025-03-28|2025-03-29|2025-03-30|2025-03-31|2025-04-01|2025-04-02|2025-04-03|2025-04-04|2025-04-05|2025-04-06,2025-04-07 12:00,2025-04-07 12:00,8.881784197001252e-13,1.1368683772161603e-13,0,True,Optimization terminated successfully. (HiGHS Status 7: Optimal),695,1.1368683772161603e-13
2025-04-07,18,0.04200899999887042,12748.100927951622,108,20,2810,2025-03-18|2025-03-19|2025-03-20|2025-03-21|2025-03-22|2025-03-23|2025-03-24|2025-03-25|2025-03-26|2025-03-27|2025-03-28|2025-03-29|2025-03-30|2025-03-31|2025-04-01|2025-04-02|2025-04-03|2025-04-04|2025-04-05|2025-04-06,2025-04-07 18:00,2025-04-07 18:00,9.094947017729282e-13,0.0,0,True,Optimization terminated successfully. (HiGHS Status 7: Optimal),608,1.1368683772161603e-13
2025-04-08,0,0.05320995800138917,2057.311368071952,144,20,3746,2025-03-19|2025-03-20|2025-03-21|2025-03-22|2025-03-23|2025-03-24|2025-03-25|2025-03-26|2025-03-27|2025-03-28|2025-03-29|2025-03-30|2025-03-31|2025-04-01|2025-04-02|2025-04-03|2025-04-04|2025-04-05|2025-04-06|2025-04-07,2025-04-08 00:00,2025-04-08 00:00,9.094947017729282e-13,1.7053025658242404e-13,0,True,Optimization terminated successfully. (HiGHS Status 7: Optimal),765,1.1368683772161603e-13
2025-04-08,6,0.040382625000347616,-47.74815566993926,108,20,2810,2025-03-19|2025-03-20|2025-03-21|2025-03-22|2025-03-23|2025-03-24|2025-03-25|2025-03-26|2025-03-27|2025-03-28|2025-03-29|2025-03-30|2025-03-31|2025-04-01|2025-04-02|2025-04-03|2025-04-04|2025-04-05|2025-04-06|2025-04-07,2025-04-08 06:00,2025-04-08 06:00,8.100187187665142e-13,1.1368683772161603e-13,0,True,Optimization terminated successfully. (HiGHS Status 7: Optimal),602,1.1368683772161603e-13
2025-04-08,12,0.04044570800033398,9322.023850071975,108,20,2810,2025-03-19|2025-03-20|2025-03-21|2025-03-22|2025-03-23|2025-03-24|2025-03-25|2025-03-26|2025-03-27|2025-03-28|2025-03-29|2025-03-30|2025-03-31|2025-04-01|2025-04-02|2025-04-03|2025-04-04|2025-04-05|2025-04-06|2025-04-07,2025-04-08 12:00,2025-04-08 12:00,9.094947017729282e-13,1.1368683772161603e-13,0,True,Optimization terminated successfully. (HiGHS Status 7: Optimal),638,0.0
2025-04-08,18,0.0434069160000945,15812.233998300682,108,20,2810,2025-03-19|2025-03-20|2025-03-21|2025-03-22|2025-03-23|2025-03-24|2025-03-25|2025-03-26|2025-03-27|2025-03-28|2025-03-29|2025-03-30|2025-03-31|2025-04-01|2025-04-02|2025-04-03|2025-04-04|2025-04-05|2025-04-06|2025-04-07,2025-04-08 18:00,2025-04-08 18:00,9.094947017729282e-13,0.0,0,True,Optimization terminated successfully. (HiGHS Status 7: Optimal),644,0.0
2025-04-09,0,0.05543233400021563,2088.1608045499165,144,20,3746,2025-03-20|2025-03-21|2025-03-22|2025-03-23|2025-03-24|2025-03-25|2025-03-26|2025-03-27|2025-03-28|2025-03-29|2025-03-30|2025-03-31|2025-04-01|2025-04-02|2025-04-03|2025-04-04|2025-04-05|2025-04-06|2025-04-07|2025-04-08,2025-04-09 00:00,2025-04-09 00:00,9.094947017729282e-13,1.3642420526593924e-12,0,True,Optimization terminated successfully. (HiGHS Status 7: Optimal),768,1.3145040611561853e-12
2025-04-09,6,0.05329716699998244,2696.318626791171,108,20,2810,2025-03-20|2025-03-21|2025-03-22|2025-03-23|2025-03-24|2025-03-25|2025-03-26|2025-03-27|2025-03-28|2025-03-29|2025-03-30|2025-03-31|2025-04-01|2025-04-02|2025-04-03|2025-04-04|2025-04-05|2025-04-06|2025-04-07|2025-04-08,2025-04-09 06:00,2025-04-09 06:00,9.094947017729282e-13,1.1368683772161603e-13,0,True,Optimization terminated successfully. (HiGHS Status 7: Optimal),760,0.0
2025-04-09,12,0.042236916999172536,10353.29053602985,108,20,2810,2025-03-20|2025-03-21|2025-03-22|2025-03-23|2025-03-24|2025-03-25|2025-03-26|2025-03-27|2025-03-28|2025-03-29|2025-03-30|2025-03-31|2025-04-01|2025-04-02|2025-04-03|2025-04-04|2025-04-05|2025-04-06|2025-04-07|2025-04-08,2025-04-09 12:00,2025-04-09 12:00,7.283063041541027e-13,1.1368683772161603e-13,0,True,Optimization terminated successfully. (HiGHS Status 7: Optimal),677,0.0
2025-04-09,18,0.04177962500034482,17229.922322773655,108,20,2810,2025-03-20|2025-03-21|2025-03-22|2025-03-23|2025-03-24|2025-03-25|2025-03-26|2025-03-27|2025-03-28|2025-03-29|2025-03-30|2025-03-31|2025-04-01|2025-04-02|2025-04-03|2025-04-04|2025-04-05|2025-04-06|2025-04-07|2025-04-08,2025-04-09 18:00,2025-04-09 18:00,6.821210263296962e-13,1.1368683772161603e-13,0,True,Optimization terminated successfully. (HiGHS Status 7: Optimal),635,0.0
2025-04-10,0,0.05768849999913073,1983.725224495654,144,20,3746,2025-03-21|2025-03-22|2025-03-23|2025-03-24|2025-03-25|2025-03-26|2025-03-27|2025-03-28|2025-03-29|2025-03-30|2025-03-31|2025-04-01|2025-04-02|2025-04-03|2025-04-04|2025-04-05|2025-04-06|2025-04-07|2025-04-08|2025-04-09,2025-04-10 00:00,2025-04-10 00:00,8.242295734817162e-13,5.542233338928781e-13,0,True,Optimization terminated successfully. (HiGHS Status 7: Optimal),768,5.542233338928781e-13
2025-04-10,6,0.047926332999850274,1898.5847222196899,108,20,2810,2025-03-21|2025-03-22|2025-03-23|2025-03-24|2025-03-25|2025-03-26|2025-03-27|2025-03-28|2025-03-29|2025-03-30|2025-03-31|2025-04-01|2025-04-02|2025-04-03|2025-04-04|2025-04-05|2025-04-06|2025-04-07|2025-04-08|2025-04-09,2025-04-10 06:00,2025-04-10 06:00,8.810729923425242e-13,1.1368683772161603e-13,0,True,Optimization terminated successfully. (HiGHS Status 7: Optimal),679,0.0
2025-04-10,12,0.03819974999896658,5357.202483713617,108,20,2810,2025-03-21|2025-03-22|2025-03-23|2025-03-24|2025-03-25|2025-03-26|2025-03-27|2025-03-28|2025-03-29|2025-03-30|2025-03-31|2025-04-01|2025-04-02|2025-04-03|2025-04-04|2025-04-05|2025-04-06|2025-04-07|2025-04-08|2025-04-09,2025-04-10 12:00,2025-04-10 12:00,8.668621376273222e-13,1.1368683772161603e-13,0,True,Optimization terminated successfully. (HiGHS Status 7: Optimal),597,0.0
2025-04-10,18,0.03485420799916028,5088.230584904987,108,20,2810,2025-03-21|2025-03-22|2025-03-23|2025-03-24|2025-03-25|2025-03-26|2025-03-27|2025-03-28|2025-03-29|2025-03-30|2025-03-31|2025-04-01|2025-04-02|2025-04-03|2025-04-04|2025-04-05|2025-04-06|2025-04-07|2025-04-08|2025-04-09,2025-04-10 18:00,2025-04-10 18:00,4.547473508864641e-13,1.1368683772161603e-13,0,True,Optimization terminated successfully. (HiGHS Status 7: Optimal),514,0.0
2025-04-11,0,0.046329416001754,394.3831241425845,144,20,3746,2025-03-22|2025-03-23|2025-03-24|2025-03-25|2025-03-26|2025-03-27|2025-03-28|2025-03-29|2025-03-30|2025-03-31|2025-04-01|2025-04-02|2025-04-03|2025-04-04|2025-04-05|2025-04-06|2025-04-07|2025-04-08|2025-04-09|2025-04-10,2025-04-11 00:00,2025-04-11 00:00,8.810729923425242e-13,2.2737367544323206e-13,0,True,Optimization terminated successfully. (HiGHS Status 7: Optimal),548,1.1368683772161603e-13
2025-04-11,6,0.03480462499828718,804.1967151723424,108,20,2810,2025-03-22|2025-03-23|2025-03-24|2025-03-25|2025-03-26|2025-03-27|2025-03-28|2025-03-29|2025-03-30|2025-03-31|2025-04-01|2025-04-02|2025-04-03|2025-04-04|2025-04-05|2025-04-06|2025-04-07|2025-04-08|2025-04-09|2025-04-10,2025-04-11 06:00,2025-04-11 06:00,8.970602038971265e-13,5.684341886080802e-14,0,True,Optimization terminated successfully. (HiGHS Status 7: Optimal),484,1.1368683772161603e-13
2025-04-11,12,0.03784004199951596,5936.799449195025,108,20,2810,2025-03-22|2025-03-23|2025-03-24|2025-03-25|2025-03-26|2025-03-27|2025-03-28|2025-03-29|2025-03-30|2025-03-31|2025-04-01|2025-04-02|2025-04-03|2025-04-04|2025-04-05|2025-04-06|2025-04-07|2025-04-08|2025-04-09|2025-04-10,2025-04-11 12:00,2025-04-11 12:00,9.094947017729282e-13,5.684341886080802e-14,0,True,Optimization terminated successfully. (HiGHS Status 7: Optimal),549,1.1368683772161603e-13
2025-04-11,18,0.03947925000102259,5814.73476776164,108,20,2810,2025-03-22|2025-03-23|2025-03-24|2025-03-25|2025-03-26|2025-03-27|2025-03-28|2025-03-29|2025-03-30|2025-03-31|2025-04-01|2025-04-02|2025-04-03|2025-04-04|2025-04-05|2025-04-06|2025-04-07|2025-04-08|2025-04-09|2025-04-10,2025-04-11 18:00,2025-04-11 18:00,4.547473508864641e-13,1.1368683772161603e-13,0,True,Optimization terminated successfully. (HiGHS Status 7: Optimal),570,1.1368683772161603e-13
2025-04-12,0,0.046837500000037835,464.2828673518716,144,20,3746,2025-03-23|2025-03-24|2025-03-25|2025-03-26|2025-03-27|2025-03-28|2025-03-29|2025-03-30|2025-03-31|2025-04-01|2025-04-02|2025-04-03|2025-04-04|2025-04-05|2025-04-06|2025-04-07|2025-04-08|2025-04-09|2025-04-10|2025-04-11,2025-04-12 00:00,2025-04-12 00:00,9.094947017729282e-13,1.1368683772161603e-13,0,True,Optimization terminated successfully. (HiGHS Status 7: Optimal),596,1.1368683772161603e-13
2025-04-12,6,0.031583124999087886,97.76826862725618,108,20,2810,2025-03-23|2025-03-24|2025-03-25|2025-03-26|2025-03-27|2025-03-28|2025-03-29|2025-03-30|2025-03-31|2025-04-01|2025-04-02|2025-04-03|2025-04-04|2025-04-05|2025-04-06|2025-04-07|2025-04-08|2025-04-09|2025-04-10|2025-04-11,2025-04-12 06:00,2025-04-12 06:00,9.094947017729282e-13,1.1368683772161603e-13,0,True,Optimization terminated successfully. (HiGHS Status 7: Optimal),359,1.1368683772161603e-13
2025-04-12,12,0.03802687499955937,9997.504289144932,108,20,2810,2025-03-23|2025-03-24|2025-03-25|2025-03-26|2025-03-27|2025-03-28|2025-03-29|2025-03-30|2025-03-31|2025-04-01|2025-04-02|2025-04-03|2025-04-04|2025-04-05|2025-04-06|2025-04-07|2025-04-08|2025-04-09|2025-04-10|2025-04-11,2025-04-12 12:00,2025-04-12 12:00,9.094947017729282e-13,2.2737367544323206e-13,0,True,Optimization terminated successfully. (HiGHS Status 7: Optimal),542,1.1368683772161603e-13
2025-04-12,18,0.042843791999985115,13750.19547163835,108,20,2810,2025-03-23|2025-03-24|2025-03-25|2025-03-26|2025-03-27|2025-03-28|2025-03-29|2025-03-30|2025-03-31|2025-04-01|2025-04-02|2025-04-03|2025-04-04|2025-04-05|2025-04-06|2025-04-07|2025-04-08|2025-04-09|2025-04-10|2025-04-11,2025-04-12 18:00,2025-04-12 18:00,9.094947017729282e-13,5.684341886080802e-14,0,True,Optimization terminated successfully. (HiGHS Status 7: Optimal),582,1.1368683772161603e-13
2025-04-13,0,0.05559449999964272,2029.3719425743398,144,20,3746,2025-03-24|2025-03-25|2025-03-26|2025-03-27|2025-03-28|2025-03-29|2025-03-30|2025-03-31|2025-04-01|2025-04-02|2025-04-03|2025-04-04|2025-04-05|2025-04-06|2025-04-07|2025-04-08|2025-04-09|2025-04-10|2025-04-11|2025-04-12,2025-04-13 00:00,2025-04-13 00:00,9.094947017729282e-13,2.0463630789890885e-12,0,True,Optimization terminated successfully. (HiGHS Status 7: Optimal),743,1.6370904631912707e-12
2025-04-13,6,0.03682562500034692,293.60196949591653,108,20,2810,2025-03-24|2025-03-25|2025-03-26|2025-03-27|2025-03-28|2025-03-29|2025-03-30|2025-03-31|2025-04-01|2025-04-02|2025-04-03|2025-04-04|2025-04-05|2025-04-06|2025-04-07|2025-04-08|2025-04-09|2025-04-10|2025-04-11|2025-04-12,2025-04-13 06:00,2025-04-13 06:00,9.094947017729282e-13,2.0463630789890885e-12,0,True,Optimization terminated successfully. (HiGHS Status 7: Optimal),520,1.6370904631912707e-12
2025-04-13,12,0.04086079099943163,10186.981284085785,108,20,2810,2025-03-24|2025-03-25|2025-03-26|2025-03-27|2025-03-28|2025-03-29|2025-03-30|2025-03-31|2025-04-01|2025-04-02|2025-04-03|2025-04-04|2025-04-05|2025-04-06|2025-04-07|2025-04-08|2025-04-09|2025-04-10|2025-04-11|2025-04-12,2025-04-13 12:00,2025-04-13 12:00,9.094947017729282e-13,2.0463630789890885e-12,0,True,Optimization terminated successfully. (HiGHS Status 7: Optimal),629,1.6370904631912707e-12
2025-04-13,18,0.04157425000084913,15433.084703093898,108,20,2810,2025-03-24|2025-03-25|2025-03-26|2025-03-27|2025-03-28|2025-03-29|2025-03-30|2025-03-31|2025-04-01|2025-04-02|2025-04-03|2025-04-04|2025-04-05|2025-04-06|2025-04-07|2025-04-08|2025-04-09|2025-04-10|2025-04-11|2025-04-12,2025-04-13 18:00,2025-04-13 18:00,9.094947017729282e-13,2.0463630789890885e-12,0,True,Optimization terminated successfully. (HiGHS Status 7: Optimal),628,1.6370904631912707e-12
2025-04-14,0,0.05257991699909326,2156.929948402793,144,20,3746,2025-03-25|2025-03-26|2025-03-27|2025-03-28|2025-03-29|2025-03-30|2025-03-31|2025-04-01|2025-04-02|2025-04-03|2025-04-04|2025-04-05|2025-04-06|2025-04-07|2025-04-08|2025-04-09|2025-04-10|2025-04-11|2025-04-12|2025-04-13,2025-04-14 00:00,2025-04-14 00:00,7.105427357601002e-13,6.536993168992922e-13,0,True,Optimization terminated successfully. (HiGHS Status 7: Optimal),761,6.536993168992922e-13
2025-04-14,6,0.03264254199893912,-1831.9806456824622,108,20,2810,2025-03-25|2025-03-26|2025-03-27|2025-03-28|2025-03-29|2025-03-30|2025-03-31|2025-04-01|2025-04-02|2025-04-03|2025-04-04|2025-04-05|2025-04-06|2025-04-07|2025-04-08|2025-04-09|2025-04-10|2025-04-11|2025-04-12|2025-04-13,2025-04-14 06:00,2025-04-14 06:00,8.526512829121202e-13,2.2737367544323206e-13,0,True,Optimization terminated successfully. (HiGHS Status 7: Optimal),502,3.410605131648481e-13
2025-04-14,12,0.037485541999558336,9077.496470846017,108,20,2810,2025-03-25|2025-03-26|2025-03-27|2025-03-28|2025-03-29|2025-03-30|2025-03-31|2025-04-01|2025-04-02|2025-04-03|2025-04-04|2025-04-05|2025-04-06|2025-04-07|2025-04-08|2025-04-09|2025-04-10|2025-04-11|2025-04-12|2025-04-13,2025-04-14 12:00,2025-04-14 12:00,9.023892744153272e-13,2.2737367544323206e-13,0,True,Optimization terminated successfully. (HiGHS Status 7: Optimal),597,3.410605131648481e-13
2025-04-14,18,0.03659016699930362,11609.18580889552,108,20,2810,2025-03-25|2025-03-26|2025-03-27|2025-03-28|2025-03-29|2025-03-30|2025-03-31|2025-04-01|2025-04-02|2025-04-03|2025-04-04|2025-04-05|2025-04-06|2025-04-07|2025-04-08|2025-04-09|2025-04-10|2025-04-11|2025-04-12|2025-04-13,2025-04-14 18:00,2025-04-14 18:00,5.684341886080801e-13,2.2737367544323206e-13,0,True,Optimization terminated successfully. (HiGHS Status 7: Optimal),586,3.410605131648481e-13
2025-04-15,0,0.05429258399999526,1824.4484871290115,144,20,3746,2025-03-26|2025-03-27|2025-03-28|2025-03-29|2025-03-30|2025-03-31|2025-04-01|2025-04-02|2025-04-03|2025-04-04|2025-04-05|2025-04-06|2025-04-07|2025-04-08|2025-04-09|2025-04-10|2025-04-11|2025-04-12|2025-04-13|2025-04-14,2025-04-15 00:00,2025-04-15 00:00,9.094947017729282e-13,2.2737367544323206e-13,0,True,Optimization terminated successfully. (HiGHS Status 7: Optimal),732,3.410605131648481e-13
2025-04-15,6,0.04326241700073297,3609.245808035188,108,20,2810,2025-03-26|2025-03-27|2025-03-28|2025-03-29|2025-03-30|2025-03-31|2025-04-01|2025-04-02|2025-04-03|2025-04-04|2025-04-05|2025-04-06|2025-04-07|2025-04-08|2025-04-09|2025-04-10|2025-04-11|2025-04-12|2025-04-13|2025-04-14,2025-04-15 06:00,2025-04-15 06:00,8.100187187665142e-13,1.1368683772161603e-13,0,True,Optimization terminated successfully. (HiGHS Status 7: Optimal),744,0.0
2025-04-15,12,0.04006149999986519,11157.976023379386,108,20,2810,2025-03-26|2025-03-27|2025-03-28|2025-03-29|2025-03-30|2025-03-31|2025-04-01|2025-04-02|2025-04-03|2025-04-04|2025-04-05|2025-04-06|2025-04-07|2025-04-08|2025-04-09|2025-04-10|2025-04-11|2025-04-12|2025-04-13|2025-04-14,2025-04-15 12:00,2025-04-15 12:00,8.668621376273222e-13,1.1368683772161603e-13,0,True,Optimization terminated successfully. (HiGHS Status 7: Optimal),708,0.0
2025-04-15,18,0.03882100000009814,14975.057182688535,108,20,2810,2025-03-26|2025-03-27|2025-03-28|2025-03-29|2025-03-30|2025-03-31|2025-04-01|2025-04-02|2025-04-03|2025-04-04|2025-04-05|2025-04-06|2025-04-07|2025-04-08|2025-04-09|2025-04-10|2025-04-11|2025-04-12|2025-04-13|2025-04-14,2025-04-15 18:00,2025-04-15 18:00,9.094947017729282e-13,4.547473508864641e-13,0,True,Optimization terminated successfully. (HiGHS Status 7: Optimal),623,4.547473508864641e-13
2025-04-16,0,0.05110566599978483,2243.3569440734054,144,20,3746,2025-03-27|2025-03-28|2025-03-29|2025-03-30|2025-03-31|2025-04-01|2025-04-02|2025-04-03|2025-04-04|2025-04-05|2025-04-06|2025-04-07|2025-04-08|2025-04-09|2025-04-10|2025-04-11|2025-04-12|2025-04-13|2025-04-14|2025-04-15,2025-04-16 00:00,2025-04-16 00:00,8.810729923425242e-13,1.1368683772161603e-13,0,True,Optimization terminated successfully. (HiGHS Status 7: Optimal),761,1.1368683772161603e-13
2025-04-16,6,0.04034691699962423,3110.7362463375152,108,20,2810,2025-03-27|2025-03-28|2025-03-29|2025-03-30|2025-03-31|2025-04-01|2025-04-02|2025-04-03|2025-04-04|2025-04-05|2025-04-06|2025-04-07|2025-04-08|2025-04-09|2025-04-10|2025-04-11|2025-04-12|2025-04-13|2025-04-14|2025-04-15,2025-04-16 06:00,2025-04-16 06:00,9.094947017729282e-13,1.1368683772161603e-13,0,True,Optimization terminated successfully. (HiGHS Status 7: Optimal),668,0.0
2025-04-16,12,0.039461292000851245,11138.631706165128,108,20,2810,2025-03-27|2025-03-28|2025-03-29|2025-03-30|2025-03-31|2025-04-01|2025-04-02|2025-04-03|2025-04-04|2025-04-05|2025-04-06|2025-04-07|2025-04-08|2025-04-09|2025-04-10|2025-04-11|2025-04-12|2025-04-13|2025-04-14|2025-04-15,2025-04-16 12:00,2025-04-16 12:00,9.094947017729282e-13,1.1368683772161603e-13,0,True,Optimization terminated successfully. (HiGHS Status 7: Optimal),712,0.0
2025-04-16,18,0.04047629200067604,15978.35470915619,108,20,2810,2025-03-27|2025-03-28|2025-03-29|2025-03-30|2025-03-31|2025-04-01|2025-04-02|2025-04-03|2025-04-04|2025-04-05|2025-04-06|2025-04-07|2025-04-08|2025-04-09|2025-04-10|2025-04-11|2025-04-12|2025-04-13|2025-04-14|2025-04-15,2025-04-16 18:00,2025-04-16 18:00,9.094947017729282e-13,9.094947017729282e-13,0,True,Optimization terminated successfully. (HiGHS Status 7: Optimal),645,9.094947017729282e-13
2025-04-17,0,0.053510499999902095,1842.9573188564548,144,20,3746,2025-03-28|2025-03-29|2025-03-30|2025-03-31|2025-04-01|2025-04-02|2025-04-03|2025-04-04|2025-04-05|2025-04-06|2025-04-07|2025-04-08|2025-04-09|2025-04-10|2025-04-11|2025-04-12|2025-04-13|2025-04-14|2025-04-15|2025-04-16,2025-04-17 00:00,2025-04-17 00:00,9.094947017729282e-13,1.1368683772161603e-13,0,True,Optimization terminated successfully. (HiGHS Status 7: Optimal),717,1.1368683772161603e-13
2025-04-17,6,0.043927624999923864,3791.482968369254,108,20,2810,2025-03-28|2025-03-29|2025-03-30|2025-03-31|2025-04-01|2025-04-02|2025-04-03|2025-04-04|2025-04-05|2025-04-06|2025-04-07|2025-04-08|2025-04-09|2025-04-10|2025-04-11|2025-04-12|2025-04-13|2025-04-14|2025-04-15|2025-04-16,2025-04-17 06:00,2025-04-17 06:00,9.094947017729282e-13,1.1368683772161603e-13,0,True,Optimization terminated successfully. (HiGHS Status 7: Optimal),682,0.0
2025-04-17,12,0.0394957919997978,6116.71180714046,108,20,2810,2025-03-28|2025-03-29|2025-03-30|2025-03-31|2025-04-01|2025-04-02|2025-04-03|2025-04-04|2025-04-05|2025-04-06|2025-04-07|2025-04-08|2025-04-09|2025-04-10|2025-04-11|2025-04-12|2025-04-13|2025-04-14|2025-04-15|2025-04-16,2025-04-17 12:00,2025-04-17 12:00,9.094947017729282e-13,1.1368683772161603e-13,0,True,Optimization terminated successfully. (HiGHS Status 7: Optimal),604,0.0
2025-04-17,18,0.033081583000239334,5165.090486301692,108,20,2810,2025-03-28|2025-03-29|2025-03-30|2025-03-31|2025-04-01|2025-04-02|2025-04-03|2025-04-04|2025-04-05|2025-04-06|2025-04-07|2025-04-08|2025-04-09|2025-04-10|2025-04-11|2025-04-12|2025-04-13|2025-04-14|2025-04-15|2025-04-16,2025-04-17 18:00,2025-04-17 18:00,9.094947017729282e-13,1.1368683772161603e-13,0,True,Optimization terminated successfully. (HiGHS Status 7: Optimal),518,0.0
2025-04-18,0,0.043390791999627254,456.2617360727221,144,20,3746,2025-03-29|2025-03-30|2025-03-31|2025-04-01|2025-04-02|2025-04-03|2025-04-04|2025-04-05|2025-04-06|2025-04-07|2025-04-08|2025-04-09|2025-04-10|2025-04-11|2025-04-12|2025-04-13|2025-04-14|2025-04-15|2025-04-16|2025-04-17,2025-04-18 00:00,2025-04-18 00:00,8.526512829121202e-13,5.684341886080802e-14,0,True,Optimization terminated successfully. (HiGHS Status 7: Optimal),547,5.684341886080802e-14
2025-04-18,6,0.029995999999300693,269.0163835503534,108,20,2810,2025-03-29|2025-03-30|2025-03-31|2025-04-01|2025-04-02|2025-04-03|2025-04-04|2025-04-05|2025-04-06|2025-04-07|2025-04-08|2025-04-09|2025-04-10|2025-04-11|2025-04-12|2025-04-13|2025-04-14|2025-04-15|2025-04-16|2025-04-17,2025-04-18 06:00,2025-04-18 06:00,7.673861546209082e-13,2.2737367544323206e-13,0,True,Optimization terminated successfully. (HiGHS Status 7: Optimal),374,0.0
2025-04-18,12,0.034350374999121414,5845.830386690642,108,20,2810,2025-03-29|2025-03-30|2025-03-31|2025-04-01|2025-04-02|2025-04-03|2025-04-04|2025-04-05|2025-04-06|2025-04-07|2025-04-08|2025-04-09|2025-04-10|2025-04-11|2025-04-12|2025-04-13|2025-04-14|2025-04-15|2025-04-16|2025-04-17,2025-04-18 12:00,2025-04-18 12:00,9.094947017729282e-13,2.2737367544323206e-13,0,True,Optimization terminated successfully. (HiGHS Status 7: Optimal),535,0.0
2025-04-18,18,0.03705308299868193,5271.044684649001,108,20,2810,2025-03-29|2025-03-30|2025-03-31|2025-04-01|2025-04-02|2025-04-03|2025-04-04|2025-04-05|2025-04-06|2025-04-07|2025-04-08|2025-04-09|2025-04-10|2025-04-11|2025-04-12|2025-04-13|2025-04-14|2025-04-15|2025-04-16|2025-04-17,2025-04-18 18:00,2025-04-18 18:00,7.389644451905042e-13,2.2737367544323206e-13,0,True,Optimization terminated successfully. (HiGHS Status 7: Optimal),496,0.0
2025-04-19,0,0.04373841599954176,472.98221433010684,144,20,3746,2025-03-30|2025-03-31|2025-04-01|2025-04-02|2025-04-03|2025-04-04|2025-04-05|2025-04-06|2025-04-07|2025-04-08|2025-04-09|2025-04-10|2025-04-11|2025-04-12|2025-04-13|2025-04-14|2025-04-15|2025-04-16|2025-04-17|2025-04-18,2025-04-19 00:00,2025-04-19 00:00,9.663381206337363e-13,5.471179065352771e-13,0,True,Optimization terminated successfully. (HiGHS Status 7: Optimal),570,5.471179065352771e-13
2025-04-19,6,0.028943332999915583,214.2387716468073,108,20,2810,2025-03-30|2025-03-31|2025-04-01|2025-04-02|2025-04-03|2025-04-04|2025-04-05|2025-04-06|2025-04-07|2025-04-08|2025-04-09|2025-04-10|2025-04-11|2025-04-12|2025-04-13|2025-04-14|2025-04-15|2025-04-16|2025-04-17|2025-04-18,2025-04-19 06:00,2025-04-19 06:00,9.094947017729282e-13,5.684341886080802e-14,0,True,Optimization terminated successfully. (HiGHS Status 7: Optimal),345,5.684341886080802e-14
2025-04-19,12,0.04067037499953585,10597.014079393815,108,20,2810,2025-03-30|2025-03-31|2025-04-01|2025-04-02|2025-04-03|2025-04-04|2025-04-05|2025-04-06|2025-04-07|2025-04-08|2025-04-09|2025-04-10|2025-04-11|2025-04-12|2025-04-13|2025-04-14|2025-04-15|2025-04-16|2025-04-17|2025-04-18,2025-04-19 12:00,2025-04-19 12:00,9.094947017729282e-13,2.2737367544323206e-13,0,True,Optimization terminated successfully. (HiGHS Status 7: Optimal),582,5.684341886080802e-14
2025-04-19,18,0.043573499999183696,14407.601098179348,108,20,2810,2025-03-30|2025-03-31|2025-04-01|2025-04-02|2025-04-03|2025-04-04|2025-04-05|2025-04-06|2025-04-07|2025-04-08|2025-04-09|2025-04-10|2025-04-11|2025-04-12|2025-04-13|2025-04-14|2025-04-15|2025-04-16|2025-04-17|2025-04-18,2025-04-19 18:00,2025-04-19 18:00,9.094947017729282e-13,1.1368683772161603e-13,0,True,Optimization terminated successfully. (HiGHS Status 7: Optimal),620,5.684341886080802e-14
2025-04-20,0,0.05166941699826566,1823.501229581209,144,20,3746,2025-03-31|2025-04-01|2025-04-02|2025-04-03|2025-04-04|2025-04-05|2025-04-06|2025-04-07|2025-04-08|2025-04-09|2025-04-10|2025-04-11|2025-04-12|2025-04-13|2025-04-14|2025-04-15|2025-04-16|2025-04-17|2025-04-18|2025-04-19,2025-04-20 00:00,2025-04-20 00:00,8.739675649849232e-13,1.1368683772161603e-13,0,True,Optimization terminated successfully. (HiGHS Status 7: Optimal),734,1.1368683772161603e-13
2025-04-20,6,0.038745750000089174,1131.9012375252241,108,20,2810,2025-03-31|2025-04-01|2025-04-02|2025-04-03|2025-04-04|2025-04-05|2025-04-06|2025-04-07|2025-04-08|2025-04-09|2025-04-10|2025-04-11|2025-04-12|2025-04-13|2025-04-14|2025-04-15|2025-04-16|2025-04-17|2025-04-18|2025-04-19,2025-04-20 06:00,2025-04-20 06:00,8.810729923425242e-13,2.2737367544323206e-13,0,True,Optimization terminated successfully. (HiGHS Status 7: Optimal),615,0.0
2025-04-20,12,0.03864708400033123,10648.60018402468,108,20,2810,2025-03-31|2025-04-01|2025-04-02|2025-04-03|2025-04-04|2025-04-05|2025-04-06|2025-04-07|2025-04-08|2025-04-09|2025-04-10|2025-04-11|2025-04-12|2025-04-13|2025-04-14|2025-04-15|2025-04-16|2025-04-17|2025-04-18|2025-04-19,2025-04-20 12:00,2025-04-20 12:00,7.958078640513122e-13,2.2737367544323206e-13,0,True,Optimization terminated successfully. (HiGHS Status 7: Optimal),669,0.0
2025-04-20,18,0.041944833001252846,14492.506857116112,108,20,2810,2025-03-31|2025-04-01|2025-04-02|2025-04-03|2025-04-04|2025-04-05|2025-04-06|2025-04-07|2025-04-08|2025-04-09|2025-04-10|2025-04-11|2025-04-12|2025-04-13|2025-04-14|2025-04-15|2025-04-16|2025-04-17|2025-04-18|2025-04-19,2025-04-20 18:00,2025-04-20 18:00,7.958078640513122e-13,2.2737367544323206e-13,0,True,Optimization terminated successfully. (HiGHS Status 7: Optimal),639,0.0
2025-04-21,0,0.05729954200069187,2291.442089410984,144,20,3746,2025-04-01|2025-04-02|2025-04-03|2025-04-04|2025-04-05|2025-04-06|2025-04-07|2025-04-08|2025-04-09|2025-04-10|2025-04-11|2025-04-12|2025-04-13|2025-04-14|2025-04-15|2025-04-16|2025-04-17|2025-04-18|2025-04-19|2025-04-20,2025-04-21 00:00,2025-04-21 00:00,7.958078640513122e-13,1.7053025658242404e-12,0,True,Optimization terminated successfully. (HiGHS Status 7: Optimal),768,1.7053025658242404e-12
2025-04-21,6,0.04296812500069791,-1660.5629873814594,108,20,2810,2025-04-01|2025-04-02|2025-04-03|2025-04-04|2025-04-05|2025-04-06|2025-04-07|2025-04-08|2025-04-09|2025-04-10|2025-04-11|2025-04-12|2025-04-13|2025-04-14|2025-04-15|2025-04-16|2025-04-17|2025-04-18|2025-04-19|2025-04-20,2025-04-21 06:00,2025-04-21 06:00,8.872902412804251e-13,5.684341886080801e-13,0,True,Optimization terminated successfully. (HiGHS Status 7: Optimal),504,5.684341886080801e-13
2025-04-21,12,0.050840707999668666,9054.115352349616,108,20,2810,2025-04-01|2025-04-02|2025-04-03|2025-04-04|2025-04-05|2025-04-06|2025-04-07|2025-04-08|2025-04-09|2025-04-10|2025-04-11|2025-04-12|2025-04-13|2025-04-14|2025-04-15|2025-04-16|2025-04-17|2025-04-18|2025-04-19|2025-04-20,2025-04-21 12:00,2025-04-21 12:00,8.86402062860725e-13,5.684341886080801e-13,0,True,Optimization terminated successfully. (HiGHS Status 7: Optimal),592,5.684341886080801e-13
2025-04-21,18,0.0637248750008439,13372.703307135478,108,20,2810,2025-04-01|2025-04-02|2025-04-03|2025-04-04|2025-04-05|2025-04-06|2025-04-07|2025-04-08|2025-04-09|2025-04-10|2025-04-11|2025-04-12|2025-04-13|2025-04-14|2025-04-15|2025-04-16|2025-04-17|2025-04-18|2025-04-19|2025-04-20,2025-04-21 18:00,2025-04-21 18:00,7.958078640513122e-13,5.684341886080801e-13,0,True,Optimization terminated successfully. (HiGHS Status 7: Optimal),609,5.684341886080801e-13
2025-04-22,0,0.08254837499953283,1973.1558840602606,144,20,3746,2025-04-02|2025-04-03|2025-04-04|2025-04-05|2025-04-06|2025-04-07|2025-04-08|2025-04-09|2025-04-10|2025-04-11|2025-04-12|2025-04-13|2025-04-14|2025-04-15|2025-04-16|2025-04-17|2025-04-18|2025-04-19|2025-04-20|2025-04-21,2025-04-22 00:00,2025-04-22 00:00,1.0231815394945443e-12,1.3073986337985843e-12,0,True,Optimization terminated successfully. (HiGHS Status 7: Optimal),751,1.3073986337985843e-12
2025-04-22,6,0.07166266700005508,5320.58203582114,108,20,2810,2025-04-02|2025-04-03|2025-04-04|2025-04-05|2025-04-06|2025-04-07|2025-04-08|2025-04-09|2025-04-10|2025-04-11|2025-04-12|2025-04-13|2025-04-14|2025-04-15|2025-04-16|2025-04-17|2025-04-18|2025-04-19|2025-04-20|2025-04-21,2025-04-22 06:00,2025-04-22 06:00,1.0231815394945443e-12,1.1368683772161603e-13,0,True,Optimization terminated successfully. (HiGHS Status 7: Optimal),755,0.0
2025-04-22,12,0.07881395799995516,11925.001336749294,108,20,2810,2025-04-02|2025-04-03|2025-04-04|2025-04-05|2025-04-06|2025-04-07|2025-04-08|2025-04-09|2025-04-10|2025-04-11|2025-04-12|2025-04-13|2025-04-14|2025-04-15|2025-04-16|2025-04-17|2025-04-18|2025-04-19|2025-04-20|2025-04-21,2025-04-22 12:00,2025-04-22 12:00,1.0231815394945443e-12,1.1368683772161603e-13,0,True,Optimization terminated successfully. (HiGHS Status 7: Optimal),743,0.0
2025-04-22,18,0.07086320799862733,12611.086413427709,108,20,2810,2025-04-02|2025-04-03|2025-04-04|2025-04-05|2025-04-06|2025-04-07|2025-04-08|2025-04-09|2025-04-10|2025-04-11|2025-04-12|2025-04-13|2025-04-14|2025-04-15|2025-04-16|2025-04-17|2025-04-18|2025-04-19|2025-04-20|2025-04-21,2025-04-22 18:00,2025-04-22 18:00,1.0231815394945443e-12,2.2737367544323206e-13,0,True,Optimization terminated successfully. (HiGHS Status 7: Optimal),628,0.0
2025-04-23,0,0.10000637499979348,1814.2828474748721,144,20,3746,2025-04-03|2025-04-04|2025-04-05|2025-04-06|2025-04-07|2025-04-08|2025-04-09|2025-04-10|2025-04-11|2025-04-12|2025-04-13|2025-04-14|2025-04-15|2025-04-16|2025-04-17|2025-04-18|2025-04-19|2025-04-20|2025-04-21|2025-04-22,2025-04-23 00:00,2025-04-23 00:00,9.094947017729282e-13,8.526512829121202e-13,0,True,Optimization terminated successfully. (HiGHS Status 7: Optimal),723,8.526512829121202e-13
2025-04-23,6,0.08701687499888067,4149.062024611556,108,20,2810,2025-04-03|2025-04-04|2025-04-05|2025-04-06|2025-04-07|2025-04-08|2025-04-09|2025-04-10|2025-04-11|2025-04-12|2025-04-13|2025-04-14|2025-04-15|2025-04-16|2025-04-17|2025-04-18|2025-04-19|2025-04-20|2025-04-21|2025-04-22,2025-04-23 06:00,2025-04-23 06:00,8.881784197001252e-13,2.2737367544323206e-13,0,True,Optimization terminated successfully. (HiGHS Status 7: Optimal),760,3.410605131648481e-13
2025-04-23,12,0.07581062499957625,12538.396521341734,108,20,2810,2025-04-03|2025-04-04|2025-04-05|2025-04-06|2025-04-07|2025-04-08|2025-04-09|2025-04-10|2025-04-11|2025-04-12|2025-04-13|2025-04-14|2025-04-15|2025-04-16|2025-04-17|2025-04-18|2025-04-19|2025-04-20|2025-04-21|2025-04-22,2025-04-23 12:00,2025-04-23 12:00,8.810729923425242e-13,2.2737367544323206e-13,0,True,Optimization terminated successfully. (HiGHS Status 7: Optimal),729,3.410605131648481e-13
2025-04-23,18,0.07103895799991733,15507.205324649662,108,20,2810,2025-04-03|2025-04-04|2025-04-05|2025-04-06|2025-04-07|2025-04-08|2025-04-09|2025-04-10|2025-04-11|2025-04-12|2025-04-13|2025-04-14|2025-04-15|2025-04-16|2025-04-17|2025-04-18|2025-04-19|2025-04-20|2025-04-21|2025-04-22,2025-04-23 18:00,2025-04-23 18:00,5.684341886080801e-13,2.2737367544323206e-13,0,True,Optimization terminated successfully. (HiGHS Status 7: Optimal),672,3.410605131648481e-13
2025-04-24,0,0.06687487499948475,1620.1505342031094,144,20,3746,2025-04-04|2025-04-05|2025-04-06|2025-04-07|2025-04-08|2025-04-09|2025-04-10|2025-04-11|2025-04-12|2025-04-13|2025-04-14|2025-04-15|2025-04-16|2025-04-17|2025-04-18|2025-04-19|2025-04-20|2025-04-21|2025-04-22|2025-04-23,2025-04-24 00:00,2025-04-24 00:00,8.810729923425242e-13,6.821210263296962e-13,0,True,Optimization terminated successfully. (HiGHS Status 7: Optimal),731,6.821210263296962e-13
2025-04-24,6,0.045375666000836645,284.340515107895,108,20,2810,2025-04-04|2025-04-05|2025-04-06|2025-04-07|2025-04-08|2025-04-09|2025-04-10|2025-04-11|2025-04-12|2025-04-13|2025-04-14|2025-04-15|2025-04-16|2025-04-17|2025-04-18|2025-04-19|2025-04-20|2025-04-21|2025-04-22|2025-04-23,2025-04-24 06:00,2025-04-24 06:00,8.57980353430321e-13,1.1368683772161603e-13,0,True,Optimization terminated successfully. (HiGHS Status 7: Optimal),529,1.1368683772161603e-13
2025-04-24,12,0.04692729199996393,7241.126393991464,108,20,2810,2025-04-04|2025-04-05|2025-04-06|2025-04-07|2025-04-08|2025-04-09|2025-04-10|2025-04-11|2025-04-12|2025-04-13|2025-04-14|2025-04-15|2025-04-16|2025-04-17|2025-04-18|2025-04-19|2025-04-20|2025-04-21|2025-04-22|2025-04-23,2025-04-24 12:00,2025-04-24 12:00,8.810729923425242e-13,1.1368683772161603e-13,0,True,Optimization terminated successfully. (HiGHS Status 7: Optimal),699,0.0
2025-04-24,18,0.03744800000094983,4969.9209618496325,108,20,2810,2025-04-04|2025-04-05|2025-04-06|2025-04-07|2025-04-08|2025-04-09|2025-04-10|2025-04-11|2025-04-12|2025-04-13|2025-04-14|2025-04-15|2025-04-16|2025-04-17|2025-04-18|2025-04-19|2025-04-20|2025-04-21|2025-04-22|2025-04-23,2025-04-24 18:00,2025-04-24 18:00,4.547473508864641e-13,1.1368683772161603e-13,0,True,Optimization terminated successfully. (HiGHS Status 7: Optimal),560,0.0
2025-04-25,0,0.05504991700036044,439.4911190106433,144,20,3746,2025-04-05|2025-04-06|2025-04-07|2025-04-08|2025-04-09|2025-04-10|2025-04-11|2025-04-12|2025-04-13|2025-04-14|2025-04-15|2025-04-16|2025-04-17|2025-04-18|2025-04-19|2025-04-20|2025-04-21|2025-04-22|2025-04-23|2025-04-24,2025-04-25 00:00,2025-04-25 00:00,8.526512829121202e-13,2.2737367544323206e-13,0,True,Optimization terminated successfully. (HiGHS Status 7: Optimal),558,2.8421709430404007e-13
2025-04-25,6,0.043824874999700114,331.5954460185363,108,20,2810,2025-04-05|2025-04-06|2025-04-07|2025-04-08|2025-04-09|2025-04-10|2025-04-11|2025-04-12|2025-04-13|2025-04-14|2025-04-15|2025-04-16|2025-04-17|2025-04-18|2025-04-19|2025-04-20|2025-04-21|2025-04-22|2025-04-23|2025-04-24,2025-04-25 06:00,2025-04-25 06:00,7.389644451905042e-13,2.2737367544323206e-13,0,True,Optimization terminated successfully. (HiGHS Status 7: Optimal),395,2.8421709430404007e-13
2025-04-25,12,0.054384625000238884,5673.391257973557,108,20,2810,2025-04-05|2025-04-06|2025-04-07|2025-04-08|2025-04-09|2025-04-10|2025-04-11|2025-04-12|2025-04-13|2025-04-14|2025-04-15|2025-04-16|2025-04-17|2025-04-18|2025-04-19|2025-04-20|2025-04-21|2025-04-22|2025-04-23|2025-04-24,2025-04-25 12:00,2025-04-25 12:00,9.094947017729282e-13,2.2737367544323206e-13,0,True,Optimization terminated successfully. (HiGHS Status 7: Optimal),506,2.8421709430404007e-13
2025-04-25,18,0.05245062500034692,4877.572393414401,108,20,2810,2025-04-05|2025-04-06|2025-04-07|2025-04-08|2025-04-09|2025-04-10|2025-04-11|2025-04-12|2025-04-13|2025-04-14|2025-04-15|2025-04-16|2025-04-17|2025-04-18|2025-04-19|2025-04-20|2025-04-21|2025-04-22|2025-04-23|2025-04-24,2025-04-25 18:00,2025-04-25 18:00,9.094947017729282e-13,2.2737367544323206e-13,0,True,Optimization terminated successfully. (HiGHS Status 7: Optimal),483,2.8421709430404007e-13
2025-04-26,0,0.07260570899961749,426.1603108385069,144,20,3746,2025-04-06|2025-04-07|2025-04-08|2025-04-09|2025-04-10|2025-04-11|2025-04-12|2025-04-13|2025-04-14|2025-04-15|2025-04-16|2025-04-17|2025-04-18|2025-04-19|2025-04-20|2025-04-21|2025-04-22|2025-04-23|2025-04-24|2025-04-25,2025-04-26 00:00,2025-04-26 00:00,7.780442956573097e-13,2.2737367544323206e-13,0,True,Optimization terminated successfully. (HiGHS Status 7: Optimal),550,1.1368683772161603e-13
2025-04-26,6,0.049671791999571724,259.98743983799255,108,20,2810,2025-04-06|2025-04-07|2025-04-08|2025-04-09|2025-04-10|2025-04-11|2025-04-12|2025-04-13|2025-04-14|2025-04-15|2025-04-16|2025-04-17|2025-04-18|2025-04-19|2025-04-20|2025-04-21|2025-04-22|2025-04-23|2025-04-24|2025-04-25,2025-04-26 06:00,2025-04-26 06:00,8.668621376273222e-13,5.684341886080802e-14,0,True,Optimization terminated successfully. (HiGHS Status 7: Optimal),370,1.1368683772161603e-13
2025-04-26,12,0.05564566700013529,10173.143505643371,108,20,2810,2025-04-06|2025-04-07|2025-04-08|2025-04-09|2025-04-10|2025-04-11|2025-04-12|2025-04-13|2025-04-14|2025-04-15|2025-04-16|2025-04-17|2025-04-18|2025-04-19|2025-04-20|2025-04-21|2025-04-22|2025-04-23|2025-04-24|2025-04-25,2025-04-26 12:00,2025-04-26 12:00,9.094947017729282e-13,2.2737367544323206e-13,0,True,Optimization terminated successfully. (HiGHS Status 7: Optimal),552,1.1368683772161603e-13
2025-04-26,18,0.05115795900019293,13991.419729563062,108,20,2810,2025-04-06|2025-04-07|2025-04-08|2025-04-09|2025-04-10|2025-04-11|2025-04-12|2025-04-13|2025-04-14|2025-04-15|2025-04-16|2025-04-17|2025-04-18|2025-04-19|2025-04-20|2025-04-21|2025-04-22|2025-04-23|2025-04-24|2025-04-25,2025-04-26 18:00,2025-04-26 18:00,7.389644451905042e-13,2.2737367544323206e-13,0,True,Optimization terminated successfully. (HiGHS Status 7: Optimal),594,1.1368683772161603e-13
2025-04-27,0,0.06739120800011733,1447.8521178057947,144,20,3746,2025-04-07|2025-04-08|2025-04-09|2025-04-10|2025-04-11|2025-04-12|2025-04-13|2025-04-14|2025-04-15|2025-04-16|2025-04-17|2025-04-18|2025-04-19|2025-04-20|2025-04-21|2025-04-22|2025-04-23|2025-04-24|2025-04-25|2025-04-26,2025-04-27 00:00,2025-04-27 00:00,9.094947017729282e-13,9.094947017729282e-13,0,True,Optimization terminated successfully. (HiGHS Status 7: Optimal),719,9.094947017729282e-13
2025-04-27,6,0.05037616700064973,2525.1063998276377,108,20,2810,2025-04-07|2025-04-08|2025-04-09|2025-04-10|2025-04-11|2025-04-12|2025-04-13|2025-04-14|2025-04-15|2025-04-16|2025-04-17|2025-04-18|2025-04-19|2025-04-20|2025-04-21|2025-04-22|2025-04-23|2025-04-24|2025-04-25|2025-04-26,2025-04-27 06:00,2025-04-27 06:00,9.094947017729282e-13,1.1368683772161603e-13,0,True,Optimization terminated successfully. (HiGHS Status 7: Optimal),708,2.2737367544323206e-13
2025-04-27,12,0.04597137499877135,11113.710958278194,108,20,2810,2025-04-07|2025-04-08|2025-04-09|2025-04-10|2025-04-11|2025-04-12|2025-04-13|2025-04-14|2025-04-15|2025-04-16|2025-04-17|2025-04-18|2025-04-19|2025-04-20|2025-04-21|2025-04-22|2025-04-23|2025-04-24|2025-04-25|2025-04-26,2025-04-27 12:00,2025-04-27 12:00,9.094947017729282e-13,1.1368683772161603e-13,0,True,Optimization terminated successfully. (HiGHS Status 7: Optimal),726,2.2737367544323206e-13
2025-04-27,18,0.045930000000225846,19642.136000588907,108,20,2810,2025-04-07|2025-04-08|2025-04-09|2025-04-10|2025-04-11|2025-04-12|2025-04-13|2025-04-14|2025-04-15|2025-04-16|2025-04-17|2025-04-18|2025-04-19|2025-04-20|2025-04-21|2025-04-22|2025-04-23|2025-04-24|2025-04-25|2025-04-26,2025-04-27 18:00,2025-04-27 18:00,9.094947017729282e-13,1.0231815394945443e-12,0,True,Optimization terminated successfully. (HiGHS Status 7: Optimal),674,1.0231815394945443e-12
2025-04-28,0,0.05512687499867752,1994.9646320746594,144,20,3746,2025-04-08|2025-04-09|2025-04-10|2025-04-11|2025-04-12|2025-04-13|2025-04-14|2025-04-15|2025-04-16|2025-04-17|2025-04-18|2025-04-19|2025-04-20|2025-04-21|2025-04-22|2025-04-23|2025-04-24|2025-04-25|2025-04-26|2025-04-27,2025-04-28 00:00,2025-04-28 00:00,8.842926391139372e-13,1.1368683772161603e-13,0,True,Optimization terminated successfully. (HiGHS Status 7: Optimal),750,2.2737367544323206e-13
2025-04-28,6,0.051472707998982514,1848.283315888964,108,20,2810,2025-04-08|2025-04-09|2025-04-10|2025-04-11|2025-04-12|2025-04-13|2025-04-14|2025-04-15|2025-04-16|2025-04-17|2025-04-18|2025-04-19|2025-04-20|2025-04-21|2025-04-22|2025-04-23|2025-04-24|2025-04-25|2025-04-26|2025-04-27,2025-04-28 06:00,2025-04-28 06:00,1.0231815394945443e-12,1.1368683772161603e-13,0,True,Optimization terminated successfully. (HiGHS Status 7: Optimal),732,2.2737367544323206e-13
2025-04-28,12,0.04417045899936056,9772.680106929149,108,20,2810,2025-04-08|2025-04-09|2025-04-10|2025-04-11|2025-04-12|2025-04-13|2025-04-14|2025-04-15|2025-04-16|2025-04-17|2025-04-18|2025-04-19|2025-04-20|2025-04-21|2025-04-22|2025-04-23|2025-04-24|2025-04-25|2025-04-26|2025-04-27,2025-04-28 12:00,2025-04-28 12:00,8.810729923425242e-13,1.1368683772161603e-13,0,True,Optimization terminated successfully. (HiGHS Status 7: Optimal),676,1.1368683772161603e-13
2025-04-28,18,0.046327457999723265,16300.720546361012,108,20,2810,2025-04-08|2025-04-09|2025-04-10|2025-04-11|2025-04-12|2025-04-13|2025-04-14|2025-04-15|2025-04-16|2025-04-17|2025-04-18|2025-04-19|2025-04-20|2025-04-21|2025-04-22|2025-04-23|2025-04-24|2025-04-25|2025-04-26|2025-04-27,2025-04-28 18:00,2025-04-28 18:00,9.094947017729282e-13,2.2737367544323206e-13,0,True,Optimization terminated successfully. (HiGHS Status 7: Optimal),654,1.1368683772161603e-13
2025-04-29,0,0.05521995900016918,1622.6233006531888,144,20,3746,2025-04-09|2025-04-10|2025-04-11|2025-04-12|2025-04-13|2025-04-14|2025-04-15|2025-04-16|2025-04-17|2025-04-18|2025-04-19|2025-04-20|2025-04-21|2025-04-22|2025-04-23|2025-04-24|2025-04-25|2025-04-26|2025-04-27|2025-04-28,2025-04-29 00:00,2025-04-29 00:00,9.094947017729282e-13,4.547473508864641e-13,0,True,Optimization terminated successfully. (HiGHS Status 7: Optimal),726,3.979039320256561e-13
2025-04-29,6,0.040236875000118744,1024.0135135996622,108,20,2810,2025-04-09|2025-04-10|2025-04-11|2025-04-12|2025-04-13|2025-04-14|2025-04-15|2025-04-16|2025-04-17|2025-04-18|2025-04-19|2025-04-20|2025-04-21|2025-04-22|2025-04-23|2025-04-24|2025-04-25|2025-04-26|2025-04-27|2025-04-28,2025-04-29 06:00,2025-04-29 06:00,9.094947017729282e-13,1.1368683772161603e-13,0,True,Optimization terminated successfully. (HiGHS Status 7: Optimal),590,1.1368683772161603e-13
2025-04-29,12,0.042637791000743164,11025.20096536676,108,20,2810,2025-04-09|2025-04-10|2025-04-11|2025-04-12|2025-04-13|2025-04-14|2025-04-15|2025-04-16|2025-04-17|2025-04-18|2025-04-19|2025-04-20|2025-04-21|2025-04-22|2025-04-23|2025-04-24|2025-04-25|2025-04-26|2025-04-27|2025-04-28,2025-04-29 12:00,2025-04-29 12:00,9.094947017729282e-13,1.1368683772161603e-13,0,True,Optimization terminated successfully. (HiGHS Status 7: Optimal),691,1.1368683772161603e-13
2025-04-29,18,0.04290354200020374,15997.408744797573,108,20,2810,2025-04-09|2025-04-10|2025-04-11|2025-04-12|2025-04-13|2025-04-14|2025-04-15|2025-04-16|2025-04-17|2025-04-18|2025-04-19|2025-04-20|2025-04-21|2025-04-22|2025-04-23|2025-04-24|2025-04-25|2025-04-26|2025-04-27|2025-04-28,2025-04-29 18:00,2025-04-29 18:00,7.958078640513122e-13,2.2737367544323206e-13,0,True,Optimization terminated successfully. (HiGHS Status 7: Optimal),653,1.1368683772161603e-13
2025-04-30,0,0.04916816600052698,1520.4880281923097,144,20,3746,2025-04-10|2025-04-11|2025-04-12|2025-04-13|2025-04-14|2025-04-15|2025-04-16|2025-04-17|2025-04-18|2025-04-19|2025-04-20|2025-04-21|2025-04-22|2025-04-23|2025-04-24|2025-04-25|2025-04-26|2025-04-27|2025-04-28|2025-04-29,2025-04-30 00:00,2025-04-30 00:00,8.846257060213247e-13,2.2737367544323206e-13,0,True,Optimization terminated successfully. (HiGHS Status 7: Optimal),720,3.410605131648481e-13
2025-04-30,6,0.037180249999437365,957.248034399806,108,20,2810,2025-04-10|2025-04-11|2025-04-12|2025-04-13|2025-04-14|2025-04-15|2025-04-16|2025-04-17|2025-04-18|2025-04-19|2025-04-20|2025-04-21|2025-04-22|2025-04-23|2025-04-24|2025-04-25|2025-04-26|2025-04-27|2025-04-28|2025-04-29,2025-04-30 06:00,2025-04-30 06:00,9.094947017729282e-13,2.2737367544323206e-13,0,True,Optimization terminated successfully. (HiGHS Status 7: Optimal),578,3.410605131648481e-13
2025-04-30,12,0.03603020800073864,9809.734656415552,108,20,2810,2025-04-10|2025-04-11|2025-04-12|2025-04-13|2025-04-14|2025-04-15|2025-04-16|2025-04-17|2025-04-18|2025-04-19|2025-04-20|2025-04-21|2025-04-22|2025-04-23|2025-04-24|2025-04-25|2025-04-26|2025-04-27|2025-04-28|2025-04-29,2025-04-30 12:00,2025-04-30 12:00,9.094947017729282e-13,2.2737367544323206e-13,0,True,Optimization terminated successfully. (HiGHS Status 7: Optimal),594,3.410605131648481e-13
2025-04-30,18,0.04026799999883224,13866.669326559746,108,20,2810,2025-04-10|2025-04-11|2025-04-12|2025-04-13|2025-04-14|2025-04-15|2025-04-16|2025-04-17|2025-04-18|2025-04-19|2025-04-20|2025-04-21|2025-04-22|2025-04-23|2025-04-24|2025-04-25|2025-04-26|2025-04-27|2025-04-28|2025-04-29,2025-04-30 18:00,2025-04-30 18:00,9.094947017729282e-13,2.2737367544323206e-13,0,True,Optimization terminated successfully. (HiGHS Status 7: Optimal),614,3.410605131648481e-13
2025-05-01,0,0.05742850000024191,1597.9812686911473,144,20,3746,2025-04-11|2025-04-12|2025-04-13|2025-04-14|2025-04-15|2025-04-16|2025-04-17|2025-04-18|2025-04-19|2025-04-20|2025-04-21|2025-04-22|2025-04-23|2025-04-24|2025-04-25|2025-04-26|2025-04-27|2025-04-28|2025-04-29|2025-04-30,2025-05-01 00:00,2025-05-01 00:00,8.810729923425242e-13,1.8474111129762605e-13,0,True,Optimization terminated successfully. (HiGHS Status 7: Optimal),737,1.8474111129762605e-13
2025-05-01,6,0.0400805000008404,957.3936726923212,108,20,2810,2025-04-11|2025-04-12|2025-04-13|2025-04-14|2025-04-15|2025-04-16|2025-04-17|2025-04-18|2025-04-19|2025-04-20|2025-04-21|2025-04-22|2025-04-23|2025-04-24|2025-04-25|2025-04-26|2025-04-27|2025-04-28|2025-04-29|2025-04-30,2025-05-01 06:00,2025-05-01 06:00,9.094947017729282e-13,1.1368683772161603e-13,0,True,Optimization terminated successfully. (HiGHS Status 7: Optimal),618,1.1368683772161603e-13
2025-05-01,12,0.04070279200095683,5981.720683273409,108,20,2810,2025-04-11|2025-04-12|2025-04-13|2025-04-14|2025-04-15|2025-04-16|2025-04-17|2025-04-18|2025-04-19|2025-04-20|2025-04-21|2025-04-22|2025-04-23|2025-04-24|2025-04-25|2025-04-26|2025-04-27|2025-04-28|2025-04-29|2025-04-30,2025-05-01 12:00,2025-05-01 12:00,8.526512829121202e-13,1.1368683772161603e-13,0,True,Optimization terminated successfully. (HiGHS Status 7: Optimal),630,1.1368683772161603e-13
2025-05-01,18,0.03498724999917613,5855.134145110736,108,20,2810,2025-04-11|2025-04-12|2025-04-13|2025-04-14|2025-04-15|2025-04-16|2025-04-17|2025-04-18|2025-04-19|2025-04-20|2025-04-21|2025-04-22|2025-04-23|2025-04-24|2025-04-25|2025-04-26|2025-04-27|2025-04-28|2025-04-29|2025-04-30,2025-05-01 18:00,2025-05-01 18:00,5.684341886080801e-13,1.1368683772161603e-13,0,True,Optimization terminated successfully. (HiGHS Status 7: Optimal),574,1.1368683772161603e-13
2025-05-02,0,0.04370754199953808,820.8436244964516,144,20,3746,2025-04-12|2025-04-13|2025-04-14|2025-04-15|2025-04-16|2025-04-17|2025-04-18|2025-04-19|2025-04-20|2025-04-21|2025-04-22|2025-04-23|2025-04-24|2025-04-25|2025-04-26|2025-04-27|2025-04-28|2025-04-29|2025-04-30|2025-05-01,2025-05-02 00:00,2025-05-02 00:00,8.810729923425242e-13,1.1368683772161603e-13,0,True,Optimization terminated successfully. (HiGHS Status 7: Optimal),583,1.1368683772161603e-13
2025-05-02,6,0.032976500000586384,530.1386211414924,108,20,2810,2025-04-12|2025-04-13|2025-04-14|2025-04-15|2025-04-16|2025-04-17|2025-04-18|2025-04-19|2025-04-20|2025-04-21|2025-04-22|2025-04-23|2025-04-24|2025-04-25|2025-04-26|2025-04-27|2025-04-28|2025-04-29|2025-04-30|2025-05-01,2025-05-02 06:00,2025-05-02 06:00,8.926193117986259e-13,1.1368683772161603e-13,0,True,Optimization terminated successfully. (HiGHS Status 7: Optimal),404,5.684341886080802e-14
2025-05-02,12,0.0383176250015822,5915.446702987888,108,20,2810,2025-04-12|2025-04-13|2025-04-14|2025-04-15|2025-04-16|2025-04-17|2025-04-18|2025-04-19|2025-04-20|2025-04-21|2025-04-22|2025-04-23|2025-04-24|2025-04-25|2025-04-26|2025-04-27|2025-04-28|2025-04-29|2025-04-30|2025-05-01,2025-05-02 12:00,2025-05-02 12:00,8.526512829121202e-13,1.1368683772161603e-13,0,True,Optimization terminated successfully. (HiGHS Status 7: Optimal),526,5.684341886080802e-14
2025-05-02,18,0.03740674999971816,5555.743144520946,108,20,2810,2025-04-12|2025-04-13|2025-04-14|2025-04-15|2025-04-16|2025-04-17|2025-04-18|2025-04-19|2025-04-20|2025-04-21|2025-04-22|2025-04-23|2025-04-24|2025-04-25|2025-04-26|2025-04-27|2025-04-28|2025-04-29|2025-04-30|2025-05-01,2025-05-02 18:00,2025-05-02 18:00,4.547473508864641e-13,2.2737367544323206e-13,0,True,Optimization terminated successfully. (HiGHS Status 7: Optimal),488,5.684341886080802e-14
2025-05-03,0,0.0474474589991587,928.0440388514069,144,20,3746,2025-04-13|2025-04-14|2025-04-15|2025-04-16|2025-04-17|2025-04-18|2025-04-19|2025-04-20|2025-04-21|2025-04-22|2025-04-23|2025-04-24|2025-04-25|2025-04-26|2025-04-27|2025-04-28|2025-04-29|2025-04-30|2025-05-01|2025-05-02,2025-05-03 00:00,2025-05-03 00:00,8.952838470577262e-13,1.7053025658242404e-13,0,True,Optimization terminated successfully. (HiGHS Status 7: Optimal),578,1.7053025658242404e-13
2025-05-03,6,0.03170300000056159,599.1579281353662,108,20,2810,2025-04-13|2025-04-14|2025-04-15|2025-04-16|2025-04-17|2025-04-18|2025-04-19|2025-04-20|2025-04-21|2025-04-22|2025-04-23|2025-04-24|2025-04-25|2025-04-26|2025-04-27|2025-04-28|2025-04-29|2025-04-30|2025-05-01|2025-05-02,2025-05-03 06:00,2025-05-03 06:00,9.094947017729282e-13,5.684341886080802e-14,0,True,Optimization terminated successfully. (HiGHS Status 7: Optimal),373,1.7053025658242404e-13
2025-05-03,12,0.03928054199968756,10317.406064655033,108,20,2810,2025-04-13|2025-04-14|2025-04-15|2025-04-16|2025-04-17|2025-04-18|2025-04-19|2025-04-20|2025-04-21|2025-04-22|2025-04-23|2025-04-24|2025-04-25|2025-04-26|2025-04-27|2025-04-28|2025-04-29|2025-04-30|2025-05-01|2025-05-02,2025-05-03 12:00,2025-05-03 12:00,8.526512829121202e-13,5.684341886080802e-14,0,True,Optimization terminated successfully. (HiGHS Status 7: Optimal),530,1.7053025658242404e-13
2025-05-03,18,0.04167287499876693,12143.688275984625,108,20,2810,2025-04-13|2025-04-14|2025-04-15|2025-04-16|2025-04-17|2025-04-18|2025-04-19|2025-04-20|2025-04-21|2025-04-22|2025-04-23|2025-04-24|2025-04-25|2025-04-26|2025-04-27|2025-04-28|2025-04-29|2025-04-30|2025-05-01|2025-05-02,2025-05-03 18:00,2025-05-03 18:00,7.958078640513122e-13,1.1368683772161603e-13,0,True,Optimization terminated successfully. (HiGHS Status 7: Optimal),558,1.7053025658242404e-13
2025-05-04,0,0.05443899999954738,2468.541012059608,144,20,3746,2025-04-14|2025-04-15|2025-04-16|2025-04-17|2025-04-18|2025-04-19|2025-04-20|2025-04-21|2025-04-22|2025-04-23|2025-04-24|2025-04-25|2025-04-26|2025-04-27|2025-04-28|2025-04-29|2025-04-30|2025-05-01|2025-05-02|2025-05-03,2025-05-04 00:00,2025-05-04 00:00,9.094947017729282e-13,2.2737367544323206e-13,0,True,Optimization terminated successfully. (HiGHS Status 7: Optimal),720,2.2737367544323206e-13
2025-05-04,6,0.035306957999637234,278.60549138538147,108,20,2810,2025-04-14|2025-04-15|2025-04-16|2025-04-17|2025-04-18|2025-04-19|2025-04-20|2025-04-21|2025-04-22|2025-04-23|2025-04-24|2025-04-25|2025-04-26|2025-04-27|2025-04-28|2025-04-29|2025-04-30|2025-05-01|2025-05-02|2025-05-03,2025-05-04 06:00,2025-05-04 06:00,8.881784197001252e-13,1.1368683772161603e-13,0,True,Optimization terminated successfully. (HiGHS Status 7: Optimal),527,0.0
2025-05-04,12,0.038775332999648526,9857.856252299867,108,20,2810,2025-04-14|2025-04-15|2025-04-16|2025-04-17|2025-04-18|2025-04-19|2025-04-20|2025-04-21|2025-04-22|2025-04-23|2025-04-24|2025-04-25|2025-04-26|2025-04-27|2025-04-28|2025-04-29|2025-04-30|2025-05-01|2025-05-02|2025-05-03,2025-05-04 12:00,2025-05-04 12:00,9.094947017729282e-13,2.2737367544323206e-13,0,True,Optimization terminated successfully. (HiGHS Status 7: Optimal),585,2.2737367544323206e-13
2025-05-04,18,0.043147165999471326,18584.592116379416,108,20,2810,2025-04-14|2025-04-15|2025-04-16|2025-04-17|2025-04-18|2025-04-19|2025-04-20|2025-04-21|2025-04-22|2025-04-23|2025-04-24|2025-04-25|2025-04-26|2025-04-27|2025-04-28|2025-04-29|2025-04-30|2025-05-01|2025-05-02|2025-05-03,2025-05-04 18:00,2025-05-04 18:00,7.958078640513122e-13,2.2737367544323206e-13,0,True,Optimization terminated successfully. (HiGHS Status 7: Optimal),660,2.2737367544323206e-13
2025-05-05,0,0.05531454199990549,2537.419928662595,144,20,3746,2025-04-15|2025-04-16|2025-04-17|2025-04-18|2025-04-19|2025-04-20|2025-04-21|2025-04-22|2025-04-23|2025-04-24|2025-04-25|2025-04-26|2025-04-27|2025-04-28|2025-04-29|2025-04-30|2025-05-01|2025-05-02|2025-05-03|2025-05-04,2025-05-05 00:00,2025-05-05 00:00,9.094947017729282e-13,1.1368683772161603e-13,0,True,Optimization terminated successfully. (HiGHS Status 7: Optimal),757,1.1368683772161603e-13
2025-05-05,6,0.03869137500078068,510.19644565035287,108,20,2810,2025-04-15|2025-04-16|2025-04-17|2025-04-18|2025-04-19|2025-04-20|2025-04-21|2025-04-22|2025-04-23|2025-04-24|2025-04-25|2025-04-26|2025-04-27|2025-04-28|2025-04-29|2025-04-30|2025-05-01|2025-05-02|2025-05-03|2025-05-04,2025-05-05 06:00,2025-05-05 06:00,9.094947017729282e-13,1.1368683772161603e-13,0,True,Optimization terminated successfully. (HiGHS Status 7: Optimal),545,1.1368683772161603e-13
2025-05-05,12,0.03742070799853536,9806.41875009324,108,20,2810,2025-04-15|2025-04-16|2025-04-17|2025-04-18|2025-04-19|2025-04-20|2025-04-21|2025-04-22|2025-04-23|2025-04-24|2025-04-25|2025-04-26|2025-04-27|2025-04-28|2025-04-29|2025-04-30|2025-05-01|2025-05-02|2025-05-03|2025-05-04,2025-05-05 12:00,2025-05-05 12:00,9.094947017729282e-13,5.684341886080802e-14,0,True,Optimization terminated successfully. (HiGHS Status 7: Optimal),583,1.1368683772161603e-13
2025-05-05,18,0.03793862500060641,12388.18141704885,108,20,2810,2025-04-15|2025-04-16|2025-04-17|2025-04-18|2025-04-19|2025-04-20|2025-04-21|2025-04-22|2025-04-23|2025-04-24|2025-04-25|2025-04-26|2025-04-27|2025-04-28|2025-04-29|2025-04-30|2025-05-01|2025-05-02|2025-05-03|2025-05-04,2025-05-05 18:00,2025-05-05 18:00,9.094947017729282e-13,0.0,0,True,Optimization terminated successfully. (HiGHS Status 7: Optimal),585,1.1368683772161603e-13
2025-05-06,0,0.17748254199977964,2081.2345905404377,144,20,3746,2025-04-16|2025-04-17|2025-04-18|2025-04-19|2025-04-20|2025-04-21|2025-04-22|2025-04-23|2025-04-24|2025-04-25|2025-04-26|2025-04-27|2025-04-28|2025-04-29|2025-04-30|2025-05-01|2025-05-02|2025-05-03|2025-05-04|2025-05-05,2025-05-06 00:00,2025-05-06 00:00,9.094947017729282e-13,2.2737367544323206e-13,0,True,Optimization terminated successfully. (HiGHS Status 7: Optimal),741,3.410605131648481e-13
2025-05-06,6,0.07754183399993053,3295.154329642489,108,20,2810,2025-04-16|2025-04-17|2025-04-18|2025-04-19|2025-04-20|2025-04-21|2025-04-22|2025-04-23|2025-04-24|2025-04-25|2025-04-26|2025-04-27|2025-04-28|2025-04-29|2025-04-30|2025-05-01|2025-05-02|2025-05-03|2025-05-04|2025-05-05,2025-05-06 06:00,2025-05-06 06:00,9.094947017729282e-13,1.1368683772161603e-13,0,True,Optimization terminated successfully. (HiGHS Status 7: Optimal),685,1.1368683772161603e-13
2025-05-06,12,0.06437104199903843,11363.092213991991,108,20,2810,2025-04-16|2025-04-17|2025-04-18|2025-04-19|2025-04-20|2025-04-21|2025-04-22|2025-04-23|2025-04-24|2025-04-25|2025-04-26|2025-04-27|2025-04-28|2025-04-29|2025-04-30|2025-05-01|2025-05-02|2025-05-03|2025-05-04|2025-05-05,2025-05-06 12:00,2025-05-06 12:00,8.810729923425242e-13,2.2737367544323206e-13,0,True,Optimization terminated successfully. (HiGHS Status 7: Optimal),641,1.1368683772161603e-13
2025-05-06,18,0.05052812500071013,15332.040331767414,108,20,2810,2025-04-16|2025-04-17|2025-04-18|2025-04-19|2025-04-20|2025-04-21|2025-04-22|2025-04-23|2025-04-24|2025-04-25|2025-04-26|2025-04-27|2025-04-28|2025-04-29|2025-04-30|2025-05-01|2025-05-02|2025-05-03|2025-05-04|2025-05-05,2025-05-06 18:00,2025-05-06 18:00,7.958078640513122e-13,2.2737367544323206e-13,0,True,Optimization terminated successfully. (HiGHS Status 7: Optimal),628,1.1368683772161603e-13
2025-05-07,0,0.0573080829999526,2259.7234977988464,144,20,3746,2025-04-17|2025-04-18|2025-04-19|2025-04-20|2025-04-21|2025-04-22|2025-04-23|2025-04-24|2025-04-25|2025-04-26|2025-04-27|2025-04-28|2025-04-29|2025-04-30|2025-05-01|2025-05-02|2025-05-03|2025-05-04|2025-05-05|2025-05-06,2025-05-07 00:00,2025-05-07 00:00,9.094947017729282e-13,1.4779288903810084e-12,0,True,Optimization terminated successfully. (HiGHS Status 7: Optimal),738,1.4779288903810084e-12
2025-05-07,6,0.0501121659999626,3429.698601204776,108,20,2810,2025-04-17|2025-04-18|2025-04-19|2025-04-20|2025-04-21|2025-04-22|2025-04-23|2025-04-24|2025-04-25|2025-04-26|2025-04-27|2025-04-28|2025-04-29|2025-04-30|2025-05-01|2025-05-02|2025-05-03|2025-05-04|2025-05-05|2025-05-06,2025-05-07 06:00,2025-05-07 06:00,1.0231815394945443e-12,2.2737367544323206e-13,0,True,Optimization terminated successfully. (HiGHS Status 7: Optimal),718,2.2737367544323206e-13
2025-05-07,12,0.04020908399979817,10951.167739438471,108,20,2810,2025-04-17|2025-04-18|2025-04-19|2025-04-20|2025-04-21|2025-04-22|2025-04-23|2025-04-24|2025-04-25|2025-04-26|2025-04-27|2025-04-28|2025-04-29|2025-04-30|2025-05-01|2025-05-02|2025-05-03|2025-05-04|2025-05-05|2025-05-06,2025-05-07 12:00,2025-05-07 12:00,9.094947017729282e-13,3.410605131648481e-13,0,True,Optimization terminated successfully. (HiGHS Status 7: Optimal),637,2.2737367544323206e-13
2025-05-07,18,0.03978241699951468,12765.444549308017,108,20,2810,2025-04-17|2025-04-18|2025-04-19|2025-04-20|2025-04-21|2025-04-22|2025-04-23|2025-04-24|2025-04-25|2025-04-26|2025-04-27|2025-04-28|2025-04-29|2025-04-30|2025-05-01|2025-05-02|2025-05-03|2025-05-04|2025-05-05|2025-05-06,2025-05-07 18:00,2025-05-07 18:00,7.958078640513122e-13,1.4779288903810084e-12,0,True,Optimization terminated successfully. (HiGHS Status 7: Optimal),581,1.4779288903810084e-12
2025-05-08,0,0.055317209000349976,2379.385529988289,144,20,3746,2025-04-18|2025-04-19|2025-04-20|2025-04-21|2025-04-22|2025-04-23|2025-04-24|2025-04-25|2025-04-26|2025-04-27|2025-04-28|2025-04-29|2025-04-30|2025-05-01|2025-05-02|2025-05-03|2025-05-04|2025-05-05|2025-05-06|2025-05-07,2025-05-08 00:00,2025-05-08 00:00,9.094947017729282e-13,3.552713678800501e-15,0,True,Optimization terminated successfully. (HiGHS Status 7: Optimal),755,1.1368683772161603e-13
2025-05-08,6,0.0390855419991567,348.58410570740546,108,20,2810,2025-04-18|2025-04-19|2025-04-20|2025-04-21|2025-04-22|2025-04-23|2025-04-24|2025-04-25|2025-04-26|2025-04-27|2025-04-28|2025-04-29|2025-04-30|2025-05-01|2025-05-02|2025-05-03|2025-05-04|2025-05-05|2025-05-06|2025-05-07,2025-05-08 06:00,2025-05-08 06:00,9.094947017729282e-13,1.1368683772161603e-13,0,True,Optimization terminated successfully. (HiGHS Status 7: Optimal),589,5.684341886080802e-14
2025-05-08,12,0.04157637499884004,6870.579472667611,108,20,2810,2025-04-18|2025-04-19|2025-04-20|2025-04-21|2025-04-22|2025-04-23|2025-04-24|2025-04-25|2025-04-26|2025-04-27|2025-04-28|2025-04-29|2025-04-30|2025-05-01|2025-05-02|2025-05-03|2025-05-04|2025-05-05|2025-05-06|2025-05-07,2025-05-08 12:00,2025-05-08 12:00,9.094947017729282e-13,1.1368683772161603e-13,0,True,Optimization terminated successfully. (HiGHS Status 7: Optimal),657,5.684341886080802e-14
2025-05-08,18,0.0375408330000937,6130.67464832623,108,20,2810,2025-04-18|2025-04-19|2025-04-20|2025-04-21|2025-04-22|2025-04-23|2025-04-24|2025-04-25|2025-04-26|2025-04-27|2025-04-28|2025-04-29|2025-04-30|2025-05-01|2025-05-02|2025-05-03|2025-05-04|2025-05-05|2025-05-06|2025-05-07,2025-05-08 18:00,2025-05-08 18:00,5.684341886080801e-13,1.1368683772161603e-13,0,True,Optimization terminated successfully. (HiGHS Status 7: Optimal),543,5.684341886080802e-14
2025-05-09,0,0.05369024999890826,909.1037057908486,144,20,3746,2025-04-19|2025-04-20|2025-04-21|2025-04-22|2025-04-23|2025-04-24|2025-04-25|2025-04-26|2025-04-27|2025-04-28|2025-04-29|2025-04-30|2025-05-01|2025-05-02|2025-05-03|2025-05-04|2025-05-05|2025-05-06|2025-05-07|2025-05-08,2025-05-09 00:00,2025-05-09 00:00,9.094947017729282e-13,3.410605131648481e-13,0,True,Optimization terminated successfully. (HiGHS Status 7: Optimal),602,3.410605131648481e-13
2025-05-09,6,0.03594320899901504,1286.1335810588735,108,20,2810,2025-04-19|2025-04-20|2025-04-21|2025-04-22|2025-04-23|2025-04-24|2025-04-25|2025-04-26|2025-04-27|2025-04-28|2025-04-29|2025-04-30|2025-05-01|2025-05-02|2025-05-03|2025-05-04|2025-05-05|2025-05-06|2025-05-07|2025-05-08,2025-05-09 06:00,2025-05-09 06:00,9.094947017729282e-13,5.684341886080802e-14,0,True,Optimization terminated successfully. (HiGHS Status 7: Optimal),481,5.684341886080802e-14
2025-05-09,12,0.041163542000504094,6534.009584078837,108,20,2810,2025-04-19|2025-04-20|2025-04-21|2025-04-22|2025-04-23|2025-04-24|2025-04-25|2025-04-26|2025-04-27|2025-04-28|2025-04-29|2025-04-30|2025-05-01|2025-05-02|2025-05-03|2025-05-04|2025-05-05|2025-05-06|2025-05-07|2025-05-08,2025-05-09 12:00,2025-05-09 12:00,8.313350008393172e-13,5.684341886080802e-14,0,True,Optimization terminated successfully. (HiGHS Status 7: Optimal),591,5.684341886080802e-14
2025-05-09,18,0.0384221250005794,5165.549095559522,108,20,2810,2025-04-19|2025-04-20|2025-04-21|2025-04-22|2025-04-23|2025-04-24|2025-04-25|2025-04-26|2025-04-27|2025-04-28|2025-04-29|2025-04-30|2025-05-01|2025-05-02|2025-05-03|2025-05-04|2025-05-05|2025-05-06|2025-05-07|2025-05-08,2025-05-09 18:00,2025-05-09 18:00,3.410605131648481e-13,5.684341886080802e-14,0,True,Optimization terminated successfully. (HiGHS Status 7: Optimal),517,5.684341886080802e-14
2025-05-10,0,0.048045291001471924,865.777144430736,144,20,3746,2025-04-20|2025-04-21|2025-04-22|2025-04-23|2025-04-24|2025-04-25|2025-04-26|2025-04-27|2025-04-28|2025-04-29|2025-04-30|2025-05-01|2025-05-02|2025-05-03|2025-05-04|2025-05-05|2025-05-06|2025-05-07|2025-05-08|2025-05-09,2025-05-10 00:00,2025-05-10 00:00,9.094947017729282e-13,9.094947017729282e-13,0,True,Optimization terminated successfully. (HiGHS Status 7: Optimal),587,9.094947017729282e-13
2025-05-10,6,0.03255725000053644,1221.0372045081056,108,20,2810,2025-04-20|2025-04-21|2025-04-22|2025-04-23|2025-04-24|2025-04-25|2025-04-26|2025-04-27|2025-04-28|2025-04-29|2025-04-30|2025-05-01|2025-05-02|2025-05-03|2025-05-04|2025-05-05|2025-05-06|2025-05-07|2025-05-08|2025-05-09,2025-05-10 06:00,2025-05-10 06:00,8.526512829121202e-13,1.1368683772161603e-13,0,True,Optimization terminated successfully. (HiGHS Status 7: Optimal),430,1.1368683772161603e-13
2025-05-10,12,0.03726854200067464,10654.758146884487,108,20,2810,2025-04-20|2025-04-21|2025-04-22|2025-04-23|2025-04-24|2025-04-25|2025-04-26|2025-04-27|2025-04-28|2025-04-29|2025-04-30|2025-05-01|2025-05-02|2025-05-03|2025-05-04|2025-05-05|2025-05-06|2025-05-07|2025-05-08|2025-05-09,2025-05-10 12:00,2025-05-10 12:00,8.242295734817162e-13,5.684341886080802e-14,0,True,Optimization terminated successfully. (HiGHS Status 7: Optimal),568,1.1368683772161603e-13
2025-05-10,18,0.03751445799935027,19874.18364802081,108,20,2810,2025-04-20|2025-04-21|2025-04-22|2025-04-23|2025-04-24|2025-04-25|2025-04-26|2025-04-27|2025-04-28|2025-04-29|2025-04-30|2025-05-01|2025-05-02|2025-05-03|2025-05-04|2025-05-05|2025-05-06|2025-05-07|2025-05-08|2025-05-09,2025-05-10 18:00,2025-05-10 18:00,7.958078640513122e-13,5.684341886080802e-14,0,True,Optimization terminated successfully. (HiGHS Status 7: Optimal),632,1.1368683772161603e-13
2025-05-11,0,0.05297141700066277,2608.1588521574567,144,20,3746,2025-04-21|2025-04-22|2025-04-23|2025-04-24|2025-04-25|2025-04-26|2025-04-27|2025-04-28|2025-04-29|2025-04-30|2025-05-01|2025-05-02|2025-05-03|2025-05-04|2025-05-05|2025-05-06|2025-05-07|2025-05-08|2025-05-09|2025-05-10,2025-05-11 00:00,2025-05-11 00:00,9.094947017729282e-13,2.2737367544323206e-13,0,True,Optimization terminated successfully. (HiGHS Status 7: Optimal),739,2.2737367544323206e-13
2025-05-11,6,0.04264362499998242,2160.7055082913644,108,20,2810,2025-04-21|2025-04-22|2025-04-23|2025-04-24|2025-04-25|2025-04-26|2025-04-27|2025-04-28|2025-04-29|2025-04-30|2025-05-01|2025-05-02|2025-05-03|2025-05-04|2025-05-05|2025-05-06|2025-05-07|2025-05-08|2025-05-09|2025-05-10,2025-05-11 06:00,2025-05-11 06:00,9.094947017729282e-13,1.1368683772161603e-13,0,True,Optimization terminated successfully. (HiGHS Status 7: Optimal),660,1.1368683772161603e-13
2025-05-11,12,0.042684707999796956,10942.358168448225,108,20,2810,2025-04-21|2025-04-22|2025-04-23|2025-04-24|2025-04-25|2025-04-26|2025-04-27|2025-04-28|2025-04-29|2025-04-30|2025-05-01|2025-05-02|2025-05-03|2025-05-04|2025-05-05|2025-05-06|2025-05-07|2025-05-08|2025-05-09|2025-05-10,2025-05-11 12:00,2025-05-11 12:00,8.468781231840694e-13,1.1368683772161603e-13,0,True,Optimization terminated successfully. (HiGHS Status 7: Optimal),698,1.1368683772161603e-13
2025-05-11,18,0.04036295799960499,12600.814175305455,108,20,2810,2025-04-21|2025-04-22|2025-04-23|2025-04-24|2025-04-25|2025-04-26|2025-04-27|2025-04-28|2025-04-29|2025-04-30|2025-05-01|2025-05-02|2025-05-03|2025-05-04|2025-05-05|2025-05-06|2025-05-07|2025-05-08|2025-05-09|2025-05-10,2025-05-11 18:00,2025-05-11 18:00,7.958078640513122e-13,0.0,0,True,Optimization terminated successfully. (HiGHS Status 7: Optimal),599,1.1368683772161603e-13
2025-05-12,0,0.05206033300055424,2066.186656309843,144,20,3746,2025-04-22|2025-04-23|2025-04-24|2025-04-25|2025-04-26|2025-04-27|2025-04-28|2025-04-29|2025-04-30|2025-05-01|2025-05-02|2025-05-03|2025-05-04|2025-05-05|2025-05-06|2025-05-07|2025-05-08|2025-05-09|2025-05-10|2025-05-11,2025-05-12 00:00,2025-05-12 00:00,8.242295734817162e-13,2.2737367544323206e-13,0,True,Optimization terminated successfully. (HiGHS Status 7: Optimal),705,2.2737367544323206e-13
2025-05-12,6,0.04867112499960058,5000.92259545805,108,20,2810,2025-04-22|2025-04-23|2025-04-24|2025-04-25|2025-04-26|2025-04-27|2025-04-28|2025-04-29|2025-04-30|2025-05-01|2025-05-02|2025-05-03|2025-05-04|2025-05-05|2025-05-06|2025-05-07|2025-05-08|2025-05-09|2025-05-10|2025-05-11,2025-05-12 06:00,2025-05-12 06:00,7.958078640513122e-13,2.2737367544323206e-13,0,True,Optimization terminated successfully. (HiGHS Status 7: Optimal),755,2.2737367544323206e-13
2025-05-12,12,0.03898250000020198,11565.915008480466,108,20,2810,2025-04-22|2025-04-23|2025-04-24|2025-04-25|2025-04-26|2025-04-27|2025-04-28|2025-04-29|2025-04-30|2025-05-01|2025-05-02|2025-05-03|2025-05-04|2025-05-05|2025-05-06|2025-05-07|2025-05-08|2025-05-09|2025-05-10|2025-05-11,2025-05-12 12:00,2025-05-12 12:00,8.810729923425242e-13,2.2737367544323206e-13,0,True,Optimization terminated successfully. (HiGHS Status 7: Optimal),678,2.2737367544323206e-13
2025-05-12,18,0.03653370900065056,17168.865959293624,108,20,2810,2025-04-22|2025-04-23|2025-04-24|2025-04-25|2025-04-26|2025-04-27|2025-04-28|2025-04-29|2025-04-30|2025-05-01|2025-05-02|2025-05-03|2025-05-04|2025-05-05|2025-05-06|2025-05-07|2025-05-08|2025-05-09|2025-05-10|2025-05-11,2025-05-12 18:00,2025-05-12 18:00,7.958078640513122e-13,2.2737367544323206e-13,0,True,Optimization terminated successfully. (HiGHS Status 7: Optimal),655,2.2737367544323206e-13
2025-05-13,0,0.05176954200032924,2484.6760741557573,144,20,3746,2025-04-23|2025-04-24|2025-04-25|2025-04-26|2025-04-27|2025-04-28|2025-04-29|2025-04-30|2025-05-01|2025-05-02|2025-05-03|2025-05-04|2025-05-05|2025-05-06|2025-05-07|2025-05-08|2025-05-09|2025-05-10|2025-05-11|2025-05-12,2025-05-13 00:00,2025-05-13 00:00,7.958078640513122e-13,4.547473508864641e-13,0,True,Optimization terminated successfully. (HiGHS Status 7: Optimal),750,4.796163466380676e-13
2025-05-13,6,0.036467667001488735,91.88373964418312,108,20,2810,2025-04-23|2025-04-24|2025-04-25|2025-04-26|2025-04-27|2025-04-28|2025-04-29|2025-04-30|2025-05-01|2025-05-02|2025-05-03|2025-05-04|2025-05-05|2025-05-06|2025-05-07|2025-05-08|2025-05-09|2025-05-10|2025-05-11|2025-05-12,2025-05-13 06:00,2025-05-13 06:00,8.668621376273222e-13,1.1368683772161603e-13,0,True,Optimization terminated successfully. (HiGHS Status 7: Optimal),609,2.2737367544323206e-13
2025-05-13,12,0.03848520800056576,11393.499851054643,108,20,2810,2025-04-23|2025-04-24|2025-04-25|2025-04-26|2025-04-27|2025-04-28|2025-04-29|2025-04-30|2025-05-01|2025-05-02|2025-05-03|2025-05-04|2025-05-05|2025-05-06|2025-05-07|2025-05-08|2025-05-09|2025-05-10|2025-05-11|2025-05-12,2025-05-13 12:00,2025-05-13 12:00,8.637535131583718e-13,2.2737367544323206e-13,0,True,Optimization terminated successfully. (HiGHS Status 7: Optimal),668,2.2737367544323206e-13
2025-05-13,18,0.04134637500101235,16103.947977015883,108,20,2810,2025-04-23|2025-04-24|2025-04-25|2025-04-26|2025-04-27|2025-04-28|2025-04-29|2025-04-30|2025-05-01|2025-05-02|2025-05-03|2025-05-04|2025-05-05|2025-05-06|2025-05-07|2025-05-08|2025-05-09|2025-05-10|2025-05-11|2025-05-12,2025-05-13 18:00,2025-05-13 18:00,6.821210263296962e-13,2.2737367544323206e-13,0,True,Optimization terminated successfully. (HiGHS Status 7: Optimal),650,2.2737367544323206e-13
2025-05-14,0,0.05431904200122517,2339.174662391441,144,20,3746,2025-04-24|2025-04-25|2025-04-26|2025-04-27|2025-04-28|2025-04-29|2025-04-30|2025-05-01|2025-05-02|2025-05-03|2025-05-04|2025-05-05|2025-05-06|2025-05-07|2025-05-08|2025-05-09|2025-05-10|2025-05-11|2025-05-12|2025-05-13,2025-05-14 00:00,2025-05-14 00:00,9.094947017729282e-13,9.094947017729282e-13,0,True,Optimization terminated successfully. (HiGHS Status 7: Optimal),743,8.08464406532039e-13
2025-05-14,6,0.04802575000030629,2361.003443785064,108,20,2810,2025-04-24|2025-04-25|2025-04-26|2025-04-27|2025-04-28|2025-04-29|2025-04-30|2025-05-01|2025-05-02|2025-05-03|2025-05-04|2025-05-05|2025-05-06|2025-05-07|2025-05-08|2025-05-09|2025-05-10|2025-05-11|2025-05-12|2025-05-13,2025-05-14 06:00,2025-05-14 06:00,8.65085780787922e-13,1.1368683772161603e-13,0,True,Optimization terminated successfully. (HiGHS Status 7: Optimal),744,0.0
2025-05-14,12,0.034539915999630466,9643.835679246158,108,20,2810,2025-04-24|2025-04-25|2025-04-26|2025-04-27|2025-04-28|2025-04-29|2025-04-30|2025-05-01|2025-05-02|2025-05-03|2025-05-04|2025-05-05|2025-05-06|2025-05-07|2025-05-08|2025-05-09|2025-05-10|2025-05-11|2025-05-12|2025-05-13,2025-05-14 12:00,2025-05-14 12:00,8.952838470577262e-13,1.1368683772161603e-13,0,True,Optimization terminated successfully. (HiGHS Status 7: Optimal),599,0.0
2025-05-14,18,0.034606374998475076,13594.926766990779,108,20,2810,2025-04-24|2025-04-25|2025-04-26|2025-04-27|2025-04-28|2025-04-29|2025-04-30|2025-05-01|2025-05-02|2025-05-03|2025-05-04|2025-05-05|2025-05-06|2025-05-07|2025-05-08|2025-05-09|2025-05-10|2025-05-11|2025-05-12|2025-05-13,2025-05-14 18:00,2025-05-14 18:00,5.684341886080801e-13,1.1368683772161603e-13,0,True,Optimization terminated successfully. (HiGHS Status 7: Optimal),607,0.0
2025-05-15,0,0.05042633400080376,2133.354126374012,144,20,3746,2025-04-25|2025-04-26|2025-04-27|2025-04-28|2025-04-29|2025-04-30|2025-05-01|2025-05-02|2025-05-03|2025-05-04|2025-05-05|2025-05-06|2025-05-07|2025-05-08|2025-05-09|2025-05-10|2025-05-11|2025-05-12|2025-05-13|2025-05-14,2025-05-15 00:00,2025-05-15 00:00,8.171241461241152e-13,3.410605131648481e-13,0,True,Optimization terminated successfully. (HiGHS Status 7: Optimal),720,3.410605131648481e-13
2025-05-15,6,0.047133457999734674,3473.062070402543,108,20,2810,2025-04-25|2025-04-26|2025-04-27|2025-04-28|2025-04-29|2025-04-30|2025-05-01|2025-05-02|2025-05-03|2025-05-04|2025-05-05|2025-05-06|2025-05-07|2025-05-08|2025-05-09|2025-05-10|2025-05-11|2025-05-12|2025-05-13|2025-05-14,2025-05-15 06:00,2025-05-15 06:00,8.810729923425242e-13,1.1368683772161603e-13,0,True,Optimization terminated successfully. (HiGHS Status 7: Optimal),747,0.0
2025-05-15,12,0.036904874999891035,5586.38121120701,108,20,2810,2025-04-25|2025-04-26|2025-04-27|2025-04-28|2025-04-29|2025-04-30|2025-05-01|2025-05-02|2025-05-03|2025-05-04|2025-05-05|2025-05-06|2025-05-07|2025-05-08|2025-05-09|2025-05-10|2025-05-11|2025-05-12|2025-05-13|2025-05-14,2025-05-15 12:00,2025-05-15 12:00,8.810729923425242e-13,3.410605131648481e-13,0,True,Optimization terminated successfully. (HiGHS Status 7: Optimal),620,3.410605131648481e-13
2025-05-15,18,0.03536254200116673,5006.010823736839,108,20,2810,2025-04-25|2025-04-26|2025-04-27|2025-04-28|2025-04-29|2025-04-30|2025-05-01|2025-05-02|2025-05-03|2025-05-04|2025-05-05|2025-05-06|2025-05-07|2025-05-08|2025-05-09|2025-05-10|2025-05-11|2025-05-12|2025-05-13|2025-05-14,2025-05-15 18:00,2025-05-15 18:00,7.958078640513122e-13,3.410605131648481e-13,0,True,Optimization terminated successfully. (HiGHS Status 7: Optimal),514,3.410605131648481e-13
2025-05-16,0,0.04347383300046204,863.54509042732,144,20,3746,2025-04-26|2025-04-27|2025-04-28|2025-04-29|2025-04-30|2025-05-01|2025-05-02|2025-05-03|2025-05-04|2025-05-05|2025-05-06|2025-05-07|2025-05-08|2025-05-09|2025-05-10|2025-05-11|2025-05-12|2025-05-13|2025-05-14|2025-05-15,2025-05-16 00:00,2025-05-16 00:00,8.668621376273222e-13,7.958078640513122e-13,0,True,Optimization terminated successfully. (HiGHS Status 7: Optimal),581,7.958078640513122e-13
2025-05-16,6,0.0311835840002459,528.5966453339037,108,20,2810,2025-04-26|2025-04-27|2025-04-28|2025-04-29|2025-04-30|2025-05-01|2025-05-02|2025-05-03|2025-05-04|2025-05-05|2025-05-06|2025-05-07|2025-05-08|2025-05-09|2025-05-10|2025-05-11|2025-05-12|2025-05-13|2025-05-14|2025-05-15,2025-05-16 06:00,2025-05-16 06:00,8.526512829121202e-13,7.958078640513122e-13,0,True,Optimization terminated successfully. (HiGHS Status 7: Optimal),415,7.958078640513122e-13
2025-05-16,12,0.03551395800059254,6005.864542322241,108,20,2810,2025-04-26|2025-04-27|2025-04-28|2025-04-29|2025-04-30|2025-05-01|2025-05-02|2025-05-03|2025-05-04|2025-05-05|2025-05-06|2025-05-07|2025-05-08|2025-05-09|2025-05-10|2025-05-11|2025-05-12|2025-05-13|2025-05-14|2025-05-15,2025-05-16 12:00,2025-05-16 12:00,9.094947017729282e-13,7.958078640513122e-13,0,True,Optimization terminated successfully. (HiGHS Status 7: Optimal),539,7.958078640513122e-13
2025-05-16,18,0.035204667001380585,5198.136121176038,108,20,2810,2025-04-26|2025-04-27|2025-04-28|2025-04-29|2025-04-30|2025-05-01|2025-05-02|2025-05-03|2025-05-04|2025-05-05|2025-05-06|2025-05-07|2025-05-08|2025-05-09|2025-05-10|2025-05-11|2025-05-12|2025-05-13|2025-05-14|2025-05-15,2025-05-16 18:00,2025-05-16 18:00,7.958078640513122e-13,7.958078640513122e-13,0,True,Optimization terminated successfully. (HiGHS Status 7: Optimal),568,7.958078640513122e-13
2025-05-17,0,0.04406370900142065,836.589116497917,144,20,3746,2025-04-27|2025-04-28|2025-04-29|2025-04-30|2025-05-01|2025-05-02|2025-05-03|2025-05-04|2025-05-05|2025-05-06|2025-05-07|2025-05-08|2025-05-09|2025-05-10|2025-05-11|2025-05-12|2025-05-13|2025-05-14|2025-05-15|2025-05-16,2025-05-17 00:00,2025-05-17 00:00,8.384404281969182e-13,5.684341886080802e-14,0,True,Optimization terminated successfully. (HiGHS Status 7: Optimal),591,1.1368683772161603e-13
2025-05-17,6,0.028530749999845284,479.75792555201923,108,20,2810,2025-04-27|2025-04-28|2025-04-29|2025-04-30|2025-05-01|2025-05-02|2025-05-03|2025-05-04|2025-05-05|2025-05-06|2025-05-07|2025-05-08|2025-05-09|2025-05-10|2025-05-11|2025-05-12|2025-05-13|2025-05-14|2025-05-15|2025-05-16,2025-05-17 06:00,2025-05-17 06:00,7.389644451905042e-13,1.1368683772161603e-13,0,True,Optimization terminated successfully. (HiGHS Status 7: Optimal),405,1.1368683772161603e-13
2025-05-17,12,0.037405250001029344,10418.050005468198,108,20,2810,2025-04-27|2025-04-28|2025-04-29|2025-04-30|2025-05-01|2025-05-02|2025-05-03|2025-05-04|2025-05-05|2025-05-06|2025-05-07|2025-05-08|2025-05-09|2025-05-10|2025-05-11|2025-05-12|2025-05-13|2025-05-14|2025-05-15|2025-05-16,2025-05-17 12:00,2025-05-17 12:00,9.094947017729282e-13,1.1368683772161603e-13,0,True,Optimization terminated successfully. (HiGHS Status 7: Optimal),558,1.1368683772161603e-13
2025-05-17,18,0.04197862499859184,13514.471810326426,108,20,2810,2025-04-27|2025-04-28|2025-04-29|2025-04-30|2025-05-01|2025-05-02|2025-05-03|2025-05-04|2025-05-05|2025-05-06|2025-05-07|2025-05-08|2025-05-09|2025-05-10|2025-05-11|2025-05-12|2025-05-13|2025-05-14|2025-05-15|2025-05-16,2025-05-17 18:00,2025-05-17 18:00,9.094947017729282e-13,1.1368683772161603e-13,0,True,Optimization terminated successfully. (HiGHS Status 7: Optimal),604,1.1368683772161603e-13
2025-05-18,0,0.05163795900080004,2385.9812209023485,144,20,3746,2025-04-28|2025-04-29|2025-04-30|2025-05-01|2025-05-02|2025-05-03|2025-05-04|2025-05-05|2025-05-06|2025-05-07|2025-05-08|2025-05-09|2025-05-10|2025-05-11|2025-05-12|2025-05-13|2025-05-14|2025-05-15|2025-05-16|2025-05-17,2025-05-18 00:00,2025-05-18 00:00,9.094947017729282e-13,2.1032064978498966e-12,0,True,Optimization terminated successfully. (HiGHS Status 7: Optimal),723,2.1032064978498966e-12
2025-05-18,6,0.03796712499934074,355.62096706810013,108,20,2810,2025-04-28|2025-04-29|2025-04-30|2025-05-01|2025-05-02|2025-05-03|2025-05-04|2025-05-05|2025-05-06|2025-05-07|2025-05-08|2025-05-09|2025-05-10|2025-05-11|2025-05-12|2025-05-13|2025-05-14|2025-05-15|2025-05-16|2025-05-17,2025-05-18 06:00,2025-05-18 06:00,9.094947017729282e-13,1.1368683772161603e-13,0,True,Optimization terminated successfully. (HiGHS Status 7: Optimal),602,0.0
2025-05-18,12,0.038340625000273576,10210.543232824439,108,20,2810,2025-04-28|2025-04-29|2025-04-30|2025-05-01|2025-05-02|2025-05-03|2025-05-04|2025-05-05|2025-05-06|2025-05-07|2025-05-08|2025-05-09|2025-05-10|2025-05-11|2025-05-12|2025-05-13|2025-05-14|2025-05-15|2025-05-16|2025-05-17,2025-05-18 12:00,2025-05-18 12:00,7.958078640513122e-13,1.1368683772161603e-13,0,True,Optimization terminated successfully. (HiGHS Status 7: Optimal),651,1.8189894035458565e-12
2025-05-18,18,0.04110949999994773,12484.336379253384,108,20,2810,2025-04-28|2025-04-29|2025-04-30|2025-05-01|2025-05-02|2025-05-03|2025-05-04|2025-05-05|2025-05-06|2025-05-07|2025-05-08|2025-05-09|2025-05-10|2025-05-11|2025-05-12|2025-05-13|2025-05-14|2025-05-15|2025-05-16|2025-05-17,2025-05-18 18:00,2025-05-18 18:00,9.094947017729282e-13,1.0231815394945443e-12,0,True,Optimization terminated successfully. (HiGHS Status 7: Optimal),605,1.0231815394945443e-12
2025-05-19,0,0.06028024999977788,2347.6644909617025,144,20,3746,2025-04-29|2025-04-30|2025-05-01|2025-05-02|2025-05-03|2025-05-04|2025-05-05|2025-05-06|2025-05-07|2025-05-08|2025-05-09|2025-05-10|2025-05-11|2025-05-12|2025-05-13|2025-05-14|2025-05-15|2025-05-16|2025-05-17|2025-05-18,2025-05-19 00:00,2025-05-19 00:00,9.094947017729282e-13,4.547473508864641e-13,0,True,Optimization terminated successfully. (HiGHS Status 7: Optimal),737,4.547473508864641e-13
2025-05-19,6,0.04308212499927322,733.7107465619873,108,20,2810,2025-04-29|2025-04-30|2025-05-01|2025-05-02|2025-05-03|2025-05-04|2025-05-05|2025-05-06|2025-05-07|2025-05-08|2025-05-09|2025-05-10|2025-05-11|2025-05-12|2025-05-13|2025-05-14|2025-05-15|2025-05-16|2025-05-17|2025-05-18,2025-05-19 06:00,2025-05-19 06:00,9.094947017729282e-13,2.2737367544323206e-13,0,True,Optimization terminated successfully. (HiGHS Status 7: Optimal),569,2.2737367544323206e-13
2025-05-19,12,0.042802917001608876,10899.668263364534,108,20,2810,2025-04-29|2025-04-30|2025-05-01|2025-05-02|2025-05-03|2025-05-04|2025-05-05|2025-05-06|2025-05-07|2025-05-08|2025-05-09|2025-05-10|2025-05-11|2025-05-12|2025-05-13|2025-05-14|2025-05-15|2025-05-16|2025-05-17|2025-05-18,2025-05-19 12:00,2025-05-19 12:00,8.872902412804251e-13,2.2737367544323206e-13,0,True,Optimization terminated successfully. (HiGHS Status 7: Optimal),659,0.0
2025-05-19,18,0.04033949999939068,12857.476850485493,108,20,2810,2025-04-29|2025-04-30|2025-05-01|2025-05-02|2025-05-03|2025-05-04|2025-05-05|2025-05-06|2025-05-07|2025-05-08|2025-05-09|2025-05-10|2025-05-11|2025-05-12|2025-05-13|2025-05-14|2025-05-15|2025-05-16|2025-05-17|2025-05-18,2025-05-19 18:00,2025-05-19 18:00,6.821210263296962e-13,4.547473508864641e-13,0,True,Optimization terminated successfully. (HiGHS Status 7: Optimal),606,4.547473508864641e-13
2025-05-20,0,0.05496166699958849,2399.3179746899523,144,20,3746,2025-04-30|2025-05-01|2025-05-02|2025-05-03|2025-05-04|2025-05-05|2025-05-06|2025-05-07|2025-05-08|2025-05-09|2025-05-10|2025-05-11|2025-05-12|2025-05-13|2025-05-14|2025-05-15|2025-05-16|2025-05-17|2025-05-18|2025-05-19,2025-05-20 00:00,2025-05-20 00:00,7.958078640513122e-13,6.821210263296962e-13,0,True,Optimization terminated successfully. (HiGHS Status 7: Optimal),710,6.394884621840902e-13
2025-05-20,6,0.04827366700010316,3489.9534811728886,108,20,2810,2025-04-30|2025-05-01|2025-05-02|2025-05-03|2025-05-04|2025-05-05|2025-05-06|2025-05-07|2025-05-08|2025-05-09|2025-05-10|2025-05-11|2025-05-12|2025-05-13|2025-05-14|2025-05-15|2025-05-16|2025-05-17|2025-05-18|2025-05-19,2025-05-20 06:00,2025-05-20 06:00,8.331113576787175e-13,1.1368683772161603e-13,0,True,Optimization terminated successfully. (HiGHS Status 7: Optimal),765,0.0
2025-05-20,12,0.04774133300088579,11544.979871693637,108,20,2810,2025-04-30|2025-05-01|2025-05-02|2025-05-03|2025-05-04|2025-05-05|2025-05-06|2025-05-07|2025-05-08|2025-05-09|2025-05-10|2025-05-11|2025-05-12|2025-05-13|2025-05-14|2025-05-15|2025-05-16|2025-05-17|2025-05-18|2025-05-19,2025-05-20 12:00,2025-05-20 12:00,9.094947017729282e-13,1.1368683772161603e-13,0,True,Optimization terminated successfully. (HiGHS Status 7: Optimal),731,0.0
2025-05-20,18,0.043115583999679075,18158.878481857213,108,20,2810,2025-04-30|2025-05-01|2025-05-02|2025-05-03|2025-05-04|2025-05-05|2025-05-06|2025-05-07|2025-05-08|2025-05-09|2025-05-10|2025-05-11|2025-05-12|2025-05-13|2025-05-14|2025-05-15|2025-05-16|2025-05-17|2025-05-18|2025-05-19,2025-05-20 18:00,2025-05-20 18:00,1.0231815394945443e-12,2.2737367544323206e-13,0,True,Optimization terminated successfully. (HiGHS Status 7: Optimal),662,0.0
2025-05-21,0,0.05358258300111629,2016.0593941760806,144,20,3746,2025-05-01|2025-05-02|2025-05-03|2025-05-04|2025-05-05|2025-05-06|2025-05-07|2025-05-08|2025-05-09|2025-05-10|2025-05-11|2025-05-12|2025-05-13|2025-05-14|2025-05-15|2025-05-16|2025-05-17|2025-05-18|2025-05-19|2025-05-20,2025-05-21 00:00,2025-05-21 00:00,9.094947017729282e-13,1.1368683772161603e-13,0,True,Optimization terminated successfully. (HiGHS Status 7: Optimal),707,1.1368683772161603e-13
2025-05-21,6,0.0483935409993137,5359.138169462333,108,20,2810,2025-05-01|2025-05-02|2025-05-03|2025-05-04|2025-05-05|2025-05-06|2025-05-07|2025-05-08|2025-05-09|2025-05-10|2025-05-11|2025-05-12|2025-05-13|2025-05-14|2025-05-15|2025-05-16|2025-05-17|2025-05-18|2025-05-19|2025-05-20,2025-05-21 06:00,2025-05-21 06:00,1.0231815394945443e-12,1.1368683772161603e-13,0,True,Optimization terminated successfully. (HiGHS Status 7: Optimal),767,0.0
2025-05-21,12,0.04324320799969428,11806.086134382345,108,20,2810,2025-05-01|2025-05-02|2025-05-03|2025-05-04|2025-05-05|2025-05-06|2025-05-07|2025-05-08|2025-05-09|2025-05-10|2025-05-11|2025-05-12|2025-05-13|2025-05-14|2025-05-15|2025-05-16|2025-05-17|2025-05-18|2025-05-19|2025-05-20,2025-05-21 12:00,2025-05-21 12:00,9.094947017729282e-13,1.1368683772161603e-13,0,True,Optimization terminated successfully. (HiGHS Status 7: Optimal),743,0.0
2025-05-21,18,0.042883375001110835,14089.467346972533,108,20,2810,2025-05-01|2025-05-02|2025-05-03|2025-05-04|2025-05-05|2025-05-06|2025-05-07|2025-05-08|2025-05-09|2025-05-10|2025-05-11|2025-05-12|2025-05-13|2025-05-14|2025-05-15|2025-05-16|2025-05-17|2025-05-18|2025-05-19|2025-05-20,2025-05-21 18:00,2025-05-21 18:00,7.958078640513122e-13,5.684341886080802e-14,0,True,Optimization terminated successfully. (HiGHS Status 7: Optimal),634,0.0
2025-05-22,0,0.05353987499984214,2121.7007877440806,144,20,3746,2025-05-02|2025-05-03|2025-05-04|2025-05-05|2025-05-06|2025-05-07|2025-05-08|2025-05-09|2025-05-10|2025-05-11|2025-05-12|2025-05-13|2025-05-14|2025-05-15|2025-05-16|2025-05-17|2025-05-18|2025-05-19|2025-05-20|2025-05-21,2025-05-22 00:00,2025-05-22 00:00,8.242295734817162e-13,1.7053025658242404e-13,0,True,Optimization terminated successfully. (HiGHS Status 7: Optimal),710,1.1368683772161603e-13
2025-05-22,6,0.03515424999932293,1026.323224777363,108,20,2810,2025-05-02|2025-05-03|2025-05-04|2025-05-05|2025-05-06|2025-05-07|2025-05-08|2025-05-09|2025-05-10|2025-05-11|2025-05-12|2025-05-13|2025-05-14|2025-05-15|2025-05-16|2025-05-17|2025-05-18|2025-05-19|2025-05-20|2025-05-21,2025-05-22 06:00,2025-05-22 06:00,8.810729923425242e-13,1.1368683772161603e-13,0,True,Optimization terminated successfully. (HiGHS Status 7: Optimal),562,1.1368683772161603e-13
2025-05-22,12,0.039436166998712,6406.275611653402,108,20,2810,2025-05-02|2025-05-03|2025-05-04|2025-05-05|2025-05-06|2025-05-07|2025-05-08|2025-05-09|2025-05-10|2025-05-11|2025-05-12|2025-05-13|2025-05-14|2025-05-15|2025-05-16|2025-05-17|2025-05-18|2025-05-19|2025-05-20|2025-05-21,2025-05-22 12:00,2025-05-22 12:00,9.094947017729282e-13,1.1368683772161603e-13,0,True,Optimization terminated successfully. (HiGHS Status 7: Optimal),663,0.0
2025-05-22,18,0.03566954100097064,5514.570818225527,108,20,2810,2025-05-02|2025-05-03|2025-05-04|2025-05-05|2025-05-06|2025-05-07|2025-05-08|2025-05-09|2025-05-10|2025-05-11|2025-05-12|2025-05-13|2025-05-14|2025-05-15|2025-05-16|2025-05-17|2025-05-18|2025-05-19|2025-05-20|2025-05-21,2025-05-22 18:00,2025-05-22 18:00,7.958078640513122e-13,1.1368683772161603e-13,0,True,Optimization terminated successfully. (HiGHS Status 7: Optimal),543,0.0
2025-05-23,0,0.04705600000124832,882.1359276544632,144,20,3746,2025-05-03|2025-05-04|2025-05-05|2025-05-06|2025-05-07|2025-05-08|2025-05-09|2025-05-10|2025-05-11|2025-05-12|2025-05-13|2025-05-14|2025-05-15|2025-05-16|2025-05-17|2025-05-18|2025-05-19|2025-05-20|2025-05-21|2025-05-22,2025-05-23 00:00,2025-05-23 00:00,1.0231815394945443e-12,3.410605131648481e-13,0,True,Optimization terminated successfully. (HiGHS Status 7: Optimal),595,3.410605131648481e-13
2025-05-23,6,0.032013000000006286,583.9882895356917,108,20,2810,2025-05-03|2025-05-04|2025-05-05|2025-05-06|2025-05-07|2025-05-08|2025-05-09|2025-05-10|2025-05-11|2025-05-12|2025-05-13|2025-05-14|2025-05-15|2025-05-16|2025-05-17|2025-05-18|2025-05-19|2025-05-20|2025-05-21|2025-05-22,2025-05-23 06:00,2025-05-23 06:00,1.0231815394945443e-12,3.410605131648481e-13,0,True,Optimization terminated successfully. (HiGHS Status 7: Optimal),403,3.410605131648481e-13
2025-05-23,12,0.0386860840008012,6696.258340475854,108,20,2810,2025-05-03|2025-05-04|2025-05-05|2025-05-06|2025-05-07|2025-05-08|2025-05-09|2025-05-10|2025-05-11|2025-05-12|2025-05-13|2025-05-14|2025-05-15|2025-05-16|2025-05-17|2025-05-18|2025-05-19|2025-05-20|2025-05-21|2025-05-22,2025-05-23 12:00,2025-05-23 12:00,1.0231815394945443e-12,1.1368683772161603e-13,0,True,Optimization terminated successfully. (HiGHS Status 7: Optimal),624,5.684341886080802e-14
2025-05-23,18,0.03520458300044993,4791.82606350418,108,20,2810,2025-05-03|2025-05-04|2025-05-05|2025-05-06|2025-05-07|2025-05-08|2025-05-09|2025-05-10|2025-05-11|2025-05-12|2025-05-13|2025-05-14|2025-05-15|2025-05-16|2025-05-17|2025-05-18|2025-05-19|2025-05-20|2025-05-21|2025-05-22,2025-05-23 18:00,2025-05-23 18:00,1.0231815394945443e-12,5.684341886080802e-14,0,True,Optimization terminated successfully. (HiGHS Status 7: Optimal),515,5.684341886080802e-14
2025-05-24,0,0.04599333300029684,774.1819278275278,144,20,3746,2025-05-04|2025-05-05|2025-05-06|2025-05-07|2025-05-08|2025-05-09|2025-05-10|2025-05-11|2025-05-12|2025-05-13|2025-05-14|2025-05-15|2025-05-16|2025-05-17|2025-05-18|2025-05-19|2025-05-20|2025-05-21|2025-05-22|2025-05-23,2025-05-24 00:00,2025-05-24 00:00,9.094947017729282e-13,5.684341886080802e-14,0,True,Optimization terminated successfully. (HiGHS Status 7: Optimal),566,1.1368683772161603e-13
2025-05-24,6,0.031737666999106295,335.2438247602803,108,20,2810,2025-05-04|2025-05-05|2025-05-06|2025-05-07|2025-05-08|2025-05-09|2025-05-10|2025-05-11|2025-05-12|2025-05-13|2025-05-14|2025-05-15|2025-05-16|2025-05-17|2025-05-18|2025-05-19|2025-05-20|2025-05-21|2025-05-22|2025-05-23,2025-05-24 06:00,2025-05-24 06:00,9.094947017729282e-13,2.842170943040401e-14,0,True,Optimization terminated successfully. (HiGHS Status 7: Optimal),393,1.1368683772161603e-13
2025-05-24,12,0.03925420899940946,10213.83674234591,108,20,2810,2025-05-04|2025-05-05|2025-05-06|2025-05-07|2025-05-08|2025-05-09|2025-05-10|2025-05-11|2025-05-12|2025-05-13|2025-05-14|2025-05-15|2025-05-16|2025-05-17|2025-05-18|2025-05-19|2025-05-20|2025-05-21|2025-05-22|2025-05-23,2025-05-24 12:00,2025-05-24 12:00,9.094947017729282e-13,2.842170943040401e-14,0,True,Optimization terminated successfully. (HiGHS Status 7: Optimal),549,1.1368683772161603e-13
2025-05-24,18,0.043167334000827395,13450.070728777973,108,20,2810,2025-05-04|2025-05-05|2025-05-06|2025-05-07|2025-05-08|2025-05-09|2025-05-10|2025-05-11|2025-05-12|2025-05-13|2025-05-14|2025-05-15|2025-05-16|2025-05-17|2025-05-18|2025-05-19|2025-05-20|2025-05-21|2025-05-22|2025-05-23,2025-05-24 18:00,2025-05-24 18:00,9.094947017729282e-13,2.842170943040401e-14,0,True,Optimization terminated successfully. (HiGHS Status 7: Optimal),614,1.1368683772161603e-13
2025-05-25,0,0.055806500000471715,2094.325885238148,144,20,3746,2025-05-05|2025-05-06|2025-05-07|2025-05-08|2025-05-09|2025-05-10|2025-05-11|2025-05-12|2025-05-13|2025-05-14|2025-05-15|2025-05-16|2025-05-17|2025-05-18|2025-05-19|2025-05-20|2025-05-21|2025-05-22|2025-05-23|2025-05-24,2025-05-25 00:00,2025-05-25 00:00,9.094947017729282e-13,4.547473508864641e-13,0,True,Optimization terminated successfully. (HiGHS Status 7: Optimal),723,4.973799150320701e-13
2025-05-25,6,0.03923779199976707,797.0261602344267,108,20,2810,2025-05-05|2025-05-06|2025-05-07|2025-05-08|2025-05-09|2025-05-10|2025-05-11|2025-05-12|2025-05-13|2025-05-14|2025-05-15|2025-05-16|2025-05-17|2025-05-18|2025-05-19|2025-05-20|2025-05-21|2025-05-22|2025-05-23|2025-05-24,2025-05-25 06:00,2025-05-25 06:00,8.313350008393172e-13,1.1368683772161603e-13,0,True,Optimization terminated successfully. (HiGHS Status 7: Optimal),594,0.0
2025-05-25,12,0.04052104199945461,10234.96863022245,108,20,2810,2025-05-05|2025-05-06|2025-05-07|2025-05-08|2025-05-09|2025-05-10|2025-05-11|2025-05-12|2025-05-13|2025-05-14|2025-05-15|2025-05-16|2025-05-17|2025-05-18|2025-05-19|2025-05-20|2025-05-21|2025-05-22|2025-05-23|2025-05-24,2025-05-25 12:00,2025-05-25 12:00,9.094947017729282e-13,2.2737367544323206e-13,0,True,Optimization terminated successfully. (HiGHS Status 7: Optimal),649,0.0
2025-05-25,18,0.04086433299926284,17958.470990481965,108,20,2810,2025-05-05|2025-05-06|2025-05-07|2025-05-08|2025-05-09|2025-05-10|2025-05-11|2025-05-12|2025-05-13|2025-05-14|2025-05-15|2025-05-16|2025-05-17|2025-05-18|2025-05-19|2025-05-20|2025-05-21|2025-05-22|2025-05-23|2025-05-24,2025-05-25 18:00,2025-05-25 18:00,7.958078640513122e-13,2.2737367544323206e-13,0,True,Optimization terminated successfully. (HiGHS Status 7: Optimal),666,0.0
2025-05-26,0,0.049338374999933876,2169.0985861910967,144,20,3746,2025-05-06|2025-05-07|2025-05-08|2025-05-09|2025-05-10|2025-05-11|2025-05-12|2025-05-13|2025-05-14|2025-05-15|2025-05-16|2025-05-17|2025-05-18|2025-05-19|2025-05-20|2025-05-21|2025-05-22|2025-05-23|2025-05-24|2025-05-25,2025-05-26 00:00,2025-05-26 00:00,9.094947017729282e-13,5.684341886080801e-13,0,True,Optimization terminated successfully. (HiGHS Status 7: Optimal),711,5.684341886080801e-13
2025-05-26,6,0.043688292000297224,3297.2999250606263,108,20,2810,2025-05-06|2025-05-07|2025-05-08|2025-05-09|2025-05-10|2025-05-11|2025-05-12|2025-05-13|2025-05-14|2025-05-15|2025-05-16|2025-05-17|2025-05-18|2025-05-19|2025-05-20|2025-05-21|2025-05-22|2025-05-23|2025-05-24|2025-05-25,2025-05-26 06:00,2025-05-26 06:00,8.100187187665142e-13,1.1368683772161603e-13,0,True,Optimization terminated successfully. (HiGHS Status 7: Optimal),719,2.2737367544323206e-13
2025-05-26,12,0.04444462500032387,12725.831704528806,108,20,2810,2025-05-06|2025-05-07|2025-05-08|2025-05-09|2025-05-10|2025-05-11|2025-05-12|2025-05-13|2025-05-14|2025-05-15|2025-05-16|2025-05-17|2025-05-18|2025-05-19|2025-05-20|2025-05-21|2025-05-22|2025-05-23|2025-05-24|2025-05-25,2025-05-26 12:00,2025-05-26 12:00,8.588685318500211e-13,1.1368683772161603e-13,0,True,Optimization terminated successfully. (HiGHS Status 7: Optimal),742,2.2737367544323206e-13
2025-05-26,18,0.04290387499895587,15256.061916093531,108,20,2810,2025-05-06|2025-05-07|2025-05-08|2025-05-09|2025-05-10|2025-05-11|2025-05-12|2025-05-13|2025-05-14|2025-05-15|2025-05-16|2025-05-17|2025-05-18|2025-05-19|2025-05-20|2025-05-21|2025-05-22|2025-05-23|2025-05-24|2025-05-25,2025-05-26 18:00,2025-05-26 18:00,9.094947017729282e-13,5.684341886080801e-13,0,True,Optimization terminated successfully. (HiGHS Status 7: Optimal),646,5.684341886080801e-13
2025-05-27,0,0.05617424999945797,1668.3192436502156,144,20,3746,2025-05-07|2025-05-08|2025-05-09|2025-05-10|2025-05-11|2025-05-12|2025-05-13|2025-05-14|2025-05-15|2025-05-16|2025-05-17|2025-05-18|2025-05-19|2025-05-20|2025-05-21|2025-05-22|2025-05-23|2025-05-24|2025-05-25|2025-05-26,2025-05-27 00:00,2025-05-27 00:00,8.881784197001252e-13,1.1368683772161603e-13,0,True,Optimization terminated successfully. (HiGHS Status 7: Optimal),681,5.684341886080802e-14
2025-05-27,6,0.051318667001396534,4436.049379585546,108,20,2810,2025-05-07|2025-05-08|2025-05-09|2025-05-10|2025-05-11|2025-05-12|2025-05-13|2025-05-14|2025-05-15|2025-05-16|2025-05-17|2025-05-18|2025-05-19|2025-05-20|2025-05-21|2025-05-22|2025-05-23|2025-05-24|2025-05-25|2025-05-26,2025-05-27 06:00,2025-05-27 06:00,8.952838470577262e-13,1.1368683772161603e-13,0,True,Optimization terminated successfully. (HiGHS Status 7: Optimal),766,0.0
2025-05-27,12,0.03914824999992561,10530.384129697815,108,20,2810,2025-05-07|2025-05-08|2025-05-09|2025-05-10|2025-05-11|2025-05-12|2025-05-13|2025-05-14|2025-05-15|2025-05-16|2025-05-17|2025-05-18|2025-05-19|2025-05-20|2025-05-21|2025-05-22|2025-05-23|2025-05-24|2025-05-25|2025-05-26,2025-05-27 12:00,2025-05-27 12:00,7.958078640513122e-13,1.1368683772161603e-13,0,True,Optimization terminated successfully. (HiGHS Status 7: Optimal),625,1.1368683772161603e-13
2025-05-27,18,0.04349029199875076,15728.870304866387,108,20,2810,2025-05-07|2025-05-08|2025-05-09|2025-05-10|2025-05-11|2025-05-12|2025-05-13|2025-05-14|2025-05-15|2025-05-16|2025-05-17|2025-05-18|2025-05-19|2025-05-20|2025-05-21|2025-05-22|2025-05-23|2025-05-24|2025-05-25|2025-05-26,2025-05-27 18:00,2025-05-27 18:00,7.958078640513122e-13,1.1368683772161603e-13,0,True,Optimization terminated successfully. (HiGHS Status 7: Optimal),632,0.0
2025-05-28,0,0.055273207999562146,2200.033505627926,144,20,3746,2025-05-08|2025-05-09|2025-05-10|2025-05-11|2025-05-12|2025-05-13|2025-05-14|2025-05-15|2025-05-16|2025-05-17|2025-05-18|2025-05-19|2025-05-20|2025-05-21|2025-05-22|2025-05-23|2025-05-24|2025-05-25|2025-05-26|2025-05-27,2025-05-28 00:00,2025-05-28 00:00,8.952838470577262e-13,1.1368683772161603e-12,0,True,Optimization terminated successfully. (HiGHS Status 7: Optimal),715,1.1368683772161603e-12
2025-05-28,6,0.03951404200051911,847.6958351354295,108,20,2810,2025-05-08|2025-05-09|2025-05-10|2025-05-11|2025-05-12|2025-05-13|2025-05-14|2025-05-15|2025-05-16|2025-05-17|2025-05-18|2025-05-19|2025-05-20|2025-05-21|2025-05-22|2025-05-23|2025-05-24|2025-05-25|2025-05-26|2025-05-27,2025-05-28 06:00,2025-05-28 06:00,8.881784197001252e-13,2.2737367544323206e-13,0,True,Optimization terminated successfully. (HiGHS Status 7: Optimal),599,2.2737367544323206e-13
2025-05-28,12,0.040320292000615154,10380.917607410353,108,20,2810,2025-05-08|2025-05-09|2025-05-10|2025-05-11|2025-05-12|2025-05-13|2025-05-14|2025-05-15|2025-05-16|2025-05-17|2025-05-18|2025-05-19|2025-05-20|2025-05-21|2025-05-22|2025-05-23|2025-05-24|2025-05-25|2025-05-26|2025-05-27,2025-05-28 12:00,2025-05-28 12:00,8.988365607365267e-13,2.2737367544323206e-13,0,True,Optimization terminated successfully. (HiGHS Status 7: Optimal),665,2.2737367544323206e-13
2025-05-28,18,0.04064220799955365,13584.372684235783,108,20,2810,2025-05-08|2025-05-09|2025-05-10|2025-05-11|2025-05-12|2025-05-13|2025-05-14|2025-05-15|2025-05-16|2025-05-17|2025-05-18|2025-05-19|2025-05-20|2025-05-21|2025-05-22|2025-05-23|2025-05-24|2025-05-25|2025-05-26|2025-05-27,2025-05-28 18:00,2025-05-28 18:00,7.958078640513122e-13,1.1368683772161603e-12,0,True,Optimization terminated successfully. (HiGHS Status 7: Optimal),631,1.1368683772161603e-12
2025-05-29,0,0.05329825000080746,2124.02800800555,144,20,3746,2025-05-09|2025-05-10|2025-05-11|2025-05-12|2025-05-13|2025-05-14|2025-05-15|2025-05-16|2025-05-17|2025-05-18|2025-05-19|2025-05-20|2025-05-21|2025-05-22|2025-05-23|2025-05-24|2025-05-25|2025-05-26|2025-05-27|2025-05-28,2025-05-29 00:00,2025-05-29 00:00,9.094947017729282e-13,4.547473508864641e-13,0,True,Optimization terminated successfully. (HiGHS Status 7: Optimal),727,4.547473508864641e-13
2025-05-29,6,0.05148979100158613,3004.868127655067,108,20,2810,2025-05-09|2025-05-10|2025-05-11|2025-05-12|2025-05-13|2025-05-14|2025-05-15|2025-05-16|2025-05-17|2025-05-18|2025-05-19|2025-05-20|2025-05-21|2025-05-22|2025-05-23|2025-05-24|2025-05-25|2025-05-26|2025-05-27|2025-05-28,2025-05-29 06:00,2025-05-29 06:00,8.846257060213247e-13,4.547473508864641e-13,0,True,Optimization terminated successfully. (HiGHS Status 7: Optimal),745,4.547473508864641e-13
2025-05-29,12,0.038858292000441,5878.157510792375,108,20,2810,2025-05-09|2025-05-10|2025-05-11|2025-05-12|2025-05-13|2025-05-14|2025-05-15|2025-05-16|2025-05-17|2025-05-18|2025-05-19|2025-05-20|2025-05-21|2025-05-22|2025-05-23|2025-05-24|2025-05-25|2025-05-26|2025-05-27|2025-05-28,2025-05-29 12:00,2025-05-29 12:00,8.881784197001252e-13,4.547473508864641e-13,0,True,Optimization terminated successfully. (HiGHS Status 7: Optimal),604,4.547473508864641e-13
2025-05-29,18,0.035404707999987295,5458.479310451552,108,20,2810,2025-05-09|2025-05-10|2025-05-11|2025-05-12|2025-05-13|2025-05-14|2025-05-15|2025-05-16|2025-05-17|2025-05-18|2025-05-19|2025-05-20|2025-05-21|2025-05-22|2025-05-23|2025-05-24|2025-05-25|2025-05-26|2025-05-27|2025-05-28,2025-05-29 18:00,2025-05-29 18:00,4.547473508864641e-13,4.547473508864641e-13,0,True,Optimization terminated successfully. (HiGHS Status 7: Optimal),551,4.547473508864641e-13
2025-05-30,0,0.04571229199973459,863.7967703496481,144,20,3746,2025-05-10|2025-05-11|2025-05-12|2025-05-13|2025-05-14|2025-05-15|2025-05-16|2025-05-17|2025-05-18|2025-05-19|2025-05-20|2025-05-21|2025-05-22|2025-05-23|2025-05-24|2025-05-25|2025-05-26|2025-05-27|2025-05-28|2025-05-29,2025-05-30 00:00,2025-05-30 00:00,9.094947017729282e-13,5.684341886080802e-14,0,True,Optimization terminated successfully. (HiGHS Status 7: Optimal),592,1.1368683772161603e-13
2025-05-30,6,0.03102562500134809,616.5190289122269,108,20,2810,2025-05-10|2025-05-11|2025-05-12|2025-05-13|2025-05-14|2025-05-15|2025-05-16|2025-05-17|2025-05-18|2025-05-19|2025-05-20|2025-05-21|2025-05-22|2025-05-23|2025-05-24|2025-05-25|2025-05-26|2025-05-27|2025-05-28|2025-05-29,2025-05-30 06:00,2025-05-30 06:00,9.094947017729282e-13,2.2737367544323206e-13,0,True,Optimization terminated successfully. (HiGHS Status 7: Optimal),416,5.684341886080802e-14
2025-05-30,12,0.03732795799987798,6070.966783388475,108,20,2810,2025-05-10|2025-05-11|2025-05-12|2025-05-13|2025-05-14|2025-05-15|2025-05-16|2025-05-17|2025-05-18|2025-05-19|2025-05-20|2025-05-21|2025-05-22|2025-05-23|2025-05-24|2025-05-25|2025-05-26|2025-05-27|2025-05-28|2025-05-29,2025-05-30 12:00,2025-05-30 12:00,9.094947017729282e-13,2.2737367544323206e-13,0,True,Optimization terminated successfully. (HiGHS Status 7: Optimal),562,5.684341886080802e-14
2025-05-30,18,0.035076500000286615,5797.982310861785,108,20,2810,2025-05-10|2025-05-11|2025-05-12|2025-05-13|2025-05-14|2025-05-15|2025-05-16|2025-05-17|2025-05-18|2025-05-19|2025-05-20|2025-05-21|2025-05-22|2025-05-23|2025-05-24|2025-05-25|2025-05-26|2025-05-27|2025-05-28|2025-05-29,2025-05-30 18:00,2025-05-30 18:00,9.094947017729282e-13,1.1368683772161603e-13,0,True,Optimization terminated successfully. (HiGHS Status 7: Optimal),581,5.684341886080802e-14
2025-05-31,0,0.0479515419992822,889.121794693004,144,20,3746,2025-05-11|2025-05-12|2025-05-13|2025-05-14|2025-05-15|2025-05-16|2025-05-17|2025-05-18|2025-05-19|2025-05-20|2025-05-21|2025-05-22|2025-05-23|2025-05-24|2025-05-25|2025-05-26|2025-05-27|2025-05-28|2025-05-29|2025-05-30,2025-05-31 00:00,2025-05-31 00:00,7.958078640513122e-13,2.2737367544323206e-13,0,True,Optimization terminated successfully. (HiGHS Status 7: Optimal),616,2.8421709430404007e-13
2025-05-31,6,0.031056249999892316,227.0980340179891,108,20,2810,2025-05-11|2025-05-12|2025-05-13|2025-05-14|2025-05-15|2025-05-16|2025-05-17|2025-05-18|2025-05-19|2025-05-20|2025-05-21|2025-05-22|2025-05-23|2025-05-24|2025-05-25|2025-05-26|2025-05-27|2025-05-28|2025-05-29|2025-05-30,2025-05-31 06:00,2025-05-31 06:00,9.094947017729282e-13,2.2737367544323206e-13,0,True,Optimization terminated successfully. (HiGHS Status 7: Optimal),387,2.8421709430404007e-13
2025-05-31,12,0.03833945900078106,10029.247253272219,108,20,2810,2025-05-11|2025-05-12|2025-05-13|2025-05-14|2025-05-15|2025-05-16|2025-05-17|2025-05-18|2025-05-19|2025-05-20|2025-05-21|2025-05-22|2025-05-23|2025-05-24|2025-05-25|2025-05-26|2025-05-27|2025-05-28|2025-05-29|2025-05-30,2025-05-31 12:00,2025-05-31 12:00,8.526512829121202e-13,2.2737367544323206e-13,0,True,Optimization terminated successfully. (HiGHS Status 7: Optimal),549,2.8421709430404007e-13
2025-05-31,18,0.04337291699994239,20309.192083861617,108,20,2810,2025-05-11|2025-05-12|2025-05-13|2025-05-14|2025-05-15|2025-05-16|2025-05-17|2025-05-18|2025-05-19|2025-05-20|2025-05-21|2025-05-22|2025-05-23|2025-05-24|2025-05-25|2025-05-26|2025-05-27|2025-05-28|2025-05-29|2025-05-30,2025-05-31 18:00,2025-05-31 18:00,7.958078640513122e-13,2.2737367544323206e-13,0,True,Optimization terminated successfully. (HiGHS Status 7: Optimal),626,2.8421709430404007e-13
2025-06-01,0,0.05072525000105088,2395.6953654706394,144,20,3746,2025-05-12|2025-05-13|2025-05-14|2025-05-15|2025-05-16|2025-05-17|2025-05-18|2025-05-19|2025-05-20|2025-05-21|2025-05-22|2025-05-23|2025-05-24|2025-05-25|2025-05-26|2025-05-27|2025-05-28|2025-05-29|2025-05-30|2025-05-31,2025-06-01 00:00,2025-06-01 00:00,9.094947017729282e-13,3.410605131648481e-13,0,True,Optimization terminated successfully. (HiGHS Status 7: Optimal),720,3.410605131648481e-13
2025-06-01,6,0.03701070900024206,-286.074853999968,108,20,2810,2025-05-12|2025-05-13|2025-05-14|2025-05-15|2025-05-16|2025-05-17|2025-05-18|2025-05-19|2025-05-20|2025-05-21|2025-05-22|2025-05-23|2025-05-24|2025-05-25|2025-05-26|2025-05-27|2025-05-28|2025-05-29|2025-05-30|2025-05-31,2025-06-01 06:00,2025-06-01 06:00,9.094947017729282e-13,3.410605131648481e-13,0,True,Optimization terminated successfully. (HiGHS Status 7: Optimal),584,3.410605131648481e-13
2025-06-01,12,0.036758624999492895,8904.371251593699,108,20,2810,2025-05-12|2025-05-13|2025-05-14|2025-05-15|2025-05-16|2025-05-17|2025-05-18|2025-05-19|2025-05-20|2025-05-21|2025-05-22|2025-05-23|2025-05-24|2025-05-25|2025-05-26|2025-05-27|2025-05-28|2025-05-29|2025-05-30|2025-05-31,2025-06-01 12:00,2025-06-01 12:00,9.094947017729282e-13,3.410605131648481e-13,0,True,Optimization terminated successfully. (HiGHS Status 7: Optimal),621,3.410605131648481e-13
2025-06-01,18,0.03876950000085344,14380.498741550533,108,20,2810,2025-05-12|2025-05-13|2025-05-14|2025-05-15|2025-05-16|2025-05-17|2025-05-18|2025-05-19|2025-05-20|2025-05-21|2025-05-22|2025-05-23|2025-05-24|2025-05-25|2025-05-26|2025-05-27|2025-05-28|2025-05-29|2025-05-30|2025-05-31,2025-06-01 18:00,2025-06-01 18:00,9.094947017729282e-13,3.410605131648481e-13,0,True,Optimization terminated successfully. (HiGHS Status 7: Optimal),619,3.410605131648481e-13
2025-06-02,0,0.05017724999925122,2718.7297730411383,144,20,3746,2025-05-13|2025-05-14|2025-05-15|2025-05-16|2025-05-17|2025-05-18|2025-05-19|2025-05-20|2025-05-21|2025-05-22|2025-05-23|2025-05-24|2025-05-25|2025-05-26|2025-05-27|2025-05-28|2025-05-29|2025-05-30|2025-05-31|2025-06-01,2025-06-02 00:00,2025-06-02 00:00,7.958078640513122e-13,1.5916157281026244e-12,0,True,Optimization terminated successfully. (HiGHS Status 7: Optimal),754,1.8189894035458565e-12
2025-06-02,6,0.03533645800052909,-2240.111188659948,108,20,2810,2025-05-13|2025-05-14|2025-05-15|2025-05-16|2025-05-17|2025-05-18|2025-05-19|2025-05-20|2025-05-21|2025-05-22|2025-05-23|2025-05-24|2025-05-25|2025-05-26|2025-05-27|2025-05-28|2025-05-29|2025-05-30|2025-05-31|2025-06-01,2025-06-02 06:00,2025-06-02 06:00,7.958078640513122e-13,2.2737367544323206e-13,0,True,Optimization terminated successfully. (HiGHS Status 7: Optimal),580,2.2737367544323206e-13
2025-06-02,12,0.03619641699879139,9554.961742452599,108,20,2810,2025-05-13|2025-05-14|2025-05-15|2025-05-16|2025-05-17|2025-05-18|2025-05-19|2025-05-20|2025-05-21|2025-05-22|2025-05-23|2025-05-24|2025-05-25|2025-05-26|2025-05-27|2025-05-28|2025-05-29|2025-05-30|2025-05-31|2025-06-01,2025-06-02 12:00,2025-06-02 12:00,8.810729923425242e-13,2.2737367544323206e-13,0,True,Optimization terminated successfully. (HiGHS Status 7: Optimal),654,2.2737367544323206e-13
2025-06-02,18,0.03829624999889347,17336.407674363534,108,20,2810,2025-05-13|2025-05-14|2025-05-15|2025-05-16|2025-05-17|2025-05-18|2025-05-19|2025-05-20|2025-05-21|2025-05-22|2025-05-23|2025-05-24|2025-05-25|2025-05-26|2025-05-27|2025-05-28|2025-05-29|2025-05-30|2025-05-31|2025-06-01,2025-06-02 18:00,2025-06-02 18:00,7.958078640513122e-13,2.2737367544323206e-13,0,True,Optimization terminated successfully. (HiGHS Status 7: Optimal),682,2.2737367544323206e-13
2025-06-03,0,0.052642959000877454,2979.5646375650795,144,20,3746,2025-05-14|2025-05-15|2025-05-16|2025-05-17|2025-05-18|2025-05-19|2025-05-20|2025-05-21|2025-05-22|2025-05-23|2025-05-24|2025-05-25|2025-05-26|2025-05-27|2025-05-28|2025-05-29|2025-05-30|2025-05-31|2025-06-01|2025-06-02,2025-06-03 00:00,2025-06-03 00:00,9.094947017729282e-13,1.1368683772161603e-13,0,True,Optimization terminated successfully. (HiGHS Status 7: Optimal),756,1.1368683772161603e-13
2025-06-03,6,0.042577750000418746,3488.866621167467,108,20,2810,2025-05-14|2025-05-15|2025-05-16|2025-05-17|2025-05-18|2025-05-19|2025-05-20|2025-05-21|2025-05-22|2025-05-23|2025-05-24|2025-05-25|2025-05-26|2025-05-27|2025-05-28|2025-05-29|2025-05-30|2025-05-31|2025-06-01|2025-06-02,2025-06-03 06:00,2025-06-03 06:00,1.0231815394945443e-12,1.1368683772161603e-13,0,True,Optimization terminated successfully. (HiGHS Status 7: Optimal),692,1.1368683772161603e-13
2025-06-03,12,0.04208524999921792,11534.585541462202,108,20,2810,2025-05-14|2025-05-15|2025-05-16|2025-05-17|2025-05-18|2025-05-19|2025-05-20|2025-05-21|2025-05-22|2025-05-23|2025-05-24|2025-05-25|2025-05-26|2025-05-27|2025-05-28|2025-05-29|2025-05-30|2025-05-31|2025-06-01|2025-06-02,2025-06-03 12:00,2025-06-03 12:00,8.348877145181177e-13,2.2737367544323206e-13,0,True,Optimization terminated successfully. (HiGHS Status 7: Optimal),692,1.1368683772161603e-13
2025-06-03,18,0.03795870899921283,15135.292634481435,108,20,2810,2025-05-14|2025-05-15|2025-05-16|2025-05-17|2025-05-18|2025-05-19|2025-05-20|2025-05-21|2025-05-22|2025-05-23|2025-05-24|2025-05-25|2025-05-26|2025-05-27|2025-05-28|2025-05-29|2025-05-30|2025-05-31|2025-06-01|2025-06-02,2025-06-03 18:00,2025-06-03 18:00,7.958078640513122e-13,2.2737367544323206e-13,0,True,Optimization terminated successfully. (HiGHS Status 7: Optimal),650,1.1368683772161603e-13
2025-06-04,0,0.04967841600046086,3219.064616233875,144,20,3746,2025-05-15|2025-05-16|2025-05-17|2025-05-18|2025-05-19|2025-05-20|2025-05-21|2025-05-22|2025-05-23|2025-05-24|2025-05-25|2025-05-26|2025-05-27|2025-05-28|2025-05-29|2025-05-30|2025-05-31|2025-06-01|2025-06-02|2025-06-03,2025-06-04 00:00,2025-06-04 00:00,9.094947017729282e-13,1.3073986337985843e-12,0,True,Optimization terminated successfully. (HiGHS Status 7: Optimal),769,1.2505552149377763e-12
2025-06-04,6,0.037261916000716155,-3860.2086494449873,108,20,2810,2025-05-15|2025-05-16|2025-05-17|2025-05-18|2025-05-19|2025-05-20|2025-05-21|2025-05-22|2025-05-23|2025-05-24|2025-05-25|2025-05-26|2025-05-27|2025-05-28|2025-05-29|2025-05-30|2025-05-31|2025-06-01|2025-06-02|2025-06-03,2025-06-04 06:00,2025-06-04 06:00,7.958078640513122e-13,2.2737367544323206e-13,0,True,Optimization terminated successfully. (HiGHS Status 7: Optimal),602,2.2737367544323206e-13
2025-06-04,12,0.037699833999795374,10878.064808915255,108,20,2810,2025-05-15|2025-05-16|2025-05-17|2025-05-18|2025-05-19|2025-05-20|2025-05-21|2025-05-22|2025-05-23|2025-05-24|2025-05-25|2025-05-26|2025-05-27|2025-05-28|2025-05-29|2025-05-30|2025-05-31|2025-06-01|2025-06-02|2025-06-03,2025-06-04 12:00,2025-06-04 12:00,9.094947017729282e-13,2.2737367544323206e-13,0,True,Optimization terminated successfully. (HiGHS Status 7: Optimal),675,2.2737367544323206e-13
2025-06-04,18,0.037355958000262035,20430.5429817121,108,20,2810,2025-05-15|2025-05-16|2025-05-17|2025-05-18|2025-05-19|2025-05-20|2025-05-21|2025-05-22|2025-05-23|2025-05-24|2025-05-25|2025-05-26|2025-05-27|2025-05-28|2025-05-29|2025-05-30|2025-05-31|2025-06-01|2025-06-02|2025-06-03,2025-06-04 18:00,2025-06-04 18:00,9.094947017729282e-13,2.2737367544323206e-13,0,True,Optimization terminated successfully. (HiGHS Status 7: Optimal),650,2.2737367544323206e-13
2025-06-05,0,0.0491644579997228,2947.456674307954,144,20,3746,2025-05-16|2025-05-17|2025-05-18|2025-05-19|2025-05-20|2025-05-21|2025-05-22|2025-05-23|2025-05-24|2025-05-25|2025-05-26|2025-05-27|2025-05-28|2025-05-29|2025-05-30|2025-05-31|2025-06-01|2025-06-02|2025-06-03|2025-06-04,2025-06-05 00:00,2025-06-05 00:00,6.821210263296962e-13,1.1368683772161603e-13,0,True,Optimization terminated successfully. (HiGHS Status 7: Optimal),729,1.1368683772161603e-13
2025-06-05,6,0.040192708000176935,3251.4928970070746,108,20,2810,2025-05-16|2025-05-17|2025-05-18|2025-05-19|2025-05-20|2025-05-21|2025-05-22|2025-05-23|2025-05-24|2025-05-25|2025-05-26|2025-05-27|2025-05-28|2025-05-29|2025-05-30|2025-05-31|2025-06-01|2025-06-02|2025-06-03|2025-06-04,2025-06-05 06:00,2025-06-05 06:00,7.851497230149107e-13,2.2737367544323206e-13,0,True,Optimization terminated successfully. (HiGHS Status 7: Optimal),680,1.1368683772161603e-13
2025-06-05,12,0.0408674999998766,9296.138608066636,108,20,2810,2025-05-16|2025-05-17|2025-05-18|2025-05-19|2025-05-20|2025-05-21|2025-05-22|2025-05-23|2025-05-24|2025-05-25|2025-05-26|2025-05-27|2025-05-28|2025-05-29|2025-05-30|2025-05-31|2025-06-01|2025-06-02|2025-06-03|2025-06-04,2025-06-05 12:00,2025-06-05 12:00,8.064660050877137e-13,1.1368683772161603e-13,0,True,Optimization terminated successfully. (HiGHS Status 7: Optimal),723,0.0
2025-06-05,18,0.03883995800060802,7173.675553154356,108,20,2810,2025-05-16|2025-05-17|2025-05-18|2025-05-19|2025-05-20|2025-05-21|2025-05-22|2025-05-23|2025-05-24|2025-05-25|2025-05-26|2025-05-27|2025-05-28|2025-05-29|2025-05-30|2025-05-31|2025-06-01|2025-06-02|2025-06-03|2025-06-04,2025-06-05 18:00,2025-06-05 18:00,6.821210263296962e-13,1.1368683772161603e-13,0,True,Optimization terminated successfully. (HiGHS Status 7: Optimal),599,0.0
2025-06-06,0,0.053490084001168725,1815.0031980781805,144,20,3746,2025-05-17|2025-05-18|2025-05-19|2025-05-20|2025-05-21|2025-05-22|2025-05-23|2025-05-24|2025-05-25|2025-05-26|2025-05-27|2025-05-28|2025-05-29|2025-05-30|2025-05-31|2025-06-01|2025-06-02|2025-06-03|2025-06-04|2025-06-05,2025-06-06 00:00,2025-06-06 00:00,8.668621376273222e-13,1.8189894035458565e-12,0,True,Optimization terminated successfully. (HiGHS Status 7: Optimal),737,1.8189894035458565e-12
2025-06-06,6,0.03295808399889211,610.3130868954894,108,20,2810,2025-05-17|2025-05-18|2025-05-19|2025-05-20|2025-05-21|2025-05-22|2025-05-23|2025-05-24|2025-05-25|2025-05-26|2025-05-27|2025-05-28|2025-05-29|2025-05-30|2025-05-31|2025-06-01|2025-06-02|2025-06-03|2025-06-04|2025-06-05,2025-06-06 06:00,2025-06-06 06:00,8.926193117986259e-13,1.8189894035458565e-12,0,True,Optimization terminated successfully. (HiGHS Status 7: Optimal),455,1.8189894035458565e-12
2025-06-06,12,0.0346596250001312,6657.011718218977,108,20,2810,2025-05-17|2025-05-18|2025-05-19|2025-05-20|2025-05-21|2025-05-22|2025-05-23|2025-05-24|2025-05-25|2025-05-26|2025-05-27|2025-05-28|2025-05-29|2025-05-30|2025-05-31|2025-06-01|2025-06-02|2025-06-03|2025-06-04|2025-06-05,2025-06-06 12:00,2025-06-06 12:00,9.094947017729282e-13,1.8189894035458565e-12,0,True,Optimization terminated successfully. (HiGHS Status 7: Optimal),560,1.8189894035458565e-12
2025-06-06,18,0.03873612499955925,7891.320965346875,108,20,2810,2025-05-17|2025-05-18|2025-05-19|2025-05-20|2025-05-21|2025-05-22|2025-05-23|2025-05-24|2025-05-25|2025-05-26|2025-05-27|2025-05-28|2025-05-29|2025-05-30|2025-05-31|2025-06-01|2025-06-02|2025-06-03|2025-06-04|2025-06-05,2025-06-06 18:00,2025-06-06 18:00,6.821210263296962e-13,1.8189894035458565e-12,0,True,Optimization terminated successfully. (HiGHS Status 7: Optimal),576,1.8189894035458565e-12
2025-06-07,0,0.05290045800029475,1706.3564874947701,144,20,3746,2025-05-18|2025-05-19|2025-05-20|2025-05-21|2025-05-22|2025-05-23|2025-05-24|2025-05-25|2025-05-26|2025-05-27|2025-05-28|2025-05-29|2025-05-30|2025-05-31|2025-06-01|2025-06-02|2025-06-03|2025-06-04|2025-06-05|2025-06-06,2025-06-07 00:00,2025-06-07 00:00,8.952838470577262e-13,1.4779288903810084e-12,0,True,Optimization terminated successfully. (HiGHS Status 7: Optimal),728,1.4779288903810084e-12
2025-06-07,6,0.03122454100048344,-25.96504852275908,108,20,2810,2025-05-18|2025-05-19|2025-05-20|2025-05-21|2025-05-22|2025-05-23|2025-05-24|2025-05-25|2025-05-26|2025-05-27|2025-05-28|2025-05-29|2025-05-30|2025-05-31|2025-06-01|2025-06-02|2025-06-03|2025-06-04|2025-06-05|2025-06-06,2025-06-07 06:00,2025-06-07 06:00,7.958078640513122e-13,1.4779288903810084e-12,0,True,Optimization terminated successfully. (HiGHS Status 7: Optimal),456,1.4779288903810084e-12
2025-06-07,12,0.037484750000658096,12214.808806575935,108,20,2810,2025-05-18|2025-05-19|2025-05-20|2025-05-21|2025-05-22|2025-05-23|2025-05-24|2025-05-25|2025-05-26|2025-05-27|2025-05-28|2025-05-29|2025-05-30|2025-05-31|2025-06-01|2025-06-02|2025-06-03|2025-06-04|2025-06-05|2025-06-06,2025-06-07 12:00,2025-06-07 12:00,7.105427357601002e-13,0.0,0,True,Optimization terminated successfully. (HiGHS Status 7: Optimal),614,5.684341886080802e-14
2025-06-07,18,0.03763808300027449,16234.920626583054,108,20,2810,2025-05-18|2025-05-19|2025-05-20|2025-05-21|2025-05-22|2025-05-23|2025-05-24|2025-05-25|2025-05-26|2025-05-27|2025-05-28|2025-05-29|2025-05-30|2025-05-31|2025-06-01|2025-06-02|2025-06-03|2025-06-04|2025-06-05|2025-06-06,2025-06-07 18:00,2025-06-07 18:00,6.821210263296962e-13,2.2737367544323206e-13,0,True,Optimization terminated successfully. (HiGHS Status 7: Optimal),638,5.684341886080802e-14
2025-06-08,0,0.04968724999889673,2710.054823321751,144,20,3746,2025-05-19|2025-05-20|2025-05-21|2025-05-22|2025-05-23|2025-05-24|2025-05-25|2025-05-26|2025-05-27|2025-05-28|2025-05-29|2025-05-30|2025-05-31|2025-06-01|2025-06-02|2025-06-03|2025-06-04|2025-06-05|2025-06-06|2025-06-07,2025-06-08 00:00,2025-06-08 00:00,8.171241461241152e-13,5.009326287108706e-13,0,True,Optimization terminated successfully. (HiGHS Status 7: Optimal),717,5.009326287108706e-13
2025-06-08,6,0.04070891699848289,3527.973363819689,108,20,2810,2025-05-19|2025-05-20|2025-05-21|2025-05-22|2025-05-23|2025-05-24|2025-05-25|2025-05-26|2025-05-27|2025-05-28|2025-05-29|2025-05-30|2025-05-31|2025-06-01|2025-06-02|2025-06-03|2025-06-04|2025-06-05|2025-06-06|2025-06-07,2025-06-08 06:00,2025-06-08 06:00,9.094947017729282e-13,1.1368683772161603e-13,0,True,Optimization terminated successfully. (HiGHS Status 7: Optimal),656,1.1368683772161603e-13
2025-06-08,12,0.040530292000767076,14236.532383117265,108,20,2810,2025-05-19|2025-05-20|2025-05-21|2025-05-22|2025-05-23|2025-05-24|2025-05-25|2025-05-26|2025-05-27|2025-05-28|2025-05-29|2025-05-30|2025-05-31|2025-06-01|2025-06-02|2025-06-03|2025-06-04|2025-06-05|2025-06-06|2025-06-07,2025-06-08 12:00,2025-06-08 12:00,8.810729923425242e-13,1.1368683772161603e-13,0,True,Optimization terminated successfully. (HiGHS Status 7: Optimal),716,1.1368683772161603e-13
2025-06-08,18,0.035993332998259575,21782.114285908945,108,20,2810,2025-05-19|2025-05-20|2025-05-21|2025-05-22|2025-05-23|2025-05-24|2025-05-25|2025-05-26|2025-05-27|2025-05-28|2025-05-29|2025-05-30|2025-05-31|2025-06-01|2025-06-02|2025-06-03|2025-06-04|2025-06-05|2025-06-06|2025-06-07,2025-06-08 18:00,2025-06-08 18:00,7.958078640513122e-13,2.2737367544323206e-13,0,True,Optimization terminated successfully. (HiGHS Status 7: Optimal),655,1.1368683772161603e-13
2025-06-09,0,0.04930120800054283,3021.8911001998713,144,20,3746,2025-05-20|2025-05-21|2025-05-22|2025-05-23|2025-05-24|2025-05-25|2025-05-26|2025-05-27|2025-05-28|2025-05-29|2025-05-30|2025-05-31|2025-06-01|2025-06-02|2025-06-03|2025-06-04|2025-06-05|2025-06-06|2025-06-07|2025-06-08,2025-06-09 00:00,2025-06-09 00:00,8.526512829121202e-13,3.410605131648481e-13,0,True,Optimization terminated successfully. (HiGHS Status 7: Optimal),731,3.410605131648481e-13
2025-06-09,6,0.03609591699932935,-278.4117236776287,108,20,2810,2025-05-20|2025-05-21|2025-05-22|2025-05-23|2025-05-24|2025-05-25|2025-05-26|2025-05-27|2025-05-28|2025-05-29|2025-05-30|2025-05-31|2025-06-01|2025-06-02|2025-06-03|2025-06-04|2025-06-05|2025-06-06|2025-06-07|2025-06-08,2025-06-09 06:00,2025-06-09 06:00,9.663381206337363e-13,1.1368683772161603e-13,0,True,Optimization terminated successfully. (HiGHS Status 7: Optimal),590,0.0
2025-06-09,12,0.03971975000058592,11454.444302873222,108,20,2810,2025-05-20|2025-05-21|2025-05-22|2025-05-23|2025-05-24|2025-05-25|2025-05-26|2025-05-27|2025-05-28|2025-05-29|2025-05-30|2025-05-31|2025-06-01|2025-06-02|2025-06-03|2025-06-04|2025-06-05|2025-06-06|2025-06-07|2025-06-08,2025-06-09 12:00,2025-06-09 12:00,8.206768598029157e-13,1.1368683772161603e-13,0,True,Optimization terminated successfully. (HiGHS Status 7: Optimal),631,0.0
2025-06-09,18,0.041848166998534,16252.364805404537,108,20,2810,2025-05-20|2025-05-21|2025-05-22|2025-05-23|2025-05-24|2025-05-25|2025-05-26|2025-05-27|2025-05-28|2025-05-29|2025-05-30|2025-05-31|2025-06-01|2025-06-02|2025-06-03|2025-06-04|2025-06-05|2025-06-06|2025-06-07|2025-06-08,2025-06-09 18:00,2025-06-09 18:00,7.958078640513122e-13,1.1368683772161603e-13,0,True,Optimization terminated successfully. (HiGHS Status 7: Optimal),649,0.0
2025-06-10,0,0.05379470799925912,2878.205593513416,144,20,3746,2025-05-21|2025-05-22|2025-05-23|2025-05-24|2025-05-25|2025-05-26|2025-05-27|2025-05-28|2025-05-29|2025-05-30|2025-05-31|2025-06-01|2025-06-02|2025-06-03|2025-06-04|2025-06-05|2025-06-06|2025-06-07|2025-06-08|2025-06-09,2025-06-10 00:00,2025-06-10 00:00,8.526512829121202e-13,2.2737367544323206e-13,0,True,Optimization terminated successfully. (HiGHS Status 7: Optimal),735,2.2737367544323206e-13
2025-06-10,6,0.04202645800069149,2332.522597570463,108,20,2810,2025-05-21|2025-05-22|2025-05-23|2025-05-24|2025-05-25|2025-05-26|2025-05-27|2025-05-28|2025-05-29|2025-05-30|2025-05-31|2025-06-01|2025-06-02|2025-06-03|2025-06-04|2025-06-05|2025-06-06|2025-06-07|2025-06-08|2025-06-09,2025-06-10 06:00,2025-06-10 06:00,9.663381206337363e-13,2.2737367544323206e-13,0,True,Optimization terminated successfully. (HiGHS Status 7: Optimal),678,2.2737367544323206e-13
2025-06-10,12,0.0422272920004616,13990.144471746893,108,20,2810,2025-05-21|2025-05-22|2025-05-23|2025-05-24|2025-05-25|2025-05-26|2025-05-27|2025-05-28|2025-05-29|2025-05-30|2025-05-31|2025-06-01|2025-06-02|2025-06-03|2025-06-04|2025-06-05|2025-06-06|2025-06-07|2025-06-08|2025-06-09,2025-06-10 12:00,2025-06-10 12:00,8.597567102697212e-13,2.2737367544323206e-13,0,True,Optimization terminated successfully. (HiGHS Status 7: Optimal),777,2.2737367544323206e-13
2025-06-10,18,0.03628012499939359,23596.56363210909,108,20,2810,2025-05-21|2025-05-22|2025-05-23|2025-05-24|2025-05-25|2025-05-26|2025-05-27|2025-05-28|2025-05-29|2025-05-30|2025-05-31|2025-06-01|2025-06-02|2025-06-03|2025-06-04|2025-06-05|2025-06-06|2025-06-07|2025-06-08|2025-06-09,2025-06-10 18:00,2025-06-10 18:00,7.958078640513122e-13,2.2737367544323206e-13,0,True,Optimization terminated successfully. (HiGHS Status 7: Optimal),680,2.2737367544323206e-13
2025-06-11,0,0.050058458000421524,3324.8180139638216,144,20,3746,2025-05-22|2025-05-23|2025-05-24|2025-05-25|2025-05-26|2025-05-27|2025-05-28|2025-05-29|2025-05-30|2025-05-31|2025-06-01|2025-06-02|2025-06-03|2025-06-04|2025-06-05|2025-06-06|2025-06-07|2025-06-08|2025-06-09|2025-06-10,2025-06-11 00:00,2025-06-11 00:00,7.958078640513122e-13,2.2737367544323206e-13,0,True,Optimization terminated successfully. (HiGHS Status 7: Optimal),739,3.410605131648481e-13
2025-06-11,6,0.04145600000083505,3865.653091179431,108,20,2810,2025-05-22|2025-05-23|2025-05-24|2025-05-25|2025-05-26|2025-05-27|2025-05-28|2025-05-29|2025-05-30|2025-05-31|2025-06-01|2025-06-02|2025-06-03|2025-06-04|2025-06-05|2025-06-06|2025-06-07|2025-06-08|2025-06-09|2025-06-10,2025-06-11 06:00,2025-06-11 06:00,8.668621376273222e-13,2.2737367544323206e-13,0,True,Optimization terminated successfully. (HiGHS Status 7: Optimal),748,2.2737367544323206e-13
2025-06-11,12,0.045205417000033776,12648.46985841232,108,20,2810,2025-05-22|2025-05-23|2025-05-24|2025-05-25|2025-05-26|2025-05-27|2025-05-28|2025-05-29|2025-05-30|2025-05-31|2025-06-01|2025-06-02|2025-06-03|2025-06-04|2025-06-05|2025-06-06|2025-06-07|2025-06-08|2025-06-09|2025-06-10,2025-06-11 12:00,2025-06-11 12:00,9.094947017729282e-13,1.1368683772161603e-13,0,True,Optimization terminated successfully. (HiGHS Status 7: Optimal),704,2.2737367544323206e-13
2025-06-11,18,0.041652332998637576,19998.46171453926,108,20,2810,2025-05-22|2025-05-23|2025-05-24|2025-05-25|2025-05-26|2025-05-27|2025-05-28|2025-05-29|2025-05-30|2025-05-31|2025-06-01|2025-06-02|2025-06-03|2025-06-04|2025-06-05|2025-06-06|2025-06-07|2025-06-08|2025-06-09|2025-06-10,2025-06-11 18:00,2025-06-11 18:00,7.958078640513122e-13,2.2737367544323206e-13,0,True,Optimization terminated successfully. (HiGHS Status 7: Optimal),659,2.2737367544323206e-13
2025-06-12,0,0.05493899999964924,3479.939090789232,144,20,3746,2025-05-23|2025-05-24|2025-05-25|2025-05-26|2025-05-27|2025-05-28|2025-05-29|2025-05-30|2025-05-31|2025-06-01|2025-06-02|2025-06-03|2025-06-04|2025-06-05|2025-06-06|2025-06-07|2025-06-08|2025-06-09|2025-06-10|2025-06-11,2025-06-12 00:00,2025-06-12 00:00,9.094947017729282e-13,1.1368683772161603e-13,0,True,Optimization terminated successfully. (HiGHS Status 7: Optimal),762,1.1368683772161603e-13
2025-06-12,6,0.045889625000199885,3568.7264807758525,108,20,2810,2025-05-23|2025-05-24|2025-05-25|2025-05-26|2025-05-27|2025-05-28|2025-05-29|2025-05-30|2025-05-31|2025-06-01|2025-06-02|2025-06-03|2025-06-04|2025-06-05|2025-06-06|2025-06-07|2025-06-08|2025-06-09|2025-06-10|2025-06-11,2025-06-12 06:00,2025-06-12 06:00,8.384404281969182e-13,2.2737367544323206e-13,0,True,Optimization terminated successfully. (HiGHS Status 7: Optimal),741,0.0
2025-06-12,12,0.04299308299960103,7750.30050674886,108,20,2810,2025-05-23|2025-05-24|2025-05-25|2025-05-26|2025-05-27|2025-05-28|2025-05-29|2025-05-30|2025-05-31|2025-06-01|2025-06-02|2025-06-03|2025-06-04|2025-06-05|2025-06-06|2025-06-07|2025-06-08|2025-06-09|2025-06-10|2025-06-11,2025-06-12 12:00,2025-06-12 12:00,9.094947017729282e-13,1.1368683772161603e-13,0,True,Optimization terminated successfully. (HiGHS Status 7: Optimal),688,0.0
2025-06-12,18,0.044292792001215275,8896.826265551339,108,20,2810,2025-05-23|2025-05-24|2025-05-25|2025-05-26|2025-05-27|2025-05-28|2025-05-29|2025-05-30|2025-05-31|2025-06-01|2025-06-02|2025-06-03|2025-06-04|2025-06-05|2025-06-06|2025-06-07|2025-06-08|2025-06-09|2025-06-10|2025-06-11,2025-06-12 18:00,2025-06-12 18:00,5.684341886080801e-13,1.1368683772161603e-13,0,True,Optimization terminated successfully. (HiGHS Status 7: Optimal),614,0.0
2025-06-13,0,0.060830291999081965,1713.0729515572234,144,20,3746,2025-05-24|2025-05-25|2025-05-26|2025-05-27|2025-05-28|2025-05-29|2025-05-30|2025-05-31|2025-06-01|2025-06-02|2025-06-03|2025-06-04|2025-06-05|2025-06-06|2025-06-07|2025-06-08|2025-06-09|2025-06-10|2025-06-11|2025-06-12,2025-06-13 00:00,2025-06-13 00:00,8.810729923425242e-13,9.094947017729282e-13,0,True,Optimization terminated successfully. (HiGHS Status 7: Optimal),738,9.094947017729282e-13
2025-06-13,6,0.03767554099977133,848.3006338041039,108,20,2810,2025-05-24|2025-05-25|2025-05-26|2025-05-27|2025-05-28|2025-05-29|2025-05-30|2025-05-31|2025-06-01|2025-06-02|2025-06-03|2025-06-04|2025-06-05|2025-06-06|2025-06-07|2025-06-08|2025-06-09|2025-06-10|2025-06-11|2025-06-12,2025-06-13 06:00,2025-06-13 06:00,8.526512829121202e-13,1.1368683772161603e-13,0,True,Optimization terminated successfully. (HiGHS Status 7: Optimal),530,0.0
2025-06-13,12,0.03963708300034341,7384.510163042596,108,20,2810,2025-05-24|2025-05-25|2025-05-26|2025-05-27|2025-05-28|2025-05-29|2025-05-30|2025-05-31|2025-06-01|2025-06-02|2025-06-03|2025-06-04|2025-06-05|2025-06-06|2025-06-07|2025-06-08|2025-06-09|2025-06-10|2025-06-11|2025-06-12,2025-06-13 12:00,2025-06-13 12:00,8.526512829121202e-13,1.1368683772161603e-13,0,True,Optimization terminated successfully. (HiGHS Status 7: Optimal),621,0.0
2025-06-13,18,0.04192854099892429,8300.223491555342,108,20,2810,2025-05-24|2025-05-25|2025-05-26|2025-05-27|2025-05-28|2025-05-29|2025-05-30|2025-05-31|2025-06-01|2025-06-02|2025-06-03|2025-06-04|2025-06-05|2025-06-06|2025-06-07|2025-06-08|2025-06-09|2025-06-10|2025-06-11|2025-06-12,2025-06-13 18:00,2025-06-13 18:00,7.958078640513122e-13,1.1368683772161603e-13,0,True,Optimization terminated successfully. (HiGHS Status 7: Optimal),608,0.0
2025-06-14,0,0.06299283299995295,1708.1262647315034,144,20,3746,2025-05-25|2025-05-26|2025-05-27|2025-05-28|2025-05-29|2025-05-30|2025-05-31|2025-06-01|2025-06-02|2025-06-03|2025-06-04|2025-06-05|2025-06-06|2025-06-07|2025-06-08|2025-06-09|2025-06-10|2025-06-11|2025-06-12|2025-06-13,2025-06-14 00:00,2025-06-14 00:00,9.094947017729282e-13,1.1368683772161603e-13,0,True,Optimization terminated successfully. (HiGHS Status 7: Optimal),762,5.684341886080802e-14
2025-06-14,6,0.037295332998837694,705.2094333158807,108,20,2810,2025-05-25|2025-05-26|2025-05-27|2025-05-28|2025-05-29|2025-05-30|2025-05-31|2025-06-01|2025-06-02|2025-06-03|2025-06-04|2025-06-05|2025-06-06|2025-06-07|2025-06-08|2025-06-09|2025-06-10|2025-06-11|2025-06-12|2025-06-13,2025-06-14 06:00,2025-06-14 06:00,9.094947017729282e-13,1.1368683772161603e-13,0,True,Optimization terminated successfully. (HiGHS Status 7: Optimal),505,0.0
2025-06-14,12,0.03796787499959464,11894.392296440983,108,20,2810,2025-05-25|2025-05-26|2025-05-27|2025-05-28|2025-05-29|2025-05-30|2025-05-31|2025-06-01|2025-06-02|2025-06-03|2025-06-04|2025-06-05|2025-06-06|2025-06-07|2025-06-08|2025-06-09|2025-06-10|2025-06-11|2025-06-12|2025-06-13,2025-06-14 12:00,2025-06-14 12:00,9.094947017729282e-13,2.2737367544323206e-13,0,True,Optimization terminated successfully. (HiGHS Status 7: Optimal),565,0.0
2025-06-14,18,0.040939290998721845,21690.488611862846,108,20,2810,2025-05-25|2025-05-26|2025-05-27|2025-05-28|2025-05-29|2025-05-30|2025-05-31|2025-06-01|2025-06-02|2025-06-03|2025-06-04|2025-06-05|2025-06-06|2025-06-07|2025-06-08|2025-06-09|2025-06-10|2025-06-11|2025-06-12|2025-06-13,2025-06-14 18:00,2025-06-14 18:00,8.640206605736722e-13,5.684341886080802e-14,0,True,Optimization terminated successfully. (HiGHS Status 7: Optimal),632,0.0
2025-06-15,0,0.055698166999718524,3316.8639288088825,144,20,3746,2025-05-26|2025-05-27|2025-05-28|2025-05-29|2025-05-30|2025-05-31|2025-06-01|2025-06-02|2025-06-03|2025-06-04|2025-06-05|2025-06-06|2025-06-07|2025-06-08|2025-06-09|2025-06-10|2025-06-11|2025-06-12|2025-06-13|2025-06-14,2025-06-15 00:00,2025-06-15 00:00,7.958078640513122e-13,7.105427357601002e-13,0,True,Optimization terminated successfully. (HiGHS Status 7: Optimal),736,7.105427357601002e-13
2025-06-15,6,0.05166162499881466,6864.568775153873,108,20,2810,2025-05-26|2025-05-27|2025-05-28|2025-05-29|2025-05-30|2025-05-31|2025-06-01|2025-06-02|2025-06-03|2025-06-04|2025-06-05|2025-06-06|2025-06-07|2025-06-08|2025-06-09|2025-06-10|2025-06-11|2025-06-12|2025-06-13|2025-06-14,2025-06-15 06:00,2025-06-15 06:00,8.810729923425242e-13,2.2737367544323206e-13,0,True,Optimization terminated successfully. (HiGHS Status 7: Optimal),809,1.1368683772161603e-13
2025-06-15,12,0.04490816700126743,13616.59213965441,108,20,2810,2025-05-26|2025-05-27|2025-05-28|2025-05-29|2025-05-30|2025-05-31|2025-06-01|2025-06-02|2025-06-03|2025-06-04|2025-06-05|2025-06-06|2025-06-07|2025-06-08|2025-06-09|2025-06-10|2025-06-11|2025-06-12|2025-06-13|2025-06-14,2025-06-15 12:00,2025-06-15 12:00,8.988365607365267e-13,2.2737367544323206e-13,0,True,Optimization terminated successfully. (HiGHS Status 7: Optimal),724,1.1368683772161603e-13
2025-06-15,18,0.039627167001526686,22980.25679888456,108,20,2810,2025-05-26|2025-05-27|2025-05-28|2025-05-29|2025-05-30|2025-05-31|2025-06-01|2025-06-02|2025-06-03|2025-06-04|2025-06-05|2025-06-06|2025-06-07|2025-06-08|2025-06-09|2025-06-10|2025-06-11|2025-06-12|2025-06-13|2025-06-14,2025-06-15 18:00,2025-06-15 18:00,9.094947017729282e-13,2.2737367544323206e-13,0,True,Optimization terminated successfully. (HiGHS Status 7: Optimal),659,1.1368683772161603e-13
2025-06-16,0,0.0517851669992524,2893.739650727711,144,20,3746,2025-05-27|2025-05-28|2025-05-29|2025-05-30|2025-05-31|2025-06-01|2025-06-02|2025-06-03|2025-06-04|2025-06-05|2025-06-06|2025-06-07|2025-06-08|2025-06-09|2025-06-10|2025-06-11|2025-06-12|2025-06-13|2025-06-14|2025-06-15,2025-06-16 00:00,2025-06-16 00:00,7.958078640513122e-13,1.1368683772161603e-13,0,True,Optimization terminated successfully. (HiGHS Status 7: Optimal),733,1.1368683772161603e-13
2025-06-16,6,0.05113179100044363,4933.213171859818,108,20,2810,2025-05-27|2025-05-28|2025-05-29|2025-05-30|2025-05-31|2025-06-01|2025-06-02|2025-06-03|2025-06-04|2025-06-05|2025-06-06|2025-06-07|2025-06-08|2025-06-09|2025-06-10|2025-06-11|2025-06-12|2025-06-13|2025-06-14|2025-06-15,2025-06-16 06:00,2025-06-16 06:00,9.094947017729282e-13,1.1368683772161603e-13,0,True,Optimization terminated successfully. (HiGHS Status 7: Optimal),829,1.1368683772161603e-13
2025-06-16,12,0.03910070799975074,12392.556523441648,108,20,2810,2025-05-27|2025-05-28|2025-05-29|2025-05-30|2025-05-31|2025-06-01|2025-06-02|2025-06-03|2025-06-04|2025-06-05|2025-06-06|2025-06-07|2025-06-08|2025-06-09|2025-06-10|2025-06-11|2025-06-12|2025-06-13|2025-06-14|2025-06-15,2025-06-16 12:00,2025-06-16 12:00,8.739675649849232e-13,2.2737367544323206e-13,0,True,Optimization terminated successfully. (HiGHS Status 7: Optimal),687,1.1368683772161603e-13
2025-06-16,18,0.04108091700072691,24064.11871681976,108,20,2810,2025-05-27|2025-05-28|2025-05-29|2025-05-30|2025-05-31|2025-06-01|2025-06-02|2025-06-03|2025-06-04|2025-06-05|2025-06-06|2025-06-07|2025-06-08|2025-06-09|2025-06-10|2025-06-11|2025-06-12|2025-06-13|2025-06-14|2025-06-15,2025-06-16 18:00,2025-06-16 18:00,7.958078640513122e-13,2.2737367544323206e-13,0,True,Optimization terminated successfully. (HiGHS Status 7: Optimal),676,1.1368683772161603e-13
2025-06-17,0,0.05067770899950119,3033.3582449777377,144,20,3746,2025-05-28|2025-05-29|2025-05-30|2025-05-31|2025-06-01|2025-06-02|2025-06-03|2025-06-04|2025-06-05|2025-06-06|2025-06-07|2025-06-08|2025-06-09|2025-06-10|2025-06-11|2025-06-12|2025-06-13|2025-06-14|2025-06-15|2025-06-16,2025-06-17 00:00,2025-06-17 00:00,7.958078640513122e-13,2.2737367544323206e-13,0,True,Optimization terminated successfully. (HiGHS Status 7: Optimal),725,2.2737367544323206e-13
2025-06-17,6,0.04940379100116843,7266.600424040781,108,20,2810,2025-05-28|2025-05-29|2025-05-30|2025-05-31|2025-06-01|2025-06-02|2025-06-03|2025-06-04|2025-06-05|2025-06-06|2025-06-07|2025-06-08|2025-06-09|2025-06-10|2025-06-11|2025-06-12|2025-06-13|2025-06-14|2025-06-15|2025-06-16,2025-06-17 06:00,2025-06-17 06:00,9.094947017729282e-13,2.2737367544323206e-13,0,True,Optimization terminated successfully. (HiGHS Status 7: Optimal),842,2.2737367544323206e-13
2025-06-17,12,0.04324120899946138,13062.754093352465,108,20,2810,2025-05-28|2025-05-29|2025-05-30|2025-05-31|2025-06-01|2025-06-02|2025-06-03|2025-06-04|2025-06-05|2025-06-06|2025-06-07|2025-06-08|2025-06-09|2025-06-10|2025-06-11|2025-06-12|2025-06-13|2025-06-14|2025-06-15|2025-06-16,2025-06-17 12:00,2025-06-17 12:00,1.0231815394945443e-12,2.2737367544323206e-13,0,True,Optimization terminated successfully. (HiGHS Status 7: Optimal),710,2.2737367544323206e-13
2025-06-17,18,0.04250662500089675,24516.096546421595,108,20,2810,2025-05-28|2025-05-29|2025-05-30|2025-05-31|2025-06-01|2025-06-02|2025-06-03|2025-06-04|2025-06-05|2025-06-06|2025-06-07|2025-06-08|2025-06-09|2025-06-10|2025-06-11|2025-06-12|2025-06-13|2025-06-14|2025-06-15|2025-06-16,2025-06-17 18:00,2025-06-17 18:00,7.162326287613041e-13,2.2737367544323206e-13,0,True,Optimization terminated successfully. (HiGHS Status 7: Optimal),682,2.2737367544323206e-13
2025-06-18,0,0.04679824999948323,2793.0383771536494,144,20,3746,2025-05-29|2025-05-30|2025-05-31|2025-06-01|2025-06-02|2025-06-03|2025-06-04|2025-06-05|2025-06-06|2025-06-07|2025-06-08|2025-06-09|2025-06-10|2025-06-11|2025-06-12|2025-06-13|2025-06-14|2025-06-15|2025-06-16|2025-06-17,2025-06-18 00:00,2025-06-18 00:00,9.094947017729282e-13,2.2737367544323206e-13,0,True,Optimization terminated successfully. (HiGHS Status 7: Optimal),745,3.410605131648481e-13
2025-06-18,6,0.047734665999087156,6636.5116567871855,108,20,2810,2025-05-29|2025-05-30|2025-05-31|2025-06-01|2025-06-02|2025-06-03|2025-06-04|2025-06-05|2025-06-06|2025-06-07|2025-06-08|2025-06-09|2025-06-10|2025-06-11|2025-06-12|2025-06-13|2025-06-14|2025-06-15|2025-06-16|2025-06-17,2025-06-18 06:00,2025-06-18 06:00,7.958078640513122e-13,1.1368683772161603e-13,0,True,Optimization terminated successfully. (HiGHS Status 7: Optimal),863,0.0
2025-06-18,12,0.03938008300065121,12139.292653207667,108,20,2810,2025-05-29|2025-05-30|2025-05-31|2025-06-01|2025-06-02|2025-06-03|2025-06-04|2025-06-05|2025-06-06|2025-06-07|2025-06-08|2025-06-09|2025-06-10|2025-06-11|2025-06-12|2025-06-13|2025-06-14|2025-06-15|2025-06-16|2025-06-17,2025-06-18 12:00,2025-06-18 12:00,8.810729923425242e-13,1.1368683772161603e-13,0,True,Optimization terminated successfully. (HiGHS Status 7: Optimal),694,0.0
2025-06-18,18,0.04111108299912303,23401.01359967915,108,20,2810,2025-05-29|2025-05-30|2025-05-31|2025-06-01|2025-06-02|2025-06-03|2025-06-04|2025-06-05|2025-06-06|2025-06-07|2025-06-08|2025-06-09|2025-06-10|2025-06-11|2025-06-12|2025-06-13|2025-06-14|2025-06-15|2025-06-16|2025-06-17,2025-06-18 18:00,2025-06-18 18:00,8.084401204033753e-13,1.1368683772161603e-13,0,True,Optimization terminated successfully. (HiGHS Status 7: Optimal),675,0.0
2025-06-19,0,0.05122295799992571,3073.479145981142,144,20,3746,2025-05-30|2025-05-31|2025-06-01|2025-06-02|2025-06-03|2025-06-04|2025-06-05|2025-06-06|2025-06-07|2025-06-08|2025-06-09|2025-06-10|2025-06-11|2025-06-12|2025-06-13|2025-06-14|2025-06-15|2025-06-16|2025-06-17|2025-06-18,2025-06-19 00:00,2025-06-19 00:00,9.094947017729282e-13,6.821210263296962e-13,0,True,Optimization terminated successfully. (HiGHS Status 7: Optimal),732,6.821210263296962e-13
2025-06-19,6,0.04211175000091316,3798.9817239407307,108,20,2810,2025-05-30|2025-05-31|2025-06-01|2025-06-02|2025-06-03|2025-06-04|2025-06-05|2025-06-06|2025-06-07|2025-06-08|2025-06-09|2025-06-10|2025-06-11|2025-06-12|2025-06-13|2025-06-14|2025-06-15|2025-06-16|2025-06-17|2025-06-18,2025-06-19 06:00,2025-06-19 06:00,8.952838470577262e-13,1.1368683772161603e-13,0,True,Optimization terminated successfully. (HiGHS Status 7: Optimal),709,1.1368683772161603e-13
2025-06-19,12,0.045571417000246583,13020.753845868418,108,20,2810,2025-05-30|2025-05-31|2025-06-01|2025-06-02|2025-06-03|2025-06-04|2025-06-05|2025-06-06|2025-06-07|2025-06-08|2025-06-09|2025-06-10|2025-06-11|2025-06-12|2025-06-13|2025-06-14|2025-06-15|2025-06-16|2025-06-17|2025-06-18,2025-06-19 12:00,2025-06-19 12:00,8.100187187665142e-13,2.2737367544323206e-13,0,True,Optimization terminated successfully. (HiGHS Status 7: Optimal),794,1.1368683772161603e-13
2025-06-19,18,0.032627541999318055,6040.198608461187,108,20,2810,2025-05-30|2025-05-31|2025-06-01|2025-06-02|2025-06-03|2025-06-04|2025-06-05|2025-06-06|2025-06-07|2025-06-08|2025-06-09|2025-06-10|2025-06-11|2025-06-12|2025-06-13|2025-06-14|2025-06-15|2025-06-16|2025-06-17|2025-06-18,2025-06-19 18:00,2025-06-19 18:00,7.958078640513122e-13,1.1368683772161603e-13,0,True,Optimization terminated successfully. (HiGHS Status 7: Optimal),570,1.1368683772161603e-13
2025-06-20,0,0.056977541999003734,1495.8378651140858,144,20,3746,2025-05-31|2025-06-01|2025-06-02|2025-06-03|2025-06-04|2025-06-05|2025-06-06|2025-06-07|2025-06-08|2025-06-09|2025-06-10|2025-06-11|2025-06-12|2025-06-13|2025-06-14|2025-06-15|2025-06-16|2025-06-17|2025-06-18|2025-06-19,2025-06-20 00:00,2025-06-20 00:00,7.958078640513122e-13,3.410605131648481e-13,0,True,Optimization terminated successfully. (HiGHS Status 7: Optimal),741,3.979039320256561e-13
2025-06-20,6,0.03421450000132609,803.9415144713219,108,20,2810,2025-05-31|2025-06-01|2025-06-02|2025-06-03|2025-06-04|2025-06-05|2025-06-06|2025-06-07|2025-06-08|2025-06-09|2025-06-10|2025-06-11|2025-06-12|2025-06-13|2025-06-14|2025-06-15|2025-06-16|2025-06-17|2025-06-18|2025-06-19,2025-06-20 06:00,2025-06-20 06:00,8.455458555545192e-13,1.1368683772161603e-13,0,True,Optimization terminated successfully. (HiGHS Status 7: Optimal),504,1.1368683772161603e-13
2025-06-20,12,0.03354291600044235,7433.267445470077,108,20,2810,2025-05-31|2025-06-01|2025-06-02|2025-06-03|2025-06-04|2025-06-05|2025-06-06|2025-06-07|2025-06-08|2025-06-09|2025-06-10|2025-06-11|2025-06-12|2025-06-13|2025-06-14|2025-06-15|2025-06-16|2025-06-17|2025-06-18|2025-06-19,2025-06-20 12:00,2025-06-20 12:00,7.958078640513122e-13,1.1368683772161603e-13,0,True,Optimization terminated successfully. (HiGHS Status 7: Optimal),560,1.1368683772161603e-13
2025-06-20,18,0.03125158400143846,5944.381586233265,108,20,2810,2025-05-31|2025-06-01|2025-06-02|2025-06-03|2025-06-04|2025-06-05|2025-06-06|2025-06-07|2025-06-08|2025-06-09|2025-06-10|2025-06-11|2025-06-12|2025-06-13|2025-06-14|2025-06-15|2025-06-16|2025-06-17|2025-06-18|2025-06-19,2025-06-20 18:00,2025-06-20 18:00,9.094947017729282e-13,1.1368683772161603e-13,0,True,Optimization terminated successfully. (HiGHS Status 7: Optimal),510,1.1368683772161603e-13
2025-06-21,0,0.046031375000893604,1035.364273480981,144,20,3746,2025-06-01|2025-06-02|2025-06-03|2025-06-04|2025-06-05|2025-06-06|2025-06-07|2025-06-08|2025-06-09|2025-06-10|2025-06-11|2025-06-12|2025-06-13|2025-06-14|2025-06-15|2025-06-16|2025-06-17|2025-06-18|2025-06-19|2025-06-20,2025-06-21 00:00,2025-06-21 00:00,8.242295734817162e-13,1.1368683772161603e-13,0,True,Optimization terminated successfully. (HiGHS Status 7: Optimal),634,1.1368683772161603e-13
2025-06-21,6,0.033192292001331225,802.8510573966817,108,20,2810,2025-06-01|2025-06-02|2025-06-03|2025-06-04|2025-06-05|2025-06-06|2025-06-07|2025-06-08|2025-06-09|2025-06-10|2025-06-11|2025-06-12|2025-06-13|2025-06-14|2025-06-15|2025-06-16|2025-06-17|2025-06-18|2025-06-19|2025-06-20,2025-06-21 06:00,2025-06-21 06:00,9.094947017729282e-13,1.4210854715202004e-14,0,True,Optimization terminated successfully. (HiGHS Status 7: Optimal),475,1.1368683772161603e-13
2025-06-21,12,0.036582583999916096,12422.355889008082,108,20,2810,2025-06-01|2025-06-02|2025-06-03|2025-06-04|2025-06-05|2025-06-06|2025-06-07|2025-06-08|2025-06-09|2025-06-10|2025-06-11|2025-06-12|2025-06-13|2025-06-14|2025-06-15|2025-06-16|2025-06-17|2025-06-18|2025-06-19|2025-06-20,2025-06-21 12:00,2025-06-21 12:00,9.094947017729282e-13,5.684341886080802e-14,0,True,Optimization terminated successfully. (HiGHS Status 7: Optimal),584,1.1368683772161603e-13
2025-06-21,18,0.04091483299998799,16094.721663810476,108,20,2810,2025-06-01|2025-06-02|2025-06-03|2025-06-04|2025-06-05|2025-06-06|2025-06-07|2025-06-08|2025-06-09|2025-06-10|2025-06-11|2025-06-12|2025-06-13|2025-06-14|2025-06-15|2025-06-16|2025-06-17|2025-06-18|2025-06-19|2025-06-20,2025-06-21 18:00,2025-06-21 18:00,7.958078640513122e-13,2.2737367544323206e-13,0,True,Optimization terminated successfully. (HiGHS Status 7: Optimal),623,1.1368683772161603e-13
2025-06-22,0,0.05195379200085881,3022.8089795368505,144,20,3746,2025-06-02|2025-06-03|2025-06-04|2025-06-05|2025-06-06|2025-06-07|2025-06-08|2025-06-09|2025-06-10|2025-06-11|2025-06-12|2025-06-13|2025-06-14|2025-06-15|2025-06-16|2025-06-17|2025-06-18|2025-06-19|2025-06-20|2025-06-21,2025-06-22 00:00,2025-06-22 00:00,8.881784197001252e-13,1.1368683772161603e-13,0,True,Optimization terminated successfully. (HiGHS Status 7: Optimal),738,1.1368683772161603e-13
2025-06-22,6,0.04205983300016669,6861.242324079977,108,20,2810,2025-06-02|2025-06-03|2025-06-04|2025-06-05|2025-06-06|2025-06-07|2025-06-08|2025-06-09|2025-06-10|2025-06-11|2025-06-12|2025-06-13|2025-06-14|2025-06-15|2025-06-16|2025-06-17|2025-06-18|2025-06-19|2025-06-20|2025-06-21,2025-06-22 06:00,2025-06-22 06:00,9.094947017729282e-13,1.1368683772161603e-13,0,True,Optimization terminated successfully. (HiGHS Status 7: Optimal),725,1.1368683772161603e-13
2025-06-22,12,0.04787666700030968,16120.261100211825,108,20,2810,2025-06-02|2025-06-03|2025-06-04|2025-06-05|2025-06-06|2025-06-07|2025-06-08|2025-06-09|2025-06-10|2025-06-11|2025-06-12|2025-06-13|2025-06-14|2025-06-15|2025-06-16|2025-06-17|2025-06-18|2025-06-19|2025-06-20|2025-06-21,2025-06-22 12:00,2025-06-22 12:00,9.094947017729282e-13,2.2737367544323206e-13,0,True,Optimization terminated successfully. (HiGHS Status 7: Optimal),774,1.1368683772161603e-13
2025-06-22,18,0.042838458000915125,22121.073604577716,108,20,2810,2025-06-02|2025-06-03|2025-06-04|2025-06-05|2025-06-06|2025-06-07|2025-06-08|2025-06-09|2025-06-10|2025-06-11|2025-06-12|2025-06-13|2025-06-14|2025-06-15|2025-06-16|2025-06-17|2025-06-18|2025-06-19|2025-06-20|2025-06-21,2025-06-22 18:00,2025-06-22 18:00,9.094947017729282e-13,1.1368683772161603e-13,0,True,Optimization terminated successfully. (HiGHS Status 7: Optimal),670,1.1368683772161603e-13
2025-06-23,0,0.053530166998825734,3088.1678705177064,144,20,3746,2025-06-03|2025-06-04|2025-06-05|2025-06-06|2025-06-07|2025-06-08|2025-06-09|2025-06-10|2025-06-11|2025-06-12|2025-06-13|2025-06-14|2025-06-15|2025-06-16|2025-06-17|2025-06-18|2025-06-19|2025-06-20|2025-06-21|2025-06-22,2025-06-23 00:00,2025-06-23 00:00,7.958078640513122e-13,1.3642420526593924e-12,0,True,Optimization terminated successfully. (HiGHS Status 7: Optimal),734,1.3642420526593924e-12
2025-06-23,6,0.047378875000504195,4232.788322988361,108,20,2810,2025-06-03|2025-06-04|2025-06-05|2025-06-06|2025-06-07|2025-06-08|2025-06-09|2025-06-10|2025-06-11|2025-06-12|2025-06-13|2025-06-14|2025-06-15|2025-06-16|2025-06-17|2025-06-18|2025-06-19|2025-06-20|2025-06-21|2025-06-22,2025-06-23 06:00,2025-06-23 06:00,9.094947017729282e-13,2.2737367544323206e-13,0,True,Optimization terminated successfully. (HiGHS Status 7: Optimal),776,2.2737367544323206e-13
2025-06-23,12,0.04108475000066392,12806.081763503307,108,20,2810,2025-06-03|2025-06-04|2025-06-05|2025-06-06|2025-06-07|2025-06-08|2025-06-09|2025-06-10|2025-06-11|2025-06-12|2025-06-13|2025-06-14|2025-06-15|2025-06-16|2025-06-17|2025-06-18|2025-06-19|2025-06-20|2025-06-21|2025-06-22,2025-06-23 12:00,2025-06-23 12:00,8.881784197001252e-13,2.2737367544323206e-13,0,True,Optimization terminated successfully. (HiGHS Status 7: Optimal),669,2.2737367544323206e-13
2025-06-23,18,0.04258579199995438,21886.466718840587,108,20,2810,2025-06-03|2025-06-04|2025-06-05|2025-06-06|2025-06-07|2025-06-08|2025-06-09|2025-06-10|2025-06-11|2025-06-12|2025-06-13|2025-06-14|2025-06-15|2025-06-16|2025-06-17|2025-06-18|2025-06-19|2025-06-20|2025-06-21|2025-06-22,2025-06-23 18:00,2025-06-23 18:00,7.958078640513122e-13,2.2737367544323206e-13,0,True,Optimization terminated successfully. (HiGHS Status 7: Optimal),678,2.2737367544323206e-13
2025-06-24,0,0.052528499998516054,3302.534093921917,144,20,3746,2025-06-04|2025-06-05|2025-06-06|2025-06-07|2025-06-08|2025-06-09|2025-06-10|2025-06-11|2025-06-12|2025-06-13|2025-06-14|2025-06-15|2025-06-16|2025-06-17|2025-06-18|2025-06-19|2025-06-20|2025-06-21|2025-06-22|2025-06-23,2025-06-24 00:00,2025-06-24 00:00,9.094947017729282e-13,2.2737367544323206e-13,0,True,Optimization terminated successfully. (HiGHS Status 7: Optimal),724,2.2737367544323206e-13
2025-06-24,6,0.03770824999992328,1320.737532009257,108,20,2810,2025-06-04|2025-06-05|2025-06-06|2025-06-07|2025-06-08|2025-06-09|2025-06-10|2025-06-11|2025-06-12|2025-06-13|2025-06-14|2025-06-15|2025-06-16|2025-06-17|2025-06-18|2025-06-19|2025-06-20|2025-06-21|2025-06-22|2025-06-23,2025-06-24 06:00,2025-06-24 06:00,8.881784197001252e-13,2.2737367544323206e-13,0,True,Optimization terminated successfully. (HiGHS Status 7: Optimal),661,1.1368683772161603e-13
2025-06-24,12,0.03650358400045661,11768.451426321182,108,20,2810,2025-06-04|2025-06-05|2025-06-06|2025-06-07|2025-06-08|2025-06-09|2025-06-10|2025-06-11|2025-06-12|2025-06-13|2025-06-14|2025-06-15|2025-06-16|2025-06-17|2025-06-18|2025-06-19|2025-06-20|2025-06-21|2025-06-22|2025-06-23,2025-06-24 12:00,2025-06-24 12:00,8.597567102697212e-13,1.1368683772161603e-13,0,True,Optimization terminated successfully. (HiGHS Status 7: Optimal),642,1.1368683772161603e-13
2025-06-24,18,0.04042137500073295,23926.953198345927,108,20,2810,2025-06-04|2025-06-05|2025-06-06|2025-06-07|2025-06-08|2025-06-09|2025-06-10|2025-06-11|2025-06-12|2025-06-13|2025-06-14|2025-06-15|2025-06-16|2025-06-17|2025-06-18|2025-06-19|2025-06-20|2025-06-21|2025-06-22|2025-06-23,2025-06-24 18:00,2025-06-24 18:00,7.958078640513122e-13,2.2737367544323206e-13,0,True,Optimization terminated successfully. (HiGHS Status 7: Optimal),662,1.1368683772161603e-13
2025-06-25,0,0.05162654199921235,3200.9877566968053,144,20,3746,2025-06-05|2025-06-06|2025-06-07|2025-06-08|2025-06-09|2025-06-10|2025-06-11|2025-06-12|2025-06-13|2025-06-14|2025-06-15|2025-06-16|2025-06-17|2025-06-18|2025-06-19|2025-06-20|2025-06-21|2025-06-22|2025-06-23|2025-06-24,2025-06-25 00:00,2025-06-25 00:00,8.455458555545192e-13,1.1368683772161603e-13,0,True,Optimization terminated successfully. (HiGHS Status 7: Optimal),742,1.1368683772161603e-13
2025-06-25,6,0.04633908299911127,4845.372016612432,108,20,2810,2025-06-05|2025-06-06|2025-06-07|2025-06-08|2025-06-09|2025-06-10|2025-06-11|2025-06-12|2025-06-13|2025-06-14|2025-06-15|2025-06-16|2025-06-17|2025-06-18|2025-06-19|2025-06-20|2025-06-21|2025-06-22|2025-06-23|2025-06-24,2025-06-25 06:00,2025-06-25 06:00,1.0231815394945443e-12,1.1368683772161603e-13,0,True,Optimization terminated successfully. (HiGHS Status 7: Optimal),737,1.1368683772161603e-13
2025-06-25,12,0.04195195800093643,16212.538153448979,108,20,2810,2025-06-05|2025-06-06|2025-06-07|2025-06-08|2025-06-09|2025-06-10|2025-06-11|2025-06-12|2025-06-13|2025-06-14|2025-06-15|2025-06-16|2025-06-17|2025-06-18|2025-06-19|2025-06-20|2025-06-21|2025-06-22|2025-06-23|2025-06-24,2025-06-25 12:00,2025-06-25 12:00,1.0231815394945443e-12,1.1368683772161603e-13,0,True,Optimization terminated successfully. (HiGHS Status 7: Optimal),771,1.1368683772161603e-13
2025-06-25,18,0.03898220799965202,21533.277925490685,108,20,2810,2025-06-05|2025-06-06|2025-06-07|2025-06-08|2025-06-09|2025-06-10|2025-06-11|2025-06-12|2025-06-13|2025-06-14|2025-06-15|2025-06-16|2025-06-17|2025-06-18|2025-06-19|2025-06-20|2025-06-21|2025-06-22|2025-06-23|2025-06-24,2025-06-25 18:00,2025-06-25 18:00,1.0231815394945443e-12,2.2737367544323206e-13,0,True,Optimization terminated successfully. (HiGHS Status 7: Optimal),670,1.1368683772161603e-13
2025-06-26,0,0.050761208000039915,2939.868379553165,144,20,3746,2025-06-06|2025-06-07|2025-06-08|2025-06-09|2025-06-10|2025-06-11|2025-06-12|2025-06-13|2025-06-14|2025-06-15|2025-06-16|2025-06-17|2025-06-18|2025-06-19|2025-06-20|2025-06-21|2025-06-22|2025-06-23|2025-06-24|2025-06-25,2025-06-26 00:00,2025-06-26 00:00,9.094947017729282e-13,6.536993168992922e-13,0,True,Optimization terminated successfully. (HiGHS Status 7: Optimal),751,6.536993168992922e-13
2025-06-26,6,0.04977141600102186,4503.567533211806,108,20,2810,2025-06-06|2025-06-07|2025-06-08|2025-06-09|2025-06-10|2025-06-11|2025-06-12|2025-06-13|2025-06-14|2025-06-15|2025-06-16|2025-06-17|2025-06-18|2025-06-19|2025-06-20|2025-06-21|2025-06-22|2025-06-23|2025-06-24|2025-06-25,2025-06-26 06:00,2025-06-26 06:00,9.663381206337363e-13,2.2737367544323206e-13,0,True,Optimization terminated successfully. (HiGHS Status 7: Optimal),767,1.1368683772161603e-13
2025-06-26,12,0.04774254100084363,9417.487216357093,108,20,2810,2025-06-06|2025-06-07|2025-06-08|2025-06-09|2025-06-10|2025-06-11|2025-06-12|2025-06-13|2025-06-14|2025-06-15|2025-06-16|2025-06-17|2025-06-18|2025-06-19|2025-06-20|2025-06-21|2025-06-22|2025-06-23|2025-06-24|2025-06-25,2025-06-26 12:00,2025-06-26 12:00,1.0231815394945443e-12,2.2737367544323206e-13,0,True,Optimization terminated successfully. (HiGHS Status 7: Optimal),765,1.1368683772161603e-13
2025-06-26,18,0.03541274999952293,6347.362824041335,108,20,2810,2025-06-06|2025-06-07|2025-06-08|2025-06-09|2025-06-10|2025-06-11|2025-06-12|2025-06-13|2025-06-14|2025-06-15|2025-06-16|2025-06-17|2025-06-18|2025-06-19|2025-06-20|2025-06-21|2025-06-22|2025-06-23|2025-06-24|2025-06-25,2025-06-26 18:00,2025-06-26 18:00,9.094947017729282e-13,1.1368683772161603e-13,0,True,Optimization terminated successfully. (HiGHS Status 7: Optimal),562,1.1368683772161603e-13
2025-06-27,0,0.05163229200115893,1218.7100277887305,144,20,3746,2025-06-07|2025-06-08|2025-06-09|2025-06-10|2025-06-11|2025-06-12|2025-06-13|2025-06-14|2025-06-15|2025-06-16|2025-06-17|2025-06-18|2025-06-19|2025-06-20|2025-06-21|2025-06-22|2025-06-23|2025-06-24|2025-06-25|2025-06-26,2025-06-27 00:00,2025-06-27 00:00,8.810729923425242e-13,2.2737367544323206e-13,0,True,Optimization terminated successfully. (HiGHS Status 7: Optimal),669,2.2737367544323206e-13
2025-06-27,6,0.03287095800078532,653.4265283641915,108,20,2810,2025-06-07|2025-06-08|2025-06-09|2025-06-10|2025-06-11|2025-06-12|2025-06-13|2025-06-14|2025-06-15|2025-06-16|2025-06-17|2025-06-18|2025-06-19|2025-06-20|2025-06-21|2025-06-22|2025-06-23|2025-06-24|2025-06-25|2025-06-26,2025-06-27 06:00,2025-06-27 06:00,8.837375276016246e-13,2.2737367544323206e-13,0,True,Optimization terminated successfully. (HiGHS Status 7: Optimal),443,2.2737367544323206e-13
2025-06-27,12,0.03985287499926926,7086.857308500959,108,20,2810,2025-06-07|2025-06-08|2025-06-09|2025-06-10|2025-06-11|2025-06-12|2025-06-13|2025-06-14|2025-06-15|2025-06-16|2025-06-17|2025-06-18|2025-06-19|2025-06-20|2025-06-21|2025-06-22|2025-06-23|2025-06-24|2025-06-25|2025-06-26,2025-06-27 12:00,2025-06-27 12:00,8.29558643999917e-13,2.2737367544323206e-13,0,True,Optimization terminated successfully. (HiGHS Status 7: Optimal),566,2.2737367544323206e-13
2025-06-27,18,0.03487245799988159,6950.6757760228675,108,20,2810,2025-06-07|2025-06-08|2025-06-09|2025-06-10|2025-06-11|2025-06-12|2025-06-13|2025-06-14|2025-06-15|2025-06-16|2025-06-17|2025-06-18|2025-06-19|2025-06-20|2025-06-21|2025-06-22|2025-06-23|2025-06-24|2025-06-25|2025-06-26,2025-06-27 18:00,2025-06-27 18:00,5.684341886080801e-13,1.1368683772161603e-13,0,True,Optimization terminated successfully. (HiGHS Status 7: Optimal),551,0.0
2025-06-28,0,0.0480196660009824,1044.017486648613,144,20,3746,2025-06-08|2025-06-09|2025-06-10|2025-06-11|2025-06-12|2025-06-13|2025-06-14|2025-06-15|2025-06-16|2025-06-17|2025-06-18|2025-06-19|2025-06-20|2025-06-21|2025-06-22|2025-06-23|2025-06-24|2025-06-25|2025-06-26|2025-06-27,2025-06-28 00:00,2025-06-28 00:00,9.094947017729282e-13,6.821210263296962e-13,0,True,Optimization terminated successfully. (HiGHS Status 7: Optimal),653,6.821210263296962e-13
2025-06-28,6,0.03269366600034118,1158.2609867383028,108,20,2810,2025-06-08|2025-06-09|2025-06-10|2025-06-11|2025-06-12|2025-06-13|2025-06-14|2025-06-15|2025-06-16|2025-06-17|2025-06-18|2025-06-19|2025-06-20|2025-06-21|2025-06-22|2025-06-23|2025-06-24|2025-06-25|2025-06-26|2025-06-27,2025-06-28 06:00,2025-06-28 06:00,9.094947017729282e-13,3.410605131648481e-13,0,True,Optimization terminated successfully. (HiGHS Status 7: Optimal),505,3.410605131648481e-13
2025-06-28,12,0.03737991699927079,12175.345971550501,108,20,2810,2025-06-08|2025-06-09|2025-06-10|2025-06-11|2025-06-12|2025-06-13|2025-06-14|2025-06-15|2025-06-16|2025-06-17|2025-06-18|2025-06-19|2025-06-20|2025-06-21|2025-06-22|2025-06-23|2025-06-24|2025-06-25|2025-06-26|2025-06-27,2025-06-28 12:00,2025-06-28 12:00,9.094947017729282e-13,2.2737367544323206e-13,0,True,Optimization terminated successfully. (HiGHS Status 7: Optimal),579,2.2737367544323206e-13
2025-06-28,18,0.03886541599968041,19832.359887425773,108,20,2810,2025-06-08|2025-06-09|2025-06-10|2025-06-11|2025-06-12|2025-06-13|2025-06-14|2025-06-15|2025-06-16|2025-06-17|2025-06-18|2025-06-19|2025-06-20|2025-06-21|2025-06-22|2025-06-23|2025-06-24|2025-06-25|2025-06-26|2025-06-27,2025-06-28 18:00,2025-06-28 18:00,9.094947017729282e-13,2.2737367544323206e-13,0,True,Optimization terminated successfully. (HiGHS Status 7: Optimal),641,2.2737367544323206e-13
2025-06-29,0,0.051397250001173234,2477.6788126988868,144,20,3746,2025-06-09|2025-06-10|2025-06-11|2025-06-12|2025-06-13|2025-06-14|2025-06-15|2025-06-16|2025-06-17|2025-06-18|2025-06-19|2025-06-20|2025-06-21|2025-06-22|2025-06-23|2025-06-24|2025-06-25|2025-06-26|2025-06-27|2025-06-28,2025-06-29 00:00,2025-06-29 00:00,8.242295734817162e-13,1.4210854715202004e-13,0,True,Optimization terminated successfully. (HiGHS Status 7: Optimal),741,3.410605131648481e-13
2025-06-29,6,0.04283291600040684,5297.8063785901895,108,20,2810,2025-06-09|2025-06-10|2025-06-11|2025-06-12|2025-06-13|2025-06-14|2025-06-15|2025-06-16|2025-06-17|2025-06-18|2025-06-19|2025-06-20|2025-06-21|2025-06-22|2025-06-23|2025-06-24|2025-06-25|2025-06-26|2025-06-27|2025-06-28,2025-06-29 06:00,2025-06-29 06:00,8.633094239485217e-13,1.1368683772161603e-13,0,True,Optimization terminated successfully. (HiGHS Status 7: Optimal),712,0.0
2025-06-29,12,0.044812625001213746,16818.080107681326,108,20,2810,2025-06-09|2025-06-10|2025-06-11|2025-06-12|2025-06-13|2025-06-14|2025-06-15|2025-06-16|2025-06-17|2025-06-18|2025-06-19|2025-06-20|2025-06-21|2025-06-22|2025-06-23|2025-06-24|2025-06-25|2025-06-26|2025-06-27|2025-06-28,2025-06-29 12:00,2025-06-29 12:00,1.0231815394945443e-12,2.2737367544323206e-13,0,True,Optimization terminated successfully. (HiGHS Status 7: Optimal),809,0.0
2025-06-29,18,0.04395216699958837,21486.95435140178,108,20,2810,2025-06-09|2025-06-10|2025-06-11|2025-06-12|2025-06-13|2025-06-14|2025-06-15|2025-06-16|2025-06-17|2025-06-18|2025-06-19|2025-06-20|2025-06-21|2025-06-22|2025-06-23|2025-06-24|2025-06-25|2025-06-26|2025-06-27|2025-06-28,2025-06-29 18:00,2025-06-29 18:00,7.844835892001356e-13,1.1368683772161603e-13,0,True,Optimization terminated successfully. (HiGHS Status 7: Optimal),681,0.0
2025-06-30,0,0.056708541998887085,2980.0691096431,144,20,3746,2025-06-10|2025-06-11|2025-06-12|2025-06-13|2025-06-14|2025-06-15|2025-06-16|2025-06-17|2025-06-18|2025-06-19|2025-06-20|2025-06-21|2025-06-22|2025-06-23|2025-06-24|2025-06-25|2025-06-26|2025-06-27|2025-06-28|2025-06-29,2025-06-30 00:00,2025-06-30 00:00,8.526512829121202e-13,6.821210263296962e-13,0,True,Optimization terminated successfully. (HiGHS Status 7: Optimal),743,6.821210263296962e-13
2025-06-30,6,0.04183754199948453,1634.7848202672603,108,20,2810,2025-06-10|2025-06-11|2025-06-12|2025-06-13|2025-06-14|2025-06-15|2025-06-16|2025-06-17|2025-06-18|2025-06-19|2025-06-20|2025-06-21|2025-06-22|2025-06-23|2025-06-24|2025-06-25|2025-06-26|2025-06-27|2025-06-28|2025-06-29,2025-06-30 06:00,2025-06-30 06:00,9.094947017729282e-13,1.1368683772161603e-13,0,True,Optimization terminated successfully. (HiGHS Status 7: Optimal),682,1.1368683772161603e-13
2025-06-30,12,0.04253866600083711,12535.039834755165,108,20,2810,2025-06-10|2025-06-11|2025-06-12|2025-06-13|2025-06-14|2025-06-15|2025-06-16|2025-06-17|2025-06-18|2025-06-19|2025-06-20|2025-06-21|2025-06-22|2025-06-23|2025-06-24|2025-06-25|2025-06-26|2025-06-27|2025-06-28|2025-06-29,2025-06-30 12:00,2025-06-30 12:00,8.668621376273222e-13,2.2737367544323206e-13,0,True,Optimization terminated successfully. (HiGHS Status 7: Optimal),722,1.1368683772161603e-13
2025-06-30,18,0.04156241700002283,16765.931961394184,108,20,2810,2025-06-10|2025-06-11|2025-06-12|2025-06-13|2025-06-14|2025-06-15|2025-06-16|2025-06-17|2025-06-18|2025-06-19|2025-06-20|2025-06-21|2025-06-22|2025-06-23|2025-06-24|2025-06-25|2025-06-26|2025-06-27|2025-06-28|2025-06-29,2025-06-30 18:00,2025-06-30 18:00,9.094947017729282e-13,1.1368683772161603e-13,0,True,Optimization terminated successfully. (HiGHS Status 7: Optimal),654,1.1368683772161603e-13
2025-07-01,0,0.05411091699897952,2810.024182543847,144,20,3746,2025-06-11|2025-06-12|2025-06-13|2025-06-14|2025-06-15|2025-06-16|2025-06-17|2025-06-18|2025-06-19|2025-06-20|2025-06-21|2025-06-22|2025-06-23|2025-06-24|2025-06-25|2025-06-26|2025-06-27|2025-06-28|2025-06-29|2025-06-30,2025-07-01 00:00,2025-07-01 00:00,9.094947017729282e-13,7.531752999057062e-13,0,True,Optimization terminated successfully. (HiGHS Status 7: Optimal),750,7.531752999057062e-13
2025-07-01,6,0.03913574999933189,2975.6697899204723,108,20,2810,2025-06-11|2025-06-12|2025-06-13|2025-06-14|2025-06-15|2025-06-16|2025-06-17|2025-06-18|2025-06-19|2025-06-20|2025-06-21|2025-06-22|2025-06-23|2025-06-24|2025-06-25|2025-06-26|2025-06-27|2025-06-28|2025-06-29|2025-06-30,2025-07-01 06:00,2025-07-01 06:00,8.57980353430321e-13,1.1368683772161603e-13,0,True,Optimization terminated successfully. (HiGHS Status 7: Optimal),662,1.1368683772161603e-13
2025-07-01,12,0.04233395899973402,14312.528122418438,108,20,2810,2025-06-11|2025-06-12|2025-06-13|2025-06-14|2025-06-15|2025-06-16|2025-06-17|2025-06-18|2025-06-19|2025-06-20|2025-06-21|2025-06-22|2025-06-23|2025-06-24|2025-06-25|2025-06-26|2025-06-27|2025-06-28|2025-06-29|2025-06-30,2025-07-01 12:00,2025-07-01 12:00,8.526512829121202e-13,2.2737367544323206e-13,0,True,Optimization terminated successfully. (HiGHS Status 7: Optimal),744,1.1368683772161603e-13
2025-07-01,18,0.03890566699919873,15259.208526205768,108,20,2810,2025-06-11|2025-06-12|2025-06-13|2025-06-14|2025-06-15|2025-06-16|2025-06-17|2025-06-18|2025-06-19|2025-06-20|2025-06-21|2025-06-22|2025-06-23|2025-06-24|2025-06-25|2025-06-26|2025-06-27|2025-06-28|2025-06-29|2025-06-30,2025-07-01 18:00,2025-07-01 18:00,7.958078640513122e-13,1.1368683772161603e-13,0,True,Optimization terminated successfully. (HiGHS Status 7: Optimal),625,1.1368683772161603e-13
2025-07-02,0,0.05342908400052693,3460.5169080308187,144,20,3746,2025-06-12|2025-06-13|2025-06-14|2025-06-15|2025-06-16|2025-06-17|2025-06-18|2025-06-19|2025-06-20|2025-06-21|2025-06-22|2025-06-23|2025-06-24|2025-06-25|2025-06-26|2025-06-27|2025-06-28|2025-06-29|2025-06-30|2025-07-01,2025-07-02 00:00,2025-07-02 00:00,7.958078640513122e-13,2.2737367544323206e-13,0,True,Optimization terminated successfully. (HiGHS Status 7: Optimal),727,1.4210854715202004e-13
2025-07-02,6,0.034549125000921777,1263.0427075834702,108,20,2810,2025-06-12|2025-06-13|2025-06-14|2025-06-15|2025-06-16|2025-06-17|2025-06-18|2025-06-19|2025-06-20|2025-06-21|2025-06-22|2025-06-23|2025-06-24|2025-06-25|2025-06-26|2025-06-27|2025-06-28|2025-06-29|2025-06-30|2025-07-01,2025-07-02 06:00,2025-07-02 06:00,9.094947017729282e-13,1.1368683772161603e-13,0,True,Optimization terminated successfully. (HiGHS Status 7: Optimal),550,1.1368683772161603e-13
2025-07-02,12,0.03508191699984309,12592.560294955469,108,20,2810,2025-06-12|2025-06-13|2025-06-14|2025-06-15|2025-06-16|2025-06-17|2025-06-18|2025-06-19|2025-06-20|2025-06-21|2025-06-22|2025-06-23|2025-06-24|2025-06-25|2025-06-26|2025-06-27|2025-06-28|2025-06-29|2025-06-30|2025-07-01,2025-07-02 12:00,2025-07-02 12:00,9.094947017729282e-13,1.1368683772161603e-13,0,True,Optimization terminated successfully. (HiGHS Status 7: Optimal),632,1.1368683772161603e-13
2025-07-02,18,0.03821583399985684,21944.317693717698,108,20,2810,2025-06-12|2025-06-13|2025-06-14|2025-06-15|2025-06-16|2025-06-17|2025-06-18|2025-06-19|2025-06-20|2025-06-21|2025-06-22|2025-06-23|2025-06-24|2025-06-25|2025-06-26|2025-06-27|2025-06-28|2025-06-29|2025-06-30|2025-07-01,2025-07-02 18:00,2025-07-02 18:00,7.958078640513122e-13,2.2737367544323206e-13,0,True,Optimization terminated successfully. (HiGHS Status 7: Optimal),664,1.1368683772161603e-13
2025-07-03,0,0.04983866600014153,3830.832207090953,144,20,3746,2025-06-13|2025-06-14|2025-06-15|2025-06-16|2025-06-17|2025-06-18|2025-06-19|2025-06-20|2025-06-21|2025-06-22|2025-06-23|2025-06-24|2025-06-25|2025-06-26|2025-06-27|2025-06-28|2025-06-29|2025-06-30|2025-07-01|2025-07-02,2025-07-03 00:00,2025-07-03 00:00,7.958078640513122e-13,2.2737367544323206e-13,0,True,Optimization terminated successfully. (HiGHS Status 7: Optimal),750,2.2737367544323206e-13
2025-07-03,6,0.044028834001437644,3140.708747957948,108,20,2810,2025-06-13|2025-06-14|2025-06-15|2025-06-16|2025-06-17|2025-06-18|2025-06-19|2025-06-20|2025-06-21|2025-06-22|2025-06-23|2025-06-24|2025-06-25|2025-06-26|2025-06-27|2025-06-28|2025-06-29|2025-06-30|2025-07-01|2025-07-02,2025-07-03 06:00,2025-07-03 06:00,9.094947017729282e-13,2.2737367544323206e-13,0,True,Optimization terminated successfully. (HiGHS Status 7: Optimal),721,1.1368683772161603e-13
2025-07-03,12,0.04035775000011199,8711.685038035852,108,20,2810,2025-06-13|2025-06-14|2025-06-15|2025-06-16|2025-06-17|2025-06-18|2025-06-19|2025-06-20|2025-06-21|2025-06-22|2025-06-23|2025-06-24|2025-06-25|2025-06-26|2025-06-27|2025-06-28|2025-06-29|2025-06-30|2025-07-01|2025-07-02,2025-07-03 12:00,2025-07-03 12:00,9.094947017729282e-13,1.1368683772161603e-13,0,True,Optimization terminated successfully. (HiGHS Status 7: Optimal),670,1.1368683772161603e-13
2025-07-03,18,0.034137500000724685,7911.8975058682645,108,20,2810,2025-06-13|2025-06-14|2025-06-15|2025-06-16|2025-06-17|2025-06-18|2025-06-19|2025-06-20|2025-06-21|2025-06-22|2025-06-23|2025-06-24|2025-06-25|2025-06-26|2025-06-27|2025-06-28|2025-06-29|2025-06-30|2025-07-01|2025-07-02,2025-07-03 18:00,2025-07-03 18:00,8.299055886951123e-13,1.1368683772161603e-13,0,True,Optimization terminated successfully. (HiGHS Status 7: Optimal),614,1.1368683772161603e-13
2025-07-04,0,0.04356308299975353,1731.6677156358526,144,20,3746,2025-06-14|2025-06-15|2025-06-16|2025-06-17|2025-06-18|2025-06-19|2025-06-20|2025-06-21|2025-06-22|2025-06-23|2025-06-24|2025-06-25|2025-06-26|2025-06-27|2025-06-28|2025-06-29|2025-06-30|2025-07-01|2025-07-02|2025-07-03,2025-07-04 00:00,2025-07-04 00:00,6.821210263296962e-13,5.684341886080801e-13,0,True,Optimization terminated successfully. (HiGHS Status 7: Optimal),618,5.684341886080801e-13
2025-07-04,6,0.033846542000901536,1586.205465785923,108,20,2810,2025-06-14|2025-06-15|2025-06-16|2025-06-17|2025-06-18|2025-06-19|2025-06-20|2025-06-21|2025-06-22|2025-06-23|2025-06-24|2025-06-25|2025-06-26|2025-06-27|2025-06-28|2025-06-29|2025-06-30|2025-07-01|2025-07-02|2025-07-03,2025-07-04 06:00,2025-07-04 06:00,8.810729923425242e-13,1.1368683772161603e-13,0,True,Optimization terminated successfully. (HiGHS Status 7: Optimal),492,0.0
2025-07-04,12,0.03386966700054472,8956.580765920193,108,20,2810,2025-06-14|2025-06-15|2025-06-16|2025-06-17|2025-06-18|2025-06-19|2025-06-20|2025-06-21|2025-06-22|2025-06-23|2025-06-24|2025-06-25|2025-06-26|2025-06-27|2025-06-28|2025-06-29|2025-06-30|2025-07-01|2025-07-02|2025-07-03,2025-07-04 12:00,2025-07-04 12:00,8.242295734817162e-13,2.842170943040401e-14,0,True,Optimization terminated successfully. (HiGHS Status 7: Optimal),569,0.0
2025-07-04,18,0.03126745800000208,8065.020334166326,108,20,2810,2025-06-14|2025-06-15|2025-06-16|2025-06-17|2025-06-18|2025-06-19|2025-06-20|2025-06-21|2025-06-22|2025-06-23|2025-06-24|2025-06-25|2025-06-26|2025-06-27|2025-06-28|2025-06-29|2025-06-30|2025-07-01|2025-07-02|2025-07-03,2025-07-04 18:00,2025-07-04 18:00,9.094947017729282e-13,1.1368683772161603e-13,0,True,Optimization terminated successfully. (HiGHS Status 7: Optimal),521,0.0
2025-07-05,0,0.0402157080006873,1610.5100240732593,144,20,3746,2025-06-15|2025-06-16|2025-06-17|2025-06-18|2025-06-19|2025-06-20|2025-06-21|2025-06-22|2025-06-23|2025-06-24|2025-06-25|2025-06-26|2025-06-27|2025-06-28|2025-06-29|2025-06-30|2025-07-01|2025-07-02|2025-07-03|2025-07-04,2025-07-05 00:00,2025-07-05 00:00,9.094947017729282e-13,2.2737367544323206e-13,0,True,Optimization terminated successfully. (HiGHS Status 7: Optimal),603,1.1368683772161603e-13
2025-07-05,6,0.02878012499968463,1065.7575596913566,108,20,2810,2025-06-15|2025-06-16|2025-06-17|2025-06-18|2025-06-19|2025-06-20|2025-06-21|2025-06-22|2025-06-23|2025-06-24|2025-06-25|2025-06-26|2025-06-27|2025-06-28|2025-06-29|2025-06-30|2025-07-01|2025-07-02|2025-07-03|2025-07-04,2025-07-05 06:00,2025-07-05 06:00,9.094947017729282e-13,2.2737367544323206e-13,0,True,Optimization terminated successfully. (HiGHS Status 7: Optimal),431,0.0
2025-07-05,12,0.03863249999994878,13816.05530111469,108,20,2810,2025-06-15|2025-06-16|2025-06-17|2025-06-18|2025-06-19|2025-06-20|2025-06-21|2025-06-22|2025-06-23|2025-06-24|2025-06-25|2025-06-26|2025-06-27|2025-06-28|2025-06-29|2025-06-30|2025-07-01|2025-07-02|2025-07-03|2025-07-04,2025-07-05 12:00,2025-07-05 12:00,8.810729923425242e-13,5.684341886080802e-14,0,True,Optimization terminated successfully. (HiGHS Status 7: Optimal),570,0.0
2025-07-05,18,0.03757483399931516,18470.784952530208,108,20,2810,2025-06-15|2025-06-16|2025-06-17|2025-06-18|2025-06-19|2025-06-20|2025-06-21|2025-06-22|2025-06-23|2025-06-24|2025-06-25|2025-06-26|2025-06-27|2025-06-28|2025-06-29|2025-06-30|2025-07-01|2025-07-02|2025-07-03|2025-07-04,2025-07-05 18:00,2025-07-05 18:00,9.094947017729282e-13,2.2737367544323206e-13,0,True,Optimization terminated successfully. (HiGHS Status 7: Optimal),628,0.0
2025-07-06,0,0.05090833299982478,3527.632215707929,144,20,3746,2025-06-16|2025-06-17|2025-06-18|2025-06-19|2025-06-20|2025-06-21|2025-06-22|2025-06-23|2025-06-24|2025-06-25|2025-06-26|2025-06-27|2025-06-28|2025-06-29|2025-06-30|2025-07-01|2025-07-02|2025-07-03|2025-07-04|2025-07-05,2025-07-06 00:00,2025-07-06 00:00,9.094947017729282e-13,2.2737367544323206e-13,0,True,Optimization terminated successfully. (HiGHS Status 7: Optimal),728,1.1368683772161603e-13
2025-07-06,6,0.048530583999308874,7883.147552781559,108,20,2810,2025-06-16|2025-06-17|2025-06-18|2025-06-19|2025-06-20|2025-06-21|2025-06-22|2025-06-23|2025-06-24|2025-06-25|2025-06-26|2025-06-27|2025-06-28|2025-06-29|2025-06-30|2025-07-01|2025-07-02|2025-07-03|2025-07-04|2025-07-05,2025-07-06 06:00,2025-07-06 06:00,8.86402062860725e-13,1.1368683772161603e-13,0,True,Optimization terminated successfully. (HiGHS Status 7: Optimal),800,1.1368683772161603e-13
2025-07-06,12,0.04291716700026882,17405.12093714026,108,20,2810,2025-06-16|2025-06-17|2025-06-18|2025-06-19|2025-06-20|2025-06-21|2025-06-22|2025-06-23|2025-06-24|2025-06-25|2025-06-26|2025-06-27|2025-06-28|2025-06-29|2025-06-30|2025-07-01|2025-07-02|2025-07-03|2025-07-04|2025-07-05,2025-07-06 12:00,2025-07-06 12:00,8.526512829121202e-13,2.2737367544323206e-13,0,True,Optimization terminated successfully. (HiGHS Status 7: Optimal),770,1.1368683772161603e-13
2025-07-06,18,0.03783600000133447,17084.49586942157,108,20,2810,2025-06-16|2025-06-17|2025-06-18|2025-06-19|2025-06-20|2025-06-21|2025-06-22|2025-06-23|2025-06-24|2025-06-25|2025-06-26|2025-06-27|2025-06-28|2025-06-29|2025-06-30|2025-07-01|2025-07-02|2025-07-03|2025-07-04|2025-07-05,2025-07-06 18:00,2025-07-06 18:00,9.094947017729282e-13,2.2737367544323206e-13,0,True,Optimization terminated successfully. (HiGHS Status 7: Optimal),657,1.1368683772161603e-13
2025-07-07,0,0.04767899999933434,4191.624598432961,144,20,3746,2025-06-17|2025-06-18|2025-06-19|2025-06-20|2025-06-21|2025-06-22|2025-06-23|2025-06-24|2025-06-25|2025-06-26|2025-06-27|2025-06-28|2025-06-29|2025-06-30|2025-07-01|2025-07-02|2025-07-03|2025-07-04|2025-07-05|2025-07-06,2025-07-07 00:00,2025-07-07 00:00,9.094947017729282e-13,3.410605131648481e-13,0,True,Optimization terminated successfully. (HiGHS Status 7: Optimal),715,1.1368683772161603e-13
2025-07-07,6,0.03255491699928825,-241.2563779744331,108,20,2810,2025-06-17|2025-06-18|2025-06-19|2025-06-20|2025-06-21|2025-06-22|2025-06-23|2025-06-24|2025-06-25|2025-06-26|2025-06-27|2025-06-28|2025-06-29|2025-06-30|2025-07-01|2025-07-02|2025-07-03|2025-07-04|2025-07-05|2025-07-06,2025-07-07 06:00,2025-07-07 06:00,9.094947017729282e-13,2.2737367544323206e-13,0,True,Optimization terminated successfully. (HiGHS Status 7: Optimal),562,1.1368683772161603e-13
2025-07-07,12,0.03677237499869079,15142.858806624026,108,20,2810,2025-06-17|2025-06-18|2025-06-19|2025-06-20|2025-06-21|2025-06-22|2025-06-23|2025-06-24|2025-06-25|2025-06-26|2025-06-27|2025-06-28|2025-06-29|2025-06-30|2025-07-01|2025-07-02|2025-07-03|2025-07-04|2025-07-05|2025-07-06,2025-07-07 12:00,2025-07-07 12:00,8.335554468885675e-13,1.1368683772161603e-13,0,True,Optimization terminated successfully. (HiGHS Status 7: Optimal),692,1.1368683772161603e-13
2025-07-07,18,0.03962104099991848,20455.0896186239,108,20,2810,2025-06-17|2025-06-18|2025-06-19|2025-06-20|2025-06-21|2025-06-22|2025-06-23|2025-06-24|2025-06-25|2025-06-26|2025-06-27|2025-06-28|2025-06-29|2025-06-30|2025-07-01|2025-07-02|2025-07-03|2025-07-04|2025-07-05|2025-07-06,2025-07-07 18:00,2025-07-07 18:00,7.958078640513122e-13,2.2737367544323206e-13,0,True,Optimization terminated successfully. (HiGHS Status 7: Optimal),653,1.1368683772161603e-13
2025-07-08,0,0.051779708001049585,4389.465848521583,144,20,3746,2025-06-18|2025-06-19|2025-06-20|2025-06-21|2025-06-22|2025-06-23|2025-06-24|2025-06-25|2025-06-26|2025-06-27|2025-06-28|2025-06-29|2025-06-30|2025-07-01|2025-07-02|2025-07-03|2025-07-04|2025-07-05|2025-07-06|2025-07-07,2025-07-08 00:00,2025-07-08 00:00,1.0231815394945443e-12,1.8189894035458565e-12,0,True,Optimization terminated successfully. (HiGHS Status 7: Optimal),721,1.8189894035458565e-12
2025-07-08,6,0.03747595799904957,247.38526824575482,108,20,2810,2025-06-18|2025-06-19|2025-06-20|2025-06-21|2025-06-22|2025-06-23|2025-06-24|2025-06-25|2025-06-26|2025-06-27|2025-06-28|2025-06-29|2025-06-30|2025-07-01|2025-07-02|2025-07-03|2025-07-04|2025-07-05|2025-07-06|2025-07-07,2025-07-08 06:00,2025-07-08 06:00,8.526512829121202e-13,1.1368683772161603e-13,0,True,Optimization terminated successfully. (HiGHS Status 7: Optimal),600,1.1368683772161603e-13
2025-07-08,12,0.04254062499967404,15516.995780939746,108,20,2810,2025-06-18|2025-06-19|2025-06-20|2025-06-21|2025-06-22|2025-06-23|2025-06-24|2025-06-25|2025-06-26|2025-06-27|2025-06-28|2025-06-29|2025-06-30|2025-07-01|2025-07-02|2025-07-03|2025-07-04|2025-07-05|2025-07-06|2025-07-07,2025-07-08 12:00,2025-07-08 12:00,8.668621376273222e-13,2.2737367544323206e-13,0,True,Optimization terminated successfully. (HiGHS Status 7: Optimal),726,1.1368683772161603e-13
2025-07-08,18,0.04169433300012315,20426.2738265472,108,20,2810,2025-06-18|2025-06-19|2025-06-20|2025-06-21|2025-06-22|2025-06-23|2025-06-24|2025-06-25|2025-06-26|2025-06-27|2025-06-28|2025-06-29|2025-06-30|2025-07-01|2025-07-02|2025-07-03|2025-07-04|2025-07-05|2025-07-06|2025-07-07,2025-07-08 18:00,2025-07-08 18:00,7.958078640513122e-13,2.2737367544323206e-13,0,True,Optimization terminated successfully. (HiGHS Status 7: Optimal),658,1.1368683772161603e-13
2025-07-09,0,0.05294733299888321,4249.3892902018315,144,20,3746,2025-06-19|2025-06-20|2025-06-21|2025-06-22|2025-06-23|2025-06-24|2025-06-25|2025-06-26|2025-06-27|2025-06-28|2025-06-29|2025-06-30|2025-07-01|2025-07-02|2025-07-03|2025-07-04|2025-07-05|2025-07-06|2025-07-07|2025-07-08,2025-07-09 00:00,2025-07-09 00:00,9.094947017729282e-13,1.1368683772161603e-13,0,True,Optimization terminated successfully. (HiGHS Status 7: Optimal),719,1.1368683772161603e-13
2025-07-09,6,0.03410858300048858,518.8862338029148,108,20,2810,2025-06-19|2025-06-20|2025-06-21|2025-06-22|2025-06-23|2025-06-24|2025-06-25|2025-06-26|2025-06-27|2025-06-28|2025-06-29|2025-06-30|2025-07-01|2025-07-02|2025-07-03|2025-07-04|2025-07-05|2025-07-06|2025-07-07|2025-07-08,2025-07-09 06:00,2025-07-09 06:00,7.958078640513122e-13,1.1368683772161603e-13,0,True,Optimization terminated successfully. (HiGHS Status 7: Optimal),595,0.0
2025-07-09,12,0.039149875001385226,14396.228272500484,108,20,2810,2025-06-19|2025-06-20|2025-06-21|2025-06-22|2025-06-23|2025-06-24|2025-06-25|2025-06-26|2025-06-27|2025-06-28|2025-06-29|2025-06-30|2025-07-01|2025-07-02|2025-07-03|2025-07-04|2025-07-05|2025-07-06|2025-07-07|2025-07-08,2025-07-09 12:00,2025-07-09 12:00,8.881784197001252e-13,0.0,0,True,Optimization terminated successfully. (HiGHS Status 7: Optimal),696,0.0
2025-07-09,18,0.038463332999526756,22605.4744968145,108,20,2810,2025-06-19|2025-06-20|2025-06-21|2025-06-22|2025-06-23|2025-06-24|2025-06-25|2025-06-26|2025-06-27|2025-06-28|2025-06-29|2025-06-30|2025-07-01|2025-07-02|2025-07-03|2025-07-04|2025-07-05|2025-07-06|2025-07-07|2025-07-08,2025-07-09 18:00,2025-07-09 18:00,1.0231815394945443e-12,2.2737367544323206e-13,0,True,Optimization terminated successfully. (HiGHS Status 7: Optimal),682,0.0
2025-07-10,0,0.05187033299989707,3899.388167905149,144,20,3746,2025-06-20|2025-06-21|2025-06-22|2025-06-23|2025-06-24|2025-06-25|2025-06-26|2025-06-27|2025-06-28|2025-06-29|2025-06-30|2025-07-01|2025-07-02|2025-07-03|2025-07-04|2025-07-05|2025-07-06|2025-07-07|2025-07-08|2025-07-09,2025-07-10 00:00,2025-07-10 00:00,9.094947017729282e-13,2.2737367544323206e-13,0,True,Optimization terminated successfully. (HiGHS Status 7: Optimal),706,2.2737367544323206e-13
2025-07-10,6,0.041266541000368306,3031.8905887756796,108,20,2810,2025-06-20|2025-06-21|2025-06-22|2025-06-23|2025-06-24|2025-06-25|2025-06-26|2025-06-27|2025-06-28|2025-06-29|2025-06-30|2025-07-01|2025-07-02|2025-07-03|2025-07-04|2025-07-05|2025-07-06|2025-07-07|2025-07-08|2025-07-09,2025-07-10 06:00,2025-07-10 06:00,8.100187187665142e-13,1.1368683772161603e-13,0,True,Optimization terminated successfully. (HiGHS Status 7: Optimal),715,2.2737367544323206e-13
2025-07-10,12,0.03991395800039754,10136.381978719772,108,20,2810,2025-06-20|2025-06-21|2025-06-22|2025-06-23|2025-06-24|2025-06-25|2025-06-26|2025-06-27|2025-06-28|2025-06-29|2025-06-30|2025-07-01|2025-07-02|2025-07-03|2025-07-04|2025-07-05|2025-07-06|2025-07-07|2025-07-08|2025-07-09,2025-07-10 12:00,2025-07-10 12:00,9.094947017729282e-13,1.1368683772161603e-13,0,True,Optimization terminated successfully. (HiGHS Status 7: Optimal),676,1.1368683772161603e-13
2025-07-10,18,0.03439066700047988,9426.97956830665,108,20,2810,2025-06-20|2025-06-21|2025-06-22|2025-06-23|2025-06-24|2025-06-25|2025-06-26|2025-06-27|2025-06-28|2025-06-29|2025-06-30|2025-07-01|2025-07-02|2025-07-03|2025-07-04|2025-07-05|2025-07-06|2025-07-07|2025-07-08|2025-07-09,2025-07-10 18:00,2025-07-10 18:00,7.958078640513122e-13,1.1368683772161603e-13,0,True,Optimization terminated successfully. (HiGHS Status 7: Optimal),615,1.1368683772161603e-13
2025-07-11,0,0.05519841599925712,1889.2914025493913,144,20,3746,2025-06-21|2025-06-22|2025-06-23|2025-06-24|2025-06-25|2025-06-26|2025-06-27|2025-06-28|2025-06-29|2025-06-30|2025-07-01|2025-07-02|2025-07-03|2025-07-04|2025-07-05|2025-07-06|2025-07-07|2025-07-08|2025-07-09|2025-07-10,2025-07-11 00:00,2025-07-11 00:00,9.094947017729282e-13,3.410605131648481e-13,0,True,Optimization terminated successfully. (HiGHS Status 7: Optimal),714,3.410605131648481e-13
2025-07-11,6,0.02971691599850601,593.9819045595013,108,20,2810,2025-06-21|2025-06-22|2025-06-23|2025-06-24|2025-06-25|2025-06-26|2025-06-27|2025-06-28|2025-06-29|2025-06-30|2025-07-01|2025-07-02|2025-07-03|2025-07-04|2025-07-05|2025-07-06|2025-07-07|2025-07-08|2025-07-09|2025-07-10,2025-07-11 06:00,2025-07-11 06:00,8.810729923425242e-13,1.1368683772161603e-13,0,True,Optimization terminated successfully. (HiGHS Status 7: Optimal),425,0.0
2025-07-11,12,0.03823562499928812,9359.130924317169,108,20,2810,2025-06-21|2025-06-22|2025-06-23|2025-06-24|2025-06-25|2025-06-26|2025-06-27|2025-06-28|2025-06-29|2025-06-30|2025-07-01|2025-07-02|2025-07-03|2025-07-04|2025-07-05|2025-07-06|2025-07-07|2025-07-08|2025-07-09|2025-07-10,2025-07-11 12:00,2025-07-11 12:00,8.810729923425242e-13,1.1368683772161603e-13,0,True,Optimization terminated successfully. (HiGHS Status 7: Optimal),555,0.0
2025-07-11,18,0.03133024999988265,8725.725723025107,108,20,2810,2025-06-21|2025-06-22|2025-06-23|2025-06-24|2025-06-25|2025-06-26|2025-06-27|2025-06-28|2025-06-29|2025-06-30|2025-07-01|2025-07-02|2025-07-03|2025-07-04|2025-07-05|2025-07-06|2025-07-07|2025-07-08|2025-07-09|2025-07-10,2025-07-11 18:00,2025-07-11 18:00,7.958078640513122e-13,2.2737367544323206e-13,0,True,Optimization terminated successfully. (HiGHS Status 7: Optimal),538,0.0
2025-07-12,0,0.04315504199985298,1338.063108452926,144,20,3746,2025-06-22|2025-06-23|2025-06-24|2025-06-25|2025-06-26|2025-06-27|2025-06-28|2025-06-29|2025-06-30|2025-07-01|2025-07-02|2025-07-03|2025-07-04|2025-07-05|2025-07-06|2025-07-07|2025-07-08|2025-07-09|2025-07-10|2025-07-11,2025-07-12 00:00,2025-07-12 00:00,8.526512829121202e-13,2.2737367544323206e-13,0,True,Optimization terminated successfully. (HiGHS Status 7: Optimal),607,1.1368683772161603e-13
2025-07-12,6,0.03447262500048964,1674.708780967509,108,20,2810,2025-06-22|2025-06-23|2025-06-24|2025-06-25|2025-06-26|2025-06-27|2025-06-28|2025-06-29|2025-06-30|2025-07-01|2025-07-02|2025-07-03|2025-07-04|2025-07-05|2025-07-06|2025-07-07|2025-07-08|2025-07-09|2025-07-10|2025-07-11,2025-07-12 06:00,2025-07-12 06:00,8.526512829121202e-13,1.1368683772161603e-13,0,True,Optimization terminated successfully. (HiGHS Status 7: Optimal),525,1.1368683772161603e-13
2025-07-12,12,0.04079883300073561,15635.472528063914,108,20,2810,2025-06-22|2025-06-23|2025-06-24|2025-06-25|2025-06-26|2025-06-27|2025-06-28|2025-06-29|2025-06-30|2025-07-01|2025-07-02|2025-07-03|2025-07-04|2025-07-05|2025-07-06|2025-07-07|2025-07-08|2025-07-09|2025-07-10|2025-07-11,2025-07-12 12:00,2025-07-12 12:00,7.958078640513122e-13,1.1368683772161603e-13,0,True,Optimization terminated successfully. (HiGHS Status 7: Optimal),674,1.1368683772161603e-13
2025-07-12,18,0.04053891600051429,23301.160273809273,108,20,2810,2025-06-22|2025-06-23|2025-06-24|2025-06-25|2025-06-26|2025-06-27|2025-06-28|2025-06-29|2025-06-30|2025-07-01|2025-07-02|2025-07-03|2025-07-04|2025-07-05|2025-07-06|2025-07-07|2025-07-08|2025-07-09|2025-07-10|2025-07-11,2025-07-12 18:00,2025-07-12 18:00,7.958078640513122e-13,1.1368683772161603e-13,0,True,Optimization terminated successfully. (HiGHS Status 7: Optimal),647,1.1368683772161603e-13
2025-07-13,0,0.05010124999898835,3461.7650585240476,144,20,3746,2025-06-23|2025-06-24|2025-06-25|2025-06-26|2025-06-27|2025-06-28|2025-06-29|2025-06-30|2025-07-01|2025-07-02|2025-07-03|2025-07-04|2025-07-05|2025-07-06|2025-07-07|2025-07-08|2025-07-09|2025-07-10|2025-07-11|2025-07-12,2025-07-13 00:00,2025-07-13 00:00,8.810729923425242e-13,5.968558980384842e-13,0,True,Optimization terminated successfully. (HiGHS Status 7: Optimal),719,5.968558980384842e-13
2025-07-13,6,0.03408141700128908,-1616.7824006613891,108,20,2810,2025-06-23|2025-06-24|2025-06-25|2025-06-26|2025-06-27|2025-06-28|2025-06-29|2025-06-30|2025-07-01|2025-07-02|2025-07-03|2025-07-04|2025-07-05|2025-07-06|2025-07-07|2025-07-08|2025-07-09|2025-07-10|2025-07-11|2025-07-12,2025-07-13 06:00,2025-07-13 06:00,9.094947017729282e-13,7.958078640513122e-13,0,True,Optimization terminated successfully. (HiGHS Status 7: Optimal),556,7.958078640513122e-13
2025-07-13,12,0.0379107919998205,12414.732105095216,108,20,2810,2025-06-23|2025-06-24|2025-06-25|2025-06-26|2025-06-27|2025-06-28|2025-06-29|2025-06-30|2025-07-01|2025-07-02|2025-07-03|2025-07-04|2025-07-05|2025-07-06|2025-07-07|2025-07-08|2025-07-09|2025-07-10|2025-07-11|2025-07-12,2025-07-13 12:00,2025-07-13 12:00,9.094947017729282e-13,7.958078640513122e-13,0,True,Optimization terminated successfully. (HiGHS Status 7: Optimal),616,7.958078640513122e-13
2025-07-13,18,0.03952258299977984,27370.968841189202,108,20,2810,2025-06-23|2025-06-24|2025-06-25|2025-06-26|2025-06-27|2025-06-28|2025-06-29|2025-06-30|2025-07-01|2025-07-02|2025-07-03|2025-07-04|2025-07-05|2025-07-06|2025-07-07|2025-07-08|2025-07-09|2025-07-10|2025-07-11|2025-07-12,2025-07-13 18:00,2025-07-13 18:00,9.094947017729282e-13,7.958078640513122e-13,0,True,Optimization terminated successfully. (HiGHS Status 7: Optimal),663,7.958078640513122e-13
2025-07-14,0,0.05001612500018382,3352.223288125793,144,20,3746,2025-06-24|2025-06-25|2025-06-26|2025-06-27|2025-06-28|2025-06-29|2025-06-30|2025-07-01|2025-07-02|2025-07-03|2025-07-04|2025-07-05|2025-07-06|2025-07-07|2025-07-08|2025-07-09|2025-07-10|2025-07-11|2025-07-12|2025-07-13,2025-07-14 00:00,2025-07-14 00:00,8.65085780787922e-13,2.2737367544323206e-13,0,True,Optimization terminated successfully. (HiGHS Status 7: Optimal),719,2.2737367544323206e-13
2025-07-14,6,0.03935112500039395,520.8765845083876,108,20,2810,2025-06-24|2025-06-25|2025-06-26|2025-06-27|2025-06-28|2025-06-29|2025-06-30|2025-07-01|2025-07-02|2025-07-03|2025-07-04|2025-07-05|2025-07-06|2025-07-07|2025-07-08|2025-07-09|2025-07-10|2025-07-11|2025-07-12|2025-07-13,2025-07-14 06:00,2025-07-14 06:00,9.094947017729282e-13,3.410605131648481e-13,0,True,Optimization terminated successfully. (HiGHS Status 7: Optimal),622,2.2737367544323206e-13
2025-07-14,12,0.04133687499961525,17030.621543105517,108,20,2810,2025-06-24|2025-06-25|2025-06-26|2025-06-27|2025-06-28|2025-06-29|2025-06-30|2025-07-01|2025-07-02|2025-07-03|2025-07-04|2025-07-05|2025-07-06|2025-07-07|2025-07-08|2025-07-09|2025-07-10|2025-07-11|2025-07-12|2025-07-13,2025-07-14 12:00,2025-07-14 12:00,8.668621376273222e-13,2.2737367544323206e-13,0,True,Optimization terminated successfully. (HiGHS Status 7: Optimal),730,2.2737367544323206e-13
2025-07-14,18,0.03785141699881933,26362.632425019965,108,20,2810,2025-06-24|2025-06-25|2025-06-26|2025-06-27|2025-06-28|2025-06-29|2025-06-30|2025-07-01|2025-07-02|2025-07-03|2025-07-04|2025-07-05|2025-07-06|2025-07-07|2025-07-08|2025-07-09|2025-07-10|2025-07-11|2025-07-12|2025-07-13,2025-07-14 18:00,2025-07-14 18:00,8.299140454720577e-13,2.2737367544323206e-13,0,True,Optimization terminated successfully. (HiGHS Status 7: Optimal),660,2.2737367544323206e-13
2025-07-15,0,0.049325291998684406,3334.591877702224,144,20,3746,2025-06-25|2025-06-26|2025-06-27|2025-06-28|2025-06-29|2025-06-30|2025-07-01|2025-07-02|2025-07-03|2025-07-04|2025-07-05|2025-07-06|2025-07-07|2025-07-08|2025-07-09|2025-07-10|2025-07-11|2025-07-12|2025-07-13|2025-07-14,2025-07-15 00:00,2025-07-15 00:00,8.526512829121202e-13,3.979039320256561e-13,0,True,Optimization terminated successfully. (HiGHS Status 7: Optimal),702,3.979039320256561e-13
2025-07-15,6,0.03810745800001314,-834.8426056442562,108,20,2810,2025-06-25|2025-06-26|2025-06-27|2025-06-28|2025-06-29|2025-06-30|2025-07-01|2025-07-02|2025-07-03|2025-07-04|2025-07-05|2025-07-06|2025-07-07|2025-07-08|2025-07-09|2025-07-10|2025-07-11|2025-07-12|2025-07-13|2025-07-14,2025-07-15 06:00,2025-07-15 06:00,7.958078640513122e-13,2.2737367544323206e-13,0,True,Optimization terminated successfully. (HiGHS Status 7: Optimal),622,2.2737367544323206e-13
2025-07-15,12,0.03509950000079698,14682.242398157998,108,20,2810,2025-06-25|2025-06-26|2025-06-27|2025-06-28|2025-06-29|2025-06-30|2025-07-01|2025-07-02|2025-07-03|2025-07-04|2025-07-05|2025-07-06|2025-07-07|2025-07-08|2025-07-09|2025-07-10|2025-07-11|2025-07-12|2025-07-13|2025-07-14,2025-07-15 12:00,2025-07-15 12:00,9.094947017729282e-13,2.2737367544323206e-13,0,True,Optimization terminated successfully. (HiGHS Status 7: Optimal),672,2.2737367544323206e-13
2025-07-15,18,0.03650812500018219,21530.585199853514,108,20,2810,2025-06-25|2025-06-26|2025-06-27|2025-06-28|2025-06-29|2025-06-30|2025-07-01|2025-07-02|2025-07-03|2025-07-04|2025-07-05|2025-07-06|2025-07-07|2025-07-08|2025-07-09|2025-07-10|2025-07-11|2025-07-12|2025-07-13|2025-07-14,2025-07-15 18:00,2025-07-15 18:00,7.958078640513122e-13,2.2737367544323206e-13,0,True,Optimization terminated successfully. (HiGHS Status 7: Optimal),664,2.2737367544323206e-13
2025-07-16,0,0.0515015000000858,3111.490494127543,144,20,3746,2025-06-26|2025-06-27|2025-06-28|2025-06-29|2025-06-30|2025-07-01|2025-07-02|2025-07-03|2025-07-04|2025-07-05|2025-07-06|2025-07-07|2025-07-08|2025-07-09|2025-07-10|2025-07-11|2025-07-12|2025-07-13|2025-07-14|2025-07-15,2025-07-16 00:00,2025-07-16 00:00,8.668621376273222e-13,2.2737367544323206e-13,0,True,Optimization terminated successfully. (HiGHS Status 7: Optimal),706,2.2737367544323206e-13
2025-07-16,6,0.03302754200012714,-585.8235580859803,108,20,2810,2025-06-26|2025-06-27|2025-06-28|2025-06-29|2025-06-30|2025-07-01|2025-07-02|2025-07-03|2025-07-04|2025-07-05|2025-07-06|2025-07-07|2025-07-08|2025-07-09|2025-07-10|2025-07-11|2025-07-12|2025-07-13|2025-07-14|2025-07-15,2025-07-16 06:00,2025-07-16 06:00,8.881784197001252e-13,1.1368683772161603e-13,0,True,Optimization terminated successfully. (HiGHS Status 7: Optimal),554,1.1368683772161603e-13
2025-07-16,12,0.03529854100088414,15985.967324357056,108,20,2810,2025-06-26|2025-06-27|2025-06-28|2025-06-29|2025-06-30|2025-07-01|2025-07-02|2025-07-03|2025-07-04|2025-07-05|2025-07-06|2025-07-07|2025-07-08|2025-07-09|2025-07-10|2025-07-11|2025-07-12|2025-07-13|2025-07-14|2025-07-15,2025-07-16 12:00,2025-07-16 12:00,9.663381206337363e-13,2.2737367544323206e-13,0,True,Optimization terminated successfully. (HiGHS Status 7: Optimal),661,1.1368683772161603e-13
2025-07-16,18,0.037005624999437714,25629.68848241105,108,20,2810,2025-06-26|2025-06-27|2025-06-28|2025-06-29|2025-06-30|2025-07-01|2025-07-02|2025-07-03|2025-07-04|2025-07-05|2025-07-06|2025-07-07|2025-07-08|2025-07-09|2025-07-10|2025-07-11|2025-07-12|2025-07-13|2025-07-14|2025-07-15,2025-07-16 18:00,2025-07-16 18:00,7.958078640513122e-13,2.2737367544323206e-13,0,True,Optimization terminated successfully. (HiGHS Status 7: Optimal),694,1.1368683772161603e-13
2025-07-17,0,0.05091079100020579,3130.4572067324925,144,20,3746,2025-06-27|2025-06-28|2025-06-29|2025-06-30|2025-07-01|2025-07-02|2025-07-03|2025-07-04|2025-07-05|2025-07-06|2025-07-07|2025-07-08|2025-07-09|2025-07-10|2025-07-11|2025-07-12|2025-07-13|2025-07-14|2025-07-15|2025-07-16,2025-07-17 00:00,2025-07-17 00:00,7.958078640513122e-13,2.2737367544323206e-13,0,True,Optimization terminated successfully. (HiGHS Status 7: Optimal),709,2.2737367544323206e-13
2025-07-17,6,0.038131750001412,3785.9130398519387,108,20,2810,2025-06-27|2025-06-28|2025-06-29|2025-06-30|2025-07-01|2025-07-02|2025-07-03|2025-07-04|2025-07-05|2025-07-06|2025-07-07|2025-07-08|2025-07-09|2025-07-10|2025-07-11|2025-07-12|2025-07-13|2025-07-14|2025-07-15|2025-07-16,2025-07-17 06:00,2025-07-17 06:00,8.526512829121202e-13,2.2737367544323206e-13,0,True,Optimization terminated successfully. (HiGHS Status 7: Optimal),702,2.2737367544323206e-13
2025-07-17,12,0.0432045420002396,12949.185900911303,108,20,2810,2025-06-27|2025-06-28|2025-06-29|2025-06-30|2025-07-01|2025-07-02|2025-07-03|2025-07-04|2025-07-05|2025-07-06|2025-07-07|2025-07-08|2025-07-09|2025-07-10|2025-07-11|2025-07-12|2025-07-13|2025-07-14|2025-07-15|2025-07-16,2025-07-17 12:00,2025-07-17 12:00,9.094947017729282e-13,2.2737367544323206e-13,0,True,Optimization terminated successfully. (HiGHS Status 7: Optimal),755,2.2737367544323206e-13
2025-07-17,18,0.03715350000129547,11493.164792155014,108,20,2810,2025-06-27|2025-06-28|2025-06-29|2025-06-30|2025-07-01|2025-07-02|2025-07-03|2025-07-04|2025-07-05|2025-07-06|2025-07-07|2025-07-08|2025-07-09|2025-07-10|2025-07-11|2025-07-12|2025-07-13|2025-07-14|2025-07-15|2025-07-16,2025-07-17 18:00,2025-07-17 18:00,8.526512829121202e-13,2.2737367544323206e-13,0,True,Optimization terminated successfully. (HiGHS Status 7: Optimal),632,2.2737367544323206e-13
2025-07-18,0,0.05318583400003263,1831.0602012033148,144,20,3746,2025-06-28|2025-06-29|2025-06-30|2025-07-01|2025-07-02|2025-07-03|2025-07-04|2025-07-05|2025-07-06|2025-07-07|2025-07-08|2025-07-09|2025-07-10|2025-07-11|2025-07-12|2025-07-13|2025-07-14|2025-07-15|2025-07-16|2025-07-17,2025-07-18 00:00,2025-07-18 00:00,8.526512829121202e-13,6.821210263296962e-13,0,True,Optimization terminated successfully. (HiGHS Status 7: Optimal),727,6.252776074688882e-13
2025-07-18,6,0.03289762500025972,348.5176878078234,108,20,2810,2025-06-28|2025-06-29|2025-06-30|2025-07-01|2025-07-02|2025-07-03|2025-07-04|2025-07-05|2025-07-06|2025-07-07|2025-07-08|2025-07-09|2025-07-10|2025-07-11|2025-07-12|2025-07-13|2025-07-14|2025-07-15|2025-07-16|2025-07-17,2025-07-18 06:00,2025-07-18 06:00,9.094947017729282e-13,1.1368683772161603e-13,0,True,Optimization terminated successfully. (HiGHS Status 7: Optimal),537,2.2737367544323206e-13
2025-07-18,12,0.03622579200055043,9711.435219751142,108,20,2810,2025-06-28|2025-06-29|2025-06-30|2025-07-01|2025-07-02|2025-07-03|2025-07-04|2025-07-05|2025-07-06|2025-07-07|2025-07-08|2025-07-09|2025-07-10|2025-07-11|2025-07-12|2025-07-13|2025-07-14|2025-07-15|2025-07-16|2025-07-17,2025-07-18 12:00,2025-07-18 12:00,9.094947017729282e-13,2.2737367544323206e-13,0,True,Optimization terminated successfully. (HiGHS Status 7: Optimal),561,2.2737367544323206e-13
2025-07-18,18,0.032955750000837725,9416.681714600203,108,20,2810,2025-06-28|2025-06-29|2025-06-30|2025-07-01|2025-07-02|2025-07-03|2025-07-04|2025-07-05|2025-07-06|2025-07-07|2025-07-08|2025-07-09|2025-07-10|2025-07-11|2025-07-12|2025-07-13|2025-07-14|2025-07-15|2025-07-16|2025-07-17,2025-07-18 18:00,2025-07-18 18:00,4.547473508864641e-13,1.1368683772161603e-13,0,True,Optimization terminated successfully. (HiGHS Status 7: Optimal),542,0.0
2025-07-19,0,0.05540641600055096,1764.0024655435127,144,20,3746,2025-06-29|2025-06-30|2025-07-01|2025-07-02|2025-07-03|2025-07-04|2025-07-05|2025-07-06|2025-07-07|2025-07-08|2025-07-09|2025-07-10|2025-07-11|2025-07-12|2025-07-13|2025-07-14|2025-07-15|2025-07-16|2025-07-17|2025-07-18,2025-07-19 00:00,2025-07-19 00:00,1.0231815394945443e-12,1.1368683772161603e-13,0,True,Optimization terminated successfully. (HiGHS Status 7: Optimal),702,1.1368683772161603e-13
2025-07-19,6,0.03267608299938729,-195.37681767135206,108,20,2810,2025-06-29|2025-06-30|2025-07-01|2025-07-02|2025-07-03|2025-07-04|2025-07-05|2025-07-06|2025-07-07|2025-07-08|2025-07-09|2025-07-10|2025-07-11|2025-07-12|2025-07-13|2025-07-14|2025-07-15|2025-07-16|2025-07-17|2025-07-18,2025-07-19 06:00,2025-07-19 06:00,1.0231815394945443e-12,1.1368683772161603e-13,0,True,Optimization terminated successfully. (HiGHS Status 7: Optimal),459,1.1368683772161603e-13
2025-07-19,12,0.03616366700043727,15707.998281583525,108,20,2810,2025-06-29|2025-06-30|2025-07-01|2025-07-02|2025-07-03|2025-07-04|2025-07-05|2025-07-06|2025-07-07|2025-07-08|2025-07-09|2025-07-10|2025-07-11|2025-07-12|2025-07-13|2025-07-14|2025-07-15|2025-07-16|2025-07-17|2025-07-18,2025-07-19 12:00,2025-07-19 12:00,7.958078640513122e-13,1.1368683772161603e-13,0,True,Optimization terminated successfully. (HiGHS Status 7: Optimal),635,1.1368683772161603e-13
2025-07-19,18,0.042087040999831515,24463.390141000506,108,20,2810,2025-06-29|2025-06-30|2025-07-01|2025-07-02|2025-07-03|2025-07-04|2025-07-05|2025-07-06|2025-07-07|2025-07-08|2025-07-09|2025-07-10|2025-07-11|2025-07-12|2025-07-13|2025-07-14|2025-07-15|2025-07-16|2025-07-17|2025-07-18,2025-07-19 18:00,2025-07-19 18:00,7.958078640513122e-13,2.2737367544323206e-13,0,True,Optimization terminated successfully. (HiGHS Status 7: Optimal),664,1.1368683772161603e-13
2025-07-20,0,0.0538993339996523,3151.9946521308166,144,20,3746,2025-06-30|2025-07-01|2025-07-02|2025-07-03|2025-07-04|2025-07-05|2025-07-06|2025-07-07|2025-07-08|2025-07-09|2025-07-10|2025-07-11|2025-07-12|2025-07-13|2025-07-14|2025-07-15|2025-07-16|2025-07-17|2025-07-18|2025-07-19,2025-07-20 00:00,2025-07-20 00:00,9.094947017729282e-13,3.126388037344441e-13,0,True,Optimization terminated successfully. (HiGHS Status 7: Optimal),716,3.410605131648481e-13
2025-07-20,6,0.04172275000018999,1465.3180443200401,108,20,2810,2025-06-30|2025-07-01|2025-07-02|2025-07-03|2025-07-04|2025-07-05|2025-07-06|2025-07-07|2025-07-08|2025-07-09|2025-07-10|2025-07-11|2025-07-12|2025-07-13|2025-07-14|2025-07-15|2025-07-16|2025-07-17|2025-07-18|2025-07-19,2025-07-20 06:00,2025-07-20 06:00,9.094947017729282e-13,2.2737367544323206e-13,0,True,Optimization terminated successfully. (HiGHS Status 7: Optimal),681,2.2737367544323206e-13
2025-07-20,12,0.038132458001200575,16048.269003983036,108,20,2810,2025-06-30|2025-07-01|2025-07-02|2025-07-03|2025-07-04|2025-07-05|2025-07-06|2025-07-07|2025-07-08|2025-07-09|2025-07-10|2025-07-11|2025-07-12|2025-07-13|2025-07-14|2025-07-15|2025-07-16|2025-07-17|2025-07-18|2025-07-19,2025-07-20 12:00,2025-07-20 12:00,9.094947017729282e-13,2.2737367544323206e-13,0,True,Optimization terminated successfully. (HiGHS Status 7: Optimal),713,1.1368683772161603e-13
2025-07-20,18,0.04024033300083829,23795.425544380523,108,20,2810,2025-06-30|2025-07-01|2025-07-02|2025-07-03|2025-07-04|2025-07-05|2025-07-06|2025-07-07|2025-07-08|2025-07-09|2025-07-10|2025-07-11|2025-07-12|2025-07-13|2025-07-14|2025-07-15|2025-07-16|2025-07-17|2025-07-18|2025-07-19,2025-07-20 18:00,2025-07-20 18:00,9.094947017729282e-13,2.2737367544323206e-13,0,True,Optimization terminated successfully. (HiGHS Status 7: Optimal),687,1.1368683772161603e-13
2025-07-21,0,0.05121812499965017,3170.1138834862827,144,20,3746,2025-07-01|2025-07-02|2025-07-03|2025-07-04|2025-07-05|2025-07-06|2025-07-07|2025-07-08|2025-07-09|2025-07-10|2025-07-11|2025-07-12|2025-07-13|2025-07-14|2025-07-15|2025-07-16|2025-07-17|2025-07-18|2025-07-19|2025-07-20,2025-07-21 00:00,2025-07-21 00:00,9.094947017729282e-13,2.8421709430404007e-13,0,True,Optimization terminated successfully. (HiGHS Status 7: Optimal),732,2.8421709430404007e-13
2025-07-21,6,0.03781037500084494,-383.8036728363803,108,20,2810,2025-07-01|2025-07-02|2025-07-03|2025-07-04|2025-07-05|2025-07-06|2025-07-07|2025-07-08|2025-07-09|2025-07-10|2025-07-11|2025-07-12|2025-07-13|2025-07-14|2025-07-15|2025-07-16|2025-07-17|2025-07-18|2025-07-19|2025-07-20,2025-07-21 06:00,2025-07-21 06:00,9.094947017729282e-13,1.1368683772161603e-13,0,True,Optimization terminated successfully. (HiGHS Status 7: Optimal),585,2.2737367544323206e-13
2025-07-21,12,0.03978729200025555,16930.676572166743,108,20,2810,2025-07-01|2025-07-02|2025-07-03|2025-07-04|2025-07-05|2025-07-06|2025-07-07|2025-07-08|2025-07-09|2025-07-10|2025-07-11|2025-07-12|2025-07-13|2025-07-14|2025-07-15|2025-07-16|2025-07-17|2025-07-18|2025-07-19|2025-07-20,2025-07-21 12:00,2025-07-21 12:00,9.094947017729282e-13,2.2737367544323206e-13,0,True,Optimization terminated successfully. (HiGHS Status 7: Optimal),684,2.2737367544323206e-13
2025-07-21,18,0.04035733300042921,21138.869960666325,108,20,2810,2025-07-01|2025-07-02|2025-07-03|2025-07-04|2025-07-05|2025-07-06|2025-07-07|2025-07-08|2025-07-09|2025-07-10|2025-07-11|2025-07-12|2025-07-13|2025-07-14|2025-07-15|2025-07-16|2025-07-17|2025-07-18|2025-07-19|2025-07-20,2025-07-21 18:00,2025-07-21 18:00,7.958078640513122e-13,2.2737367544323206e-13,0,True,Optimization terminated successfully. (HiGHS Status 7: Optimal),655,2.2737367544323206e-13
2025-07-22,0,0.0507388340010948,3422.7576536831593,144,20,3746,2025-07-02|2025-07-03|2025-07-04|2025-07-05|2025-07-06|2025-07-07|2025-07-08|2025-07-09|2025-07-10|2025-07-11|2025-07-12|2025-07-13|2025-07-14|2025-07-15|2025-07-16|2025-07-17|2025-07-18|2025-07-19|2025-07-20|2025-07-21,2025-07-22 00:00,2025-07-22 00:00,8.526512829121202e-13,2.8421709430404007e-13,0,True,Optimization terminated successfully. (HiGHS Status 7: Optimal),734,3.410605131648481e-13
2025-07-22,6,0.047029124998516636,10363.836938233042,108,20,2810,2025-07-02|2025-07-03|2025-07-04|2025-07-05|2025-07-06|2025-07-07|2025-07-08|2025-07-09|2025-07-10|2025-07-11|2025-07-12|2025-07-13|2025-07-14|2025-07-15|2025-07-16|2025-07-17|2025-07-18|2025-07-19|2025-07-20|2025-07-21,2025-07-22 06:00,2025-07-22 06:00,9.094947017729282e-13,1.1368683772161603e-13,0,True,Optimization terminated successfully. (HiGHS Status 7: Optimal),845,1.1368683772161603e-13
2025-07-22,12,0.03600000000005821,16960.603166099503,108,20,2810,2025-07-02|2025-07-03|2025-07-04|2025-07-05|2025-07-06|2025-07-07|2025-07-08|2025-07-09|2025-07-10|2025-07-11|2025-07-12|2025-07-13|2025-07-14|2025-07-15|2025-07-16|2025-07-17|2025-07-18|2025-07-19|2025-07-20|2025-07-21,2025-07-22 12:00,2025-07-22 12:00,9.663381206337363e-13,3.410605131648481e-13,0,True,Optimization terminated successfully. (HiGHS Status 7: Optimal),651,1.1368683772161603e-13
2025-07-22,18,0.035748083999351365,22011.260739583857,108,20,2810,2025-07-02|2025-07-03|2025-07-04|2025-07-05|2025-07-06|2025-07-07|2025-07-08|2025-07-09|2025-07-10|2025-07-11|2025-07-12|2025-07-13|2025-07-14|2025-07-15|2025-07-16|2025-07-17|2025-07-18|2025-07-19|2025-07-20|2025-07-21,2025-07-22 18:00,2025-07-22 18:00,7.958078640513122e-13,2.2737367544323206e-13,0,True,Optimization terminated successfully. (HiGHS Status 7: Optimal),656,1.1368683772161603e-13
2025-07-23,0,0.05175891699946078,3770.676081146019,144,20,3746,2025-07-03|2025-07-04|2025-07-05|2025-07-06|2025-07-07|2025-07-08|2025-07-09|2025-07-10|2025-07-11|2025-07-12|2025-07-13|2025-07-14|2025-07-15|2025-07-16|2025-07-17|2025-07-18|2025-07-19|2025-07-20|2025-07-21|2025-07-22,2025-07-23 00:00,2025-07-23 00:00,7.958078640513122e-13,2.2737367544323206e-13,0,True,Optimization terminated successfully. (HiGHS Status 7: Optimal),713,2.2737367544323206e-13
2025-07-23,6,0.03611925000041083,-2492.0221780864817,108,20,2810,2025-07-03|2025-07-04|2025-07-05|2025-07-06|2025-07-07|2025-07-08|2025-07-09|2025-07-10|2025-07-11|2025-07-12|2025-07-13|2025-07-14|2025-07-15|2025-07-16|2025-07-17|2025-07-18|2025-07-19|2025-07-20|2025-07-21|2025-07-22,2025-07-23 06:00,2025-07-23 06:00,8.526512829121202e-13,1.1368683772161603e-13,0,True,Optimization terminated successfully. (HiGHS Status 7: Optimal),593,1.1368683772161603e-13
2025-07-23,12,0.03950049999912153,14803.43800733897,108,20,2810,2025-07-03|2025-07-04|2025-07-05|2025-07-06|2025-07-07|2025-07-08|2025-07-09|2025-07-10|2025-07-11|2025-07-12|2025-07-13|2025-07-14|2025-07-15|2025-07-16|2025-07-17|2025-07-18|2025-07-19|2025-07-20|2025-07-21|2025-07-22,2025-07-23 12:00,2025-07-23 12:00,7.958078640513122e-13,1.1368683772161603e-13,0,True,Optimization terminated successfully. (HiGHS Status 7: Optimal),665,1.1368683772161603e-13
2025-07-23,18,0.04029241600073874,24444.191647842574,108,20,2810,2025-07-03|2025-07-04|2025-07-05|2025-07-06|2025-07-07|2025-07-08|2025-07-09|2025-07-10|2025-07-11|2025-07-12|2025-07-13|2025-07-14|2025-07-15|2025-07-16|2025-07-17|2025-07-18|2025-07-19|2025-07-20|2025-07-21|2025-07-22,2025-07-23 18:00,2025-07-23 18:00,7.958078640513122e-13,2.2737367544323206e-13,0,True,Optimization terminated successfully. (HiGHS Status 7: Optimal),645,1.1368683772161603e-13
2025-07-24,0,0.04821779100166168,3620.5449718893824,144,20,3746,2025-07-04|2025-07-05|2025-07-06|2025-07-07|2025-07-08|2025-07-09|2025-07-10|2025-07-11|2025-07-12|2025-07-13|2025-07-14|2025-07-15|2025-07-16|2025-07-17|2025-07-18|2025-07-19|2025-07-20|2025-07-21|2025-07-22|2025-07-23,2025-07-24 00:00,2025-07-24 00:00,7.958078640513122e-13,2.2737367544323206e-13,0,True,Optimization terminated successfully. (HiGHS Status 7: Optimal),722,1.1368683772161603e-13
2025-07-24,6,0.03265958300107741,-1068.5948949220349,108,20,2810,2025-07-04|2025-07-05|2025-07-06|2025-07-07|2025-07-08|2025-07-09|2025-07-10|2025-07-11|2025-07-12|2025-07-13|2025-07-14|2025-07-15|2025-07-16|2025-07-17|2025-07-18|2025-07-19|2025-07-20|2025-07-21|2025-07-22|2025-07-23,2025-07-24 06:00,2025-07-24 06:00,9.094947017729282e-13,1.1368683772161603e-13,0,True,Optimization terminated successfully. (HiGHS Status 7: Optimal),580,2.5263741715914674e-13
2025-07-24,12,0.0372825840004225,9380.566591203193,108,20,2810,2025-07-04|2025-07-05|2025-07-06|2025-07-07|2025-07-08|2025-07-09|2025-07-10|2025-07-11|2025-07-12|2025-07-13|2025-07-14|2025-07-15|2025-07-16|2025-07-17|2025-07-18|2025-07-19|2025-07-20|2025-07-21|2025-07-22|2025-07-23,2025-07-24 12:00,2025-07-24 12:00,9.094947017729282e-13,2.2737367544323206e-13,0,True,Optimization terminated successfully. (HiGHS Status 7: Optimal),628,1.1368683772161603e-13
2025-07-24,18,0.0333135000000766,9437.683049865278,108,20,2810,2025-07-04|2025-07-05|2025-07-06|2025-07-07|2025-07-08|2025-07-09|2025-07-10|2025-07-11|2025-07-12|2025-07-13|2025-07-14|2025-07-15|2025-07-16|2025-07-17|2025-07-18|2025-07-19|2025-07-20|2025-07-21|2025-07-22|2025-07-23,2025-07-24 18:00,2025-07-24 18:00,7.958078640513122e-13,1.1368683772161603e-13,0,True,Optimization terminated successfully. (HiGHS Status 7: Optimal),547,1.1368683772161603e-13
2025-07-25,0,0.05008400000042457,1474.7858080777305,144,20,3746,2025-07-05|2025-07-06|2025-07-07|2025-07-08|2025-07-09|2025-07-10|2025-07-11|2025-07-12|2025-07-13|2025-07-14|2025-07-15|2025-07-16|2025-07-17|2025-07-18|2025-07-19|2025-07-20|2025-07-21|2025-07-22|2025-07-23|2025-07-24,2025-07-25 00:00,2025-07-25 00:00,9.094947017729282e-13,1.1368683772161603e-13,0,True,Optimization terminated successfully. (HiGHS Status 7: Optimal),632,1.1368683772161603e-13
2025-07-25,6,0.03785549999884097,1355.3051717703806,108,20,2810,2025-07-05|2025-07-06|2025-07-07|2025-07-08|2025-07-09|2025-07-10|2025-07-11|2025-07-12|2025-07-13|2025-07-14|2025-07-15|2025-07-16|2025-07-17|2025-07-18|2025-07-19|2025-07-20|2025-07-21|2025-07-22|2025-07-23|2025-07-24,2025-07-25 06:00,2025-07-25 06:00,9.094947017729282e-13,1.1368683772161603e-13,0,True,Optimization terminated successfully. (HiGHS Status 7: Optimal),574,1.1368683772161603e-13
2025-07-25,12,0.0381502090003778,10780.306522140854,108,20,2810,2025-07-05|2025-07-06|2025-07-07|2025-07-08|2025-07-09|2025-07-10|2025-07-11|2025-07-12|2025-07-13|2025-07-14|2025-07-15|2025-07-16|2025-07-17|2025-07-18|2025-07-19|2025-07-20|2025-07-21|2025-07-22|2025-07-23|2025-07-24,2025-07-25 12:00,2025-07-25 12:00,9.094947017729282e-13,1.1368683772161603e-13,0,True,Optimization terminated successfully. (HiGHS Status 7: Optimal),566,1.1368683772161603e-13
2025-07-25,18,0.03422616699936043,9427.013268261604,108,20,2810,2025-07-05|2025-07-06|2025-07-07|2025-07-08|2025-07-09|2025-07-10|2025-07-11|2025-07-12|2025-07-13|2025-07-14|2025-07-15|2025-07-16|2025-07-17|2025-07-18|2025-07-19|2025-07-20|2025-07-21|2025-07-22|2025-07-23|2025-07-24,2025-07-25 18:00,2025-07-25 18:00,9.094947017729282e-13,1.1368683772161603e-13,0,True,Optimization terminated successfully. (HiGHS Status 7: Optimal),575,1.1368683772161603e-13
2025-07-26,0,0.05774370899962378,1838.7800328893932,144,20,3746,2025-07-06|2025-07-07|2025-07-08|2025-07-09|2025-07-10|2025-07-11|2025-07-12|2025-07-13|2025-07-14|2025-07-15|2025-07-16|2025-07-17|2025-07-18|2025-07-19|2025-07-20|2025-07-21|2025-07-22|2025-07-23|2025-07-24|2025-07-25,2025-07-26 00:00,2025-07-26 00:00,9.094947017729282e-13,1.1368683772161603e-13,0,True,Optimization terminated successfully. (HiGHS Status 7: Optimal),697,2.2737367544323206e-13
2025-07-26,6,0.03548070800025016,1161.3438350807924,108,20,2810,2025-07-06|2025-07-07|2025-07-08|2025-07-09|2025-07-10|2025-07-11|2025-07-12|2025-07-13|2025-07-14|2025-07-15|2025-07-16|2025-07-17|2025-07-18|2025-07-19|2025-07-20|2025-07-21|2025-07-22|2025-07-23|2025-07-24|2025-07-25,2025-07-26 06:00,2025-07-26 06:00,9.094947017729282e-13,1.1368683772161603e-13,0,True,Optimization terminated successfully. (HiGHS Status 7: Optimal),526,2.2737367544323206e-13
2025-07-26,12,0.03251408299911418,16023.136876883278,108,20,2810,2025-07-06|2025-07-07|2025-07-08|2025-07-09|2025-07-10|2025-07-11|2025-07-12|2025-07-13|2025-07-14|2025-07-15|2025-07-16|2025-07-17|2025-07-18|2025-07-19|2025-07-20|2025-07-21|2025-07-22|2025-07-23|2025-07-24|2025-07-25,2025-07-26 12:00,2025-07-26 12:00,8.526512829121202e-13,1.1368683772161603e-13,0,True,Optimization terminated successfully. (HiGHS Status 7: Optimal),604,2.2737367544323206e-13
2025-07-26,18,0.03888029199879384,20920.51091918187,108,20,2810,2025-07-06|2025-07-07|2025-07-08|2025-07-09|2025-07-10|2025-07-11|2025-07-12|2025-07-13|2025-07-14|2025-07-15|2025-07-16|2025-07-17|2025-07-18|2025-07-19|2025-07-20|2025-07-21|2025-07-22|2025-07-23|2025-07-24|2025-07-25,2025-07-26 18:00,2025-07-26 18:00,1.0231815394945443e-12,2.2737367544323206e-13,0,True,Optimization terminated successfully. (HiGHS Status 7: Optimal),638,2.2737367544323206e-13
2025-07-27,0,0.05249208299937891,3264.3363510990484,144,20,3746,2025-07-07|2025-07-08|2025-07-09|2025-07-10|2025-07-11|2025-07-12|2025-07-13|2025-07-14|2025-07-15|2025-07-16|2025-07-17|2025-07-18|2025-07-19|2025-07-20|2025-07-21|2025-07-22|2025-07-23|2025-07-24|2025-07-25|2025-07-26,2025-07-27 00:00,2025-07-27 00:00,8.668621376273222e-13,7.815970093361102e-13,0,True,Optimization terminated successfully. (HiGHS Status 7: Optimal),729,7.815970093361102e-13
2025-07-27,6,0.043848874998730025,3350.768347077279,108,20,2810,2025-07-07|2025-07-08|2025-07-09|2025-07-10|2025-07-11|2025-07-12|2025-07-13|2025-07-14|2025-07-15|2025-07-16|2025-07-17|2025-07-18|2025-07-19|2025-07-20|2025-07-21|2025-07-22|2025-07-23|2025-07-24|2025-07-25|2025-07-26,2025-07-27 06:00,2025-07-27 06:00,9.094947017729282e-13,2.2737367544323206e-13,0,True,Optimization terminated successfully. (HiGHS Status 7: Optimal),707,2.2737367544323206e-13
2025-07-27,12,0.04208295799980988,18361.064046223706,108,20,2810,2025-07-07|2025-07-08|2025-07-09|2025-07-10|2025-07-11|2025-07-12|2025-07-13|2025-07-14|2025-07-15|2025-07-16|2025-07-17|2025-07-18|2025-07-19|2025-07-20|2025-07-21|2025-07-22|2025-07-23|2025-07-24|2025-07-25|2025-07-26,2025-07-27 12:00,2025-07-27 12:00,9.094947017729282e-13,2.2737367544323206e-13,0,True,Optimization terminated successfully. (HiGHS Status 7: Optimal),747,2.2737367544323206e-13
2025-07-27,18,0.037786791999678826,23789.334733379008,108,20,2810,2025-07-07|2025-07-08|2025-07-09|2025-07-10|2025-07-11|2025-07-12|2025-07-13|2025-07-14|2025-07-15|2025-07-16|2025-07-17|2025-07-18|2025-07-19|2025-07-20|2025-07-21|2025-07-22|2025-07-23|2025-07-24|2025-07-25|2025-07-26,2025-07-27 18:00,2025-07-27 18:00,7.958078640513122e-13,2.2737367544323206e-13,0,True,Optimization terminated successfully. (HiGHS Status 7: Optimal),664,2.2737367544323206e-13
2025-07-28,0,0.049542916000064,3190.29136860868,144,20,3746,2025-07-08|2025-07-09|2025-07-10|2025-07-11|2025-07-12|2025-07-13|2025-07-14|2025-07-15|2025-07-16|2025-07-17|2025-07-18|2025-07-19|2025-07-20|2025-07-21|2025-07-22|2025-07-23|2025-07-24|2025-07-25|2025-07-26|2025-07-27,2025-07-28 00:00,2025-07-28 00:00,9.094947017729282e-13,2.2737367544323206e-13,0,True,Optimization terminated successfully. (HiGHS Status 7: Optimal),726,2.2737367544323206e-13
2025-07-28,6,0.046183999998902436,4262.233160295007,108,20,2810,2025-07-08|2025-07-09|2025-07-10|2025-07-11|2025-07-12|2025-07-13|2025-07-14|2025-07-15|2025-07-16|2025-07-17|2025-07-18|2025-07-19|2025-07-20|2025-07-21|2025-07-22|2025-07-23|2025-07-24|2025-07-25|2025-07-26|2025-07-27,2025-07-28 06:00,2025-07-28 06:00,8.100187187665142e-13,2.2737367544323206e-13,0,True,Optimization terminated successfully. (HiGHS Status 7: Optimal),794,2.2737367544323206e-13
2025-07-28,12,0.03799241700107814,17179.755272359427,108,20,2810,2025-07-08|2025-07-09|2025-07-10|2025-07-11|2025-07-12|2025-07-13|2025-07-14|2025-07-15|2025-07-16|2025-07-17|2025-07-18|2025-07-19|2025-07-20|2025-07-21|2025-07-22|2025-07-23|2025-07-24|2025-07-25|2025-07-26|2025-07-27,2025-07-28 12:00,2025-07-28 12:00,9.094947017729282e-13,2.2737367544323206e-13,0,True,Optimization terminated successfully. (HiGHS Status 7: Optimal),722,2.2737367544323206e-13
2025-07-28,18,0.04386783299923991,32097.83894385638,108,20,2810,2025-07-08|2025-07-09|2025-07-10|2025-07-11|2025-07-12|2025-07-13|2025-07-14|2025-07-15|2025-07-16|2025-07-17|2025-07-18|2025-07-19|2025-07-20|2025-07-21|2025-07-22|2025-07-23|2025-07-24|2025-07-25|2025-07-26|2025-07-27,2025-07-28 18:00,2025-07-28 18:00,7.958078640513122e-13,2.2737367544323206e-13,0,True,Optimization terminated successfully. (HiGHS Status 7: Optimal),670,2.2737367544323206e-13
2025-07-29,0,0.06511383300130547,3148.8350643615127,144,20,3746,2025-07-09|2025-07-10|2025-07-11|2025-07-12|2025-07-13|2025-07-14|2025-07-15|2025-07-16|2025-07-17|2025-07-18|2025-07-19|2025-07-20|2025-07-21|2025-07-22|2025-07-23|2025-07-24|2025-07-25|2025-07-26|2025-07-27|2025-07-28,2025-07-29 00:00,2025-07-29 00:00,9.094947017729282e-13,4.547473508864641e-13,0,True,Optimization terminated successfully. (HiGHS Status 7: Optimal),729,2.2737367544323206e-13
2025-07-29,6,0.058653999998568906,7017.171145012147,108,20,2810,2025-07-09|2025-07-10|2025-07-11|2025-07-12|2025-07-13|2025-07-14|2025-07-15|2025-07-16|2025-07-17|2025-07-18|2025-07-19|2025-07-20|2025-07-21|2025-07-22|2025-07-23|2025-07-24|2025-07-25|2025-07-26|2025-07-27|2025-07-28,2025-07-29 06:00,2025-07-29 06:00,8.526512829121202e-13,2.2737367544323206e-13,0,True,Optimization terminated successfully. (HiGHS Status 7: Optimal),794,2.2737367544323206e-13
2025-07-29,12,0.052190250000421656,18618.89844928261,108,20,2810,2025-07-09|2025-07-10|2025-07-11|2025-07-12|2025-07-13|2025-07-14|2025-07-15|2025-07-16|2025-07-17|2025-07-18|2025-07-19|2025-07-20|2025-07-21|2025-07-22|2025-07-23|2025-07-24|2025-07-25|2025-07-26|2025-07-27|2025-07-28,2025-07-29 12:00,2025-07-29 12:00,8.526512829121202e-13,2.2737367544323206e-13,0,True,Optimization terminated successfully. (HiGHS Status 7: Optimal),776,2.2737367544323206e-13
2025-07-29,18,0.038851582999996026,22938.066192782233,108,20,2810,2025-07-09|2025-07-10|2025-07-11|2025-07-12|2025-07-13|2025-07-14|2025-07-15|2025-07-16|2025-07-17|2025-07-18|2025-07-19|2025-07-20|2025-07-21|2025-07-22|2025-07-23|2025-07-24|2025-07-25|2025-07-26|2025-07-27|2025-07-28,2025-07-29 18:00,2025-07-29 18:00,7.958078640513122e-13,2.2737367544323206e-13,0,True,Optimization terminated successfully. (HiGHS Status 7: Optimal),651,2.2737367544323206e-13
2025-07-30,0,0.05239275000167254,2852.632831819083,144,20,3746,2025-07-10|2025-07-11|2025-07-12|2025-07-13|2025-07-14|2025-07-15|2025-07-16|2025-07-17|2025-07-18|2025-07-19|2025-07-20|2025-07-21|2025-07-22|2025-07-23|2025-07-24|2025-07-25|2025-07-26|2025-07-27|2025-07-28|2025-07-29,2025-07-30 00:00,2025-07-30 00:00,8.526512829121202e-13,2.7000623958883807e-13,0,True,Optimization terminated successfully. (HiGHS Status 7: Optimal),695,2.7711166694643907e-13
2025-07-30,6,0.04706237499885901,10644.117362608185,108,20,2810,2025-07-10|2025-07-11|2025-07-12|2025-07-13|2025-07-14|2025-07-15|2025-07-16|2025-07-17|2025-07-18|2025-07-19|2025-07-20|2025-07-21|2025-07-22|2025-07-23|2025-07-24|2025-07-25|2025-07-26|2025-07-27|2025-07-28|2025-07-29,2025-07-30 06:00,2025-07-30 06:00,8.526512829121202e-13,2.2737367544323206e-13,0,True,Optimization terminated successfully. (HiGHS Status 7: Optimal),855,1.1368683772161603e-13
2025-07-30,12,0.04457979200014961,21575.515305726916,108,20,2810,2025-07-10|2025-07-11|2025-07-12|2025-07-13|2025-07-14|2025-07-15|2025-07-16|2025-07-17|2025-07-18|2025-07-19|2025-07-20|2025-07-21|2025-07-22|2025-07-23|2025-07-24|2025-07-25|2025-07-26|2025-07-27|2025-07-28|2025-07-29,2025-07-30 12:00,2025-07-30 12:00,8.189005029635155e-13,2.2737367544323206e-13,0,True,Optimization terminated successfully. (HiGHS Status 7: Optimal),787,1.1368683772161603e-13
2025-07-30,18,0.03931525000007241,26897.125496037435,108,20,2810,2025-07-10|2025-07-11|2025-07-12|2025-07-13|2025-07-14|2025-07-15|2025-07-16|2025-07-17|2025-07-18|2025-07-19|2025-07-20|2025-07-21|2025-07-22|2025-07-23|2025-07-24|2025-07-25|2025-07-26|2025-07-27|2025-07-28|2025-07-29,2025-07-30 18:00,2025-07-30 18:00,8.08242361927114e-13,2.2737367544323206e-13,0,True,Optimization terminated successfully. (HiGHS Status 7: Optimal),663,1.1368683772161603e-13
2025-07-31,0,0.051629083000079845,3092.0920140725975,144,20,3746,2025-07-11|2025-07-12|2025-07-13|2025-07-14|2025-07-15|2025-07-16|2025-07-17|2025-07-18|2025-07-19|2025-07-20|2025-07-21|2025-07-22|2025-07-23|2025-07-24|2025-07-25|2025-07-26|2025-07-27|2025-07-28|2025-07-29|2025-07-30,2025-07-31 00:00,2025-07-31 00:00,1.0231815394945443e-12,3.410605131648481e-13,0,True,Optimization terminated successfully. (HiGHS Status 7: Optimal),707,3.410605131648481e-13
2025-07-31,6,0.04691137499867182,4516.441390649804,108,20,2810,2025-07-11|2025-07-12|2025-07-13|2025-07-14|2025-07-15|2025-07-16|2025-07-17|2025-07-18|2025-07-19|2025-07-20|2025-07-21|2025-07-22|2025-07-23|2025-07-24|2025-07-25|2025-07-26|2025-07-27|2025-07-28|2025-07-29|2025-07-30,2025-07-31 06:00,2025-07-31 06:00,8.881784197001252e-13,2.2737367544323206e-13,0,True,Optimization terminated successfully. (HiGHS Status 7: Optimal),816,1.1368683772161603e-13
2025-07-31,12,0.04712083300000813,13065.591730058735,108,20,2810,2025-07-11|2025-07-12|2025-07-13|2025-07-14|2025-07-15|2025-07-16|2025-07-17|2025-07-18|2025-07-19|2025-07-20|2025-07-21|2025-07-22|2025-07-23|2025-07-24|2025-07-25|2025-07-26|2025-07-27|2025-07-28|2025-07-29|2025-07-30,2025-07-31 12:00,2025-07-31 12:00,8.633094239485217e-13,2.2737367544323206e-13,0,True,Optimization terminated successfully. (HiGHS Status 7: Optimal),768,1.1368683772161603e-13
2025-07-31,18,0.032659166001394624,9179.681711433135,108,20,2810,2025-07-11|2025-07-12|2025-07-13|2025-07-14|2025-07-15|2025-07-16|2025-07-17|2025-07-18|2025-07-19|2025-07-20|2025-07-21|2025-07-22|2025-07-23|2025-07-24|2025-07-25|2025-07-26|2025-07-27|2025-07-28|2025-07-29|2025-07-30,2025-07-31 18:00,2025-07-31 18:00,7.958078640513122e-13,1.1368683772161603e-13,0,True,Optimization terminated successfully. (HiGHS Status 7: Optimal),558,1.1368683772161603e-13
2025-08-01,0,0.04570975000024191,1410.3396347955154,144,20,3746,2025-07-12|2025-07-13|2025-07-14|2025-07-15|2025-07-16|2025-07-17|2025-07-18|2025-07-19|2025-07-20|2025-07-21|2025-07-22|2025-07-23|2025-07-24|2025-07-25|2025-07-26|2025-07-27|2025-07-28|2025-07-29|2025-07-30|2025-07-31,2025-08-01 00:00,2025-08-01 00:00,9.094947017729282e-13,2.2737367544323206e-13,0,True,Optimization terminated successfully. (HiGHS Status 7: Optimal),646,2.2737367544323206e-13
2025-08-01,6,0.0297094580000703,610.9515601408478,108,20,2810,2025-07-12|2025-07-13|2025-07-14|2025-07-15|2025-07-16|2025-07-17|2025-07-18|2025-07-19|2025-07-20|2025-07-21|2025-07-22|2025-07-23|2025-07-24|2025-07-25|2025-07-26|2025-07-27|2025-07-28|2025-07-29|2025-07-30|2025-07-31,2025-08-01 06:00,2025-08-01 06:00,9.094947017729282e-13,2.2737367544323206e-13,0,True,Optimization terminated successfully. (HiGHS Status 7: Optimal),462,2.2737367544323206e-13
2025-08-01,12,0.03633499999887135,10274.662395155081,108,20,2810,2025-07-12|2025-07-13|2025-07-14|2025-07-15|2025-07-16|2025-07-17|2025-07-18|2025-07-19|2025-07-20|2025-07-21|2025-07-22|2025-07-23|2025-07-24|2025-07-25|2025-07-26|2025-07-27|2025-07-28|2025-07-29|2025-07-30|2025-07-31,2025-08-01 12:00,2025-08-01 12:00,9.094947017729282e-13,2.2737367544323206e-13,0,True,Optimization terminated successfully. (HiGHS Status 7: Optimal),580,2.2737367544323206e-13
2025-08-01,18,0.03040658299869392,9101.838352298017,108,20,2810,2025-07-12|2025-07-13|2025-07-14|2025-07-15|2025-07-16|2025-07-17|2025-07-18|2025-07-19|2025-07-20|2025-07-21|2025-07-22|2025-07-23|2025-07-24|2025-07-25|2025-07-26|2025-07-27|2025-07-28|2025-07-29|2025-07-30|2025-07-31,2025-08-01 18:00,2025-08-01 18:00,9.094947017729282e-13,2.2737367544323206e-13,0,True,Optimization terminated successfully. (HiGHS Status 7: Optimal),523,2.2737367544323206e-13
2025-08-02,0,0.056085915999574354,1936.540112974863,144,20,3746,2025-07-13|2025-07-14|2025-07-15|2025-07-16|2025-07-17|2025-07-18|2025-07-19|2025-07-20|2025-07-21|2025-07-22|2025-07-23|2025-07-24|2025-07-25|2025-07-26|2025-07-27|2025-07-28|2025-07-29|2025-07-30|2025-07-31|2025-08-01,2025-08-02 00:00,2025-08-02 00:00,7.389644451905042e-13,7.958078640513122e-13,0,True,Optimization terminated successfully. (HiGHS Status 7: Optimal),710,7.389644451905042e-13
2025-08-02,6,0.03060183299930941,388.1129065807541,108,20,2810,2025-07-13|2025-07-14|2025-07-15|2025-07-16|2025-07-17|2025-07-18|2025-07-19|2025-07-20|2025-07-21|2025-07-22|2025-07-23|2025-07-24|2025-07-25|2025-07-26|2025-07-27|2025-07-28|2025-07-29|2025-07-30|2025-07-31|2025-08-01,2025-08-02 06:00,2025-08-02 06:00,9.094947017729282e-13,8.881784197001252e-16,0,True,Optimization terminated successfully. (HiGHS Status 7: Optimal),459,0.0
2025-08-02,12,0.03310066700032621,15517.210502265805,108,20,2810,2025-07-13|2025-07-14|2025-07-15|2025-07-16|2025-07-17|2025-07-18|2025-07-19|2025-07-20|2025-07-21|2025-07-22|2025-07-23|2025-07-24|2025-07-25|2025-07-26|2025-07-27|2025-07-28|2025-07-29|2025-07-30|2025-07-31|2025-08-01,2025-08-02 12:00,2025-08-02 12:00,7.389644451905042e-13,2.2737367544323206e-13,0,True,Optimization terminated successfully. (HiGHS Status 7: Optimal),577,0.0
2025-08-02,18,0.036215542000718415,20509.314109798164,108,20,2810,2025-07-13|2025-07-14|2025-07-15|2025-07-16|2025-07-17|2025-07-18|2025-07-19|2025-07-20|2025-07-21|2025-07-22|2025-07-23|2025-07-24|2025-07-25|2025-07-26|2025-07-27|2025-07-28|2025-07-29|2025-07-30|2025-07-31|2025-08-01,2025-08-02 18:00,2025-08-02 18:00,7.958078640513122e-13,2.2737367544323206e-13,0,True,Optimization terminated successfully. (HiGHS Status 7: Optimal),636,0.0
2025-08-03,0,0.05588075000014214,2752.458368374597,144,20,3746,2025-07-14|2025-07-15|2025-07-16|2025-07-17|2025-07-18|2025-07-19|2025-07-20|2025-07-21|2025-07-22|2025-07-23|2025-07-24|2025-07-25|2025-07-26|2025-07-27|2025-07-28|2025-07-29|2025-07-30|2025-07-31|2025-08-01|2025-08-02,2025-08-03 00:00,2025-08-03 00:00,8.810729923425242e-13,2.2737367544323206e-13,0,True,Optimization terminated successfully. (HiGHS Status 7: Optimal),700,2.2737367544323206e-13
2025-08-03,6,0.04044966699984798,4416.237691063248,108,20,2810,2025-07-14|2025-07-15|2025-07-16|2025-07-17|2025-07-18|2025-07-19|2025-07-20|2025-07-21|2025-07-22|2025-07-23|2025-07-24|2025-07-25|2025-07-26|2025-07-27|2025-07-28|2025-07-29|2025-07-30|2025-07-31|2025-08-01|2025-08-02,2025-08-03 06:00,2025-08-03 06:00,8.752998326144734e-13,1.1368683772161603e-13,0,True,Optimization terminated successfully. (HiGHS Status 7: Optimal),721,1.1368683772161603e-13
2025-08-03,12,0.03687924999940151,15570.625548503229,108,20,2810,2025-07-14|2025-07-15|2025-07-16|2025-07-17|2025-07-18|2025-07-19|2025-07-20|2025-07-21|2025-07-22|2025-07-23|2025-07-24|2025-07-25|2025-07-26|2025-07-27|2025-07-28|2025-07-29|2025-07-30|2025-07-31|2025-08-01|2025-08-02,2025-08-03 12:00,2025-08-03 12:00,9.094947017729282e-13,1.1368683772161603e-13,0,True,Optimization terminated successfully. (HiGHS Status 7: Optimal),626,1.1368683772161603e-13
2025-08-03,18,0.03799562500171305,21392.41239135444,108,20,2810,2025-07-14|2025-07-15|2025-07-16|2025-07-17|2025-07-18|2025-07-19|2025-07-20|2025-07-21|2025-07-22|2025-07-23|2025-07-24|2025-07-25|2025-07-26|2025-07-27|2025-07-28|2025-07-29|2025-07-30|2025-07-31|2025-08-01|2025-08-02,2025-08-03 18:00,2025-08-03 18:00,7.958078640513122e-13,2.2737367544323206e-13,0,True,Optimization terminated successfully. (HiGHS Status 7: Optimal),646,1.1368683772161603e-13
2025-08-04,0,0.052876791000016965,2731.05126904936,144,20,3746,2025-07-15|2025-07-16|2025-07-17|2025-07-18|2025-07-19|2025-07-20|2025-07-21|2025-07-22|2025-07-23|2025-07-24|2025-07-25|2025-07-26|2025-07-27|2025-07-28|2025-07-29|2025-07-30|2025-07-31|2025-08-01|2025-08-02|2025-08-03,2025-08-04 00:00,2025-08-04 00:00,7.958078640513122e-13,2.2737367544323206e-13,0,True,Optimization terminated successfully. (HiGHS Status 7: Optimal),694,2.2737367544323206e-13
2025-08-04,6,0.048142292000193265,4247.943197778327,108,20,2810,2025-07-15|2025-07-16|2025-07-17|2025-07-18|2025-07-19|2025-07-20|2025-07-21|2025-07-22|2025-07-23|2025-07-24|2025-07-25|2025-07-26|2025-07-27|2025-07-28|2025-07-29|2025-07-30|2025-07-31|2025-08-01|2025-08-02|2025-08-03,2025-08-04 06:00,2025-08-04 06:00,8.8662410746565e-13,3.410605131648481e-13,0,True,Optimization terminated successfully. (HiGHS Status 7: Optimal),749,0.0
2025-08-04,12,0.03625958399970841,14483.12915165615,108,20,2810,2025-07-15|2025-07-16|2025-07-17|2025-07-18|2025-07-19|2025-07-20|2025-07-21|2025-07-22|2025-07-23|2025-07-24|2025-07-25|2025-07-26|2025-07-27|2025-07-28|2025-07-29|2025-07-30|2025-07-31|2025-08-01|2025-08-02|2025-08-03,2025-08-04 12:00,2025-08-04 12:00,9.094947017729282e-13,1.1368683772161603e-13,0,True,Optimization terminated successfully. (HiGHS Status 7: Optimal),617,0.0
2025-08-04,18,0.04154629199911142,19478.006229392206,108,20,2810,2025-07-15|2025-07-16|2025-07-17|2025-07-18|2025-07-19|2025-07-20|2025-07-21|2025-07-22|2025-07-23|2025-07-24|2025-07-25|2025-07-26|2025-07-27|2025-07-28|2025-07-29|2025-07-30|2025-07-31|2025-08-01|2025-08-02|2025-08-03,2025-08-04 18:00,2025-08-04 18:00,7.958078640513122e-13,2.2737367544323206e-13,0,True,Optimization terminated successfully. (HiGHS Status 7: Optimal),652,0.0
2025-08-05,0,0.052011583000421524,2814.7191976701083,144,20,3746,2025-07-16|2025-07-17|2025-07-18|2025-07-19|2025-07-20|2025-07-21|2025-07-22|2025-07-23|2025-07-24|2025-07-25|2025-07-26|2025-07-27|2025-07-28|2025-07-29|2025-07-30|2025-07-31|2025-08-01|2025-08-02|2025-08-03|2025-08-04,2025-08-05 00:00,2025-08-05 00:00,8.526512829121202e-13,2.2737367544323206e-13,0,True,Optimization terminated successfully. (HiGHS Status 7: Optimal),698,1.1368683772161603e-13
2025-08-05,6,0.0471779580002476,4893.168291649863,108,20,2810,2025-07-16|2025-07-17|2025-07-18|2025-07-19|2025-07-20|2025-07-21|2025-07-22|2025-07-23|2025-07-24|2025-07-25|2025-07-26|2025-07-27|2025-07-28|2025-07-29|2025-07-30|2025-07-31|2025-08-01|2025-08-02|2025-08-03|2025-08-04,2025-08-05 06:00,2025-08-05 06:00,9.094947017729282e-13,2.2737367544323206e-13,0,True,Optimization terminated successfully. (HiGHS Status 7: Optimal),757,1.1368683772161603e-13
2025-08-05,12,0.03606399999989662,15280.964273586127,108,20,2810,2025-07-16|2025-07-17|2025-07-18|2025-07-19|2025-07-20|2025-07-21|2025-07-22|2025-07-23|2025-07-24|2025-07-25|2025-07-26|2025-07-27|2025-07-28|2025-07-29|2025-07-30|2025-07-31|2025-08-01|2025-08-02|2025-08-03|2025-08-04,2025-08-05 12:00,2025-08-05 12:00,8.810729923425242e-13,1.1368683772161603e-13,0,True,Optimization terminated successfully. (HiGHS Status 7: Optimal),639,1.1368683772161603e-13
2025-08-05,18,0.03816666700004134,27813.725939013766,108,20,2810,2025-07-16|2025-07-17|2025-07-18|2025-07-19|2025-07-20|2025-07-21|2025-07-22|2025-07-23|2025-07-24|2025-07-25|2025-07-26|2025-07-27|2025-07-28|2025-07-29|2025-07-30|2025-07-31|2025-08-01|2025-08-02|2025-08-03|2025-08-04,2025-08-05 18:00,2025-08-05 18:00,7.958078640513122e-13,1.1368683772161603e-13,0,True,Optimization terminated successfully. (HiGHS Status 7: Optimal),659,1.1368683772161603e-13
2025-08-06,0,0.049054290999265504,2822.723429052363,144,20,3746,2025-07-17|2025-07-18|2025-07-19|2025-07-20|2025-07-21|2025-07-22|2025-07-23|2025-07-24|2025-07-25|2025-07-26|2025-07-27|2025-07-28|2025-07-29|2025-07-30|2025-07-31|2025-08-01|2025-08-02|2025-08-03|2025-08-04|2025-08-05,2025-08-06 00:00,2025-08-06 00:00,7.958078640513122e-13,1.2505552149377763e-12,0,True,Optimization terminated successfully. (HiGHS Status 7: Optimal),694,1.2505552149377763e-12
2025-08-06,6,0.03782554099961999,301.60204160884035,108,20,2810,2025-07-17|2025-07-18|2025-07-19|2025-07-20|2025-07-21|2025-07-22|2025-07-23|2025-07-24|2025-07-25|2025-07-26|2025-07-27|2025-07-28|2025-07-29|2025-07-30|2025-07-31|2025-08-01|2025-08-02|2025-08-03|2025-08-04|2025-08-05,2025-08-06 06:00,2025-08-06 06:00,9.094947017729282e-13,1.1368683772161603e-13,0,True,Optimization terminated successfully. (HiGHS Status 7: Optimal),582,1.1368683772161603e-13
2025-08-06,12,0.039037624999764375,14159.098755649444,108,20,2810,2025-07-17|2025-07-18|2025-07-19|2025-07-20|2025-07-21|2025-07-22|2025-07-23|2025-07-24|2025-07-25|2025-07-26|2025-07-27|2025-07-28|2025-07-29|2025-07-30|2025-07-31|2025-08-01|2025-08-02|2025-08-03|2025-08-04|2025-08-05,2025-08-06 12:00,2025-08-06 12:00,9.094947017729282e-13,1.1368683772161603e-13,0,True,Optimization terminated successfully. (HiGHS Status 7: Optimal),649,1.1368683772161603e-13
2025-08-06,18,0.043111041999509325,19588.430661935,108,20,2810,2025-07-17|2025-07-18|2025-07-19|2025-07-20|2025-07-21|2025-07-22|2025-07-23|2025-07-24|2025-07-25|2025-07-26|2025-07-27|2025-07-28|2025-07-29|2025-07-30|2025-07-31|2025-08-01|2025-08-02|2025-08-03|2025-08-04|2025-08-05,2025-08-06 18:00,2025-08-06 18:00,9.094947017729282e-13,1.1368683772161603e-13,0,True,Optimization terminated successfully. (HiGHS Status 7: Optimal),641,1.1368683772161603e-13
2025-08-07,0,0.05207545800112712,3353.039114841868,144,20,3746,2025-07-18|2025-07-19|2025-07-20|2025-07-21|2025-07-22|2025-07-23|2025-07-24|2025-07-25|2025-07-26|2025-07-27|2025-07-28|2025-07-29|2025-07-30|2025-07-31|2025-08-01|2025-08-02|2025-08-03|2025-08-04|2025-08-05|2025-08-06,2025-08-07 00:00,2025-08-07 00:00,8.526512829121202e-13,5.968558980384842e-13,0,True,Optimization terminated successfully. (HiGHS Status 7: Optimal),737,5.968558980384842e-13
2025-08-07,6,0.03803029199843877,1034.7708191477275,108,20,2810,2025-07-18|2025-07-19|2025-07-20|2025-07-21|2025-07-22|2025-07-23|2025-07-24|2025-07-25|2025-07-26|2025-07-27|2025-07-28|2025-07-29|2025-07-30|2025-07-31|2025-08-01|2025-08-02|2025-08-03|2025-08-04|2025-08-05|2025-08-06,2025-08-07 06:00,2025-08-07 06:00,8.86402062860725e-13,2.2737367544323206e-13,0,True,Optimization terminated successfully. (HiGHS Status 7: Optimal),636,1.1368683772161603e-13
2025-08-07,12,0.040973749999466236,10029.973007074504,108,20,2810,2025-07-18|2025-07-19|2025-07-20|2025-07-21|2025-07-22|2025-07-23|2025-07-24|2025-07-25|2025-07-26|2025-07-27|2025-07-28|2025-07-29|2025-07-30|2025-07-31|2025-08-01|2025-08-02|2025-08-03|2025-08-04|2025-08-05|2025-08-06,2025-08-07 12:00,2025-08-07 12:00,7.958078640513122e-13,1.1368683772161603e-13,0,True,Optimization terminated successfully. (HiGHS Status 7: Optimal),669,1.1368683772161603e-13
2025-08-07,18,0.032724958999097,9070.129164188003,108,20,2810,2025-07-18|2025-07-19|2025-07-20|2025-07-21|2025-07-22|2025-07-23|2025-07-24|2025-07-25|2025-07-26|2025-07-27|2025-07-28|2025-07-29|2025-07-30|2025-07-31|2025-08-01|2025-08-02|2025-08-03|2025-08-04|2025-08-05|2025-08-06,2025-08-07 18:00,2025-08-07 18:00,7.958078640513122e-13,1.1368683772161603e-13,0,True,Optimization terminated successfully. (HiGHS Status 7: Optimal),547,1.1368683772161603e-13
2025-08-08,0,0.04824970899971959,1468.7118640372612,144,20,3746,2025-07-19|2025-07-20|2025-07-21|2025-07-22|2025-07-23|2025-07-24|2025-07-25|2025-07-26|2025-07-27|2025-07-28|2025-07-29|2025-07-30|2025-07-31|2025-08-01|2025-08-02|2025-08-03|2025-08-04|2025-08-05|2025-08-06|2025-08-07,2025-08-08 00:00,2025-08-08 00:00,9.094947017729282e-13,2.2737367544323206e-13,0,True,Optimization terminated successfully. (HiGHS Status 7: Optimal),612,1.1368683772161603e-13
2025-08-08,6,0.031619167000826565,1060.1113752043489,108,20,2810,2025-07-19|2025-07-20|2025-07-21|2025-07-22|2025-07-23|2025-07-24|2025-07-25|2025-07-26|2025-07-27|2025-07-28|2025-07-29|2025-07-30|2025-07-31|2025-08-01|2025-08-02|2025-08-03|2025-08-04|2025-08-05|2025-08-06|2025-08-07,2025-08-08 06:00,2025-08-08 06:00,9.094947017729282e-13,2.2737367544323206e-13,0,True,Optimization terminated successfully. (HiGHS Status 7: Optimal),442,1.1368683772161603e-13
2025-08-08,12,0.036366457999974955,9928.582297293966,108,20,2810,2025-07-19|2025-07-20|2025-07-21|2025-07-22|2025-07-23|2025-07-24|2025-07-25|2025-07-26|2025-07-27|2025-07-28|2025-07-29|2025-07-30|2025-07-31|2025-08-01|2025-08-02|2025-08-03|2025-08-04|2025-08-05|2025-08-06|2025-08-07,2025-08-08 12:00,2025-08-08 12:00,9.094947017729282e-13,2.2737367544323206e-13,0,True,Optimization terminated successfully. (HiGHS Status 7: Optimal),546,0.0
2025-08-08,18,0.033853708000606275,8574.469263145094,108,20,2810,2025-07-19|2025-07-20|2025-07-21|2025-07-22|2025-07-23|2025-07-24|2025-07-25|2025-07-26|2025-07-27|2025-07-28|2025-07-29|2025-07-30|2025-07-31|2025-08-01|2025-08-02|2025-08-03|2025-08-04|2025-08-05|2025-08-06|2025-08-07,2025-08-08 18:00,2025-08-08 18:00,9.094947017729282e-13,1.1368683772161603e-13,0,True,Optimization terminated successfully. (HiGHS Status 7: Optimal),524,0.0
2025-08-09,0,0.046293792000142275,1332.588653834735,144,20,3746,2025-07-20|2025-07-21|2025-07-22|2025-07-23|2025-07-24|2025-07-25|2025-07-26|2025-07-27|2025-07-28|2025-07-29|2025-07-30|2025-07-31|2025-08-01|2025-08-02|2025-08-03|2025-08-04|2025-08-05|2025-08-06|2025-08-07|2025-08-08,2025-08-09 00:00,2025-08-09 00:00,8.86402062860725e-13,0.0,0,True,Optimization terminated successfully. (HiGHS Status 7: Optimal),587,1.1368683772161603e-13
2025-08-09,6,0.028364040999804274,767.6092839733511,108,20,2810,2025-07-20|2025-07-21|2025-07-22|2025-07-23|2025-07-24|2025-07-25|2025-07-26|2025-07-27|2025-07-28|2025-07-29|2025-07-30|2025-07-31|2025-08-01|2025-08-02|2025-08-03|2025-08-04|2025-08-05|2025-08-06|2025-08-07|2025-08-08,2025-08-09 06:00,2025-08-09 06:00,8.668621376273222e-13,2.842170943040401e-14,0,True,Optimization terminated successfully. (HiGHS Status 7: Optimal),404,1.1368683772161603e-13
2025-08-09,12,0.037056582999866805,14705.19653811204,108,20,2810,2025-07-20|2025-07-21|2025-07-22|2025-07-23|2025-07-24|2025-07-25|2025-07-26|2025-07-27|2025-07-28|2025-07-29|2025-07-30|2025-07-31|2025-08-01|2025-08-02|2025-08-03|2025-08-04|2025-08-05|2025-08-06|2025-08-07|2025-08-08,2025-08-09 12:00,2025-08-09 12:00,9.094947017729282e-13,2.842170943040401e-14,0,True,Optimization terminated successfully. (HiGHS Status 7: Optimal),547,1.1368683772161603e-13
2025-08-09,18,0.0426567079994129,21377.36717796346,108,20,2810,2025-07-20|2025-07-21|2025-07-22|2025-07-23|2025-07-24|2025-07-25|2025-07-26|2025-07-27|2025-07-28|2025-07-29|2025-07-30|2025-07-31|2025-08-01|2025-08-02|2025-08-03|2025-08-04|2025-08-05|2025-08-06|2025-08-07|2025-08-08,2025-08-09 18:00,2025-08-09 18:00,9.094947017729282e-13,2.2737367544323206e-13,0,True,Optimization terminated successfully. (HiGHS Status 7: Optimal),644,1.1368683772161603e-13
2025-08-10,0,0.05352304199914215,3134.968507098468,144,20,3746,2025-07-21|2025-07-22|2025-07-23|2025-07-24|2025-07-25|2025-07-26|2025-07-27|2025-07-28|2025-07-29|2025-07-30|2025-07-31|2025-08-01|2025-08-02|2025-08-03|2025-08-04|2025-08-05|2025-08-06|2025-08-07|2025-08-08|2025-08-09,2025-08-10 00:00,2025-08-10 00:00,7.958078640513122e-13,1.1368683772161603e-13,0,True,Optimization terminated successfully. (HiGHS Status 7: Optimal),706,1.1368683772161603e-13
2025-08-10,6,0.03693675000067742,668.7060004925686,108,20,2810,2025-07-21|2025-07-22|2025-07-23|2025-07-24|2025-07-25|2025-07-26|2025-07-27|2025-07-28|2025-07-29|2025-07-30|2025-07-31|2025-08-01|2025-08-02|2025-08-03|2025-08-04|2025-08-05|2025-08-06|2025-08-07|2025-08-08|2025-08-09,2025-08-10 06:00,2025-08-10 06:00,9.094947017729282e-13,1.1368683772161603e-13,0,True,Optimization terminated successfully. (HiGHS Status 7: Optimal),568,1.1368683772161603e-13
2025-08-10,12,0.0361384169991652,13741.532795124023,108,20,2810,2025-07-21|2025-07-22|2025-07-23|2025-07-24|2025-07-25|2025-07-26|2025-07-27|2025-07-28|2025-07-29|2025-07-30|2025-07-31|2025-08-01|2025-08-02|2025-08-03|2025-08-04|2025-08-05|2025-08-06|2025-08-07|2025-08-08|2025-08-09,2025-08-10 12:00,2025-08-10 12:00,9.094947017729282e-13,1.1368683772161603e-13,0,True,Optimization terminated successfully. (HiGHS Status 7: Optimal),634,1.1368683772161603e-13
2025-08-10,18,0.04117704199961736,26212.331805327703,108,20,2810,2025-07-21|2025-07-22|2025-07-23|2025-07-24|2025-07-25|2025-07-26|2025-07-27|2025-07-28|2025-07-29|2025-07-30|2025-07-31|2025-08-01|2025-08-02|2025-08-03|2025-08-04|2025-08-05|2025-08-06|2025-08-07|2025-08-08|2025-08-09,2025-08-10 18:00,2025-08-10 18:00,1.0231815394945443e-12,2.2737367544323206e-13,0,True,Optimization terminated successfully. (HiGHS Status 7: Optimal),655,1.1368683772161603e-13
2025-08-11,0,0.05028462499831221,2861.8182016025507,144,20,3746,2025-07-22|2025-07-23|2025-07-24|2025-07-25|2025-07-26|2025-07-27|2025-07-28|2025-07-29|2025-07-30|2025-07-31|2025-08-01|2025-08-02|2025-08-03|2025-08-04|2025-08-05|2025-08-06|2025-08-07|2025-08-08|2025-08-09|2025-08-10,2025-08-11 00:00,2025-08-11 00:00,8.171241461241152e-13,1.1368683772161603e-13,0,True,Optimization terminated successfully. (HiGHS Status 7: Optimal),692,1.1368683772161603e-13
2025-08-11,6,0.04180166700098198,2487.8442416615853,108,20,2810,2025-07-22|2025-07-23|2025-07-24|2025-07-25|2025-07-26|2025-07-27|2025-07-28|2025-07-29|2025-07-30|2025-07-31|2025-08-01|2025-08-02|2025-08-03|2025-08-04|2025-08-05|2025-08-06|2025-08-07|2025-08-08|2025-08-09|2025-08-10,2025-08-11 06:00,2025-08-11 06:00,9.094947017729282e-13,1.1368683772161603e-13,0,True,Optimization terminated successfully. (HiGHS Status 7: Optimal),637,1.1368683772161603e-13
2025-08-11,12,0.0408537500006787,15950.255300558203,108,20,2810,2025-07-22|2025-07-23|2025-07-24|2025-07-25|2025-07-26|2025-07-27|2025-07-28|2025-07-29|2025-07-30|2025-07-31|2025-08-01|2025-08-02|2025-08-03|2025-08-04|2025-08-05|2025-08-06|2025-08-07|2025-08-08|2025-08-09|2025-08-10,2025-08-11 12:00,2025-08-11 12:00,9.094947017729282e-13,1.1368683772161603e-13,0,True,Optimization terminated successfully. (HiGHS Status 7: Optimal),739,1.1368683772161603e-13
2025-08-11,18,0.04000054199968872,21996.175520514742,108,20,2810,2025-07-22|2025-07-23|2025-07-24|2025-07-25|2025-07-26|2025-07-27|2025-07-28|2025-07-29|2025-07-30|2025-07-31|2025-08-01|2025-08-02|2025-08-03|2025-08-04|2025-08-05|2025-08-06|2025-08-07|2025-08-08|2025-08-09|2025-08-10,2025-08-11 18:00,2025-08-11 18:00,7.958078640513122e-13,1.1368683772161603e-13,0,True,Optimization terminated successfully. (HiGHS Status 7: Optimal),659,1.1368683772161603e-13
2025-08-12,0,0.0535900840004615,3262.4284567811555,144,20,3746,2025-07-23|2025-07-24|2025-07-25|2025-07-26|2025-07-27|2025-07-28|2025-07-29|2025-07-30|2025-07-31|2025-08-01|2025-08-02|2025-08-03|2025-08-04|2025-08-05|2025-08-06|2025-08-07|2025-08-08|2025-08-09|2025-08-10|2025-08-11,2025-08-12 00:00,2025-08-12 00:00,7.958078640513122e-13,2.2737367544323206e-13,0,True,Optimization terminated successfully. (HiGHS Status 7: Optimal),729,2.2737367544323206e-13
2025-08-12,6,0.03825245799998811,1814.2909772458577,108,20,2810,2025-07-23|2025-07-24|2025-07-25|2025-07-26|2025-07-27|2025-07-28|2025-07-29|2025-07-30|2025-07-31|2025-08-01|2025-08-02|2025-08-03|2025-08-04|2025-08-05|2025-08-06|2025-08-07|2025-08-08|2025-08-09|2025-08-10|2025-08-11,2025-08-12 06:00,2025-08-12 06:00,8.86402062860725e-13,2.2737367544323206e-13,0,True,Optimization terminated successfully. (HiGHS Status 7: Optimal),650,2.2737367544323206e-13
2025-08-12,12,0.04106212499937101,14820.738702822387,108,20,2810,2025-07-23|2025-07-24|2025-07-25|2025-07-26|2025-07-27|2025-07-28|2025-07-29|2025-07-30|2025-07-31|2025-08-01|2025-08-02|2025-08-03|2025-08-04|2025-08-05|2025-08-06|2025-08-07|2025-08-08|2025-08-09|2025-08-10|2025-08-11,2025-08-12 12:00,2025-08-12 12:00,9.094947017729282e-13,2.2737367544323206e-13,0,True,Optimization terminated successfully. (HiGHS Status 7: Optimal),687,2.2737367544323206e-13
2025-08-12,18,0.03917870899931586,23572.479699050844,108,20,2810,2025-07-23|2025-07-24|2025-07-25|2025-07-26|2025-07-27|2025-07-28|2025-07-29|2025-07-30|2025-07-31|2025-08-01|2025-08-02|2025-08-03|2025-08-04|2025-08-05|2025-08-06|2025-08-07|2025-08-08|2025-08-09|2025-08-10|2025-08-11,2025-08-12 18:00,2025-08-12 18:00,7.958078640513122e-13,2.2737367544323206e-13,0,True,Optimization terminated successfully. (HiGHS Status 7: Optimal),668,2.2737367544323206e-13
2025-08-13,0,0.050739416999931564,2770.7916197433237,144,20,3746,2025-07-24|2025-07-25|2025-07-26|2025-07-27|2025-07-28|2025-07-29|2025-07-30|2025-07-31|2025-08-01|2025-08-02|2025-08-03|2025-08-04|2025-08-05|2025-08-06|2025-08-07|2025-08-08|2025-08-09|2025-08-10|2025-08-11|2025-08-12,2025-08-13 00:00,2025-08-13 00:00,8.526512829121202e-13,2.2737367544323206e-13,0,True,Optimization terminated successfully. (HiGHS Status 7: Optimal),703,2.2737367544323206e-13
2025-08-13,6,0.03940179199889826,1831.9241376663265,108,20,2810,2025-07-24|2025-07-25|2025-07-26|2025-07-27|2025-07-28|2025-07-29|2025-07-30|2025-07-31|2025-08-01|2025-08-02|2025-08-03|2025-08-04|2025-08-05|2025-08-06|2025-08-07|2025-08-08|2025-08-09|2025-08-10|2025-08-11|2025-08-12,2025-08-13 06:00,2025-08-13 06:00,1.0231815394945443e-12,1.1368683772161603e-13,0,True,Optimization terminated successfully. (HiGHS Status 7: Optimal),657,1.1368683772161603e-13
2025-08-13,12,0.03880604199912341,15455.070450000558,108,20,2810,2025-07-24|2025-07-25|2025-07-26|2025-07-27|2025-07-28|2025-07-29|2025-07-30|2025-07-31|2025-08-01|2025-08-02|2025-08-03|2025-08-04|2025-08-05|2025-08-06|2025-08-07|2025-08-08|2025-08-09|2025-08-10|2025-08-11|2025-08-12,2025-08-13 12:00,2025-08-13 12:00,8.881784197001252e-13,2.2737367544323206e-13,0,True,Optimization terminated successfully. (HiGHS Status 7: Optimal),716,1.1368683772161603e-13
2025-08-13,18,0.03858412499903352,25307.284945419706,108,20,2810,2025-07-24|2025-07-25|2025-07-26|2025-07-27|2025-07-28|2025-07-29|2025-07-30|2025-07-31|2025-08-01|2025-08-02|2025-08-03|2025-08-04|2025-08-05|2025-08-06|2025-08-07|2025-08-08|2025-08-09|2025-08-10|2025-08-11|2025-08-12,2025-08-13 18:00,2025-08-13 18:00,7.958078640513122e-13,4.547473508864641e-13,0,True,Optimization terminated successfully. (HiGHS Status 7: Optimal),679,4.547473508864641e-13
2025-08-14,0,0.048239540999929886,2598.7533154410326,144,20,3746,2025-07-25|2025-07-26|2025-07-27|2025-07-28|2025-07-29|2025-07-30|2025-07-31|2025-08-01|2025-08-02|2025-08-03|2025-08-04|2025-08-05|2025-08-06|2025-08-07|2025-08-08|2025-08-09|2025-08-10|2025-08-11|2025-08-12|2025-08-13,2025-08-14 00:00,2025-08-14 00:00,9.094947017729282e-13,2.2737367544323206e-13,0,True,Optimization terminated successfully. (HiGHS Status 7: Optimal),682,3.410605131648481e-13
2025-08-14,6,0.04581683300057193,3240.900882439772,108,20,2810,2025-07-25|2025-07-26|2025-07-27|2025-07-28|2025-07-29|2025-07-30|2025-07-31|2025-08-01|2025-08-02|2025-08-03|2025-08-04|2025-08-05|2025-08-06|2025-08-07|2025-08-08|2025-08-09|2025-08-10|2025-08-11|2025-08-12|2025-08-13,2025-08-14 06:00,2025-08-14 06:00,8.313350008393172e-13,1.1368683772161603e-13,0,True,Optimization terminated successfully. (HiGHS Status 7: Optimal),716,2.2737367544323206e-13
2025-08-14,12,0.03748566700051015,8829.87841043483,108,20,2810,2025-07-25|2025-07-26|2025-07-27|2025-07-28|2025-07-29|2025-07-30|2025-07-31|2025-08-01|2025-08-02|2025-08-03|2025-08-04|2025-08-05|2025-08-06|2025-08-07|2025-08-08|2025-08-09|2025-08-10|2025-08-11|2025-08-12|2025-08-13,2025-08-14 12:00,2025-08-14 12:00,8.668621376273222e-13,1.1368683772161603e-13,0,True,Optimization terminated successfully. (HiGHS Status 7: Optimal),620,2.2737367544323206e-13
2025-08-14,18,0.029592417000458227,7713.301756259569,108,20,2810,2025-07-25|2025-07-26|2025-07-27|2025-07-28|2025-07-29|2025-07-30|2025-07-31|2025-08-01|2025-08-02|2025-08-03|2025-08-04|2025-08-05|2025-08-06|2025-08-07|2025-08-08|2025-08-09|2025-08-10|2025-08-11|2025-08-12|2025-08-13,2025-08-14 18:00,2025-08-14 18:00,7.958078640513122e-13,2.2737367544323206e-13,0,True,Optimization terminated successfully. (HiGHS Status 7: Optimal),535,2.2737367544323206e-13
2025-08-15,0,0.05196754200005671,1476.4766897458533,144,20,3746,2025-07-26|2025-07-27|2025-07-28|2025-07-29|2025-07-30|2025-07-31|2025-08-01|2025-08-02|2025-08-03|2025-08-04|2025-08-05|2025-08-06|2025-08-07|2025-08-08|2025-08-09|2025-08-10|2025-08-11|2025-08-12|2025-08-13|2025-08-14,2025-08-15 00:00,2025-08-15 00:00,8.526512829121202e-13,2.2737367544323206e-13,0,True,Optimization terminated successfully. (HiGHS Status 7: Optimal),701,2.2737367544323206e-13
2025-08-15,6,0.030009541000254103,477.8146019526632,108,20,2810,2025-07-26|2025-07-27|2025-07-28|2025-07-29|2025-07-30|2025-07-31|2025-08-01|2025-08-02|2025-08-03|2025-08-04|2025-08-05|2025-08-06|2025-08-07|2025-08-08|2025-08-09|2025-08-10|2025-08-11|2025-08-12|2025-08-13|2025-08-14,2025-08-15 06:00,2025-08-15 06:00,8.668621376273222e-13,2.2737367544323206e-13,0,True,Optimization terminated successfully. (HiGHS Status 7: Optimal),450,2.2737367544323206e-13
2025-08-15,12,0.03701091599941719,8520.812890943143,108,20,2810,2025-07-26|2025-07-27|2025-07-28|2025-07-29|2025-07-30|2025-07-31|2025-08-01|2025-08-02|2025-08-03|2025-08-04|2025-08-05|2025-08-06|2025-08-07|2025-08-08|2025-08-09|2025-08-10|2025-08-11|2025-08-12|2025-08-13|2025-08-14,2025-08-15 12:00,2025-08-15 12:00,7.389644451905042e-13,1.1368683772161603e-13,0,True,Optimization terminated successfully. (HiGHS Status 7: Optimal),539,0.0
2025-08-15,18,0.033274249999522,7384.226524872824,108,20,2810,2025-07-26|2025-07-27|2025-07-28|2025-07-29|2025-07-30|2025-07-31|2025-08-01|2025-08-02|2025-08-03|2025-08-04|2025-08-05|2025-08-06|2025-08-07|2025-08-08|2025-08-09|2025-08-10|2025-08-11|2025-08-12|2025-08-13|2025-08-14,2025-08-15 18:00,2025-08-15 18:00,5.684341886080801e-13,1.1368683772161603e-13,0,True,Optimization terminated successfully. (HiGHS Status 7: Optimal),501,0.0
2025-08-16,0,0.046227957998780767,1416.3627445803188,144,20,3746,2025-07-27|2025-07-28|2025-07-29|2025-07-30|2025-07-31|2025-08-01|2025-08-02|2025-08-03|2025-08-04|2025-08-05|2025-08-06|2025-08-07|2025-08-08|2025-08-09|2025-08-10|2025-08-11|2025-08-12|2025-08-13|2025-08-14|2025-08-15,2025-08-16 00:00,2025-08-16 00:00,9.094947017729282e-13,1.1368683772161603e-13,0,True,Optimization terminated successfully. (HiGHS Status 7: Optimal),631,5.684341886080802e-14
2025-08-16,6,0.03097449999950186,-28.17829290092476,108,20,2810,2025-07-27|2025-07-28|2025-07-29|2025-07-30|2025-07-31|2025-08-01|2025-08-02|2025-08-03|2025-08-04|2025-08-05|2025-08-06|2025-08-07|2025-08-08|2025-08-09|2025-08-10|2025-08-11|2025-08-12|2025-08-13|2025-08-14|2025-08-15,2025-08-16 06:00,2025-08-16 06:00,8.988365607365267e-13,1.1368683772161603e-13,0,True,Optimization terminated successfully. (HiGHS Status 7: Optimal),421,0.0
2025-08-16,12,0.03743633299927751,13272.163922875745,108,20,2810,2025-07-27|2025-07-28|2025-07-29|2025-07-30|2025-07-31|2025-08-01|2025-08-02|2025-08-03|2025-08-04|2025-08-05|2025-08-06|2025-08-07|2025-08-08|2025-08-09|2025-08-10|2025-08-11|2025-08-12|2025-08-13|2025-08-14|2025-08-15,2025-08-16 12:00,2025-08-16 12:00,9.023892744153272e-13,1.1368683772161603e-13,0,True,Optimization terminated successfully. (HiGHS Status 7: Optimal),552,0.0
2025-08-16,18,0.03927145799934806,15689.597522601282,108,20,2810,2025-07-27|2025-07-28|2025-07-29|2025-07-30|2025-07-31|2025-08-01|2025-08-02|2025-08-03|2025-08-04|2025-08-05|2025-08-06|2025-08-07|2025-08-08|2025-08-09|2025-08-10|2025-08-11|2025-08-12|2025-08-13|2025-08-14|2025-08-15,2025-08-16 18:00,2025-08-16 18:00,7.958078640513122e-13,1.1368683772161603e-13,0,True,Optimization terminated successfully. (HiGHS Status 7: Optimal),586,0.0
2025-08-17,0,0.045930625001346925,2664.8881621422506,144,20,3746,2025-07-28|2025-07-29|2025-07-30|2025-07-31|2025-08-01|2025-08-02|2025-08-03|2025-08-04|2025-08-05|2025-08-06|2025-08-07|2025-08-08|2025-08-09|2025-08-10|2025-08-11|2025-08-12|2025-08-13|2025-08-14|2025-08-15|2025-08-16,2025-08-17 00:00,2025-08-17 00:00,9.094947017729282e-13,1.7053025658242404e-13,0,True,Optimization terminated successfully. (HiGHS Status 7: Optimal),670,2.2737367544323206e-13
2025-08-17,6,0.03841933400144626,500.8194043670311,108,20,2810,2025-07-28|2025-07-29|2025-07-30|2025-07-31|2025-08-01|2025-08-02|2025-08-03|2025-08-04|2025-08-05|2025-08-06|2025-08-07|2025-08-08|2025-08-09|2025-08-10|2025-08-11|2025-08-12|2025-08-13|2025-08-14|2025-08-15|2025-08-16,2025-08-17 06:00,2025-08-17 06:00,8.881784197001252e-13,1.1368683772161603e-13,0,True,Optimization terminated successfully. (HiGHS Status 7: Optimal),594,1.1368683772161603e-13
2025-08-17,12,0.03928737500064017,14068.675706138232,108,20,2810,2025-07-28|2025-07-29|2025-07-30|2025-07-31|2025-08-01|2025-08-02|2025-08-03|2025-08-04|2025-08-05|2025-08-06|2025-08-07|2025-08-08|2025-08-09|2025-08-10|2025-08-11|2025-08-12|2025-08-13|2025-08-14|2025-08-15|2025-08-16,2025-08-17 12:00,2025-08-17 12:00,9.094947017729282e-13,2.2737367544323206e-13,0,True,Optimization terminated successfully. (HiGHS Status 7: Optimal),665,1.1368683772161603e-13
2025-08-17,18,0.03881416699914553,17350.64994761761,108,20,2810,2025-07-28|2025-07-29|2025-07-30|2025-07-31|2025-08-01|2025-08-02|2025-08-03|2025-08-04|2025-08-05|2025-08-06|2025-08-07|2025-08-08|2025-08-09|2025-08-10|2025-08-11|2025-08-12|2025-08-13|2025-08-14|2025-08-15|2025-08-16,2025-08-17 18:00,2025-08-17 18:00,7.958078640513122e-13,1.0231815394945443e-12,0,True,Optimization terminated successfully. (HiGHS Status 7: Optimal),647,1.0231815394945443e-12
2025-08-18,0,0.050554457999169244,2699.8209827724477,144,20,3746,2025-07-29|2025-07-30|2025-07-31|2025-08-01|2025-08-02|2025-08-03|2025-08-04|2025-08-05|2025-08-06|2025-08-07|2025-08-08|2025-08-09|2025-08-10|2025-08-11|2025-08-12|2025-08-13|2025-08-14|2025-08-15|2025-08-16|2025-08-17,2025-08-18 00:00,2025-08-18 00:00,9.094947017729282e-13,3.907985046680551e-13,0,True,Optimization terminated successfully. (HiGHS Status 7: Optimal),714,3.907985046680551e-13
2025-08-18,6,0.03568791699944995,1154.5580409177915,108,20,2810,2025-07-29|2025-07-30|2025-07-31|2025-08-01|2025-08-02|2025-08-03|2025-08-04|2025-08-05|2025-08-06|2025-08-07|2025-08-08|2025-08-09|2025-08-10|2025-08-11|2025-08-12|2025-08-13|2025-08-14|2025-08-15|2025-08-16|2025-08-17,2025-08-18 06:00,2025-08-18 06:00,8.775202786637237e-13,1.1368683772161603e-13,0,True,Optimization terminated successfully. (HiGHS Status 7: Optimal),582,1.1368683772161603e-13
2025-08-18,12,0.038566416998946806,13495.221342898156,108,20,2810,2025-07-29|2025-07-30|2025-07-31|2025-08-01|2025-08-02|2025-08-03|2025-08-04|2025-08-05|2025-08-06|2025-08-07|2025-08-08|2025-08-09|2025-08-10|2025-08-11|2025-08-12|2025-08-13|2025-08-14|2025-08-15|2025-08-16|2025-08-17,2025-08-18 12:00,2025-08-18 12:00,8.597567102697212e-13,1.1368683772161603e-13,0,True,Optimization terminated successfully. (HiGHS Status 7: Optimal),621,1.1368683772161603e-13
2025-08-18,18,0.037621666999257286,22097.581208782925,108,20,2810,2025-07-29|2025-07-30|2025-07-31|2025-08-01|2025-08-02|2025-08-03|2025-08-04|2025-08-05|2025-08-06|2025-08-07|2025-08-08|2025-08-09|2025-08-10|2025-08-11|2025-08-12|2025-08-13|2025-08-14|2025-08-15|2025-08-16|2025-08-17,2025-08-18 18:00,2025-08-18 18:00,7.958078640513122e-13,2.2737367544323206e-13,0,True,Optimization terminated successfully. (HiGHS Status 7: Optimal),657,1.1368683772161603e-13
2025-08-19,0,0.04869308300112607,2511.486096809635,144,20,3746,2025-07-30|2025-07-31|2025-08-01|2025-08-02|2025-08-03|2025-08-04|2025-08-05|2025-08-06|2025-08-07|2025-08-08|2025-08-09|2025-08-10|2025-08-11|2025-08-12|2025-08-13|2025-08-14|2025-08-15|2025-08-16|2025-08-17|2025-08-18,2025-08-19 00:00,2025-08-19 00:00,7.958078640513122e-13,2.2737367544323206e-13,0,True,Optimization terminated successfully. (HiGHS Status 7: Optimal),698,2.2737367544323206e-13
2025-08-19,6,0.03537904099903244,319.48938246853146,108,20,2810,2025-07-30|2025-07-31|2025-08-01|2025-08-02|2025-08-03|2025-08-04|2025-08-05|2025-08-06|2025-08-07|2025-08-08|2025-08-09|2025-08-10|2025-08-11|2025-08-12|2025-08-13|2025-08-14|2025-08-15|2025-08-16|2025-08-17|2025-08-18,2025-08-19 06:00,2025-08-19 06:00,8.597567102697212e-13,2.2737367544323206e-13,0,True,Optimization terminated successfully. (HiGHS Status 7: Optimal),540,2.2737367544323206e-13
2025-08-19,12,0.038137290999657125,14096.936225838075,108,20,2810,2025-07-30|2025-07-31|2025-08-01|2025-08-02|2025-08-03|2025-08-04|2025-08-05|2025-08-06|2025-08-07|2025-08-08|2025-08-09|2025-08-10|2025-08-11|2025-08-12|2025-08-13|2025-08-14|2025-08-15|2025-08-16|2025-08-17|2025-08-18,2025-08-19 12:00,2025-08-19 12:00,8.668621376273222e-13,2.2737367544323206e-13,0,True,Optimization terminated successfully. (HiGHS Status 7: Optimal),625,2.2737367544323206e-13
2025-08-19,18,0.042404833000546205,25890.608930845505,108,20,2810,2025-07-30|2025-07-31|2025-08-01|2025-08-02|2025-08-03|2025-08-04|2025-08-05|2025-08-06|2025-08-07|2025-08-08|2025-08-09|2025-08-10|2025-08-11|2025-08-12|2025-08-13|2025-08-14|2025-08-15|2025-08-16|2025-08-17|2025-08-18,2025-08-19 18:00,2025-08-19 18:00,7.958078640513122e-13,2.2737367544323206e-13,0,True,Optimization terminated successfully. (HiGHS Status 7: Optimal),668,2.2737367544323206e-13
2025-08-20,0,0.050585791999765206,3053.199120134272,144,20,3746,2025-07-31|2025-08-01|2025-08-02|2025-08-03|2025-08-04|2025-08-05|2025-08-06|2025-08-07|2025-08-08|2025-08-09|2025-08-10|2025-08-11|2025-08-12|2025-08-13|2025-08-14|2025-08-15|2025-08-16|2025-08-17|2025-08-18|2025-08-19,2025-08-20 00:00,2025-08-20 00:00,7.958078640513122e-13,5.115907697472721e-13,0,True,Optimization terminated successfully. (HiGHS Status 7: Optimal),732,5.400124791776761e-13
2025-08-20,6,0.03790737499912211,1519.9869395532583,108,20,2810,2025-07-31|2025-08-01|2025-08-02|2025-08-03|2025-08-04|2025-08-05|2025-08-06|2025-08-07|2025-08-08|2025-08-09|2025-08-10|2025-08-11|2025-08-12|2025-08-13|2025-08-14|2025-08-15|2025-08-16|2025-08-17|2025-08-18|2025-08-19,2025-08-20 06:00,2025-08-20 06:00,1.0231815394945443e-12,1.1368683772161603e-13,0,True,Optimization terminated successfully. (HiGHS Status 7: Optimal),681,1.1368683772161603e-13
2025-08-20,12,0.04008175000126357,14220.079353875404,108,20,2810,2025-07-31|2025-08-01|2025-08-02|2025-08-03|2025-08-04|2025-08-05|2025-08-06|2025-08-07|2025-08-08|2025-08-09|2025-08-10|2025-08-11|2025-08-12|2025-08-13|2025-08-14|2025-08-15|2025-08-16|2025-08-17|2025-08-18|2025-08-19,2025-08-20 12:00,2025-08-20 12:00,7.958078640513122e-13,1.1368683772161603e-13,0,True,Optimization terminated successfully. (HiGHS Status 7: Optimal),697,1.1368683772161603e-13
2025-08-20,18,0.03834754100171267,16102.615739938925,108,20,2810,2025-07-31|2025-08-01|2025-08-02|2025-08-03|2025-08-04|2025-08-05|2025-08-06|2025-08-07|2025-08-08|2025-08-09|2025-08-10|2025-08-11|2025-08-12|2025-08-13|2025-08-14|2025-08-15|2025-08-16|2025-08-17|2025-08-18|2025-08-19,2025-08-20 18:00,2025-08-20 18:00,7.958078640513122e-13,1.1368683772161603e-13,0,True,Optimization terminated successfully. (HiGHS Status 7: Optimal),615,1.1368683772161603e-13
2025-08-21,0,0.048114083998370916,2533.935464070302,144,20,3746,2025-08-01|2025-08-02|2025-08-03|2025-08-04|2025-08-05|2025-08-06|2025-08-07|2025-08-08|2025-08-09|2025-08-10|2025-08-11|2025-08-12|2025-08-13|2025-08-14|2025-08-15|2025-08-16|2025-08-17|2025-08-18|2025-08-19|2025-08-20,2025-08-21 00:00,2025-08-21 00:00,8.810729923425242e-13,1.1368683772161603e-13,0,True,Optimization terminated successfully. (HiGHS Status 7: Optimal),701,2.2737367544323206e-13
2025-08-21,6,0.03635970800132782,1287.0592965169328,108,20,2810,2025-08-01|2025-08-02|2025-08-03|2025-08-04|2025-08-05|2025-08-06|2025-08-07|2025-08-08|2025-08-09|2025-08-10|2025-08-11|2025-08-12|2025-08-13|2025-08-14|2025-08-15|2025-08-16|2025-08-17|2025-08-18|2025-08-19|2025-08-20,2025-08-21 06:00,2025-08-21 06:00,1.0231815394945443e-12,1.1368683772161603e-13,0,True,Optimization terminated successfully. (HiGHS Status 7: Optimal),622,1.1368683772161603e-13
2025-08-21,12,0.04291758300132642,9008.892200491347,108,20,2810,2025-08-01|2025-08-02|2025-08-03|2025-08-04|2025-08-05|2025-08-06|2025-08-07|2025-08-08|2025-08-09|2025-08-10|2025-08-11|2025-08-12|2025-08-13|2025-08-14|2025-08-15|2025-08-16|2025-08-17|2025-08-18|2025-08-19|2025-08-20,2025-08-21 12:00,2025-08-21 12:00,9.094947017729282e-13,1.1368683772161603e-13,0,True,Optimization terminated successfully. (HiGHS Status 7: Optimal),698,1.1368683772161603e-13
2025-08-21,18,0.041575458000806975,7517.42765751243,108,20,2810,2025-08-01|2025-08-02|2025-08-03|2025-08-04|2025-08-05|2025-08-06|2025-08-07|2025-08-08|2025-08-09|2025-08-10|2025-08-11|2025-08-12|2025-08-13|2025-08-14|2025-08-15|2025-08-16|2025-08-17|2025-08-18|2025-08-19|2025-08-20,2025-08-21 18:00,2025-08-21 18:00,7.958078640513122e-13,1.1368683772161603e-13,0,True,Optimization terminated successfully. (HiGHS Status 7: Optimal),570,1.1368683772161603e-13
2025-08-22,0,0.07617575000040233,964.4603777932614,144,20,3746,2025-08-02|2025-08-03|2025-08-04|2025-08-05|2025-08-06|2025-08-07|2025-08-08|2025-08-09|2025-08-10|2025-08-11|2025-08-12|2025-08-13|2025-08-14|2025-08-15|2025-08-16|2025-08-17|2025-08-18|2025-08-19|2025-08-20|2025-08-21,2025-08-22 00:00,2025-08-22 00:00,7.958078640513122e-13,2.2737367544323206e-13,0,True,Optimization terminated successfully. (HiGHS Status 7: Optimal),621,2.2737367544323206e-13
2025-08-22,6,0.05230208300054073,519.8176225374418,108,20,2810,2025-08-02|2025-08-03|2025-08-04|2025-08-05|2025-08-06|2025-08-07|2025-08-08|2025-08-09|2025-08-10|2025-08-11|2025-08-12|2025-08-13|2025-08-14|2025-08-15|2025-08-16|2025-08-17|2025-08-18|2025-08-19|2025-08-20|2025-08-21,2025-08-22 06:00,2025-08-22 06:00,8.952838470577262e-13,2.2737367544323206e-13,0,True,Optimization terminated successfully. (HiGHS Status 7: Optimal),423,2.2737367544323206e-13
2025-08-22,12,0.0611494999993738,8733.127869576481,108,20,2810,2025-08-02|2025-08-03|2025-08-04|2025-08-05|2025-08-06|2025-08-07|2025-08-08|2025-08-09|2025-08-10|2025-08-11|2025-08-12|2025-08-13|2025-08-14|2025-08-15|2025-08-16|2025-08-17|2025-08-18|2025-08-19|2025-08-20|2025-08-21,2025-08-22 12:00,2025-08-22 12:00,8.242295734817162e-13,2.2737367544323206e-13,0,True,Optimization terminated successfully. (HiGHS Status 7: Optimal),572,2.2737367544323206e-13
2025-08-22,18,0.05534754099971906,7676.332638856878,108,20,2810,2025-08-02|2025-08-03|2025-08-04|2025-08-05|2025-08-06|2025-08-07|2025-08-08|2025-08-09|2025-08-10|2025-08-11|2025-08-12|2025-08-13|2025-08-14|2025-08-15|2025-08-16|2025-08-17|2025-08-18|2025-08-19|2025-08-20|2025-08-21,2025-08-22 18:00,2025-08-22 18:00,5.684341886080801e-13,2.2737367544323206e-13,0,True,Optimization terminated successfully. (HiGHS Status 7: Optimal),522,2.2737367544323206e-13
2025-08-23,0,0.07463408399962645,1008.5201202726219,144,20,3746,2025-08-03|2025-08-04|2025-08-05|2025-08-06|2025-08-07|2025-08-08|2025-08-09|2025-08-10|2025-08-11|2025-08-12|2025-08-13|2025-08-14|2025-08-15|2025-08-16|2025-08-17|2025-08-18|2025-08-19|2025-08-20|2025-08-21|2025-08-22,2025-08-23 00:00,2025-08-23 00:00,8.242295734817162e-13,2.2737367544323206e-13,0,True,Optimization terminated successfully. (HiGHS Status 7: Optimal),594,2.8421709430404007e-13
2025-08-23,6,0.05318937500123866,1344.794855508208,108,20,2810,2025-08-03|2025-08-04|2025-08-05|2025-08-06|2025-08-07|2025-08-08|2025-08-09|2025-08-10|2025-08-11|2025-08-12|2025-08-13|2025-08-14|2025-08-15|2025-08-16|2025-08-17|2025-08-18|2025-08-19|2025-08-20|2025-08-21|2025-08-22,2025-08-23 06:00,2025-08-23 06:00,7.283063041541027e-13,2.2737367544323206e-13,0,True,Optimization terminated successfully. (HiGHS Status 7: Optimal),439,0.0
2025-08-23,12,0.06548779199874843,14687.019787944608,108,20,2810,2025-08-03|2025-08-04|2025-08-05|2025-08-06|2025-08-07|2025-08-08|2025-08-09|2025-08-10|2025-08-11|2025-08-12|2025-08-13|2025-08-14|2025-08-15|2025-08-16|2025-08-17|2025-08-18|2025-08-19|2025-08-20|2025-08-21|2025-08-22,2025-08-23 12:00,2025-08-23 12:00,7.318590178329032e-13,1.1368683772161603e-13,0,True,Optimization terminated successfully. (HiGHS Status 7: Optimal),634,0.0
2025-08-23,18,0.0636821250009234,17534.905180767993,108,20,2810,2025-08-03|2025-08-04|2025-08-05|2025-08-06|2025-08-07|2025-08-08|2025-08-09|2025-08-10|2025-08-11|2025-08-12|2025-08-13|2025-08-14|2025-08-15|2025-08-16|2025-08-17|2025-08-18|2025-08-19|2025-08-20|2025-08-21|2025-08-22,2025-08-23 18:00,2025-08-23 18:00,7.958078640513122e-13,1.1368683772161603e-13,0,True,Optimization terminated successfully. (HiGHS Status 7: Optimal),613,0.0
2025-08-24,0,0.06925704199966276,2354.5403857328843,144,20,3746,2025-08-04|2025-08-05|2025-08-06|2025-08-07|2025-08-08|2025-08-09|2025-08-10|2025-08-11|2025-08-12|2025-08-13|2025-08-14|2025-08-15|2025-08-16|2025-08-17|2025-08-18|2025-08-19|2025-08-20|2025-08-21|2025-08-22|2025-08-23,2025-08-24 00:00,2025-08-24 00:00,7.958078640513122e-13,2.2737367544323206e-13,0,True,Optimization terminated successfully. (HiGHS Status 7: Optimal),711,2.2737367544323206e-13
2025-08-24,6,0.04161141700024018,192.86789641202216,108,20,2810,2025-08-04|2025-08-05|2025-08-06|2025-08-07|2025-08-08|2025-08-09|2025-08-10|2025-08-11|2025-08-12|2025-08-13|2025-08-14|2025-08-15|2025-08-16|2025-08-17|2025-08-18|2025-08-19|2025-08-20|2025-08-21|2025-08-22|2025-08-23,2025-08-24 06:00,2025-08-24 06:00,9.094947017729282e-13,2.2737367544323206e-13,0,True,Optimization terminated successfully. (HiGHS Status 7: Optimal),562,2.2737367544323206e-13
2025-08-24,12,0.04210170899932564,14122.537724494681,108,20,2810,2025-08-04|2025-08-05|2025-08-06|2025-08-07|2025-08-08|2025-08-09|2025-08-10|2025-08-11|2025-08-12|2025-08-13|2025-08-14|2025-08-15|2025-08-16|2025-08-17|2025-08-18|2025-08-19|2025-08-20|2025-08-21|2025-08-22|2025-08-23,2025-08-24 12:00,2025-08-24 12:00,8.08464406532039e-13,2.2737367544323206e-13,0,True,Optimization terminated successfully. (HiGHS Status 7: Optimal),679,2.2737367544323206e-13
2025-08-24,18,0.042483749999519205,18450.832795784998,108,20,2810,2025-08-04|2025-08-05|2025-08-06|2025-08-07|2025-08-08|2025-08-09|2025-08-10|2025-08-11|2025-08-12|2025-08-13|2025-08-14|2025-08-15|2025-08-16|2025-08-17|2025-08-18|2025-08-19|2025-08-20|2025-08-21|2025-08-22|2025-08-23,2025-08-24 18:00,2025-08-24 18:00,7.958078640513122e-13,2.2737367544323206e-13,0,True,Optimization terminated successfully. (HiGHS Status 7: Optimal),653,2.2737367544323206e-13
2025-08-25,0,0.05389729200032889,2855.076991382839,144,20,3746,2025-08-05|2025-08-06|2025-08-07|2025-08-08|2025-08-09|2025-08-10|2025-08-11|2025-08-12|2025-08-13|2025-08-14|2025-08-15|2025-08-16|2025-08-17|2025-08-18|2025-08-19|2025-08-20|2025-08-21|2025-08-22|2025-08-23|2025-08-24,2025-08-25 00:00,2025-08-25 00:00,7.958078640513122e-13,1.4779288903810084e-12,0,True,Optimization terminated successfully. (HiGHS Status 7: Optimal),743,1.5347723092418164e-12
2025-08-25,6,0.039484999999331194,-2362.5371298393843,108,20,2810,2025-08-05|2025-08-06|2025-08-07|2025-08-08|2025-08-09|2025-08-10|2025-08-11|2025-08-12|2025-08-13|2025-08-14|2025-08-15|2025-08-16|2025-08-17|2025-08-18|2025-08-19|2025-08-20|2025-08-21|2025-08-22|2025-08-23|2025-08-24,2025-08-25 06:00,2025-08-25 06:00,8.641976023682219e-13,2.2737367544323206e-13,0,True,Optimization terminated successfully. (HiGHS Status 7: Optimal),625,1.1368683772161603e-13
2025-08-25,12,0.03955037500054459,11454.649000868149,108,20,2810,2025-08-05|2025-08-06|2025-08-07|2025-08-08|2025-08-09|2025-08-10|2025-08-11|2025-08-12|2025-08-13|2025-08-14|2025-08-15|2025-08-16|2025-08-17|2025-08-18|2025-08-19|2025-08-20|2025-08-21|2025-08-22|2025-08-23|2025-08-24,2025-08-25 12:00,2025-08-25 12:00,8.881784197001252e-13,1.9895196601282805e-13,0,True,Optimization terminated successfully. (HiGHS Status 7: Optimal),636,1.1368683772161603e-13
2025-08-25,18,0.040433791999021196,17976.555413942664,108,20,2810,2025-08-05|2025-08-06|2025-08-07|2025-08-08|2025-08-09|2025-08-10|2025-08-11|2025-08-12|2025-08-13|2025-08-14|2025-08-15|2025-08-16|2025-08-17|2025-08-18|2025-08-19|2025-08-20|2025-08-21|2025-08-22|2025-08-23|2025-08-24,2025-08-25 18:00,2025-08-25 18:00,9.094947017729282e-13,7.815970093361102e-13,0,True,Optimization terminated successfully. (HiGHS Status 7: Optimal),626,7.958078640513122e-13
2025-08-26,0,0.052030625000043074,2197.4224027364216,144,20,3746,2025-08-06|2025-08-07|2025-08-08|2025-08-09|2025-08-10|2025-08-11|2025-08-12|2025-08-13|2025-08-14|2025-08-15|2025-08-16|2025-08-17|2025-08-18|2025-08-19|2025-08-20|2025-08-21|2025-08-22|2025-08-23|2025-08-24|2025-08-25,2025-08-26 00:00,2025-08-26 00:00,9.094947017729282e-13,1.1368683772161603e-13,0,True,Optimization terminated successfully. (HiGHS Status 7: Optimal),683,1.1368683772161603e-13
2025-08-26,6,0.044620874999964144,3950.7434152403393,108,20,2810,2025-08-06|2025-08-07|2025-08-08|2025-08-09|2025-08-10|2025-08-11|2025-08-12|2025-08-13|2025-08-14|2025-08-15|2025-08-16|2025-08-17|2025-08-18|2025-08-19|2025-08-20|2025-08-21|2025-08-22|2025-08-23|2025-08-24|2025-08-25,2025-08-26 06:00,2025-08-26 06:00,8.384404281969182e-13,2.2737367544323206e-13,0,True,Optimization terminated successfully. (HiGHS Status 7: Optimal),705,1.1368683772161603e-13
2025-08-26,12,0.03697008299968729,13848.326973965977,108,20,2810,2025-08-06|2025-08-07|2025-08-08|2025-08-09|2025-08-10|2025-08-11|2025-08-12|2025-08-13|2025-08-14|2025-08-15|2025-08-16|2025-08-17|2025-08-18|2025-08-19|2025-08-20|2025-08-21|2025-08-22|2025-08-23|2025-08-24|2025-08-25,2025-08-26 12:00,2025-08-26 12:00,9.094947017729282e-13,7.958078640513122e-13,0,True,Optimization terminated successfully. (HiGHS Status 7: Optimal),629,7.958078640513122e-13
2025-08-26,18,0.0349471249992348,16893.27174023884,108,20,2810,2025-08-06|2025-08-07|2025-08-08|2025-08-09|2025-08-10|2025-08-11|2025-08-12|2025-08-13|2025-08-14|2025-08-15|2025-08-16|2025-08-17|2025-08-18|2025-08-19|2025-08-20|2025-08-21|2025-08-22|2025-08-23|2025-08-24|2025-08-25,2025-08-26 18:00,2025-08-26 18:00,7.958078640513122e-13,7.958078640513122e-13,0,True,Optimization terminated successfully. (HiGHS Status 7: Optimal),615,7.958078640513122e-13
2025-08-27,0,0.05027449999943201,2395.4066298045136,144,20,3746,2025-08-07|2025-08-08|2025-08-09|2025-08-10|2025-08-11|2025-08-12|2025-08-13|2025-08-14|2025-08-15|2025-08-16|2025-08-17|2025-08-18|2025-08-19|2025-08-20|2025-08-21|2025-08-22|2025-08-23|2025-08-24|2025-08-25|2025-08-26,2025-08-27 00:00,2025-08-27 00:00,8.637535131583718e-13,2.2737367544323206e-13,0,True,Optimization terminated successfully. (HiGHS Status 7: Optimal),715,2.2737367544323206e-13
2025-08-27,6,0.046545166998839704,8521.838397907855,108,20,2810,2025-08-07|2025-08-08|2025-08-09|2025-08-10|2025-08-11|2025-08-12|2025-08-13|2025-08-14|2025-08-15|2025-08-16|2025-08-17|2025-08-18|2025-08-19|2025-08-20|2025-08-21|2025-08-22|2025-08-23|2025-08-24|2025-08-25|2025-08-26,2025-08-27 06:00,2025-08-27 06:00,8.171241461241152e-13,2.2737367544323206e-13,0,True,Optimization terminated successfully. (HiGHS Status 7: Optimal),818,1.1368683772161603e-13
2025-08-27,12,0.04470483300065098,16201.47980821932,108,20,2810,2025-08-07|2025-08-08|2025-08-09|2025-08-10|2025-08-11|2025-08-12|2025-08-13|2025-08-14|2025-08-15|2025-08-16|2025-08-17|2025-08-18|2025-08-19|2025-08-20|2025-08-21|2025-08-22|2025-08-23|2025-08-24|2025-08-25|2025-08-26,2025-08-27 12:00,2025-08-27 12:00,9.094947017729282e-13,2.2737367544323206e-13,0,True,Optimization terminated successfully. (HiGHS Status 7: Optimal),742,1.1368683772161603e-13
2025-08-27,18,0.04148104199884983,23028.45738125473,108,20,2810,2025-08-07|2025-08-08|2025-08-09|2025-08-10|2025-08-11|2025-08-12|2025-08-13|2025-08-14|2025-08-15|2025-08-16|2025-08-17|2025-08-18|2025-08-19|2025-08-20|2025-08-21|2025-08-22|2025-08-23|2025-08-24|2025-08-25|2025-08-26,2025-08-27 18:00,2025-08-27 18:00,7.958078640513122e-13,2.2737367544323206e-13,0,True,Optimization terminated successfully. (HiGHS Status 7: Optimal),666,1.1368683772161603e-13
2025-08-28,0,0.04985737500101095,2422.2016924470104,144,20,3746,2025-08-08|2025-08-09|2025-08-10|2025-08-11|2025-08-12|2025-08-13|2025-08-14|2025-08-15|2025-08-16|2025-08-17|2025-08-18|2025-08-19|2025-08-20|2025-08-21|2025-08-22|2025-08-23|2025-08-24|2025-08-25|2025-08-26|2025-08-27,2025-08-28 00:00,2025-08-28 00:00,8.242295734817162e-13,1.1368683772161603e-13,0,True,Optimization terminated successfully. (HiGHS Status 7: Optimal),709,1.1368683772161603e-13
2025-08-28,6,0.04573983299997053,8111.112568925141,108,20,2810,2025-08-08|2025-08-09|2025-08-10|2025-08-11|2025-08-12|2025-08-13|2025-08-14|2025-08-15|2025-08-16|2025-08-17|2025-08-18|2025-08-19|2025-08-20|2025-08-21|2025-08-22|2025-08-23|2025-08-24|2025-08-25|2025-08-26|2025-08-27,2025-08-28 06:00,2025-08-28 06:00,9.094947017729282e-13,1.1368683772161603e-13,0,True,Optimization terminated successfully. (HiGHS Status 7: Optimal),784,1.1368683772161603e-13
2025-08-28,12,0.04339099999924656,12722.107846736177,108,20,2810,2025-08-08|2025-08-09|2025-08-10|2025-08-11|2025-08-12|2025-08-13|2025-08-14|2025-08-15|2025-08-16|2025-08-17|2025-08-18|2025-08-19|2025-08-20|2025-08-21|2025-08-22|2025-08-23|2025-08-24|2025-08-25|2025-08-26|2025-08-27,2025-08-28 12:00,2025-08-28 12:00,8.526512829121202e-13,1.1368683772161603e-13,0,True,Optimization terminated successfully. (HiGHS Status 7: Optimal),750,1.1368683772161603e-13
2025-08-28,18,0.03314108299855434,8297.795816715254,108,20,2810,2025-08-08|2025-08-09|2025-08-10|2025-08-11|2025-08-12|2025-08-13|2025-08-14|2025-08-15|2025-08-16|2025-08-17|2025-08-18|2025-08-19|2025-08-20|2025-08-21|2025-08-22|2025-08-23|2025-08-24|2025-08-25|2025-08-26|2025-08-27,2025-08-28 18:00,2025-08-28 18:00,8.526512829121202e-13,7.958078640513122e-13,0,True,Optimization terminated successfully. (HiGHS Status 7: Optimal),559,7.958078640513122e-13
2025-08-29,0,0.050679374999162974,1047.3598836055498,144,20,3746,2025-08-09|2025-08-10|2025-08-11|2025-08-12|2025-08-13|2025-08-14|2025-08-15|2025-08-16|2025-08-17|2025-08-18|2025-08-19|2025-08-20|2025-08-21|2025-08-22|2025-08-23|2025-08-24|2025-08-25|2025-08-26|2025-08-27|2025-08-28,2025-08-29 00:00,2025-08-29 00:00,7.673861546209082e-13,2.2737367544323206e-13,0,True,Optimization terminated successfully. (HiGHS Status 7: Optimal),630,3.410605131648481e-13
2025-08-29,6,0.03165429199907521,244.64415476728857,108,20,2810,2025-08-09|2025-08-10|2025-08-11|2025-08-12|2025-08-13|2025-08-14|2025-08-15|2025-08-16|2025-08-17|2025-08-18|2025-08-19|2025-08-20|2025-08-21|2025-08-22|2025-08-23|2025-08-24|2025-08-25|2025-08-26|2025-08-27|2025-08-28,2025-08-29 06:00,2025-08-29 06:00,8.872902412804251e-13,0.0,0,True,Optimization terminated successfully. (HiGHS Status 7: Optimal),413,1.1368683772161603e-13
2025-08-29,12,0.03602345800027251,8451.611173042154,108,20,2810,2025-08-09|2025-08-10|2025-08-11|2025-08-12|2025-08-13|2025-08-14|2025-08-15|2025-08-16|2025-08-17|2025-08-18|2025-08-19|2025-08-20|2025-08-21|2025-08-22|2025-08-23|2025-08-24|2025-08-25|2025-08-26|2025-08-27|2025-08-28,2025-08-29 12:00,2025-08-29 12:00,8.526512829121202e-13,2.2737367544323206e-13,0,True,Optimization terminated successfully. (HiGHS Status 7: Optimal),555,1.1368683772161603e-13
2025-08-29,18,0.03491424999992887,7713.461518012417,108,20,2810,2025-08-09|2025-08-10|2025-08-11|2025-08-12|2025-08-13|2025-08-14|2025-08-15|2025-08-16|2025-08-17|2025-08-18|2025-08-19|2025-08-20|2025-08-21|2025-08-22|2025-08-23|2025-08-24|2025-08-25|2025-08-26|2025-08-27|2025-08-28,2025-08-29 18:00,2025-08-29 18:00,4.547473508864641e-13,5.684341886080802e-14,0,True,Optimization terminated successfully. (HiGHS Status 7: Optimal),524,1.1368683772161603e-13
2025-08-30,0,0.04942845799996576,1132.6989246577846,144,20,3746,2025-08-10|2025-08-11|2025-08-12|2025-08-13|2025-08-14|2025-08-15|2025-08-16|2025-08-17|2025-08-18|2025-08-19|2025-08-20|2025-08-21|2025-08-22|2025-08-23|2025-08-24|2025-08-25|2025-08-26|2025-08-27|2025-08-28|2025-08-29,2025-08-30 00:00,2025-08-30 00:00,8.526512829121202e-13,1.1368683772161603e-13,0,True,Optimization terminated successfully. (HiGHS Status 7: Optimal),625,2.2737367544323206e-13
2025-08-30,6,0.032462707999002305,727.0502926381852,108,20,2810,2025-08-10|2025-08-11|2025-08-12|2025-08-13|2025-08-14|2025-08-15|2025-08-16|2025-08-17|2025-08-18|2025-08-19|2025-08-20|2025-08-21|2025-08-22|2025-08-23|2025-08-24|2025-08-25|2025-08-26|2025-08-27|2025-08-28|2025-08-29,2025-08-30 06:00,2025-08-30 06:00,8.917311333789257e-13,2.2737367544323206e-13,0,True,Optimization terminated successfully. (HiGHS Status 7: Optimal),450,2.2737367544323206e-13
2025-08-30,12,0.03403279200028919,13513.945693507738,108,20,2810,2025-08-10|2025-08-11|2025-08-12|2025-08-13|2025-08-14|2025-08-15|2025-08-16|2025-08-17|2025-08-18|2025-08-19|2025-08-20|2025-08-21|2025-08-22|2025-08-23|2025-08-24|2025-08-25|2025-08-26|2025-08-27|2025-08-28|2025-08-29,2025-08-30 12:00,2025-08-30 12:00,8.641976023682219e-13,1.1368683772161603e-13,0,True,Optimization terminated successfully. (HiGHS Status 7: Optimal),555,2.2737367544323206e-13
2025-08-30,18,0.039501500001279055,16935.35721194042,108,20,2810,2025-08-10|2025-08-11|2025-08-12|2025-08-13|2025-08-14|2025-08-15|2025-08-16|2025-08-17|2025-08-18|2025-08-19|2025-08-20|2025-08-21|2025-08-22|2025-08-23|2025-08-24|2025-08-25|2025-08-26|2025-08-27|2025-08-28|2025-08-29,2025-08-30 18:00,2025-08-30 18:00,7.958078640513122e-13,1.1368683772161603e-13,0,True,Optimization terminated successfully. (HiGHS Status 7: Optimal),619,2.2737367544323206e-13
2025-08-31,0,0.05544829199970991,2102.7392968914655,144,20,3746,2025-08-11|2025-08-12|2025-08-13|2025-08-14|2025-08-15|2025-08-16|2025-08-17|2025-08-18|2025-08-19|2025-08-20|2025-08-21|2025-08-22|2025-08-23|2025-08-24|2025-08-25|2025-08-26|2025-08-27|2025-08-28|2025-08-29|2025-08-30,2025-08-31 00:00,2025-08-31 00:00,7.958078640513122e-13,2.2737367544323206e-13,0,True,Optimization terminated successfully. (HiGHS Status 7: Optimal),722,2.2737367544323206e-13
2025-08-31,6,0.03884516600010102,3627.5688201851417,108,20,2810,2025-08-11|2025-08-12|2025-08-13|2025-08-14|2025-08-15|2025-08-16|2025-08-17|2025-08-18|2025-08-19|2025-08-20|2025-08-21|2025-08-22|2025-08-23|2025-08-24|2025-08-25|2025-08-26|2025-08-27|2025-08-28|2025-08-29|2025-08-30,2025-08-31 06:00,2025-08-31 06:00,9.094947017729282e-13,1.1368683772161603e-13,0,True,Optimization terminated successfully. (HiGHS Status 7: Optimal),688,1.1368683772161603e-13
2025-08-31,12,0.03883137499906297,13408.088526021975,108,20,2810,2025-08-11|2025-08-12|2025-08-13|2025-08-14|2025-08-15|2025-08-16|2025-08-17|2025-08-18|2025-08-19|2025-08-20|2025-08-21|2025-08-22|2025-08-23|2025-08-24|2025-08-25|2025-08-26|2025-08-27|2025-08-28|2025-08-29|2025-08-30,2025-08-31 12:00,2025-08-31 12:00,9.094947017729282e-13,7.958078640513122e-13,0,True,Optimization terminated successfully. (HiGHS Status 7: Optimal),629,7.958078640513122e-13
2025-08-31,18,0.042006749999927706,20290.459651363148,108,20,2810,2025-08-11|2025-08-12|2025-08-13|2025-08-14|2025-08-15|2025-08-16|2025-08-17|2025-08-18|2025-08-19|2025-08-20|2025-08-21|2025-08-22|2025-08-23|2025-08-24|2025-08-25|2025-08-26|2025-08-27|2025-08-28|2025-08-29|2025-08-30,2025-08-31 18:00,2025-08-31 18:00,7.958078640513122e-13,7.958078640513122e-13,0,True,Optimization terminated successfully. (HiGHS Status 7: Optimal),649,7.958078640513122e-13
2025-09-01,0,0.05082204099926457,2791.1971262988927,144,20,3746,2025-08-12|2025-08-13|2025-08-14|2025-08-15|2025-08-16|2025-08-17|2025-08-18|2025-08-19|2025-08-20|2025-08-21|2025-08-22|2025-08-23|2025-08-24|2025-08-25|2025-08-26|2025-08-27|2025-08-28|2025-08-29|2025-08-30|2025-08-31,2025-09-01 00:00,2025-09-01 00:00,1.0231815394945443e-12,1.0800249583553523e-12,0,True,Optimization terminated successfully. (HiGHS Status 7: Optimal),724,1.0800249583553523e-12
2025-09-01,6,0.0329999579989817,-1394.3067735842449,108,20,2810,2025-08-12|2025-08-13|2025-08-14|2025-08-15|2025-08-16|2025-08-17|2025-08-18|2025-08-19|2025-08-20|2025-08-21|2025-08-22|2025-08-23|2025-08-24|2025-08-25|2025-08-26|2025-08-27|2025-08-28|2025-08-29|2025-08-30|2025-08-31,2025-09-01 06:00,2025-09-01 06:00,8.810729923425242e-13,2.2737367544323206e-13,0,True,Optimization terminated successfully. (HiGHS Status 7: Optimal),544,2.2737367544323206e-13
2025-09-01,12,0.03964720900148677,13445.82101954273,108,20,2810,2025-08-12|2025-08-13|2025-08-14|2025-08-15|2025-08-16|2025-08-17|2025-08-18|2025-08-19|2025-08-20|2025-08-21|2025-08-22|2025-08-23|2025-08-24|2025-08-25|2025-08-26|2025-08-27|2025-08-28|2025-08-29|2025-08-30|2025-08-31,2025-09-01 12:00,2025-09-01 12:00,8.526512829121202e-13,2.2737367544323206e-13,0,True,Optimization terminated successfully. (HiGHS Status 7: Optimal),683,2.2737367544323206e-13
2025-09-01,18,0.040684207999220234,18353.293222225562,108,20,2810,2025-08-12|2025-08-13|2025-08-14|2025-08-15|2025-08-16|2025-08-17|2025-08-18|2025-08-19|2025-08-20|2025-08-21|2025-08-22|2025-08-23|2025-08-24|2025-08-25|2025-08-26|2025-08-27|2025-08-28|2025-08-29|2025-08-30|2025-08-31,2025-09-01 18:00,2025-09-01 18:00,7.958078640513122e-13,2.2737367544323206e-13,0,True,Optimization terminated successfully. (HiGHS Status 7: Optimal),632,2.2737367544323206e-13
2025-09-02,0,0.05024545800006308,2536.422414079069,144,20,3746,2025-08-13|2025-08-14|2025-08-15|2025-08-16|2025-08-17|2025-08-18|2025-08-19|2025-08-20|2025-08-21|2025-08-22|2025-08-23|2025-08-24|2025-08-25|2025-08-26|2025-08-27|2025-08-28|2025-08-29|2025-08-30|2025-08-31|2025-09-01,2025-09-02 00:00,2025-09-02 00:00,8.100187187665142e-13,2.2737367544323206e-13,0,True,Optimization terminated successfully. (HiGHS Status 7: Optimal),692,2.2737367544323206e-13
2025-09-02,6,0.04696291599975666,6114.713061888568,108,20,2810,2025-08-13|2025-08-14|2025-08-15|2025-08-16|2025-08-17|2025-08-18|2025-08-19|2025-08-20|2025-08-21|2025-08-22|2025-08-23|2025-08-24|2025-08-25|2025-08-26|2025-08-27|2025-08-28|2025-08-29|2025-08-30|2025-08-31|2025-09-01,2025-09-02 06:00,2025-09-02 06:00,7.958078640513122e-13,2.2737367544323206e-13,0,True,Optimization terminated successfully. (HiGHS Status 7: Optimal),804,2.2737367544323206e-13
2025-09-02,12,0.039936375000252156,14472.742835554072,108,20,2810,2025-08-13|2025-08-14|2025-08-15|2025-08-16|2025-08-17|2025-08-18|2025-08-19|2025-08-20|2025-08-21|2025-08-22|2025-08-23|2025-08-24|2025-08-25|2025-08-26|2025-08-27|2025-08-28|2025-08-29|2025-08-30|2025-08-31|2025-09-01,2025-09-02 12:00,2025-09-02 12:00,8.988365607365267e-13,2.2737367544323206e-13,0,True,Optimization terminated successfully. (HiGHS Status 7: Optimal),693,2.2737367544323206e-13
2025-09-02,18,0.03925991700089071,16470.949236962064,108,20,2810,2025-08-13|2025-08-14|2025-08-15|2025-08-16|2025-08-17|2025-08-18|2025-08-19|2025-08-20|2025-08-21|2025-08-22|2025-08-23|2025-08-24|2025-08-25|2025-08-26|2025-08-27|2025-08-28|2025-08-29|2025-08-30|2025-08-31|2025-09-01,2025-09-02 18:00,2025-09-02 18:00,7.958078640513122e-13,2.2737367544323206e-13,0,True,Optimization terminated successfully. (HiGHS Status 7: Optimal),632,2.2737367544323206e-13
2025-09-03,0,0.05197175000103016,2690.7887346901625,144,20,3746,2025-08-14|2025-08-15|2025-08-16|2025-08-17|2025-08-18|2025-08-19|2025-08-20|2025-08-21|2025-08-22|2025-08-23|2025-08-24|2025-08-25|2025-08-26|2025-08-27|2025-08-28|2025-08-29|2025-08-30|2025-08-31|2025-09-01|2025-09-02,2025-09-03 00:00,2025-09-03 00:00,9.094947017729282e-13,6.821210263296962e-13,0,True,Optimization terminated successfully. (HiGHS Status 7: Optimal),707,6.821210263296962e-13
2025-09-03,6,0.04106941600002756,1562.4664098415428,108,20,2810,2025-08-14|2025-08-15|2025-08-16|2025-08-17|2025-08-18|2025-08-19|2025-08-20|2025-08-21|2025-08-22|2025-08-23|2025-08-24|2025-08-25|2025-08-26|2025-08-27|2025-08-28|2025-08-29|2025-08-30|2025-08-31|2025-09-01|2025-09-02,2025-09-03 06:00,2025-09-03 06:00,9.094947017729282e-13,2.2737367544323206e-13,0,True,Optimization terminated successfully. (HiGHS Status 7: Optimal),630,2.2737367544323206e-13
2025-09-03,12,0.040990292000060435,13898.948445144868,108,20,2810,2025-08-14|2025-08-15|2025-08-16|2025-08-17|2025-08-18|2025-08-19|2025-08-20|2025-08-21|2025-08-22|2025-08-23|2025-08-24|2025-08-25|2025-08-26|2025-08-27|2025-08-28|2025-08-29|2025-08-30|2025-08-31|2025-09-01|2025-09-02,2025-09-03 12:00,2025-09-03 12:00,8.189005029635155e-13,2.2737367544323206e-13,0,True,Optimization terminated successfully. (HiGHS Status 7: Optimal),684,2.2737367544323206e-13
2025-09-03,18,0.04071012500025972,16131.945499926325,108,20,2810,2025-08-14|2025-08-15|2025-08-16|2025-08-17|2025-08-18|2025-08-19|2025-08-20|2025-08-21|2025-08-22|2025-08-23|2025-08-24|2025-08-25|2025-08-26|2025-08-27|2025-08-28|2025-08-29|2025-08-30|2025-08-31|2025-09-01|2025-09-02,2025-09-03 18:00,2025-09-03 18:00,9.094947017729282e-13,2.2737367544323206e-13,0,True,Optimization terminated successfully. (HiGHS Status 7: Optimal),616,2.2737367544323206e-13
2025-09-04,0,0.04943245799950091,2821.346357119012,144,20,3746,2025-08-15|2025-08-16|2025-08-17|2025-08-18|2025-08-19|2025-08-20|2025-08-21|2025-08-22|2025-08-23|2025-08-24|2025-08-25|2025-08-26|2025-08-27|2025-08-28|2025-08-29|2025-08-30|2025-08-31|2025-09-01|2025-09-02|2025-09-03,2025-09-04 00:00,2025-09-04 00:00,8.526512829121202e-13,4.831690603168681e-13,0,True,Optimization terminated successfully. (HiGHS Status 7: Optimal),697,4.547473508864641e-13
2025-09-04,6,0.036821624998992775,1778.512131673935,108,20,2810,2025-08-15|2025-08-16|2025-08-17|2025-08-18|2025-08-19|2025-08-20|2025-08-21|2025-08-22|2025-08-23|2025-08-24|2025-08-25|2025-08-26|2025-08-27|2025-08-28|2025-08-29|2025-08-30|2025-08-31|2025-09-01|2025-09-02|2025-09-03,2025-09-04 06:00,2025-09-04 06:00,8.526512829121202e-13,1.1368683772161603e-13,0,True,Optimization terminated successfully. (HiGHS Status 7: Optimal),603,1.1368683772161603e-13
2025-09-04,12,0.04083270799856109,7981.92953481117,108,20,2810,2025-08-15|2025-08-16|2025-08-17|2025-08-18|2025-08-19|2025-08-20|2025-08-21|2025-08-22|2025-08-23|2025-08-24|2025-08-25|2025-08-26|2025-08-27|2025-08-28|2025-08-29|2025-08-30|2025-08-31|2025-09-01|2025-09-02|2025-09-03,2025-09-04 12:00,2025-09-04 12:00,8.810729923425242e-13,7.958078640513122e-13,0,True,Optimization terminated successfully. (HiGHS Status 7: Optimal),641,7.958078640513122e-13
2025-09-04,18,0.031759499999679974,7526.507956922272,108,20,2810,2025-08-15|2025-08-16|2025-08-17|2025-08-18|2025-08-19|2025-08-20|2025-08-21|2025-08-22|2025-08-23|2025-08-24|2025-08-25|2025-08-26|2025-08-27|2025-08-28|2025-08-29|2025-08-30|2025-08-31|2025-09-01|2025-09-02|2025-09-03,2025-09-04 18:00,2025-09-04 18:00,7.958078640513122e-13,7.958078640513122e-13,0,True,Optimization terminated successfully. (HiGHS Status 7: Optimal),540,7.958078640513122e-13
2025-09-05,0,0.04499283299992385,992.3097321518372,144,20,3746,2025-08-16|2025-08-17|2025-08-18|2025-08-19|2025-08-20|2025-08-21|2025-08-22|2025-08-23|2025-08-24|2025-08-25|2025-08-26|2025-08-27|2025-08-28|2025-08-29|2025-08-30|2025-08-31|2025-09-01|2025-09-02|2025-09-03|2025-09-04,2025-09-05 00:00,2025-09-05 00:00,8.526512829121202e-13,2.2737367544323206e-13,0,True,Optimization terminated successfully. (HiGHS Status 7: Optimal),599,2.2737367544323206e-13
2025-09-05,6,0.028886291998787783,563.759007822066,108,20,2810,2025-08-16|2025-08-17|2025-08-18|2025-08-19|2025-08-20|2025-08-21|2025-08-22|2025-08-23|2025-08-24|2025-08-25|2025-08-26|2025-08-27|2025-08-28|2025-08-29|2025-08-30|2025-08-31|2025-09-01|2025-09-02|2025-09-03|2025-09-04,2025-09-05 06:00,2025-09-05 06:00,9.094947017729282e-13,2.2737367544323206e-13,0,True,Optimization terminated successfully. (HiGHS Status 7: Optimal),451,2.2737367544323206e-13
2025-09-05,12,0.036862499999188,8012.422134441692,108,20,2810,2025-08-16|2025-08-17|2025-08-18|2025-08-19|2025-08-20|2025-08-21|2025-08-22|2025-08-23|2025-08-24|2025-08-25|2025-08-26|2025-08-27|2025-08-28|2025-08-29|2025-08-30|2025-08-31|2025-09-01|2025-09-02|2025-09-03|2025-09-04,2025-09-05 12:00,2025-09-05 12:00,8.526512829121202e-13,2.2737367544323206e-13,0,True,Optimization terminated successfully. (HiGHS Status 7: Optimal),533,2.2737367544323206e-13
2025-09-05,18,0.03503124999951979,7504.1948556501,108,20,2810,2025-08-16|2025-08-17|2025-08-18|2025-08-19|2025-08-20|2025-08-21|2025-08-22|2025-08-23|2025-08-24|2025-08-25|2025-08-26|2025-08-27|2025-08-28|2025-08-29|2025-08-30|2025-08-31|2025-09-01|2025-09-02|2025-09-03|2025-09-04,2025-09-05 18:00,2025-09-05 18:00,4.547473508864641e-13,2.2737367544323206e-13,0,True,Optimization terminated successfully. (HiGHS Status 7: Optimal),527,2.2737367544323206e-13
2025-09-06,0,0.04580162499951257,1065.4976938447658,144,20,3746,2025-08-17|2025-08-18|2025-08-19|2025-08-20|2025-08-21|2025-08-22|2025-08-23|2025-08-24|2025-08-25|2025-08-26|2025-08-27|2025-08-28|2025-08-29|2025-08-30|2025-08-31|2025-09-01|2025-09-02|2025-09-03|2025-09-04|2025-09-05,2025-09-06 00:00,2025-09-06 00:00,8.526512829121202e-13,2.2737367544323206e-13,0,True,Optimization terminated successfully. (HiGHS Status 7: Optimal),597,2.2737367544323206e-13
2025-09-06,6,0.031032374999995227,1077.1916417449906,108,20,2810,2025-08-17|2025-08-18|2025-08-19|2025-08-20|2025-08-21|2025-08-22|2025-08-23|2025-08-24|2025-08-25|2025-08-26|2025-08-27|2025-08-28|2025-08-29|2025-08-30|2025-08-31|2025-09-01|2025-09-02|2025-09-03|2025-09-04|2025-09-05,2025-09-06 06:00,2025-09-06 06:00,9.094947017729282e-13,2.2737367544323206e-13,0,True,Optimization terminated successfully. (HiGHS Status 7: Optimal),459,2.2737367544323206e-13
2025-09-06,12,0.035738542001126916,12705.733759785495,108,20,2810,2025-08-17|2025-08-18|2025-08-19|2025-08-20|2025-08-21|2025-08-22|2025-08-23|2025-08-24|2025-08-25|2025-08-26|2025-08-27|2025-08-28|2025-08-29|2025-08-30|2025-08-31|2025-09-01|2025-09-02|2025-09-03|2025-09-04|2025-09-05,2025-09-06 12:00,2025-09-06 12:00,9.094947017729282e-13,2.2737367544323206e-13,0,True,Optimization terminated successfully. (HiGHS Status 7: Optimal),544,2.2737367544323206e-13
2025-09-06,18,0.03875566700116906,19094.94087626279,108,20,2810,2025-08-17|2025-08-18|2025-08-19|2025-08-20|2025-08-21|2025-08-22|2025-08-23|2025-08-24|2025-08-25|2025-08-26|2025-08-27|2025-08-28|2025-08-29|2025-08-30|2025-08-31|2025-09-01|2025-09-02|2025-09-03|2025-09-04|2025-09-05,2025-09-06 18:00,2025-09-06 18:00,9.094947017729282e-13,2.2737367544323206e-13,0,True,Optimization terminated successfully. (HiGHS Status 7: Optimal),644,2.2737367544323206e-13
2025-09-07,0,0.05150474999936705,2385.174115683082,144,20,3746,2025-08-18|2025-08-19|2025-08-20|2025-08-21|2025-08-22|2025-08-23|2025-08-24|2025-08-25|2025-08-26|2025-08-27|2025-08-28|2025-08-29|2025-08-30|2025-08-31|2025-09-01|2025-09-02|2025-09-03|2025-09-04|2025-09-05|2025-09-06,2025-09-07 00:00,2025-09-07 00:00,9.094947017729282e-13,2.2737367544323206e-13,0,True,Optimization terminated successfully. (HiGHS Status 7: Optimal),692,2.2737367544323206e-13
2025-09-07,6,0.044748749998689163,6630.057459291462,108,20,2810,2025-08-18|2025-08-19|2025-08-20|2025-08-21|2025-08-22|2025-08-23|2025-08-24|2025-08-25|2025-08-26|2025-08-27|2025-08-28|2025-08-29|2025-08-30|2025-08-31|2025-09-01|2025-09-02|2025-09-03|2025-09-04|2025-09-05|2025-09-06,2025-09-07 06:00,2025-09-07 06:00,8.86846152070575e-13,1.1368683772161603e-13,0,True,Optimization terminated successfully. (HiGHS Status 7: Optimal),800,1.1368683772161603e-13
2025-09-07,12,0.03667999999925087,12551.185646761673,108,20,2810,2025-08-18|2025-08-19|2025-08-20|2025-08-21|2025-08-22|2025-08-23|2025-08-24|2025-08-25|2025-08-26|2025-08-27|2025-08-28|2025-08-29|2025-08-30|2025-08-31|2025-09-01|2025-09-02|2025-09-03|2025-09-04|2025-09-05|2025-09-06,2025-09-07 12:00,2025-09-07 12:00,9.094947017729282e-13,1.1368683772161603e-13,0,True,Optimization terminated successfully. (HiGHS Status 7: Optimal),654,1.1368683772161603e-13
2025-09-07,18,0.03804037500049162,16059.928407014497,108,20,2810,2025-08-18|2025-08-19|2025-08-20|2025-08-21|2025-08-22|2025-08-23|2025-08-24|2025-08-25|2025-08-26|2025-08-27|2025-08-28|2025-08-29|2025-08-30|2025-08-31|2025-09-01|2025-09-02|2025-09-03|2025-09-04|2025-09-05|2025-09-06,2025-09-07 18:00,2025-09-07 18:00,9.094947017729282e-13,1.1368683772161603e-13,0,True,Optimization terminated successfully. (HiGHS Status 7: Optimal),629,1.1368683772161603e-13
2025-09-08,0,0.04928258300060406,2744.549747510568,144,20,3746,2025-08-19|2025-08-20|2025-08-21|2025-08-22|2025-08-23|2025-08-24|2025-08-25|2025-08-26|2025-08-27|2025-08-28|2025-08-29|2025-08-30|2025-08-31|2025-09-01|2025-09-02|2025-09-03|2025-09-04|2025-09-05|2025-09-06|2025-09-07,2025-09-08 00:00,2025-09-08 00:00,9.094947017729282e-13,1.1368683772161603e-13,0,True,Optimization terminated successfully. (HiGHS Status 7: Optimal),727,1.1368683772161603e-13
2025-09-08,6,0.03639866599951347,2113.421327861687,108,20,2810,2025-08-19|2025-08-20|2025-08-21|2025-08-22|2025-08-23|2025-08-24|2025-08-25|2025-08-26|2025-08-27|2025-08-28|2025-08-29|2025-08-30|2025-08-31|2025-09-01|2025-09-02|2025-09-03|2025-09-04|2025-09-05|2025-09-06|2025-09-07,2025-09-08 06:00,2025-09-08 06:00,9.094947017729282e-13,1.1368683772161603e-13,0,True,Optimization terminated successfully. (HiGHS Status 7: Optimal),629,1.1368683772161603e-13
2025-09-08,12,0.04146495799977856,13609.31263298466,108,20,2810,2025-08-19|2025-08-20|2025-08-21|2025-08-22|2025-08-23|2025-08-24|2025-08-25|2025-08-26|2025-08-27|2025-08-28|2025-08-29|2025-08-30|2025-08-31|2025-09-01|2025-09-02|2025-09-03|2025-09-04|2025-09-05|2025-09-06|2025-09-07,2025-09-08 12:00,2025-09-08 12:00,9.094947017729282e-13,1.1368683772161603e-13,0,True,Optimization terminated successfully. (HiGHS Status 7: Optimal),708,1.1368683772161603e-13
2025-09-08,18,0.03922308300025179,14165.058845696494,108,20,2810,2025-08-19|2025-08-20|2025-08-21|2025-08-22|2025-08-23|2025-08-24|2025-08-25|2025-08-26|2025-08-27|2025-08-28|2025-08-29|2025-08-30|2025-08-31|2025-09-01|2025-09-02|2025-09-03|2025-09-04|2025-09-05|2025-09-06|2025-09-07,2025-09-08 18:00,2025-09-08 18:00,7.958078640513122e-13,7.958078640513122e-13,0,True,Optimization terminated successfully. (HiGHS Status 7: Optimal),611,7.958078640513122e-13
2025-09-09,0,0.04967866699917067,2376.407168550717,144,20,3746,2025-08-20|2025-08-21|2025-08-22|2025-08-23|2025-08-24|2025-08-25|2025-08-26|2025-08-27|2025-08-28|2025-08-29|2025-08-30|2025-08-31|2025-09-01|2025-09-02|2025-09-03|2025-09-04|2025-09-05|2025-09-06|2025-09-07|2025-09-08,2025-09-09 00:00,2025-09-09 00:00,9.094947017729282e-13,1.1368683772161603e-13,0,True,Optimization terminated successfully. (HiGHS Status 7: Optimal),676,2.2737367544323206e-13
2025-09-09,6,0.0443152089992509,7036.942380475923,108,20,2810,2025-08-20|2025-08-21|2025-08-22|2025-08-23|2025-08-24|2025-08-25|2025-08-26|2025-08-27|2025-08-28|2025-08-29|2025-08-30|2025-08-31|2025-09-01|2025-09-02|2025-09-03|2025-09-04|2025-09-05|2025-09-06|2025-09-07|2025-09-08,2025-09-09 06:00,2025-09-09 06:00,9.094947017729282e-13,1.1368683772161603e-13,0,True,Optimization terminated successfully. (HiGHS Status 7: Optimal),756,2.2737367544323206e-13
2025-09-09,12,0.038865458000145736,14032.670717061837,108,20,2810,2025-08-20|2025-08-21|2025-08-22|2025-08-23|2025-08-24|2025-08-25|2025-08-26|2025-08-27|2025-08-28|2025-08-29|2025-08-30|2025-08-31|2025-09-01|2025-09-02|2025-09-03|2025-09-04|2025-09-05|2025-09-06|2025-09-07|2025-09-08,2025-09-09 12:00,2025-09-09 12:00,8.526512829121202e-13,1.1368683772161603e-13,0,True,Optimization terminated successfully. (HiGHS Status 7: Optimal),698,2.2737367544323206e-13
2025-09-09,18,0.040879750000385684,21130.4183149306,108,20,2810,2025-08-20|2025-08-21|2025-08-22|2025-08-23|2025-08-24|2025-08-25|2025-08-26|2025-08-27|2025-08-28|2025-08-29|2025-08-30|2025-08-31|2025-09-01|2025-09-02|2025-09-03|2025-09-04|2025-09-05|2025-09-06|2025-09-07|2025-09-08,2025-09-09 18:00,2025-09-09 18:00,7.958078640513122e-13,1.1368683772161603e-13,0,True,Optimization terminated successfully. (HiGHS Status 7: Optimal),655,2.2737367544323206e-13
2025-09-10,0,0.05367366700011189,3094.7907090829917,144,20,3746,2025-08-21|2025-08-22|2025-08-23|2025-08-24|2025-08-25|2025-08-26|2025-08-27|2025-08-28|2025-08-29|2025-08-30|2025-08-31|2025-09-01|2025-09-02|2025-09-03|2025-09-04|2025-09-05|2025-09-06|2025-09-07|2025-09-08|2025-09-09,2025-09-10 00:00,2025-09-10 00:00,9.094947017729282e-13,2.2737367544323206e-13,0,True,Optimization terminated successfully. (HiGHS Status 7: Optimal),732,2.2737367544323206e-13
2025-09-10,6,0.03815054200094892,468.84220634473644,108,20,2810,2025-08-21|2025-08-22|2025-08-23|2025-08-24|2025-08-25|2025-08-26|2025-08-27|2025-08-28|2025-08-29|2025-08-30|2025-08-31|2025-09-01|2025-09-02|2025-09-03|2025-09-04|2025-09-05|2025-09-06|2025-09-07|2025-09-08|2025-09-09,2025-09-10 06:00,2025-09-10 06:00,9.094947017729282e-13,2.2737367544323206e-13,0,True,Optimization terminated successfully. (HiGHS Status 7: Optimal),604,2.2737367544323206e-13
2025-09-10,12,0.04327337500035355,13363.37893363768,108,20,2810,2025-08-21|2025-08-22|2025-08-23|2025-08-24|2025-08-25|2025-08-26|2025-08-27|2025-08-28|2025-08-29|2025-08-30|2025-08-31|2025-09-01|2025-09-02|2025-09-03|2025-09-04|2025-09-05|2025-09-06|2025-09-07|2025-09-08|2025-09-09,2025-09-10 12:00,2025-09-10 12:00,8.757439218243235e-13,2.2737367544323206e-13,0,True,Optimization terminated successfully. (HiGHS Status 7: Optimal),732,2.2737367544323206e-13
2025-09-10,18,0.03872433399919828,16764.97015837544,108,20,2810,2025-08-21|2025-08-22|2025-08-23|2025-08-24|2025-08-25|2025-08-26|2025-08-27|2025-08-28|2025-08-29|2025-08-30|2025-08-31|2025-09-01|2025-09-02|2025-09-03|2025-09-04|2025-09-05|2025-09-06|2025-09-07|2025-09-08|2025-09-09,2025-09-10 18:00,2025-09-10 18:00,7.958078640513122e-13,2.2737367544323206e-13,0,True,Optimization terminated successfully. (HiGHS Status 7: Optimal),635,2.2737367544323206e-13
2025-09-11,0,0.04773570900033519,3020.5475601816006,144,20,3746,2025-08-22|2025-08-23|2025-08-24|2025-08-25|2025-08-26|2025-08-27|2025-08-28|2025-08-29|2025-08-30|2025-08-31|2025-09-01|2025-09-02|2025-09-03|2025-09-04|2025-09-05|2025-09-06|2025-09-07|2025-09-08|2025-09-09|2025-09-10,2025-09-11 00:00,2025-09-11 00:00,1.0231815394945443e-12,4.547473508864641e-13,0,True,Optimization terminated successfully. (HiGHS Status 7: Optimal),696,4.547473508864641e-13
2025-09-11,6,0.033624542000325164,-948.0940237478281,108,20,2810,2025-08-22|2025-08-23|2025-08-24|2025-08-25|2025-08-26|2025-08-27|2025-08-28|2025-08-29|2025-08-30|2025-08-31|2025-09-01|2025-09-02|2025-09-03|2025-09-04|2025-09-05|2025-09-06|2025-09-07|2025-09-08|2025-09-09|2025-09-10,2025-09-11 06:00,2025-09-11 06:00,9.094947017729282e-13,2.2737367544323206e-13,0,True,Optimization terminated successfully. (HiGHS Status 7: Optimal),551,2.2737367544323206e-13
2025-09-11,12,0.03864858400083904,5997.298571125306,108,20,2810,2025-08-22|2025-08-23|2025-08-24|2025-08-25|2025-08-26|2025-08-27|2025-08-28|2025-08-29|2025-08-30|2025-08-31|2025-09-01|2025-09-02|2025-09-03|2025-09-04|2025-09-05|2025-09-06|2025-09-07|2025-09-08|2025-09-09|2025-09-10,2025-09-11 12:00,2025-09-11 12:00,9.094947017729282e-13,1.1368683772161603e-13,0,True,Optimization terminated successfully. (HiGHS Status 7: Optimal),638,1.1368683772161603e-13
2025-09-11,18,0.03434999999990396,6826.920848893449,108,20,2810,2025-08-22|2025-08-23|2025-08-24|2025-08-25|2025-08-26|2025-08-27|2025-08-28|2025-08-29|2025-08-30|2025-08-31|2025-09-01|2025-09-02|2025-09-03|2025-09-04|2025-09-05|2025-09-06|2025-09-07|2025-09-08|2025-09-09|2025-09-10,2025-09-11 18:00,2025-09-11 18:00,7.958078640513122e-13,1.1368683772161603e-13,0,True,Optimization terminated successfully. (HiGHS Status 7: Optimal),539,1.1368683772161603e-13
2025-09-12,0,0.04463575000045239,1205.0704516680619,144,20,3746,2025-08-23|2025-08-24|2025-08-25|2025-08-26|2025-08-27|2025-08-28|2025-08-29|2025-08-30|2025-08-31|2025-09-01|2025-09-02|2025-09-03|2025-09-04|2025-09-05|2025-09-06|2025-09-07|2025-09-08|2025-09-09|2025-09-10|2025-09-11,2025-09-12 00:00,2025-09-12 00:00,7.958078640513122e-13,1.7053025658242404e-12,0,True,Optimization terminated successfully. (HiGHS Status 7: Optimal),610,1.7053025658242404e-12
2025-09-12,6,0.030622958998719696,607.652546305972,108,20,2810,2025-08-23|2025-08-24|2025-08-25|2025-08-26|2025-08-27|2025-08-28|2025-08-29|2025-08-30|2025-08-31|2025-09-01|2025-09-02|2025-09-03|2025-09-04|2025-09-05|2025-09-06|2025-09-07|2025-09-08|2025-09-09|2025-09-10|2025-09-11,2025-09-12 06:00,2025-09-12 06:00,9.094947017729282e-13,1.7053025658242404e-12,0,True,Optimization terminated successfully. (HiGHS Status 7: Optimal),384,1.7053025658242404e-12
2025-09-12,12,0.03738912500011793,7481.888637301069,108,20,2810,2025-08-23|2025-08-24|2025-08-25|2025-08-26|2025-08-27|2025-08-28|2025-08-29|2025-08-30|2025-08-31|2025-09-01|2025-09-02|2025-09-03|2025-09-04|2025-09-05|2025-09-06|2025-09-07|2025-09-08|2025-09-09|2025-09-10|2025-09-11,2025-09-12 12:00,2025-09-12 12:00,8.304468224196171e-13,1.7053025658242404e-12,0,True,Optimization terminated successfully. (HiGHS Status 7: Optimal),600,1.7053025658242404e-12
2025-09-12,18,0.032074749999082997,6652.055019632173,108,20,2810,2025-08-23|2025-08-24|2025-08-25|2025-08-26|2025-08-27|2025-08-28|2025-08-29|2025-08-30|2025-08-31|2025-09-01|2025-09-02|2025-09-03|2025-09-04|2025-09-05|2025-09-06|2025-09-07|2025-09-08|2025-09-09|2025-09-10|2025-09-11,2025-09-12 18:00,2025-09-12 18:00,7.958078640513122e-13,1.7053025658242404e-12,0,True,Optimization terminated successfully. (HiGHS Status 7: Optimal),511,1.7053025658242404e-12
2025-09-13,0,0.045007708000412094,1140.3505248620959,144,20,3746,2025-08-24|2025-08-25|2025-08-26|2025-08-27|2025-08-28|2025-08-29|2025-08-30|2025-08-31|2025-09-01|2025-09-02|2025-09-03|2025-09-04|2025-09-05|2025-09-06|2025-09-07|2025-09-08|2025-09-09|2025-09-10|2025-09-11|2025-09-12,2025-09-13 00:00,2025-09-13 00:00,6.821210263296962e-13,6.821210263296962e-13,0,True,Optimization terminated successfully. (HiGHS Status 7: Optimal),597,6.821210263296962e-13
2025-09-13,6,0.03338433299904864,958.2966674854986,108,20,2810,2025-08-24|2025-08-25|2025-08-26|2025-08-27|2025-08-28|2025-08-29|2025-08-30|2025-08-31|2025-09-01|2025-09-02|2025-09-03|2025-09-04|2025-09-05|2025-09-06|2025-09-07|2025-09-08|2025-09-09|2025-09-10|2025-09-11|2025-09-12,2025-09-13 06:00,2025-09-13 06:00,7.958078640513122e-13,6.821210263296962e-13,0,True,Optimization terminated successfully. (HiGHS Status 7: Optimal),466,6.821210263296962e-13
2025-09-13,12,0.03740754200043739,11270.049651785643,108,20,2810,2025-08-24|2025-08-25|2025-08-26|2025-08-27|2025-08-28|2025-08-29|2025-08-30|2025-08-31|2025-09-01|2025-09-02|2025-09-03|2025-09-04|2025-09-05|2025-09-06|2025-09-07|2025-09-08|2025-09-09|2025-09-10|2025-09-11|2025-09-12,2025-09-13 12:00,2025-09-13 12:00,8.526512829121202e-13,6.821210263296962e-13,0,True,Optimization terminated successfully. (HiGHS Status 7: Optimal),558,6.821210263296962e-13
2025-09-13,18,0.043571791000431404,23586.25630758869,108,20,2810,2025-08-24|2025-08-25|2025-08-26|2025-08-27|2025-08-28|2025-08-29|2025-08-30|2025-08-31|2025-09-01|2025-09-02|2025-09-03|2025-09-04|2025-09-05|2025-09-06|2025-09-07|2025-09-08|2025-09-09|2025-09-10|2025-09-11|2025-09-12,2025-09-13 18:00,2025-09-13 18:00,7.958078640513122e-13,6.821210263296962e-13,0,True,Optimization terminated successfully. (HiGHS Status 7: Optimal),653,6.821210263296962e-13
2025-09-14,0,0.05591416700008267,3330.181678651521,144,20,3746,2025-08-25|2025-08-26|2025-08-27|2025-08-28|2025-08-29|2025-08-30|2025-08-31|2025-09-01|2025-09-02|2025-09-03|2025-09-04|2025-09-05|2025-09-06|2025-09-07|2025-09-08|2025-09-09|2025-09-10|2025-09-11|2025-09-12|2025-09-13,2025-09-14 00:00,2025-09-14 00:00,8.171241461241152e-13,2.2737367544323206e-13,0,True,Optimization terminated successfully. (HiGHS Status 7: Optimal),735,2.8421709430404007e-13
2025-09-14,6,0.0355564579986094,-995.784704752403,108,20,2810,2025-08-25|2025-08-26|2025-08-27|2025-08-28|2025-08-29|2025-08-30|2025-08-31|2025-09-01|2025-09-02|2025-09-03|2025-09-04|2025-09-05|2025-09-06|2025-09-07|2025-09-08|2025-09-09|2025-09-10|2025-09-11|2025-09-12|2025-09-13,2025-09-14 06:00,2025-09-14 06:00,8.639755577632968e-13,7.958078640513122e-13,0,True,Optimization terminated successfully. (HiGHS Status 7: Optimal),576,7.958078640513122e-13
2025-09-14,12,0.03887199999917357,10741.059023706935,108,20,2810,2025-08-25|2025-08-26|2025-08-27|2025-08-28|2025-08-29|2025-08-30|2025-08-31|2025-09-01|2025-09-02|2025-09-03|2025-09-04|2025-09-05|2025-09-06|2025-09-07|2025-09-08|2025-09-09|2025-09-10|2025-09-11|2025-09-12|2025-09-13,2025-09-14 12:00,2025-09-14 12:00,8.952838470577262e-13,1.1368683772161603e-13,0,True,Optimization terminated successfully. (HiGHS Status 7: Optimal),630,1.1368683772161603e-13
2025-09-14,18,0.04136970900071901,14899.185784011039,108,20,2810,2025-08-25|2025-08-26|2025-08-27|2025-08-28|2025-08-29|2025-08-30|2025-08-31|2025-09-01|2025-09-02|2025-09-03|2025-09-04|2025-09-05|2025-09-06|2025-09-07|2025-09-08|2025-09-09|2025-09-10|2025-09-11|2025-09-12|2025-09-13,2025-09-14 18:00,2025-09-14 18:00,7.958078640513122e-13,1.1368683772161603e-13,0,True,Optimization terminated successfully. (HiGHS Status 7: Optimal),628,1.1368683772161603e-13
2025-09-15,0,0.05306462499902409,2716.378151842705,144,20,3746,2025-08-26|2025-08-27|2025-08-28|2025-08-29|2025-08-30|2025-08-31|2025-09-01|2025-09-02|2025-09-03|2025-09-04|2025-09-05|2025-09-06|2025-09-07|2025-09-08|2025-09-09|2025-09-10|2025-09-11|2025-09-12|2025-09-13|2025-09-14,2025-09-15 00:00,2025-09-15 00:00,8.810729923425242e-13,1.1368683772161603e-12,0,True,Optimization terminated successfully. (HiGHS Status 7: Optimal),705,1.0231815394945443e-12
2025-09-15,6,0.03666741599954548,1838.6749115018524,108,20,2810,2025-08-26|2025-08-27|2025-08-28|2025-08-29|2025-08-30|2025-08-31|2025-09-01|2025-09-02|2025-09-03|2025-09-04|2025-09-05|2025-09-06|2025-09-07|2025-09-08|2025-09-09|2025-09-10|2025-09-11|2025-09-12|2025-09-13|2025-09-14,2025-09-15 06:00,2025-09-15 06:00,9.094947017729282e-13,1.1368683772161603e-13,0,True,Optimization terminated successfully. (HiGHS Status 7: Optimal),579,0.0
2025-09-15,12,0.03811254100037331,11301.734646490677,108,20,2810,2025-08-26|2025-08-27|2025-08-28|2025-08-29|2025-08-30|2025-08-31|2025-09-01|2025-09-02|2025-09-03|2025-09-04|2025-09-05|2025-09-06|2025-09-07|2025-09-08|2025-09-09|2025-09-10|2025-09-11|2025-09-12|2025-09-13|2025-09-14,2025-09-15 12:00,2025-09-15 12:00,8.872902412804251e-13,1.1368683772161603e-13,0,True,Optimization terminated successfully. (HiGHS Status 7: Optimal),643,0.0
2025-09-15,18,0.04291608400126279,17770.460658650558,108,20,2810,2025-08-26|2025-08-27|2025-08-28|2025-08-29|2025-08-30|2025-08-31|2025-09-01|2025-09-02|2025-09-03|2025-09-04|2025-09-05|2025-09-06|2025-09-07|2025-09-08|2025-09-09|2025-09-10|2025-09-11|2025-09-12|2025-09-13|2025-09-14,2025-09-15 18:00,2025-09-15 18:00,7.958078640513122e-13,1.1368683772161603e-13,0,True,Optimization terminated successfully. (HiGHS Status 7: Optimal),661,0.0
2025-09-16,0,0.051458042000376736,3366.023711231345,144,20,3746,2025-08-27|2025-08-28|2025-08-29|2025-08-30|2025-08-31|2025-09-01|2025-09-02|2025-09-03|2025-09-04|2025-09-05|2025-09-06|2025-09-07|2025-09-08|2025-09-09|2025-09-10|2025-09-11|2025-09-12|2025-09-13|2025-09-14|2025-09-15,2025-09-16 00:00,2025-09-16 00:00,1.0231815394945443e-12,6.252776074688882e-13,0,True,Optimization terminated successfully. (HiGHS Status 7: Optimal),744,6.252776074688882e-13
2025-09-16,6,0.0380347089994757,232.2212123200466,108,20,2810,2025-08-27|2025-08-28|2025-08-29|2025-08-30|2025-08-31|2025-09-01|2025-09-02|2025-09-03|2025-09-04|2025-09-05|2025-09-06|2025-09-07|2025-09-08|2025-09-09|2025-09-10|2025-09-11|2025-09-12|2025-09-13|2025-09-14|2025-09-15,2025-09-16 06:00,2025-09-16 06:00,9.094947017729282e-13,1.1368683772161603e-13,0,True,Optimization terminated successfully. (HiGHS Status 7: Optimal),598,2.2737367544323206e-13
2025-09-16,12,0.03750787500030128,9874.816628112148,108,20,2810,2025-08-27|2025-08-28|2025-08-29|2025-08-30|2025-08-31|2025-09-01|2025-09-02|2025-09-03|2025-09-04|2025-09-05|2025-09-06|2025-09-07|2025-09-08|2025-09-09|2025-09-10|2025-09-11|2025-09-12|2025-09-13|2025-09-14|2025-09-15,2025-09-16 12:00,2025-09-16 12:00,9.094947017729282e-13,1.1368683772161603e-13,0,True,Optimization terminated successfully. (HiGHS Status 7: Optimal),651,1.1368683772161603e-13
2025-09-16,18,0.039076125000065076,17769.232281105473,108,20,2810,2025-08-27|2025-08-28|2025-08-29|2025-08-30|2025-08-31|2025-09-01|2025-09-02|2025-09-03|2025-09-04|2025-09-05|2025-09-06|2025-09-07|2025-09-08|2025-09-09|2025-09-10|2025-09-11|2025-09-12|2025-09-13|2025-09-14|2025-09-15,2025-09-16 18:00,2025-09-16 18:00,7.958078640513122e-13,1.1368683772161603e-13,0,True,Optimization terminated successfully. (HiGHS Status 7: Optimal),658,1.1368683772161603e-13
2025-09-17,0,0.05349650000061956,3213.881346293039,144,20,3746,2025-08-28|2025-08-29|2025-08-30|2025-08-31|2025-09-01|2025-09-02|2025-09-03|2025-09-04|2025-09-05|2025-09-06|2025-09-07|2025-09-08|2025-09-09|2025-09-10|2025-09-11|2025-09-12|2025-09-13|2025-09-14|2025-09-15|2025-09-16,2025-09-17 00:00,2025-09-17 00:00,8.242295734817162e-13,6.821210263296962e-13,0,True,Optimization terminated successfully. (HiGHS Status 7: Optimal),739,6.252776074688882e-13
2025-09-17,6,0.03645287500148697,1035.5482605904467,108,20,2810,2025-08-28|2025-08-29|2025-08-30|2025-08-31|2025-09-01|2025-09-02|2025-09-03|2025-09-04|2025-09-05|2025-09-06|2025-09-07|2025-09-08|2025-09-09|2025-09-10|2025-09-11|2025-09-12|2025-09-13|2025-09-14|2025-09-15|2025-09-16,2025-09-17 06:00,2025-09-17 06:00,9.094947017729282e-13,1.1368683772161603e-13,0,True,Optimization terminated successfully. (HiGHS Status 7: Optimal),552,0.0
2025-09-17,12,0.040623708000566694,10028.758151739805,108,20,2810,2025-08-28|2025-08-29|2025-08-30|2025-08-31|2025-09-01|2025-09-02|2025-09-03|2025-09-04|2025-09-05|2025-09-06|2025-09-07|2025-09-08|2025-09-09|2025-09-10|2025-09-11|2025-09-12|2025-09-13|2025-09-14|2025-09-15|2025-09-16,2025-09-17 12:00,2025-09-17 12:00,7.831513215705854e-13,7.593925488436071e-14,0,True,Optimization terminated successfully. (HiGHS Status 7: Optimal),624,0.0
2025-09-17,18,0.04056783400119457,17144.47269400498,108,20,2810,2025-08-28|2025-08-29|2025-08-30|2025-08-31|2025-09-01|2025-09-02|2025-09-03|2025-09-04|2025-09-05|2025-09-06|2025-09-07|2025-09-08|2025-09-09|2025-09-10|2025-09-11|2025-09-12|2025-09-13|2025-09-14|2025-09-15|2025-09-16,2025-09-17 18:00,2025-09-17 18:00,4.547473508864641e-13,1.1368683772161603e-13,0,True,Optimization terminated successfully. (HiGHS Status 7: Optimal),666,0.0
2025-09-18,0,0.055598332999579725,2679.6216689988423,144,20,3746,2025-08-29|2025-08-30|2025-08-31|2025-09-01|2025-09-02|2025-09-03|2025-09-04|2025-09-05|2025-09-06|2025-09-07|2025-09-08|2025-09-09|2025-09-10|2025-09-11|2025-09-12|2025-09-13|2025-09-14|2025-09-15|2025-09-16|2025-09-17,2025-09-18 00:00,2025-09-18 00:00,9.094947017729282e-13,4.547473508864641e-13,0,True,Optimization terminated successfully. (HiGHS Status 7: Optimal),722,4.547473508864641e-13
2025-09-18,6,0.051727334001043346,8343.316308583719,108,20,2810,2025-08-29|2025-08-30|2025-08-31|2025-09-01|2025-09-02|2025-09-03|2025-09-04|2025-09-05|2025-09-06|2025-09-07|2025-09-08|2025-09-09|2025-09-10|2025-09-11|2025-09-12|2025-09-13|2025-09-14|2025-09-15|2025-09-16|2025-09-17,2025-09-18 06:00,2025-09-18 06:00,9.094947017729282e-13,2.2737367544323206e-13,0,True,Optimization terminated successfully. (HiGHS Status 7: Optimal),802,5.684341886080802e-14
2025-09-18,12,0.040442333000100916,7408.794104520228,108,20,2810,2025-08-29|2025-08-30|2025-08-31|2025-09-01|2025-09-02|2025-09-03|2025-09-04|2025-09-05|2025-09-06|2025-09-07|2025-09-08|2025-09-09|2025-09-10|2025-09-11|2025-09-12|2025-09-13|2025-09-14|2025-09-15|2025-09-16|2025-09-17,2025-09-18 12:00,2025-09-18 12:00,9.094947017729282e-13,2.2737367544323206e-13,0,True,Optimization terminated successfully. (HiGHS Status 7: Optimal),658,5.684341886080802e-14
2025-09-18,18,0.030494415999783087,6300.589183290463,108,20,2810,2025-08-29|2025-08-30|2025-08-31|2025-09-01|2025-09-02|2025-09-03|2025-09-04|2025-09-05|2025-09-06|2025-09-07|2025-09-08|2025-09-09|2025-09-10|2025-09-11|2025-09-12|2025-09-13|2025-09-14|2025-09-15|2025-09-16|2025-09-17,2025-09-18 18:00,2025-09-18 18:00,7.958078640513122e-13,1.1368683772161603e-13,0,True,Optimization terminated successfully. (HiGHS Status 7: Optimal),527,5.684341886080802e-14
2025-09-19,0,0.04598508299932291,1539.1238929660667,144,20,3746,2025-08-30|2025-08-31|2025-09-01|2025-09-02|2025-09-03|2025-09-04|2025-09-05|2025-09-06|2025-09-07|2025-09-08|2025-09-09|2025-09-10|2025-09-11|2025-09-12|2025-09-13|2025-09-14|2025-09-15|2025-09-16|2025-09-17|2025-09-18,2025-09-19 00:00,2025-09-19 00:00,9.094947017729282e-13,1.1368683772161603e-13,0,True,Optimization terminated successfully. (HiGHS Status 7: Optimal),633,1.1368683772161603e-13
2025-09-19,6,0.03322045899949444,1458.1130532975933,108,20,2810,2025-08-30|2025-08-31|2025-09-01|2025-09-02|2025-09-03|2025-09-04|2025-09-05|2025-09-06|2025-09-07|2025-09-08|2025-09-09|2025-09-10|2025-09-11|2025-09-12|2025-09-13|2025-09-14|2025-09-15|2025-09-16|2025-09-17|2025-09-18,2025-09-19 06:00,2025-09-19 06:00,9.094947017729282e-13,5.684341886080802e-14,0,True,Optimization terminated successfully. (HiGHS Status 7: Optimal),501,5.684341886080802e-14
2025-09-19,12,0.03568245799942815,6498.956858588485,108,20,2810,2025-08-30|2025-08-31|2025-09-01|2025-09-02|2025-09-03|2025-09-04|2025-09-05|2025-09-06|2025-09-07|2025-09-08|2025-09-09|2025-09-10|2025-09-11|2025-09-12|2025-09-13|2025-09-14|2025-09-15|2025-09-16|2025-09-17|2025-09-18,2025-09-19 12:00,2025-09-19 12:00,8.526512829121202e-13,1.1368683772161603e-13,0,True,Optimization terminated successfully. (HiGHS Status 7: Optimal),549,5.684341886080802e-14
2025-09-19,18,0.035710000000108266,6115.707493390806,108,20,2810,2025-08-30|2025-08-31|2025-09-01|2025-09-02|2025-09-03|2025-09-04|2025-09-05|2025-09-06|2025-09-07|2025-09-08|2025-09-09|2025-09-10|2025-09-11|2025-09-12|2025-09-13|2025-09-14|2025-09-15|2025-09-16|2025-09-17|2025-09-18,2025-09-19 18:00,2025-09-19 18:00,6.821210263296962e-13,1.1368683772161603e-13,0,True,Optimization terminated successfully. (HiGHS Status 7: Optimal),507,0.0
2025-09-20,0,0.04783516699899337,1166.259955876337,144,20,3746,2025-08-31|2025-09-01|2025-09-02|2025-09-03|2025-09-04|2025-09-05|2025-09-06|2025-09-07|2025-09-08|2025-09-09|2025-09-10|2025-09-11|2025-09-12|2025-09-13|2025-09-14|2025-09-15|2025-09-16|2025-09-17|2025-09-18|2025-09-19,2025-09-20 00:00,2025-09-20 00:00,7.958078640513122e-13,2.2737367544323206e-13,0,True,Optimization terminated successfully. (HiGHS Status 7: Optimal),606,2.8421709430404007e-13
2025-09-20,6,0.02979429200058803,953.6469288979054,108,20,2810,2025-08-31|2025-09-01|2025-09-02|2025-09-03|2025-09-04|2025-09-05|2025-09-06|2025-09-07|2025-09-08|2025-09-09|2025-09-10|2025-09-11|2025-09-12|2025-09-13|2025-09-14|2025-09-15|2025-09-16|2025-09-17|2025-09-18|2025-09-19,2025-09-20 06:00,2025-09-20 06:00,9.094947017729282e-13,2.2737367544323206e-13,0,True,Optimization terminated successfully. (HiGHS Status 7: Optimal),456,2.8421709430404007e-13
2025-09-20,12,0.03535412500059465,9971.35563834315,108,20,2810,2025-08-31|2025-09-01|2025-09-02|2025-09-03|2025-09-04|2025-09-05|2025-09-06|2025-09-07|2025-09-08|2025-09-09|2025-09-10|2025-09-11|2025-09-12|2025-09-13|2025-09-14|2025-09-15|2025-09-16|2025-09-17|2025-09-18|2025-09-19,2025-09-20 12:00,2025-09-20 12:00,6.252776074688882e-13,2.2737367544323206e-13,0,True,Optimization terminated successfully. (HiGHS Status 7: Optimal),556,2.8421709430404007e-13
2025-09-20,18,0.036824124999839114,12931.271060289077,108,20,2810,2025-08-31|2025-09-01|2025-09-02|2025-09-03|2025-09-04|2025-09-05|2025-09-06|2025-09-07|2025-09-08|2025-09-09|2025-09-10|2025-09-11|2025-09-12|2025-09-13|2025-09-14|2025-09-15|2025-09-16|2025-09-17|2025-09-18|2025-09-19,2025-09-20 18:00,2025-09-20 18:00,6.821210263296962e-13,2.2737367544323206e-13,0,True,Optimization terminated successfully. (HiGHS Status 7: Optimal),597,2.8421709430404007e-13
2025-09-21,0,0.05360866699993494,2319.6777491019852,144,20,3746,2025-09-01|2025-09-02|2025-09-03|2025-09-04|2025-09-05|2025-09-06|2025-09-07|2025-09-08|2025-09-09|2025-09-10|2025-09-11|2025-09-12|2025-09-13|2025-09-14|2025-09-15|2025-09-16|2025-09-17|2025-09-18|2025-09-19|2025-09-20,2025-09-21 00:00,2025-09-21 00:00,9.094947017729282e-13,1.1368683772161603e-13,0,True,Optimization terminated successfully. (HiGHS Status 7: Optimal),752,2.2737367544323206e-13
2025-09-21,6,0.036394208000274375,1102.9846208869242,108,20,2810,2025-09-01|2025-09-02|2025-09-03|2025-09-04|2025-09-05|2025-09-06|2025-09-07|2025-09-08|2025-09-09|2025-09-10|2025-09-11|2025-09-12|2025-09-13|2025-09-14|2025-09-15|2025-09-16|2025-09-17|2025-09-18|2025-09-19|2025-09-20,2025-09-21 06:00,2025-09-21 06:00,9.094947017729282e-13,1.1368683772161603e-13,0,True,Optimization terminated successfully. (HiGHS Status 7: Optimal),594,2.2737367544323206e-13
2025-09-21,12,0.03664737500002957,9299.295291883394,108,20,2810,2025-09-01|2025-09-02|2025-09-03|2025-09-04|2025-09-05|2025-09-06|2025-09-07|2025-09-08|2025-09-09|2025-09-10|2025-09-11|2025-09-12|2025-09-13|2025-09-14|2025-09-15|2025-09-16|2025-09-17|2025-09-18|2025-09-19|2025-09-20,2025-09-21 12:00,2025-09-21 12:00,9.094947017729282e-13,4.973799150320701e-14,0,True,Optimization terminated successfully. (HiGHS Status 7: Optimal),608,2.2737367544323206e-13
2025-09-21,18,0.03939041699959489,11899.0783689813,108,20,2810,2025-09-01|2025-09-02|2025-09-03|2025-09-04|2025-09-05|2025-09-06|2025-09-07|2025-09-08|2025-09-09|2025-09-10|2025-09-11|2025-09-12|2025-09-13|2025-09-14|2025-09-15|2025-09-16|2025-09-17|2025-09-18|2025-09-19|2025-09-20,2025-09-21 18:00,2025-09-21 18:00,9.094947017729282e-13,1.1368683772161603e-13,0,True,Optimization terminated successfully. (HiGHS Status 7: Optimal),582,2.2737367544323206e-13
2025-09-22,0,0.054526791000171215,2196.8904618775364,144,20,3746,2025-09-02|2025-09-03|2025-09-04|2025-09-05|2025-09-06|2025-09-07|2025-09-08|2025-09-09|2025-09-10|2025-09-11|2025-09-12|2025-09-13|2025-09-14|2025-09-15|2025-09-16|2025-09-17|2025-09-18|2025-09-19|2025-09-20|2025-09-21,2025-09-22 00:00,2025-09-22 00:00,7.105427357601002e-13,2.2737367544323206e-13,0,True,Optimization terminated successfully. (HiGHS Status 7: Optimal),783,3.410605131648481e-13
2025-09-22,6,0.03325087499979418,-1007.426402941311,108,20,2810,2025-09-02|2025-09-03|2025-09-04|2025-09-05|2025-09-06|2025-09-07|2025-09-08|2025-09-09|2025-09-10|2025-09-11|2025-09-12|2025-09-13|2025-09-14|2025-09-15|2025-09-16|2025-09-17|2025-09-18|2025-09-19|2025-09-20|2025-09-21,2025-09-22 06:00,2025-09-22 06:00,9.094947017729282e-13,2.2737367544323206e-13,0,True,Optimization terminated successfully. (HiGHS Status 7: Optimal),550,3.410605131648481e-13
2025-09-22,12,0.03512633399986953,7964.83633304185,108,20,2810,2025-09-02|2025-09-03|2025-09-04|2025-09-05|2025-09-06|2025-09-07|2025-09-08|2025-09-09|2025-09-10|2025-09-11|2025-09-12|2025-09-13|2025-09-14|2025-09-15|2025-09-16|2025-09-17|2025-09-18|2025-09-19|2025-09-20|2025-09-21,2025-09-22 12:00,2025-09-22 12:00,8.337774914934926e-13,2.2737367544323206e-13,0,True,Optimization terminated successfully. (HiGHS Status 7: Optimal),623,3.410605131648481e-13
2025-09-22,18,0.03782783299902803,13425.169760310302,108,20,2810,2025-09-02|2025-09-03|2025-09-04|2025-09-05|2025-09-06|2025-09-07|2025-09-08|2025-09-09|2025-09-10|2025-09-11|2025-09-12|2025-09-13|2025-09-14|2025-09-15|2025-09-16|2025-09-17|2025-09-18|2025-09-19|2025-09-20|2025-09-21,2025-09-22 18:00,2025-09-22 18:00,9.094947017729282e-13,2.2737367544323206e-13,0,True,Optimization terminated successfully. (HiGHS Status 7: Optimal),611,3.410605131648481e-13
2025-09-23,0,0.049607832999754464,2526.660022334093,144,20,3746,2025-09-03|2025-09-04|2025-09-05|2025-09-06|2025-09-07|2025-09-08|2025-09-09|2025-09-10|2025-09-11|2025-09-12|2025-09-13|2025-09-14|2025-09-15|2025-09-16|2025-09-17|2025-09-18|2025-09-19|2025-09-20|2025-09-21|2025-09-22,2025-09-23 00:00,2025-09-23 00:00,7.531752999057062e-13,1.1368683772161603e-13,0,True,Optimization terminated successfully. (HiGHS Status 7: Optimal),769,2.2737367544323206e-13
2025-09-23,6,0.032206333000431187,590.2314938142366,108,20,2810,2025-09-03|2025-09-04|2025-09-05|2025-09-06|2025-09-07|2025-09-08|2025-09-09|2025-09-10|2025-09-11|2025-09-12|2025-09-13|2025-09-14|2025-09-15|2025-09-16|2025-09-17|2025-09-18|2025-09-19|2025-09-20|2025-09-21|2025-09-22,2025-09-23 06:00,2025-09-23 06:00,8.810729923425242e-13,1.1368683772161603e-13,0,True,Optimization terminated successfully. (HiGHS Status 7: Optimal),574,2.2737367544323206e-13
2025-09-23,12,0.03623991699896578,9473.452538762882,108,20,2810,2025-09-03|2025-09-04|2025-09-05|2025-09-06|2025-09-07|2025-09-08|2025-09-09|2025-09-10|2025-09-11|2025-09-12|2025-09-13|2025-09-14|2025-09-15|2025-09-16|2025-09-17|2025-09-18|2025-09-19|2025-09-20|2025-09-21|2025-09-22,2025-09-23 12:00,2025-09-23 12:00,8.242295734817162e-13,1.1368683772161603e-13,0,True,Optimization terminated successfully. (HiGHS Status 7: Optimal),623,2.2737367544323206e-13
2025-09-23,18,0.035734666998905595,16779.473076563114,108,20,2810,2025-09-03|2025-09-04|2025-09-05|2025-09-06|2025-09-07|2025-09-08|2025-09-09|2025-09-10|2025-09-11|2025-09-12|2025-09-13|2025-09-14|2025-09-15|2025-09-16|2025-09-17|2025-09-18|2025-09-19|2025-09-20|2025-09-21|2025-09-22,2025-09-23 18:00,2025-09-23 18:00,7.958078640513122e-13,1.1368683772161603e-13,0,True,Optimization terminated successfully. (HiGHS Status 7: Optimal),624,2.2737367544323206e-13
2025-09-24,0,0.051850042000296526,2139.609548332139,144,20,3746,2025-09-04|2025-09-05|2025-09-06|2025-09-07|2025-09-08|2025-09-09|2025-09-10|2025-09-11|2025-09-12|2025-09-13|2025-09-14|2025-09-15|2025-09-16|2025-09-17|2025-09-18|2025-09-19|2025-09-20|2025-09-21|2025-09-22|2025-09-23,2025-09-24 00:00,2025-09-24 00:00,7.958078640513122e-13,6.821210263296962e-13,0,True,Optimization terminated successfully. (HiGHS Status 7: Optimal),720,6.252776074688882e-13
2025-09-24,6,0.046061958999416674,3100.250988717914,108,20,2810,2025-09-04|2025-09-05|2025-09-06|2025-09-07|2025-09-08|2025-09-09|2025-09-10|2025-09-11|2025-09-12|2025-09-13|2025-09-14|2025-09-15|2025-09-16|2025-09-17|2025-09-18|2025-09-19|2025-09-20|2025-09-21|2025-09-22|2025-09-23,2025-09-24 06:00,2025-09-24 06:00,9.094947017729282e-13,2.2737367544323206e-13,0,True,Optimization terminated successfully. (HiGHS Status 7: Optimal),689,1.1368683772161603e-13
2025-09-24,12,0.04445766600110801,12494.499580883014,108,20,2810,2025-09-04|2025-09-05|2025-09-06|2025-09-07|2025-09-08|2025-09-09|2025-09-10|2025-09-11|2025-09-12|2025-09-13|2025-09-14|2025-09-15|2025-09-16|2025-09-17|2025-09-18|2025-09-19|2025-09-20|2025-09-21|2025-09-22|2025-09-23,2025-09-24 12:00,2025-09-24 12:00,7.958078640513122e-13,1.1368683772161603e-13,0,True,Optimization terminated successfully. (HiGHS Status 7: Optimal),732,0.0
2025-09-24,18,0.04197691700028372,19673.635675863407,108,20,2810,2025-09-04|2025-09-05|2025-09-06|2025-09-07|2025-09-08|2025-09-09|2025-09-10|2025-09-11|2025-09-12|2025-09-13|2025-09-14|2025-09-15|2025-09-16|2025-09-17|2025-09-18|2025-09-19|2025-09-20|2025-09-21|2025-09-22|2025-09-23,2025-09-24 18:00,2025-09-24 18:00,9.094947017729282e-13,1.0231815394945443e-12,0,True,Optimization terminated successfully. (HiGHS Status 7: Optimal),666,1.0231815394945443e-12
2025-09-25,0,0.05564400000002934,2555.5534680563474,144,20,3746,2025-09-05|2025-09-06|2025-09-07|2025-09-08|2025-09-09|2025-09-10|2025-09-11|2025-09-12|2025-09-13|2025-09-14|2025-09-15|2025-09-16|2025-09-17|2025-09-18|2025-09-19|2025-09-20|2025-09-21|2025-09-22|2025-09-23|2025-09-24,2025-09-25 00:00,2025-09-25 00:00,8.526512829121202e-13,2.2737367544323206e-13,0,True,Optimization terminated successfully. (HiGHS Status 7: Optimal),752,2.8421709430404007e-13
2025-09-25,6,0.04799045799882151,2492.541131541993,108,20,2810,2025-09-05|2025-09-06|2025-09-07|2025-09-08|2025-09-09|2025-09-10|2025-09-11|2025-09-12|2025-09-13|2025-09-14|2025-09-15|2025-09-16|2025-09-17|2025-09-18|2025-09-19|2025-09-20|2025-09-21|2025-09-22|2025-09-23|2025-09-24,2025-09-25 06:00,2025-09-25 06:00,9.094947017729282e-13,2.2737367544323206e-13,0,True,Optimization terminated successfully. (HiGHS Status 7: Optimal),685,2.8421709430404007e-13
2025-09-25,12,0.04062279099889565,6320.120206009926,108,20,2810,2025-09-05|2025-09-06|2025-09-07|2025-09-08|2025-09-09|2025-09-10|2025-09-11|2025-09-12|2025-09-13|2025-09-14|2025-09-15|2025-09-16|2025-09-17|2025-09-18|2025-09-19|2025-09-20|2025-09-21|2025-09-22|2025-09-23|2025-09-24,2025-09-25 12:00,2025-09-25 12:00,8.810729923425242e-13,2.2737367544323206e-13,0,True,Optimization terminated successfully. (HiGHS Status 7: Optimal),640,2.8421709430404007e-13
2025-09-25,18,0.03755329100022209,5731.978413846374,108,20,2810,2025-09-05|2025-09-06|2025-09-07|2025-09-08|2025-09-09|2025-09-10|2025-09-11|2025-09-12|2025-09-13|2025-09-14|2025-09-15|2025-09-16|2025-09-17|2025-09-18|2025-09-19|2025-09-20|2025-09-21|2025-09-22|2025-09-23|2025-09-24,2025-09-25 18:00,2025-09-25 18:00,5.684341886080801e-13,2.2737367544323206e-13,0,True,Optimization terminated successfully. (HiGHS Status 7: Optimal),531,2.8421709430404007e-13
2025-09-26,0,0.049951041999520385,1239.0402734835025,144,20,3746,2025-09-06|2025-09-07|2025-09-08|2025-09-09|2025-09-10|2025-09-11|2025-09-12|2025-09-13|2025-09-14|2025-09-15|2025-09-16|2025-09-17|2025-09-18|2025-09-19|2025-09-20|2025-09-21|2025-09-22|2025-09-23|2025-09-24|2025-09-25,2025-09-26 00:00,2025-09-26 00:00,6.821210263296962e-13,7.958078640513122e-13,0,True,Optimization terminated successfully. (HiGHS Status 7: Optimal),675,8.526512829121202e-13
2025-09-26,6,0.029680875000849483,556.2523811449387,108,20,2810,2025-09-06|2025-09-07|2025-09-08|2025-09-09|2025-09-10|2025-09-11|2025-09-12|2025-09-13|2025-09-14|2025-09-15|2025-09-16|2025-09-17|2025-09-18|2025-09-19|2025-09-20|2025-09-21|2025-09-22|2025-09-23|2025-09-24|2025-09-25,2025-09-26 06:00,2025-09-26 06:00,8.526512829121202e-13,1.1368683772161603e-13,0,True,Optimization terminated successfully. (HiGHS Status 7: Optimal),405,5.684341886080802e-14
2025-09-26,12,0.0351169999994454,5944.145287622844,108,20,2810,2025-09-06|2025-09-07|2025-09-08|2025-09-09|2025-09-10|2025-09-11|2025-09-12|2025-09-13|2025-09-14|2025-09-15|2025-09-16|2025-09-17|2025-09-18|2025-09-19|2025-09-20|2025-09-21|2025-09-22|2025-09-23|2025-09-24|2025-09-25,2025-09-26 12:00,2025-09-26 12:00,8.526512829121202e-13,0.0,0,True,Optimization terminated successfully. (HiGHS Status 7: Optimal),549,5.684341886080802e-14
2025-09-26,18,0.03652824999880977,5500.957408775392,108,20,2810,2025-09-06|2025-09-07|2025-09-08|2025-09-09|2025-09-10|2025-09-11|2025-09-12|2025-09-13|2025-09-14|2025-09-15|2025-09-16|2025-09-17|2025-09-18|2025-09-19|2025-09-20|2025-09-21|2025-09-22|2025-09-23|2025-09-24|2025-09-25,2025-09-26 18:00,2025-09-26 18:00,4.547473508864641e-13,5.684341886080802e-14,0,True,Optimization terminated successfully. (HiGHS Status 7: Optimal),499,5.684341886080802e-14
2025-09-27,0,0.04404883399911341,956.2120459285806,144,20,3746,2025-09-07|2025-09-08|2025-09-09|2025-09-10|2025-09-11|2025-09-12|2025-09-13|2025-09-14|2025-09-15|2025-09-16|2025-09-17|2025-09-18|2025-09-19|2025-09-20|2025-09-21|2025-09-22|2025-09-23|2025-09-24|2025-09-25|2025-09-26,2025-09-27 00:00,2025-09-27 00:00,8.810729923425242e-13,5.684341886080802e-14,0,True,Optimization terminated successfully. (HiGHS Status 7: Optimal),579,1.1368683772161603e-13
2025-09-27,6,0.03312000000005355,1456.7761941798417,108,20,2810,2025-09-07|2025-09-08|2025-09-09|2025-09-10|2025-09-11|2025-09-12|2025-09-13|2025-09-14|2025-09-15|2025-09-16|2025-09-17|2025-09-18|2025-09-19|2025-09-20|2025-09-21|2025-09-22|2025-09-23|2025-09-24|2025-09-25|2025-09-26,2025-09-27 06:00,2025-09-27 06:00,8.952838470577262e-13,2.2737367544323206e-13,0,True,Optimization terminated successfully. (HiGHS Status 7: Optimal),504,5.684341886080802e-14
2025-09-27,12,0.041961250000895234,10262.14917040993,108,20,2810,2025-09-07|2025-09-08|2025-09-09|2025-09-10|2025-09-11|2025-09-12|2025-09-13|2025-09-14|2025-09-15|2025-09-16|2025-09-17|2025-09-18|2025-09-19|2025-09-20|2025-09-21|2025-09-22|2025-09-23|2025-09-24|2025-09-25|2025-09-26,2025-09-27 12:00,2025-09-27 12:00,8.526512829121202e-13,2.2737367544323206e-13,0,True,Optimization terminated successfully. (HiGHS Status 7: Optimal),594,5.684341886080802e-14
2025-09-27,18,0.039975333000256796,14143.29141520929,108,20,2810,2025-09-07|2025-09-08|2025-09-09|2025-09-10|2025-09-11|2025-09-12|2025-09-13|2025-09-14|2025-09-15|2025-09-16|2025-09-17|2025-09-18|2025-09-19|2025-09-20|2025-09-21|2025-09-22|2025-09-23|2025-09-24|2025-09-25|2025-09-26,2025-09-27 18:00,2025-09-27 18:00,7.958078640513122e-13,1.1368683772161603e-13,0,True,Optimization terminated successfully. (HiGHS Status 7: Optimal),603,5.684341886080802e-14
2025-09-28,0,0.05065666600057739,2701.7853918713004,144,20,3746,2025-09-08|2025-09-09|2025-09-10|2025-09-11|2025-09-12|2025-09-13|2025-09-14|2025-09-15|2025-09-16|2025-09-17|2025-09-18|2025-09-19|2025-09-20|2025-09-21|2025-09-22|2025-09-23|2025-09-24|2025-09-25|2025-09-26|2025-09-27,2025-09-28 00:00,2025-09-28 00:00,8.757439218243235e-13,2.2737367544323206e-13,0,True,Optimization terminated successfully. (HiGHS Status 7: Optimal),751,2.0463630789890883e-13
2025-09-28,6,0.0466134170001169,5593.8696156780015,108,20,2810,2025-09-08|2025-09-09|2025-09-10|2025-09-11|2025-09-12|2025-09-13|2025-09-14|2025-09-15|2025-09-16|2025-09-17|2025-09-18|2025-09-19|2025-09-20|2025-09-21|2025-09-22|2025-09-23|2025-09-24|2025-09-25|2025-09-26|2025-09-27,2025-09-28 06:00,2025-09-28 06:00,9.094947017729282e-13,1.1368683772161603e-13,0,True,Optimization terminated successfully. (HiGHS Status 7: Optimal),787,1.1368683772161603e-13
2025-09-28,12,0.038465999999971245,10095.167247372938,108,20,2810,2025-09-08|2025-09-09|2025-09-10|2025-09-11|2025-09-12|2025-09-13|2025-09-14|2025-09-15|2025-09-16|2025-09-17|2025-09-18|2025-09-19|2025-09-20|2025-09-21|2025-09-22|2025-09-23|2025-09-24|2025-09-25|2025-09-26|2025-09-27,2025-09-28 12:00,2025-09-28 12:00,8.08242361927114e-13,1.1368683772161603e-13,0,True,Optimization terminated successfully. (HiGHS Status 7: Optimal),693,1.1368683772161603e-13
2025-09-28,18,0.039409709001120063,16049.307930890045,108,20,2810,2025-09-08|2025-09-09|2025-09-10|2025-09-11|2025-09-12|2025-09-13|2025-09-14|2025-09-15|2025-09-16|2025-09-17|2025-09-18|2025-09-19|2025-09-20|2025-09-21|2025-09-22|2025-09-23|2025-09-24|2025-09-25|2025-09-26|2025-09-27,2025-09-28 18:00,2025-09-28 18:00,6.821210263296962e-13,2.2737367544323206e-13,0,True,Optimization terminated successfully. (HiGHS Status 7: Optimal),654,1.1368683772161603e-13
2025-09-29,0,0.050057041000400204,2755.5462063239615,144,20,3746,2025-09-09|2025-09-10|2025-09-11|2025-09-12|2025-09-13|2025-09-14|2025-09-15|2025-09-16|2025-09-17|2025-09-18|2025-09-19|2025-09-20|2025-09-21|2025-09-22|2025-09-23|2025-09-24|2025-09-25|2025-09-26|2025-09-27|2025-09-28,2025-09-29 00:00,2025-09-29 00:00,9.094947017729282e-13,7.958078640513122e-13,0,True,Optimization terminated successfully. (HiGHS Status 7: Optimal),759,7.958078640513122e-13
2025-09-29,6,0.03763141700073902,-1353.4840125753594,108,20,2810,2025-09-09|2025-09-10|2025-09-11|2025-09-12|2025-09-13|2025-09-14|2025-09-15|2025-09-16|2025-09-17|2025-09-18|2025-09-19|2025-09-20|2025-09-21|2025-09-22|2025-09-23|2025-09-24|2025-09-25|2025-09-26|2025-09-27|2025-09-28,2025-09-29 06:00,2025-09-29 06:00,9.094947017729282e-13,2.2737367544323206e-13,0,True,Optimization terminated successfully. (HiGHS Status 7: Optimal),573,2.2737367544323206e-13
2025-09-29,12,0.037727417000496644,9154.118312132505,108,20,2810,2025-09-09|2025-09-10|2025-09-11|2025-09-12|2025-09-13|2025-09-14|2025-09-15|2025-09-16|2025-09-17|2025-09-18|2025-09-19|2025-09-20|2025-09-21|2025-09-22|2025-09-23|2025-09-24|2025-09-25|2025-09-26|2025-09-27|2025-09-28,2025-09-29 12:00,2025-09-29 12:00,9.094947017729282e-13,2.2737367544323206e-13,0,True,Optimization terminated successfully. (HiGHS Status 7: Optimal),631,2.2737367544323206e-13
2025-09-29,18,0.038271417000942165,17824.029996727175,108,20,2810,2025-09-09|2025-09-10|2025-09-11|2025-09-12|2025-09-13|2025-09-14|2025-09-15|2025-09-16|2025-09-17|2025-09-18|2025-09-19|2025-09-20|2025-09-21|2025-09-22|2025-09-23|2025-09-24|2025-09-25|2025-09-26|2025-09-27|2025-09-28,2025-09-29 18:00,2025-09-29 18:00,9.094947017729282e-13,2.2737367544323206e-13,0,True,Optimization terminated successfully. (HiGHS Status 7: Optimal),647,2.2737367544323206e-13
2025-09-30,0,0.050407458998961374,2942.635360011324,144,20,3746,2025-09-10|2025-09-11|2025-09-12|2025-09-13|2025-09-14|2025-09-15|2025-09-16|2025-09-17|2025-09-18|2025-09-19|2025-09-20|2025-09-21|2025-09-22|2025-09-23|2025-09-24|2025-09-25|2025-09-26|2025-09-27|2025-09-28|2025-09-29,2025-09-30 00:00,2025-09-30 00:00,7.958078640513122e-13,4.547473508864641e-13,0,True,Optimization terminated successfully. (HiGHS Status 7: Optimal),762,4.547473508864641e-13
2025-09-30,6,0.04061741700024868,1893.2390534028266,108,20,2810,2025-09-10|2025-09-11|2025-09-12|2025-09-13|2025-09-14|2025-09-15|2025-09-16|2025-09-17|2025-09-18|2025-09-19|2025-09-20|2025-09-21|2025-09-22|2025-09-23|2025-09-24|2025-09-25|2025-09-26|2025-09-27|2025-09-28|2025-09-29,2025-09-30 06:00,2025-09-30 06:00,9.094947017729282e-13,1.1368683772161603e-13,0,True,Optimization terminated successfully. (HiGHS Status 7: Optimal),685,1.1368683772161603e-13
2025-09-30,12,0.03967079199901491,10192.168243781745,108,20,2810,2025-09-10|2025-09-11|2025-09-12|2025-09-13|2025-09-14|2025-09-15|2025-09-16|2025-09-17|2025-09-18|2025-09-19|2025-09-20|2025-09-21|2025-09-22|2025-09-23|2025-09-24|2025-09-25|2025-09-26|2025-09-27|2025-09-28|2025-09-29,2025-09-30 12:00,2025-09-30 12:00,8.029132914089132e-13,1.1368683772161603e-13,0,True,Optimization terminated successfully. (HiGHS Status 7: Optimal),642,1.1368683772161603e-13
2025-09-30,18,0.04147279100106971,14490.644490756094,108,20,2810,2025-09-10|2025-09-11|2025-09-12|2025-09-13|2025-09-14|2025-09-15|2025-09-16|2025-09-17|2025-09-18|2025-09-19|2025-09-20|2025-09-21|2025-09-22|2025-09-23|2025-09-24|2025-09-25|2025-09-26|2025-09-27|2025-09-28|2025-09-29,2025-09-30 18:00,2025-09-30 18:00,6.821210263296962e-13,1.1368683772161603e-13,0,True,Optimization terminated successfully. (HiGHS Status 7: Optimal),614,1.1368683772161603e-13
2025-10-01,0,0.05060774999947171,2966.948136514034,144,20,3746,2025-09-11|2025-09-12|2025-09-13|2025-09-14|2025-09-15|2025-09-16|2025-09-17|2025-09-18|2025-09-19|2025-09-20|2025-09-21|2025-09-22|2025-09-23|2025-09-24|2025-09-25|2025-09-26|2025-09-27|2025-09-28|2025-09-29|2025-09-30,2025-10-01 00:00,2025-10-01 00:00,9.094947017729282e-13,2.2737367544323206e-13,0,True,Optimization terminated successfully. (HiGHS Status 7: Optimal),746,2.2737367544323206e-13
2025-10-01,6,0.03869079200012493,1322.4545432843624,108,20,2810,2025-09-11|2025-09-12|2025-09-13|2025-09-14|2025-09-15|2025-09-16|2025-09-17|2025-09-18|2025-09-19|2025-09-20|2025-09-21|2025-09-22|2025-09-23|2025-09-24|2025-09-25|2025-09-26|2025-09-27|2025-09-28|2025-09-29|2025-09-30,2025-10-01 06:00,2025-10-01 06:00,1.0231815394945443e-12,1.1368683772161603e-13,0,True,Optimization terminated successfully. (HiGHS Status 7: Optimal),611,1.1368683772161603e-13
2025-10-01,12,0.03670462499940186,9764.010886220352,108,20,2810,2025-09-11|2025-09-12|2025-09-13|2025-09-14|2025-09-15|2025-09-16|2025-09-17|2025-09-18|2025-09-19|2025-09-20|2025-09-21|2025-09-22|2025-09-23|2025-09-24|2025-09-25|2025-09-26|2025-09-27|2025-09-28|2025-09-29|2025-09-30,2025-10-01 12:00,2025-10-01 12:00,1.0231815394945443e-12,1.1368683772161603e-13,0,True,Optimization terminated successfully. (HiGHS Status 7: Optimal),671,1.1368683772161603e-13
2025-10-01,18,0.03785841699937009,16078.112239734655,108,20,2810,2025-09-11|2025-09-12|2025-09-13|2025-09-14|2025-09-15|2025-09-16|2025-09-17|2025-09-18|2025-09-19|2025-09-20|2025-09-21|2025-09-22|2025-09-23|2025-09-24|2025-09-25|2025-09-26|2025-09-27|2025-09-28|2025-09-29|2025-09-30,2025-10-01 18:00,2025-10-01 18:00,7.958078640513122e-13,2.2737367544323206e-13,0,True,Optimization terminated successfully. (HiGHS Status 7: Optimal),636,0.0
2025-10-02,0,0.053437374999703025,3193.5402385484845,144,20,3746,2025-09-12|2025-09-13|2025-09-14|2025-09-15|2025-09-16|2025-09-17|2025-09-18|2025-09-19|2025-09-20|2025-09-21|2025-09-22|2025-09-23|2025-09-24|2025-09-25|2025-09-26|2025-09-27|2025-09-28|2025-09-29|2025-09-30|2025-10-01,2025-10-02 00:00,2025-10-02 00:00,7.602807272633072e-13,1.1368683772161603e-13,0,True,Optimization terminated successfully. (HiGHS Status 7: Optimal),789,1.1368683772161603e-13
2025-10-02,6,0.03880462499910209,-1787.7599162096026,108,20,2810,2025-09-12|2025-09-13|2025-09-14|2025-09-15|2025-09-16|2025-09-17|2025-09-18|2025-09-19|2025-09-20|2025-09-21|2025-09-22|2025-09-23|2025-09-24|2025-09-25|2025-09-26|2025-09-27|2025-09-28|2025-09-29|2025-09-30|2025-10-01,2025-10-02 06:00,2025-10-02 06:00,9.094947017729282e-13,1.1368683772161603e-13,0,True,Optimization terminated successfully. (HiGHS Status 7: Optimal),573,1.1368683772161603e-13
2025-10-02,12,0.03818762499940931,4545.053055761301,108,20,2810,2025-09-12|2025-09-13|2025-09-14|2025-09-15|2025-09-16|2025-09-17|2025-09-18|2025-09-19|2025-09-20|2025-09-21|2025-09-22|2025-09-23|2025-09-24|2025-09-25|2025-09-26|2025-09-27|2025-09-28|2025-09-29|2025-09-30|2025-10-01,2025-10-02 12:00,2025-10-02 12:00,8.526512829121202e-13,2.2737367544323206e-13,0,True,Optimization terminated successfully. (HiGHS Status 7: Optimal),584,1.1368683772161603e-13
2025-10-02,18,0.03184141700148757,5462.074251244637,108,20,2810,2025-09-12|2025-09-13|2025-09-14|2025-09-15|2025-09-16|2025-09-17|2025-09-18|2025-09-19|2025-09-20|2025-09-21|2025-09-22|2025-09-23|2025-09-24|2025-09-25|2025-09-26|2025-09-27|2025-09-28|2025-09-29|2025-09-30|2025-10-01,2025-10-02 18:00,2025-10-02 18:00,5.684341886080801e-13,5.684341886080802e-14,0,True,Optimization terminated successfully. (HiGHS Status 7: Optimal),517,0.0
2025-10-03,0,0.044827457999417675,993.2529685005443,144,20,3746,2025-09-13|2025-09-14|2025-09-15|2025-09-16|2025-09-17|2025-09-18|2025-09-19|2025-09-20|2025-09-21|2025-09-22|2025-09-23|2025-09-24|2025-09-25|2025-09-26|2025-09-27|2025-09-28|2025-09-29|2025-09-30|2025-10-01|2025-10-02,2025-10-03 00:00,2025-10-03 00:00,8.526512829121202e-13,1.1368683772161603e-13,0,True,Optimization terminated successfully. (HiGHS Status 7: Optimal),598,1.1368683772161603e-13
2025-10-03,6,0.03318558399951144,1005.1378781383062,108,20,2810,2025-09-13|2025-09-14|2025-09-15|2025-09-16|2025-09-17|2025-09-18|2025-09-19|2025-09-20|2025-09-21|2025-09-22|2025-09-23|2025-09-24|2025-09-25|2025-09-26|2025-09-27|2025-09-28|2025-09-29|2025-09-30|2025-10-01|2025-10-02,2025-10-03 06:00,2025-10-03 06:00,8.526512829121202e-13,5.684341886080802e-14,0,True,Optimization terminated successfully. (HiGHS Status 7: Optimal),457,1.1368683772161603e-13
2025-10-03,12,0.03595058400060225,6363.2217676177215,108,20,2810,2025-09-13|2025-09-14|2025-09-15|2025-09-16|2025-09-17|2025-09-18|2025-09-19|2025-09-20|2025-09-21|2025-09-22|2025-09-23|2025-09-24|2025-09-25|2025-09-26|2025-09-27|2025-09-28|2025-09-29|2025-09-30|2025-10-01|2025-10-02,2025-10-03 12:00,2025-10-03 12:00,8.384404281969182e-13,5.684341886080802e-14,0,True,Optimization terminated successfully. (HiGHS Status 7: Optimal),572,1.1368683772161603e-13
2025-10-03,18,0.03584791699904599,5586.193214267404,108,20,2810,2025-09-13|2025-09-14|2025-09-15|2025-09-16|2025-09-17|2025-09-18|2025-09-19|2025-09-20|2025-09-21|2025-09-22|2025-09-23|2025-09-24|2025-09-25|2025-09-26|2025-09-27|2025-09-28|2025-09-29|2025-09-30|2025-10-01|2025-10-02,2025-10-03 18:00,2025-10-03 18:00,5.684341886080801e-13,5.684341886080802e-14,0,True,Optimization terminated successfully. (HiGHS Status 7: Optimal),499,1.1368683772161603e-13
2025-10-04,0,0.054094749999421765,1311.521298862034,144,20,3746,2025-09-14|2025-09-15|2025-09-16|2025-09-17|2025-09-18|2025-09-19|2025-09-20|2025-09-21|2025-09-22|2025-09-23|2025-09-24|2025-09-25|2025-09-26|2025-09-27|2025-09-28|2025-09-29|2025-09-30|2025-10-01|2025-10-02|2025-10-03,2025-10-04 00:00,2025-10-04 00:00,9.094947017729282e-13,2.2737367544323206e-13,0,True,Optimization terminated successfully. (HiGHS Status 7: Optimal),664,2.2737367544323206e-13
2025-10-04,6,0.03297412499887287,580.7784534616804,108,20,2810,2025-09-14|2025-09-15|2025-09-16|2025-09-17|2025-09-18|2025-09-19|2025-09-20|2025-09-21|2025-09-22|2025-09-23|2025-09-24|2025-09-25|2025-09-26|2025-09-27|2025-09-28|2025-09-29|2025-09-30|2025-10-01|2025-10-02|2025-10-03,2025-10-04 06:00,2025-10-04 06:00,6.821210263296962e-13,2.2737367544323206e-13,0,True,Optimization terminated successfully. (HiGHS Status 7: Optimal),402,2.2737367544323206e-13
2025-10-04,12,0.03701004100003047,10060.115821601034,108,20,2810,2025-09-14|2025-09-15|2025-09-16|2025-09-17|2025-09-18|2025-09-19|2025-09-20|2025-09-21|2025-09-22|2025-09-23|2025-09-24|2025-09-25|2025-09-26|2025-09-27|2025-09-28|2025-09-29|2025-09-30|2025-10-01|2025-10-02|2025-10-03,2025-10-04 12:00,2025-10-04 12:00,9.094947017729282e-13,2.2737367544323206e-13,0,True,Optimization terminated successfully. (HiGHS Status 7: Optimal),556,1.7053025658242404e-13
2025-10-04,18,0.03983058400081063,14512.81611781632,108,20,2810,2025-09-14|2025-09-15|2025-09-16|2025-09-17|2025-09-18|2025-09-19|2025-09-20|2025-09-21|2025-09-22|2025-09-23|2025-09-24|2025-09-25|2025-09-26|2025-09-27|2025-09-28|2025-09-29|2025-09-30|2025-10-01|2025-10-02|2025-10-03,2025-10-04 18:00,2025-10-04 18:00,6.821210263296962e-13,1.1368683772161603e-13,0,True,Optimization terminated successfully. (HiGHS Status 7: Optimal),612,1.7053025658242404e-13
2025-10-05,0,0.052926709000530536,3210.0647541516073,144,20,3746,2025-09-15|2025-09-16|2025-09-17|2025-09-18|2025-09-19|2025-09-20|2025-09-21|2025-09-22|2025-09-23|2025-09-24|2025-09-25|2025-09-26|2025-09-27|2025-09-28|2025-09-29|2025-09-30|2025-10-01|2025-10-02|2025-10-03|2025-10-04,2025-10-05 00:00,2025-10-05 00:00,9.094947017729282e-13,1.7053025658242404e-13,0,True,Optimization terminated successfully. (HiGHS Status 7: Optimal),764,2.2737367544323206e-13
2025-10-05,6,0.03584795800088614,-1435.547619766741,108,20,2810,2025-09-15|2025-09-16|2025-09-17|2025-09-18|2025-09-19|2025-09-20|2025-09-21|2025-09-22|2025-09-23|2025-09-24|2025-09-25|2025-09-26|2025-09-27|2025-09-28|2025-09-29|2025-09-30|2025-10-01|2025-10-02|2025-10-03|2025-10-04,2025-10-05 06:00,2025-10-05 06:00,8.810729923425242e-13,1.1368683772161603e-13,0,True,Optimization terminated successfully. (HiGHS Status 7: Optimal),606,2.2737367544323206e-13
2025-10-05,12,0.04190783300145995,10855.997003453997,108,20,2810,2025-09-15|2025-09-16|2025-09-17|2025-09-18|2025-09-19|2025-09-20|2025-09-21|2025-09-22|2025-09-23|2025-09-24|2025-09-25|2025-09-26|2025-09-27|2025-09-28|2025-09-29|2025-09-30|2025-10-01|2025-10-02|2025-10-03|2025-10-04,2025-10-05 12:00,2025-10-05 12:00,1.0231815394945443e-12,1.1368683772161603e-13,0,True,Optimization terminated successfully. (HiGHS Status 7: Optimal),683,2.2737367544323206e-13
2025-10-05,18,0.040728166999542736,18846.858628274793,108,20,2810,2025-09-15|2025-09-16|2025-09-17|2025-09-18|2025-09-19|2025-09-20|2025-09-21|2025-09-22|2025-09-23|2025-09-24|2025-09-25|2025-09-26|2025-09-27|2025-09-28|2025-09-29|2025-09-30|2025-10-01|2025-10-02|2025-10-03|2025-10-04,2025-10-05 18:00,2025-10-05 18:00,7.958078640513122e-13,1.1368683772161603e-13,0,True,Optimization terminated successfully. (HiGHS Status 7: Optimal),671,2.2737367544323206e-13
2025-10-06,0,0.049850792000142974,2596.698754014717,144,20,3746,2025-09-16|2025-09-17|2025-09-18|2025-09-19|2025-09-20|2025-09-21|2025-09-22|2025-09-23|2025-09-24|2025-09-25|2025-09-26|2025-09-27|2025-09-28|2025-09-29|2025-09-30|2025-10-01|2025-10-02|2025-10-03|2025-10-04|2025-10-05,2025-10-06 00:00,2025-10-06 00:00,7.958078640513122e-13,2.2737367544323206e-13,0,True,Optimization terminated successfully. (HiGHS Status 7: Optimal),721,2.2737367544323206e-13
2025-10-06,6,0.04482595899935404,3427.7976037986823,108,20,2810,2025-09-16|2025-09-17|2025-09-18|2025-09-19|2025-09-20|2025-09-21|2025-09-22|2025-09-23|2025-09-24|2025-09-25|2025-09-26|2025-09-27|2025-09-28|2025-09-29|2025-09-30|2025-10-01|2025-10-02|2025-10-03|2025-10-04|2025-10-05,2025-10-06 06:00,2025-10-06 06:00,9.094947017729282e-13,2.2737367544323206e-13,0,True,Optimization terminated successfully. (HiGHS Status 7: Optimal),707,2.2737367544323206e-13
2025-10-06,12,0.04028350000044156,11045.097909033288,108,20,2810,2025-09-16|2025-09-17|2025-09-18|2025-09-19|2025-09-20|2025-09-21|2025-09-22|2025-09-23|2025-09-24|2025-09-25|2025-09-26|2025-09-27|2025-09-28|2025-09-29|2025-09-30|2025-10-01|2025-10-02|2025-10-03|2025-10-04|2025-10-05,2025-10-06 12:00,2025-10-06 12:00,9.094947017729282e-13,2.2737367544323206e-13,0,True,Optimization terminated successfully. (HiGHS Status 7: Optimal),667,2.2737367544323206e-13
2025-10-06,18,0.04194429100061825,13987.984939197595,108,20,2810,2025-09-16|2025-09-17|2025-09-18|2025-09-19|2025-09-20|2025-09-21|2025-09-22|2025-09-23|2025-09-24|2025-09-25|2025-09-26|2025-09-27|2025-09-28|2025-09-29|2025-09-30|2025-10-01|2025-10-02|2025-10-03|2025-10-04|2025-10-05,2025-10-06 18:00,2025-10-06 18:00,9.094947017729282e-13,2.2737367544323206e-13,0,True,Optimization terminated successfully. (HiGHS Status 7: Optimal),621,2.2737367544323206e-13
2025-10-07,0,0.06772666699907859,3182.003770537577,144,20,3746,2025-09-17|2025-09-18|2025-09-19|2025-09-20|2025-09-21|2025-09-22|2025-09-23|2025-09-24|2025-09-25|2025-09-26|2025-09-27|2025-09-28|2025-09-29|2025-09-30|2025-10-01|2025-10-02|2025-10-03|2025-10-04|2025-10-05|2025-10-06,2025-10-07 00:00,2025-10-07 00:00,8.526512829121202e-13,1.1368683772161603e-13,0,True,Optimization terminated successfully. (HiGHS Status 7: Optimal),756,2.2737367544323206e-13
2025-10-07,6,0.056155457999921055,1495.2351614424183,108,20,2810,2025-09-17|2025-09-18|2025-09-19|2025-09-20|2025-09-21|2025-09-22|2025-09-23|2025-09-24|2025-09-25|2025-09-26|2025-09-27|2025-09-28|2025-09-29|2025-09-30|2025-10-01|2025-10-02|2025-10-03|2025-10-04|2025-10-05|2025-10-06,2025-10-07 06:00,2025-10-07 06:00,9.094947017729282e-13,5.684341886080802e-14,0,True,Optimization terminated successfully. (HiGHS Status 7: Optimal),627,2.2737367544323206e-13
2025-10-07,12,0.06356858300023305,12037.343093649726,108,20,2810,2025-09-17|2025-09-18|2025-09-19|2025-09-20|2025-09-21|2025-09-22|2025-09-23|2025-09-24|2025-09-25|2025-09-26|2025-09-27|2025-09-28|2025-09-29|2025-09-30|2025-10-01|2025-10-02|2025-10-03|2025-10-04|2025-10-05|2025-10-06,2025-10-07 12:00,2025-10-07 12:00,8.810729923425242e-13,1.1368683772161603e-13,0,True,Optimization terminated successfully. (HiGHS Status 7: Optimal),725,2.2737367544323206e-13
2025-10-07,18,0.05490562500017404,18530.89493491216,108,20,2810,2025-09-17|2025-09-18|2025-09-19|2025-09-20|2025-09-21|2025-09-22|2025-09-23|2025-09-24|2025-09-25|2025-09-26|2025-09-27|2025-09-28|2025-09-29|2025-09-30|2025-10-01|2025-10-02|2025-10-03|2025-10-04|2025-10-05|2025-10-06,2025-10-07 18:00,2025-10-07 18:00,7.958078640513122e-13,4.547473508864641e-13,0,True,Optimization terminated successfully. (HiGHS Status 7: Optimal),671,4.547473508864641e-13
2025-10-08,0,0.0843471669995779,2678.454917901039,144,20,3746,2025-09-18|2025-09-19|2025-09-20|2025-09-21|2025-09-22|2025-09-23|2025-09-24|2025-09-25|2025-09-26|2025-09-27|2025-09-28|2025-09-29|2025-09-30|2025-10-01|2025-10-02|2025-10-03|2025-10-04|2025-10-05|2025-10-06|2025-10-07,2025-10-08 00:00,2025-10-08 00:00,9.094947017729282e-13,9.094947017729282e-13,0,True,Optimization terminated successfully. (HiGHS Status 7: Optimal),752,9.663381206337363e-13
2025-10-08,6,0.05590508299974317,825.8099289165042,108,20,2810,2025-09-18|2025-09-19|2025-09-20|2025-09-21|2025-09-22|2025-09-23|2025-09-24|2025-09-25|2025-09-26|2025-09-27|2025-09-28|2025-09-29|2025-09-30|2025-10-01|2025-10-02|2025-10-03|2025-10-04|2025-10-05|2025-10-06|2025-10-07,2025-10-08 06:00,2025-10-08 06:00,8.242295734817162e-13,1.1368683772161603e-13,0,True,Optimization terminated successfully. (HiGHS Status 7: Optimal),550,1.1368683772161603e-13
2025-10-08,12,0.062173583999538096,10635.92822482463,108,20,2810,2025-09-18|2025-09-19|2025-09-20|2025-09-21|2025-09-22|2025-09-23|2025-09-24|2025-09-25|2025-09-26|2025-09-27|2025-09-28|2025-09-29|2025-09-30|2025-10-01|2025-10-02|2025-10-03|2025-10-04|2025-10-05|2025-10-06|2025-10-07,2025-10-08 12:00,2025-10-08 12:00,8.526512829121202e-13,1.1368683772161603e-13,0,True,Optimization terminated successfully. (HiGHS Status 7: Optimal),650,1.1368683772161603e-13
2025-10-08,18,0.0590859999992972,23761.703744173905,108,20,2810,2025-09-18|2025-09-19|2025-09-20|2025-09-21|2025-09-22|2025-09-23|2025-09-24|2025-09-25|2025-09-26|2025-09-27|2025-09-28|2025-09-29|2025-09-30|2025-10-01|2025-10-02|2025-10-03|2025-10-04|2025-10-05|2025-10-06|2025-10-07,2025-10-08 18:00,2025-10-08 18:00,9.094947017729282e-13,2.2737367544323206e-13,0,True,Optimization terminated successfully. (HiGHS Status 7: Optimal),665,1.1368683772161603e-13
2025-10-09,0,0.09019391699985135,3351.484505134522,144,20,3746,2025-09-19|2025-09-20|2025-09-21|2025-09-22|2025-09-23|2025-09-24|2025-09-25|2025-09-26|2025-09-27|2025-09-28|2025-09-29|2025-09-30|2025-10-01|2025-10-02|2025-10-03|2025-10-04|2025-10-05|2025-10-06|2025-10-07|2025-10-08,2025-10-09 00:00,2025-10-09 00:00,1.0231815394945443e-12,1.1368683772161603e-13,0,True,Optimization terminated successfully. (HiGHS Status 7: Optimal),803,2.2737367544323206e-13
2025-10-09,6,0.04395012500026496,-2594.309251110298,108,20,2810,2025-09-19|2025-09-20|2025-09-21|2025-09-22|2025-09-23|2025-09-24|2025-09-25|2025-09-26|2025-09-27|2025-09-28|2025-09-29|2025-09-30|2025-10-01|2025-10-02|2025-10-03|2025-10-04|2025-10-05|2025-10-06|2025-10-07|2025-10-08,2025-10-09 06:00,2025-10-09 06:00,9.094947017729282e-13,1.1368683772161603e-13,0,True,Optimization terminated successfully. (HiGHS Status 7: Optimal),559,1.1368683772161603e-13
2025-10-09,12,0.04782258399973216,4998.953219100978,108,20,2810,2025-09-19|2025-09-20|2025-09-21|2025-09-22|2025-09-23|2025-09-24|2025-09-25|2025-09-26|2025-09-27|2025-09-28|2025-09-29|2025-09-30|2025-10-01|2025-10-02|2025-10-03|2025-10-04|2025-10-05|2025-10-06|2025-10-07|2025-10-08,2025-10-09 12:00,2025-10-09 12:00,9.094947017729282e-13,1.1368683772161603e-13,0,True,Optimization terminated successfully. (HiGHS Status 7: Optimal),627,1.1368683772161603e-13
2025-10-09,18,0.037816124999153544,6164.254576535373,108,20,2810,2025-09-19|2025-09-20|2025-09-21|2025-09-22|2025-09-23|2025-09-24|2025-09-25|2025-09-26|2025-09-27|2025-09-28|2025-09-29|2025-09-30|2025-10-01|2025-10-02|2025-10-03|2025-10-04|2025-10-05|2025-10-06|2025-10-07|2025-10-08,2025-10-09 18:00,2025-10-09 18:00,9.094947017729282e-13,2.2737367544323206e-13,0,True,Optimization terminated successfully. (HiGHS Status 7: Optimal),537,0.0
2025-10-10,0,0.05055512499893666,985.3925736089077,144,20,3746,2025-09-20|2025-09-21|2025-09-22|2025-09-23|2025-09-24|2025-09-25|2025-09-26|2025-09-27|2025-09-28|2025-09-29|2025-09-30|2025-10-01|2025-10-02|2025-10-03|2025-10-04|2025-10-05|2025-10-06|2025-10-07|2025-10-08|2025-10-09,2025-10-10 00:00,2025-10-10 00:00,8.526512829121202e-13,2.2737367544323206e-13,0,True,Optimization terminated successfully. (HiGHS Status 7: Optimal),625,2.8421709430404007e-13
2025-10-10,6,0.2683548750010232,718.5412897033947,108,20,2810,2025-09-20|2025-09-21|2025-09-22|2025-09-23|2025-09-24|2025-09-25|2025-09-26|2025-09-27|2025-09-28|2025-09-29|2025-09-30|2025-10-01|2025-10-02|2025-10-03|2025-10-04|2025-10-05|2025-10-06|2025-10-07|2025-10-08|2025-10-09,2025-10-10 06:00,2025-10-10 06:00,8.810729923425242e-13,2.2737367544323206e-13,0,True,Optimization terminated successfully. (HiGHS Status 7: Optimal),426,1.7053025658242404e-13
2025-10-10,12,0.06506424999861338,6240.052219543793,108,20,2810,2025-09-20|2025-09-21|2025-09-22|2025-09-23|2025-09-24|2025-09-25|2025-09-26|2025-09-27|2025-09-28|2025-09-29|2025-09-30|2025-10-01|2025-10-02|2025-10-03|2025-10-04|2025-10-05|2025-10-06|2025-10-07|2025-10-08|2025-10-09,2025-10-10 12:00,2025-10-10 12:00,7.958078640513122e-13,5.684341886080802e-14,0,True,Optimization terminated successfully. (HiGHS Status 7: Optimal),561,1.7053025658242404e-13
2025-10-10,18,0.057102875000055064,6130.900860269338,108,20,2810,2025-09-20|2025-09-21|2025-09-22|2025-09-23|2025-09-24|2025-09-25|2025-09-26|2025-09-27|2025-09-28|2025-09-29|2025-09-30|2025-10-01|2025-10-02|2025-10-03|2025-10-04|2025-10-05|2025-10-06|2025-10-07|2025-10-08|2025-10-09,2025-10-10 18:00,2025-10-10 18:00,7.958078640513122e-13,1.1368683772161603e-13,0,True,Optimization terminated successfully. (HiGHS Status 7: Optimal),525,1.7053025658242404e-13
2025-10-11,0,0.0603591660001257,968.9829741380267,144,20,3746,2025-09-21|2025-09-22|2025-09-23|2025-09-24|2025-09-25|2025-09-26|2025-09-27|2025-09-28|2025-09-29|2025-09-30|2025-10-01|2025-10-02|2025-10-03|2025-10-04|2025-10-05|2025-10-06|2025-10-07|2025-10-08|2025-10-09|2025-10-10,2025-10-11 00:00,2025-10-11 00:00,8.752998326144734e-13,1.1368683772161603e-13,0,True,Optimization terminated successfully. (HiGHS Status 7: Optimal),617,5.684341886080802e-14
2025-10-11,6,0.04344604200014146,902.7326961699852,108,20,2810,2025-09-21|2025-09-22|2025-09-23|2025-09-24|2025-09-25|2025-09-26|2025-09-27|2025-09-28|2025-09-29|2025-09-30|2025-10-01|2025-10-02|2025-10-03|2025-10-04|2025-10-05|2025-10-06|2025-10-07|2025-10-08|2025-10-09|2025-10-10,2025-10-11 06:00,2025-10-11 06:00,7.958078640513122e-13,1.1368683772161603e-13,0,True,Optimization terminated successfully. (HiGHS Status 7: Optimal),429,5.684341886080802e-14
2025-10-11,12,0.049123374999908265,10701.580974587461,108,20,2810,2025-09-21|2025-09-22|2025-09-23|2025-09-24|2025-09-25|2025-09-26|2025-09-27|2025-09-28|2025-09-29|2025-09-30|2025-10-01|2025-10-02|2025-10-03|2025-10-04|2025-10-05|2025-10-06|2025-10-07|2025-10-08|2025-10-09|2025-10-10,2025-10-11 12:00,2025-10-11 12:00,9.094947017729282e-13,5.684341886080802e-14,0,True,Optimization terminated successfully. (HiGHS Status 7: Optimal),586,5.684341886080802e-14
2025-10-11,18,0.052483540999674005,15587.568279809253,108,20,2810,2025-09-21|2025-09-22|2025-09-23|2025-09-24|2025-09-25|2025-09-26|2025-09-27|2025-09-28|2025-09-29|2025-09-30|2025-10-01|2025-10-02|2025-10-03|2025-10-04|2025-10-05|2025-10-06|2025-10-07|2025-10-08|2025-10-09|2025-10-10,2025-10-11 18:00,2025-10-11 18:00,5.684341886080801e-13,5.684341886080802e-14,0,True,Optimization terminated successfully. (HiGHS Status 7: Optimal),636,5.684341886080802e-14
2025-10-12,0,0.05913295900063531,3276.2931836859384,144,20,3746,2025-09-22|2025-09-23|2025-09-24|2025-09-25|2025-09-26|2025-09-27|2025-09-28|2025-09-29|2025-09-30|2025-10-01|2025-10-02|2025-10-03|2025-10-04|2025-10-05|2025-10-06|2025-10-07|2025-10-08|2025-10-09|2025-10-10|2025-10-11,2025-10-12 00:00,2025-10-12 00:00,9.094947017729282e-13,4.547473508864641e-13,0,True,Optimization terminated successfully. (HiGHS Status 7: Optimal),764,3.5349501104064984e-13
2025-10-12,6,0.042718250000689295,1875.6167045674108,108,20,2810,2025-09-22|2025-09-23|2025-09-24|2025-09-25|2025-09-26|2025-09-27|2025-09-28|2025-09-29|2025-09-30|2025-10-01|2025-10-02|2025-10-03|2025-10-04|2025-10-05|2025-10-06|2025-10-07|2025-10-08|2025-10-09|2025-10-10|2025-10-11,2025-10-12 06:00,2025-10-12 06:00,9.094947017729282e-13,1.1368683772161603e-13,0,True,Optimization terminated successfully. (HiGHS Status 7: Optimal),640,1.1368683772161603e-13
2025-10-12,12,0.040305291000549914,11055.64353441648,108,20,2810,2025-09-22|2025-09-23|2025-09-24|2025-09-25|2025-09-26|2025-09-27|2025-09-28|2025-09-29|2025-09-30|2025-10-01|2025-10-02|2025-10-03|2025-10-04|2025-10-05|2025-10-06|2025-10-07|2025-10-08|2025-10-09|2025-10-10|2025-10-11,2025-10-12 12:00,2025-10-12 12:00,9.094947017729282e-13,1.1368683772161603e-13,0,True,Optimization terminated successfully. (HiGHS Status 7: Optimal),646,1.1368683772161603e-13
2025-10-12,18,0.043276624999634805,20568.951195598653,108,20,2810,2025-09-22|2025-09-23|2025-09-24|2025-09-25|2025-09-26|2025-09-27|2025-09-28|2025-09-29|2025-09-30|2025-10-01|2025-10-02|2025-10-03|2025-10-04|2025-10-05|2025-10-06|2025-10-07|2025-10-08|2025-10-09|2025-10-10|2025-10-11,2025-10-12 18:00,2025-10-12 18:00,9.094947017729282e-13,1.1368683772161603e-13,0,True,Optimization terminated successfully. (HiGHS Status 7: Optimal),684,1.1368683772161603e-13
2025-10-13,0,0.05603579200032982,3326.7126912748145,144,20,3746,2025-09-23|2025-09-24|2025-09-25|2025-09-26|2025-09-27|2025-09-28|2025-09-29|2025-09-30|2025-10-01|2025-10-02|2025-10-03|2025-10-04|2025-10-05|2025-10-06|2025-10-07|2025-10-08|2025-10-09|2025-10-10|2025-10-11|2025-10-12,2025-10-13 00:00,2025-10-13 00:00,9.094947017729282e-13,5.258016244624741e-13,0,True,Optimization terminated successfully. (HiGHS Status 7: Optimal),764,5.258016244624741e-13
2025-10-13,6,0.0357519589997537,485.31145240350264,108,20,2810,2025-09-23|2025-09-24|2025-09-25|2025-09-26|2025-09-27|2025-09-28|2025-09-29|2025-09-30|2025-10-01|2025-10-02|2025-10-03|2025-10-04|2025-10-05|2025-10-06|2025-10-07|2025-10-08|2025-10-09|2025-10-10|2025-10-11|2025-10-12,2025-10-13 06:00,2025-10-13 06:00,8.810729923425242e-13,1.1368683772161603e-13,0,True,Optimization terminated successfully. (HiGHS Status 7: Optimal),629,1.1368683772161603e-13
2025-10-13,12,0.03358454199951666,9493.143249652163,108,20,2810,2025-09-23|2025-09-24|2025-09-25|2025-09-26|2025-09-27|2025-09-28|2025-09-29|2025-09-30|2025-10-01|2025-10-02|2025-10-03|2025-10-04|2025-10-05|2025-10-06|2025-10-07|2025-10-08|2025-10-09|2025-10-10|2025-10-11|2025-10-12,2025-10-13 12:00,2025-10-13 12:00,7.958078640513122e-13,1.1368683772161603e-13,0,True,Optimization terminated successfully. (HiGHS Status 7: Optimal),603,1.1368683772161603e-13
2025-10-13,18,0.03985320900028455,20822.176474125536,108,20,2810,2025-09-23|2025-09-24|2025-09-25|2025-09-26|2025-09-27|2025-09-28|2025-09-29|2025-09-30|2025-10-01|2025-10-02|2025-10-03|2025-10-04|2025-10-05|2025-10-06|2025-10-07|2025-10-08|2025-10-09|2025-10-10|2025-10-11|2025-10-12,2025-10-13 18:00,2025-10-13 18:00,7.958078640513122e-13,0.0,0,True,Optimization terminated successfully. (HiGHS Status 7: Optimal),676,0.0
2025-10-14,0,0.05241050000040559,3688.2364573459954,144,20,3746,2025-09-24|2025-09-25|2025-09-26|2025-09-27|2025-09-28|2025-09-29|2025-09-30|2025-10-01|2025-10-02|2025-10-03|2025-10-04|2025-10-05|2025-10-06|2025-10-07|2025-10-08|2025-10-09|2025-10-10|2025-10-11|2025-10-12|2025-10-13,2025-10-14 00:00,2025-10-14 00:00,1.0231815394945443e-12,1.1368683772161603e-13,0,True,Optimization terminated successfully. (HiGHS Status 7: Optimal),785,2.2737367544323206e-13
2025-10-14,6,0.03456866600026842,-629.0355063777431,108,20,2810,2025-09-24|2025-09-25|2025-09-26|2025-09-27|2025-09-28|2025-09-29|2025-09-30|2025-10-01|2025-10-02|2025-10-03|2025-10-04|2025-10-05|2025-10-06|2025-10-07|2025-10-08|2025-10-09|2025-10-10|2025-10-11|2025-10-12|2025-10-13,2025-10-14 06:00,2025-10-14 06:00,8.08242361927114e-13,1.1368683772161603e-13,0,True,Optimization terminated successfully. (HiGHS Status 7: Optimal),620,1.1368683772161603e-13
2025-10-14,12,0.03501462500025809,10050.661522521807,108,20,2810,2025-09-24|2025-09-25|2025-09-26|2025-09-27|2025-09-28|2025-09-29|2025-09-30|2025-10-01|2025-10-02|2025-10-03|2025-10-04|2025-10-05|2025-10-06|2025-10-07|2025-10-08|2025-10-09|2025-10-10|2025-10-11|2025-10-12|2025-10-13,2025-10-14 12:00,2025-10-14 12:00,8.810729923425242e-13,1.1368683772161603e-13,0,True,Optimization terminated successfully. (HiGHS Status 7: Optimal),644,1.1368683772161603e-13
2025-10-14,18,0.03985275000013644,23100.4117290524,108,20,2810,2025-09-24|2025-09-25|2025-09-26|2025-09-27|2025-09-28|2025-09-29|2025-09-30|2025-10-01|2025-10-02|2025-10-03|2025-10-04|2025-10-05|2025-10-06|2025-10-07|2025-10-08|2025-10-09|2025-10-10|2025-10-11|2025-10-12|2025-10-13,2025-10-14 18:00,2025-10-14 18:00,7.958078640513122e-13,0.0,0,True,Optimization terminated successfully. (HiGHS Status 7: Optimal),657,0.0
2025-10-15,0,0.054425624999566935,3492.5282020569207,144,20,3746,2025-09-25|2025-09-26|2025-09-27|2025-09-28|2025-09-29|2025-09-30|2025-10-01|2025-10-02|2025-10-03|2025-10-04|2025-10-05|2025-10-06|2025-10-07|2025-10-08|2025-10-09|2025-10-10|2025-10-11|2025-10-12|2025-10-13|2025-10-14,2025-10-15 00:00,2025-10-15 00:00,7.958078640513122e-13,1.1368683772161603e-13,0,True,Optimization terminated successfully. (HiGHS Status 7: Optimal),788,1.1368683772161603e-13
2025-10-15,6,0.03502345900051296,-677.9462759668118,108,20,2810,2025-09-25|2025-09-26|2025-09-27|2025-09-28|2025-09-29|2025-09-30|2025-10-01|2025-10-02|2025-10-03|2025-10-04|2025-10-05|2025-10-06|2025-10-07|2025-10-08|2025-10-09|2025-10-10|2025-10-11|2025-10-12|2025-10-13|2025-10-14,2025-10-15 06:00,2025-10-15 06:00,9.094947017729282e-13,1.1368683772161603e-13,0,True,Optimization terminated successfully. (HiGHS Status 7: Optimal),575,1.1368683772161603e-13
2025-10-15,12,0.03684662500018021,9468.25320601992,108,20,2810,2025-09-25|2025-09-26|2025-09-27|2025-09-28|2025-09-29|2025-09-30|2025-10-01|2025-10-02|2025-10-03|2025-10-04|2025-10-05|2025-10-06|2025-10-07|2025-10-08|2025-10-09|2025-10-10|2025-10-11|2025-10-12|2025-10-13|2025-10-14,2025-10-15 12:00,2025-10-15 12:00,9.094947017729282e-13,1.1368683772161603e-13,0,True,Optimization terminated successfully. (HiGHS Status 7: Optimal),635,1.1368683772161603e-13
2025-10-15,18,0.038260458000877406,20084.654895797616,108,20,2810,2025-09-25|2025-09-26|2025-09-27|2025-09-28|2025-09-29|2025-09-30|2025-10-01|2025-10-02|2025-10-03|2025-10-04|2025-10-05|2025-10-06|2025-10-07|2025-10-08|2025-10-09|2025-10-10|2025-10-11|2025-10-12|2025-10-13|2025-10-14,2025-10-15 18:00,2025-10-15 18:00,7.958078640513122e-13,0.0,0,True,Optimization terminated successfully. (HiGHS Status 7: Optimal),662,1.1368683772161603e-13
2025-10-16,0,0.049760500000047614,3408.8907699136444,144,20,3746,2025-09-26|2025-09-27|2025-09-28|2025-09-29|2025-09-30|2025-10-01|2025-10-02|2025-10-03|2025-10-04|2025-10-05|2025-10-06|2025-10-07|2025-10-08|2025-10-09|2025-10-10|2025-10-11|2025-10-12|2025-10-13|2025-10-14|2025-10-15,2025-10-16 00:00,2025-10-16 00:00,9.663381206337363e-13,1.1368683772161603e-13,0,True,Optimization terminated successfully. (HiGHS Status 7: Optimal),803,2.2737367544323206e-13
2025-10-16,6,0.04030104199955531,2775.6665763500646,108,20,2810,2025-09-26|2025-09-27|2025-09-28|2025-09-29|2025-09-30|2025-10-01|2025-10-02|2025-10-03|2025-10-04|2025-10-05|2025-10-06|2025-10-07|2025-10-08|2025-10-09|2025-10-10|2025-10-11|2025-10-12|2025-10-13|2025-10-14|2025-10-15,2025-10-16 06:00,2025-10-16 06:00,9.094947017729282e-13,1.1368683772161603e-13,0,True,Optimization terminated successfully. (HiGHS Status 7: Optimal),713,2.2737367544323206e-13
2025-10-16,12,0.03839791700011119,6383.744543009616,108,20,2810,2025-09-26|2025-09-27|2025-09-28|2025-09-29|2025-09-30|2025-10-01|2025-10-02|2025-10-03|2025-10-04|2025-10-05|2025-10-06|2025-10-07|2025-10-08|2025-10-09|2025-10-10|2025-10-11|2025-10-12|2025-10-13|2025-10-14|2025-10-15,2025-10-16 12:00,2025-10-16 12:00,9.094947017729282e-13,1.1368683772161603e-13,0,True,Optimization terminated successfully. (HiGHS Status 7: Optimal),639,0.0
2025-10-16,18,0.036050249998879735,6149.67431974237,108,20,2810,2025-09-26|2025-09-27|2025-09-28|2025-09-29|2025-09-30|2025-10-01|2025-10-02|2025-10-03|2025-10-04|2025-10-05|2025-10-06|2025-10-07|2025-10-08|2025-10-09|2025-10-10|2025-10-11|2025-10-12|2025-10-13|2025-10-14|2025-10-15,2025-10-16 18:00,2025-10-16 18:00,9.094947017729282e-13,1.1368683772161603e-13,0,True,Optimization terminated successfully. (HiGHS Status 7: Optimal),521,0.0
2025-10-17,0,0.043149249999260064,717.946899880783,144,20,3746,2025-09-27|2025-09-28|2025-09-29|2025-09-30|2025-10-01|2025-10-02|2025-10-03|2025-10-04|2025-10-05|2025-10-06|2025-10-07|2025-10-08|2025-10-09|2025-10-10|2025-10-11|2025-10-12|2025-10-13|2025-10-14|2025-10-15|2025-10-16,2025-10-17 00:00,2025-10-17 00:00,8.526512829121202e-13,2.8421709430404007e-13,0,True,Optimization terminated successfully. (HiGHS Status 7: Optimal),571,2.8421709430404007e-13
2025-10-17,6,0.034013832999335136,1353.090043631736,108,20,2810,2025-09-27|2025-09-28|2025-09-29|2025-09-30|2025-10-01|2025-10-02|2025-10-03|2025-10-04|2025-10-05|2025-10-06|2025-10-07|2025-10-08|2025-10-09|2025-10-10|2025-10-11|2025-10-12|2025-10-13|2025-10-14|2025-10-15|2025-10-16,2025-10-17 06:00,2025-10-17 06:00,8.810729923425242e-13,2.2737367544323206e-13,0,True,Optimization terminated successfully. (HiGHS Status 7: Optimal),488,1.1368683772161603e-13
2025-10-17,12,0.03827195899975777,6543.65349744642,108,20,2810,2025-09-27|2025-09-28|2025-09-29|2025-09-30|2025-10-01|2025-10-02|2025-10-03|2025-10-04|2025-10-05|2025-10-06|2025-10-07|2025-10-08|2025-10-09|2025-10-10|2025-10-11|2025-10-12|2025-10-13|2025-10-14|2025-10-15|2025-10-16,2025-10-17 12:00,2025-10-17 12:00,8.810729923425242e-13,1.1368683772161603e-13,0,True,Optimization terminated successfully. (HiGHS Status 7: Optimal),590,1.1368683772161603e-13
2025-10-17,18,0.04114162499899976,6815.234578782019,108,20,2810,2025-09-27|2025-09-28|2025-09-29|2025-09-30|2025-10-01|2025-10-02|2025-10-03|2025-10-04|2025-10-05|2025-10-06|2025-10-07|2025-10-08|2025-10-09|2025-10-10|2025-10-11|2025-10-12|2025-10-13|2025-10-14|2025-10-15|2025-10-16,2025-10-17 18:00,2025-10-17 18:00,6.252776074688882e-13,5.684341886080802e-14,0,True,Optimization terminated successfully. (HiGHS Status 7: Optimal),576,1.1368683772161603e-13
2025-10-18,0,0.05296362499939278,1033.1140924794563,144,20,3746,2025-09-28|2025-09-29|2025-09-30|2025-10-01|2025-10-02|2025-10-03|2025-10-04|2025-10-05|2025-10-06|2025-10-07|2025-10-08|2025-10-09|2025-10-10|2025-10-11|2025-10-12|2025-10-13|2025-10-14|2025-10-15|2025-10-16|2025-10-17,2025-10-18 00:00,2025-10-18 00:00,8.526512829121202e-13,3.410605131648481e-13,0,True,Optimization terminated successfully. (HiGHS Status 7: Optimal),667,3.410605131648481e-13
2025-10-18,6,0.03420866700071201,681.2158550389283,108,20,2810,2025-09-28|2025-09-29|2025-09-30|2025-10-01|2025-10-02|2025-10-03|2025-10-04|2025-10-05|2025-10-06|2025-10-07|2025-10-08|2025-10-09|2025-10-10|2025-10-11|2025-10-12|2025-10-13|2025-10-14|2025-10-15|2025-10-16|2025-10-17,2025-10-18 06:00,2025-10-18 06:00,7.958078640513122e-13,3.410605131648481e-13,0,True,Optimization terminated successfully. (HiGHS Status 7: Optimal),456,3.410605131648481e-13
2025-10-18,12,0.03818916699856345,10329.98844340135,108,20,2810,2025-09-28|2025-09-29|2025-09-30|2025-10-01|2025-10-02|2025-10-03|2025-10-04|2025-10-05|2025-10-06|2025-10-07|2025-10-08|2025-10-09|2025-10-10|2025-10-11|2025-10-12|2025-10-13|2025-10-14|2025-10-15|2025-10-16|2025-10-17,2025-10-18 12:00,2025-10-18 12:00,9.094947017729282e-13,5.684341886080802e-14,0,True,Optimization terminated successfully. (HiGHS Status 7: Optimal),563,5.684341886080802e-14
2025-10-18,18,0.04041754200079595,24065.064036907108,108,20,2810,2025-09-28|2025-09-29|2025-09-30|2025-10-01|2025-10-02|2025-10-03|2025-10-04|2025-10-05|2025-10-06|2025-10-07|2025-10-08|2025-10-09|2025-10-10|2025-10-11|2025-10-12|2025-10-13|2025-10-14|2025-10-15|2025-10-16|2025-10-17,2025-10-18 18:00,2025-10-18 18:00,7.958078640513122e-13,5.684341886080802e-14,0,True,Optimization terminated successfully. (HiGHS Status 7: Optimal),656,5.684341886080802e-14
2025-10-19,0,0.05423908299962932,3080.522966807364,144,20,3746,2025-09-29|2025-09-30|2025-10-01|2025-10-02|2025-10-03|2025-10-04|2025-10-05|2025-10-06|2025-10-07|2025-10-08|2025-10-09|2025-10-10|2025-10-11|2025-10-12|2025-10-13|2025-10-14|2025-10-15|2025-10-16|2025-10-17|2025-10-18,2025-10-19 00:00,2025-10-19 00:00,9.094947017729282e-13,2.2737367544323206e-13,0,True,Optimization terminated successfully. (HiGHS Status 7: Optimal),752,2.2737367544323206e-13
2025-10-19,6,0.0390958749994752,1521.00191468707,108,20,2810,2025-09-29|2025-09-30|2025-10-01|2025-10-02|2025-10-03|2025-10-04|2025-10-05|2025-10-06|2025-10-07|2025-10-08|2025-10-09|2025-10-10|2025-10-11|2025-10-12|2025-10-13|2025-10-14|2025-10-15|2025-10-16|2025-10-17|2025-10-18,2025-10-19 06:00,2025-10-19 06:00,8.242295734817162e-13,1.7053025658242404e-13,0,True,Optimization terminated successfully. (HiGHS Status 7: Optimal),626,1.1368683772161603e-13
2025-10-19,12,0.03911212499951944,10375.17809215483,108,20,2810,2025-09-29|2025-09-30|2025-10-01|2025-10-02|2025-10-03|2025-10-04|2025-10-05|2025-10-06|2025-10-07|2025-10-08|2025-10-09|2025-10-10|2025-10-11|2025-10-12|2025-10-13|2025-10-14|2025-10-15|2025-10-16|2025-10-17|2025-10-18,2025-10-19 12:00,2025-10-19 12:00,9.094947017729282e-13,1.1368683772161603e-13,0,True,Optimization terminated successfully. (HiGHS Status 7: Optimal),632,1.1368683772161603e-13
2025-10-19,18,0.04258404099891777,22984.07804271832,108,20,2810,2025-09-29|2025-09-30|2025-10-01|2025-10-02|2025-10-03|2025-10-04|2025-10-05|2025-10-06|2025-10-07|2025-10-08|2025-10-09|2025-10-10|2025-10-11|2025-10-12|2025-10-13|2025-10-14|2025-10-15|2025-10-16|2025-10-17|2025-10-18,2025-10-19 18:00,2025-10-19 18:00,7.958078640513122e-13,1.1368683772161603e-13,0,True,Optimization terminated successfully. (HiGHS Status 7: Optimal),658,1.1368683772161603e-13
2025-10-20,0,0.05519275000006019,3403.644933404843,144,20,3746,2025-09-30|2025-10-01|2025-10-02|2025-10-03|2025-10-04|2025-10-05|2025-10-06|2025-10-07|2025-10-08|2025-10-09|2025-10-10|2025-10-11|2025-10-12|2025-10-13|2025-10-14|2025-10-15|2025-10-16|2025-10-17|2025-10-18|2025-10-19,2025-10-20 00:00,2025-10-20 00:00,9.094947017729282e-13,2.8421709430404007e-13,0,True,Optimization terminated successfully. (HiGHS Status 7: Optimal),802,2.8421709430404007e-13
2025-10-20,6,0.03959237500021118,604.6498419316662,108,20,2810,2025-09-30|2025-10-01|2025-10-02|2025-10-03|2025-10-04|2025-10-05|2025-10-06|2025-10-07|2025-10-08|2025-10-09|2025-10-10|2025-10-11|2025-10-12|2025-10-13|2025-10-14|2025-10-15|2025-10-16|2025-10-17|2025-10-18|2025-10-19,2025-10-20 06:00,2025-10-20 06:00,9.094947017729282e-13,1.1368683772161603e-13,0,True,Optimization terminated successfully. (HiGHS Status 7: Optimal),642,1.1368683772161603e-13
2025-10-20,12,0.041062333000809303,9500.400426391268,108,20,2810,2025-09-30|2025-10-01|2025-10-02|2025-10-03|2025-10-04|2025-10-05|2025-10-06|2025-10-07|2025-10-08|2025-10-09|2025-10-10|2025-10-11|2025-10-12|2025-10-13|2025-10-14|2025-10-15|2025-10-16|2025-10-17|2025-10-18|2025-10-19,2025-10-20 12:00,2025-10-20 12:00,8.384404281969182e-13,1.1368683772161603e-13,0,True,Optimization terminated successfully. (HiGHS Status 7: Optimal),627,1.1368683772161603e-13
2025-10-20,18,0.0443934579998313,22344.262564245317,108,20,2810,2025-09-30|2025-10-01|2025-10-02|2025-10-03|2025-10-04|2025-10-05|2025-10-06|2025-10-07|2025-10-08|2025-10-09|2025-10-10|2025-10-11|2025-10-12|2025-10-13|2025-10-14|2025-10-15|2025-10-16|2025-10-17|2025-10-18|2025-10-19,2025-10-20 18:00,2025-10-20 18:00,7.958078640513122e-13,0.0,0,True,Optimization terminated successfully. (HiGHS Status 7: Optimal),655,1.1368683772161603e-13
2025-10-21,0,0.06086108400086232,3080.4360412662995,144,20,3746,2025-10-01|2025-10-02|2025-10-03|2025-10-04|2025-10-05|2025-10-06|2025-10-07|2025-10-08|2025-10-09|2025-10-10|2025-10-11|2025-10-12|2025-10-13|2025-10-14|2025-10-15|2025-10-16|2025-10-17|2025-10-18|2025-10-19|2025-10-20,2025-10-21 00:00,2025-10-21 00:00,9.094947017729282e-13,1.1368683772161603e-13,0,True,Optimization terminated successfully. (HiGHS Status 7: Optimal),789,1.1368683772161603e-13
2025-10-21,6,0.04638620800142235,2060.8032208131754,108,20,2810,2025-10-01|2025-10-02|2025-10-03|2025-10-04|2025-10-05|2025-10-06|2025-10-07|2025-10-08|2025-10-09|2025-10-10|2025-10-11|2025-10-12|2025-10-13|2025-10-14|2025-10-15|2025-10-16|2025-10-17|2025-10-18|2025-10-19|2025-10-20,2025-10-21 06:00,2025-10-21 06:00,9.094947017729282e-13,2.2737367544323206e-13,0,True,Optimization terminated successfully. (HiGHS Status 7: Optimal),738,1.1368683772161603e-13
2025-10-21,12,0.039947916999153676,10210.272053928373,108,20,2810,2025-10-01|2025-10-02|2025-10-03|2025-10-04|2025-10-05|2025-10-06|2025-10-07|2025-10-08|2025-10-09|2025-10-10|2025-10-11|2025-10-12|2025-10-13|2025-10-14|2025-10-15|2025-10-16|2025-10-17|2025-10-18|2025-10-19|2025-10-20,2025-10-21 12:00,2025-10-21 12:00,9.094947017729282e-13,1.1368683772161603e-13,0,True,Optimization terminated successfully. (HiGHS Status 7: Optimal),653,1.1368683772161603e-13
2025-10-21,18,0.044033666999894194,17953.765424146786,108,20,2810,2025-10-01|2025-10-02|2025-10-03|2025-10-04|2025-10-05|2025-10-06|2025-10-07|2025-10-08|2025-10-09|2025-10-10|2025-10-11|2025-10-12|2025-10-13|2025-10-14|2025-10-15|2025-10-16|2025-10-17|2025-10-18|2025-10-19|2025-10-20,2025-10-21 18:00,2025-10-21 18:00,9.094947017729282e-13,1.1368683772161603e-13,0,True,Optimization terminated successfully. (HiGHS Status 7: Optimal),646,1.1368683772161603e-13
2025-10-22,0,0.055914666001626756,2752.540793228563,144,20,3746,2025-10-02|2025-10-03|2025-10-04|2025-10-05|2025-10-06|2025-10-07|2025-10-08|2025-10-09|2025-10-10|2025-10-11|2025-10-12|2025-10-13|2025-10-14|2025-10-15|2025-10-16|2025-10-17|2025-10-18|2025-10-19|2025-10-20|2025-10-21,2025-10-22 00:00,2025-10-22 00:00,8.526512829121202e-13,3.410605131648481e-13,0,True,Optimization terminated successfully. (HiGHS Status 7: Optimal),772,3.410605131648481e-13
2025-10-22,6,0.038474584000141476,832.3900689663741,108,20,2810,2025-10-02|2025-10-03|2025-10-04|2025-10-05|2025-10-06|2025-10-07|2025-10-08|2025-10-09|2025-10-10|2025-10-11|2025-10-12|2025-10-13|2025-10-14|2025-10-15|2025-10-16|2025-10-17|2025-10-18|2025-10-19|2025-10-20|2025-10-21,2025-10-22 06:00,2025-10-22 06:00,9.094947017729282e-13,2.2737367544323206e-13,0,True,Optimization terminated successfully. (HiGHS Status 7: Optimal),589,1.1368683772161603e-13
2025-10-22,12,0.04563324999980978,11317.986326980708,108,20,2810,2025-10-02|2025-10-03|2025-10-04|2025-10-05|2025-10-06|2025-10-07|2025-10-08|2025-10-09|2025-10-10|2025-10-11|2025-10-12|2025-10-13|2025-10-14|2025-10-15|2025-10-16|2025-10-17|2025-10-18|2025-10-19|2025-10-20|2025-10-21,2025-10-22 12:00,2025-10-22 12:00,8.842371279627059e-13,1.1368683772161603e-13,0,True,Optimization terminated successfully. (HiGHS Status 7: Optimal),714,1.1368683772161603e-13
2025-10-22,18,0.04341295799895306,21830.244820611984,108,20,2810,2025-10-02|2025-10-03|2025-10-04|2025-10-05|2025-10-06|2025-10-07|2025-10-08|2025-10-09|2025-10-10|2025-10-11|2025-10-12|2025-10-13|2025-10-14|2025-10-15|2025-10-16|2025-10-17|2025-10-18|2025-10-19|2025-10-20|2025-10-21,2025-10-22 18:00,2025-10-22 18:00,6.821210263296962e-13,0.0,0,True,Optimization terminated successfully. (HiGHS Status 7: Optimal),676,1.1368683772161603e-13
2025-10-23,0,0.05826141599936818,2882.6552197551414,144,20,3746,2025-10-03|2025-10-04|2025-10-05|2025-10-06|2025-10-07|2025-10-08|2025-10-09|2025-10-10|2025-10-11|2025-10-12|2025-10-13|2025-10-14|2025-10-15|2025-10-16|2025-10-17|2025-10-18|2025-10-19|2025-10-20|2025-10-21|2025-10-22,2025-10-23 00:00,2025-10-23 00:00,6.536993168992922e-13,1.1368683772161603e-13,0,True,Optimization terminated successfully. (HiGHS Status 7: Optimal),794,2.2737367544323206e-13
2025-10-23,6,0.03986350000013772,-3219.1490648341282,108,20,2810,2025-10-03|2025-10-04|2025-10-05|2025-10-06|2025-10-07|2025-10-08|2025-10-09|2025-10-10|2025-10-11|2025-10-12|2025-10-13|2025-10-14|2025-10-15|2025-10-16|2025-10-17|2025-10-18|2025-10-19|2025-10-20|2025-10-21|2025-10-22,2025-10-23 06:00,2025-10-23 06:00,8.668621376273222e-13,2.2737367544323206e-13,0,True,Optimization terminated successfully. (HiGHS Status 7: Optimal),614,1.1368683772161603e-13
2025-10-23,12,0.043301540999891586,5822.838811193687,108,20,2810,2025-10-03|2025-10-04|2025-10-05|2025-10-06|2025-10-07|2025-10-08|2025-10-09|2025-10-10|2025-10-11|2025-10-12|2025-10-13|2025-10-14|2025-10-15|2025-10-16|2025-10-17|2025-10-18|2025-10-19|2025-10-20|2025-10-21|2025-10-22,2025-10-23 12:00,2025-10-23 12:00,8.384404281969182e-13,1.1368683772161603e-13,0,True,Optimization terminated successfully. (HiGHS Status 7: Optimal),667,0.0
2025-10-23,18,0.03886899999997695,6469.66287359623,108,20,2810,2025-10-03|2025-10-04|2025-10-05|2025-10-06|2025-10-07|2025-10-08|2025-10-09|2025-10-10|2025-10-11|2025-10-12|2025-10-13|2025-10-14|2025-10-15|2025-10-16|2025-10-17|2025-10-18|2025-10-19|2025-10-20|2025-10-21|2025-10-22,2025-10-23 18:00,2025-10-23 18:00,5.684341886080801e-13,1.1368683772161603e-13,0,True,Optimization terminated successfully. (HiGHS Status 7: Optimal),564,0.0
2025-10-24,0,0.04901479199907044,599.239416082653,144,20,3746,2025-10-04|2025-10-05|2025-10-06|2025-10-07|2025-10-08|2025-10-09|2025-10-10|2025-10-11|2025-10-12|2025-10-13|2025-10-14|2025-10-15|2025-10-16|2025-10-17|2025-10-18|2025-10-19|2025-10-20|2025-10-21|2025-10-22|2025-10-23,2025-10-24 00:00,2025-10-24 00:00,9.094947017729282e-13,5.684341886080802e-14,0,True,Optimization terminated successfully. (HiGHS Status 7: Optimal),611,1.7053025658242404e-13
2025-10-24,6,0.03563700000086101,509.054496657494,108,20,2810,2025-10-04|2025-10-05|2025-10-06|2025-10-07|2025-10-08|2025-10-09|2025-10-10|2025-10-11|2025-10-12|2025-10-13|2025-10-14|2025-10-15|2025-10-16|2025-10-17|2025-10-18|2025-10-19|2025-10-20|2025-10-21|2025-10-22|2025-10-23,2025-10-24 06:00,2025-10-24 06:00,9.094947017729282e-13,5.684341886080802e-14,0,True,Optimization terminated successfully. (HiGHS Status 7: Optimal),431,1.7053025658242404e-13
2025-10-24,12,0.03977558299993689,6115.232147603228,108,20,2810,2025-10-04|2025-10-05|2025-10-06|2025-10-07|2025-10-08|2025-10-09|2025-10-10|2025-10-11|2025-10-12|2025-10-13|2025-10-14|2025-10-15|2025-10-16|2025-10-17|2025-10-18|2025-10-19|2025-10-20|2025-10-21|2025-10-22|2025-10-23,2025-10-24 12:00,2025-10-24 12:00,9.094947017729282e-13,5.684341886080802e-14,0,True,Optimization terminated successfully. (HiGHS Status 7: Optimal),544,1.7053025658242404e-13
2025-10-24,18,0.0369643329995597,5952.892145372725,108,20,2810,2025-10-04|2025-10-05|2025-10-06|2025-10-07|2025-10-08|2025-10-09|2025-10-10|2025-10-11|2025-10-12|2025-10-13|2025-10-14|2025-10-15|2025-10-16|2025-10-17|2025-10-18|2025-10-19|2025-10-20|2025-10-21|2025-10-22|2025-10-23,2025-10-24 18:00,2025-10-24 18:00,6.252776074688882e-13,1.6200374375330284e-12,0,True,Optimization terminated successfully. (HiGHS Status 7: Optimal),492,1.6484591469634324e-12
2025-10-25,0,0.05893925000054878,1139.787445422568,144,20,3746,2025-10-05|2025-10-06|2025-10-07|2025-10-08|2025-10-09|2025-10-10|2025-10-11|2025-10-12|2025-10-13|2025-10-14|2025-10-15|2025-10-16|2025-10-17|2025-10-18|2025-10-19|2025-10-20|2025-10-21|2025-10-22|2025-10-23|2025-10-24,2025-10-25 00:00,2025-10-25 00:00,1.0231815394945443e-12,2.2737367544323206e-13,0,True,Optimization terminated successfully. (HiGHS Status 7: Optimal),708,3.410605131648481e-13
2025-10-25,6,0.03425562500160595,458.78029036798404,108,20,2810,2025-10-05|2025-10-06|2025-10-07|2025-10-08|2025-10-09|2025-10-10|2025-10-11|2025-10-12|2025-10-13|2025-10-14|2025-10-15|2025-10-16|2025-10-17|2025-10-18|2025-10-19|2025-10-20|2025-10-21|2025-10-22|2025-10-23|2025-10-24,2025-10-25 06:00,2025-10-25 06:00,8.846257060213247e-13,2.2737367544323206e-13,0,True,Optimization terminated successfully. (HiGHS Status 7: Optimal),426,3.410605131648481e-13
2025-10-25,12,0.03643908400044893,10346.06087245812,108,20,2810,2025-10-05|2025-10-06|2025-10-07|2025-10-08|2025-10-09|2025-10-10|2025-10-11|2025-10-12|2025-10-13|2025-10-14|2025-10-15|2025-10-16|2025-10-17|2025-10-18|2025-10-19|2025-10-20|2025-10-21|2025-10-22|2025-10-23|2025-10-24,2025-10-25 12:00,2025-10-25 12:00,8.020251129892131e-13,2.2737367544323206e-13,0,True,Optimization terminated successfully. (HiGHS Status 7: Optimal),572,3.410605131648481e-13
2025-10-25,18,0.045427625000229455,21303.669131972016,108,20,2810,2025-10-05|2025-10-06|2025-10-07|2025-10-08|2025-10-09|2025-10-10|2025-10-11|2025-10-12|2025-10-13|2025-10-14|2025-10-15|2025-10-16|2025-10-17|2025-10-18|2025-10-19|2025-10-20|2025-10-21|2025-10-22|2025-10-23|2025-10-24,2025-10-25 18:00,2025-10-25 18:00,9.094947017729282e-13,2.2737367544323206e-13,0,True,Optimization terminated successfully. (HiGHS Status 7: Optimal),667,3.410605131648481e-13
2025-10-26,0,0.06605029099955573,2919.1335405120726,144,20,3746,2025-10-06|2025-10-07|2025-10-08|2025-10-09|2025-10-10|2025-10-11|2025-10-12|2025-10-13|2025-10-14|2025-10-15|2025-10-16|2025-10-17|2025-10-18|2025-10-19|2025-10-20|2025-10-21|2025-10-22|2025-10-23|2025-10-24|2025-10-25,2025-10-26 00:00,2025-10-26 00:00,9.094947017729282e-13,4.547473508864641e-13,0,True,Optimization terminated successfully. (HiGHS Status 7: Optimal),783,3.5349501104064984e-13
2025-10-26,6,0.06076300000131596,-1296.3247092601289,108,20,2810,2025-10-06|2025-10-07|2025-10-08|2025-10-09|2025-10-10|2025-10-11|2025-10-12|2025-10-13|2025-10-14|2025-10-15|2025-10-16|2025-10-17|2025-10-18|2025-10-19|2025-10-20|2025-10-21|2025-10-22|2025-10-23|2025-10-24|2025-10-25,2025-10-26 06:00,2025-10-26 06:00,9.094947017729282e-13,2.2737367544323206e-13,0,True,Optimization terminated successfully. (HiGHS Status 7: Optimal),602,1.1368683772161603e-13
2025-10-26,12,0.06528166699899884,10702.738677435662,108,20,2810,2025-10-06|2025-10-07|2025-10-08|2025-10-09|2025-10-10|2025-10-11|2025-10-12|2025-10-13|2025-10-14|2025-10-15|2025-10-16|2025-10-17|2025-10-18|2025-10-19|2025-10-20|2025-10-21|2025-10-22|2025-10-23|2025-10-24|2025-10-25,2025-10-26 12:00,2025-10-26 12:00,9.094947017729282e-13,2.2737367544323206e-13,0,True,Optimization terminated successfully. (HiGHS Status 7: Optimal),664,1.1368683772161603e-13
2025-10-26,18,0.05266524999933608,20296.907785328716,108,20,2810,2025-10-06|2025-10-07|2025-10-08|2025-10-09|2025-10-10|2025-10-11|2025-10-12|2025-10-13|2025-10-14|2025-10-15|2025-10-16|2025-10-17|2025-10-18|2025-10-19|2025-10-20|2025-10-21|2025-10-22|2025-10-23|2025-10-24|2025-10-25,2025-10-26 18:00,2025-10-26 18:00,9.094947017729282e-13,2.2737367544323206e-13,0,True,Optimization terminated successfully. (HiGHS Status 7: Optimal),657,0.0
2025-10-27,0,0.05505325000012817,2535.77332873812,144,20,3746,2025-10-07|2025-10-08|2025-10-09|2025-10-10|2025-10-11|2025-10-12|2025-10-13|2025-10-14|2025-10-15|2025-10-16|2025-10-17|2025-10-18|2025-10-19|2025-10-20|2025-10-21|2025-10-22|2025-10-23|2025-10-24|2025-10-25|2025-10-26,2025-10-27 00:00,2025-10-27 00:00,8.242295734817162e-13,2.2737367544323206e-13,0,True,Optimization terminated successfully. (HiGHS Status 7: Optimal),754,2.2737367544323206e-13
2025-10-27,6,0.04932620900035545,6343.874800620917,108,20,2810,2025-10-07|2025-10-08|2025-10-09|2025-10-10|2025-10-11|2025-10-12|2025-10-13|2025-10-14|2025-10-15|2025-10-16|2025-10-17|2025-10-18|2025-10-19|2025-10-20|2025-10-21|2025-10-22|2025-10-23|2025-10-24|2025-10-25|2025-10-26,2025-10-27 06:00,2025-10-27 06:00,9.094947017729282e-13,2.2737367544323206e-13,0,True,Optimization terminated successfully. (HiGHS Status 7: Optimal),800,1.1368683772161603e-13
2025-10-27,12,0.041403625000384636,12021.698597599956,108,20,2810,2025-10-07|2025-10-08|2025-10-09|2025-10-10|2025-10-11|2025-10-12|2025-10-13|2025-10-14|2025-10-15|2025-10-16|2025-10-17|2025-10-18|2025-10-19|2025-10-20|2025-10-21|2025-10-22|2025-10-23|2025-10-24|2025-10-25|2025-10-26,2025-10-27 12:00,2025-10-27 12:00,9.094947017729282e-13,2.8421709430404007e-13,0,True,Optimization terminated successfully. (HiGHS Status 7: Optimal),734,1.1368683772161603e-13
2025-10-27,18,0.03708191599980637,22863.272473806424,108,20,2810,2025-10-07|2025-10-08|2025-10-09|2025-10-10|2025-10-11|2025-10-12|2025-10-13|2025-10-14|2025-10-15|2025-10-16|2025-10-17|2025-10-18|2025-10-19|2025-10-20|2025-10-21|2025-10-22|2025-10-23|2025-10-24|2025-10-25|2025-10-26,2025-10-27 18:00,2025-10-27 18:00,7.958078640513122e-13,0.0,0,True,Optimization terminated successfully. (HiGHS Status 7: Optimal),681,1.1368683772161603e-13
2025-10-28,0,0.05383366700152692,2500.607767174719,144,20,3746,2025-10-08|2025-10-09|2025-10-10|2025-10-11|2025-10-12|2025-10-13|2025-10-14|2025-10-15|2025-10-16|2025-10-17|2025-10-18|2025-10-19|2025-10-20|2025-10-21|2025-10-22|2025-10-23|2025-10-24|2025-10-25|2025-10-26|2025-10-27,2025-10-28 00:00,2025-10-28 00:00,8.100187187665142e-13,4.831690603168681e-13,0,True,Optimization terminated successfully. (HiGHS Status 7: Optimal),780,4.831690603168681e-13
2025-10-28,6,0.04916324999976496,5210.876919226244,108,20,2810,2025-10-08|2025-10-09|2025-10-10|2025-10-11|2025-10-12|2025-10-13|2025-10-14|2025-10-15|2025-10-16|2025-10-17|2025-10-18|2025-10-19|2025-10-20|2025-10-21|2025-10-22|2025-10-23|2025-10-24|2025-10-25|2025-10-26|2025-10-27,2025-10-28 06:00,2025-10-28 06:00,8.639755577632968e-13,2.2737367544323206e-13,0,True,Optimization terminated successfully. (HiGHS Status 7: Optimal),799,3.410605131648481e-13
2025-10-28,12,0.047210959000949515,12621.437914362034,108,20,2810,2025-10-08|2025-10-09|2025-10-10|2025-10-11|2025-10-12|2025-10-13|2025-10-14|2025-10-15|2025-10-16|2025-10-17|2025-10-18|2025-10-19|2025-10-20|2025-10-21|2025-10-22|2025-10-23|2025-10-24|2025-10-25|2025-10-26|2025-10-27,2025-10-28 12:00,2025-10-28 12:00,8.313350008393172e-13,2.2737367544323206e-13,0,True,Optimization terminated successfully. (HiGHS Status 7: Optimal),755,3.410605131648481e-13
2025-10-28,18,0.04423333299928345,20405.375885356418,108,20,2810,2025-10-08|2025-10-09|2025-10-10|2025-10-11|2025-10-12|2025-10-13|2025-10-14|2025-10-15|2025-10-16|2025-10-17|2025-10-18|2025-10-19|2025-10-20|2025-10-21|2025-10-22|2025-10-23|2025-10-24|2025-10-25|2025-10-26|2025-10-27,2025-10-28 18:00,2025-10-28 18:00,9.094947017729282e-13,2.2737367544323206e-13,0,True,Optimization terminated successfully. (HiGHS Status 7: Optimal),668,3.410605131648481e-13
2025-10-29,0,0.055597249998754705,2659.7792416770626,144,20,3746,2025-10-09|2025-10-10|2025-10-11|2025-10-12|2025-10-13|2025-10-14|2025-10-15|2025-10-16|2025-10-17|2025-10-18|2025-10-19|2025-10-20|2025-10-21|2025-10-22|2025-10-23|2025-10-24|2025-10-25|2025-10-26|2025-10-27|2025-10-28,2025-10-29 00:00,2025-10-29 00:00,1.0231815394945443e-12,2.2737367544323206e-13,0,True,Optimization terminated successfully. (HiGHS Status 7: Optimal),783,2.2737367544323206e-13
2025-10-29,6,0.0425669160013058,2121.9934174307305,108,20,2810,2025-10-09|2025-10-10|2025-10-11|2025-10-12|2025-10-13|2025-10-14|2025-10-15|2025-10-16|2025-10-17|2025-10-18|2025-10-19|2025-10-20|2025-10-21|2025-10-22|2025-10-23|2025-10-24|2025-10-25|2025-10-26|2025-10-27|2025-10-28,2025-10-29 06:00,2025-10-29 06:00,1.0231815394945443e-12,2.2737367544323206e-13,0,True,Optimization terminated successfully. (HiGHS Status 7: Optimal),737,2.2737367544323206e-13
2025-10-29,12,0.03937587499967776,9950.974933062567,108,20,2810,2025-10-09|2025-10-10|2025-10-11|2025-10-12|2025-10-13|2025-10-14|2025-10-15|2025-10-16|2025-10-17|2025-10-18|2025-10-19|2025-10-20|2025-10-21|2025-10-22|2025-10-23|2025-10-24|2025-10-25|2025-10-26|2025-10-27|2025-10-28,2025-10-29 12:00,2025-10-29 12:00,1.0231815394945443e-12,2.2737367544323206e-13,0,True,Optimization terminated successfully. (HiGHS Status 7: Optimal),652,2.2737367544323206e-13
2025-10-29,18,0.03909775000101945,20887.135829549818,108,20,2810,2025-10-09|2025-10-10|2025-10-11|2025-10-12|2025-10-13|2025-10-14|2025-10-15|2025-10-16|2025-10-17|2025-10-18|2025-10-19|2025-10-20|2025-10-21|2025-10-22|2025-10-23|2025-10-24|2025-10-25|2025-10-26|2025-10-27|2025-10-28,2025-10-29 18:00,2025-10-29 18:00,1.0231815394945443e-12,2.2737367544323206e-13,0,True,Optimization terminated successfully. (HiGHS Status 7: Optimal),658,2.2737367544323206e-13
2025-10-30,0,0.05298554099863395,2130.653440768447,144,20,3746,2025-10-10|2025-10-11|2025-10-12|2025-10-13|2025-10-14|2025-10-15|2025-10-16|2025-10-17|2025-10-18|2025-10-19|2025-10-20|2025-10-21|2025-10-22|2025-10-23|2025-10-24|2025-10-25|2025-10-26|2025-10-27|2025-10-28|2025-10-29,2025-10-30 00:00,2025-10-30 00:00,9.094947017729282e-13,2.5579538487363607e-13,0,True,Optimization terminated successfully. (HiGHS Status 7: Optimal),777,2.5579538487363607e-13
2025-10-30,6,0.040246042000944726,2959.1107080946776,108,20,2810,2025-10-10|2025-10-11|2025-10-12|2025-10-13|2025-10-14|2025-10-15|2025-10-16|2025-10-17|2025-10-18|2025-10-19|2025-10-20|2025-10-21|2025-10-22|2025-10-23|2025-10-24|2025-10-25|2025-10-26|2025-10-27|2025-10-28|2025-10-29,2025-10-30 06:00,2025-10-30 06:00,9.094947017729282e-13,2.2737367544323206e-13,0,True,Optimization terminated successfully. (HiGHS Status 7: Optimal),682,1.1368683772161603e-13
2025-10-30,12,0.04574658300043666,7517.970691373069,108,20,2810,2025-10-10|2025-10-11|2025-10-12|2025-10-13|2025-10-14|2025-10-15|2025-10-16|2025-10-17|2025-10-18|2025-10-19|2025-10-20|2025-10-21|2025-10-22|2025-10-23|2025-10-24|2025-10-25|2025-10-26|2025-10-27|2025-10-28|2025-10-29,2025-10-30 12:00,2025-10-30 12:00,9.094947017729282e-13,1.1368683772161603e-13,0,True,Optimization terminated successfully. (HiGHS Status 7: Optimal),697,1.1368683772161603e-13
2025-10-30,18,0.03631729199878464,6271.007191198783,108,20,2810,2025-10-10|2025-10-11|2025-10-12|2025-10-13|2025-10-14|2025-10-15|2025-10-16|2025-10-17|2025-10-18|2025-10-19|2025-10-20|2025-10-21|2025-10-22|2025-10-23|2025-10-24|2025-10-25|2025-10-26|2025-10-27|2025-10-28|2025-10-29,2025-10-30 18:00,2025-10-30 18:00,9.094947017729282e-13,1.1368683772161603e-13,0,True,Optimization terminated successfully. (HiGHS Status 7: Optimal),539,1.1368683772161603e-13
2025-10-31,0,0.054847875000632484,918.4308590193777,144,20,3746,2025-10-11|2025-10-12|2025-10-13|2025-10-14|2025-10-15|2025-10-16|2025-10-17|2025-10-18|2025-10-19|2025-10-20|2025-10-21|2025-10-22|2025-10-23|2025-10-24|2025-10-25|2025-10-26|2025-10-27|2025-10-28|2025-10-29|2025-10-30,2025-10-31 00:00,2025-10-31 00:00,9.094947017729282e-13,1.0231815394945443e-12,0,True,Optimization terminated successfully. (HiGHS Status 7: Optimal),680,9.947598300641403e-13
2025-10-31,6,0.033920457999556675,103.8260355632066,108,20,2810,2025-10-11|2025-10-12|2025-10-13|2025-10-14|2025-10-15|2025-10-16|2025-10-17|2025-10-18|2025-10-19|2025-10-20|2025-10-21|2025-10-22|2025-10-23|2025-10-24|2025-10-25|2025-10-26|2025-10-27|2025-10-28|2025-10-29|2025-10-30,2025-10-31 06:00,2025-10-31 06:00,8.526512829121202e-13,1.1368683772161603e-13,0,True,Optimization terminated successfully. (HiGHS Status 7: Optimal),442,1.1368683772161603e-13
2025-10-31,12,0.03975916699891968,5808.286807286219,108,20,2810,2025-10-11|2025-10-12|2025-10-13|2025-10-14|2025-10-15|2025-10-16|2025-10-17|2025-10-18|2025-10-19|2025-10-20|2025-10-21|2025-10-22|2025-10-23|2025-10-24|2025-10-25|2025-10-26|2025-10-27|2025-10-28|2025-10-29|2025-10-30,2025-10-31 12:00,2025-10-31 12:00,7.958078640513122e-13,5.684341886080802e-14,0,True,Optimization terminated successfully. (HiGHS Status 7: Optimal),555,1.1368683772161603e-13
2025-10-31,18,0.04437141599919414,8999.87046512115,108,20,2810,2025-10-11|2025-10-12|2025-10-13|2025-10-14|2025-10-15|2025-10-16|2025-10-17|2025-10-18|2025-10-19|2025-10-20|2025-10-21|2025-10-22|2025-10-23|2025-10-24|2025-10-25|2025-10-26|2025-10-27|2025-10-28|2025-10-29|2025-10-30,2025-10-31 18:00,2025-10-31 18:00,9.094947017729282e-13,5.684341886080802e-14,0,True,Optimization terminated successfully. (HiGHS Status 7: Optimal),588,1.1368683772161603e-13
2025-11-01,0,0.049213667000003625,646.539317558286,144,20,3746,2025-10-12|2025-10-13|2025-10-14|2025-10-15|2025-10-16|2025-10-17|2025-10-18|2025-10-19|2025-10-20|2025-10-21|2025-10-22|2025-10-23|2025-10-24|2025-10-25|2025-10-26|2025-10-27|2025-10-28|2025-10-29|2025-10-30|2025-10-31,2025-11-01 00:00,2025-11-01 00:00,9.094947017729282e-13,3.410605131648481e-13,0,True,Optimization terminated successfully. (HiGHS Status 7: Optimal),601,3.410605131648481e-13
2025-11-01,6,0.03228412499993283,250.68663546540492,108,20,2810,2025-10-12|2025-10-13|2025-10-14|2025-10-15|2025-10-16|2025-10-17|2025-10-18|2025-10-19|2025-10-20|2025-10-21|2025-10-22|2025-10-23|2025-10-24|2025-10-25|2025-10-26|2025-10-27|2025-10-28|2025-10-29|2025-10-30|2025-10-31,2025-11-01 06:00,2025-11-01 06:00,9.094947017729282e-13,3.410605131648481e-13,0,True,Optimization terminated successfully. (HiGHS Status 7: Optimal),405,3.410605131648481e-13
2025-11-01,12,0.03753962500013586,10180.649282840814,108,20,2810,2025-10-12|2025-10-13|2025-10-14|2025-10-15|2025-10-16|2025-10-17|2025-10-18|2025-10-19|2025-10-20|2025-10-21|2025-10-22|2025-10-23|2025-10-24|2025-10-25|2025-10-26|2025-10-27|2025-10-28|2025-10-29|2025-10-30|2025-10-31,2025-11-01 12:00,2025-11-01 12:00,9.094947017729282e-13,5.684341886080802e-14,0,True,Optimization terminated successfully. (HiGHS Status 7: Optimal),586,5.684341886080802e-14
2025-11-01,18,0.038872166000146535,20543.42319815687,108,20,2810,2025-10-12|2025-10-13|2025-10-14|2025-10-15|2025-10-16|2025-10-17|2025-10-18|2025-10-19|2025-10-20|2025-10-21|2025-10-22|2025-10-23|2025-10-24|2025-10-25|2025-10-26|2025-10-27|2025-10-28|2025-10-29|2025-10-30|2025-10-31,2025-11-01 18:00,2025-11-01 18:00,9.094947017729282e-13,5.684341886080802e-14,0,True,Optimization terminated successfully. (HiGHS Status 7: Optimal),666,5.684341886080802e-14
2025-11-02,0,0.049756250000427826,2579.528722266772,144,20,3746,2025-10-13|2025-10-14|2025-10-15|2025-10-16|2025-10-17|2025-10-18|2025-10-19|2025-10-20|2025-10-21|2025-10-22|2025-10-23|2025-10-24|2025-10-25|2025-10-26|2025-10-27|2025-10-28|2025-10-29|2025-10-30|2025-10-31|2025-11-01,2025-11-02 00:00,2025-11-02 00:00,9.094947017729282e-13,3.410605131648481e-13,0,True,Optimization terminated successfully. (HiGHS Status 7: Optimal),777,3.410605131648481e-13
2025-11-02,6,0.05420237500038638,5183.147916327254,108,20,2810,2025-10-13|2025-10-14|2025-10-15|2025-10-16|2025-10-17|2025-10-18|2025-10-19|2025-10-20|2025-10-21|2025-10-22|2025-10-23|2025-10-24|2025-10-25|2025-10-26|2025-10-27|2025-10-28|2025-10-29|2025-10-30|2025-10-31|2025-11-01,2025-11-02 06:00,2025-11-02 06:00,9.094947017729282e-13,2.2737367544323206e-13,0,True,Optimization terminated successfully. (HiGHS Status 7: Optimal),878,2.2737367544323206e-13
2025-11-02,12,0.04144320900013554,10086.888095654975,108,20,2810,2025-10-13|2025-10-14|2025-10-15|2025-10-16|2025-10-17|2025-10-18|2025-10-19|2025-10-20|2025-10-21|2025-10-22|2025-10-23|2025-10-24|2025-10-25|2025-10-26|2025-10-27|2025-10-28|2025-10-29|2025-10-30|2025-10-31|2025-11-01,2025-11-02 12:00,2025-11-02 12:00,6.821210263296962e-13,3.410605131648481e-13,0,True,Optimization terminated successfully. (HiGHS Status 7: Optimal),652,3.410605131648481e-13
2025-11-02,18,0.04391883300013433,21253.37710060286,108,20,2810,2025-10-13|2025-10-14|2025-10-15|2025-10-16|2025-10-17|2025-10-18|2025-10-19|2025-10-20|2025-10-21|2025-10-22|2025-10-23|2025-10-24|2025-10-25|2025-10-26|2025-10-27|2025-10-28|2025-10-29|2025-10-30|2025-10-31|2025-11-01,2025-11-02 18:00,2025-11-02 18:00,7.958078640513122e-13,3.410605131648481e-13,0,True,Optimization terminated successfully. (HiGHS Status 7: Optimal),662,3.410605131648481e-13
2025-11-03,0,0.055976167001063004,2593.241811599046,144,20,3746,2025-10-14|2025-10-15|2025-10-16|2025-10-17|2025-10-18|2025-10-19|2025-10-20|2025-10-21|2025-10-22|2025-10-23|2025-10-24|2025-10-25|2025-10-26|2025-10-27|2025-10-28|2025-10-29|2025-10-30|2025-10-31|2025-11-01|2025-11-02,2025-11-03 00:00,2025-11-03 00:00,6.821210263296962e-13,6.394884621840902e-13,0,True,Optimization terminated successfully. (HiGHS Status 7: Optimal),795,6.394884621840902e-13
2025-11-03,6,0.038074000000051456,345.9926321811554,108,20,2810,2025-10-14|2025-10-15|2025-10-16|2025-10-17|2025-10-18|2025-10-19|2025-10-20|2025-10-21|2025-10-22|2025-10-23|2025-10-24|2025-10-25|2025-10-26|2025-10-27|2025-10-28|2025-10-29|2025-10-30|2025-10-31|2025-11-01|2025-11-02,2025-11-03 06:00,2025-11-03 06:00,8.86846152070575e-13,1.1368683772161603e-13,0,True,Optimization terminated successfully. (HiGHS Status 7: Optimal),646,1.1368683772161603e-13
2025-11-03,12,0.042216334000841016,9896.235801948362,108,20,2810,2025-10-14|2025-10-15|2025-10-16|2025-10-17|2025-10-18|2025-10-19|2025-10-20|2025-10-21|2025-10-22|2025-10-23|2025-10-24|2025-10-25|2025-10-26|2025-10-27|2025-10-28|2025-10-29|2025-10-30|2025-10-31|2025-11-01|2025-11-02,2025-11-03 12:00,2025-11-03 12:00,6.821210263296962e-13,1.1368683772161603e-13,0,True,Optimization terminated successfully. (HiGHS Status 7: Optimal),647,1.1368683772161603e-13
2025-11-03,18,0.043328584000846604,23315.327478736504,108,20,2810,2025-10-14|2025-10-15|2025-10-16|2025-10-17|2025-10-18|2025-10-19|2025-10-20|2025-10-21|2025-10-22|2025-10-23|2025-10-24|2025-10-25|2025-10-26|2025-10-27|2025-10-28|2025-10-29|2025-10-30|2025-10-31|2025-11-01|2025-11-02,2025-11-03 18:00,2025-11-03 18:00,9.094947017729282e-13,0.0,0,True,Optimization terminated successfully. (HiGHS Status 7: Optimal),654,1.1368683772161603e-13
2025-11-04,0,0.055771249999452266,2535.5210148010287,144,20,3746,2025-10-15|2025-10-16|2025-10-17|2025-10-18|2025-10-19|2025-10-20|2025-10-21|2025-10-22|2025-10-23|2025-10-24|2025-10-25|2025-10-26|2025-10-27|2025-10-28|2025-10-29|2025-10-30|2025-10-31|2025-11-01|2025-11-02|2025-11-03,2025-11-04 00:00,2025-11-04 00:00,9.094947017729282e-13,2.0463630789890885e-12,0,True,Optimization terminated successfully. (HiGHS Status 7: Optimal),782,1.8189894035458565e-12
2025-11-04,6,0.05621666700062633,3024.6903269192903,108,20,2810,2025-10-15|2025-10-16|2025-10-17|2025-10-18|2025-10-19|2025-10-20|2025-10-21|2025-10-22|2025-10-23|2025-10-24|2025-10-25|2025-10-26|2025-10-27|2025-10-28|2025-10-29|2025-10-30|2025-10-31|2025-11-01|2025-11-02|2025-11-03,2025-11-04 06:00,2025-11-04 06:00,9.094947017729282e-13,1.1368683772161603e-13,0,True,Optimization terminated successfully. (HiGHS Status 7: Optimal),815,2.2737367544323206e-13
2025-11-04,12,0.03798649999953341,10531.805636895517,108,20,2810,2025-10-15|2025-10-16|2025-10-17|2025-10-18|2025-10-19|2025-10-20|2025-10-21|2025-10-22|2025-10-23|2025-10-24|2025-10-25|2025-10-26|2025-10-27|2025-10-28|2025-10-29|2025-10-30|2025-10-31|2025-11-01|2025-11-02|2025-11-03,2025-11-04 12:00,2025-11-04 12:00,9.094947017729282e-13,2.2737367544323206e-13,0,True,Optimization terminated successfully. (HiGHS Status 7: Optimal),662,2.2737367544323206e-13
2025-11-04,18,0.04144254200036812,28773.312098264487,108,20,2810,2025-10-15|2025-10-16|2025-10-17|2025-10-18|2025-10-19|2025-10-20|2025-10-21|2025-10-22|2025-10-23|2025-10-24|2025-10-25|2025-10-26|2025-10-27|2025-10-28|2025-10-29|2025-10-30|2025-10-31|2025-11-01|2025-11-02|2025-11-03,2025-11-04 18:00,2025-11-04 18:00,9.094947017729282e-13,5.551115123125783e-17,0,True,Optimization terminated successfully. (HiGHS Status 7: Optimal),670,2.2737367544323206e-13
2025-11-05,0,0.05453766699974949,2545.2124086101917,144,20,3746,2025-10-16|2025-10-17|2025-10-18|2025-10-19|2025-10-20|2025-10-21|2025-10-22|2025-10-23|2025-10-24|2025-10-25|2025-10-26|2025-10-27|2025-10-28|2025-10-29|2025-10-30|2025-10-31|2025-11-01|2025-11-02|2025-11-03|2025-11-04,2025-11-05 00:00,2025-11-05 00:00,9.094947017729282e-13,2.2737367544323206e-13,0,True,Optimization terminated successfully. (HiGHS Status 7: Optimal),801,3.410605131648481e-13
2025-11-05,6,0.03364725000028557,-1885.2367094127687,108,20,2810,2025-10-16|2025-10-17|2025-10-18|2025-10-19|2025-10-20|2025-10-21|2025-10-22|2025-10-23|2025-10-24|2025-10-25|2025-10-26|2025-10-27|2025-10-28|2025-10-29|2025-10-30|2025-10-31|2025-11-01|2025-11-02|2025-11-03|2025-11-04,2025-11-05 06:00,2025-11-05 06:00,8.952838470577262e-13,2.2737367544323206e-13,0,True,Optimization terminated successfully. (HiGHS Status 7: Optimal),595,3.410605131648481e-13
2025-11-05,12,0.037601250000079744,8924.045510159545,108,20,2810,2025-10-16|2025-10-17|2025-10-18|2025-10-19|2025-10-20|2025-10-21|2025-10-22|2025-10-23|2025-10-24|2025-10-25|2025-10-26|2025-10-27|2025-10-28|2025-10-29|2025-10-30|2025-10-31|2025-11-01|2025-11-02|2025-11-03|2025-11-04,2025-11-05 12:00,2025-11-05 12:00,9.094947017729282e-13,2.2737367544323206e-13,0,True,Optimization terminated successfully. (HiGHS Status 7: Optimal),630,3.410605131648481e-13
2025-11-05,18,0.04229129200030002,24377.248127495055,108,20,2810,2025-10-16|2025-10-17|2025-10-18|2025-10-19|2025-10-20|2025-10-21|2025-10-22|2025-10-23|2025-10-24|2025-10-25|2025-10-26|2025-10-27|2025-10-28|2025-10-29|2025-10-30|2025-10-31|2025-11-01|2025-11-02|2025-11-03|2025-11-04,2025-11-05 18:00,2025-11-05 18:00,7.958078640513122e-13,2.2737367544323206e-13,0,True,Optimization terminated successfully. (HiGHS Status 7: Optimal),667,3.410605131648481e-13
2025-11-06,0,0.05438099999992119,2550.1446722217484,144,20,3746,2025-10-17|2025-10-18|2025-10-19|2025-10-20|2025-10-21|2025-10-22|2025-10-23|2025-10-24|2025-10-25|2025-10-26|2025-10-27|2025-10-28|2025-10-29|2025-10-30|2025-10-31|2025-11-01|2025-11-02|2025-11-03|2025-11-04|2025-11-05,2025-11-06 00:00,2025-11-06 00:00,7.958078640513122e-13,2.2737367544323206e-13,0,True,Optimization terminated successfully. (HiGHS Status 7: Optimal),795,3.410605131648481e-13
2025-11-06,6,0.04764991699994425,2986.113052158874,108,20,2810,2025-10-17|2025-10-18|2025-10-19|2025-10-20|2025-10-21|2025-10-22|2025-10-23|2025-10-24|2025-10-25|2025-10-26|2025-10-27|2025-10-28|2025-10-29|2025-10-30|2025-10-31|2025-11-01|2025-11-02|2025-11-03|2025-11-04|2025-11-05,2025-11-06 06:00,2025-11-06 06:00,8.810729923425242e-13,2.2737367544323206e-13,0,True,Optimization terminated successfully. (HiGHS Status 7: Optimal),823,1.1368683772161603e-13
2025-11-06,12,0.04144316699967021,6154.514504378573,108,20,2810,2025-10-17|2025-10-18|2025-10-19|2025-10-20|2025-10-21|2025-10-22|2025-10-23|2025-10-24|2025-10-25|2025-10-26|2025-10-27|2025-10-28|2025-10-29|2025-10-30|2025-10-31|2025-11-01|2025-11-02|2025-11-03|2025-11-04|2025-11-05,2025-11-06 12:00,2025-11-06 12:00,7.958078640513122e-13,1.1368683772161603e-13,0,True,Optimization terminated successfully. (HiGHS Status 7: Optimal),672,1.1368683772161603e-13
2025-11-06,18,0.04179387499971199,8959.879240041419,108,20,2810,2025-10-17|2025-10-18|2025-10-19|2025-10-20|2025-10-21|2025-10-22|2025-10-23|2025-10-24|2025-10-25|2025-10-26|2025-10-27|2025-10-28|2025-10-29|2025-10-30|2025-10-31|2025-11-01|2025-11-02|2025-11-03|2025-11-04|2025-11-05,2025-11-06 18:00,2025-11-06 18:00,7.958078640513122e-13,2.2737367544323206e-13,0,True,Optimization terminated successfully. (HiGHS Status 7: Optimal),631,2.2737367544323206e-13
2025-11-07,0,0.044023333000950515,550.9357345753209,144,20,3746,2025-10-18|2025-10-19|2025-10-20|2025-10-21|2025-10-22|2025-10-23|2025-10-24|2025-10-25|2025-10-26|2025-10-27|2025-10-28|2025-10-29|2025-10-30|2025-10-31|2025-11-01|2025-11-02|2025-11-03|2025-11-04|2025-11-05|2025-11-06,2025-11-07 00:00,2025-11-07 00:00,7.958078640513122e-13,4.547473508864641e-13,0,True,Optimization terminated successfully. (HiGHS Status 7: Optimal),601,4.547473508864641e-13
2025-11-07,6,0.03795625000020664,691.7540229724872,108,20,2810,2025-10-18|2025-10-19|2025-10-20|2025-10-21|2025-10-22|2025-10-23|2025-10-24|2025-10-25|2025-10-26|2025-10-27|2025-10-28|2025-10-29|2025-10-30|2025-10-31|2025-11-01|2025-11-02|2025-11-03|2025-11-04|2025-11-05|2025-11-06,2025-11-07 06:00,2025-11-07 06:00,8.641976023682219e-13,1.1368683772161603e-13,0,True,Optimization terminated successfully. (HiGHS Status 7: Optimal),519,1.1368683772161603e-13
2025-11-07,12,0.03689358299925516,6100.885060618482,108,20,2810,2025-10-18|2025-10-19|2025-10-20|2025-10-21|2025-10-22|2025-10-23|2025-10-24|2025-10-25|2025-10-26|2025-10-27|2025-10-28|2025-10-29|2025-10-30|2025-10-31|2025-11-01|2025-11-02|2025-11-03|2025-11-04|2025-11-05|2025-11-06,2025-11-07 12:00,2025-11-07 12:00,9.094947017729282e-13,1.1368683772161603e-13,0,True,Optimization terminated successfully. (HiGHS Status 7: Optimal),565,1.1368683772161603e-13
2025-11-07,18,0.03451008299998648,6318.7013925821675,108,20,2810,2025-10-18|2025-10-19|2025-10-20|2025-10-21|2025-10-22|2025-10-23|2025-10-24|2025-10-25|2025-10-26|2025-10-27|2025-10-28|2025-10-29|2025-10-30|2025-10-31|2025-11-01|2025-11-02|2025-11-03|2025-11-04|2025-11-05|2025-11-06,2025-11-07 18:00,2025-11-07 18:00,4.547473508864641e-13,1.1368683772161603e-13,0,True,Optimization terminated successfully. (HiGHS Status 7: Optimal),544,1.1368683772161603e-13
2025-11-08,0,0.0542301250006858,830.9706596732647,144,20,3746,2025-10-19|2025-10-20|2025-10-21|2025-10-22|2025-10-23|2025-10-24|2025-10-25|2025-10-26|2025-10-27|2025-10-28|2025-10-29|2025-10-30|2025-10-31|2025-11-01|2025-11-02|2025-11-03|2025-11-04|2025-11-05|2025-11-06|2025-11-07,2025-11-08 00:00,2025-11-08 00:00,9.094947017729282e-13,8.526512829121202e-13,0,True,Optimization terminated successfully. (HiGHS Status 7: Optimal),710,8.526512829121202e-13
2025-11-08,6,0.032916457999817794,430.84524055676775,108,20,2810,2025-10-19|2025-10-20|2025-10-21|2025-10-22|2025-10-23|2025-10-24|2025-10-25|2025-10-26|2025-10-27|2025-10-28|2025-10-29|2025-10-30|2025-10-31|2025-11-01|2025-11-02|2025-11-03|2025-11-04|2025-11-05|2025-11-06|2025-11-07,2025-11-08 06:00,2025-11-08 06:00,9.094947017729282e-13,5.684341886080802e-14,0,True,Optimization terminated successfully. (HiGHS Status 7: Optimal),462,1.1368683772161603e-13
2025-11-08,12,0.03930229199977475,10218.303886151652,108,20,2810,2025-10-19|2025-10-20|2025-10-21|2025-10-22|2025-10-23|2025-10-24|2025-10-25|2025-10-26|2025-10-27|2025-10-28|2025-10-29|2025-10-30|2025-10-31|2025-11-01|2025-11-02|2025-11-03|2025-11-04|2025-11-05|2025-11-06|2025-11-07,2025-11-08 12:00,2025-11-08 12:00,9.094947017729282e-13,5.684341886080802e-14,0,True,Optimization terminated successfully. (HiGHS Status 7: Optimal),591,1.1368683772161603e-13
2025-11-08,18,0.03896049999821116,24424.653224781294,108,20,2810,2025-10-19|2025-10-20|2025-10-21|2025-10-22|2025-10-23|2025-10-24|2025-10-25|2025-10-26|2025-10-27|2025-10-28|2025-10-29|2025-10-30|2025-10-31|2025-11-01|2025-11-02|2025-11-03|2025-11-04|2025-11-05|2025-11-06|2025-11-07,2025-11-08 18:00,2025-11-08 18:00,9.094947017729282e-13,5.684341886080802e-14,0,True,Optimization terminated successfully. (HiGHS Status 7: Optimal),653,1.1368683772161603e-13
2025-11-09,0,0.05704512500051351,2161.237436219383,144,20,3746,2025-10-20|2025-10-21|2025-10-22|2025-10-23|2025-10-24|2025-10-25|2025-10-26|2025-10-27|2025-10-28|2025-10-29|2025-10-30|2025-10-31|2025-11-01|2025-11-02|2025-11-03|2025-11-04|2025-11-05|2025-11-06|2025-11-07|2025-11-08,2025-11-09 00:00,2025-11-09 00:00,8.526512829121202e-13,2.2737367544323206e-13,0,True,Optimization terminated successfully. (HiGHS Status 7: Optimal),790,2.2737367544323206e-13
2025-11-09,6,0.040416167001239955,838.0412160654082,108,20,2810,2025-10-20|2025-10-21|2025-10-22|2025-10-23|2025-10-24|2025-10-25|2025-10-26|2025-10-27|2025-10-28|2025-10-29|2025-10-30|2025-10-31|2025-11-01|2025-11-02|2025-11-03|2025-11-04|2025-11-05|2025-11-06|2025-11-07|2025-11-08,2025-11-09 06:00,2025-11-09 06:00,1.0231815394945443e-12,1.1368683772161603e-13,0,True,Optimization terminated successfully. (HiGHS Status 7: Optimal),670,2.2737367544323206e-13
2025-11-09,12,0.04136945800019021,10237.06454644152,108,20,2810,2025-10-20|2025-10-21|2025-10-22|2025-10-23|2025-10-24|2025-10-25|2025-10-26|2025-10-27|2025-10-28|2025-10-29|2025-10-30|2025-10-31|2025-11-01|2025-11-02|2025-11-03|2025-11-04|2025-11-05|2025-11-06|2025-11-07|2025-11-08,2025-11-09 12:00,2025-11-09 12:00,9.094947017729282e-13,2.2737367544323206e-13,0,True,Optimization terminated successfully. (HiGHS Status 7: Optimal),683,2.2737367544323206e-13
2025-11-09,18,0.04184045799956948,26662.494269222636,108,20,2810,2025-10-20|2025-10-21|2025-10-22|2025-10-23|2025-10-24|2025-10-25|2025-10-26|2025-10-27|2025-10-28|2025-10-29|2025-10-30|2025-10-31|2025-11-01|2025-11-02|2025-11-03|2025-11-04|2025-11-05|2025-11-06|2025-11-07|2025-11-08,2025-11-09 18:00,2025-11-09 18:00,9.094947017729282e-13,0.0,0,True,Optimization terminated successfully. (HiGHS Status 7: Optimal),658,0.0
2025-11-10,0,0.0590459169998212,2133.5932867236606,144,20,3746,2025-10-21|2025-10-22|2025-10-23|2025-10-24|2025-10-25|2025-10-26|2025-10-27|2025-10-28|2025-10-29|2025-10-30|2025-10-31|2025-11-01|2025-11-02|2025-11-03|2025-11-04|2025-11-05|2025-11-06|2025-11-07|2025-11-08|2025-11-09,2025-11-10 00:00,2025-11-10 00:00,9.094947017729282e-13,7.958078640513122e-13,0,True,Optimization terminated successfully. (HiGHS Status 7: Optimal),811,7.958078640513122e-13
2025-11-10,6,0.04949379199933901,4628.5484197770975,108,20,2810,2025-10-21|2025-10-22|2025-10-23|2025-10-24|2025-10-25|2025-10-26|2025-10-27|2025-10-28|2025-10-29|2025-10-30|2025-10-31|2025-11-01|2025-11-02|2025-11-03|2025-11-04|2025-11-05|2025-11-06|2025-11-07|2025-11-08|2025-11-09,2025-11-10 06:00,2025-11-10 06:00,8.299125275890162e-13,2.2737367544323206e-13,0,True,Optimization terminated successfully. (HiGHS Status 7: Optimal),810,1.1368683772161603e-13
2025-11-10,12,0.03511195799910638,9963.046666945655,108,20,2810,2025-10-21|2025-10-22|2025-10-23|2025-10-24|2025-10-25|2025-10-26|2025-10-27|2025-10-28|2025-10-29|2025-10-30|2025-10-31|2025-11-01|2025-11-02|2025-11-03|2025-11-04|2025-11-05|2025-11-06|2025-11-07|2025-11-08|2025-11-09,2025-11-10 12:00,2025-11-10 12:00,8.526512829121202e-13,1.1368683772161603e-13,0,True,Optimization terminated successfully. (HiGHS Status 7: Optimal),668,1.1368683772161603e-13
2025-11-10,18,0.037976999999955297,20740.739837722555,108,20,2810,2025-10-21|2025-10-22|2025-10-23|2025-10-24|2025-10-25|2025-10-26|2025-10-27|2025-10-28|2025-10-29|2025-10-30|2025-10-31|2025-11-01|2025-11-02|2025-11-03|2025-11-04|2025-11-05|2025-11-06|2025-11-07|2025-11-08|2025-11-09,2025-11-10 18:00,2025-11-10 18:00,9.094947017729282e-13,2.842170943040401e-14,0,True,Optimization terminated successfully. (HiGHS Status 7: Optimal),658,1.1368683772161603e-13
2025-11-11,0,0.05499479200079804,2148.8301190342845,144,20,3746,2025-10-22|2025-10-23|2025-10-24|2025-10-25|2025-10-26|2025-10-27|2025-10-28|2025-10-29|2025-10-30|2025-10-31|2025-11-01|2025-11-02|2025-11-03|2025-11-04|2025-11-05|2025-11-06|2025-11-07|2025-11-08|2025-11-09|2025-11-10,2025-11-11 00:00,2025-11-11 00:00,9.094947017729282e-13,1.1368683772161603e-13,0,True,Optimization terminated successfully. (HiGHS Status 7: Optimal),821,1.1368683772161603e-13
2025-11-11,6,0.04061566599921207,439.0846508158706,108,20,2810,2025-10-22|2025-10-23|2025-10-24|2025-10-25|2025-10-26|2025-10-27|2025-10-28|2025-10-29|2025-10-30|2025-10-31|2025-11-01|2025-11-02|2025-11-03|2025-11-04|2025-11-05|2025-11-06|2025-11-07|2025-11-08|2025-11-09|2025-11-10,2025-11-11 06:00,2025-11-11 06:00,9.094947017729282e-13,1.1368683772161603e-13,0,True,Optimization terminated successfully. (HiGHS Status 7: Optimal),676,1.1368683772161603e-13
2025-11-11,12,0.036911875000441796,9793.789397197193,108,20,2810,2025-10-22|2025-10-23|2025-10-24|2025-10-25|2025-10-26|2025-10-27|2025-10-28|2025-10-29|2025-10-30|2025-10-31|2025-11-01|2025-11-02|2025-11-03|2025-11-04|2025-11-05|2025-11-06|2025-11-07|2025-11-08|2025-11-09|2025-11-10,2025-11-11 12:00,2025-11-11 12:00,9.094947017729282e-13,1.1368683772161603e-13,0,True,Optimization terminated successfully. (HiGHS Status 7: Optimal),647,1.1368683772161603e-13
2025-11-11,18,0.040444250000291504,23002.760080904794,108,20,2810,2025-10-22|2025-10-23|2025-10-24|2025-10-25|2025-10-26|2025-10-27|2025-10-28|2025-10-29|2025-10-30|2025-10-31|2025-11-01|2025-11-02|2025-11-03|2025-11-04|2025-11-05|2025-11-06|2025-11-07|2025-11-08|2025-11-09|2025-11-10,2025-11-11 18:00,2025-11-11 18:00,9.094947017729282e-13,1.1368683772161603e-13,0,True,Optimization terminated successfully. (HiGHS Status 7: Optimal),674,0.0
2025-11-12,0,0.05533633300001384,2202.3935957949616,144,20,3746,2025-10-23|2025-10-24|2025-10-25|2025-10-26|2025-10-27|2025-10-28|2025-10-29|2025-10-30|2025-10-31|2025-11-01|2025-11-02|2025-11-03|2025-11-04|2025-11-05|2025-11-06|2025-11-07|2025-11-08|2025-11-09|2025-11-10|2025-11-11,2025-11-12 00:00,2025-11-12 00:00,9.094947017729282e-13,2.2737367544323206e-13,0,True,Optimization terminated successfully. (HiGHS Status 7: Optimal),806,2.2737367544323206e-13
2025-11-12,6,0.053784624999025255,5859.52983572626,108,20,2810,2025-10-23|2025-10-24|2025-10-25|2025-10-26|2025-10-27|2025-10-28|2025-10-29|2025-10-30|2025-10-31|2025-11-01|2025-11-02|2025-11-03|2025-11-04|2025-11-05|2025-11-06|2025-11-07|2025-11-08|2025-11-09|2025-11-10|2025-11-11,2025-11-12 06:00,2025-11-12 06:00,8.526512829121202e-13,0.0,0,True,Optimization terminated successfully. (HiGHS Status 7: Optimal),889,0.0
2025-11-12,12,0.03959941699940828,9953.411971840675,108,20,2810,2025-10-23|2025-10-24|2025-10-25|2025-10-26|2025-10-27|2025-10-28|2025-10-29|2025-10-30|2025-10-31|2025-11-01|2025-11-02|2025-11-03|2025-11-04|2025-11-05|2025-11-06|2025-11-07|2025-11-08|2025-11-09|2025-11-10|2025-11-11,2025-11-12 12:00,2025-11-12 12:00,9.094947017729282e-13,1.1368683772161603e-13,0,True,Optimization terminated successfully. (HiGHS Status 7: Optimal),675,2.2737367544323206e-13
2025-11-12,18,0.03992145800111757,22686.749493948337,108,20,2810,2025-10-23|2025-10-24|2025-10-25|2025-10-26|2025-10-27|2025-10-28|2025-10-29|2025-10-30|2025-10-31|2025-11-01|2025-11-02|2025-11-03|2025-11-04|2025-11-05|2025-11-06|2025-11-07|2025-11-08|2025-11-09|2025-11-10|2025-11-11,2025-11-12 18:00,2025-11-12 18:00,7.958078640513122e-13,0.0,0,True,Optimization terminated successfully. (HiGHS Status 7: Optimal),664,0.0
2025-11-13,0,0.0571933329993044,2065.086779807092,144,20,3746,2025-10-24|2025-10-25|2025-10-26|2025-10-27|2025-10-28|2025-10-29|2025-10-30|2025-10-31|2025-11-01|2025-11-02|2025-11-03|2025-11-04|2025-11-05|2025-11-06|2025-11-07|2025-11-08|2025-11-09|2025-11-10|2025-11-11|2025-11-12,2025-11-13 00:00,2025-11-13 00:00,9.094947017729282e-13,1.0231815394945443e-12,0,True,Optimization terminated successfully. (HiGHS Status 7: Optimal),794,8.185452315956353e-13
2025-11-13,6,0.04869391700049164,2323.145028850425,108,20,2810,2025-10-24|2025-10-25|2025-10-26|2025-10-27|2025-10-28|2025-10-29|2025-10-30|2025-10-31|2025-11-01|2025-11-02|2025-11-03|2025-11-04|2025-11-05|2025-11-06|2025-11-07|2025-11-08|2025-11-09|2025-11-10|2025-11-11|2025-11-12,2025-11-13 06:00,2025-11-13 06:00,7.958078640513122e-13,2.2737367544323206e-13,0,True,Optimization terminated successfully. (HiGHS Status 7: Optimal),782,3.410605131648481e-13
2025-11-13,12,0.04547433300103876,7481.299363545422,108,20,2810,2025-10-24|2025-10-25|2025-10-26|2025-10-27|2025-10-28|2025-10-29|2025-10-30|2025-10-31|2025-11-01|2025-11-02|2025-11-03|2025-11-04|2025-11-05|2025-11-06|2025-11-07|2025-11-08|2025-11-09|2025-11-10|2025-11-11|2025-11-12,2025-11-13 12:00,2025-11-13 12:00,8.526512829121202e-13,2.2737367544323206e-13,0,True,Optimization terminated successfully. (HiGHS Status 7: Optimal),750,3.410605131648481e-13
2025-11-13,18,0.03826883299916517,7348.001527223062,108,20,2810,2025-10-24|2025-10-25|2025-10-26|2025-10-27|2025-10-28|2025-10-29|2025-10-30|2025-10-31|2025-11-01|2025-11-02|2025-11-03|2025-11-04|2025-11-05|2025-11-06|2025-11-07|2025-11-08|2025-11-09|2025-11-10|2025-11-11|2025-11-12,2025-11-13 18:00,2025-11-13 18:00,6.821210263296962e-13,1.2505552149377763e-12,0,True,Optimization terminated successfully. (HiGHS Status 7: Optimal),600,1.2505552149377763e-12
2025-11-14,0,0.055508208000901504,835.15244754297,144,20,3746,2025-10-25|2025-10-26|2025-10-27|2025-10-28|2025-10-29|2025-10-30|2025-10-31|2025-11-01|2025-11-02|2025-11-03|2025-11-04|2025-11-05|2025-11-06|2025-11-07|2025-11-08|2025-11-09|2025-11-10|2025-11-11|2025-11-12|2025-11-13,2025-11-14 00:00,2025-11-14 00:00,8.313350008393172e-13,9.663381206337363e-13,0,True,Optimization terminated successfully. (HiGHS Status 7: Optimal),723,1.0231815394945443e-12
2025-11-14,6,0.03412837500036403,248.7422323594683,108,20,2810,2025-10-25|2025-10-26|2025-10-27|2025-10-28|2025-10-29|2025-10-30|2025-10-31|2025-11-01|2025-11-02|2025-11-03|2025-11-04|2025-11-05|2025-11-06|2025-11-07|2025-11-08|2025-11-09|2025-11-10|2025-11-11|2025-11-12|2025-11-13,2025-11-14 06:00,2025-11-14 06:00,8.86402062860725e-13,9.663381206337363e-13,0,True,Optimization terminated successfully. (HiGHS Status 7: Optimal),459,1.0231815394945443e-12
2025-11-14,12,0.04405566700006602,6230.0956513090705,108,20,2810,2025-10-25|2025-10-26|2025-10-27|2025-10-28|2025-10-29|2025-10-30|2025-10-31|2025-11-01|2025-11-02|2025-11-03|2025-11-04|2025-11-05|2025-11-06|2025-11-07|2025-11-08|2025-11-09|2025-11-10|2025-11-11|2025-11-12|2025-11-13,2025-11-14 12:00,2025-11-14 12:00,8.455458555545192e-13,9.663381206337363e-13,0,True,Optimization terminated successfully. (HiGHS Status 7: Optimal),624,1.0231815394945443e-12
2025-11-14,18,0.04324783400079468,8358.466442227393,108,20,2810,2025-10-25|2025-10-26|2025-10-27|2025-10-28|2025-10-29|2025-10-30|2025-10-31|2025-11-01|2025-11-02|2025-11-03|2025-11-04|2025-11-05|2025-11-06|2025-11-07|2025-11-08|2025-11-09|2025-11-10|2025-11-11|2025-11-12|2025-11-13,2025-11-14 18:00,2025-11-14 18:00,7.958078640513122e-13,9.663381206337363e-13,0,True,Optimization terminated successfully. (HiGHS Status 7: Optimal),569,1.0231815394945443e-12
2025-11-15,0,0.0545432079998136,907.3747310058104,144,20,3746,2025-10-26|2025-10-27|2025-10-28|2025-10-29|2025-10-30|2025-10-31|2025-11-01|2025-11-02|2025-11-03|2025-11-04|2025-11-05|2025-11-06|2025-11-07|2025-11-08|2025-11-09|2025-11-10|2025-11-11|2025-11-12|2025-11-13|2025-11-14,2025-11-15 00:00,2025-11-15 00:00,7.958078640513122e-13,2.8421709430404007e-13,0,True,Optimization terminated successfully. (HiGHS Status 7: Optimal),728,2.8421709430404007e-13
2025-11-15,6,0.03548945799957437,-252.3256627835642,108,20,2810,2025-10-26|2025-10-27|2025-10-28|2025-10-29|2025-10-30|2025-10-31|2025-11-01|2025-11-02|2025-11-03|2025-11-04|2025-11-05|2025-11-06|2025-11-07|2025-11-08|2025-11-09|2025-11-10|2025-11-11|2025-11-12|2025-11-13|2025-11-14,2025-11-15 06:00,2025-11-15 06:00,8.846257060213247e-13,2.8421709430404007e-13,0,True,Optimization terminated successfully. (HiGHS Status 7: Optimal),470,2.8421709430404007e-13
2025-11-15,12,0.04062770800010185,9991.861276116657,108,20,2810,2025-10-26|2025-10-27|2025-10-28|2025-10-29|2025-10-30|2025-10-31|2025-11-01|2025-11-02|2025-11-03|2025-11-04|2025-11-05|2025-11-06|2025-11-07|2025-11-08|2025-11-09|2025-11-10|2025-11-11|2025-11-12|2025-11-13|2025-11-14,2025-11-15 12:00,2025-11-15 12:00,8.841816168114747e-13,2.8421709430404007e-13,0,True,Optimization terminated successfully. (HiGHS Status 7: Optimal),580,2.8421709430404007e-13
2025-11-15,18,0.038924917000258574,23613.25982249361,108,20,2810,2025-10-26|2025-10-27|2025-10-28|2025-10-29|2025-10-30|2025-10-31|2025-11-01|2025-11-02|2025-11-03|2025-11-04|2025-11-05|2025-11-06|2025-11-07|2025-11-08|2025-11-09|2025-11-10|2025-11-11|2025-11-12|2025-11-13|2025-11-14,2025-11-15 18:00,2025-11-15 18:00,1.0231815394945443e-12,2.8421709430404007e-13,0,True,Optimization terminated successfully. (HiGHS Status 7: Optimal),646,2.8421709430404007e-13
2025-11-16,0,0.053736750000098255,2267.43789264737,144,20,3746,2025-10-27|2025-10-28|2025-10-29|2025-10-30|2025-10-31|2025-11-01|2025-11-02|2025-11-03|2025-11-04|2025-11-05|2025-11-06|2025-11-07|2025-11-08|2025-11-09|2025-11-10|2025-11-11|2025-11-12|2025-11-13|2025-11-14|2025-11-15,2025-11-16 00:00,2025-11-16 00:00,9.094947017729282e-13,2.2737367544323206e-13,0,True,Optimization terminated successfully. (HiGHS Status 7: Optimal),803,2.2737367544323206e-13
2025-11-16,6,0.04772891699940374,4470.464347546269,108,20,2810,2025-10-27|2025-10-28|2025-10-29|2025-10-30|2025-10-31|2025-11-01|2025-11-02|2025-11-03|2025-11-04|2025-11-05|2025-11-06|2025-11-07|2025-11-08|2025-11-09|2025-11-10|2025-11-11|2025-11-12|2025-11-13|2025-11-14|2025-11-15,2025-11-16 06:00,2025-11-16 06:00,9.094947017729282e-13,2.2737367544323206e-13,0,True,Optimization terminated successfully. (HiGHS Status 7: Optimal),849,0.0
2025-11-16,12,0.045678333000978455,11481.772911923452,108,20,2810,2025-10-27|2025-10-28|2025-10-29|2025-10-30|2025-10-31|2025-11-01|2025-11-02|2025-11-03|2025-11-04|2025-11-05|2025-11-06|2025-11-07|2025-11-08|2025-11-09|2025-11-10|2025-11-11|2025-11-12|2025-11-13|2025-11-14|2025-11-15,2025-11-16 12:00,2025-11-16 12:00,9.094947017729282e-13,1.1368683772161603e-13,0,True,Optimization terminated successfully. (HiGHS Status 7: Optimal),781,0.0
2025-11-16,18,0.03907424999852083,22690.139496769985,108,20,2810,2025-10-27|2025-10-28|2025-10-29|2025-10-30|2025-10-31|2025-11-01|2025-11-02|2025-11-03|2025-11-04|2025-11-05|2025-11-06|2025-11-07|2025-11-08|2025-11-09|2025-11-10|2025-11-11|2025-11-12|2025-11-13|2025-11-14|2025-11-15,2025-11-16 18:00,2025-11-16 18:00,9.094947017729282e-13,1.1368683772161603e-13,0,True,Optimization terminated successfully. (HiGHS Status 7: Optimal),671,0.0
2025-11-17,0,0.058430124998267274,2377.0789407305597,144,20,3746,2025-10-28|2025-10-29|2025-10-30|2025-10-31|2025-11-01|2025-11-02|2025-11-03|2025-11-04|2025-11-05|2025-11-06|2025-11-07|2025-11-08|2025-11-09|2025-11-10|2025-11-11|2025-11-12|2025-11-13|2025-11-14|2025-11-15|2025-11-16,2025-11-17 00:00,2025-11-17 00:00,9.094947017729282e-13,1.1368683772161603e-13,0,True,Optimization terminated successfully. (HiGHS Status 7: Optimal),818,1.1368683772161603e-13
2025-11-17,6,0.057546750000256,9024.170169872654,108,20,2810,2025-10-28|2025-10-29|2025-10-30|2025-10-31|2025-11-01|2025-11-02|2025-11-03|2025-11-04|2025-11-05|2025-11-06|2025-11-07|2025-11-08|2025-11-09|2025-11-10|2025-11-11|2025-11-12|2025-11-13|2025-11-14|2025-11-15|2025-11-16,2025-11-17 06:00,2025-11-17 06:00,9.094947017729282e-13,1.1368683772161603e-13,0,True,Optimization terminated successfully. (HiGHS Status 7: Optimal),877,1.1368683772161603e-13
2025-11-17,12,0.05347970799994073,12781.78484576345,108,20,2810,2025-10-28|2025-10-29|2025-10-30|2025-10-31|2025-11-01|2025-11-02|2025-11-03|2025-11-04|2025-11-05|2025-11-06|2025-11-07|2025-11-08|2025-11-09|2025-11-10|2025-11-11|2025-11-12|2025-11-13|2025-11-14|2025-11-15|2025-11-16,2025-11-17 12:00,2025-11-17 12:00,9.094947017729282e-13,2.2737367544323206e-13,0,True,Optimization terminated successfully. (HiGHS Status 7: Optimal),774,1.1368683772161603e-13
2025-11-17,18,0.05101220899996406,25128.20193547877,108,20,2810,2025-10-28|2025-10-29|2025-10-30|2025-10-31|2025-11-01|2025-11-02|2025-11-03|2025-11-04|2025-11-05|2025-11-06|2025-11-07|2025-11-08|2025-11-09|2025-11-10|2025-11-11|2025-11-12|2025-11-13|2025-11-14|2025-11-15|2025-11-16,2025-11-17 18:00,2025-11-17 18:00,7.958078640513122e-13,2.2737367544323206e-13,0,True,Optimization terminated successfully. (HiGHS Status 7: Optimal),675,0.0
2025-11-18,0,0.05919991600057983,2176.172299859094,144,20,3746,2025-10-29|2025-10-30|2025-10-31|2025-11-01|2025-11-02|2025-11-03|2025-11-04|2025-11-05|2025-11-06|2025-11-07|2025-11-08|2025-11-09|2025-11-10|2025-11-11|2025-11-12|2025-11-13|2025-11-14|2025-11-15|2025-11-16|2025-11-17,2025-11-18 00:00,2025-11-18 00:00,8.86402062860725e-13,2.0463630789890885e-12,0,True,Optimization terminated successfully. (HiGHS Status 7: Optimal),805,1.8189894035458565e-12
2025-11-18,6,0.03983554099977482,618.8737886221214,108,20,2810,2025-10-29|2025-10-30|2025-10-31|2025-11-01|2025-11-02|2025-11-03|2025-11-04|2025-11-05|2025-11-06|2025-11-07|2025-11-08|2025-11-09|2025-11-10|2025-11-11|2025-11-12|2025-11-13|2025-11-14|2025-11-15|2025-11-16|2025-11-17,2025-11-18 06:00,2025-11-18 06:00,8.071321389024888e-13,2.0463630789890885e-12,0,True,Optimization terminated successfully. (HiGHS Status 7: Optimal),664,1.8189894035458565e-12
2025-11-18,12,0.04261537499951373,10463.68896873716,108,20,2810,2025-10-29|2025-10-30|2025-10-31|2025-11-01|2025-11-02|2025-11-03|2025-11-04|2025-11-05|2025-11-06|2025-11-07|2025-11-08|2025-11-09|2025-11-10|2025-11-11|2025-11-12|2025-11-13|2025-11-14|2025-11-15|2025-11-16|2025-11-17,2025-11-18 12:00,2025-11-18 12:00,8.881784197001252e-13,2.0463630789890885e-12,0,True,Optimization terminated successfully. (HiGHS Status 7: Optimal),694,1.8189894035458565e-12
2025-11-18,18,0.04247962500085123,25677.39385738481,108,20,2810,2025-10-29|2025-10-30|2025-10-31|2025-11-01|2025-11-02|2025-11-03|2025-11-04|2025-11-05|2025-11-06|2025-11-07|2025-11-08|2025-11-09|2025-11-10|2025-11-11|2025-11-12|2025-11-13|2025-11-14|2025-11-15|2025-11-16|2025-11-17,2025-11-18 18:00,2025-11-18 18:00,7.958078640513122e-13,0.0,0,True,Optimization terminated successfully. (HiGHS Status 7: Optimal),665,1.1368683772161603e-13
2025-11-19,0,0.054332207999323145,2128.0960555201113,144,20,3746,2025-10-30|2025-10-31|2025-11-01|2025-11-02|2025-11-03|2025-11-04|2025-11-05|2025-11-06|2025-11-07|2025-11-08|2025-11-09|2025-11-10|2025-11-11|2025-11-12|2025-11-13|2025-11-14|2025-11-15|2025-11-16|2025-11-17|2025-11-18,2025-11-19 00:00,2025-11-19 00:00,9.094947017729282e-13,2.2737367544323206e-13,0,True,Optimization terminated successfully. (HiGHS Status 7: Optimal),806,2.2737367544323206e-13
2025-11-19,6,0.04962070900000981,7845.828563933074,108,20,2810,2025-10-30|2025-10-31|2025-11-01|2025-11-02|2025-11-03|2025-11-04|2025-11-05|2025-11-06|2025-11-07|2025-11-08|2025-11-09|2025-11-10|2025-11-11|2025-11-12|2025-11-13|2025-11-14|2025-11-15|2025-11-16|2025-11-17|2025-11-18,2025-11-19 06:00,2025-11-19 06:00,8.526512829121202e-13,2.2737367544323206e-13,0,True,Optimization terminated successfully. (HiGHS Status 7: Optimal),884,2.2737367544323206e-13
2025-11-19,12,0.04712775000007241,11664.727435130628,108,20,2810,2025-10-30|2025-10-31|2025-11-01|2025-11-02|2025-11-03|2025-11-04|2025-11-05|2025-11-06|2025-11-07|2025-11-08|2025-11-09|2025-11-10|2025-11-11|2025-11-12|2025-11-13|2025-11-14|2025-11-15|2025-11-16|2025-11-17|2025-11-18,2025-11-19 12:00,2025-11-19 12:00,7.958078640513122e-13,2.2737367544323206e-13,0,True,Optimization terminated successfully. (HiGHS Status 7: Optimal),788,2.2737367544323206e-13
2025-11-19,18,0.04447483399962948,22994.120124596633,108,20,2810,2025-10-30|2025-10-31|2025-11-01|2025-11-02|2025-11-03|2025-11-04|2025-11-05|2025-11-06|2025-11-07|2025-11-08|2025-11-09|2025-11-10|2025-11-11|2025-11-12|2025-11-13|2025-11-14|2025-11-15|2025-11-16|2025-11-17|2025-11-18,2025-11-19 18:00,2025-11-19 18:00,7.958078640513122e-13,2.2737367544323206e-13,0,True,Optimization terminated successfully. (HiGHS Status 7: Optimal),674,2.2737367544323206e-13
2025-11-20,0,0.057071040999289835,2061.3518934045815,144,20,3746,2025-10-31|2025-11-01|2025-11-02|2025-11-03|2025-11-04|2025-11-05|2025-11-06|2025-11-07|2025-11-08|2025-11-09|2025-11-10|2025-11-11|2025-11-12|2025-11-13|2025-11-14|2025-11-15|2025-11-16|2025-11-17|2025-11-18|2025-11-19,2025-11-20 00:00,2025-11-20 00:00,9.094947017729282e-13,2.2737367544323206e-13,0,True,Optimization terminated successfully. (HiGHS Status 7: Optimal),783,2.2737367544323206e-13
2025-11-20,6,0.04362500000024738,2918.560464828526,108,20,2810,2025-10-31|2025-11-01|2025-11-02|2025-11-03|2025-11-04|2025-11-05|2025-11-06|2025-11-07|2025-11-08|2025-11-09|2025-11-10|2025-11-11|2025-11-12|2025-11-13|2025-11-14|2025-11-15|2025-11-16|2025-11-17|2025-11-18|2025-11-19,2025-11-20 06:00,2025-11-20 06:00,7.958078640513122e-13,1.1368683772161603e-13,0,True,Optimization terminated successfully. (HiGHS Status 7: Optimal),783,0.0
2025-11-20,12,0.043599374999757856,7896.81040802175,108,20,2810,2025-10-31|2025-11-01|2025-11-02|2025-11-03|2025-11-04|2025-11-05|2025-11-06|2025-11-07|2025-11-08|2025-11-09|2025-11-10|2025-11-11|2025-11-12|2025-11-13|2025-11-14|2025-11-15|2025-11-16|2025-11-17|2025-11-18|2025-11-19,2025-11-20 12:00,2025-11-20 12:00,9.094947017729282e-13,2.2737367544323206e-13,0,True,Optimization terminated successfully. (HiGHS Status 7: Optimal),772,0.0
2025-11-20,18,0.04249308399994334,9973.540984601063,108,20,2810,2025-10-31|2025-11-01|2025-11-02|2025-11-03|2025-11-04|2025-11-05|2025-11-06|2025-11-07|2025-11-08|2025-11-09|2025-11-10|2025-11-11|2025-11-12|2025-11-13|2025-11-14|2025-11-15|2025-11-16|2025-11-17|2025-11-18|2025-11-19,2025-11-20 18:00,2025-11-20 18:00,9.094947017729282e-13,1.1368683772161603e-13,0,True,Optimization terminated successfully. (HiGHS Status 7: Optimal),635,0.0
2025-11-21,0,0.05160691699893505,603.8273696520008,144,20,3746,2025-11-01|2025-11-02|2025-11-03|2025-11-04|2025-11-05|2025-11-06|2025-11-07|2025-11-08|2025-11-09|2025-11-10|2025-11-11|2025-11-12|2025-11-13|2025-11-14|2025-11-15|2025-11-16|2025-11-17|2025-11-18|2025-11-19|2025-11-20,2025-11-21 00:00,2025-11-21 00:00,8.668621376273222e-13,2.2737367544323206e-13,0,True,Optimization terminated successfully. (HiGHS Status 7: Optimal),650,2.8421709430404007e-13
2025-11-21,6,0.04295054200156301,1519.651147572607,108,20,2810,2025-11-01|2025-11-02|2025-11-03|2025-11-04|2025-11-05|2025-11-06|2025-11-07|2025-11-08|2025-11-09|2025-11-10|2025-11-11|2025-11-12|2025-11-13|2025-11-14|2025-11-15|2025-11-16|2025-11-17|2025-11-18|2025-11-19|2025-11-20,2025-11-21 06:00,2025-11-21 06:00,8.526512829121202e-13,1.1368683772161603e-13,0,True,Optimization terminated successfully. (HiGHS Status 7: Optimal),606,1.1368683772161603e-13
2025-11-21,12,0.041144332999465405,6169.41195350534,108,20,2810,2025-11-01|2025-11-02|2025-11-03|2025-11-04|2025-11-05|2025-11-06|2025-11-07|2025-11-08|2025-11-09|2025-11-10|2025-11-11|2025-11-12|2025-11-13|2025-11-14|2025-11-15|2025-11-16|2025-11-17|2025-11-18|2025-11-19|2025-11-20,2025-11-21 12:00,2025-11-21 12:00,7.958078640513122e-13,1.1368683772161603e-13,0,True,Optimization terminated successfully. (HiGHS Status 7: Optimal),583,1.1368683772161603e-13
2025-11-21,18,0.03994504200090887,6948.447448400298,108,20,2810,2025-11-01|2025-11-02|2025-11-03|2025-11-04|2025-11-05|2025-11-06|2025-11-07|2025-11-08|2025-11-09|2025-11-10|2025-11-11|2025-11-12|2025-11-13|2025-11-14|2025-11-15|2025-11-16|2025-11-17|2025-11-18|2025-11-19|2025-11-20,2025-11-21 18:00,2025-11-21 18:00,7.958078640513122e-13,1.1368683772161603e-13,0,True,Optimization terminated successfully. (HiGHS Status 7: Optimal),533,1.1368683772161603e-13
2025-11-22,0,0.053725166000731406,852.3672274537016,144,20,3746,2025-11-02|2025-11-03|2025-11-04|2025-11-05|2025-11-06|2025-11-07|2025-11-08|2025-11-09|2025-11-10|2025-11-11|2025-11-12|2025-11-13|2025-11-14|2025-11-15|2025-11-16|2025-11-17|2025-11-18|2025-11-19|2025-11-20|2025-11-21,2025-11-22 00:00,2025-11-22 00:00,9.094947017729282e-13,1.1937117960769683e-12,0,True,Optimization terminated successfully. (HiGHS Status 7: Optimal),701,1.2505552149377763e-12
2025-11-22,6,0.03306462500040652,-329.29188545500944,108,20,2810,2025-11-02|2025-11-03|2025-11-04|2025-11-05|2025-11-06|2025-11-07|2025-11-08|2025-11-09|2025-11-10|2025-11-11|2025-11-12|2025-11-13|2025-11-14|2025-11-15|2025-11-16|2025-11-17|2025-11-18|2025-11-19|2025-11-20|2025-11-21,2025-11-22 06:00,2025-11-22 06:00,8.411049634560186e-13,1.1937117960769683e-12,0,True,Optimization terminated successfully. (HiGHS Status 7: Optimal),464,1.2505552149377763e-12
2025-11-22,12,0.040334333998544025,10094.248516668196,108,20,2810,2025-11-02|2025-11-03|2025-11-04|2025-11-05|2025-11-06|2025-11-07|2025-11-08|2025-11-09|2025-11-10|2025-11-11|2025-11-12|2025-11-13|2025-11-14|2025-11-15|2025-11-16|2025-11-17|2025-11-18|2025-11-19|2025-11-20|2025-11-21,2025-11-22 12:00,2025-11-22 12:00,8.526512829121202e-13,1.1937117960769683e-12,0,True,Optimization terminated successfully. (HiGHS Status 7: Optimal),586,1.2505552149377763e-12
2025-11-22,18,0.042598333000569255,25645.186939842264,108,20,2810,2025-11-02|2025-11-03|2025-11-04|2025-11-05|2025-11-06|2025-11-07|2025-11-08|2025-11-09|2025-11-10|2025-11-11|2025-11-12|2025-11-13|2025-11-14|2025-11-15|2025-11-16|2025-11-17|2025-11-18|2025-11-19|2025-11-20|2025-11-21,2025-11-22 18:00,2025-11-22 18:00,7.958078640513122e-13,1.1937117960769683e-12,0,True,Optimization terminated successfully. (HiGHS Status 7: Optimal),658,1.2505552149377763e-12
2025-11-23,0,0.0574415000010049,2000.0025064848267,144,20,3746,2025-11-03|2025-11-04|2025-11-05|2025-11-06|2025-11-07|2025-11-08|2025-11-09|2025-11-10|2025-11-11|2025-11-12|2025-11-13|2025-11-14|2025-11-15|2025-11-16|2025-11-17|2025-11-18|2025-11-19|2025-11-20|2025-11-21|2025-11-22,2025-11-23 00:00,2025-11-23 00:00,9.094947017729282e-13,1.1368683772161603e-13,0,True,Optimization terminated successfully. (HiGHS Status 7: Optimal),775,1.1368683772161603e-13
2025-11-23,6,0.05653870900096081,5635.739533313609,108,20,2810,2025-11-03|2025-11-04|2025-11-05|2025-11-06|2025-11-07|2025-11-08|2025-11-09|2025-11-10|2025-11-11|2025-11-12|2025-11-13|2025-11-14|2025-11-15|2025-11-16|2025-11-17|2025-11-18|2025-11-19|2025-11-20|2025-11-21|2025-11-22,2025-11-23 06:00,2025-11-23 06:00,7.958078640513122e-13,1.1368683772161603e-13,0,True,Optimization terminated successfully. (HiGHS Status 7: Optimal),854,0.0
2025-11-23,12,0.0418765419999545,10418.128079593422,108,20,2810,2025-11-03|2025-11-04|2025-11-05|2025-11-06|2025-11-07|2025-11-08|2025-11-09|2025-11-10|2025-11-11|2025-11-12|2025-11-13|2025-11-14|2025-11-15|2025-11-16|2025-11-17|2025-11-18|2025-11-19|2025-11-20|2025-11-21|2025-11-22,2025-11-23 12:00,2025-11-23 12:00,8.100187187665142e-13,1.1368683772161603e-13,0,True,Optimization terminated successfully. (HiGHS Status 7: Optimal),675,0.0
2025-11-23,18,0.039896291000331985,27210.906060765756,108,20,2810,2025-11-03|2025-11-04|2025-11-05|2025-11-06|2025-11-07|2025-11-08|2025-11-09|2025-11-10|2025-11-11|2025-11-12|2025-11-13|2025-11-14|2025-11-15|2025-11-16|2025-11-17|2025-11-18|2025-11-19|2025-11-20|2025-11-21|2025-11-22,2025-11-23 18:00,2025-11-23 18:00,7.958078640513122e-13,1.1368683772161603e-13,0,True,Optimization terminated successfully. (HiGHS Status 7: Optimal),668,0.0
2025-11-24,0,0.05814300000020012,1949.9825848060336,144,20,3746,2025-11-04|2025-11-05|2025-11-06|2025-11-07|2025-11-08|2025-11-09|2025-11-10|2025-11-11|2025-11-12|2025-11-13|2025-11-14|2025-11-15|2025-11-16|2025-11-17|2025-11-18|2025-11-19|2025-11-20|2025-11-21|2025-11-22|2025-11-23,2025-11-24 00:00,2025-11-24 00:00,9.094947017729282e-13,3.410605131648481e-13,0,True,Optimization terminated successfully. (HiGHS Status 7: Optimal),802,3.410605131648481e-13
2025-11-24,6,0.04409120799937227,2482.098632004608,108,20,2810,2025-11-04|2025-11-05|2025-11-06|2025-11-07|2025-11-08|2025-11-09|2025-11-10|2025-11-11|2025-11-12|2025-11-13|2025-11-14|2025-11-15|2025-11-16|2025-11-17|2025-11-18|2025-11-19|2025-11-20|2025-11-21|2025-11-22|2025-11-23,2025-11-24 06:00,2025-11-24 06:00,9.094947017729282e-13,2.2737367544323206e-13,0,True,Optimization terminated successfully. (HiGHS Status 7: Optimal),726,2.2737367544323206e-13
2025-11-24,12,0.04390008399968792,10705.339243677096,108,20,2810,2025-11-04|2025-11-05|2025-11-06|2025-11-07|2025-11-08|2025-11-09|2025-11-10|2025-11-11|2025-11-12|2025-11-13|2025-11-14|2025-11-15|2025-11-16|2025-11-17|2025-11-18|2025-11-19|2025-11-20|2025-11-21|2025-11-22|2025-11-23,2025-11-24 12:00,2025-11-24 12:00,7.958078640513122e-13,1.1368683772161603e-13,0,True,Optimization terminated successfully. (HiGHS Status 7: Optimal),710,2.2737367544323206e-13
2025-11-24,18,0.0418379160000768,25437.40651747306,108,20,2810,2025-11-04|2025-11-05|2025-11-06|2025-11-07|2025-11-08|2025-11-09|2025-11-10|2025-11-11|2025-11-12|2025-11-13|2025-11-14|2025-11-15|2025-11-16|2025-11-17|2025-11-18|2025-11-19|2025-11-20|2025-11-21|2025-11-22|2025-11-23,2025-11-24 18:00,2025-11-24 18:00,7.958078640513122e-13,0.0,0,True,Optimization terminated successfully. (HiGHS Status 7: Optimal),665,2.2737367544323206e-13
2025-11-25,0,0.05663716599883628,1869.9000490480194,144,20,3746,2025-11-05|2025-11-06|2025-11-07|2025-11-08|2025-11-09|2025-11-10|2025-11-11|2025-11-12|2025-11-13|2025-11-14|2025-11-15|2025-11-16|2025-11-17|2025-11-18|2025-11-19|2025-11-20|2025-11-21|2025-11-22|2025-11-23|2025-11-24,2025-11-25 00:00,2025-11-25 00:00,7.958078640513122e-13,2.2737367544323206e-13,0,True,Optimization terminated successfully. (HiGHS Status 7: Optimal),809,2.2737367544323206e-13
2025-11-25,6,0.03686904099959065,-1560.1264230783179,108,20,2810,2025-11-05|2025-11-06|2025-11-07|2025-11-08|2025-11-09|2025-11-10|2025-11-11|2025-11-12|2025-11-13|2025-11-14|2025-11-15|2025-11-16|2025-11-17|2025-11-18|2025-11-19|2025-11-20|2025-11-21|2025-11-22|2025-11-23|2025-11-24,2025-11-25 06:00,2025-11-25 06:00,9.094947017729282e-13,2.2737367544323206e-13,0,True,Optimization terminated successfully. (HiGHS Status 7: Optimal),601,2.2737367544323206e-13
2025-11-25,12,0.040032458999121445,8597.115143382214,108,20,2810,2025-11-05|2025-11-06|2025-11-07|2025-11-08|2025-11-09|2025-11-10|2025-11-11|2025-11-12|2025-11-13|2025-11-14|2025-11-15|2025-11-16|2025-11-17|2025-11-18|2025-11-19|2025-11-20|2025-11-21|2025-11-22|2025-11-23|2025-11-24,2025-11-25 12:00,2025-11-25 12:00,8.336942247666457e-13,2.2737367544323206e-13,0,True,Optimization terminated successfully. (HiGHS Status 7: Optimal),673,2.2737367544323206e-13
2025-11-25,18,0.040230167000117945,27927.2018271935,108,20,2810,2025-11-05|2025-11-06|2025-11-07|2025-11-08|2025-11-09|2025-11-10|2025-11-11|2025-11-12|2025-11-13|2025-11-14|2025-11-15|2025-11-16|2025-11-17|2025-11-18|2025-11-19|2025-11-20|2025-11-21|2025-11-22|2025-11-23|2025-11-24,2025-11-25 18:00,2025-11-25 18:00,7.958078640513122e-13,2.2737367544323206e-13,0,True,Optimization terminated successfully. (HiGHS Status 7: Optimal),668,2.2737367544323206e-13
2025-11-26,0,0.058285584000259405,1845.718079868465,144,20,3746,2025-11-06|2025-11-07|2025-11-08|2025-11-09|2025-11-10|2025-11-11|2025-11-12|2025-11-13|2025-11-14|2025-11-15|2025-11-16|2025-11-17|2025-11-18|2025-11-19|2025-11-20|2025-11-21|2025-11-22|2025-11-23|2025-11-24|2025-11-25,2025-11-26 00:00,2025-11-26 00:00,9.094947017729282e-13,1.4779288903810084e-12,0,True,Optimization terminated successfully. (HiGHS Status 7: Optimal),802,1.4779288903810084e-12
2025-11-26,6,0.042779416999110254,1900.2168630823908,108,20,2810,2025-11-06|2025-11-07|2025-11-08|2025-11-09|2025-11-10|2025-11-11|2025-11-12|2025-11-13|2025-11-14|2025-11-15|2025-11-16|2025-11-17|2025-11-18|2025-11-19|2025-11-20|2025-11-21|2025-11-22|2025-11-23|2025-11-24|2025-11-25,2025-11-26 06:00,2025-11-26 06:00,9.094947017729282e-13,1.1368683772161603e-13,0,True,Optimization terminated successfully. (HiGHS Status 7: Optimal),761,0.0
2025-11-26,12,0.040147040999727324,10023.60823651785,108,20,2810,2025-11-06|2025-11-07|2025-11-08|2025-11-09|2025-11-10|2025-11-11|2025-11-12|2025-11-13|2025-11-14|2025-11-15|2025-11-16|2025-11-17|2025-11-18|2025-11-19|2025-11-20|2025-11-21|2025-11-22|2025-11-23|2025-11-24|2025-11-25,2025-11-26 12:00,2025-11-26 12:00,9.094947017729282e-13,1.1368683772161603e-13,0,True,Optimization terminated successfully. (HiGHS Status 7: Optimal),667,1.1368683772161603e-13
2025-11-26,18,0.03947599999992235,24054.896952367373,108,20,2810,2025-11-06|2025-11-07|2025-11-08|2025-11-09|2025-11-10|2025-11-11|2025-11-12|2025-11-13|2025-11-14|2025-11-15|2025-11-16|2025-11-17|2025-11-18|2025-11-19|2025-11-20|2025-11-21|2025-11-22|2025-11-23|2025-11-24|2025-11-25,2025-11-26 18:00,2025-11-26 18:00,7.958078640513122e-13,1.1368683772161603e-13,0,True,Optimization terminated successfully. (HiGHS Status 7: Optimal),673,0.0
2025-11-27,0,0.05816525000045658,1822.1389418121494,144,20,3746,2025-11-07|2025-11-08|2025-11-09|2025-11-10|2025-11-11|2025-11-12|2025-11-13|2025-11-14|2025-11-15|2025-11-16|2025-11-17|2025-11-18|2025-11-19|2025-11-20|2025-11-21|2025-11-22|2025-11-23|2025-11-24|2025-11-25|2025-11-26,2025-11-27 00:00,2025-11-27 00:00,8.242295734817162e-13,2.2737367544323206e-13,0,True,Optimization terminated successfully. (HiGHS Status 7: Optimal),807,2.2737367544323206e-13
2025-11-27,6,0.050672957999267965,2280.466583810296,108,20,2810,2025-11-07|2025-11-08|2025-11-09|2025-11-10|2025-11-11|2025-11-12|2025-11-13|2025-11-14|2025-11-15|2025-11-16|2025-11-17|2025-11-18|2025-11-19|2025-11-20|2025-11-21|2025-11-22|2025-11-23|2025-11-24|2025-11-25|2025-11-26,2025-11-27 06:00,2025-11-27 06:00,8.411049634560186e-13,2.2737367544323206e-13,0,True,Optimization terminated successfully. (HiGHS Status 7: Optimal),780,2.2737367544323206e-13
2025-11-27,12,0.042417000000568805,6227.802861281822,108,20,2810,2025-11-07|2025-11-08|2025-11-09|2025-11-10|2025-11-11|2025-11-12|2025-11-13|2025-11-14|2025-11-15|2025-11-16|2025-11-17|2025-11-18|2025-11-19|2025-11-20|2025-11-21|2025-11-22|2025-11-23|2025-11-24|2025-11-25|2025-11-26,2025-11-27 12:00,2025-11-27 12:00,8.754108549169359e-13,1.1368683772161603e-13,0,True,Optimization terminated successfully. (HiGHS Status 7: Optimal),679,2.2737367544323206e-13
2025-11-27,18,0.03774262499973702,7069.463165398732,108,20,2810,2025-11-07|2025-11-08|2025-11-09|2025-11-10|2025-11-11|2025-11-12|2025-11-13|2025-11-14|2025-11-15|2025-11-16|2025-11-17|2025-11-18|2025-11-19|2025-11-20|2025-11-21|2025-11-22|2025-11-23|2025-11-24|2025-11-25|2025-11-26,2025-11-27 18:00,2025-11-27 18:00,7.958078640513122e-13,2.2737367544323206e-13,0,True,Optimization terminated successfully. (HiGHS Status 7: Optimal),545,2.2737367544323206e-13
2025-11-28,0,0.055549832999531645,806.7847903617339,144,20,3746,2025-11-08|2025-11-09|2025-11-10|2025-11-11|2025-11-12|2025-11-13|2025-11-14|2025-11-15|2025-11-16|2025-11-17|2025-11-18|2025-11-19|2025-11-20|2025-11-21|2025-11-22|2025-11-23|2025-11-24|2025-11-25|2025-11-26|2025-11-27,2025-11-28 00:00,2025-11-28 00:00,8.526512829121202e-13,1.1368683772161603e-13,0,True,Optimization terminated successfully. (HiGHS Status 7: Optimal),711,1.7053025658242404e-13
2025-11-28,6,0.04272833300092316,938.5140311505472,108,20,2810,2025-11-08|2025-11-09|2025-11-10|2025-11-11|2025-11-12|2025-11-13|2025-11-14|2025-11-15|2025-11-16|2025-11-17|2025-11-18|2025-11-19|2025-11-20|2025-11-21|2025-11-22|2025-11-23|2025-11-24|2025-11-25|2025-11-26|2025-11-27,2025-11-28 06:00,2025-11-28 06:00,8.810729923425242e-13,1.1368683772161603e-13,0,True,Optimization terminated successfully. (HiGHS Status 7: Optimal),596,1.7053025658242404e-13
2025-11-28,12,0.03664100000059989,5947.061948410146,108,20,2810,2025-11-08|2025-11-09|2025-11-10|2025-11-11|2025-11-12|2025-11-13|2025-11-14|2025-11-15|2025-11-16|2025-11-17|2025-11-18|2025-11-19|2025-11-20|2025-11-21|2025-11-22|2025-11-23|2025-11-24|2025-11-25|2025-11-26|2025-11-27,2025-11-28 12:00,2025-11-28 12:00,9.094947017729282e-13,1.1368683772161603e-13,0,True,Optimization terminated successfully. (HiGHS Status 7: Optimal),583,1.7053025658242404e-13
2025-11-28,18,0.03739787500126113,7723.101401745754,108,20,2810,2025-11-08|2025-11-09|2025-11-10|2025-11-11|2025-11-12|2025-11-13|2025-11-14|2025-11-15|2025-11-16|2025-11-17|2025-11-18|2025-11-19|2025-11-20|2025-11-21|2025-11-22|2025-11-23|2025-11-24|2025-11-25|2025-11-26|2025-11-27,2025-11-28 18:00,2025-11-28 18:00,9.094947017729282e-13,1.1368683772161603e-13,0,True,Optimization terminated successfully. (HiGHS Status 7: Optimal),561,1.7053025658242404e-13
2025-11-29,0,0.053773999999975786,1111.770320602666,144,20,3746,2025-11-09|2025-11-10|2025-11-11|2025-11-12|2025-11-13|2025-11-14|2025-11-15|2025-11-16|2025-11-17|2025-11-18|2025-11-19|2025-11-20|2025-11-21|2025-11-22|2025-11-23|2025-11-24|2025-11-25|2025-11-26|2025-11-27|2025-11-28,2025-11-29 00:00,2025-11-29 00:00,7.958078640513122e-13,2.2737367544323206e-13,0,True,Optimization terminated successfully. (HiGHS Status 7: Optimal),751,3.410605131648481e-13
2025-11-29,6,0.036302708998846356,-821.0211631532613,108,20,2810,2025-11-09|2025-11-10|2025-11-11|2025-11-12|2025-11-13|2025-11-14|2025-11-15|2025-11-16|2025-11-17|2025-11-18|2025-11-19|2025-11-20|2025-11-21|2025-11-22|2025-11-23|2025-11-24|2025-11-25|2025-11-26|2025-11-27|2025-11-28,2025-11-29 06:00,2025-11-29 06:00,9.094947017729282e-13,2.2737367544323206e-13,0,True,Optimization terminated successfully. (HiGHS Status 7: Optimal),484,3.410605131648481e-13
2025-11-29,12,0.037418208999952185,9909.878898440555,108,20,2810,2025-11-09|2025-11-10|2025-11-11|2025-11-12|2025-11-13|2025-11-14|2025-11-15|2025-11-16|2025-11-17|2025-11-18|2025-11-19|2025-11-20|2025-11-21|2025-11-22|2025-11-23|2025-11-24|2025-11-25|2025-11-26|2025-11-27|2025-11-28,2025-11-29 12:00,2025-11-29 12:00,8.810729923425242e-13,2.2737367544323206e-13,0,True,Optimization terminated successfully. (HiGHS Status 7: Optimal),610,3.410605131648481e-13
2025-11-29,18,0.036980332999519305,23511.356312235544,108,20,2810,2025-11-09|2025-11-10|2025-11-11|2025-11-12|2025-11-13|2025-11-14|2025-11-15|2025-11-16|2025-11-17|2025-11-18|2025-11-19|2025-11-20|2025-11-21|2025-11-22|2025-11-23|2025-11-24|2025-11-25|2025-11-26|2025-11-27|2025-11-28,2025-11-29 18:00,2025-11-29 18:00,9.094947017729282e-13,2.2737367544323206e-13,0,True,Optimization terminated successfully. (HiGHS Status 7: Optimal),658,3.410605131648481e-13
2025-11-30,0,0.05514824999954726,1903.5514905804835,144,20,3746,2025-11-10|2025-11-11|2025-11-12|2025-11-13|2025-11-14|2025-11-15|2025-11-16|2025-11-17|2025-11-18|2025-11-19|2025-11-20|2025-11-21|2025-11-22|2025-11-23|2025-11-24|2025-11-25|2025-11-26|2025-11-27|2025-11-28|2025-11-29,2025-11-30 00:00,2025-11-30 00:00,8.588685318500211e-13,4.547473508864641e-13,0,True,Optimization terminated successfully. (HiGHS Status 7: Optimal),788,4.547473508864641e-13
2025-11-30,6,0.04113712499929534,4025.4241958823804,108,20,2810,2025-11-10|2025-11-11|2025-11-12|2025-11-13|2025-11-14|2025-11-15|2025-11-16|2025-11-17|2025-11-18|2025-11-19|2025-11-20|2025-11-21|2025-11-22|2025-11-23|2025-11-24|2025-11-25|2025-11-26|2025-11-27|2025-11-28|2025-11-29,2025-11-30 06:00,2025-11-30 06:00,8.641976023682219e-13,1.1368683772161603e-13,0,True,Optimization terminated successfully. (HiGHS Status 7: Optimal),737,0.0
2025-11-30,12,0.04451775000052294,12013.711365902398,108,20,2810,2025-11-10|2025-11-11|2025-11-12|2025-11-13|2025-11-14|2025-11-15|2025-11-16|2025-11-17|2025-11-18|2025-11-19|2025-11-20|2025-11-21|2025-11-22|2025-11-23|2025-11-24|2025-11-25|2025-11-26|2025-11-27|2025-11-28|2025-11-29,2025-11-30 12:00,2025-11-30 12:00,8.641976023682219e-13,1.1368683772161603e-13,0,True,Optimization terminated successfully. (HiGHS Status 7: Optimal),776,0.0
2025-11-30,18,0.04193820799991954,25410.94429926051,108,20,2810,2025-11-10|2025-11-11|2025-11-12|2025-11-13|2025-11-14|2025-11-15|2025-11-16|2025-11-17|2025-11-18|2025-11-19|2025-11-20|2025-11-21|2025-11-22|2025-11-23|2025-11-24|2025-11-25|2025-11-26|2025-11-27|2025-11-28|2025-11-29,2025-11-30 18:00,2025-11-30 18:00,7.958078640513122e-13,4.547473508864641e-13,0,True,Optimization terminated successfully. (HiGHS Status 7: Optimal),683,4.547473508864641e-13
2025-12-01,0,0.05296358300074644,1873.2937531982182,144,20,3746,2025-11-11|2025-11-12|2025-11-13|2025-11-14|2025-11-15|2025-11-16|2025-11-17|2025-11-18|2025-11-19|2025-11-20|2025-11-21|2025-11-22|2025-11-23|2025-11-24|2025-11-25|2025-11-26|2025-11-27|2025-11-28|2025-11-29|2025-11-30,2025-12-01 00:00,2025-12-01 00:00,7.958078640513122e-13,2.2737367544323206e-13,0,True,Optimization terminated successfully. (HiGHS Status 7: Optimal),804,3.410605131648481e-13
2025-12-01,6,0.03847137500088138,-34.009036938503996,108,20,2810,2025-11-11|2025-11-12|2025-11-13|2025-11-14|2025-11-15|2025-11-16|2025-11-17|2025-11-18|2025-11-19|2025-11-20|2025-11-21|2025-11-22|2025-11-23|2025-11-24|2025-11-25|2025-11-26|2025-11-27|2025-11-28|2025-11-29|2025-11-30,2025-12-01 06:00,2025-12-01 06:00,8.597567102697212e-13,2.2737367544323206e-13,0,True,Optimization terminated successfully. (HiGHS Status 7: Optimal),658,3.410605131648481e-13
2025-12-01,12,0.03835908300061419,9603.565123480405,108,20,2810,2025-11-11|2025-11-12|2025-11-13|2025-11-14|2025-11-15|2025-11-16|2025-11-17|2025-11-18|2025-11-19|2025-11-20|2025-11-21|2025-11-22|2025-11-23|2025-11-24|2025-11-25|2025-11-26|2025-11-27|2025-11-28|2025-11-29|2025-11-30,2025-12-01 12:00,2025-12-01 12:00,7.389644451905042e-13,2.2737367544323206e-13,0,True,Optimization terminated successfully. (HiGHS Status 7: Optimal),670,3.410605131648481e-13
2025-12-01,18,0.037992292000126326,29164.954120371054,108,20,2810,2025-11-11|2025-11-12|2025-11-13|2025-11-14|2025-11-15|2025-11-16|2025-11-17|2025-11-18|2025-11-19|2025-11-20|2025-11-21|2025-11-22|2025-11-23|2025-11-24|2025-11-25|2025-11-26|2025-11-27|2025-11-28|2025-11-29|2025-11-30,2025-12-01 18:00,2025-12-01 18:00,7.958078640513122e-13,2.2737367544323206e-13,0,True,Optimization terminated successfully. (HiGHS Status 7: Optimal),659,3.410605131648481e-13
2025-12-02,0,0.053617583000232116,2313.8344996266383,144,20,3746,2025-11-12|2025-11-13|2025-11-14|2025-11-15|2025-11-16|2025-11-17|2025-11-18|2025-11-19|2025-11-20|2025-11-21|2025-11-22|2025-11-23|2025-11-24|2025-11-25|2025-11-26|2025-11-27|2025-11-28|2025-11-29|2025-11-30|2025-12-01,2025-12-02 00:00,2025-12-02 00:00,9.094947017729282e-13,2.2737367544323206e-13,0,True,Optimization terminated successfully. (HiGHS Status 7: Optimal),808,2.2737367544323206e-13
2025-12-02,6,0.03441345900137094,583.1435859235091,108,20,2810,2025-11-12|2025-11-13|2025-11-14|2025-11-15|2025-11-16|2025-11-17|2025-11-18|2025-11-19|2025-11-20|2025-11-21|2025-11-22|2025-11-23|2025-11-24|2025-11-25|2025-11-26|2025-11-27|2025-11-28|2025-11-29|2025-11-30|2025-12-01,2025-12-02 06:00,2025-12-02 06:00,9.094947017729282e-13,1.1368683772161603e-13,0,True,Optimization terminated successfully. (HiGHS Status 7: Optimal),636,2.2737367544323206e-13
2025-12-02,12,0.03862149999986286,10055.417489797142,108,20,2810,2025-11-12|2025-11-13|2025-11-14|2025-11-15|2025-11-16|2025-11-17|2025-11-18|2025-11-19|2025-11-20|2025-11-21|2025-11-22|2025-11-23|2025-11-24|2025-11-25|2025-11-26|2025-11-27|2025-11-28|2025-11-29|2025-11-30|2025-12-01,2025-12-02 12:00,2025-12-02 12:00,9.094947017729282e-13,1.1368683772161603e-13,0,True,Optimization terminated successfully. (HiGHS Status 7: Optimal),669,2.2737367544323206e-13
2025-12-02,18,0.03770204100146657,28489.47481057484,108,20,2810,2025-11-12|2025-11-13|2025-11-14|2025-11-15|2025-11-16|2025-11-17|2025-11-18|2025-11-19|2025-11-20|2025-11-21|2025-11-22|2025-11-23|2025-11-24|2025-11-25|2025-11-26|2025-11-27|2025-11-28|2025-11-29|2025-11-30|2025-12-01,2025-12-02 18:00,2025-12-02 18:00,9.094947017729282e-13,1.1368683772161603e-13,0,True,Optimization terminated successfully. (HiGHS Status 7: Optimal),650,0.0
2025-12-03,0,0.053546041001027334,2531.118978759497,144,20,3746,2025-11-13|2025-11-14|2025-11-15|2025-11-16|2025-11-17|2025-11-18|2025-11-19|2025-11-20|2025-11-21|2025-11-22|2025-11-23|2025-11-24|2025-11-25|2025-11-26|2025-11-27|2025-11-28|2025-11-29|2025-11-30|2025-12-01|2025-12-02,2025-12-03 00:00,2025-12-03 00:00,7.958078640513122e-13,4.547473508864641e-13,0,True,Optimization terminated successfully. (HiGHS Status 7: Optimal),796,4.547473508864641e-13
2025-12-03,6,0.05163679200086335,7332.282358285986,108,20,2810,2025-11-13|2025-11-14|2025-11-15|2025-11-16|2025-11-17|2025-11-18|2025-11-19|2025-11-20|2025-11-21|2025-11-22|2025-11-23|2025-11-24|2025-11-25|2025-11-26|2025-11-27|2025-11-28|2025-11-29|2025-11-30|2025-12-01|2025-12-02,2025-12-03 06:00,2025-12-03 06:00,9.094947017729282e-13,1.1368683772161603e-13,0,True,Optimization terminated successfully. (HiGHS Status 7: Optimal),867,1.1368683772161603e-13
2025-12-03,12,0.044597166999665205,14836.22606632684,108,20,2810,2025-11-13|2025-11-14|2025-11-15|2025-11-16|2025-11-17|2025-11-18|2025-11-19|2025-11-20|2025-11-21|2025-11-22|2025-11-23|2025-11-24|2025-11-25|2025-11-26|2025-11-27|2025-11-28|2025-11-29|2025-11-30|2025-12-01|2025-12-02,2025-12-03 12:00,2025-12-03 12:00,7.730691087282082e-13,1.1368683772161603e-13,0,True,Optimization terminated successfully. (HiGHS Status 7: Optimal),801,1.1368683772161603e-13
2025-12-03,18,0.03715795800053456,29453.35257176156,108,20,2810,2025-11-13|2025-11-14|2025-11-15|2025-11-16|2025-11-17|2025-11-18|2025-11-19|2025-11-20|2025-11-21|2025-11-22|2025-11-23|2025-11-24|2025-11-25|2025-11-26|2025-11-27|2025-11-28|2025-11-29|2025-11-30|2025-12-01|2025-12-02,2025-12-03 18:00,2025-12-03 18:00,7.958078640513122e-13,0.0,0,True,Optimization terminated successfully. (HiGHS Status 7: Optimal),666,1.1368683772161603e-13
2025-12-04,0,0.05578895800135797,3058.7814933358413,144,20,3746,2025-11-14|2025-11-15|2025-11-16|2025-11-17|2025-11-18|2025-11-19|2025-11-20|2025-11-21|2025-11-22|2025-11-23|2025-11-24|2025-11-25|2025-11-26|2025-11-27|2025-11-28|2025-11-29|2025-11-30|2025-12-01|2025-12-02|2025-12-03,2025-12-04 00:00,2025-12-04 00:00,7.958078640513122e-13,2.2737367544323206e-13,0,True,Optimization terminated successfully. (HiGHS Status 7: Optimal),797,3.410605131648481e-13
2025-12-04,6,0.0341126669991354,-43.65121254326782,108,20,2810,2025-11-14|2025-11-15|2025-11-16|2025-11-17|2025-11-18|2025-11-19|2025-11-20|2025-11-21|2025-11-22|2025-11-23|2025-11-24|2025-11-25|2025-11-26|2025-11-27|2025-11-28|2025-11-29|2025-11-30|2025-12-01|2025-12-02|2025-12-03,2025-12-04 06:00,2025-12-04 06:00,9.094947017729282e-13,2.2737367544323206e-13,0,True,Optimization terminated successfully. (HiGHS Status 7: Optimal),650,3.410605131648481e-13
2025-12-04,12,0.0386339169999701,5021.123869984598,108,20,2810,2025-11-14|2025-11-15|2025-11-16|2025-11-17|2025-11-18|2025-11-19|2025-11-20|2025-11-21|2025-11-22|2025-11-23|2025-11-24|2025-11-25|2025-11-26|2025-11-27|2025-11-28|2025-11-29|2025-11-30|2025-12-01|2025-12-02|2025-12-03,2025-12-04 12:00,2025-12-04 12:00,9.094947017729282e-13,1.1368683772161603e-13,0,True,Optimization terminated successfully. (HiGHS Status 7: Optimal),647,2.2737367544323206e-13
2025-12-04,18,0.04231600000093749,13524.374154306046,108,20,2810,2025-11-14|2025-11-15|2025-11-16|2025-11-17|2025-11-18|2025-11-19|2025-11-20|2025-11-21|2025-11-22|2025-11-23|2025-11-24|2025-11-25|2025-11-26|2025-11-27|2025-11-28|2025-11-29|2025-11-30|2025-12-01|2025-12-02|2025-12-03,2025-12-04 18:00,2025-12-04 18:00,7.958078640513122e-13,2.2737367544323206e-13,0,True,Optimization terminated successfully. (HiGHS Status 7: Optimal),637,3.410605131648481e-13
2025-12-05,0,0.05664791699928173,1812.2381014488678,144,20,3746,2025-11-15|2025-11-16|2025-11-17|2025-11-18|2025-11-19|2025-11-20|2025-11-21|2025-11-22|2025-11-23|2025-11-24|2025-11-25|2025-11-26|2025-11-27|2025-11-28|2025-11-29|2025-11-30|2025-12-01|2025-12-02|2025-12-03|2025-12-04,2025-12-05 00:00,2025-12-05 00:00,9.094947017729282e-13,2.2737367544323206e-13,0,True,Optimization terminated successfully. (HiGHS Status 7: Optimal),752,2.8421709430404007e-13
2025-12-05,6,0.040938833000836894,973.3919877286773,108,20,2810,2025-11-15|2025-11-16|2025-11-17|2025-11-18|2025-11-19|2025-11-20|2025-11-21|2025-11-22|2025-11-23|2025-11-24|2025-11-25|2025-11-26|2025-11-27|2025-11-28|2025-11-29|2025-11-30|2025-12-01|2025-12-02|2025-12-03|2025-12-04,2025-12-05 06:00,2025-12-05 06:00,9.094947017729282e-13,1.1368683772161603e-13,0,True,Optimization terminated successfully. (HiGHS Status 7: Optimal),574,5.684341886080802e-14
2025-12-05,12,0.04000491599981615,6885.942085044106,108,20,2810,2025-11-15|2025-11-16|2025-11-17|2025-11-18|2025-11-19|2025-11-20|2025-11-21|2025-11-22|2025-11-23|2025-11-24|2025-11-25|2025-11-26|2025-11-27|2025-11-28|2025-11-29|2025-11-30|2025-12-01|2025-12-02|2025-12-03|2025-12-04,2025-12-05 12:00,2025-12-05 12:00,9.094947017729282e-13,1.1368683772161603e-13,0,True,Optimization terminated successfully. (HiGHS Status 7: Optimal),636,5.684341886080802e-14
2025-12-05,18,0.04042016600033094,12159.078644549127,108,20,2810,2025-11-15|2025-11-16|2025-11-17|2025-11-18|2025-11-19|2025-11-20|2025-11-21|2025-11-22|2025-11-23|2025-11-24|2025-11-25|2025-11-26|2025-11-27|2025-11-28|2025-11-29|2025-11-30|2025-12-01|2025-12-02|2025-12-03|2025-12-04,2025-12-05 18:00,2025-12-05 18:00,7.958078640513122e-13,5.684341886080802e-14,0,True,Optimization terminated successfully. (HiGHS Status 7: Optimal),642,5.684341886080802e-14
2025-12-06,0,0.04837624999890977,1851.9352590128647,144,20,3746,2025-11-16|2025-11-17|2025-11-18|2025-11-19|2025-11-20|2025-11-21|2025-11-22|2025-11-23|2025-11-24|2025-11-25|2025-11-26|2025-11-27|2025-11-28|2025-11-29|2025-11-30|2025-12-01|2025-12-02|2025-12-03|2025-12-04|2025-12-05,2025-12-06 00:00,2025-12-06 00:00,8.810729923425242e-13,5.684341886080802e-14,0,True,Optimization terminated successfully. (HiGHS Status 7: Optimal),734,1.1368683772161603e-13
2025-12-06,6,0.03725216699967859,313.9474197827355,108,20,2810,2025-11-16|2025-11-17|2025-11-18|2025-11-19|2025-11-20|2025-11-21|2025-11-22|2025-11-23|2025-11-24|2025-11-25|2025-11-26|2025-11-27|2025-11-28|2025-11-29|2025-11-30|2025-12-01|2025-12-02|2025-12-03|2025-12-04|2025-12-05,2025-12-06 06:00,2025-12-06 06:00,8.526512829121202e-13,1.1368683772161603e-13,0,True,Optimization terminated successfully. (HiGHS Status 7: Optimal),531,1.1368683772161603e-13
2025-12-06,12,0.0395720420001453,11126.274224017585,108,20,2810,2025-11-16|2025-11-17|2025-11-18|2025-11-19|2025-11-20|2025-11-21|2025-11-22|2025-11-23|2025-11-24|2025-11-25|2025-11-26|2025-11-27|2025-11-28|2025-11-29|2025-11-30|2025-12-01|2025-12-02|2025-12-03|2025-12-04|2025-12-05,2025-12-06 12:00,2025-12-06 12:00,9.094947017729282e-13,1.1368683772161603e-13,0,True,Optimization terminated successfully. (HiGHS Status 7: Optimal),600,1.1368683772161603e-13
2025-12-06,18,0.03737637499943958,34082.80892689642,108,20,2810,2025-11-16|2025-11-17|2025-11-18|2025-11-19|2025-11-20|2025-11-21|2025-11-22|2025-11-23|2025-11-24|2025-11-25|2025-11-26|2025-11-27|2025-11-28|2025-11-29|2025-11-30|2025-12-01|2025-12-02|2025-12-03|2025-12-04|2025-12-05,2025-12-06 18:00,2025-12-06 18:00,7.958078640513122e-13,2.2737367544323206e-13,0,True,Optimization terminated successfully. (HiGHS Status 7: Optimal),631,1.1368683772161603e-13
2025-12-07,0,0.05241212499822723,3029.2459493579317,144,20,3746,2025-11-17|2025-11-18|2025-11-19|2025-11-20|2025-11-21|2025-11-22|2025-11-23|2025-11-24|2025-11-25|2025-11-26|2025-11-27|2025-11-28|2025-11-29|2025-11-30|2025-12-01|2025-12-02|2025-12-03|2025-12-04|2025-12-05|2025-12-06,2025-12-07 00:00,2025-12-07 00:00,9.094947017729282e-13,1.0800249583553523e-12,0,True,Optimization terminated successfully. (HiGHS Status 7: Optimal),783,1.0800249583553523e-12
2025-12-07,6,0.03670987499936018,-1634.4386036437736,108,20,2810,2025-11-17|2025-11-18|2025-11-19|2025-11-20|2025-11-21|2025-11-22|2025-11-23|2025-11-24|2025-11-25|2025-11-26|2025-11-27|2025-11-28|2025-11-29|2025-11-30|2025-12-01|2025-12-02|2025-12-03|2025-12-04|2025-12-05|2025-12-06,2025-12-07 06:00,2025-12-07 06:00,9.094947017729282e-13,2.2737367544323206e-13,0,True,Optimization terminated successfully. (HiGHS Status 7: Optimal),634,2.2737367544323206e-13
2025-12-07,12,0.04189579100057017,11339.951191436625,108,20,2810,2025-11-17|2025-11-18|2025-11-19|2025-11-20|2025-11-21|2025-11-22|2025-11-23|2025-11-24|2025-11-25|2025-11-26|2025-11-27|2025-11-28|2025-11-29|2025-11-30|2025-12-01|2025-12-02|2025-12-03|2025-12-04|2025-12-05|2025-12-06,2025-12-07 12:00,2025-12-07 12:00,9.094947017729282e-13,2.2737367544323206e-13,0,True,Optimization terminated successfully. (HiGHS Status 7: Optimal),678,2.2737367544323206e-13
2025-12-07,18,0.037524084000324365,31500.24282258821,108,20,2810,2025-11-17|2025-11-18|2025-11-19|2025-11-20|2025-11-21|2025-11-22|2025-11-23|2025-11-24|2025-11-25|2025-11-26|2025-11-27|2025-11-28|2025-11-29|2025-11-30|2025-12-01|2025-12-02|2025-12-03|2025-12-04|2025-12-05|2025-12-06,2025-12-07 18:00,2025-12-07 18:00,9.094947017729282e-13,1.0231815394945443e-12,0,True,Optimization terminated successfully. (HiGHS Status 7: Optimal),654,9.094947017729282e-13
2025-12-08,0,0.05140500000015891,3324.2074874969157,144,20,3746,2025-11-18|2025-11-19|2025-11-20|2025-11-21|2025-11-22|2025-11-23|2025-11-24|2025-11-25|2025-11-26|2025-11-27|2025-11-28|2025-11-29|2025-11-30|2025-12-01|2025-12-02|2025-12-03|2025-12-04|2025-12-05|2025-12-06|2025-12-07,2025-12-08 00:00,2025-12-08 00:00,9.094947017729282e-13,2.2737367544323206e-13,0,True,Optimization terminated successfully. (HiGHS Status 7: Optimal),753,2.2737367544323206e-13
2025-12-08,6,0.045779707999827224,2472.5239237429237,108,20,2810,2025-11-18|2025-11-19|2025-11-20|2025-11-21|2025-11-22|2025-11-23|2025-11-24|2025-11-25|2025-11-26|2025-11-27|2025-11-28|2025-11-29|2025-11-30|2025-12-01|2025-12-02|2025-12-03|2025-12-04|2025-12-05|2025-12-06|2025-12-07,2025-12-08 06:00,2025-12-08 06:00,8.57980353430321e-13,2.2737367544323206e-13,0,True,Optimization terminated successfully. (HiGHS Status 7: Optimal),767,2.2737367544323206e-13
2025-12-08,12,0.038388375000067754,11652.790830585624,108,20,2810,2025-11-18|2025-11-19|2025-11-20|2025-11-21|2025-11-22|2025-11-23|2025-11-24|2025-11-25|2025-11-26|2025-11-27|2025-11-28|2025-11-29|2025-11-30|2025-12-01|2025-12-02|2025-12-03|2025-12-04|2025-12-05|2025-12-06|2025-12-07,2025-12-08 12:00,2025-12-08 12:00,9.094947017729282e-13,2.2737367544323206e-13,0,True,Optimization terminated successfully. (HiGHS Status 7: Optimal),667,2.2737367544323206e-13
2025-12-08,18,0.03910200000063924,34968.58493421411,108,20,2810,2025-11-18|2025-11-19|2025-11-20|2025-11-21|2025-11-22|2025-11-23|2025-11-24|2025-11-25|2025-11-26|2025-11-27|2025-11-28|2025-11-29|2025-11-30|2025-12-01|2025-12-02|2025-12-03|2025-12-04|2025-12-05|2025-12-06|2025-12-07,2025-12-08 18:00,2025-12-08 18:00,7.958078640513122e-13,2.2737367544323206e-13,0,True,Optimization terminated successfully. (HiGHS Status 7: Optimal),654,2.2737367544323206e-13
2025-12-09,0,0.05195354200077418,3352.4385165996773,144,20,3746,2025-11-19|2025-11-20|2025-11-21|2025-11-22|2025-11-23|2025-11-24|2025-11-25|2025-11-26|2025-11-27|2025-11-28|2025-11-29|2025-11-30|2025-12-01|2025-12-02|2025-12-03|2025-12-04|2025-12-05|2025-12-06|2025-12-07|2025-12-08,2025-12-09 00:00,2025-12-09 00:00,9.094947017729282e-13,2.2737367544323206e-13,0,True,Optimization terminated successfully. (HiGHS Status 7: Optimal),767,2.2737367544323206e-13
2025-12-09,6,0.04173787499894388,157.40158156091834,108,20,2810,2025-11-19|2025-11-20|2025-11-21|2025-11-22|2025-11-23|2025-11-24|2025-11-25|2025-11-26|2025-11-27|2025-11-28|2025-11-29|2025-11-30|2025-12-01|2025-12-02|2025-12-03|2025-12-04|2025-12-05|2025-12-06|2025-12-07|2025-12-08,2025-12-09 06:00,2025-12-09 06:00,1.0231815394945443e-12,2.2737367544323206e-13,0,True,Optimization terminated successfully. (HiGHS Status 7: Optimal),655,2.2737367544323206e-13
2025-12-09,12,0.04209770799934631,12008.83939179339,108,20,2810,2025-11-19|2025-11-20|2025-11-21|2025-11-22|2025-11-23|2025-11-24|2025-11-25|2025-11-26|2025-11-27|2025-11-28|2025-11-29|2025-11-30|2025-12-01|2025-12-02|2025-12-03|2025-12-04|2025-12-05|2025-12-06|2025-12-07|2025-12-08,2025-12-09 12:00,2025-12-09 12:00,9.094947017729282e-13,2.2737367544323206e-13,0,True,Optimization terminated successfully. (HiGHS Status 7: Optimal),671,2.2737367544323206e-13
2025-12-09,18,0.041553834000296774,32195.230204859552,108,20,2810,2025-11-19|2025-11-20|2025-11-21|2025-11-22|2025-11-23|2025-11-24|2025-11-25|2025-11-26|2025-11-27|2025-11-28|2025-11-29|2025-11-30|2025-12-01|2025-12-02|2025-12-03|2025-12-04|2025-12-05|2025-12-06|2025-12-07|2025-12-08,2025-12-09 18:00,2025-12-09 18:00,7.958078640513122e-13,2.2737367544323206e-13,0,True,Optimization terminated successfully. (HiGHS Status 7: Optimal),652,2.2737367544323206e-13
2025-12-10,0,0.054469458998937625,3317.7502531974387,144,20,3746,2025-11-20|2025-11-21|2025-11-22|2025-11-23|2025-11-24|2025-11-25|2025-11-26|2025-11-27|2025-11-28|2025-11-29|2025-11-30|2025-12-01|2025-12-02|2025-12-03|2025-12-04|2025-12-05|2025-12-06|2025-12-07|2025-12-08|2025-12-09,2025-12-10 00:00,2025-12-10 00:00,7.958078640513122e-13,4.547473508864641e-13,0,True,Optimization terminated successfully. (HiGHS Status 7: Optimal),794,4.547473508864641e-13
2025-12-10,6,0.050924625000334345,5530.927739724294,108,20,2810,2025-11-20|2025-11-21|2025-11-22|2025-11-23|2025-11-24|2025-11-25|2025-11-26|2025-11-27|2025-11-28|2025-11-29|2025-11-30|2025-12-01|2025-12-02|2025-12-03|2025-12-04|2025-12-05|2025-12-06|2025-12-07|2025-12-08|2025-12-09,2025-12-10 06:00,2025-12-10 06:00,9.094947017729282e-13,1.1368683772161603e-13,0,True,Optimization terminated successfully. (HiGHS Status 7: Optimal),838,0.0
2025-12-10,12,0.03932804099895293,12420.422586146378,108,20,2810,2025-11-20|2025-11-21|2025-11-22|2025-11-23|2025-11-24|2025-11-25|2025-11-26|2025-11-27|2025-11-28|2025-11-29|2025-11-30|2025-12-01|2025-12-02|2025-12-03|2025-12-04|2025-12-05|2025-12-06|2025-12-07|2025-12-08|2025-12-09,2025-12-10 12:00,2025-12-10 12:00,7.744915819785092e-13,4.547473508864641e-13,0,True,Optimization terminated successfully. (HiGHS Status 7: Optimal),674,4.547473508864641e-13
2025-12-10,18,0.03979016599987517,36979.61057406866,108,20,2810,2025-11-20|2025-11-21|2025-11-22|2025-11-23|2025-11-24|2025-11-25|2025-11-26|2025-11-27|2025-11-28|2025-11-29|2025-11-30|2025-12-01|2025-12-02|2025-12-03|2025-12-04|2025-12-05|2025-12-06|2025-12-07|2025-12-08|2025-12-09,2025-12-10 18:00,2025-12-10 18:00,7.958078640513122e-13,4.547473508864641e-13,0,True,Optimization terminated successfully. (HiGHS Status 7: Optimal),654,4.547473508864641e-13
2025-12-11,0,0.0496551249998447,3242.7988029727276,144,20,3746,2025-11-21|2025-11-22|2025-11-23|2025-11-24|2025-11-25|2025-11-26|2025-11-27|2025-11-28|2025-11-29|2025-11-30|2025-12-01|2025-12-02|2025-12-03|2025-12-04|2025-12-05|2025-12-06|2025-12-07|2025-12-08|2025-12-09|2025-12-10,2025-12-11 00:00,2025-12-11 00:00,8.526512829121202e-13,2.2737367544323206e-13,0,True,Optimization terminated successfully. (HiGHS Status 7: Optimal),761,2.2737367544323206e-13
2025-12-11,6,0.036946709000403644,106.20939652914873,108,20,2810,2025-11-21|2025-11-22|2025-11-23|2025-11-24|2025-11-25|2025-11-26|2025-11-27|2025-11-28|2025-11-29|2025-11-30|2025-12-01|2025-12-02|2025-12-03|2025-12-04|2025-12-05|2025-12-06|2025-12-07|2025-12-08|2025-12-09|2025-12-10,2025-12-11 06:00,2025-12-11 06:00,8.331113576787175e-13,1.0231815394945443e-12,0,True,Optimization terminated successfully. (HiGHS Status 7: Optimal),656,1.0231815394945443e-12
2025-12-11,12,0.03837729100087017,6702.945389092899,108,20,2810,2025-11-21|2025-11-22|2025-11-23|2025-11-24|2025-11-25|2025-11-26|2025-11-27|2025-11-28|2025-11-29|2025-11-30|2025-12-01|2025-12-02|2025-12-03|2025-12-04|2025-12-05|2025-12-06|2025-12-07|2025-12-08|2025-12-09|2025-12-10,2025-12-11 12:00,2025-12-11 12:00,6.821210263296962e-13,1.0231815394945443e-12,0,True,Optimization terminated successfully. (HiGHS Status 7: Optimal),644,1.0231815394945443e-12
2025-12-11,18,0.04052400000000489,12595.082283232416,108,20,2810,2025-11-21|2025-11-22|2025-11-23|2025-11-24|2025-11-25|2025-11-26|2025-11-27|2025-11-28|2025-11-29|2025-11-30|2025-12-01|2025-12-02|2025-12-03|2025-12-04|2025-12-05|2025-12-06|2025-12-07|2025-12-08|2025-12-09|2025-12-10,2025-12-11 18:00,2025-12-11 18:00,9.094947017729282e-13,1.0231815394945443e-12,0,True,Optimization terminated successfully. (HiGHS Status 7: Optimal),636,1.0231815394945443e-12
2025-12-12,0,0.053535290999207064,2020.9539658986764,144,20,3746,2025-11-22|2025-11-23|2025-11-24|2025-11-25|2025-11-26|2025-11-27|2025-11-28|2025-11-29|2025-11-30|2025-12-01|2025-12-02|2025-12-03|2025-12-04|2025-12-05|2025-12-06|2025-12-07|2025-12-08|2025-12-09|2025-12-10|2025-12-11,2025-12-12 00:00,2025-12-12 00:00,8.810729923425242e-13,7.958078640513122e-13,0,True,Optimization terminated successfully. (HiGHS Status 7: Optimal),750,7.958078640513122e-13
2025-12-12,6,0.04922062500008906,2364.4723010879316,108,20,2810,2025-11-22|2025-11-23|2025-11-24|2025-11-25|2025-11-26|2025-11-27|2025-11-28|2025-11-29|2025-11-30|2025-12-01|2025-12-02|2025-12-03|2025-12-04|2025-12-05|2025-12-06|2025-12-07|2025-12-08|2025-12-09|2025-12-10|2025-12-11,2025-12-12 06:00,2025-12-12 06:00,7.736034035588091e-13,2.2737367544323206e-13,0,True,Optimization terminated successfully. (HiGHS Status 7: Optimal),732,2.8421709430404007e-13
2025-12-12,12,0.04329404199961573,8227.397199752711,108,20,2810,2025-11-22|2025-11-23|2025-11-24|2025-11-25|2025-11-26|2025-11-27|2025-11-28|2025-11-29|2025-11-30|2025-12-01|2025-12-02|2025-12-03|2025-12-04|2025-12-05|2025-12-06|2025-12-07|2025-12-08|2025-12-09|2025-12-10|2025-12-11,2025-12-12 12:00,2025-12-12 12:00,8.810729923425242e-13,2.2737367544323206e-13,0,True,Optimization terminated successfully. (HiGHS Status 7: Optimal),686,2.8421709430404007e-13
2025-12-12,18,0.04248150000057649,12336.897743156203,108,20,2810,2025-11-22|2025-11-23|2025-11-24|2025-11-25|2025-11-26|2025-11-27|2025-11-28|2025-11-29|2025-11-30|2025-12-01|2025-12-02|2025-12-03|2025-12-04|2025-12-05|2025-12-06|2025-12-07|2025-12-08|2025-12-09|2025-12-10|2025-12-11,2025-12-12 18:00,2025-12-12 18:00,9.094947017729282e-13,1.1937117960769683e-12,0,True,Optimization terminated successfully. (HiGHS Status 7: Optimal),625,1.1937117960769683e-12
2025-12-13,0,0.05266233399925113,2129.344342965088,144,20,3746,2025-11-23|2025-11-24|2025-11-25|2025-11-26|2025-11-27|2025-11-28|2025-11-29|2025-11-30|2025-12-01|2025-12-02|2025-12-03|2025-12-04|2025-12-05|2025-12-06|2025-12-07|2025-12-08|2025-12-09|2025-12-10|2025-12-11|2025-12-12,2025-12-13 00:00,2025-12-13 00:00,9.094947017729282e-13,2.2737367544323206e-13,0,True,Optimization terminated successfully. (HiGHS Status 7: Optimal),766,2.2737367544323206e-13
2025-12-13,6,0.042040791999170324,1951.3750074716909,108,20,2810,2025-11-23|2025-11-24|2025-11-25|2025-11-26|2025-11-27|2025-11-28|2025-11-29|2025-11-30|2025-12-01|2025-12-02|2025-12-03|2025-12-04|2025-12-05|2025-12-06|2025-12-07|2025-12-08|2025-12-09|2025-12-10|2025-12-11|2025-12-12,2025-12-13 06:00,2025-12-13 06:00,9.094947017729282e-13,1.1368683772161603e-13,0,True,Optimization terminated successfully. (HiGHS Status 7: Optimal),620,1.1368683772161603e-13
2025-12-13,12,0.04069004099983431,12350.958789765109,108,20,2810,2025-11-23|2025-11-24|2025-11-25|2025-11-26|2025-11-27|2025-11-28|2025-11-29|2025-11-30|2025-12-01|2025-12-02|2025-12-03|2025-12-04|2025-12-05|2025-12-06|2025-12-07|2025-12-08|2025-12-09|2025-12-10|2025-12-11|2025-12-12,2025-12-13 12:00,2025-12-13 12:00,9.094947017729282e-13,1.1368683772161603e-13,0,True,Optimization terminated successfully. (HiGHS Status 7: Optimal),643,1.1368683772161603e-13
2025-12-13,18,0.038043290998757584,33748.65386174475,108,20,2810,2025-11-23|2025-11-24|2025-11-25|2025-11-26|2025-11-27|2025-11-28|2025-11-29|2025-11-30|2025-12-01|2025-12-02|2025-12-03|2025-12-04|2025-12-05|2025-12-06|2025-12-07|2025-12-08|2025-12-09|2025-12-10|2025-12-11|2025-12-12,2025-12-13 18:00,2025-12-13 18:00,7.958078640513122e-13,5.684341886080802e-14,0,True,Optimization terminated successfully. (HiGHS Status 7: Optimal),641,1.1368683772161603e-13
2025-12-14,0,0.05514729199967405,3227.032411336772,144,20,3746,2025-11-24|2025-11-25|2025-11-26|2025-11-27|2025-11-28|2025-11-29|2025-11-30|2025-12-01|2025-12-02|2025-12-03|2025-12-04|2025-12-05|2025-12-06|2025-12-07|2025-12-08|2025-12-09|2025-12-10|2025-12-11|2025-12-12|2025-12-13,2025-12-14 00:00,2025-12-14 00:00,9.094947017729282e-13,1.1368683772161603e-13,0,True,Optimization terminated successfully. (HiGHS Status 7: Optimal),789,1.1368683772161603e-13
2025-12-14,6,0.0496583339991048,6011.77409018741,108,20,2810,2025-11-24|2025-11-25|2025-11-26|2025-11-27|2025-11-28|2025-11-29|2025-11-30|2025-12-01|2025-12-02|2025-12-03|2025-12-04|2025-12-05|2025-12-06|2025-12-07|2025-12-08|2025-12-09|2025-12-10|2025-12-11|2025-12-12|2025-12-13,2025-12-14 06:00,2025-12-14 06:00,7.958078640513122e-13,2.2737367544323206e-13,0,True,Optimization terminated successfully. (HiGHS Status 7: Optimal),842,1.1368683772161603e-13
2025-12-14,12,0.04465529200024321,14870.204100332454,108,20,2810,2025-11-24|2025-11-25|2025-11-26|2025-11-27|2025-11-28|2025-11-29|2025-11-30|2025-12-01|2025-12-02|2025-12-03|2025-12-04|2025-12-05|2025-12-06|2025-12-07|2025-12-08|2025-12-09|2025-12-10|2025-12-11|2025-12-12|2025-12-13,2025-12-14 12:00,2025-12-14 12:00,9.094947017729282e-13,1.1368683772161603e-13,0,True,Optimization terminated successfully. (HiGHS Status 7: Optimal),779,0.0
2025-12-14,18,0.037967165999361896,37356.78807606077,108,20,2810,2025-11-24|2025-11-25|2025-11-26|2025-11-27|2025-11-28|2025-11-29|2025-11-30|2025-12-01|2025-12-02|2025-12-03|2025-12-04|2025-12-05|2025-12-06|2025-12-07|2025-12-08|2025-12-09|2025-12-10|2025-12-11|2025-12-12|2025-12-13,2025-12-14 18:00,2025-12-14 18:00,8.872902412804251e-13,7.958078640513122e-13,0,True,Optimization terminated successfully. (HiGHS Status 7: Optimal),678,7.958078640513122e-13
2025-12-15,0,0.051684166999621084,3092.662451038978,144,20,3746,2025-11-25|2025-11-26|2025-11-27|2025-11-28|2025-11-29|2025-11-30|2025-12-01|2025-12-02|2025-12-03|2025-12-04|2025-12-05|2025-12-06|2025-12-07|2025-12-08|2025-12-09|2025-12-10|2025-12-11|2025-12-12|2025-12-13|2025-12-14,2025-12-15 00:00,2025-12-15 00:00,9.094947017729282e-13,2.2737367544323206e-13,0,True,Optimization terminated successfully. (HiGHS Status 7: Optimal),796,2.2737367544323206e-13
2025-12-15,6,0.04632041699915135,7720.555876634986,108,20,2810,2025-11-25|2025-11-26|2025-11-27|2025-11-28|2025-11-29|2025-11-30|2025-12-01|2025-12-02|2025-12-03|2025-12-04|2025-12-05|2025-12-06|2025-12-07|2025-12-08|2025-12-09|2025-12-10|2025-12-11|2025-12-12|2025-12-13|2025-12-14,2025-12-15 06:00,2025-12-15 06:00,1.0231815394945443e-12,2.2737367544323206e-13,0,True,Optimization terminated successfully. (HiGHS Status 7: Optimal),861,2.2737367544323206e-13
2025-12-15,12,0.04261816600046586,13740.143014989724,108,20,2810,2025-11-25|2025-11-26|2025-11-27|2025-11-28|2025-11-29|2025-11-30|2025-12-01|2025-12-02|2025-12-03|2025-12-04|2025-12-05|2025-12-06|2025-12-07|2025-12-08|2025-12-09|2025-12-10|2025-12-11|2025-12-12|2025-12-13|2025-12-14,2025-12-15 12:00,2025-12-15 12:00,9.094947017729282e-13,2.2737367544323206e-13,0,True,Optimization terminated successfully. (HiGHS Status 7: Optimal),741,2.2737367544323206e-13
2025-12-15,18,0.03556208300142316,35640.50205085954,108,20,2810,2025-11-25|2025-11-26|2025-11-27|2025-11-28|2025-11-29|2025-11-30|2025-12-01|2025-12-02|2025-12-03|2025-12-04|2025-12-05|2025-12-06|2025-12-07|2025-12-08|2025-12-09|2025-12-10|2025-12-11|2025-12-12|2025-12-13|2025-12-14,2025-12-15 18:00,2025-12-15 18:00,9.094947017729282e-13,2.2737367544323206e-13,0,True,Optimization terminated successfully. (HiGHS Status 7: Optimal),658,2.2737367544323206e-13
2025-12-16,0,0.05189929200059851,2900.276863851857,144,20,3746,2025-11-26|2025-11-27|2025-11-28|2025-11-29|2025-11-30|2025-12-01|2025-12-02|2025-12-03|2025-12-04|2025-12-05|2025-12-06|2025-12-07|2025-12-08|2025-12-09|2025-12-10|2025-12-11|2025-12-12|2025-12-13|2025-12-14|2025-12-15,2025-12-16 00:00,2025-12-16 00:00,7.958078640513122e-13,2.2737367544323206e-13,0,True,Optimization terminated successfully. (HiGHS Status 7: Optimal),765,2.2737367544323206e-13
2025-12-16,6,0.0357092919985007,351.13712523743783,108,20,2810,2025-11-26|2025-11-27|2025-11-28|2025-11-29|2025-11-30|2025-12-01|2025-12-02|2025-12-03|2025-12-04|2025-12-05|2025-12-06|2025-12-07|2025-12-08|2025-12-09|2025-12-10|2025-12-11|2025-12-12|2025-12-13|2025-12-14|2025-12-15,2025-12-16 06:00,2025-12-16 06:00,1.0231815394945443e-12,2.2737367544323206e-13,0,True,Optimization terminated successfully. (HiGHS Status 7: Optimal),671,2.2737367544323206e-13
2025-12-16,12,0.03579020800134458,12079.877504348251,108,20,2810,2025-11-26|2025-11-27|2025-11-28|2025-11-29|2025-11-30|2025-12-01|2025-12-02|2025-12-03|2025-12-04|2025-12-05|2025-12-06|2025-12-07|2025-12-08|2025-12-09|2025-12-10|2025-12-11|2025-12-12|2025-12-13|2025-12-14|2025-12-15,2025-12-16 12:00,2025-12-16 12:00,7.958078640513122e-13,2.2737367544323206e-13,0,True,Optimization terminated successfully. (HiGHS Status 7: Optimal),667,2.2737367544323206e-13
2025-12-16,18,0.03748720899966429,38521.68579000553,108,20,2810,2025-11-26|2025-11-27|2025-11-28|2025-11-29|2025-11-30|2025-12-01|2025-12-02|2025-12-03|2025-12-04|2025-12-05|2025-12-06|2025-12-07|2025-12-08|2025-12-09|2025-12-10|2025-12-11|2025-12-12|2025-12-13|2025-12-14|2025-12-15,2025-12-16 18:00,2025-12-16 18:00,9.094947017729282e-13,2.2737367544323206e-13,0,True,Optimization terminated successfully. (HiGHS Status 7: Optimal),654,2.2737367544323206e-13
2025-12-17,0,0.05516054200052167,2858.8070964927583,144,20,3746,2025-11-27|2025-11-28|2025-11-29|2025-11-30|2025-12-01|2025-12-02|2025-12-03|2025-12-04|2025-12-05|2025-12-06|2025-12-07|2025-12-08|2025-12-09|2025-12-10|2025-12-11|2025-12-12|2025-12-13|2025-12-14|2025-12-15|2025-12-16,2025-12-17 00:00,2025-12-17 00:00,9.094947017729282e-13,2.2737367544323206e-13,0,True,Optimization terminated successfully. (HiGHS Status 7: Optimal),797,3.410605131648481e-13
2025-12-17,6,0.03810558300028788,-1088.6774064468127,108,20,2810,2025-11-27|2025-11-28|2025-11-29|2025-11-30|2025-12-01|2025-12-02|2025-12-03|2025-12-04|2025-12-05|2025-12-06|2025-12-07|2025-12-08|2025-12-09|2025-12-10|2025-12-11|2025-12-12|2025-12-13|2025-12-14|2025-12-15|2025-12-16,2025-12-17 06:00,2025-12-17 06:00,7.958078640513122e-13,2.2737367544323206e-13,0,True,Optimization terminated successfully. (HiGHS Status 7: Optimal),635,3.410605131648481e-13
2025-12-17,12,0.04049466700053017,12390.889011433734,108,20,2810,2025-11-27|2025-11-28|2025-11-29|2025-11-30|2025-12-01|2025-12-02|2025-12-03|2025-12-04|2025-12-05|2025-12-06|2025-12-07|2025-12-08|2025-12-09|2025-12-10|2025-12-11|2025-12-12|2025-12-13|2025-12-14|2025-12-15|2025-12-16,2025-12-17 12:00,2025-12-17 12:00,9.094947017729282e-13,2.2737367544323206e-13,0,True,Optimization terminated successfully. (HiGHS Status 7: Optimal),666,3.410605131648481e-13
2025-12-17,18,0.037448459001097945,33985.51505785309,108,20,2810,2025-11-27|2025-11-28|2025-11-29|2025-11-30|2025-12-01|2025-12-02|2025-12-03|2025-12-04|2025-12-05|2025-12-06|2025-12-07|2025-12-08|2025-12-09|2025-12-10|2025-12-11|2025-12-12|2025-12-13|2025-12-14|2025-12-15|2025-12-16,2025-12-17 18:00,2025-12-17 18:00,7.958078640513122e-13,2.2737367544323206e-13,0,True,Optimization terminated successfully. (HiGHS Status 7: Optimal),658,3.410605131648481e-13
2025-12-18,0,0.05445595799938019,2835.7152364206086,144,20,3746,2025-11-28|2025-11-29|2025-11-30|2025-12-01|2025-12-02|2025-12-03|2025-12-04|2025-12-05|2025-12-06|2025-12-07|2025-12-08|2025-12-09|2025-12-10|2025-12-11|2025-12-12|2025-12-13|2025-12-14|2025-12-15|2025-12-16|2025-12-17,2025-12-18 00:00,2025-12-18 00:00,9.094947017729282e-13,2.2737367544323206e-13,0,True,Optimization terminated successfully. (HiGHS Status 7: Optimal),783,2.2737367544323206e-13
2025-12-18,6,0.04830045899871038,3059.2086841011537,108,20,2810,2025-11-28|2025-11-29|2025-11-30|2025-12-01|2025-12-02|2025-12-03|2025-12-04|2025-12-05|2025-12-06|2025-12-07|2025-12-08|2025-12-09|2025-12-10|2025-12-11|2025-12-12|2025-12-13|2025-12-14|2025-12-15|2025-12-16|2025-12-17,2025-12-18 06:00,2025-12-18 06:00,9.094947017729282e-13,2.2737367544323206e-13,0,True,Optimization terminated successfully. (HiGHS Status 7: Optimal),816,2.2737367544323206e-13
2025-12-18,12,0.037274583999533206,8078.301303265685,108,20,2810,2025-11-28|2025-11-29|2025-11-30|2025-12-01|2025-12-02|2025-12-03|2025-12-04|2025-12-05|2025-12-06|2025-12-07|2025-12-08|2025-12-09|2025-12-10|2025-12-11|2025-12-12|2025-12-13|2025-12-14|2025-12-15|2025-12-16|2025-12-17,2025-12-18 12:00,2025-12-18 12:00,9.094947017729282e-13,2.2737367544323206e-13,0,True,Optimization terminated successfully. (HiGHS Status 7: Optimal),668,2.2737367544323206e-13
2025-12-18,18,0.041139332999591716,14652.486819865395,108,20,2810,2025-11-28|2025-11-29|2025-11-30|2025-12-01|2025-12-02|2025-12-03|2025-12-04|2025-12-05|2025-12-06|2025-12-07|2025-12-08|2025-12-09|2025-12-10|2025-12-11|2025-12-12|2025-12-13|2025-12-14|2025-12-15|2025-12-16|2025-12-17,2025-12-18 18:00,2025-12-18 18:00,9.094947017729282e-13,2.2737367544323206e-13,0,True,Optimization terminated successfully. (HiGHS Status 7: Optimal),648,2.2737367544323206e-13
2025-12-19,0,0.053845083000851446,1818.9670878843783,144,20,3746,2025-11-29|2025-11-30|2025-12-01|2025-12-02|2025-12-03|2025-12-04|2025-12-05|2025-12-06|2025-12-07|2025-12-08|2025-12-09|2025-12-10|2025-12-11|2025-12-12|2025-12-13|2025-12-14|2025-12-15|2025-12-16|2025-12-17|2025-12-18,2025-12-19 00:00,2025-12-19 00:00,9.094947017729282e-13,5.684341886080802e-14,0,True,Optimization terminated successfully. (HiGHS Status 7: Optimal),750,4.263256414560601e-13
2025-12-19,6,0.05121049999979732,2372.3091005435804,108,20,2810,2025-11-29|2025-11-30|2025-12-01|2025-12-02|2025-12-03|2025-12-04|2025-12-05|2025-12-06|2025-12-07|2025-12-08|2025-12-09|2025-12-10|2025-12-11|2025-12-12|2025-12-13|2025-12-14|2025-12-15|2025-12-16|2025-12-17|2025-12-18,2025-12-19 06:00,2025-12-19 06:00,9.094947017729282e-13,1.1368683772161603e-13,0,True,Optimization terminated successfully. (HiGHS Status 7: Optimal),693,1.7053025658242404e-13
2025-12-19,12,0.037811541000337456,7955.84350577436,108,20,2810,2025-11-29|2025-11-30|2025-12-01|2025-12-02|2025-12-03|2025-12-04|2025-12-05|2025-12-06|2025-12-07|2025-12-08|2025-12-09|2025-12-10|2025-12-11|2025-12-12|2025-12-13|2025-12-14|2025-12-15|2025-12-16|2025-12-17|2025-12-18,2025-12-19 12:00,2025-12-19 12:00,8.100187187665142e-13,1.7053025658242404e-13,0,True,Optimization terminated successfully. (HiGHS Status 7: Optimal),615,1.7053025658242404e-13
2025-12-19,18,0.04373620800106437,14068.758608334649,108,20,2810,2025-11-29|2025-11-30|2025-12-01|2025-12-02|2025-12-03|2025-12-04|2025-12-05|2025-12-06|2025-12-07|2025-12-08|2025-12-09|2025-12-10|2025-12-11|2025-12-12|2025-12-13|2025-12-14|2025-12-15|2025-12-16|2025-12-17|2025-12-18,2025-12-19 18:00,2025-12-19 18:00,6.821210263296962e-13,5.684341886080802e-14,0,True,Optimization terminated successfully. (HiGHS Status 7: Optimal),649,1.7053025658242404e-13
2025-12-20,0,0.051788124999802676,1807.471793629515,144,20,3746,2025-11-30|2025-12-01|2025-12-02|2025-12-03|2025-12-04|2025-12-05|2025-12-06|2025-12-07|2025-12-08|2025-12-09|2025-12-10|2025-12-11|2025-12-12|2025-12-13|2025-12-14|2025-12-15|2025-12-16|2025-12-17|2025-12-18|2025-12-19,2025-12-20 00:00,2025-12-20 00:00,7.958078640513122e-13,5.684341886080802e-14,0,True,Optimization terminated successfully. (HiGHS Status 7: Optimal),746,1.1368683772161603e-13
2025-12-20,6,0.0379824589999771,52.86309026664206,108,20,2810,2025-11-30|2025-12-01|2025-12-02|2025-12-03|2025-12-04|2025-12-05|2025-12-06|2025-12-07|2025-12-08|2025-12-09|2025-12-10|2025-12-11|2025-12-12|2025-12-13|2025-12-14|2025-12-15|2025-12-16|2025-12-17|2025-12-18|2025-12-19,2025-12-20 06:00,2025-12-20 06:00,9.094947017729282e-13,1.1368683772161603e-13,0,True,Optimization terminated successfully. (HiGHS Status 7: Optimal),518,1.1368683772161603e-13
2025-12-20,12,0.041631916999904206,12399.36355923102,108,20,2810,2025-11-30|2025-12-01|2025-12-02|2025-12-03|2025-12-04|2025-12-05|2025-12-06|2025-12-07|2025-12-08|2025-12-09|2025-12-10|2025-12-11|2025-12-12|2025-12-13|2025-12-14|2025-12-15|2025-12-16|2025-12-17|2025-12-18|2025-12-19,2025-12-20 12:00,2025-12-20 12:00,9.094947017729282e-13,5.684341886080802e-14,0,True,Optimization terminated successfully. (HiGHS Status 7: Optimal),618,1.1368683772161603e-13
2025-12-20,18,0.04101604099923861,39215.28404589172,108,20,2810,2025-11-30|2025-12-01|2025-12-02|2025-12-03|2025-12-04|2025-12-05|2025-12-06|2025-12-07|2025-12-08|2025-12-09|2025-12-10|2025-12-11|2025-12-12|2025-12-13|2025-12-14|2025-12-15|2025-12-16|2025-12-17|2025-12-18|2025-12-19,2025-12-20 18:00,2025-12-20 18:00,9.094947017729282e-13,5.684341886080802e-14,0,True,Optimization terminated successfully. (HiGHS Status 7: Optimal),647,1.1368683772161603e-13
2025-12-21,0,0.0502520000009099,2743.571615569199,144,20,3746,2025-12-01|2025-12-02|2025-12-03|2025-12-04|2025-12-05|2025-12-06|2025-12-07|2025-12-08|2025-12-09|2025-12-10|2025-12-11|2025-12-12|2025-12-13|2025-12-14|2025-12-15|2025-12-16|2025-12-17|2025-12-18|2025-12-19|2025-12-20,2025-12-21 00:00,2025-12-21 00:00,7.958078640513122e-13,2.2737367544323206e-13,0,True,Optimization terminated successfully. (HiGHS Status 7: Optimal),770,3.410605131648481e-13
2025-12-21,6,0.03699804200005019,218.20347238900408,108,20,2810,2025-12-01|2025-12-02|2025-12-03|2025-12-04|2025-12-05|2025-12-06|2025-12-07|2025-12-08|2025-12-09|2025-12-10|2025-12-11|2025-12-12|2025-12-13|2025-12-14|2025-12-15|2025-12-16|2025-12-17|2025-12-18|2025-12-19|2025-12-20,2025-12-21 06:00,2025-12-21 06:00,9.094947017729282e-13,2.2737367544323206e-13,0,True,Optimization terminated successfully. (HiGHS Status 7: Optimal),643,2.2737367544323206e-13
2025-12-21,12,0.04014245799953642,13896.952588344748,108,20,2810,2025-12-01|2025-12-02|2025-12-03|2025-12-04|2025-12-05|2025-12-06|2025-12-07|2025-12-08|2025-12-09|2025-12-10|2025-12-11|2025-12-12|2025-12-13|2025-12-14|2025-12-15|2025-12-16|2025-12-17|2025-12-18|2025-12-19|2025-12-20,2025-12-21 12:00,2025-12-21 12:00,7.847056338050606e-13,2.2737367544323206e-13,0,True,Optimization terminated successfully. (HiGHS Status 7: Optimal),679,2.2737367544323206e-13
2025-12-21,18,0.040636166000695084,40782.52085552457,108,20,2810,2025-12-01|2025-12-02|2025-12-03|2025-12-04|2025-12-05|2025-12-06|2025-12-07|2025-12-08|2025-12-09|2025-12-10|2025-12-11|2025-12-12|2025-12-13|2025-12-14|2025-12-15|2025-12-16|2025-12-17|2025-12-18|2025-12-19|2025-12-20,2025-12-21 18:00,2025-12-21 18:00,7.958078640513122e-13,0.0,0,True,Optimization terminated successfully. (HiGHS Status 7: Optimal),657,1.1368683772161603e-13
2025-12-22,0,0.052042416000404046,2797.7029843631676,144,20,3746,2025-12-02|2025-12-03|2025-12-04|2025-12-05|2025-12-06|2025-12-07|2025-12-08|2025-12-09|2025-12-10|2025-12-11|2025-12-12|2025-12-13|2025-12-14|2025-12-15|2025-12-16|2025-12-17|2025-12-18|2025-12-19|2025-12-20|2025-12-21,2025-12-22 00:00,2025-12-22 00:00,7.958078640513122e-13,2.2737367544323206e-13,0,True,Optimization terminated successfully. (HiGHS Status 7: Optimal),761,2.2737367544323206e-13
2025-12-22,6,0.03768804100036505,1063.3079981633725,108,20,2810,2025-12-02|2025-12-03|2025-12-04|2025-12-05|2025-12-06|2025-12-07|2025-12-08|2025-12-09|2025-12-10|2025-12-11|2025-12-12|2025-12-13|2025-12-14|2025-12-15|2025-12-16|2025-12-17|2025-12-18|2025-12-19|2025-12-20|2025-12-21,2025-12-22 06:00,2025-12-22 06:00,1.0231815394945443e-12,2.2737367544323206e-13,0,True,Optimization terminated successfully. (HiGHS Status 7: Optimal),658,2.2737367544323206e-13
2025-12-22,12,0.038975125000433763,13548.661318099348,108,20,2810,2025-12-02|2025-12-03|2025-12-04|2025-12-05|2025-12-06|2025-12-07|2025-12-08|2025-12-09|2025-12-10|2025-12-11|2025-12-12|2025-12-13|2025-12-14|2025-12-15|2025-12-16|2025-12-17|2025-12-18|2025-12-19|2025-12-20|2025-12-21,2025-12-22 12:00,2025-12-22 12:00,7.958078640513122e-13,2.2737367544323206e-13,0,True,Optimization terminated successfully. (HiGHS Status 7: Optimal),680,2.2737367544323206e-13
2025-12-22,18,0.03907170800084714,41716.906189384645,108,20,2810,2025-12-02|2025-12-03|2025-12-04|2025-12-05|2025-12-06|2025-12-07|2025-12-08|2025-12-09|2025-12-10|2025-12-11|2025-12-12|2025-12-13|2025-12-14|2025-12-15|2025-12-16|2025-12-17|2025-12-18|2025-12-19|2025-12-20|2025-12-21,2025-12-22 18:00,2025-12-22 18:00,7.958078640513122e-13,1.1368683772161603e-13,0,True,Optimization terminated successfully. (HiGHS Status 7: Optimal),660,1.1368683772161603e-13
2025-12-23,0,0.05239029199947254,2811.1055893859993,144,20,3746,2025-12-03|2025-12-04|2025-12-05|2025-12-06|2025-12-07|2025-12-08|2025-12-09|2025-12-10|2025-12-11|2025-12-12|2025-12-13|2025-12-14|2025-12-15|2025-12-16|2025-12-17|2025-12-18|2025-12-19|2025-12-20|2025-12-21|2025-12-22,2025-12-23 00:00,2025-12-23 00:00,8.526512829121202e-13,4.547473508864641e-13,0,True,Optimization terminated successfully. (HiGHS Status 7: Optimal),766,4.547473508864641e-13
2025-12-23,6,0.037027584001407376,-546.6650215678973,108,20,2810,2025-12-03|2025-12-04|2025-12-05|2025-12-06|2025-12-07|2025-12-08|2025-12-09|2025-12-10|2025-12-11|2025-12-12|2025-12-13|2025-12-14|2025-12-15|2025-12-16|2025-12-17|2025-12-18|2025-12-19|2025-12-20|2025-12-21|2025-12-22,2025-12-23 06:00,2025-12-23 06:00,9.094947017729282e-13,2.2737367544323206e-13,0,True,Optimization terminated successfully. (HiGHS Status 7: Optimal),654,1.1368683772161603e-13
2025-12-23,12,0.03680954099945666,13030.106779724498,108,20,2810,2025-12-03|2025-12-04|2025-12-05|2025-12-06|2025-12-07|2025-12-08|2025-12-09|2025-12-10|2025-12-11|2025-12-12|2025-12-13|2025-12-14|2025-12-15|2025-12-16|2025-12-17|2025-12-18|2025-12-19|2025-12-20|2025-12-21|2025-12-22,2025-12-23 12:00,2025-12-23 12:00,1.0231815394945443e-12,1.1368683772161603e-13,0,True,Optimization terminated successfully. (HiGHS Status 7: Optimal),658,1.1368683772161603e-13
2025-12-23,18,0.038592750001043896,35786.84676136693,108,20,2810,2025-12-03|2025-12-04|2025-12-05|2025-12-06|2025-12-07|2025-12-08|2025-12-09|2025-12-10|2025-12-11|2025-12-12|2025-12-13|2025-12-14|2025-12-15|2025-12-16|2025-12-17|2025-12-18|2025-12-19|2025-12-20|2025-12-21|2025-12-22,2025-12-23 18:00,2025-12-23 18:00,7.958078640513122e-13,1.1368683772161603e-13,0,True,Optimization terminated successfully. (HiGHS Status 7: Optimal),655,1.1368683772161603e-13
2025-12-24,0,0.049484666998978355,2820.2996628343576,144,20,3746,2025-12-04|2025-12-05|2025-12-06|2025-12-07|2025-12-08|2025-12-09|2025-12-10|2025-12-11|2025-12-12|2025-12-13|2025-12-14|2025-12-15|2025-12-16|2025-12-17|2025-12-18|2025-12-19|2025-12-20|2025-12-21|2025-12-22|2025-12-23,2025-12-24 00:00,2025-12-24 00:00,7.958078640513122e-13,1.1368683772161603e-13,0,True,Optimization terminated successfully. (HiGHS Status 7: Optimal),777,1.1368683772161603e-13
2025-12-24,6,0.041414875000555185,1416.4369744460619,108,20,2810,2025-12-04|2025-12-05|2025-12-06|2025-12-07|2025-12-08|2025-12-09|2025-12-10|2025-12-11|2025-12-12|2025-12-13|2025-12-14|2025-12-15|2025-12-16|2025-12-17|2025-12-18|2025-12-19|2025-12-20|2025-12-21|2025-12-22|2025-12-23,2025-12-24 06:00,2025-12-24 06:00,9.094947017729282e-13,2.2737367544323206e-13,0,True,Optimization terminated successfully. (HiGHS Status 7: Optimal),681,1.1368683772161603e-13
2025-12-24,12,0.03766070900019258,12928.453766435228,108,20,2810,2025-12-04|2025-12-05|2025-12-06|2025-12-07|2025-12-08|2025-12-09|2025-12-10|2025-12-11|2025-12-12|2025-12-13|2025-12-14|2025-12-15|2025-12-16|2025-12-17|2025-12-18|2025-12-19|2025-12-20|2025-12-21|2025-12-22|2025-12-23,2025-12-24 12:00,2025-12-24 12:00,9.094947017729282e-13,2.2737367544323206e-13,0,True,Optimization terminated successfully. (HiGHS Status 7: Optimal),672,1.1368683772161603e-13
2025-12-24,18,0.03816916699906869,36915.79463903462,108,20,2810,2025-12-04|2025-12-05|2025-12-06|2025-12-07|2025-12-08|2025-12-09|2025-12-10|2025-12-11|2025-12-12|2025-12-13|2025-12-14|2025-12-15|2025-12-16|2025-12-17|2025-12-18|2025-12-19|2025-12-20|2025-12-21|2025-12-22|2025-12-23,2025-12-24 18:00,2025-12-24 18:00,9.094947017729282e-13,1.1368683772161603e-13,0,True,Optimization terminated successfully. (HiGHS Status 7: Optimal),661,1.1368683772161603e-13
2025-12-25,0,0.04766120800013596,2805.908593056466,144,20,3746,2025-12-05|2025-12-06|2025-12-07|2025-12-08|2025-12-09|2025-12-10|2025-12-11|2025-12-12|2025-12-13|2025-12-14|2025-12-15|2025-12-16|2025-12-17|2025-12-18|2025-12-19|2025-12-20|2025-12-21|2025-12-22|2025-12-23|2025-12-24,2025-12-25 00:00,2025-12-25 00:00,9.094947017729282e-13,1.7621459846850485e-12,0,True,Optimization terminated successfully. (HiGHS Status 7: Optimal),784,1.7621459846850485e-12
2025-12-25,6,0.04366599999957543,1771.7668851280785,108,20,2810,2025-12-05|2025-12-06|2025-12-07|2025-12-08|2025-12-09|2025-12-10|2025-12-11|2025-12-12|2025-12-13|2025-12-14|2025-12-15|2025-12-16|2025-12-17|2025-12-18|2025-12-19|2025-12-20|2025-12-21|2025-12-22|2025-12-23|2025-12-24,2025-12-25 06:00,2025-12-25 06:00,7.958078640513122e-13,2.2737367544323206e-13,0,True,Optimization terminated successfully. (HiGHS Status 7: Optimal),724,1.1368683772161603e-13
2025-12-25,12,0.045146332999138394,10277.285827654938,108,20,2810,2025-12-05|2025-12-06|2025-12-07|2025-12-08|2025-12-09|2025-12-10|2025-12-11|2025-12-12|2025-12-13|2025-12-14|2025-12-15|2025-12-16|2025-12-17|2025-12-18|2025-12-19|2025-12-20|2025-12-21|2025-12-22|2025-12-23|2025-12-24,2025-12-25 12:00,2025-12-25 12:00,9.094947017729282e-13,1.1368683772161603e-13,0,True,Optimization terminated successfully. (HiGHS Status 7: Optimal),788,0.0
2025-12-25,18,0.03867987499870651,13673.279264854165,108,20,2810,2025-12-05|2025-12-06|2025-12-07|2025-12-08|2025-12-09|2025-12-10|2025-12-11|2025-12-12|2025-12-13|2025-12-14|2025-12-15|2025-12-16|2025-12-17|2025-12-18|2025-12-19|2025-12-20|2025-12-21|2025-12-22|2025-12-23|2025-12-24,2025-12-25 18:00,2025-12-25 18:00,7.958078640513122e-13,1.1368683772161603e-13,0,True,Optimization terminated successfully. (HiGHS Status 7: Optimal),647,1.1368683772161603e-13
2025-12-26,0,0.052713416998813045,1645.5768216533586,144,20,3746,2025-12-06|2025-12-07|2025-12-08|2025-12-09|2025-12-10|2025-12-11|2025-12-12|2025-12-13|2025-12-14|2025-12-15|2025-12-16|2025-12-17|2025-12-18|2025-12-19|2025-12-20|2025-12-21|2025-12-22|2025-12-23|2025-12-24|2025-12-25,2025-12-26 00:00,2025-12-26 00:00,9.023892744153272e-13,1.3642420526593924e-12,0,True,Optimization terminated successfully. (HiGHS Status 7: Optimal),768,1.3642420526593924e-12
2025-12-26,6,0.042340915999375284,1708.5121046977906,108,20,2810,2025-12-06|2025-12-07|2025-12-08|2025-12-09|2025-12-10|2025-12-11|2025-12-12|2025-12-13|2025-12-14|2025-12-15|2025-12-16|2025-12-17|2025-12-18|2025-12-19|2025-12-20|2025-12-21|2025-12-22|2025-12-23|2025-12-24|2025-12-25,2025-12-26 06:00,2025-12-26 06:00,7.958078640513122e-13,4.547473508864641e-13,0,True,Optimization terminated successfully. (HiGHS Status 7: Optimal),625,4.547473508864641e-13
2025-12-26,12,0.037801333999595954,8166.206965439881,108,20,2810,2025-12-06|2025-12-07|2025-12-08|2025-12-09|2025-12-10|2025-12-11|2025-12-12|2025-12-13|2025-12-14|2025-12-15|2025-12-16|2025-12-17|2025-12-18|2025-12-19|2025-12-20|2025-12-21|2025-12-22|2025-12-23|2025-12-24|2025-12-25,2025-12-26 12:00,2025-12-26 12:00,8.668621376273222e-13,4.547473508864641e-13,0,True,Optimization terminated successfully. (HiGHS Status 7: Optimal),632,4.547473508864641e-13
2025-12-26,18,0.04005962500013993,13905.67515508973,108,20,2810,2025-12-06|2025-12-07|2025-12-08|2025-12-09|2025-12-10|2025-12-11|2025-12-12|2025-12-13|2025-12-14|2025-12-15|2025-12-16|2025-12-17|2025-12-18|2025-12-19|2025-12-20|2025-12-21|2025-12-22|2025-12-23|2025-12-24|2025-12-25,2025-12-26 18:00,2025-12-26 18:00,5.684341886080801e-13,4.547473508864641e-13,0,True,Optimization terminated successfully. (HiGHS Status 7: Optimal),646,4.547473508864641e-13
2025-12-27,0,0.05620320800153422,1761.8068326100383,144,20,3746,2025-12-07|2025-12-08|2025-12-09|2025-12-10|2025-12-11|2025-12-12|2025-12-13|2025-12-14|2025-12-15|2025-12-16|2025-12-17|2025-12-18|2025-12-19|2025-12-20|2025-12-21|2025-12-22|2025-12-23|2025-12-24|2025-12-25|2025-12-26,2025-12-27 00:00,2025-12-27 00:00,9.094947017729282e-13,3.126388037344441e-13,0,True,Optimization terminated successfully. (HiGHS Status 7: Optimal),783,3.126388037344441e-13
2025-12-27,6,0.04268279200005054,1384.2815111770738,108,20,2810,2025-12-07|2025-12-08|2025-12-09|2025-12-10|2025-12-11|2025-12-12|2025-12-13|2025-12-14|2025-12-15|2025-12-16|2025-12-17|2025-12-18|2025-12-19|2025-12-20|2025-12-21|2025-12-22|2025-12-23|2025-12-24|2025-12-25|2025-12-26,2025-12-27 06:00,2025-12-27 06:00,9.094947017729282e-13,2.2737367544323206e-13,0,True,Optimization terminated successfully. (HiGHS Status 7: Optimal),636,1.7053025658242404e-13
2025-12-27,12,0.04158004100099788,12403.302506246742,108,20,2810,2025-12-07|2025-12-08|2025-12-09|2025-12-10|2025-12-11|2025-12-12|2025-12-13|2025-12-14|2025-12-15|2025-12-16|2025-12-17|2025-12-18|2025-12-19|2025-12-20|2025-12-21|2025-12-22|2025-12-23|2025-12-24|2025-12-25|2025-12-26,2025-12-27 12:00,2025-12-27 12:00,9.094947017729282e-13,2.2737367544323206e-13,0,True,Optimization terminated successfully. (HiGHS Status 7: Optimal),619,2.8421709430404007e-13
2025-12-27,18,0.04241612499936309,33127.99844619303,108,20,2810,2025-12-07|2025-12-08|2025-12-09|2025-12-10|2025-12-11|2025-12-12|2025-12-13|2025-12-14|2025-12-15|2025-12-16|2025-12-17|2025-12-18|2025-12-19|2025-12-20|2025-12-21|2025-12-22|2025-12-23|2025-12-24|2025-12-25|2025-12-26,2025-12-27 18:00,2025-12-27 18:00,9.094947017729282e-13,2.2737367544323206e-13,0,True,Optimization terminated successfully. (HiGHS Status 7: Optimal),642,2.8421709430404007e-13
2025-12-28,0,0.051182832999984385,2761.473183733278,144,20,3746,2025-12-08|2025-12-09|2025-12-10|2025-12-11|2025-12-12|2025-12-13|2025-12-14|2025-12-15|2025-12-16|2025-12-17|2025-12-18|2025-12-19|2025-12-20|2025-12-21|2025-12-22|2025-12-23|2025-12-24|2025-12-25|2025-12-26|2025-12-27,2025-12-28 00:00,2025-12-28 00:00,9.094947017729282e-13,2.2737367544323206e-13,0,True,Optimization terminated successfully. (HiGHS Status 7: Optimal),766,1.1368683772161603e-13
2025-12-28,6,0.039438375000827364,804.3871700891617,108,20,2810,2025-12-08|2025-12-09|2025-12-10|2025-12-11|2025-12-12|2025-12-13|2025-12-14|2025-12-15|2025-12-16|2025-12-17|2025-12-18|2025-12-19|2025-12-20|2025-12-21|2025-12-22|2025-12-23|2025-12-24|2025-12-25|2025-12-26|2025-12-27,2025-12-28 06:00,2025-12-28 06:00,9.094947017729282e-13,1.1368683772161603e-13,0,True,Optimization terminated successfully. (HiGHS Status 7: Optimal),672,1.1368683772161603e-13
2025-12-28,12,0.04043766700124252,13025.102999641773,108,20,2810,2025-12-08|2025-12-09|2025-12-10|2025-12-11|2025-12-12|2025-12-13|2025-12-14|2025-12-15|2025-12-16|2025-12-17|2025-12-18|2025-12-19|2025-12-20|2025-12-21|2025-12-22|2025-12-23|2025-12-24|2025-12-25|2025-12-26|2025-12-27,2025-12-28 12:00,2025-12-28 12:00,9.094947017729282e-13,2.2737367544323206e-13,0,True,Optimization terminated successfully. (HiGHS Status 7: Optimal),657,1.1368683772161603e-13
2025-12-28,18,0.04083816699858289,37026.70850787845,108,20,2810,2025-12-08|2025-12-09|2025-12-10|2025-12-11|2025-12-12|2025-12-13|2025-12-14|2025-12-15|2025-12-16|2025-12-17|2025-12-18|2025-12-19|2025-12-20|2025-12-21|2025-12-22|2025-12-23|2025-12-24|2025-12-25|2025-12-26|2025-12-27,2025-12-28 18:00,2025-12-28 18:00,9.094947017729282e-13,2.2737367544323206e-13,0,True,Optimization terminated successfully. (HiGHS Status 7: Optimal),667,0.0
2025-12-29,0,0.05482970899902284,2780.13572096526,144,20,3746,2025-12-09|2025-12-10|2025-12-11|2025-12-12|2025-12-13|2025-12-14|2025-12-15|2025-12-16|2025-12-17|2025-12-18|2025-12-19|2025-12-20|2025-12-21|2025-12-22|2025-12-23|2025-12-24|2025-12-25|2025-12-26|2025-12-27|2025-12-28,2025-12-29 00:00,2025-12-29 00:00,9.094947017729282e-13,2.2737367544323206e-13,0,True,Optimization terminated successfully. (HiGHS Status 7: Optimal),791,2.2737367544323206e-13
2025-12-29,6,0.052171249999446445,3915.2409086499974,108,20,2810,2025-12-09|2025-12-10|2025-12-11|2025-12-12|2025-12-13|2025-12-14|2025-12-15|2025-12-16|2025-12-17|2025-12-18|2025-12-19|2025-12-20|2025-12-21|2025-12-22|2025-12-23|2025-12-24|2025-12-25|2025-12-26|2025-12-27|2025-12-28,2025-12-29 06:00,2025-12-29 06:00,8.86846152070575e-13,1.1368683772161603e-13,0,True,Optimization terminated successfully. (HiGHS Status 7: Optimal),837,1.1368683772161603e-13
2025-12-29,12,0.04742795799938904,14241.202159795852,108,20,2810,2025-12-09|2025-12-10|2025-12-11|2025-12-12|2025-12-13|2025-12-14|2025-12-15|2025-12-16|2025-12-17|2025-12-18|2025-12-19|2025-12-20|2025-12-21|2025-12-22|2025-12-23|2025-12-24|2025-12-25|2025-12-26|2025-12-27|2025-12-28,2025-12-29 12:00,2025-12-29 12:00,8.86846152070575e-13,1.1368683772161603e-13,0,True,Optimization terminated successfully. (HiGHS Status 7: Optimal),755,1.1368683772161603e-13
2025-12-29,18,0.04223383299904526,35718.530348715045,108,20,2810,2025-12-09|2025-12-10|2025-12-11|2025-12-12|2025-12-13|2025-12-14|2025-12-15|2025-12-16|2025-12-17|2025-12-18|2025-12-19|2025-12-20|2025-12-21|2025-12-22|2025-12-23|2025-12-24|2025-12-25|2025-12-26|2025-12-27|2025-12-28,2025-12-29 18:00,2025-12-29 18:00,9.094947017729282e-13,0.0,0,True,Optimization terminated successfully. (HiGHS Status 7: Optimal),679,1.1368683772161603e-13
2025-12-30,0,0.049320334001095034,2783.685200089667,144,20,3746,2025-12-10|2025-12-11|2025-12-12|2025-12-13|2025-12-14|2025-12-15|2025-12-16|2025-12-17|2025-12-18|2025-12-19|2025-12-20|2025-12-21|2025-12-22|2025-12-23|2025-12-24|2025-12-25|2025-12-26|2025-12-27|2025-12-28|2025-12-29,2025-12-30 00:00,2025-12-30 00:00,9.094947017729282e-13,3.979039320256561e-13,0,True,Optimization terminated successfully. (HiGHS Status 7: Optimal),770,4.547473508864641e-13
2025-12-30,6,0.045388500000626664,2059.470679541089,108,20,2810,2025-12-10|2025-12-11|2025-12-12|2025-12-13|2025-12-14|2025-12-15|2025-12-16|2025-12-17|2025-12-18|2025-12-19|2025-12-20|2025-12-21|2025-12-22|2025-12-23|2025-12-24|2025-12-25|2025-12-26|2025-12-27|2025-12-28|2025-12-29,2025-12-30 06:00,2025-12-30 06:00,9.094947017729282e-13,2.2737367544323206e-13,0,True,Optimization terminated successfully. (HiGHS Status 7: Optimal),797,2.2737367544323206e-13
2025-12-30,12,0.036264667000068584,12271.631668611733,108,20,2810,2025-12-10|2025-12-11|2025-12-12|2025-12-13|2025-12-14|2025-12-15|2025-12-16|2025-12-17|2025-12-18|2025-12-19|2025-12-20|2025-12-21|2025-12-22|2025-12-23|2025-12-24|2025-12-25|2025-12-26|2025-12-27|2025-12-28|2025-12-29,2025-12-30 12:00,2025-12-30 12:00,9.094947017729282e-13,2.2737367544323206e-13,0,True,Optimization terminated successfully. (HiGHS Status 7: Optimal),664,2.2737367544323206e-13
2025-12-30,18,0.03829475000020466,40411.04038795218,108,20,2810,2025-12-10|2025-12-11|2025-12-12|2025-12-13|2025-12-14|2025-12-15|2025-12-16|2025-12-17|2025-12-18|2025-12-19|2025-12-20|2025-12-21|2025-12-22|2025-12-23|2025-12-24|2025-12-25|2025-12-26|2025-12-27|2025-12-28|2025-12-29,2025-12-30 18:00,2025-12-30 18:00,7.958078640513122e-13,2.2737367544323206e-13,0,True,Optimization terminated successfully. (HiGHS Status 7: Optimal),662,2.2737367544323206e-13
2025-12-31,0,0.046900834000553004,2729.9457973155227,144,20,3746,2025-12-11|2025-12-12|2025-12-13|2025-12-14|2025-12-15|2025-12-16|2025-12-17|2025-12-18|2025-12-19|2025-12-20|2025-12-21|2025-12-22|2025-12-23|2025-12-24|2025-12-25|2025-12-26|2025-12-27|2025-12-28|2025-12-29|2025-12-30,2025-12-31 00:00,2025-12-31 00:00,7.958078640513122e-13,2.2737367544323206e-13,0,True,Optimization terminated successfully. (HiGHS Status 7: Optimal),749,3.410605131648481e-13
2025-12-31,6,0.04107158400074695,748.3261325163467,108,20,2810,2025-12-11|2025-12-12|2025-12-13|2025-12-14|2025-12-15|2025-12-16|2025-12-17|2025-12-18|2025-12-19|2025-12-20|2025-12-21|2025-12-22|2025-12-23|2025-12-24|2025-12-25|2025-12-26|2025-12-27|2025-12-28|2025-12-29|2025-12-30,2025-12-31 06:00,2025-12-31 06:00,9.094947017729282e-13,2.2737367544323206e-13,0,True,Optimization terminated successfully. (HiGHS Status 7: Optimal),660,1.1368683772161603e-13
2025-12-31,12,0.032589208998615504,598.4290486131737,72,20,1874,2025-12-11|2025-12-12|2025-12-13|2025-12-14|2025-12-15|2025-12-16|2025-12-17|2025-12-18|2025-12-19|2025-12-20|2025-12-21|2025-12-22|2025-12-23|2025-12-24|2025-12-25|2025-12-26|2025-12-27|2025-12-28|2025-12-29|2025-12-30,2025-12-31 12:00,2025-12-31 12:00,8.384404281969182e-13,1.1368683772161603e-13,0,True,Optimization terminated successfully. (HiGHS Status 7: Optimal),450,0.0
2025-12-31,18,0.019018208000488812,348.07116111440166,36,20,938,2025-12-11|2025-12-12|2025-12-13|2025-12-14|2025-12-15|2025-12-16|2025-12-17|2025-12-18|2025-12-19|2025-12-20|2025-12-21|2025-12-22|2025-12-23|2025-12-24|2025-12-25|2025-12-26|2025-12-27|2025-12-28|2025-12-29|2025-12-30,2025-12-31 18:00,2025-12-31 18:00,7.958078640513122e-13,2.0463630789890885e-12,0,True,Optimization terminated successfully. (HiGHS Status 7: Optimal),222,1.6370904631912707e-12
