date,issue_hour,seconds,objective,horizon_intervals,scenarios,variables,history_dates,latest_observation,decision_time,max_soc_residual,max_balance_residual,status,success,message,iterations,lp_residual
2025-02-01,0,0.09802524999940943,23076.497698532137,144,20,3746,2025-01-12|2025-01-13|2025-01-14|2025-01-15|2025-01-16|2025-01-17|2025-01-18|2025-01-19|2025-01-20|2025-01-21|2025-01-22|2025-01-23|2025-01-24|2025-01-25|2025-01-26|2025-01-27|2025-01-28|2025-01-29|2025-01-30|2025-01-31,2025-02-01 00:00,2025-02-01 00:00,8.526512829121202e-13,1.1368683772161603e-13,0,True,Optimization terminated successfully. (HiGHS Status 7: Optimal),758,0.0
2025-02-02,0,0.10801274999903399,72856.93917149781,144,20,3746,2025-01-13|2025-01-14|2025-01-15|2025-01-16|2025-01-17|2025-01-18|2025-01-19|2025-01-20|2025-01-21|2025-01-22|2025-01-23|2025-01-24|2025-01-25|2025-01-26|2025-01-27|2025-01-28|2025-01-29|2025-01-30|2025-01-31|2025-02-01,2025-02-02 00:00,2025-02-02 00:00,1.0231815394945443e-12,5.684341886080802e-14,0,True,Optimization terminated successfully. (HiGHS Status 7: Optimal),819,0.0
2025-02-03,0,0.13082166699859954,70146.69855615342,144,20,3746,2025-01-14|2025-01-15|2025-01-16|2025-01-17|2025-01-18|2025-01-19|2025-01-20|2025-01-21|2025-01-22|2025-01-23|2025-01-24|2025-01-25|2025-01-26|2025-01-27|2025-01-28|2025-01-29|2025-01-30|2025-01-31|2025-02-01|2025-02-02,2025-02-03 00:00,2025-02-03 00:00,7.958078640513122e-13,2.2737367544323206e-13,0,True,Optimization terminated successfully. (HiGHS Status 7: Optimal),824,0.0
2025-02-04,0,0.07988208300048427,69792.56680096072,144,20,3746,2025-01-15|2025-01-16|2025-01-17|2025-01-18|2025-01-19|2025-01-20|2025-01-21|2025-01-22|2025-01-23|2025-01-24|2025-01-25|2025-01-26|2025-01-27|2025-01-28|2025-01-29|2025-01-30|2025-01-31|2025-02-01|2025-02-02|2025-02-03,2025-02-04 00:00,2025-02-04 00:00,7.958078640513122e-13,0.0,0,True,Optimization terminated successfully. (HiGHS Status 7: Optimal),835,0.0
2025-02-05,0,0.07884341699900688,68888.98606412462,144,20,3746,2025-01-16|2025-01-17|2025-01-18|2025-01-19|2025-01-20|2025-01-21|2025-01-22|2025-01-23|2025-01-24|2025-01-25|2025-01-26|2025-01-27|2025-01-28|2025-01-29|2025-01-30|2025-01-31|2025-02-01|2025-02-02|2025-02-03|2025-02-04,2025-02-05 00:00,2025-02-05 00:00,7.958078640513122e-13,0.0,0,True,Optimization terminated successfully. (HiGHS Status 7: Optimal),829,0.0
2025-02-06,0,0.08155441700000665,69601.05205711322,144,20,3746,2025-01-17|2025-01-18|2025-01-19|2025-01-20|2025-01-21|2025-01-22|2025-01-23|2025-01-24|2025-01-25|2025-01-26|2025-01-27|2025-01-28|2025-01-29|2025-01-30|2025-01-31|2025-02-01|2025-02-02|2025-02-03|2025-02-04|2025-02-05,2025-02-06 00:00,2025-02-06 00:00,9.094947017729282e-13,1.1368683772161603e-13,0,True,Optimization terminated successfully. (HiGHS Status 7: Optimal),820,0.0
2025-02-07,0,0.0837672500001645,21027.93498438625,144,20,3746,2025-01-18|2025-01-19|2025-01-20|2025-01-21|2025-01-22|2025-01-23|2025-01-24|2025-01-25|2025-01-26|2025-01-27|2025-01-28|2025-01-29|2025-01-30|2025-01-31|2025-02-01|2025-02-02|2025-02-03|2025-02-04|2025-02-05|2025-02-06,2025-02-07 00:00,2025-02-07 00:00,9.094947017729282e-13,1.1368683772161603e-13,0,True,Optimization terminated successfully. (HiGHS Status 7: Optimal),728,0.0
2025-02-08,0,0.08759275000011257,19931.801464826985,144,20,3746,2025-01-19|2025-01-20|2025-01-21|2025-01-22|2025-01-23|2025-01-24|2025-01-25|2025-01-26|2025-01-27|2025-01-28|2025-01-29|2025-01-30|2025-01-31|2025-02-01|2025-02-02|2025-02-03|2025-02-04|2025-02-05|2025-02-06|2025-02-07,2025-02-08 00:00,2025-02-08 00:00,8.242295734817162e-13,1.1368683772161603e-13,0,True,Optimization terminated successfully. (HiGHS Status 7: Optimal),715,0.0
2025-02-09,0,0.08868133299984038,66127.49290362619,144,20,3746,2025-01-20|2025-01-21|2025-01-22|2025-01-23|2025-01-24|2025-01-25|2025-01-26|2025-01-27|2025-01-28|2025-01-29|2025-01-30|2025-01-31|2025-02-01|2025-02-02|2025-02-03|2025-02-04|2025-02-05|2025-02-06|2025-02-07|2025-02-08,2025-02-09 00:00,2025-02-09 00:00,9.094947017729282e-13,0.0,0,True,Optimization terminated successfully. (HiGHS Status 7: Optimal),827,0.0
2025-02-10,0,0.0921476250005071,64239.55650440561,144,20,3746,2025-01-21|2025-01-22|2025-01-23|2025-01-24|2025-01-25|2025-01-26|2025-01-27|2025-01-28|2025-01-29|2025-01-30|2025-01-31|2025-02-01|2025-02-02|2025-02-03|2025-02-04|2025-02-05|2025-02-06|2025-02-07|2025-02-08|2025-02-09,2025-02-10 00:00,2025-02-10 00:00,7.958078640513122e-13,2.2737367544323206e-13,0,True,Optimization terminated successfully. (HiGHS Status 7: Optimal),824,0.0
2025-02-11,0,0.08999724999921455,63793.265058885896,144,20,3746,2025-01-22|2025-01-23|2025-01-24|2025-01-25|2025-01-26|2025-01-27|2025-01-28|2025-01-29|2025-01-30|2025-01-31|2025-02-01|2025-02-02|2025-02-03|2025-02-04|2025-02-05|2025-02-06|2025-02-07|2025-02-08|2025-02-09|2025-02-10,2025-02-11 00:00,2025-02-11 00:00,9.094947017729282e-13,2.842170943040401e-14,0,True,Optimization terminated successfully. (HiGHS Status 7: Optimal),817,0.0
2025-02-12,0,0.09048504200109164,63469.58485425696,144,20,3746,2025-01-23|2025-01-24|2025-01-25|2025-01-26|2025-01-27|2025-01-28|2025-01-29|2025-01-30|2025-01-31|2025-02-01|2025-02-02|2025-02-03|2025-02-04|2025-02-05|2025-02-06|2025-02-07|2025-02-08|2025-02-09|2025-02-10|2025-02-11,2025-02-12 00:00,2025-02-12 00:00,9.094947017729282e-13,5.684341886080802e-14,0,True,Optimization terminated successfully. (HiGHS Status 7: Optimal),827,0.0
2025-02-13,0,0.0871347499996773,63399.598882365455,144,20,3746,2025-01-24|2025-01-25|2025-01-26|2025-01-27|2025-01-28|2025-01-29|2025-01-30|2025-01-31|2025-02-01|2025-02-02|2025-02-03|2025-02-04|2025-02-05|2025-02-06|2025-02-07|2025-02-08|2025-02-09|2025-02-10|2025-02-11|2025-02-12,2025-02-13 00:00,2025-02-13 00:00,7.958078640513122e-13,2.842170943040401e-14,0,True,Optimization terminated successfully. (HiGHS Status 7: Optimal),823,0.0
2025-02-14,0,0.08693291700001282,17857.903705850815,144,20,3746,2025-01-25|2025-01-26|2025-01-27|2025-01-28|2025-01-29|2025-01-30|2025-01-31|2025-02-01|2025-02-02|2025-02-03|2025-02-04|2025-02-05|2025-02-06|2025-02-07|2025-02-08|2025-02-09|2025-02-10|2025-02-11|2025-02-12|2025-02-13,2025-02-14 00:00,2025-02-14 00:00,9.094947017729282e-13,1.1368683772161603e-13,0,True,Optimization terminated successfully. (HiGHS Status 7: Optimal),703,0.0
2025-02-15,0,0.08684300000095391,16997.9469038762,144,20,3746,2025-01-26|2025-01-27|2025-01-28|2025-01-29|2025-01-30|2025-01-31|2025-02-01|2025-02-02|2025-02-03|2025-02-04|2025-02-05|2025-02-06|2025-02-07|2025-02-08|2025-02-09|2025-02-10|2025-02-11|2025-02-12|2025-02-13|2025-02-14,2025-02-15 00:00,2025-02-15 00:00,1.0231815394945443e-12,1.1368683772161603e-13,0,True,Optimization terminated successfully. (HiGHS Status 7: Optimal),705,0.0
2025-02-16,0,0.08913958300036029,59750.48251137543,144,20,3746,2025-01-27|2025-01-28|2025-01-29|2025-01-30|2025-01-31|2025-02-01|2025-02-02|2025-02-03|2025-02-04|2025-02-05|2025-02-06|2025-02-07|2025-02-08|2025-02-09|2025-02-10|2025-02-11|2025-02-12|2025-02-13|2025-02-14|2025-02-15,2025-02-16 00:00,2025-02-16 00:00,7.958078640513122e-13,2.842170943040401e-14,0,True,Optimization terminated successfully. (HiGHS Status 7: Optimal),840,0.0
2025-02-17,0,0.08662629200080119,57300.50892828574,144,20,3746,2025-01-28|2025-01-29|2025-01-30|2025-01-31|2025-02-01|2025-02-02|2025-02-03|2025-02-04|2025-02-05|2025-02-06|2025-02-07|2025-02-08|2025-02-09|2025-02-10|2025-02-11|2025-02-12|2025-02-13|2025-02-14|2025-02-15|2025-02-16,2025-02-17 00:00,2025-02-17 00:00,8.810729923425242e-13,1.1368683772161603e-13,0,True,Optimization terminated successfully. (HiGHS Status 7: Optimal),849,0.0
2025-02-18,0,0.09076241599905188,56528.80014615952,144,20,3746,2025-01-29|2025-01-30|2025-01-31|2025-02-01|2025-02-02|2025-02-03|2025-02-04|2025-02-05|2025-02-06|2025-02-07|2025-02-08|2025-02-09|2025-02-10|2025-02-11|2025-02-12|2025-02-13|2025-02-14|2025-02-15|2025-02-16|2025-02-17,2025-02-18 00:00,2025-02-18 00:00,1.0231815394945443e-12,2.2737367544323206e-13,0,True,Optimization terminated successfully. (HiGHS Status 7: Optimal),866,0.0
2025-02-19,0,0.0873695830014185,56250.70000881538,144,20,3746,2025-01-30|2025-01-31|2025-02-01|2025-02-02|2025-02-03|2025-02-04|2025-02-05|2025-02-06|2025-02-07|2025-02-08|2025-02-09|2025-02-10|2025-02-11|2025-02-12|2025-02-13|2025-02-14|2025-02-15|2025-02-16|2025-02-17|2025-02-18,2025-02-19 00:00,2025-02-19 00:00,9.094947017729282e-13,1.1368683772161603e-13,0,True,Optimization terminated successfully. (HiGHS Status 7: Optimal),847,0.0
2025-02-20,0,0.08722087499882036,55801.27607231636,144,20,3746,2025-01-31|2025-02-01|2025-02-02|2025-02-03|2025-02-04|2025-02-05|2025-02-06|2025-02-07|2025-02-08|2025-02-09|2025-02-10|2025-02-11|2025-02-12|2025-02-13|2025-02-14|2025-02-15|2025-02-16|2025-02-17|2025-02-18|2025-02-19,2025-02-20 00:00,2025-02-20 00:00,7.958078640513122e-13,2.2737367544323206e-13,0,True,Optimization terminated successfully. (HiGHS Status 7: Optimal),851,0.0
2025-02-21,0,0.07106916599877877,15347.86713846435,144,20,3746,2025-02-01|2025-02-02|2025-02-03|2025-02-04|2025-02-05|2025-02-06|2025-02-07|2025-02-08|2025-02-09|2025-02-10|2025-02-11|2025-02-12|2025-02-13|2025-02-14|2025-02-15|2025-02-16|2025-02-17|2025-02-18|2025-02-19|2025-02-20,2025-02-21 00:00,2025-02-21 00:00,9.094947017729282e-13,1.1368683772161603e-13,0,True,Optimization terminated successfully. (HiGHS Status 7: Optimal),641,0.0
2025-02-22,0,0.07697175000066636,15063.347690387787,144,20,3746,2025-02-02|2025-02-03|2025-02-04|2025-02-05|2025-02-06|2025-02-07|2025-02-08|2025-02-09|2025-02-10|2025-02-11|2025-02-12|2025-02-13|2025-02-14|2025-02-15|2025-02-16|2025-02-17|2025-02-18|2025-02-19|2025-02-20|2025-02-21,2025-02-22 00:00,2025-02-22 00:00,8.411049634560186e-13,1.1368683772161603e-13,0,True,Optimization terminated successfully. (HiGHS Status 7: Optimal),632,0.0
2025-02-23,0,0.09006275000137975,54269.195698318385,144,20,3746,2025-02-03|2025-02-04|2025-02-05|2025-02-06|2025-02-07|2025-02-08|2025-02-09|2025-02-10|2025-02-11|2025-02-12|2025-02-13|2025-02-14|2025-02-15|2025-02-16|2025-02-17|2025-02-18|2025-02-19|2025-02-20|2025-02-21|2025-02-22,2025-02-23 00:00,2025-02-23 00:00,7.958078640513122e-13,1.1368683772161603e-13,0,True,Optimization terminated successfully. (HiGHS Status 7: Optimal),839,0.0
2025-02-24,0,0.08918804099994304,51557.76910192554,144,20,3746,2025-02-04|2025-02-05|2025-02-06|2025-02-07|2025-02-08|2025-02-09|2025-02-10|2025-02-11|2025-02-12|2025-02-13|2025-02-14|2025-02-15|2025-02-16|2025-02-17|2025-02-18|2025-02-19|2025-02-20|2025-02-21|2025-02-22|2025-02-23,2025-02-24 00:00,2025-02-24 00:00,7.958078640513122e-13,2.2737367544323206e-13,0,True,Optimization terminated successfully. (HiGHS Status 7: Optimal),865,0.0
2025-02-25,0,0.0919080000003305,52665.6510075632,144,20,3746,2025-02-05|2025-02-06|2025-02-07|2025-02-08|2025-02-09|2025-02-10|2025-02-11|2025-02-12|2025-02-13|2025-02-14|2025-02-15|2025-02-16|2025-02-17|2025-02-18|2025-02-19|2025-02-20|2025-02-21|2025-02-22|2025-02-23|2025-02-24,2025-02-25 00:00,2025-02-25 00:00,1.0231815394945443e-12,0.0,0,True,Optimization terminated successfully. (HiGHS Status 7: Optimal),852,0.0
2025-02-26,0,0.08753591700042307,51347.428363681356,144,20,3746,2025-02-06|2025-02-07|2025-02-08|2025-02-09|2025-02-10|2025-02-11|2025-02-12|2025-02-13|2025-02-14|2025-02-15|2025-02-16|2025-02-17|2025-02-18|2025-02-19|2025-02-20|2025-02-21|2025-02-22|2025-02-23|2025-02-24|2025-02-25,2025-02-26 00:00,2025-02-26 00:00,7.958078640513122e-13,2.2737367544323206e-13,0,True,Optimization terminated successfully. (HiGHS Status 7: Optimal),843,0.0
2025-02-27,0,0.09109841700046672,50633.78616846093,144,20,3746,2025-02-07|2025-02-08|2025-02-09|2025-02-10|2025-02-11|2025-02-12|2025-02-13|2025-02-14|2025-02-15|2025-02-16|2025-02-17|2025-02-18|2025-02-19|2025-02-20|2025-02-21|2025-02-22|2025-02-23|2025-02-24|2025-02-25|2025-02-26,2025-02-27 00:00,2025-02-27 00:00,8.526512829121202e-13,0.0,0,True,Optimization terminated successfully. (HiGHS Status 7: Optimal),848,0.0
2025-02-28,0,0.07734545899984369,14719.462513165148,144,20,3746,2025-02-08|2025-02-09|2025-02-10|2025-02-11|2025-02-12|2025-02-13|2025-02-14|2025-02-15|2025-02-16|2025-02-17|2025-02-18|2025-02-19|2025-02-20|2025-02-21|2025-02-22|2025-02-23|2025-02-24|2025-02-25|2025-02-26|2025-02-27,2025-02-28 00:00,2025-02-28 00:00,7.673861546209082e-13,5.684341886080802e-14,0,True,Optimization terminated successfully. (HiGHS Status 7: Optimal),620,0.0
2025-03-01,0,0.07676866600013454,14541.86645890894,144,20,3746,2025-02-09|2025-02-10|2025-02-11|2025-02-12|2025-02-13|2025-02-14|2025-02-15|2025-02-16|2025-02-17|2025-02-18|2025-02-19|2025-02-20|2025-02-21|2025-02-22|2025-02-23|2025-02-24|2025-02-25|2025-02-26|2025-02-27|2025-02-28,2025-03-01 00:00,2025-03-01 00:00,8.242295734817162e-13,1.1368683772161603e-13,0,True,Optimization terminated successfully. (HiGHS Status 7: Optimal),621,0.0
2025-03-02,0,0.09252979200027767,49868.683597733034,144,20,3746,2025-02-10|2025-02-11|2025-02-12|2025-02-13|2025-02-14|2025-02-15|2025-02-16|2025-02-17|2025-02-18|2025-02-19|2025-02-20|2025-02-21|2025-02-22|2025-02-23|2025-02-24|2025-02-25|2025-02-26|2025-02-27|2025-02-28|2025-03-01,2025-03-02 00:00,2025-03-02 00:00,7.958078640513122e-13,2.2737367544323206e-13,0,True,Optimization terminated successfully. (HiGHS Status 7: Optimal),853,0.0
2025-03-03,0,0.08904400000028545,48567.446207168214,144,20,3746,2025-02-11|2025-02-12|2025-02-13|2025-02-14|2025-02-15|2025-02-16|2025-02-17|2025-02-18|2025-02-19|2025-02-20|2025-02-21|2025-02-22|2025-02-23|2025-02-24|2025-02-25|2025-02-26|2025-02-27|2025-02-28|2025-03-01|2025-03-02,2025-03-03 00:00,2025-03-03 00:00,9.094947017729282e-13,1.1368683772161603e-13,0,True,Optimization terminated successfully. (HiGHS Status 7: Optimal),852,0.0
2025-03-04,0,0.09307562499998312,49690.11156935767,144,20,3746,2025-02-12|2025-02-13|2025-02-14|2025-02-15|2025-02-16|2025-02-17|2025-02-18|2025-02-19|2025-02-20|2025-02-21|2025-02-22|2025-02-23|2025-02-24|2025-02-25|2025-02-26|2025-02-27|2025-02-28|2025-03-01|2025-03-02|2025-03-03,2025-03-04 00:00,2025-03-04 00:00,7.958078640513122e-13,1.1368683772161603e-13,0,True,Optimization terminated successfully. (HiGHS Status 7: Optimal),855,0.0
2025-03-05,0,0.08201062500120315,50838.64289108347,144,20,3746,2025-02-13|2025-02-14|2025-02-15|2025-02-16|2025-02-17|2025-02-18|2025-02-19|2025-02-20|2025-02-21|2025-02-22|2025-02-23|2025-02-24|2025-02-25|2025-02-26|2025-02-27|2025-02-28|2025-03-01|2025-03-02|2025-03-03|2025-03-04,2025-03-05 00:00,2025-03-05 00:00,8.526512829121202e-13,0.0,0,True,Optimization terminated successfully. (HiGHS Status 7: Optimal),836,0.0
2025-03-06,0,0.08896070899936603,49074.96809202524,144,20,3746,2025-02-14|2025-02-15|2025-02-16|2025-02-17|2025-02-18|2025-02-19|2025-02-20|2025-02-21|2025-02-22|2025-02-23|2025-02-24|2025-02-25|2025-02-26|2025-02-27|2025-02-28|2025-03-01|2025-03-02|2025-03-03|2025-03-04|2025-03-05,2025-03-06 00:00,2025-03-06 00:00,9.094947017729282e-13,2.842170943040401e-14,0,True,Optimization terminated successfully. (HiGHS Status 7: Optimal),835,0.0
2025-03-07,0,0.07934358300008171,14266.244986496371,144,20,3746,2025-02-15|2025-02-16|2025-02-17|2025-02-18|2025-02-19|2025-02-20|2025-02-21|2025-02-22|2025-02-23|2025-02-24|2025-02-25|2025-02-26|2025-02-27|2025-02-28|2025-03-01|2025-03-02|2025-03-03|2025-03-04|2025-03-05|2025-03-06,2025-03-07 00:00,2025-03-07 00:00,7.958078640513122e-13,1.1368683772161603e-13,0,True,Optimization terminated successfully. (HiGHS Status 7: Optimal),625,0.0
2025-03-08,0,0.07804395899984229,14315.73530871623,144,20,3746,2025-02-16|2025-02-17|2025-02-18|2025-02-19|2025-02-20|2025-02-21|2025-02-22|2025-02-23|2025-02-24|2025-02-25|2025-02-26|2025-02-27|2025-02-28|2025-03-01|2025-03-02|2025-03-03|2025-03-04|2025-03-05|2025-03-06|2025-03-07,2025-03-08 00:00,2025-03-08 00:00,6.323830348264892e-13,1.1368683772161603e-13,0,True,Optimization terminated successfully. (HiGHS Status 7: Optimal),643,0.0
2025-03-09,0,0.08530762500049605,51578.169098146456,144,20,3746,2025-02-17|2025-02-18|2025-02-19|2025-02-20|2025-02-21|2025-02-22|2025-02-23|2025-02-24|2025-02-25|2025-02-26|2025-02-27|2025-02-28|2025-03-01|2025-03-02|2025-03-03|2025-03-04|2025-03-05|2025-03-06|2025-03-07|2025-03-08,2025-03-09 00:00,2025-03-09 00:00,8.597567102697212e-13,2.2737367544323206e-13,0,True,Optimization terminated successfully. (HiGHS Status 7: Optimal),835,0.0
2025-03-10,0,0.08827737499996147,48672.281088051124,144,20,3746,2025-02-18|2025-02-19|2025-02-20|2025-02-21|2025-02-22|2025-02-23|2025-02-24|2025-02-25|2025-02-26|2025-02-27|2025-02-28|2025-03-01|2025-03-02|2025-03-03|2025-03-04|2025-03-05|2025-03-06|2025-03-07|2025-03-08|2025-03-09,2025-03-10 00:00,2025-03-10 00:00,9.094947017729282e-13,1.1368683772161603e-13,0,True,Optimization terminated successfully. (HiGHS Status 7: Optimal),846,0.0
2025-03-11,0,0.08600312499947904,48172.58662341678,144,20,3746,2025-02-19|2025-02-20|2025-02-21|2025-02-22|2025-02-23|2025-02-24|2025-02-25|2025-02-26|2025-02-27|2025-02-28|2025-03-01|2025-03-02|2025-03-03|2025-03-04|2025-03-05|2025-03-06|2025-03-07|2025-03-08|2025-03-09|2025-03-10,2025-03-11 00:00,2025-03-11 00:00,7.958078640513122e-13,2.2737367544323206e-13,0,True,Optimization terminated successfully. (HiGHS Status 7: Optimal),844,0.0
2025-03-12,0,0.08529695799916226,48445.08872037015,144,20,3746,2025-02-20|2025-02-21|2025-02-22|2025-02-23|2025-02-24|2025-02-25|2025-02-26|2025-02-27|2025-02-28|2025-03-01|2025-03-02|2025-03-03|2025-03-04|2025-03-05|2025-03-06|2025-03-07|2025-03-08|2025-03-09|2025-03-10|2025-03-11,2025-03-12 00:00,2025-03-12 00:00,8.384404281969182e-13,2.2737367544323206e-13,0,True,Optimization terminated successfully. (HiGHS Status 7: Optimal),835,0.0
2025-03-13,0,0.08839637500022945,46713.12001670511,144,20,3746,2025-02-21|2025-02-22|2025-02-23|2025-02-24|2025-02-25|2025-02-26|2025-02-27|2025-02-28|2025-03-01|2025-03-02|2025-03-03|2025-03-04|2025-03-05|2025-03-06|2025-03-07|2025-03-08|2025-03-09|2025-03-10|2025-03-11|2025-03-12,2025-03-13 00:00,2025-03-13 00:00,9.094947017729282e-13,2.2737367544323206e-13,0,True,Optimization terminated successfully. (HiGHS Status 7: Optimal),832,0.0
2025-03-14,0,0.07814683300057368,13648.904069762502,144,20,3746,2025-02-22|2025-02-23|2025-02-24|2025-02-25|2025-02-26|2025-02-27|2025-02-28|2025-03-01|2025-03-02|2025-03-03|2025-03-04|2025-03-05|2025-03-06|2025-03-07|2025-03-08|2025-03-09|2025-03-10|2025-03-11|2025-03-12|2025-03-13,2025-03-14 00:00,2025-03-14 00:00,9.094947017729282e-13,5.684341886080802e-14,0,True,Optimization terminated successfully. (HiGHS Status 7: Optimal),632,0.0
2025-03-15,0,0.07769312500022352,13720.362052290184,144,20,3746,2025-02-23|2025-02-24|2025-02-25|2025-02-26|2025-02-27|2025-02-28|2025-03-01|2025-03-02|2025-03-03|2025-03-04|2025-03-05|2025-03-06|2025-03-07|2025-03-08|2025-03-09|2025-03-10|2025-03-11|2025-03-12|2025-03-13|2025-03-14,2025-03-15 00:00,2025-03-15 00:00,6.821210263296962e-13,1.4210854715202004e-14,0,True,Optimization terminated successfully. (HiGHS Status 7: Optimal),625,0.0
2025-03-16,0,0.09399383300115005,49048.64515676377,144,20,3746,2025-02-24|2025-02-25|2025-02-26|2025-02-27|2025-02-28|2025-03-01|2025-03-02|2025-03-03|2025-03-04|2025-03-05|2025-03-06|2025-03-07|2025-03-08|2025-03-09|2025-03-10|2025-03-11|2025-03-12|2025-03-13|2025-03-14|2025-03-15,2025-03-16 00:00,2025-03-16 00:00,8.846257060213247e-13,1.1368683772161603e-13,0,True,Optimization terminated successfully. (HiGHS Status 7: Optimal),821,0.0
2025-03-17,0,0.09172391700121807,48745.82049929779,144,20,3746,2025-02-25|2025-02-26|2025-02-27|2025-02-28|2025-03-01|2025-03-02|2025-03-03|2025-03-04|2025-03-05|2025-03-06|2025-03-07|2025-03-08|2025-03-09|2025-03-10|2025-03-11|2025-03-12|2025-03-13|2025-03-14|2025-03-15|2025-03-16,2025-03-17 00:00,2025-03-17 00:00,9.094947017729282e-13,0.0,0,True,Optimization terminated successfully. (HiGHS Status 7: Optimal),844,0.0
2025-03-18,0,0.08444812499874388,46464.64062779483,144,20,3746,2025-02-26|2025-02-27|2025-02-28|2025-03-01|2025-03-02|2025-03-03|2025-03-04|2025-03-05|2025-03-06|2025-03-07|2025-03-08|2025-03-09|2025-03-10|2025-03-11|2025-03-12|2025-03-13|2025-03-14|2025-03-15|2025-03-16|2025-03-17,2025-03-18 00:00,2025-03-18 00:00,9.094947017729282e-13,1.1368683772161603e-13,0,True,Optimization terminated successfully. (HiGHS Status 7: Optimal),840,0.0
2025-03-19,0,0.09219200000006822,46224.12813984293,144,20,3746,2025-02-27|2025-02-28|2025-03-01|2025-03-02|2025-03-03|2025-03-04|2025-03-05|2025-03-06|2025-03-07|2025-03-08|2025-03-09|2025-03-10|2025-03-11|2025-03-12|2025-03-13|2025-03-14|2025-03-15|2025-03-16|2025-03-17|2025-03-18,2025-03-19 00:00,2025-03-19 00:00,6.821210263296962e-13,2.2737367544323206e-13,0,True,Optimization terminated successfully. (HiGHS Status 7: Optimal),821,0.0
2025-03-20,0,0.0933025419999467,46639.24232078457,144,20,3746,2025-02-28|2025-03-01|2025-03-02|2025-03-03|2025-03-04|2025-03-05|2025-03-06|2025-03-07|2025-03-08|2025-03-09|2025-03-10|2025-03-11|2025-03-12|2025-03-13|2025-03-14|2025-03-15|2025-03-16|2025-03-17|2025-03-18|2025-03-19,2025-03-20 00:00,2025-03-20 00:00,6.821210263296962e-13,1.1368683772161603e-13,0,True,Optimization terminated successfully. (HiGHS Status 7: Optimal),840,0.0
2025-03-21,0,0.06941262500004086,12900.877832362554,144,20,3746,2025-03-01|2025-03-02|2025-03-03|2025-03-04|2025-03-05|2025-03-06|2025-03-07|2025-03-08|2025-03-09|2025-03-10|2025-03-11|2025-03-12|2025-03-13|2025-03-14|2025-03-15|2025-03-16|2025-03-17|2025-03-18|2025-03-19|2025-03-20,2025-03-21 00:00,2025-03-21 00:00,8.810729923425242e-13,1.1368683772161603e-13,0,True,Optimization terminated successfully. (HiGHS Status 7: Optimal),612,0.0
2025-03-22,0,0.06954324999969685,13105.048615392307,144,20,3746,2025-03-02|2025-03-03|2025-03-04|2025-03-05|2025-03-06|2025-03-07|2025-03-08|2025-03-09|2025-03-10|2025-03-11|2025-03-12|2025-03-13|2025-03-14|2025-03-15|2025-03-16|2025-03-17|2025-03-18|2025-03-19|2025-03-20|2025-03-21,2025-03-22 00:00,2025-03-22 00:00,7.958078640513122e-13,1.1368683772161603e-13,0,True,Optimization terminated successfully. (HiGHS Status 7: Optimal),619,0.0
2025-03-23,0,0.08742854199954309,45726.055206626006,144,20,3746,2025-03-03|2025-03-04|2025-03-05|2025-03-06|2025-03-07|2025-03-08|2025-03-09|2025-03-10|2025-03-11|2025-03-12|2025-03-13|2025-03-14|2025-03-15|2025-03-16|2025-03-17|2025-03-18|2025-03-19|2025-03-20|2025-03-21|2025-03-22,2025-03-23 00:00,2025-03-23 00:00,9.094947017729282e-13,2.2737367544323206e-13,0,True,Optimization terminated successfully. (HiGHS Status 7: Optimal),823,0.0
2025-03-24,0,0.08495533299901581,44583.90742044779,144,20,3746,2025-03-04|2025-03-05|2025-03-06|2025-03-07|2025-03-08|2025-03-09|2025-03-10|2025-03-11|2025-03-12|2025-03-13|2025-03-14|2025-03-15|2025-03-16|2025-03-17|2025-03-18|2025-03-19|2025-03-20|2025-03-21|2025-03-22|2025-03-23,2025-03-24 00:00,2025-03-24 00:00,9.094947017729282e-13,1.1368683772161603e-13,0,True,Optimization terminated successfully. (HiGHS Status 7: Optimal),820,0.0
2025-03-25,0,0.0869224590005615,43216.85843865283,144,20,3746,2025-03-05|2025-03-06|2025-03-07|2025-03-08|2025-03-09|2025-03-10|2025-03-11|2025-03-12|2025-03-13|2025-03-14|2025-03-15|2025-03-16|2025-03-17|2025-03-18|2025-03-19|2025-03-20|2025-03-21|2025-03-22|2025-03-23|2025-03-24,2025-03-25 00:00,2025-03-25 00:00,8.668621376273222e-13,1.1368683772161603e-13,0,True,Optimization terminated successfully. (HiGHS Status 7: Optimal),816,0.0
2025-03-26,0,0.08825979100038239,42717.64765805827,144,20,3746,2025-03-06|2025-03-07|2025-03-08|2025-03-09|2025-03-10|2025-03-11|2025-03-12|2025-03-13|2025-03-14|2025-03-15|2025-03-16|2025-03-17|2025-03-18|2025-03-19|2025-03-20|2025-03-21|2025-03-22|2025-03-23|2025-03-24|2025-03-25,2025-03-26 00:00,2025-03-26 00:00,9.094947017729282e-13,1.1368683772161603e-13,0,True,Optimization terminated successfully. (HiGHS Status 7: Optimal),814,0.0
2025-03-27,0,0.08536866699978418,43790.1338446445,144,20,3746,2025-03-07|2025-03-08|2025-03-09|2025-03-10|2025-03-11|2025-03-12|2025-03-13|2025-03-14|2025-03-15|2025-03-16|2025-03-17|2025-03-18|2025-03-19|2025-03-20|2025-03-21|2025-03-22|2025-03-23|2025-03-24|2025-03-25|2025-03-26,2025-03-27 00:00,2025-03-27 00:00,9.094947017729282e-13,1.1368683772161603e-13,0,True,Optimization terminated successfully. (HiGHS Status 7: Optimal),819,0.0
2025-03-28,0,0.06796508300067217,12292.328034641723,144,20,3746,2025-03-08|2025-03-09|2025-03-10|2025-03-11|2025-03-12|2025-03-13|2025-03-14|2025-03-15|2025-03-16|2025-03-17|2025-03-18|2025-03-19|2025-03-20|2025-03-21|2025-03-22|2025-03-23|2025-03-24|2025-03-25|2025-03-26|2025-03-27,2025-03-28 00:00,2025-03-28 00:00,9.094947017729282e-13,0.0,0,True,Optimization terminated successfully. (HiGHS Status 7: Optimal),596,0.0
2025-03-29,0,0.06154524999874411,12569.73097490924,144,20,3746,2025-03-09|2025-03-10|2025-03-11|2025-03-12|2025-03-13|2025-03-14|2025-03-15|2025-03-16|2025-03-17|2025-03-18|2025-03-19|2025-03-20|2025-03-21|2025-03-22|2025-03-23|2025-03-24|2025-03-25|2025-03-26|2025-03-27|2025-03-28,2025-03-29 00:00,2025-03-29 00:00,7.958078640513122e-13,5.684341886080802e-14,0,True,Optimization terminated successfully. (HiGHS Status 7: Optimal),602,0.0
2025-03-30,0,0.08098308300031931,42445.95963296625,144,20,3746,2025-03-10|2025-03-11|2025-03-12|2025-03-13|2025-03-14|2025-03-15|2025-03-16|2025-03-17|2025-03-18|2025-03-19|2025-03-20|2025-03-21|2025-03-22|2025-03-23|2025-03-24|2025-03-25|2025-03-26|2025-03-27|2025-03-28|2025-03-29,2025-03-30 00:00,2025-03-30 00:00,7.958078640513122e-13,1.1368683772161603e-13,0,True,Optimization terminated successfully. (HiGHS Status 7: Optimal),815,0.0
2025-03-31,0,0.09049895899988769,42028.30208047985,144,20,3746,2025-03-11|2025-03-12|2025-03-13|2025-03-14|2025-03-15|2025-03-16|2025-03-17|2025-03-18|2025-03-19|2025-03-20|2025-03-21|2025-03-22|2025-03-23|2025-03-24|2025-03-25|2025-03-26|2025-03-27|2025-03-28|2025-03-29|2025-03-30,2025-03-31 00:00,2025-03-31 00:00,9.094947017729282e-13,1.1368683772161603e-13,0,True,Optimization terminated successfully. (HiGHS Status 7: Optimal),807,0.0
2025-04-01,0,0.20883004200004507,41892.25699725328,144,20,3746,2025-03-12|2025-03-13|2025-03-14|2025-03-15|2025-03-16|2025-03-17|2025-03-18|2025-03-19|2025-03-20|2025-03-21|2025-03-22|2025-03-23|2025-03-24|2025-03-25|2025-03-26|2025-03-27|2025-03-28|2025-03-29|2025-03-30|2025-03-31,2025-04-01 00:00,2025-04-01 00:00,9.094947017729282e-13,1.1368683772161603e-13,0,True,Optimization terminated successfully. (HiGHS Status 7: Optimal),809,0.0
2025-04-02,0,0.2047777080006199,39832.22713954801,144,20,3746,2025-03-13|2025-03-14|2025-03-15|2025-03-16|2025-03-17|2025-03-18|2025-03-19|2025-03-20|2025-03-21|2025-03-22|2025-03-23|2025-03-24|2025-03-25|2025-03-26|2025-03-27|2025-03-28|2025-03-29|2025-03-30|2025-03-31|2025-04-01,2025-04-02 00:00,2025-04-02 00:00,9.094947017729282e-13,1.1368683772161603e-13,0,True,Optimization terminated successfully. (HiGHS Status 7: Optimal),794,0.0
2025-04-03,0,0.18045270800030266,42026.115292616014,144,20,3746,2025-03-14|2025-03-15|2025-03-16|2025-03-17|2025-03-18|2025-03-19|2025-03-20|2025-03-21|2025-03-22|2025-03-23|2025-03-24|2025-03-25|2025-03-26|2025-03-27|2025-03-28|2025-03-29|2025-03-30|2025-03-31|2025-04-01|2025-04-02,2025-04-03 00:00,2025-04-03 00:00,9.094947017729282e-13,1.1368683772161603e-13,0,True,Optimization terminated successfully. (HiGHS Status 7: Optimal),803,0.0
2025-04-04,0,0.20741783300036332,11869.95639667578,144,20,3746,2025-03-15|2025-03-16|2025-03-17|2025-03-18|2025-03-19|2025-03-20|2025-03-21|2025-03-22|2025-03-23|2025-03-24|2025-03-25|2025-03-26|2025-03-27|2025-03-28|2025-03-29|2025-03-30|2025-03-31|2025-04-01|2025-04-02|2025-04-03,2025-04-04 00:00,2025-04-04 00:00,8.189005029635155e-13,5.684341886080802e-14,0,True,Optimization terminated successfully. (HiGHS Status 7: Optimal),577,0.0
2025-04-05,0,0.14405891700153006,12153.703741124897,144,20,3746,2025-03-16|2025-03-17|2025-03-18|2025-03-19|2025-03-20|2025-03-21|2025-03-22|2025-03-23|2025-03-24|2025-03-25|2025-03-26|2025-03-27|2025-03-28|2025-03-29|2025-03-30|2025-03-31|2025-04-01|2025-04-02|2025-04-03|2025-04-04,2025-04-05 00:00,2025-04-05 00:00,8.526512829121202e-13,5.684341886080802e-14,0,True,Optimization terminated successfully. (HiGHS Status 7: Optimal),587,0.0
2025-04-06,0,0.26150587500160327,39213.24035302693,144,20,3746,2025-03-17|2025-03-18|2025-03-19|2025-03-20|2025-03-21|2025-03-22|2025-03-23|2025-03-24|2025-03-25|2025-03-26|2025-03-27|2025-03-28|2025-03-29|2025-03-30|2025-03-31|2025-04-01|2025-04-02|2025-04-03|2025-04-04|2025-04-05,2025-04-06 00:00,2025-04-06 00:00,9.094947017729282e-13,1.1368683772161603e-13,0,True,Optimization terminated successfully. (HiGHS Status 7: Optimal),796,0.0
2025-04-07,0,0.21676600000137114,39650.20489533616,144,20,3746,2025-03-18|2025-03-19|2025-03-20|2025-03-21|2025-03-22|2025-03-23|2025-03-24|2025-03-25|2025-03-26|2025-03-27|2025-03-28|2025-03-29|2025-03-30|2025-03-31|2025-04-01|2025-04-02|2025-04-03|2025-04-04|2025-04-05|2025-04-06,2025-04-07 00:00,2025-04-07 00:00,8.242295734817162e-13,1.1368683772161603e-13,0,True,Optimization terminated successfully. (HiGHS Status 7: Optimal),790,0.0
2025-04-08,0,0.2270924170006765,40704.21423737136,144,20,3746,2025-03-19|2025-03-20|2025-03-21|2025-03-22|2025-03-23|2025-03-24|2025-03-25|2025-03-26|2025-03-27|2025-03-28|2025-03-29|2025-03-30|2025-03-31|2025-04-01|2025-04-02|2025-04-03|2025-04-04|2025-04-05|2025-04-06|2025-04-07,2025-04-08 00:00,2025-04-08 00:00,9.094947017729282e-13,1.1368683772161603e-13,0,True,Optimization terminated successfully. (HiGHS Status 7: Optimal),798,0.0
2025-04-09,0,0.18816504099959275,39057.47056594683,144,20,3746,2025-03-20|2025-03-21|2025-03-22|2025-03-23|2025-03-24|2025-03-25|2025-03-26|2025-03-27|2025-03-28|2025-03-29|2025-03-30|2025-03-31|2025-04-01|2025-04-02|2025-04-03|2025-04-04|2025-04-05|2025-04-06|2025-04-07|2025-04-08,2025-04-09 00:00,2025-04-09 00:00,8.810729923425242e-13,1.1368683772161603e-13,0,True,Optimization terminated successfully. (HiGHS Status 7: Optimal),796,0.0
2025-04-10,0,0.1610638749989448,40789.61810913925,144,20,3746,2025-03-21|2025-03-22|2025-03-23|2025-03-24|2025-03-25|2025-03-26|2025-03-27|2025-03-28|2025-03-29|2025-03-30|2025-03-31|2025-04-01|2025-04-02|2025-04-03|2025-04-04|2025-04-05|2025-04-06|2025-04-07|2025-04-08|2025-04-09,2025-04-10 00:00,2025-04-10 00:00,9.094947017729282e-13,1.1368683772161603e-13,0,True,Optimization terminated successfully. (HiGHS Status 7: Optimal),799,0.0
2025-04-11,0,0.2050422920001438,11562.009614589444,144,20,3746,2025-03-22|2025-03-23|2025-03-24|2025-03-25|2025-03-26|2025-03-27|2025-03-28|2025-03-29|2025-03-30|2025-03-31|2025-04-01|2025-04-02|2025-04-03|2025-04-04|2025-04-05|2025-04-06|2025-04-07|2025-04-08|2025-04-09|2025-04-10,2025-04-11 00:00,2025-04-11 00:00,7.958078640513122e-13,2.2737367544323206e-13,0,True,Optimization terminated successfully. (HiGHS Status 7: Optimal),580,0.0
2025-04-12,0,0.1451770839994424,11988.799203468881,144,20,3746,2025-03-23|2025-03-24|2025-03-25|2025-03-26|2025-03-27|2025-03-28|2025-03-29|2025-03-30|2025-03-31|2025-04-01|2025-04-02|2025-04-03|2025-04-04|2025-04-05|2025-04-06|2025-04-07|2025-04-08|2025-04-09|2025-04-10|2025-04-11,2025-04-12 00:00,2025-04-12 00:00,7.673861546209082e-13,2.2737367544323206e-13,0,True,Optimization terminated successfully. (HiGHS Status 7: Optimal),586,0.0
2025-04-13,0,0.21439699999973527,38503.86747741062,144,20,3746,2025-03-24|2025-03-25|2025-03-26|2025-03-27|2025-03-28|2025-03-29|2025-03-30|2025-03-31|2025-04-01|2025-04-02|2025-04-03|2025-04-04|2025-04-05|2025-04-06|2025-04-07|2025-04-08|2025-04-09|2025-04-10|2025-04-11|2025-04-12,2025-04-13 00:00,2025-04-13 00:00,8.668621376273222e-13,1.1368683772161603e-13,0,True,Optimization terminated successfully. (HiGHS Status 7: Optimal),793,0.0
2025-04-14,0,0.21039654100059124,37756.897481195985,144,20,3746,2025-03-25|2025-03-26|2025-03-27|2025-03-28|2025-03-29|2025-03-30|2025-03-31|2025-04-01|2025-04-02|2025-04-03|2025-04-04|2025-04-05|2025-04-06|2025-04-07|2025-04-08|2025-04-09|2025-04-10|2025-04-11|2025-04-12|2025-04-13,2025-04-14 00:00,2025-04-14 00:00,9.094947017729282e-13,2.2737367544323206e-13,0,True,Optimization terminated successfully. (HiGHS Status 7: Optimal),771,0.0
2025-04-15,0,0.20030429100006586,39741.34279426253,144,20,3746,2025-03-26|2025-03-27|2025-03-28|2025-03-29|2025-03-30|2025-03-31|2025-04-01|2025-04-02|2025-04-03|2025-04-04|2025-04-05|2025-04-06|2025-04-07|2025-04-08|2025-04-09|2025-04-10|2025-04-11|2025-04-12|2025-04-13|2025-04-14,2025-04-15 00:00,2025-04-15 00:00,8.810729923425242e-13,1.1368683772161603e-13,0,True,Optimization terminated successfully. (HiGHS Status 7: Optimal),795,0.0
2025-04-16,0,0.2766156249999767,39060.91784193496,144,20,3746,2025-03-27|2025-03-28|2025-03-29|2025-03-30|2025-03-31|2025-04-01|2025-04-02|2025-04-03|2025-04-04|2025-04-05|2025-04-06|2025-04-07|2025-04-08|2025-04-09|2025-04-10|2025-04-11|2025-04-12|2025-04-13|2025-04-14|2025-04-15,2025-04-16 00:00,2025-04-16 00:00,9.094947017729282e-13,1.1368683772161603e-13,0,True,Optimization terminated successfully. (HiGHS Status 7: Optimal),796,0.0
2025-04-17,0,0.1994725409986131,39031.66653109086,144,20,3746,2025-03-28|2025-03-29|2025-03-30|2025-03-31|2025-04-01|2025-04-02|2025-04-03|2025-04-04|2025-04-05|2025-04-06|2025-04-07|2025-04-08|2025-04-09|2025-04-10|2025-04-11|2025-04-12|2025-04-13|2025-04-14|2025-04-15|2025-04-16,2025-04-17 00:00,2025-04-17 00:00,8.810729923425242e-13,2.2737367544323206e-13,0,True,Optimization terminated successfully. (HiGHS Status 7: Optimal),774,0.0
2025-04-18,0,0.20983912500014412,11427.88122232056,144,20,3746,2025-03-29|2025-03-30|2025-03-31|2025-04-01|2025-04-02|2025-04-03|2025-04-04|2025-04-05|2025-04-06|2025-04-07|2025-04-08|2025-04-09|2025-04-10|2025-04-11|2025-04-12|2025-04-13|2025-04-14|2025-04-15|2025-04-16|2025-04-17,2025-04-18 00:00,2025-04-18 00:00,8.526512829121202e-13,5.684341886080802e-14,0,True,Optimization terminated successfully. (HiGHS Status 7: Optimal),566,0.0
2025-04-19,0,0.16336012499959907,11494.451649542714,144,20,3746,2025-03-30|2025-03-31|2025-04-01|2025-04-02|2025-04-03|2025-04-04|2025-04-05|2025-04-06|2025-04-07|2025-04-08|2025-04-09|2025-04-10|2025-04-11|2025-04-12|2025-04-13|2025-04-14|2025-04-15|2025-04-16|2025-04-17|2025-04-18,2025-04-19 00:00,2025-04-19 00:00,8.526512829121202e-13,5.684341886080802e-14,0,True,Optimization terminated successfully. (HiGHS Status 7: Optimal),575,0.0
2025-04-20,0,0.49924825000016426,37629.559021318215,144,20,3746,2025-03-31|2025-04-01|2025-04-02|2025-04-03|2025-04-04|2025-04-05|2025-04-06|2025-04-07|2025-04-08|2025-04-09|2025-04-10|2025-04-11|2025-04-12|2025-04-13|2025-04-14|2025-04-15|2025-04-16|2025-04-17|2025-04-18|2025-04-19,2025-04-20 00:00,2025-04-20 00:00,8.810729923425242e-13,1.1368683772161603e-13,0,True,Optimization terminated successfully. (HiGHS Status 7: Optimal),796,0.0
2025-04-21,0,0.19879308400049922,37351.626056150046,144,20,3746,2025-04-01|2025-04-02|2025-04-03|2025-04-04|2025-04-05|2025-04-06|2025-04-07|2025-04-08|2025-04-09|2025-04-10|2025-04-11|2025-04-12|2025-04-13|2025-04-14|2025-04-15|2025-04-16|2025-04-17|2025-04-18|2025-04-19|2025-04-20,2025-04-21 00:00,2025-04-21 00:00,9.094947017729282e-13,1.1368683772161603e-13,0,True,Optimization terminated successfully. (HiGHS Status 7: Optimal),784,0.0
2025-04-22,0,0.20480599999973492,38164.17987490662,144,20,3746,2025-04-02|2025-04-03|2025-04-04|2025-04-05|2025-04-06|2025-04-07|2025-04-08|2025-04-09|2025-04-10|2025-04-11|2025-04-12|2025-04-13|2025-04-14|2025-04-15|2025-04-16|2025-04-17|2025-04-18|2025-04-19|2025-04-20|2025-04-21,2025-04-22 00:00,2025-04-22 00:00,9.094947017729282e-13,1.1368683772161603e-13,0,True,Optimization terminated successfully. (HiGHS Status 7: Optimal),785,0.0
2025-04-23,0,0.25797550000061165,38288.99529445585,144,20,3746,2025-04-03|2025-04-04|2025-04-05|2025-04-06|2025-04-07|2025-04-08|2025-04-09|2025-04-10|2025-04-11|2025-04-12|2025-04-13|2025-04-14|2025-04-15|2025-04-16|2025-04-17|2025-04-18|2025-04-19|2025-04-20|2025-04-21|2025-04-22,2025-04-23 00:00,2025-04-23 00:00,8.810729923425242e-13,1.1368683772161603e-13,0,True,Optimization terminated successfully. (HiGHS Status 7: Optimal),792,0.0
2025-04-24,0,0.1546345000006113,37151.28491291752,144,20,3746,2025-04-04|2025-04-05|2025-04-06|2025-04-07|2025-04-08|2025-04-09|2025-04-10|2025-04-11|2025-04-12|2025-04-13|2025-04-14|2025-04-15|2025-04-16|2025-04-17|2025-04-18|2025-04-19|2025-04-20|2025-04-21|2025-04-22|2025-04-23,2025-04-24 00:00,2025-04-24 00:00,9.094947017729282e-13,1.1368683772161603e-13,0,True,Optimization terminated successfully. (HiGHS Status 7: Optimal),765,0.0
2025-04-25,0,0.18383216700021876,10990.871103843328,144,20,3746,2025-04-05|2025-04-06|2025-04-07|2025-04-08|2025-04-09|2025-04-10|2025-04-11|2025-04-12|2025-04-13|2025-04-14|2025-04-15|2025-04-16|2025-04-17|2025-04-18|2025-04-19|2025-04-20|2025-04-21|2025-04-22|2025-04-23|2025-04-24,2025-04-25 00:00,2025-04-25 00:00,9.094947017729282e-13,5.684341886080802e-14,0,True,Optimization terminated successfully. (HiGHS Status 7: Optimal),560,0.0
2025-04-26,0,0.1619116670008225,11021.166886675566,144,20,3746,2025-04-06|2025-04-07|2025-04-08|2025-04-09|2025-04-10|2025-04-11|2025-04-12|2025-04-13|2025-04-14|2025-04-15|2025-04-16|2025-04-17|2025-04-18|2025-04-19|2025-04-20|2025-04-21|2025-04-22|2025-04-23|2025-04-24|2025-04-25,2025-04-26 00:00,2025-04-26 00:00,8.526512829121202e-13,5.684341886080802e-14,0,True,Optimization terminated successfully. (HiGHS Status 7: Optimal),569,0.0
2025-04-27,0,0.22234041699994123,35852.66249281871,144,20,3746,2025-04-07|2025-04-08|2025-04-09|2025-04-10|2025-04-11|2025-04-12|2025-04-13|2025-04-14|2025-04-15|2025-04-16|2025-04-17|2025-04-18|2025-04-19|2025-04-20|2025-04-21|2025-04-22|2025-04-23|2025-04-24|2025-04-25|2025-04-26,2025-04-27 00:00,2025-04-27 00:00,8.384404281969182e-13,2.2737367544323206e-13,0,True,Optimization terminated successfully. (HiGHS Status 7: Optimal),772,0.0
2025-04-28,0,0.18426654200084158,35083.08889969417,144,20,3746,2025-04-08|2025-04-09|2025-04-10|2025-04-11|2025-04-12|2025-04-13|2025-04-14|2025-04-15|2025-04-16|2025-04-17|2025-04-18|2025-04-19|2025-04-20|2025-04-21|2025-04-22|2025-04-23|2025-04-24|2025-04-25|2025-04-26|2025-04-27,2025-04-28 00:00,2025-04-28 00:00,1.0231815394945443e-12,1.1368683772161603e-13,0,True,Optimization terminated successfully. (HiGHS Status 7: Optimal),764,0.0
2025-04-29,0,0.2256219159989996,37009.54365331515,144,20,3746,2025-04-09|2025-04-10|2025-04-11|2025-04-12|2025-04-13|2025-04-14|2025-04-15|2025-04-16|2025-04-17|2025-04-18|2025-04-19|2025-04-20|2025-04-21|2025-04-22|2025-04-23|2025-04-24|2025-04-25|2025-04-26|2025-04-27|2025-04-28,2025-04-29 00:00,2025-04-29 00:00,9.094947017729282e-13,1.1368683772161603e-13,0,True,Optimization terminated successfully. (HiGHS Status 7: Optimal),772,0.0
2025-04-30,0,0.20842158300001756,38128.622947963624,144,20,3746,2025-04-10|2025-04-11|2025-04-12|2025-04-13|2025-04-14|2025-04-15|2025-04-16|2025-04-17|2025-04-18|2025-04-19|2025-04-20|2025-04-21|2025-04-22|2025-04-23|2025-04-24|2025-04-25|2025-04-26|2025-04-27|2025-04-28|2025-04-29,2025-04-30 00:00,2025-04-30 00:00,9.094947017729282e-13,1.1368683772161603e-13,0,True,Optimization terminated successfully. (HiGHS Status 7: Optimal),810,0.0
2025-05-01,0,0.18035033399974054,35892.38620874417,144,20,3746,2025-04-11|2025-04-12|2025-04-13|2025-04-14|2025-04-15|2025-04-16|2025-04-17|2025-04-18|2025-04-19|2025-04-20|2025-04-21|2025-04-22|2025-04-23|2025-04-24|2025-04-25|2025-04-26|2025-04-27|2025-04-28|2025-04-29|2025-04-30,2025-05-01 00:00,2025-05-01 00:00,8.810729923425242e-13,1.1368683772161603e-13,0,True,Optimization terminated successfully. (HiGHS Status 7: Optimal),770,0.0
2025-05-02,0,0.18190504199992574,10926.076137616785,144,20,3746,2025-04-12|2025-04-13|2025-04-14|2025-04-15|2025-04-16|2025-04-17|2025-04-18|2025-04-19|2025-04-20|2025-04-21|2025-04-22|2025-04-23|2025-04-24|2025-04-25|2025-04-26|2025-04-27|2025-04-28|2025-04-29|2025-04-30|2025-05-01,2025-05-02 00:00,2025-05-02 00:00,9.094947017729282e-13,2.2737367544323206e-13,0,True,Optimization terminated successfully. (HiGHS Status 7: Optimal),559,0.0
2025-05-03,0,0.17922233399985998,11667.989809024524,144,20,3746,2025-04-13|2025-04-14|2025-04-15|2025-04-16|2025-04-17|2025-04-18|2025-04-19|2025-04-20|2025-04-21|2025-04-22|2025-04-23|2025-04-24|2025-04-25|2025-04-26|2025-04-27|2025-04-28|2025-04-29|2025-04-30|2025-05-01|2025-05-02,2025-05-03 00:00,2025-05-03 00:00,8.810729923425242e-13,2.2737367544323206e-13,0,True,Optimization terminated successfully. (HiGHS Status 7: Optimal),571,0.0
2025-05-04,0,0.2274164579994249,38409.64911923453,144,20,3746,2025-04-14|2025-04-15|2025-04-16|2025-04-17|2025-04-18|2025-04-19|2025-04-20|2025-04-21|2025-04-22|2025-04-23|2025-04-24|2025-04-25|2025-04-26|2025-04-27|2025-04-28|2025-04-29|2025-04-30|2025-05-01|2025-05-02|2025-05-03,2025-05-04 00:00,2025-05-04 00:00,9.094947017729282e-13,1.1368683772161603e-13,0,True,Optimization terminated successfully. (HiGHS Status 7: Optimal),770,0.0
2025-05-05,0,0.21293458299987833,38766.38826782694,144,20,3746,2025-04-15|2025-04-16|2025-04-17|2025-04-18|2025-04-19|2025-04-20|2025-04-21|2025-04-22|2025-04-23|2025-04-24|2025-04-25|2025-04-26|2025-04-27|2025-04-28|2025-04-29|2025-04-30|2025-05-01|2025-05-02|2025-05-03|2025-05-04,2025-05-05 00:00,2025-05-05 00:00,1.0231815394945443e-12,1.1368683772161603e-13,0,True,Optimization terminated successfully. (HiGHS Status 7: Optimal),787,0.0
2025-05-06,0,0.16264408299866773,38586.31849757971,144,20,3746,2025-04-16|2025-04-17|2025-04-18|2025-04-19|2025-04-20|2025-04-21|2025-04-22|2025-04-23|2025-04-24|2025-04-25|2025-04-26|2025-04-27|2025-04-28|2025-04-29|2025-04-30|2025-05-01|2025-05-02|2025-05-03|2025-05-04|2025-05-05,2025-05-06 00:00,2025-05-06 00:00,9.094947017729282e-13,1.1368683772161603e-13,0,True,Optimization terminated successfully. (HiGHS Status 7: Optimal),765,0.0
2025-05-07,0,0.20441554200078826,40530.19996224985,144,20,3746,2025-04-17|2025-04-18|2025-04-19|2025-04-20|2025-04-21|2025-04-22|2025-04-23|2025-04-24|2025-04-25|2025-04-26|2025-04-27|2025-04-28|2025-04-29|2025-04-30|2025-05-01|2025-05-02|2025-05-03|2025-05-04|2025-05-05|2025-05-06,2025-05-07 00:00,2025-05-07 00:00,9.094947017729282e-13,1.1368683772161603e-13,0,True,Optimization terminated successfully. (HiGHS Status 7: Optimal),811,0.0
2025-05-08,0,0.2327368749993184,40348.23664406889,144,20,3746,2025-04-18|2025-04-19|2025-04-20|2025-04-21|2025-04-22|2025-04-23|2025-04-24|2025-04-25|2025-04-26|2025-04-27|2025-04-28|2025-04-29|2025-04-30|2025-05-01|2025-05-02|2025-05-03|2025-05-04|2025-05-05|2025-05-06|2025-05-07,2025-05-08 00:00,2025-05-08 00:00,9.094947017729282e-13,1.1368683772161603e-13,0,True,Optimization terminated successfully. (HiGHS Status 7: Optimal),756,0.0
2025-05-09,0,0.11820341699967685,13482.766710434735,144,20,3746,2025-04-19|2025-04-20|2025-04-21|2025-04-22|2025-04-23|2025-04-24|2025-04-25|2025-04-26|2025-04-27|2025-04-28|2025-04-29|2025-04-30|2025-05-01|2025-05-02|2025-05-03|2025-05-04|2025-05-05|2025-05-06|2025-05-07|2025-05-08,2025-05-09 00:00,2025-05-09 00:00,9.094947017729282e-13,5.684341886080802e-14,0,True,Optimization terminated successfully. (HiGHS Status 7: Optimal),591,0.0
2025-05-10,0,0.2175774579991412,13536.601553835111,144,20,3746,2025-04-20|2025-04-21|2025-04-22|2025-04-23|2025-04-24|2025-04-25|2025-04-26|2025-04-27|2025-04-28|2025-04-29|2025-04-30|2025-05-01|2025-05-02|2025-05-03|2025-05-04|2025-05-05|2025-05-06|2025-05-07|2025-05-08|2025-05-09,2025-05-10 00:00,2025-05-10 00:00,9.094947017729282e-13,2.2737367544323206e-13,0,True,Optimization terminated successfully. (HiGHS Status 7: Optimal),594,0.0
2025-05-11,0,0.20063074999961827,41282.904485250874,144,20,3746,2025-04-21|2025-04-22|2025-04-23|2025-04-24|2025-04-25|2025-04-26|2025-04-27|2025-04-28|2025-04-29|2025-04-30|2025-05-01|2025-05-02|2025-05-03|2025-05-04|2025-05-05|2025-05-06|2025-05-07|2025-05-08|2025-05-09|2025-05-10,2025-05-11 00:00,2025-05-11 00:00,1.0231815394945443e-12,1.1368683772161603e-13,0,True,Optimization terminated successfully. (HiGHS Status 7: Optimal),780,0.0
2025-05-12,0,0.17898033299934468,42350.081157004686,144,20,3746,2025-04-22|2025-04-23|2025-04-24|2025-04-25|2025-04-26|2025-04-27|2025-04-28|2025-04-29|2025-04-30|2025-05-01|2025-05-02|2025-05-03|2025-05-04|2025-05-05|2025-05-06|2025-05-07|2025-05-08|2025-05-09|2025-05-10|2025-05-11,2025-05-12 00:00,2025-05-12 00:00,8.242295734817162e-13,1.1368683772161603e-13,0,True,Optimization terminated successfully. (HiGHS Status 7: Optimal),799,0.0
2025-05-13,0,0.21150133300034213,41057.863789937845,144,20,3746,2025-04-23|2025-04-24|2025-04-25|2025-04-26|2025-04-27|2025-04-28|2025-04-29|2025-04-30|2025-05-01|2025-05-02|2025-05-03|2025-05-04|2025-05-05|2025-05-06|2025-05-07|2025-05-08|2025-05-09|2025-05-10|2025-05-11|2025-05-12,2025-05-13 00:00,2025-05-13 00:00,7.958078640513122e-13,1.1368683772161603e-13,0,True,Optimization terminated successfully. (HiGHS Status 7: Optimal),776,0.0
2025-05-14,0,0.1605194580006355,42330.56523067571,144,20,3746,2025-04-24|2025-04-25|2025-04-26|2025-04-27|2025-04-28|2025-04-29|2025-04-30|2025-05-01|2025-05-02|2025-05-03|2025-05-04|2025-05-05|2025-05-06|2025-05-07|2025-05-08|2025-05-09|2025-05-10|2025-05-11|2025-05-12|2025-05-13,2025-05-14 00:00,2025-05-14 00:00,7.531752999057062e-13,1.1368683772161603e-13,0,True,Optimization terminated successfully. (HiGHS Status 7: Optimal),798,0.0
2025-05-15,0,0.17192266700112668,42288.691303695625,144,20,3746,2025-04-25|2025-04-26|2025-04-27|2025-04-28|2025-04-29|2025-04-30|2025-05-01|2025-05-02|2025-05-03|2025-05-04|2025-05-05|2025-05-06|2025-05-07|2025-05-08|2025-05-09|2025-05-10|2025-05-11|2025-05-12|2025-05-13|2025-05-14,2025-05-15 00:00,2025-05-15 00:00,8.952838470577262e-13,1.1368683772161603e-13,0,True,Optimization terminated successfully. (HiGHS Status 7: Optimal),776,0.0
2025-05-16,0,0.14405875000011292,14176.502949585049,144,20,3746,2025-04-26|2025-04-27|2025-04-28|2025-04-29|2025-04-30|2025-05-01|2025-05-02|2025-05-03|2025-05-04|2025-05-05|2025-05-06|2025-05-07|2025-05-08|2025-05-09|2025-05-10|2025-05-11|2025-05-12|2025-05-13|2025-05-14|2025-05-15,2025-05-16 00:00,2025-05-16 00:00,8.810729923425242e-13,2.842170943040401e-14,0,True,Optimization terminated successfully. (HiGHS Status 7: Optimal),597,0.0
2025-05-17,0,0.167463375000807,14318.437629512677,144,20,3746,2025-04-27|2025-04-28|2025-04-29|2025-04-30|2025-05-01|2025-05-02|2025-05-03|2025-05-04|2025-05-05|2025-05-06|2025-05-07|2025-05-08|2025-05-09|2025-05-10|2025-05-11|2025-05-12|2025-05-13|2025-05-14|2025-05-15|2025-05-16,2025-05-17 00:00,2025-05-17 00:00,8.810729923425242e-13,2.2737367544323206e-13,0,True,Optimization terminated successfully. (HiGHS Status 7: Optimal),600,0.0
2025-05-18,0,0.2025219589995686,42710.38721821818,144,20,3746,2025-04-28|2025-04-29|2025-04-30|2025-05-01|2025-05-02|2025-05-03|2025-05-04|2025-05-05|2025-05-06|2025-05-07|2025-05-08|2025-05-09|2025-05-10|2025-05-11|2025-05-12|2025-05-13|2025-05-14|2025-05-15|2025-05-16|2025-05-17,2025-05-18 00:00,2025-05-18 00:00,7.958078640513122e-13,1.1368683772161603e-13,0,True,Optimization terminated successfully. (HiGHS Status 7: Optimal),789,0.0
2025-05-19,0,0.1838770829999703,43209.50696696763,144,20,3746,2025-04-29|2025-04-30|2025-05-01|2025-05-02|2025-05-03|2025-05-04|2025-05-05|2025-05-06|2025-05-07|2025-05-08|2025-05-09|2025-05-10|2025-05-11|2025-05-12|2025-05-13|2025-05-14|2025-05-15|2025-05-16|2025-05-17|2025-05-18,2025-05-19 00:00,2025-05-19 00:00,7.958078640513122e-13,1.1368683772161603e-13,0,True,Optimization terminated successfully. (HiGHS Status 7: Optimal),807,0.0
2025-05-20,0,0.19724437500008207,42181.287668262965,144,20,3746,2025-04-30|2025-05-01|2025-05-02|2025-05-03|2025-05-04|2025-05-05|2025-05-06|2025-05-07|2025-05-08|2025-05-09|2025-05-10|2025-05-11|2025-05-12|2025-05-13|2025-05-14|2025-05-15|2025-05-16|2025-05-17|2025-05-18|2025-05-19,2025-05-20 00:00,2025-05-20 00:00,7.958078640513122e-13,1.1368683772161603e-13,0,True,Optimization terminated successfully. (HiGHS Status 7: Optimal),782,0.0
2025-05-21,0,0.22878441599823418,42458.94007205195,144,20,3746,2025-05-01|2025-05-02|2025-05-03|2025-05-04|2025-05-05|2025-05-06|2025-05-07|2025-05-08|2025-05-09|2025-05-10|2025-05-11|2025-05-12|2025-05-13|2025-05-14|2025-05-15|2025-05-16|2025-05-17|2025-05-18|2025-05-19|2025-05-20,2025-05-21 00:00,2025-05-21 00:00,8.65085780787922e-13,1.1368683772161603e-13,0,True,Optimization terminated successfully. (HiGHS Status 7: Optimal),804,0.0
2025-05-22,0,0.23011237500031712,43065.483511142396,144,20,3746,2025-05-02|2025-05-03|2025-05-04|2025-05-05|2025-05-06|2025-05-07|2025-05-08|2025-05-09|2025-05-10|2025-05-11|2025-05-12|2025-05-13|2025-05-14|2025-05-15|2025-05-16|2025-05-17|2025-05-18|2025-05-19|2025-05-20|2025-05-21,2025-05-22 00:00,2025-05-22 00:00,8.810729923425242e-13,1.1368683772161603e-13,0,True,Optimization terminated successfully. (HiGHS Status 7: Optimal),793,0.0
2025-05-23,0,0.15934050000032585,14353.38353996494,144,20,3746,2025-05-03|2025-05-04|2025-05-05|2025-05-06|2025-05-07|2025-05-08|2025-05-09|2025-05-10|2025-05-11|2025-05-12|2025-05-13|2025-05-14|2025-05-15|2025-05-16|2025-05-17|2025-05-18|2025-05-19|2025-05-20|2025-05-21|2025-05-22,2025-05-23 00:00,2025-05-23 00:00,8.526512829121202e-13,0.0,0,True,Optimization terminated successfully. (HiGHS Status 7: Optimal),598,0.0
2025-05-24,0,0.21336737499950686,14529.289388436546,144,20,3746,2025-05-04|2025-05-05|2025-05-06|2025-05-07|2025-05-08|2025-05-09|2025-05-10|2025-05-11|2025-05-12|2025-05-13|2025-05-14|2025-05-15|2025-05-16|2025-05-17|2025-05-18|2025-05-19|2025-05-20|2025-05-21|2025-05-22|2025-05-23,2025-05-24 00:00,2025-05-24 00:00,8.881784197001252e-13,1.1368683772161603e-13,0,True,Optimization terminated successfully. (HiGHS Status 7: Optimal),603,0.0
2025-05-25,0,0.2126081250007701,42115.04730208277,144,20,3746,2025-05-05|2025-05-06|2025-05-07|2025-05-08|2025-05-09|2025-05-10|2025-05-11|2025-05-12|2025-05-13|2025-05-14|2025-05-15|2025-05-16|2025-05-17|2025-05-18|2025-05-19|2025-05-20|2025-05-21|2025-05-22|2025-05-23|2025-05-24,2025-05-25 00:00,2025-05-25 00:00,8.597567102697212e-13,1.1368683772161603e-13,0,True,Optimization terminated successfully. (HiGHS Status 7: Optimal),793,0.0
2025-05-26,0,0.2575259580007696,42235.71440935742,144,20,3746,2025-05-06|2025-05-07|2025-05-08|2025-05-09|2025-05-10|2025-05-11|2025-05-12|2025-05-13|2025-05-14|2025-05-15|2025-05-16|2025-05-17|2025-05-18|2025-05-19|2025-05-20|2025-05-21|2025-05-22|2025-05-23|2025-05-24|2025-05-25,2025-05-26 00:00,2025-05-26 00:00,9.094947017729282e-13,1.1368683772161603e-13,0,True,Optimization terminated successfully. (HiGHS Status 7: Optimal),819,0.0
2025-05-27,0,0.20220808399972157,41377.37065934238,144,20,3746,2025-05-07|2025-05-08|2025-05-09|2025-05-10|2025-05-11|2025-05-12|2025-05-13|2025-05-14|2025-05-15|2025-05-16|2025-05-17|2025-05-18|2025-05-19|2025-05-20|2025-05-21|2025-05-22|2025-05-23|2025-05-24|2025-05-25|2025-05-26,2025-05-27 00:00,2025-05-27 00:00,1.0231815394945443e-12,1.1368683772161603e-13,0,True,Optimization terminated successfully. (HiGHS Status 7: Optimal),794,0.0
2025-05-28,0,0.2319687500003056,40973.23526678177,144,20,3746,2025-05-08|2025-05-09|2025-05-10|2025-05-11|2025-05-12|2025-05-13|2025-05-14|2025-05-15|2025-05-16|2025-05-17|2025-05-18|2025-05-19|2025-05-20|2025-05-21|2025-05-22|2025-05-23|2025-05-24|2025-05-25|2025-05-26|2025-05-27,2025-05-28 00:00,2025-05-28 00:00,9.094947017729282e-13,1.1368683772161603e-13,0,True,Optimization terminated successfully. (HiGHS Status 7: Optimal),803,0.0
2025-05-29,0,0.18431041699841444,41835.913718051575,144,20,3746,2025-05-09|2025-05-10|2025-05-11|2025-05-12|2025-05-13|2025-05-14|2025-05-15|2025-05-16|2025-05-17|2025-05-18|2025-05-19|2025-05-20|2025-05-21|2025-05-22|2025-05-23|2025-05-24|2025-05-25|2025-05-26|2025-05-27|2025-05-28,2025-05-29 00:00,2025-05-29 00:00,7.958078640513122e-13,1.1368683772161603e-13,0,True,Optimization terminated successfully. (HiGHS Status 7: Optimal),785,0.0
2025-05-30,0,0.17282587499903457,13862.859103619037,144,20,3746,2025-05-10|2025-05-11|2025-05-12|2025-05-13|2025-05-14|2025-05-15|2025-05-16|2025-05-17|2025-05-18|2025-05-19|2025-05-20|2025-05-21|2025-05-22|2025-05-23|2025-05-24|2025-05-25|2025-05-26|2025-05-27|2025-05-28|2025-05-29,2025-05-30 00:00,2025-05-30 00:00,9.094947017729282e-13,5.684341886080802e-14,0,True,Optimization terminated successfully. (HiGHS Status 7: Optimal),598,0.0
2025-05-31,0,0.16939758300031826,13960.361467518453,144,20,3746,2025-05-11|2025-05-12|2025-05-13|2025-05-14|2025-05-15|2025-05-16|2025-05-17|2025-05-18|2025-05-19|2025-05-20|2025-05-21|2025-05-22|2025-05-23|2025-05-24|2025-05-25|2025-05-26|2025-05-27|2025-05-28|2025-05-29|2025-05-30,2025-05-31 00:00,2025-05-31 00:00,9.094947017729282e-13,5.684341886080802e-14,0,True,Optimization terminated successfully. (HiGHS Status 7: Optimal),597,0.0
2025-06-01,0,0.16565158299999894,40829.365894627066,144,20,3746,2025-05-12|2025-05-13|2025-05-14|2025-05-15|2025-05-16|2025-05-17|2025-05-18|2025-05-19|2025-05-20|2025-05-21|2025-05-22|2025-05-23|2025-05-24|2025-05-25|2025-05-26|2025-05-27|2025-05-28|2025-05-29|2025-05-30|2025-05-31,2025-06-01 00:00,2025-06-01 00:00,8.881784197001252e-13,2.2737367544323206e-13,0,True,Optimization terminated successfully. (HiGHS Status 7: Optimal),794,0.0
2025-06-02,0,0.16656004099968413,43028.84181179222,144,20,3746,2025-05-13|2025-05-14|2025-05-15|2025-05-16|2025-05-17|2025-05-18|2025-05-19|2025-05-20|2025-05-21|2025-05-22|2025-05-23|2025-05-24|2025-05-25|2025-05-26|2025-05-27|2025-05-28|2025-05-29|2025-05-30|2025-05-31|2025-06-01,2025-06-02 00:00,2025-06-02 00:00,1.0231815394945443e-12,2.2737367544323206e-13,0,True,Optimization terminated successfully. (HiGHS Status 7: Optimal),813,0.0
2025-06-03,0,0.15099504200043157,45271.40213335557,144,20,3746,2025-05-14|2025-05-15|2025-05-16|2025-05-17|2025-05-18|2025-05-19|2025-05-20|2025-05-21|2025-05-22|2025-05-23|2025-05-24|2025-05-25|2025-05-26|2025-05-27|2025-05-28|2025-05-29|2025-05-30|2025-05-31|2025-06-01|2025-06-02,2025-06-03 00:00,2025-06-03 00:00,8.08464406532039e-13,1.1368683772161603e-13,0,True,Optimization terminated successfully. (HiGHS Status 7: Optimal),796,0.0
2025-06-04,0,0.17196395799874153,47235.26932251456,144,20,3746,2025-05-15|2025-05-16|2025-05-17|2025-05-18|2025-05-19|2025-05-20|2025-05-21|2025-05-22|2025-05-23|2025-05-24|2025-05-25|2025-05-26|2025-05-27|2025-05-28|2025-05-29|2025-05-30|2025-05-31|2025-06-01|2025-06-02|2025-06-03,2025-06-04 00:00,2025-06-04 00:00,9.094947017729282e-13,1.1368683772161603e-13,0,True,Optimization terminated successfully. (HiGHS Status 7: Optimal),821,0.0
2025-06-05,0,0.19111112500104355,48845.72722344347,144,20,3746,2025-05-16|2025-05-17|2025-05-18|2025-05-19|2025-05-20|2025-05-21|2025-05-22|2025-05-23|2025-05-24|2025-05-25|2025-05-26|2025-05-27|2025-05-28|2025-05-29|2025-05-30|2025-05-31|2025-06-01|2025-06-02|2025-06-03|2025-06-04,2025-06-05 00:00,2025-06-05 00:00,1.0231815394945443e-12,5.684341886080802e-14,0,True,Optimization terminated successfully. (HiGHS Status 7: Optimal),829,0.0
2025-06-06,0,0.14574474999972153,16463.972503163826,144,20,3746,2025-05-17|2025-05-18|2025-05-19|2025-05-20|2025-05-21|2025-05-22|2025-05-23|2025-05-24|2025-05-25|2025-05-26|2025-05-27|2025-05-28|2025-05-29|2025-05-30|2025-05-31|2025-06-01|2025-06-02|2025-06-03|2025-06-04|2025-06-05,2025-06-06 00:00,2025-06-06 00:00,9.094947017729282e-13,5.684341886080802e-14,0,True,Optimization terminated successfully. (HiGHS Status 7: Optimal),626,0.0
2025-06-07,0,0.16585045800093212,17379.840426429262,144,20,3746,2025-05-18|2025-05-19|2025-05-20|2025-05-21|2025-05-22|2025-05-23|2025-05-24|2025-05-25|2025-05-26|2025-05-27|2025-05-28|2025-05-29|2025-05-30|2025-05-31|2025-06-01|2025-06-02|2025-06-03|2025-06-04|2025-06-05|2025-06-06,2025-06-07 00:00,2025-06-07 00:00,9.094947017729282e-13,1.1368683772161603e-13,0,True,Optimization terminated successfully. (HiGHS Status 7: Optimal),671,0.0
2025-06-08,0,0.20188812500055064,57403.38477276785,144,20,3746,2025-05-19|2025-05-20|2025-05-21|2025-05-22|2025-05-23|2025-05-24|2025-05-25|2025-05-26|2025-05-27|2025-05-28|2025-05-29|2025-05-30|2025-05-31|2025-06-01|2025-06-02|2025-06-03|2025-06-04|2025-06-05|2025-06-06|2025-06-07,2025-06-08 00:00,2025-06-08 00:00,9.094947017729282e-13,2.2737367544323206e-13,0,True,Optimization terminated successfully. (HiGHS Status 7: Optimal),819,0.0
2025-06-09,0,0.1745200000004843,56207.154986329246,144,20,3746,2025-05-20|2025-05-21|2025-05-22|2025-05-23|2025-05-24|2025-05-25|2025-05-26|2025-05-27|2025-05-28|2025-05-29|2025-05-30|2025-05-31|2025-06-01|2025-06-02|2025-06-03|2025-06-04|2025-06-05|2025-06-06|2025-06-07|2025-06-08,2025-06-09 00:00,2025-06-09 00:00,9.094947017729282e-13,1.1368683772161603e-13,0,True,Optimization terminated successfully. (HiGHS Status 7: Optimal),804,0.0
2025-06-10,0,0.147892041999512,57183.54653393481,144,20,3746,2025-05-21|2025-05-22|2025-05-23|2025-05-24|2025-05-25|2025-05-26|2025-05-27|2025-05-28|2025-05-29|2025-05-30|2025-05-31|2025-06-01|2025-06-02|2025-06-03|2025-06-04|2025-06-05|2025-06-06|2025-06-07|2025-06-08|2025-06-09,2025-06-10 00:00,2025-06-10 00:00,7.958078640513122e-13,2.2737367544323206e-13,0,True,Optimization terminated successfully. (HiGHS Status 7: Optimal),808,0.0
2025-06-11,0,0.18455537499903585,57553.83722074479,144,20,3746,2025-05-22|2025-05-23|2025-05-24|2025-05-25|2025-05-26|2025-05-27|2025-05-28|2025-05-29|2025-05-30|2025-05-31|2025-06-01|2025-06-02|2025-06-03|2025-06-04|2025-06-05|2025-06-06|2025-06-07|2025-06-08|2025-06-09|2025-06-10,2025-06-11 00:00,2025-06-11 00:00,7.958078640513122e-13,1.1368683772161603e-13,0,True,Optimization terminated successfully. (HiGHS Status 7: Optimal),809,0.0
2025-06-12,0,0.1797158749996015,59431.444056046625,144,20,3746,2025-05-23|2025-05-24|2025-05-25|2025-05-26|2025-05-27|2025-05-28|2025-05-29|2025-05-30|2025-05-31|2025-06-01|2025-06-02|2025-06-03|2025-06-04|2025-06-05|2025-06-06|2025-06-07|2025-06-08|2025-06-09|2025-06-10|2025-06-11,2025-06-12 00:00,2025-06-12 00:00,9.094947017729282e-13,2.2737367544323206e-13,0,True,Optimization terminated successfully. (HiGHS Status 7: Optimal),814,0.0
2025-06-13,0,0.14735720800126728,20655.407415964448,144,20,3746,2025-05-24|2025-05-25|2025-05-26|2025-05-27|2025-05-28|2025-05-29|2025-05-30|2025-05-31|2025-06-01|2025-06-02|2025-06-03|2025-06-04|2025-06-05|2025-06-06|2025-06-07|2025-06-08|2025-06-09|2025-06-10|2025-06-11|2025-06-12,2025-06-13 00:00,2025-06-13 00:00,9.094947017729282e-13,1.1368683772161603e-13,0,True,Optimization terminated successfully. (HiGHS Status 7: Optimal),721,0.0
2025-06-14,0,0.19867808299932221,21266.829163949555,144,20,3746,2025-05-25|2025-05-26|2025-05-27|2025-05-28|2025-05-29|2025-05-30|2025-05-31|2025-06-01|2025-06-02|2025-06-03|2025-06-04|2025-06-05|2025-06-06|2025-06-07|2025-06-08|2025-06-09|2025-06-10|2025-06-11|2025-06-12|2025-06-13,2025-06-14 00:00,2025-06-14 00:00,8.100187187665142e-13,1.1368683772161603e-13,0,True,Optimization terminated successfully. (HiGHS Status 7: Optimal),740,0.0
2025-06-15,0,0.18223808299990196,63326.52284308391,144,20,3746,2025-05-26|2025-05-27|2025-05-28|2025-05-29|2025-05-30|2025-05-31|2025-06-01|2025-06-02|2025-06-03|2025-06-04|2025-06-05|2025-06-06|2025-06-07|2025-06-08|2025-06-09|2025-06-10|2025-06-11|2025-06-12|2025-06-13|2025-06-14,2025-06-15 00:00,2025-06-15 00:00,9.094947017729282e-13,2.2737367544323206e-13,0,True,Optimization terminated successfully. (HiGHS Status 7: Optimal),810,0.0
2025-06-16,0,0.15683179100051348,64229.60737316393,144,20,3746,2025-05-27|2025-05-28|2025-05-29|2025-05-30|2025-05-31|2025-06-01|2025-06-02|2025-06-03|2025-06-04|2025-06-05|2025-06-06|2025-06-07|2025-06-08|2025-06-09|2025-06-10|2025-06-11|2025-06-12|2025-06-13|2025-06-14|2025-06-15,2025-06-16 00:00,2025-06-16 00:00,1.0231815394945443e-12,2.2737367544323206e-13,0,True,Optimization terminated successfully. (HiGHS Status 7: Optimal),809,0.0
2025-06-17,0,0.2219897499999206,64881.63612051347,144,20,3746,2025-05-28|2025-05-29|2025-05-30|2025-05-31|2025-06-01|2025-06-02|2025-06-03|2025-06-04|2025-06-05|2025-06-06|2025-06-07|2025-06-08|2025-06-09|2025-06-10|2025-06-11|2025-06-12|2025-06-13|2025-06-14|2025-06-15|2025-06-16,2025-06-17 00:00,2025-06-17 00:00,9.094947017729282e-13,2.2737367544323206e-13,0,True,Optimization terminated successfully. (HiGHS Status 7: Optimal),816,0.0
2025-06-18,0,0.1841957500000717,66504.69494418812,144,20,3746,2025-05-29|2025-05-30|2025-05-31|2025-06-01|2025-06-02|2025-06-03|2025-06-04|2025-06-05|2025-06-06|2025-06-07|2025-06-08|2025-06-09|2025-06-10|2025-06-11|2025-06-12|2025-06-13|2025-06-14|2025-06-15|2025-06-16|2025-06-17,2025-06-18 00:00,2025-06-18 00:00,7.958078640513122e-13,0.0,0,True,Optimization terminated successfully. (HiGHS Status 7: Optimal),823,0.0
2025-06-19,0,0.2908980829997745,66872.06684387193,144,20,3746,2025-05-30|2025-05-31|2025-06-01|2025-06-02|2025-06-03|2025-06-04|2025-06-05|2025-06-06|2025-06-07|2025-06-08|2025-06-09|2025-06-10|2025-06-11|2025-06-12|2025-06-13|2025-06-14|2025-06-15|2025-06-16|2025-06-17|2025-06-18,2025-06-19 00:00,2025-06-19 00:00,7.958078640513122e-13,5.684341886080802e-14,0,True,Optimization terminated successfully. (HiGHS Status 7: Optimal),822,0.0
2025-06-20,0,0.12960712499989313,24932.245825613947,144,20,3746,2025-05-31|2025-06-01|2025-06-02|2025-06-03|2025-06-04|2025-06-05|2025-06-06|2025-06-07|2025-06-08|2025-06-09|2025-06-10|2025-06-11|2025-06-12|2025-06-13|2025-06-14|2025-06-15|2025-06-16|2025-06-17|2025-06-18|2025-06-19,2025-06-20 00:00,2025-06-20 00:00,8.810729923425242e-13,1.1368683772161603e-13,0,True,Optimization terminated successfully. (HiGHS Status 7: Optimal),746,0.0
2025-06-21,0,0.17263216600076703,24444.93384523433,144,20,3746,2025-06-01|2025-06-02|2025-06-03|2025-06-04|2025-06-05|2025-06-06|2025-06-07|2025-06-08|2025-06-09|2025-06-10|2025-06-11|2025-06-12|2025-06-13|2025-06-14|2025-06-15|2025-06-16|2025-06-17|2025-06-18|2025-06-19|2025-06-20,2025-06-21 00:00,2025-06-21 00:00,8.419931418757187e-13,1.1368683772161603e-13,0,True,Optimization terminated successfully. (HiGHS Status 7: Optimal),752,0.0
2025-06-22,0,0.14950733300065622,68890.38531264658,144,20,3746,2025-06-02|2025-06-03|2025-06-04|2025-06-05|2025-06-06|2025-06-07|2025-06-08|2025-06-09|2025-06-10|2025-06-11|2025-06-12|2025-06-13|2025-06-14|2025-06-15|2025-06-16|2025-06-17|2025-06-18|2025-06-19|2025-06-20|2025-06-21,2025-06-22 00:00,2025-06-22 00:00,7.958078640513122e-13,2.2737367544323206e-13,0,True,Optimization terminated successfully. (HiGHS Status 7: Optimal),817,0.0
2025-06-23,0,0.16264316600063466,71475.42883641657,144,20,3746,2025-06-03|2025-06-04|2025-06-05|2025-06-06|2025-06-07|2025-06-08|2025-06-09|2025-06-10|2025-06-11|2025-06-12|2025-06-13|2025-06-14|2025-06-15|2025-06-16|2025-06-17|2025-06-18|2025-06-19|2025-06-20|2025-06-21|2025-06-22,2025-06-23 00:00,2025-06-23 00:00,9.094947017729282e-13,2.2737367544323206e-13,0,True,Optimization terminated successfully. (HiGHS Status 7: Optimal),805,0.0
2025-06-24,0,0.15119862500068848,69910.4264931217,144,20,3746,2025-06-04|2025-06-05|2025-06-06|2025-06-07|2025-06-08|2025-06-09|2025-06-10|2025-06-11|2025-06-12|2025-06-13|2025-06-14|2025-06-15|2025-06-16|2025-06-17|2025-06-18|2025-06-19|2025-06-20|2025-06-21|2025-06-22|2025-06-23,2025-06-24 00:00,2025-06-24 00:00,7.958078640513122e-13,5.684341886080802e-14,0,True,Optimization terminated successfully. (HiGHS Status 7: Optimal),818,0.0
2025-06-25,0,0.14645158299936156,70930.4140494265,144,20,3746,2025-06-05|2025-06-06|2025-06-07|2025-06-08|2025-06-09|2025-06-10|2025-06-11|2025-06-12|2025-06-13|2025-06-14|2025-06-15|2025-06-16|2025-06-17|2025-06-18|2025-06-19|2025-06-20|2025-06-21|2025-06-22|2025-06-23|2025-06-24,2025-06-25 00:00,2025-06-25 00:00,9.094947017729282e-13,2.2737367544323206e-13,0,True,Optimization terminated successfully. (HiGHS Status 7: Optimal),815,0.0
2025-06-26,0,0.14693808299853117,69889.39866097637,144,20,3746,2025-06-06|2025-06-07|2025-06-08|2025-06-09|2025-06-10|2025-06-11|2025-06-12|2025-06-13|2025-06-14|2025-06-15|2025-06-16|2025-06-17|2025-06-18|2025-06-19|2025-06-20|2025-06-21|2025-06-22|2025-06-23|2025-06-24|2025-06-25,2025-06-26 00:00,2025-06-26 00:00,7.958078640513122e-13,1.1368683772161603e-13,0,True,Optimization terminated successfully. (HiGHS Status 7: Optimal),813,0.0
2025-06-27,0,0.1601785419989028,25366.417628259627,144,20,3746,2025-06-07|2025-06-08|2025-06-09|2025-06-10|2025-06-11|2025-06-12|2025-06-13|2025-06-14|2025-06-15|2025-06-16|2025-06-17|2025-06-18|2025-06-19|2025-06-20|2025-06-21|2025-06-22|2025-06-23|2025-06-24|2025-06-25|2025-06-26,2025-06-27 00:00,2025-06-27 00:00,8.526512829121202e-13,5.684341886080802e-14,0,True,Optimization terminated successfully. (HiGHS Status 7: Optimal),739,0.0
2025-06-28,0,0.17124379099914222,23850.428525730622,144,20,3746,2025-06-08|2025-06-09|2025-06-10|2025-06-11|2025-06-12|2025-06-13|2025-06-14|2025-06-15|2025-06-16|2025-06-17|2025-06-18|2025-06-19|2025-06-20|2025-06-21|2025-06-22|2025-06-23|2025-06-24|2025-06-25|2025-06-26|2025-06-27,2025-06-28 00:00,2025-06-28 00:00,9.094947017729282e-13,5.684341886080802e-14,0,True,Optimization terminated successfully. (HiGHS Status 7: Optimal),758,0.0
2025-06-29,0,0.13381883299916808,69181.22142854425,144,20,3746,2025-06-09|2025-06-10|2025-06-11|2025-06-12|2025-06-13|2025-06-14|2025-06-15|2025-06-16|2025-06-17|2025-06-18|2025-06-19|2025-06-20|2025-06-21|2025-06-22|2025-06-23|2025-06-24|2025-06-25|2025-06-26|2025-06-27|2025-06-28,2025-06-29 00:00,2025-06-29 00:00,7.958078640513122e-13,2.2737367544323206e-13,0,True,Optimization terminated successfully. (HiGHS Status 7: Optimal),818,0.0
2025-06-30,0,0.1510332500001823,70115.1974173212,144,20,3746,2025-06-10|2025-06-11|2025-06-12|2025-06-13|2025-06-14|2025-06-15|2025-06-16|2025-06-17|2025-06-18|2025-06-19|2025-06-20|2025-06-21|2025-06-22|2025-06-23|2025-06-24|2025-06-25|2025-06-26|2025-06-27|2025-06-28|2025-06-29,2025-06-30 00:00,2025-06-30 00:00,9.094947017729282e-13,2.2737367544323206e-13,0,True,Optimization terminated successfully. (HiGHS Status 7: Optimal),803,0.0
2025-07-01,0,0.1379064170014317,71955.12936543534,144,20,3746,2025-06-11|2025-06-12|2025-06-13|2025-06-14|2025-06-15|2025-06-16|2025-06-17|2025-06-18|2025-06-19|2025-06-20|2025-06-21|2025-06-22|2025-06-23|2025-06-24|2025-06-25|2025-06-26|2025-06-27|2025-06-28|2025-06-29|2025-06-30,2025-07-01 00:00,2025-07-01 00:00,7.958078640513122e-13,1.1368683772161603e-13,0,True,Optimization terminated successfully. (HiGHS Status 7: Optimal),816,0.0
2025-07-02,0,0.16161749999992026,70133.27200278663,144,20,3746,2025-06-12|2025-06-13|2025-06-14|2025-06-15|2025-06-16|2025-06-17|2025-06-18|2025-06-19|2025-06-20|2025-06-21|2025-06-22|2025-06-23|2025-06-24|2025-06-25|2025-06-26|2025-06-27|2025-06-28|2025-06-29|2025-06-30|2025-07-01,2025-07-02 00:00,2025-07-02 00:00,7.958078640513122e-13,1.1368683772161603e-13,0,True,Optimization terminated successfully. (HiGHS Status 7: Optimal),804,0.0
2025-07-03,0,0.16254645899971365,68053.44075121058,144,20,3746,2025-06-13|2025-06-14|2025-06-15|2025-06-16|2025-06-17|2025-06-18|2025-06-19|2025-06-20|2025-06-21|2025-06-22|2025-06-23|2025-06-24|2025-06-25|2025-06-26|2025-06-27|2025-06-28|2025-06-29|2025-06-30|2025-07-01|2025-07-02,2025-07-03 00:00,2025-07-03 00:00,8.526512829121202e-13,2.2737367544323206e-13,0,True,Optimization terminated successfully. (HiGHS Status 7: Optimal),804,0.0
2025-07-04,0,0.13866874999985157,25919.63807335476,144,20,3746,2025-06-14|2025-06-15|2025-06-16|2025-06-17|2025-06-18|2025-06-19|2025-06-20|2025-06-21|2025-06-22|2025-06-23|2025-06-24|2025-06-25|2025-06-26|2025-06-27|2025-06-28|2025-06-29|2025-06-30|2025-07-01|2025-07-02|2025-07-03,2025-07-04 00:00,2025-07-04 00:00,9.094947017729282e-13,1.1368683772161603e-13,0,True,Optimization terminated successfully. (HiGHS Status 7: Optimal),742,0.0
2025-07-05,0,0.17603999999846565,25653.88703643016,144,20,3746,2025-06-15|2025-06-16|2025-06-17|2025-06-18|2025-06-19|2025-06-20|2025-06-21|2025-06-22|2025-06-23|2025-06-24|2025-06-25|2025-06-26|2025-06-27|2025-06-28|2025-06-29|2025-06-30|2025-07-01|2025-07-02|2025-07-03|2025-07-04,2025-07-05 00:00,2025-07-05 00:00,9.094947017729282e-13,1.1368683772161603e-13,0,True,Optimization terminated successfully. (HiGHS Status 7: Optimal),738,0.0
2025-07-06,0,0.14457312500053376,66114.46591802165,144,20,3746,2025-06-16|2025-06-17|2025-06-18|2025-06-19|2025-06-20|2025-06-21|2025-06-22|2025-06-23|2025-06-24|2025-06-25|2025-06-26|2025-06-27|2025-06-28|2025-06-29|2025-06-30|2025-07-01|2025-07-02|2025-07-03|2025-07-04|2025-07-05,2025-07-06 00:00,2025-07-06 00:00,9.094947017729282e-13,2.2737367544323206e-13,0,True,Optimization terminated successfully. (HiGHS Status 7: Optimal),805,0.0
2025-07-07,0,0.12884304100043664,68129.4393888864,144,20,3746,2025-06-17|2025-06-18|2025-06-19|2025-06-20|2025-06-21|2025-06-22|2025-06-23|2025-06-24|2025-06-25|2025-06-26|2025-06-27|2025-06-28|2025-06-29|2025-06-30|2025-07-01|2025-07-02|2025-07-03|2025-07-04|2025-07-05|2025-07-06,2025-07-07 00:00,2025-07-07 00:00,7.958078640513122e-13,0.0,0,True,Optimization terminated successfully. (HiGHS Status 7: Optimal),822,0.0
2025-07-08,0,0.13296887500109733,73242.59139673617,144,20,3746,2025-06-18|2025-06-19|2025-06-20|2025-06-21|2025-06-22|2025-06-23|2025-06-24|2025-06-25|2025-06-26|2025-06-27|2025-06-28|2025-06-29|2025-06-30|2025-07-01|2025-07-02|2025-07-03|2025-07-04|2025-07-05|2025-07-06|2025-07-07,2025-07-08 00:00,2025-07-08 00:00,7.958078640513122e-13,2.2737367544323206e-13,0,True,Optimization terminated successfully. (HiGHS Status 7: Optimal),805,0.0
2025-07-09,0,0.1442436249999446,69888.08375646277,144,20,3746,2025-06-19|2025-06-20|2025-06-21|2025-06-22|2025-06-23|2025-06-24|2025-06-25|2025-06-26|2025-06-27|2025-06-28|2025-06-29|2025-06-30|2025-07-01|2025-07-02|2025-07-03|2025-07-04|2025-07-05|2025-07-06|2025-07-07|2025-07-08,2025-07-09 00:00,2025-07-09 00:00,9.094947017729282e-13,5.684341886080802e-14,0,True,Optimization terminated successfully. (HiGHS Status 7: Optimal),797,0.0
2025-07-10,0,0.1258670000006532,69481.69284725911,144,20,3746,2025-06-20|2025-06-21|2025-06-22|2025-06-23|2025-06-24|2025-06-25|2025-06-26|2025-06-27|2025-06-28|2025-06-29|2025-06-30|2025-07-01|2025-07-02|2025-07-03|2025-07-04|2025-07-05|2025-07-06|2025-07-07|2025-07-08|2025-07-09,2025-07-10 00:00,2025-07-10 00:00,9.094947017729282e-13,1.1368683772161603e-13,0,True,Optimization terminated successfully. (HiGHS Status 7: Optimal),805,0.0
2025-07-11,0,0.11306083299859893,27036.872842938872,144,20,3746,2025-06-21|2025-06-22|2025-06-23|2025-06-24|2025-06-25|2025-06-26|2025-06-27|2025-06-28|2025-06-29|2025-06-30|2025-07-01|2025-07-02|2025-07-03|2025-07-04|2025-07-05|2025-07-06|2025-07-07|2025-07-08|2025-07-09|2025-07-10,2025-07-11 00:00,2025-07-11 00:00,7.389644451905042e-13,2.2737367544323206e-13,0,True,Optimization terminated successfully. (HiGHS Status 7: Optimal),705,0.0
2025-07-12,0,0.13535312499880092,26973.605168280163,144,20,3746,2025-06-22|2025-06-23|2025-06-24|2025-06-25|2025-06-26|2025-06-27|2025-06-28|2025-06-29|2025-06-30|2025-07-01|2025-07-02|2025-07-03|2025-07-04|2025-07-05|2025-07-06|2025-07-07|2025-07-08|2025-07-09|2025-07-10|2025-07-11,2025-07-12 00:00,2025-07-12 00:00,8.86402062860725e-13,1.1368683772161603e-13,0,True,Optimization terminated successfully. (HiGHS Status 7: Optimal),682,0.0
2025-07-13,0,0.17485508299978392,69594.06889689791,144,20,3746,2025-06-23|2025-06-24|2025-06-25|2025-06-26|2025-06-27|2025-06-28|2025-06-29|2025-06-30|2025-07-01|2025-07-02|2025-07-03|2025-07-04|2025-07-05|2025-07-06|2025-07-07|2025-07-08|2025-07-09|2025-07-10|2025-07-11|2025-07-12,2025-07-13 00:00,2025-07-13 00:00,8.526512829121202e-13,0.0,0,True,Optimization terminated successfully. (HiGHS Status 7: Optimal),805,0.0
2025-07-14,0,0.12932712499969057,68104.50888410091,144,20,3746,2025-06-24|2025-06-25|2025-06-26|2025-06-27|2025-06-28|2025-06-29|2025-06-30|2025-07-01|2025-07-02|2025-07-03|2025-07-04|2025-07-05|2025-07-06|2025-07-07|2025-07-08|2025-07-09|2025-07-10|2025-07-11|2025-07-12|2025-07-13,2025-07-14 00:00,2025-07-14 00:00,9.094947017729282e-13,5.684341886080802e-14,0,True,Optimization terminated successfully. (HiGHS Status 7: Optimal),830,0.0
2025-07-15,0,0.11210354100148834,73723.32042665128,144,20,3746,2025-06-25|2025-06-26|2025-06-27|2025-06-28|2025-06-29|2025-06-30|2025-07-01|2025-07-02|2025-07-03|2025-07-04|2025-07-05|2025-07-06|2025-07-07|2025-07-08|2025-07-09|2025-07-10|2025-07-11|2025-07-12|2025-07-13|2025-07-14,2025-07-15 00:00,2025-07-15 00:00,8.526512829121202e-13,2.2737367544323206e-13,0,True,Optimization terminated successfully. (HiGHS Status 7: Optimal),806,0.0
2025-07-16,0,0.09857670900055382,69159.05212310539,144,20,3746,2025-06-26|2025-06-27|2025-06-28|2025-06-29|2025-06-30|2025-07-01|2025-07-02|2025-07-03|2025-07-04|2025-07-05|2025-07-06|2025-07-07|2025-07-08|2025-07-09|2025-07-10|2025-07-11|2025-07-12|2025-07-13|2025-07-14|2025-07-15,2025-07-16 00:00,2025-07-16 00:00,9.094947017729282e-13,1.1368683772161603e-13,0,True,Optimization terminated successfully. (HiGHS Status 7: Optimal),810,0.0
2025-07-17,0,0.08241579199966509,69444.13001776344,144,20,3746,2025-06-27|2025-06-28|2025-06-29|2025-06-30|2025-07-01|2025-07-02|2025-07-03|2025-07-04|2025-07-05|2025-07-06|2025-07-07|2025-07-08|2025-07-09|2025-07-10|2025-07-11|2025-07-12|2025-07-13|2025-07-14|2025-07-15|2025-07-16,2025-07-17 00:00,2025-07-17 00:00,9.094947017729282e-13,2.2737367544323206e-13,0,True,Optimization terminated successfully. (HiGHS Status 7: Optimal),809,0.0
2025-07-18,0,0.09369187500124099,29317.19268402091,144,20,3746,2025-06-28|2025-06-29|2025-06-30|2025-07-01|2025-07-02|2025-07-03|2025-07-04|2025-07-05|2025-07-06|2025-07-07|2025-07-08|2025-07-09|2025-07-10|2025-07-11|2025-07-12|2025-07-13|2025-07-14|2025-07-15|2025-07-16|2025-07-17,2025-07-18 00:00,2025-07-18 00:00,8.526512829121202e-13,2.842170943040401e-14,0,True,Optimization terminated successfully. (HiGHS Status 7: Optimal),637,0.0
2025-07-19,0,0.12135004199990362,29248.07455860856,144,20,3746,2025-06-29|2025-06-30|2025-07-01|2025-07-02|2025-07-03|2025-07-04|2025-07-05|2025-07-06|2025-07-07|2025-07-08|2025-07-09|2025-07-10|2025-07-11|2025-07-12|2025-07-13|2025-07-14|2025-07-15|2025-07-16|2025-07-17|2025-07-18,2025-07-19 00:00,2025-07-19 00:00,8.29558643999917e-13,0.0,0,True,Optimization terminated successfully. (HiGHS Status 7: Optimal),642,0.0
2025-07-20,0,0.11226924999937182,68738.47690779716,144,20,3746,2025-06-30|2025-07-01|2025-07-02|2025-07-03|2025-07-04|2025-07-05|2025-07-06|2025-07-07|2025-07-08|2025-07-09|2025-07-10|2025-07-11|2025-07-12|2025-07-13|2025-07-14|2025-07-15|2025-07-16|2025-07-17|2025-07-18|2025-07-19,2025-07-20 00:00,2025-07-20 00:00,8.100187187665142e-13,2.2737367544323206e-13,0,True,Optimization terminated successfully. (HiGHS Status 7: Optimal),809,0.0
2025-07-21,0,0.09407145799923455,67577.72091713836,144,20,3746,2025-07-01|2025-07-02|2025-07-03|2025-07-04|2025-07-05|2025-07-06|2025-07-07|2025-07-08|2025-07-09|2025-07-10|2025-07-11|2025-07-12|2025-07-13|2025-07-14|2025-07-15|2025-07-16|2025-07-17|2025-07-18|2025-07-19|2025-07-20,2025-07-21 00:00,2025-07-21 00:00,8.100187187665142e-13,2.2737367544323206e-13,0,True,Optimization terminated successfully. (HiGHS Status 7: Optimal),813,0.0
2025-07-22,0,0.08812962499905552,73906.35868187068,144,20,3746,2025-07-02|2025-07-03|2025-07-04|2025-07-05|2025-07-06|2025-07-07|2025-07-08|2025-07-09|2025-07-10|2025-07-11|2025-07-12|2025-07-13|2025-07-14|2025-07-15|2025-07-16|2025-07-17|2025-07-18|2025-07-19|2025-07-20|2025-07-21,2025-07-22 00:00,2025-07-22 00:00,9.094947017729282e-13,2.2737367544323206e-13,0,True,Optimization terminated successfully. (HiGHS Status 7: Optimal),811,0.0
2025-07-23,0,0.13397812500079453,70452.93853190652,144,20,3746,2025-07-03|2025-07-04|2025-07-05|2025-07-06|2025-07-07|2025-07-08|2025-07-09|2025-07-10|2025-07-11|2025-07-12|2025-07-13|2025-07-14|2025-07-15|2025-07-16|2025-07-17|2025-07-18|2025-07-19|2025-07-20|2025-07-21|2025-07-22,2025-07-23 00:00,2025-07-23 00:00,9.094947017729282e-13,1.1368683772161603e-13,0,True,Optimization terminated successfully. (HiGHS Status 7: Optimal),793,0.0
2025-07-24,0,0.1061520000002929,70792.86851313496,144,20,3746,2025-07-04|2025-07-05|2025-07-06|2025-07-07|2025-07-08|2025-07-09|2025-07-10|2025-07-11|2025-07-12|2025-07-13|2025-07-14|2025-07-15|2025-07-16|2025-07-17|2025-07-18|2025-07-19|2025-07-20|2025-07-21|2025-07-22|2025-07-23,2025-07-24 00:00,2025-07-24 00:00,8.384404281969182e-13,2.2737367544323206e-13,0,True,Optimization terminated successfully. (HiGHS Status 7: Optimal),794,0.0
2025-07-25,0,0.08883349999996426,30445.285737617603,144,20,3746,2025-07-05|2025-07-06|2025-07-07|2025-07-08|2025-07-09|2025-07-10|2025-07-11|2025-07-12|2025-07-13|2025-07-14|2025-07-15|2025-07-16|2025-07-17|2025-07-18|2025-07-19|2025-07-20|2025-07-21|2025-07-22|2025-07-23|2025-07-24,2025-07-25 00:00,2025-07-25 00:00,8.526512829121202e-13,1.1368683772161603e-13,0,True,Optimization terminated successfully. (HiGHS Status 7: Optimal),642,0.0
2025-07-26,0,0.0932799160000286,30319.21314902951,144,20,3746,2025-07-06|2025-07-07|2025-07-08|2025-07-09|2025-07-10|2025-07-11|2025-07-12|2025-07-13|2025-07-14|2025-07-15|2025-07-16|2025-07-17|2025-07-18|2025-07-19|2025-07-20|2025-07-21|2025-07-22|2025-07-23|2025-07-24|2025-07-25,2025-07-26 00:00,2025-07-26 00:00,7.389644451905042e-13,0.0,0,True,Optimization terminated successfully. (HiGHS Status 7: Optimal),643,0.0
2025-07-27,0,0.08816962499986403,67904.95585613167,144,20,3746,2025-07-07|2025-07-08|2025-07-09|2025-07-10|2025-07-11|2025-07-12|2025-07-13|2025-07-14|2025-07-15|2025-07-16|2025-07-17|2025-07-18|2025-07-19|2025-07-20|2025-07-21|2025-07-22|2025-07-23|2025-07-24|2025-07-25|2025-07-26,2025-07-27 00:00,2025-07-27 00:00,9.094947017729282e-13,2.2737367544323206e-13,0,True,Optimization terminated successfully. (HiGHS Status 7: Optimal),816,0.0
2025-07-28,0,0.11029799999960233,67217.75228307075,144,20,3746,2025-07-08|2025-07-09|2025-07-10|2025-07-11|2025-07-12|2025-07-13|2025-07-14|2025-07-15|2025-07-16|2025-07-17|2025-07-18|2025-07-19|2025-07-20|2025-07-21|2025-07-22|2025-07-23|2025-07-24|2025-07-25|2025-07-26|2025-07-27,2025-07-28 00:00,2025-07-28 00:00,9.094947017729282e-13,1.1368683772161603e-13,0,True,Optimization terminated successfully. (HiGHS Status 7: Optimal),817,0.0
2025-07-29,0,0.09576020799977414,71464.15749546966,144,20,3746,2025-07-09|2025-07-10|2025-07-11|2025-07-12|2025-07-13|2025-07-14|2025-07-15|2025-07-16|2025-07-17|2025-07-18|2025-07-19|2025-07-20|2025-07-21|2025-07-22|2025-07-23|2025-07-24|2025-07-25|2025-07-26|2025-07-27|2025-07-28,2025-07-29 00:00,2025-07-29 00:00,9.094947017729282e-13,2.2737367544323206e-13,0,True,Optimization terminated successfully. (HiGHS Status 7: Optimal),821,0.0
2025-07-30,0,0.1427220000005036,69858.6850694061,144,20,3746,2025-07-10|2025-07-11|2025-07-12|2025-07-13|2025-07-14|2025-07-15|2025-07-16|2025-07-17|2025-07-18|2025-07-19|2025-07-20|2025-07-21|2025-07-22|2025-07-23|2025-07-24|2025-07-25|2025-07-26|2025-07-27|2025-07-28|2025-07-29,2025-07-30 00:00,2025-07-30 00:00,8.881784197001252e-13,2.2737367544323206e-13,0,True,Optimization terminated successfully. (HiGHS Status 7: Optimal),801,0.0
2025-07-31,0,0.08096116700107814,71133.30881530474,144,20,3746,2025-07-11|2025-07-12|2025-07-13|2025-07-14|2025-07-15|2025-07-16|2025-07-17|2025-07-18|2025-07-19|2025-07-20|2025-07-21|2025-07-22|2025-07-23|2025-07-24|2025-07-25|2025-07-26|2025-07-27|2025-07-28|2025-07-29|2025-07-30,2025-07-31 00:00,2025-07-31 00:00,7.958078640513122e-13,2.842170943040401e-14,0,True,Optimization terminated successfully. (HiGHS Status 7: Optimal),811,0.0
2025-08-01,0,0.11015845800102397,30135.66516394549,144,20,3746,2025-07-12|2025-07-13|2025-07-14|2025-07-15|2025-07-16|2025-07-17|2025-07-18|2025-07-19|2025-07-20|2025-07-21|2025-07-22|2025-07-23|2025-07-24|2025-07-25|2025-07-26|2025-07-27|2025-07-28|2025-07-29|2025-07-30|2025-07-31,2025-08-01 00:00,2025-08-01 00:00,8.526512829121202e-13,0.0,0,True,Optimization terminated successfully. (HiGHS Status 7: Optimal),635,0.0
2025-08-02,0,0.08012533299915958,29876.77609574602,144,20,3746,2025-07-13|2025-07-14|2025-07-15|2025-07-16|2025-07-17|2025-07-18|2025-07-19|2025-07-20|2025-07-21|2025-07-22|2025-07-23|2025-07-24|2025-07-25|2025-07-26|2025-07-27|2025-07-28|2025-07-29|2025-07-30|2025-07-31|2025-08-01,2025-08-02 00:00,2025-08-02 00:00,7.389644451905042e-13,2.2737367544323206e-13,0,True,Optimization terminated successfully. (HiGHS Status 7: Optimal),636,0.0
2025-08-03,0,0.1317864169996028,67830.12898449738,144,20,3746,2025-07-14|2025-07-15|2025-07-16|2025-07-17|2025-07-18|2025-07-19|2025-07-20|2025-07-21|2025-07-22|2025-07-23|2025-07-24|2025-07-25|2025-07-26|2025-07-27|2025-07-28|2025-07-29|2025-07-30|2025-07-31|2025-08-01|2025-08-02,2025-08-03 00:00,2025-08-03 00:00,8.189005029635155e-13,2.2737367544323206e-13,0,True,Optimization terminated successfully. (HiGHS Status 7: Optimal),814,0.0
2025-08-04,0,0.10849045800023305,67737.23699720217,144,20,3746,2025-07-15|2025-07-16|2025-07-17|2025-07-18|2025-07-19|2025-07-20|2025-07-21|2025-07-22|2025-07-23|2025-07-24|2025-07-25|2025-07-26|2025-07-27|2025-07-28|2025-07-29|2025-07-30|2025-07-31|2025-08-01|2025-08-02|2025-08-03,2025-08-04 00:00,2025-08-04 00:00,7.958078640513122e-13,2.2737367544323206e-13,0,True,Optimization terminated successfully. (HiGHS Status 7: Optimal),815,0.0
2025-08-05,0,0.08387237500028277,67568.5564191201,144,20,3746,2025-07-16|2025-07-17|2025-07-18|2025-07-19|2025-07-20|2025-07-21|2025-07-22|2025-07-23|2025-07-24|2025-07-25|2025-07-26|2025-07-27|2025-07-28|2025-07-29|2025-07-30|2025-07-31|2025-08-01|2025-08-02|2025-08-03|2025-08-04,2025-08-05 00:00,2025-08-05 00:00,9.094947017729282e-13,2.2737367544323206e-13,0,True,Optimization terminated successfully. (HiGHS Status 7: Optimal),825,0.0
2025-08-06,0,0.1003140410011838,66569.38348818368,144,20,3746,2025-07-17|2025-07-18|2025-07-19|2025-07-20|2025-07-21|2025-07-22|2025-07-23|2025-07-24|2025-07-25|2025-07-26|2025-07-27|2025-07-28|2025-07-29|2025-07-30|2025-07-31|2025-08-01|2025-08-02|2025-08-03|2025-08-04|2025-08-05,2025-08-06 00:00,2025-08-06 00:00,8.597567102697212e-13,1.1368683772161603e-13,0,True,Optimization terminated successfully. (HiGHS Status 7: Optimal),815,0.0
2025-08-07,0,0.10760554199987382,65892.9930544915,144,20,3746,2025-07-18|2025-07-19|2025-07-20|2025-07-21|2025-07-22|2025-07-23|2025-07-24|2025-07-25|2025-07-26|2025-07-27|2025-07-28|2025-07-29|2025-07-30|2025-07-31|2025-08-01|2025-08-02|2025-08-03|2025-08-04|2025-08-05|2025-08-06,2025-08-07 00:00,2025-08-07 00:00,9.094947017729282e-13,5.684341886080802e-14,0,True,Optimization terminated successfully. (HiGHS Status 7: Optimal),796,0.0
2025-08-08,0,0.06906324999908975,27140.59790618257,144,20,3746,2025-07-19|2025-07-20|2025-07-21|2025-07-22|2025-07-23|2025-07-24|2025-07-25|2025-07-26|2025-07-27|2025-07-28|2025-07-29|2025-07-30|2025-07-31|2025-08-01|2025-08-02|2025-08-03|2025-08-04|2025-08-05|2025-08-06|2025-08-07,2025-08-08 00:00,2025-08-08 00:00,9.094947017729282e-13,0.0,0,True,Optimization terminated successfully. (HiGHS Status 7: Optimal),624,0.0
2025-08-09,0,0.062228457998571685,26681.086565789483,144,20,3746,2025-07-20|2025-07-21|2025-07-22|2025-07-23|2025-07-24|2025-07-25|2025-07-26|2025-07-27|2025-07-28|2025-07-29|2025-07-30|2025-07-31|2025-08-01|2025-08-02|2025-08-03|2025-08-04|2025-08-05|2025-08-06|2025-08-07|2025-08-08,2025-08-09 00:00,2025-08-09 00:00,7.673861546209082e-13,0.0,0,True,Optimization terminated successfully. (HiGHS Status 7: Optimal),620,0.0
2025-08-10,0,0.07027329099946655,60357.263651510766,144,20,3746,2025-07-21|2025-07-22|2025-07-23|2025-07-24|2025-07-25|2025-07-26|2025-07-27|2025-07-28|2025-07-29|2025-07-30|2025-07-31|2025-08-01|2025-08-02|2025-08-03|2025-08-04|2025-08-05|2025-08-06|2025-08-07|2025-08-08|2025-08-09,2025-08-10 00:00,2025-08-10 00:00,1.0231815394945443e-12,1.1368683772161603e-13,0,True,Optimization terminated successfully. (HiGHS Status 7: Optimal),781,0.0
2025-08-11,0,0.09332341700064717,62356.09057910293,144,20,3746,2025-07-22|2025-07-23|2025-07-24|2025-07-25|2025-07-26|2025-07-27|2025-07-28|2025-07-29|2025-07-30|2025-07-31|2025-08-01|2025-08-02|2025-08-03|2025-08-04|2025-08-05|2025-08-06|2025-08-07|2025-08-08|2025-08-09|2025-08-10,2025-08-11 00:00,2025-08-11 00:00,9.094947017729282e-13,1.1368683772161603e-13,0,True,Optimization terminated successfully. (HiGHS Status 7: Optimal),790,0.0
2025-08-12,0,0.08177983299901825,61324.6497889995,144,20,3746,2025-07-23|2025-07-24|2025-07-25|2025-07-26|2025-07-27|2025-07-28|2025-07-29|2025-07-30|2025-07-31|2025-08-01|2025-08-02|2025-08-03|2025-08-04|2025-08-05|2025-08-06|2025-08-07|2025-08-08|2025-08-09|2025-08-10|2025-08-11,2025-08-12 00:00,2025-08-12 00:00,8.881784197001252e-13,1.1368683772161603e-13,0,True,Optimization terminated successfully. (HiGHS Status 7: Optimal),812,0.0
2025-08-13,0,0.09211591699931887,61984.22607116035,144,20,3746,2025-07-24|2025-07-25|2025-07-26|2025-07-27|2025-07-28|2025-07-29|2025-07-30|2025-07-31|2025-08-01|2025-08-02|2025-08-03|2025-08-04|2025-08-05|2025-08-06|2025-08-07|2025-08-08|2025-08-09|2025-08-10|2025-08-11|2025-08-12,2025-08-13 00:00,2025-08-13 00:00,9.094947017729282e-13,5.684341886080802e-14,0,True,Optimization terminated successfully. (HiGHS Status 7: Optimal),800,0.0
2025-08-14,0,0.07716112500020245,60189.149539010235,144,20,3746,2025-07-25|2025-07-26|2025-07-27|2025-07-28|2025-07-29|2025-07-30|2025-07-31|2025-08-01|2025-08-02|2025-08-03|2025-08-04|2025-08-05|2025-08-06|2025-08-07|2025-08-08|2025-08-09|2025-08-10|2025-08-11|2025-08-12|2025-08-13,2025-08-14 00:00,2025-08-14 00:00,9.094947017729282e-13,2.2737367544323206e-13,0,True,Optimization terminated successfully. (HiGHS Status 7: Optimal),801,0.0
2025-08-15,0,0.06931933300074888,24420.99957841666,144,20,3746,2025-07-26|2025-07-27|2025-07-28|2025-07-29|2025-07-30|2025-07-31|2025-08-01|2025-08-02|2025-08-03|2025-08-04|2025-08-05|2025-08-06|2025-08-07|2025-08-08|2025-08-09|2025-08-10|2025-08-11|2025-08-12|2025-08-13|2025-08-14,2025-08-15 00:00,2025-08-15 00:00,8.526512829121202e-13,0.0,0,True,Optimization terminated successfully. (HiGHS Status 7: Optimal),612,0.0
2025-08-16,0,0.07003504199929012,24436.0373115097,144,20,3746,2025-07-27|2025-07-28|2025-07-29|2025-07-30|2025-07-31|2025-08-01|2025-08-02|2025-08-03|2025-08-04|2025-08-05|2025-08-06|2025-08-07|2025-08-08|2025-08-09|2025-08-10|2025-08-11|2025-08-12|2025-08-13|2025-08-14|2025-08-15,2025-08-16 00:00,2025-08-16 00:00,8.242295734817162e-13,0.0,0,True,Optimization terminated successfully. (HiGHS Status 7: Optimal),608,0.0
2025-08-17,0,0.07859620799899858,57109.81107348911,144,20,3746,2025-07-28|2025-07-29|2025-07-30|2025-07-31|2025-08-01|2025-08-02|2025-08-03|2025-08-04|2025-08-05|2025-08-06|2025-08-07|2025-08-08|2025-08-09|2025-08-10|2025-08-11|2025-08-12|2025-08-13|2025-08-14|2025-08-15|2025-08-16,2025-08-17 00:00,2025-08-17 00:00,9.094947017729282e-13,1.1368683772161603e-13,0,True,Optimization terminated successfully. (HiGHS Status 7: Optimal),778,0.0
2025-08-18,0,0.06275529199956509,57767.471116910885,144,20,3746,2025-07-29|2025-07-30|2025-07-31|2025-08-01|2025-08-02|2025-08-03|2025-08-04|2025-08-05|2025-08-06|2025-08-07|2025-08-08|2025-08-09|2025-08-10|2025-08-11|2025-08-12|2025-08-13|2025-08-14|2025-08-15|2025-08-16|2025-08-17,2025-08-18 00:00,2025-08-18 00:00,8.668621376273222e-13,2.2737367544323206e-13,0,True,Optimization terminated successfully. (HiGHS Status 7: Optimal),768,0.0
2025-08-19,0,0.07894516699889209,57387.74516798909,144,20,3746,2025-07-30|2025-07-31|2025-08-01|2025-08-02|2025-08-03|2025-08-04|2025-08-05|2025-08-06|2025-08-07|2025-08-08|2025-08-09|2025-08-10|2025-08-11|2025-08-12|2025-08-13|2025-08-14|2025-08-15|2025-08-16|2025-08-17|2025-08-18,2025-08-19 00:00,2025-08-19 00:00,8.384404281969182e-13,1.1368683772161603e-13,0,True,Optimization terminated successfully. (HiGHS Status 7: Optimal),780,0.0
2025-08-20,0,0.08229887500056066,57052.531175984164,144,20,3746,2025-07-31|2025-08-01|2025-08-02|2025-08-03|2025-08-04|2025-08-05|2025-08-06|2025-08-07|2025-08-08|2025-08-09|2025-08-10|2025-08-11|2025-08-12|2025-08-13|2025-08-14|2025-08-15|2025-08-16|2025-08-17|2025-08-18|2025-08-19,2025-08-20 00:00,2025-08-20 00:00,9.094947017729282e-13,1.1368683772161603e-13,0,True,Optimization terminated successfully. (HiGHS Status 7: Optimal),768,0.0
2025-08-21,0,0.07661437500064494,56024.766788210174,144,20,3746,2025-08-01|2025-08-02|2025-08-03|2025-08-04|2025-08-05|2025-08-06|2025-08-07|2025-08-08|2025-08-09|2025-08-10|2025-08-11|2025-08-12|2025-08-13|2025-08-14|2025-08-15|2025-08-16|2025-08-17|2025-08-18|2025-08-19|2025-08-20,2025-08-21 00:00,2025-08-21 00:00,7.958078640513122e-13,1.1368683772161603e-13,0,True,Optimization terminated successfully. (HiGHS Status 7: Optimal),760,0.0
2025-08-22,0,0.0665777079993859,23667.17232606417,144,20,3746,2025-08-02|2025-08-03|2025-08-04|2025-08-05|2025-08-06|2025-08-07|2025-08-08|2025-08-09|2025-08-10|2025-08-11|2025-08-12|2025-08-13|2025-08-14|2025-08-15|2025-08-16|2025-08-17|2025-08-18|2025-08-19|2025-08-20|2025-08-21,2025-08-22 00:00,2025-08-22 00:00,9.094947017729282e-13,2.2737367544323206e-13,0,True,Optimization terminated successfully. (HiGHS Status 7: Optimal),605,0.0
2025-08-23,0,0.05524887499996112,23908.03109412505,144,20,3746,2025-08-03|2025-08-04|2025-08-05|2025-08-06|2025-08-07|2025-08-08|2025-08-09|2025-08-10|2025-08-11|2025-08-12|2025-08-13|2025-08-14|2025-08-15|2025-08-16|2025-08-17|2025-08-18|2025-08-19|2025-08-20|2025-08-21|2025-08-22,2025-08-23 00:00,2025-08-23 00:00,8.242295734817162e-13,2.2737367544323206e-13,0,True,Optimization terminated successfully. (HiGHS Status 7: Optimal),599,0.0
2025-08-24,0,0.06252795799991873,55421.74594902936,144,20,3746,2025-08-04|2025-08-05|2025-08-06|2025-08-07|2025-08-08|2025-08-09|2025-08-10|2025-08-11|2025-08-12|2025-08-13|2025-08-14|2025-08-15|2025-08-16|2025-08-17|2025-08-18|2025-08-19|2025-08-20|2025-08-21|2025-08-22|2025-08-23,2025-08-24 00:00,2025-08-24 00:00,8.526512829121202e-13,1.1368683772161603e-13,0,True,Optimization terminated successfully. (HiGHS Status 7: Optimal),762,0.0
2025-08-25,0,0.08100070799991954,56676.66998695105,144,20,3746,2025-08-05|2025-08-06|2025-08-07|2025-08-08|2025-08-09|2025-08-10|2025-08-11|2025-08-12|2025-08-13|2025-08-14|2025-08-15|2025-08-16|2025-08-17|2025-08-18|2025-08-19|2025-08-20|2025-08-21|2025-08-22|2025-08-23|2025-08-24,2025-08-25 00:00,2025-08-25 00:00,8.668621376273222e-13,2.2737367544323206e-13,0,True,Optimization terminated successfully. (HiGHS Status 7: Optimal),768,0.0
2025-08-26,0,0.08401870799934841,57428.8565912791,144,20,3746,2025-08-06|2025-08-07|2025-08-08|2025-08-09|2025-08-10|2025-08-11|2025-08-12|2025-08-13|2025-08-14|2025-08-15|2025-08-16|2025-08-17|2025-08-18|2025-08-19|2025-08-20|2025-08-21|2025-08-22|2025-08-23|2025-08-24|2025-08-25,2025-08-26 00:00,2025-08-26 00:00,8.242295734817162e-13,8.881784197001252e-16,0,True,Optimization terminated successfully. (HiGHS Status 7: Optimal),776,0.0
2025-08-27,0,0.08203808300095261,58882.605829594875,144,20,3746,2025-08-07|2025-08-08|2025-08-09|2025-08-10|2025-08-11|2025-08-12|2025-08-13|2025-08-14|2025-08-15|2025-08-16|2025-08-17|2025-08-18|2025-08-19|2025-08-20|2025-08-21|2025-08-22|2025-08-23|2025-08-24|2025-08-25|2025-08-26,2025-08-27 00:00,2025-08-27 00:00,9.094947017729282e-13,2.2737367544323206e-13,0,True,Optimization terminated successfully. (HiGHS Status 7: Optimal),787,0.0
2025-08-28,0,0.07509245899927919,57018.943702735094,144,20,3746,2025-08-08|2025-08-09|2025-08-10|2025-08-11|2025-08-12|2025-08-13|2025-08-14|2025-08-15|2025-08-16|2025-08-17|2025-08-18|2025-08-19|2025-08-20|2025-08-21|2025-08-22|2025-08-23|2025-08-24|2025-08-25|2025-08-26|2025-08-27,2025-08-28 00:00,2025-08-28 00:00,9.094947017729282e-13,2.2737367544323206e-13,0,True,Optimization terminated successfully. (HiGHS Status 7: Optimal),767,0.0
2025-08-29,0,0.052999374998762505,24151.158187482968,144,20,3746,2025-08-09|2025-08-10|2025-08-11|2025-08-12|2025-08-13|2025-08-14|2025-08-15|2025-08-16|2025-08-17|2025-08-18|2025-08-19|2025-08-20|2025-08-21|2025-08-22|2025-08-23|2025-08-24|2025-08-25|2025-08-26|2025-08-27|2025-08-28,2025-08-29 00:00,2025-08-29 00:00,7.958078640513122e-13,2.2737367544323206e-13,0,True,Optimization terminated successfully. (HiGHS Status 7: Optimal),604,0.0
2025-08-30,0,0.044088832999477745,23968.752906488804,144,20,3746,2025-08-10|2025-08-11|2025-08-12|2025-08-13|2025-08-14|2025-08-15|2025-08-16|2025-08-17|2025-08-18|2025-08-19|2025-08-20|2025-08-21|2025-08-22|2025-08-23|2025-08-24|2025-08-25|2025-08-26|2025-08-27|2025-08-28|2025-08-29,2025-08-30 00:00,2025-08-30 00:00,7.958078640513122e-13,1.1368683772161603e-13,0,True,Optimization terminated successfully. (HiGHS Status 7: Optimal),609,0.0
2025-08-31,0,0.05103141700055858,56067.66594473499,144,20,3746,2025-08-11|2025-08-12|2025-08-13|2025-08-14|2025-08-15|2025-08-16|2025-08-17|2025-08-18|2025-08-19|2025-08-20|2025-08-21|2025-08-22|2025-08-23|2025-08-24|2025-08-25|2025-08-26|2025-08-27|2025-08-28|2025-08-29|2025-08-30,2025-08-31 00:00,2025-08-31 00:00,9.094947017729282e-13,1.1368683772161603e-13,0,True,Optimization terminated successfully. (HiGHS Status 7: Optimal),742,0.0
2025-09-01,0,0.058250624999345746,57547.28772516488,144,20,3746,2025-08-12|2025-08-13|2025-08-14|2025-08-15|2025-08-16|2025-08-17|2025-08-18|2025-08-19|2025-08-20|2025-08-21|2025-08-22|2025-08-23|2025-08-24|2025-08-25|2025-08-26|2025-08-27|2025-08-28|2025-08-29|2025-08-30|2025-08-31,2025-09-01 00:00,2025-09-01 00:00,8.384404281969182e-13,1.1368683772161603e-13,0,True,Optimization terminated successfully. (HiGHS Status 7: Optimal),780,0.0
2025-09-02,0,0.05104666700026428,56980.431640747986,144,20,3746,2025-08-13|2025-08-14|2025-08-15|2025-08-16|2025-08-17|2025-08-18|2025-08-19|2025-08-20|2025-08-21|2025-08-22|2025-08-23|2025-08-24|2025-08-25|2025-08-26|2025-08-27|2025-08-28|2025-08-29|2025-08-30|2025-08-31|2025-09-01,2025-09-02 00:00,2025-09-02 00:00,8.242295734817162e-13,1.1368683772161603e-13,0,True,Optimization terminated successfully. (HiGHS Status 7: Optimal),771,0.0
2025-09-03,0,0.056827165999493445,58603.6493705004,144,20,3746,2025-08-14|2025-08-15|2025-08-16|2025-08-17|2025-08-18|2025-08-19|2025-08-20|2025-08-21|2025-08-22|2025-08-23|2025-08-24|2025-08-25|2025-08-26|2025-08-27|2025-08-28|2025-08-29|2025-08-30|2025-08-31|2025-09-01|2025-09-02,2025-09-03 00:00,2025-09-03 00:00,9.094947017729282e-13,1.1368683772161603e-13,0,True,Optimization terminated successfully. (HiGHS Status 7: Optimal),795,0.0
2025-09-04,0,0.06336225000086415,56614.05559393791,144,20,3746,2025-08-15|2025-08-16|2025-08-17|2025-08-18|2025-08-19|2025-08-20|2025-08-21|2025-08-22|2025-08-23|2025-08-24|2025-08-25|2025-08-26|2025-08-27|2025-08-28|2025-08-29|2025-08-30|2025-08-31|2025-09-01|2025-09-02|2025-09-03,2025-09-04 00:00,2025-09-04 00:00,9.094947017729282e-13,0.0,0,True,Optimization terminated successfully. (HiGHS Status 7: Optimal),774,0.0
2025-09-05,0,0.07331091600099171,23610.87266042879,144,20,3746,2025-08-16|2025-08-17|2025-08-18|2025-08-19|2025-08-20|2025-08-21|2025-08-22|2025-08-23|2025-08-24|2025-08-25|2025-08-26|2025-08-27|2025-08-28|2025-08-29|2025-08-30|2025-08-31|2025-09-01|2025-09-02|2025-09-03|2025-09-04,2025-09-05 00:00,2025-09-05 00:00,7.958078640513122e-13,2.2737367544323206e-13,0,True,Optimization terminated successfully. (HiGHS Status 7: Optimal),612,0.0
2025-09-06,0,0.07089187500059779,23271.787105296557,144,20,3746,2025-08-17|2025-08-18|2025-08-19|2025-08-20|2025-08-21|2025-08-22|2025-08-23|2025-08-24|2025-08-25|2025-08-26|2025-08-27|2025-08-28|2025-08-29|2025-08-30|2025-08-31|2025-09-01|2025-09-02|2025-09-03|2025-09-04|2025-09-05,2025-09-06 00:00,2025-09-06 00:00,7.958078640513122e-13,0.0,0,True,Optimization terminated successfully. (HiGHS Status 7: Optimal),603,0.0
2025-09-07,0,0.07973283300088951,54970.64788716612,144,20,3746,2025-08-18|2025-08-19|2025-08-20|2025-08-21|2025-08-22|2025-08-23|2025-08-24|2025-08-25|2025-08-26|2025-08-27|2025-08-28|2025-08-29|2025-08-30|2025-08-31|2025-09-01|2025-09-02|2025-09-03|2025-09-04|2025-09-05|2025-09-06,2025-09-07 00:00,2025-09-07 00:00,9.094947017729282e-13,1.1368683772161603e-13,0,True,Optimization terminated successfully. (HiGHS Status 7: Optimal),761,0.0
2025-09-08,0,0.07026300000143237,51446.90430903084,144,20,3746,2025-08-19|2025-08-20|2025-08-21|2025-08-22|2025-08-23|2025-08-24|2025-08-25|2025-08-26|2025-08-27|2025-08-28|2025-08-29|2025-08-30|2025-08-31|2025-09-01|2025-09-02|2025-09-03|2025-09-04|2025-09-05|2025-09-06|2025-09-07,2025-09-08 00:00,2025-09-08 00:00,8.810729923425242e-13,1.1368683772161603e-13,0,True,Optimization terminated successfully. (HiGHS Status 7: Optimal),774,0.0
2025-09-09,0,0.06276712500039139,51285.233500076974,144,20,3746,2025-08-20|2025-08-21|2025-08-22|2025-08-23|2025-08-24|2025-08-25|2025-08-26|2025-08-27|2025-08-28|2025-08-29|2025-08-30|2025-08-31|2025-09-01|2025-09-02|2025-09-03|2025-09-04|2025-09-05|2025-09-06|2025-09-07|2025-09-08,2025-09-09 00:00,2025-09-09 00:00,8.810729923425242e-13,2.2737367544323206e-13,0,True,Optimization terminated successfully. (HiGHS Status 7: Optimal),772,0.0
2025-09-10,0,0.06495287500001723,52756.7531301042,144,20,3746,2025-08-21|2025-08-22|2025-08-23|2025-08-24|2025-08-25|2025-08-26|2025-08-27|2025-08-28|2025-08-29|2025-08-30|2025-08-31|2025-09-01|2025-09-02|2025-09-03|2025-09-04|2025-09-05|2025-09-06|2025-09-07|2025-09-08|2025-09-09,2025-09-10 00:00,2025-09-10 00:00,8.633094239485217e-13,1.1368683772161603e-13,0,True,Optimization terminated successfully. (HiGHS Status 7: Optimal),781,0.0
2025-09-11,0,0.06353158399906533,51600.648493952394,144,20,3746,2025-08-22|2025-08-23|2025-08-24|2025-08-25|2025-08-26|2025-08-27|2025-08-28|2025-08-29|2025-08-30|2025-08-31|2025-09-01|2025-09-02|2025-09-03|2025-09-04|2025-09-05|2025-09-06|2025-09-07|2025-09-08|2025-09-09|2025-09-10,2025-09-11 00:00,2025-09-11 00:00,9.094947017729282e-13,1.1368683772161603e-13,0,True,Optimization terminated successfully. (HiGHS Status 7: Optimal),783,0.0
2025-09-12,0,0.05717595799978881,19859.67859829562,144,20,3746,2025-08-23|2025-08-24|2025-08-25|2025-08-26|2025-08-27|2025-08-28|2025-08-29|2025-08-30|2025-08-31|2025-09-01|2025-09-02|2025-09-03|2025-09-04|2025-09-05|2025-09-06|2025-09-07|2025-09-08|2025-09-09|2025-09-10|2025-09-11,2025-09-12 00:00,2025-09-12 00:00,6.821210263296962e-13,1.1368683772161603e-13,0,True,Optimization terminated successfully. (HiGHS Status 7: Optimal),606,0.0
2025-09-13,0,0.04730249999920488,19500.90523575455,144,20,3746,2025-08-24|2025-08-25|2025-08-26|2025-08-27|2025-08-28|2025-08-29|2025-08-30|2025-08-31|2025-09-01|2025-09-02|2025-09-03|2025-09-04|2025-09-05|2025-09-06|2025-09-07|2025-09-08|2025-09-09|2025-09-10|2025-09-11|2025-09-12,2025-09-13 00:00,2025-09-13 00:00,7.815970093361102e-13,0.0,0,True,Optimization terminated successfully. (HiGHS Status 7: Optimal),601,0.0
2025-09-14,0,0.05089487499935785,48926.29909209569,144,20,3746,2025-08-25|2025-08-26|2025-08-27|2025-08-28|2025-08-29|2025-08-30|2025-08-31|2025-09-01|2025-09-02|2025-09-03|2025-09-04|2025-09-05|2025-09-06|2025-09-07|2025-09-08|2025-09-09|2025-09-10|2025-09-11|2025-09-12|2025-09-13,2025-09-14 00:00,2025-09-14 00:00,9.094947017729282e-13,1.1368683772161603e-13,0,True,Optimization terminated successfully. (HiGHS Status 7: Optimal),766,0.0
2025-09-15,0,0.052957875001084176,46832.80107020559,144,20,3746,2025-08-26|2025-08-27|2025-08-28|2025-08-29|2025-08-30|2025-08-31|2025-09-01|2025-09-02|2025-09-03|2025-09-04|2025-09-05|2025-09-06|2025-09-07|2025-09-08|2025-09-09|2025-09-10|2025-09-11|2025-09-12|2025-09-13|2025-09-14,2025-09-15 00:00,2025-09-15 00:00,9.094947017729282e-13,1.1368683772161603e-13,0,True,Optimization terminated successfully. (HiGHS Status 7: Optimal),807,0.0
2025-09-16,0,0.0502354580003157,44839.48071056612,144,20,3746,2025-08-27|2025-08-28|2025-08-29|2025-08-30|2025-08-31|2025-09-01|2025-09-02|2025-09-03|2025-09-04|2025-09-05|2025-09-06|2025-09-07|2025-09-08|2025-09-09|2025-09-10|2025-09-11|2025-09-12|2025-09-13|2025-09-14|2025-09-15,2025-09-16 00:00,2025-09-16 00:00,8.526512829121202e-13,1.1368683772161603e-13,0,True,Optimization terminated successfully. (HiGHS Status 7: Optimal),767,0.0
2025-09-17,0,0.052683167001305264,48111.77044400939,144,20,3746,2025-08-28|2025-08-29|2025-08-30|2025-08-31|2025-09-01|2025-09-02|2025-09-03|2025-09-04|2025-09-05|2025-09-06|2025-09-07|2025-09-08|2025-09-09|2025-09-10|2025-09-11|2025-09-12|2025-09-13|2025-09-14|2025-09-15|2025-09-16,2025-09-17 00:00,2025-09-17 00:00,1.0231815394945443e-12,1.1368683772161603e-13,0,True,Optimization terminated successfully. (HiGHS Status 7: Optimal),801,0.0
2025-09-18,0,0.2829687079993164,44713.94641403233,144,20,3746,2025-08-29|2025-08-30|2025-08-31|2025-09-01|2025-09-02|2025-09-03|2025-09-04|2025-09-05|2025-09-06|2025-09-07|2025-09-08|2025-09-09|2025-09-10|2025-09-11|2025-09-12|2025-09-13|2025-09-14|2025-09-15|2025-09-16|2025-09-17,2025-09-18 00:00,2025-09-18 00:00,7.673861546209082e-13,1.1368683772161603e-13,0,True,Optimization terminated successfully. (HiGHS Status 7: Optimal),792,0.0
2025-09-19,0,0.0721680410006229,15834.658970826418,144,20,3746,2025-08-30|2025-08-31|2025-09-01|2025-09-02|2025-09-03|2025-09-04|2025-09-05|2025-09-06|2025-09-07|2025-09-08|2025-09-09|2025-09-10|2025-09-11|2025-09-12|2025-09-13|2025-09-14|2025-09-15|2025-09-16|2025-09-17|2025-09-18,2025-09-19 00:00,2025-09-19 00:00,7.958078640513122e-13,2.2737367544323206e-13,0,True,Optimization terminated successfully. (HiGHS Status 7: Optimal),599,0.0
2025-09-20,0,0.06158599999980652,14995.297820124864,144,20,3746,2025-08-31|2025-09-01|2025-09-02|2025-09-03|2025-09-04|2025-09-05|2025-09-06|2025-09-07|2025-09-08|2025-09-09|2025-09-10|2025-09-11|2025-09-12|2025-09-13|2025-09-14|2025-09-15|2025-09-16|2025-09-17|2025-09-18|2025-09-19,2025-09-20 00:00,2025-09-20 00:00,9.023892744153272e-13,1.1368683772161603e-13,0,True,Optimization terminated successfully. (HiGHS Status 7: Optimal),601,0.0
2025-09-21,0,0.0675775830004568,42996.7837629419,144,20,3746,2025-09-01|2025-09-02|2025-09-03|2025-09-04|2025-09-05|2025-09-06|2025-09-07|2025-09-08|2025-09-09|2025-09-10|2025-09-11|2025-09-12|2025-09-13|2025-09-14|2025-09-15|2025-09-16|2025-09-17|2025-09-18|2025-09-19|2025-09-20,2025-09-21 00:00,2025-09-21 00:00,9.094947017729282e-13,1.1368683772161603e-13,0,True,Optimization terminated successfully. (HiGHS Status 7: Optimal),799,0.0
2025-09-22,0,0.07680845899994893,40774.5671899083,144,20,3746,2025-09-02|2025-09-03|2025-09-04|2025-09-05|2025-09-06|2025-09-07|2025-09-08|2025-09-09|2025-09-10|2025-09-11|2025-09-12|2025-09-13|2025-09-14|2025-09-15|2025-09-16|2025-09-17|2025-09-18|2025-09-19|2025-09-20|2025-09-21,2025-09-22 00:00,2025-09-22 00:00,9.094947017729282e-13,1.1368683772161603e-13,0,True,Optimization terminated successfully. (HiGHS Status 7: Optimal),796,0.0
2025-09-23,0,0.07167649999973946,40586.238866160944,144,20,3746,2025-09-03|2025-09-04|2025-09-05|2025-09-06|2025-09-07|2025-09-08|2025-09-09|2025-09-10|2025-09-11|2025-09-12|2025-09-13|2025-09-14|2025-09-15|2025-09-16|2025-09-17|2025-09-18|2025-09-19|2025-09-20|2025-09-21|2025-09-22,2025-09-23 00:00,2025-09-23 00:00,8.313350008393172e-13,1.1368683772161603e-13,0,True,Optimization terminated successfully. (HiGHS Status 7: Optimal),780,0.0
2025-09-24,0,0.07366537500092818,43974.842226454566,144,20,3746,2025-09-04|2025-09-05|2025-09-06|2025-09-07|2025-09-08|2025-09-09|2025-09-10|2025-09-11|2025-09-12|2025-09-13|2025-09-14|2025-09-15|2025-09-16|2025-09-17|2025-09-18|2025-09-19|2025-09-20|2025-09-21|2025-09-22|2025-09-23,2025-09-24 00:00,2025-09-24 00:00,9.094947017729282e-13,1.1368683772161603e-13,0,True,Optimization terminated successfully. (HiGHS Status 7: Optimal),817,0.0
2025-09-25,0,0.07274708300064958,42843.83429123478,144,20,3746,2025-09-05|2025-09-06|2025-09-07|2025-09-08|2025-09-09|2025-09-10|2025-09-11|2025-09-12|2025-09-13|2025-09-14|2025-09-15|2025-09-16|2025-09-17|2025-09-18|2025-09-19|2025-09-20|2025-09-21|2025-09-22|2025-09-23|2025-09-24,2025-09-25 00:00,2025-09-25 00:00,8.810729923425242e-13,1.1368683772161603e-13,0,True,Optimization terminated successfully. (HiGHS Status 7: Optimal),808,0.0
2025-09-26,0,0.05786370799978613,14712.054573633062,144,20,3746,2025-09-06|2025-09-07|2025-09-08|2025-09-09|2025-09-10|2025-09-11|2025-09-12|2025-09-13|2025-09-14|2025-09-15|2025-09-16|2025-09-17|2025-09-18|2025-09-19|2025-09-20|2025-09-21|2025-09-22|2025-09-23|2025-09-24|2025-09-25,2025-09-26 00:00,2025-09-26 00:00,8.526512829121202e-13,0.0,0,True,Optimization terminated successfully. (HiGHS Status 7: Optimal),606,0.0
2025-09-27,0,0.05768049999824143,14906.222957877397,144,20,3746,2025-09-07|2025-09-08|2025-09-09|2025-09-10|2025-09-11|2025-09-12|2025-09-13|2025-09-14|2025-09-15|2025-09-16|2025-09-17|2025-09-18|2025-09-19|2025-09-20|2025-09-21|2025-09-22|2025-09-23|2025-09-24|2025-09-25|2025-09-26,2025-09-27 00:00,2025-09-27 00:00,8.526512829121202e-13,2.2737367544323206e-13,0,True,Optimization terminated successfully. (HiGHS Status 7: Optimal),607,0.0
2025-09-28,0,0.06987029099946085,45423.56583293707,144,20,3746,2025-09-08|2025-09-09|2025-09-10|2025-09-11|2025-09-12|2025-09-13|2025-09-14|2025-09-15|2025-09-16|2025-09-17|2025-09-18|2025-09-19|2025-09-20|2025-09-21|2025-09-22|2025-09-23|2025-09-24|2025-09-25|2025-09-26|2025-09-27,2025-09-28 00:00,2025-09-28 00:00,9.094947017729282e-13,2.2737367544323206e-13,0,True,Optimization terminated successfully. (HiGHS Status 7: Optimal),814,0.0
2025-09-29,0,0.07942729199930909,42552.27188246283,144,20,3746,2025-09-09|2025-09-10|2025-09-11|2025-09-12|2025-09-13|2025-09-14|2025-09-15|2025-09-16|2025-09-17|2025-09-18|2025-09-19|2025-09-20|2025-09-21|2025-09-22|2025-09-23|2025-09-24|2025-09-25|2025-09-26|2025-09-27|2025-09-28,2025-09-29 00:00,2025-09-29 00:00,8.952838470577262e-13,1.1368683772161603e-13,0,True,Optimization terminated successfully. (HiGHS Status 7: Optimal),812,0.0
2025-09-30,0,0.06919116599965491,43419.79548375643,144,20,3746,2025-09-10|2025-09-11|2025-09-12|2025-09-13|2025-09-14|2025-09-15|2025-09-16|2025-09-17|2025-09-18|2025-09-19|2025-09-20|2025-09-21|2025-09-22|2025-09-23|2025-09-24|2025-09-25|2025-09-26|2025-09-27|2025-09-28|2025-09-29,2025-09-30 00:00,2025-09-30 00:00,8.242295734817162e-13,1.1368683772161603e-13,0,True,Optimization terminated successfully. (HiGHS Status 7: Optimal),809,0.0
2025-10-01,0,0.07773758300027112,45993.605972374105,144,20,3746,2025-09-11|2025-09-12|2025-09-13|2025-09-14|2025-09-15|2025-09-16|2025-09-17|2025-09-18|2025-09-19|2025-09-20|2025-09-21|2025-09-22|2025-09-23|2025-09-24|2025-09-25|2025-09-26|2025-09-27|2025-09-28|2025-09-29|2025-09-30,2025-10-01 00:00,2025-10-01 00:00,9.094947017729282e-13,1.1368683772161603e-13,0,True,Optimization terminated successfully. (HiGHS Status 7: Optimal),804,0.0
2025-10-02,0,0.06728966599985142,43929.580790083804,144,20,3746,2025-09-12|2025-09-13|2025-09-14|2025-09-15|2025-09-16|2025-09-17|2025-09-18|2025-09-19|2025-09-20|2025-09-21|2025-09-22|2025-09-23|2025-09-24|2025-09-25|2025-09-26|2025-09-27|2025-09-28|2025-09-29|2025-09-30|2025-10-01,2025-10-02 00:00,2025-10-02 00:00,7.958078640513122e-13,1.1368683772161603e-13,0,True,Optimization terminated successfully. (HiGHS Status 7: Optimal),813,0.0
2025-10-03,0,0.05660095799976261,14479.894771925869,144,20,3746,2025-09-13|2025-09-14|2025-09-15|2025-09-16|2025-09-17|2025-09-18|2025-09-19|2025-09-20|2025-09-21|2025-09-22|2025-09-23|2025-09-24|2025-09-25|2025-09-26|2025-09-27|2025-09-28|2025-09-29|2025-09-30|2025-10-01|2025-10-02,2025-10-03 00:00,2025-10-03 00:00,9.094947017729282e-13,5.684341886080802e-14,0,True,Optimization terminated successfully. (HiGHS Status 7: Optimal),602,0.0
2025-10-04,0,0.05743333299869846,14918.83956812966,144,20,3746,2025-09-14|2025-09-15|2025-09-16|2025-09-17|2025-09-18|2025-09-19|2025-09-20|2025-09-21|2025-09-22|2025-09-23|2025-09-24|2025-09-25|2025-09-26|2025-09-27|2025-09-28|2025-09-29|2025-09-30|2025-10-01|2025-10-02|2025-10-03,2025-10-04 00:00,2025-10-04 00:00,8.526512829121202e-13,2.2737367544323206e-13,0,True,Optimization terminated successfully. (HiGHS Status 7: Optimal),610,0.0
2025-10-05,0,0.08019112500005576,46347.19520229176,144,20,3746,2025-09-15|2025-09-16|2025-09-17|2025-09-18|2025-09-19|2025-09-20|2025-09-21|2025-09-22|2025-09-23|2025-09-24|2025-09-25|2025-09-26|2025-09-27|2025-09-28|2025-09-29|2025-09-30|2025-10-01|2025-10-02|2025-10-03|2025-10-04,2025-10-05 00:00,2025-10-05 00:00,7.958078640513122e-13,1.1368683772161603e-13,0,True,Optimization terminated successfully. (HiGHS Status 7: Optimal),806,0.0
2025-10-06,0,0.07134408299862116,47009.06510913653,144,20,3746,2025-09-16|2025-09-17|2025-09-18|2025-09-19|2025-09-20|2025-09-21|2025-09-22|2025-09-23|2025-09-24|2025-09-25|2025-09-26|2025-09-27|2025-09-28|2025-09-29|2025-09-30|2025-10-01|2025-10-02|2025-10-03|2025-10-04|2025-10-05,2025-10-06 00:00,2025-10-06 00:00,9.094947017729282e-13,1.1368683772161603e-13,0,True,Optimization terminated successfully. (HiGHS Status 7: Optimal),806,0.0
2025-10-07,0,0.070178042000407,47441.47797163379,144,20,3746,2025-09-17|2025-09-18|2025-09-19|2025-09-20|2025-09-21|2025-09-22|2025-09-23|2025-09-24|2025-09-25|2025-09-26|2025-09-27|2025-09-28|2025-09-29|2025-09-30|2025-10-01|2025-10-02|2025-10-03|2025-10-04|2025-10-05|2025-10-06,2025-10-07 00:00,2025-10-07 00:00,8.810729923425242e-13,1.1368683772161603e-13,0,True,Optimization terminated successfully. (HiGHS Status 7: Optimal),821,0.0
2025-10-08,0,0.07443887499903212,45332.47498243927,144,20,3746,2025-09-18|2025-09-19|2025-09-20|2025-09-21|2025-09-22|2025-09-23|2025-09-24|2025-09-25|2025-09-26|2025-09-27|2025-09-28|2025-09-29|2025-09-30|2025-10-01|2025-10-02|2025-10-03|2025-10-04|2025-10-05|2025-10-06|2025-10-07,2025-10-08 00:00,2025-10-08 00:00,7.958078640513122e-13,1.1368683772161603e-13,0,True,Optimization terminated successfully. (HiGHS Status 7: Optimal),811,0.0
2025-10-09,0,0.0671932499990362,43966.73070890568,144,20,3746,2025-09-19|2025-09-20|2025-09-21|2025-09-22|2025-09-23|2025-09-24|2025-09-25|2025-09-26|2025-09-27|2025-09-28|2025-09-29|2025-09-30|2025-10-01|2025-10-02|2025-10-03|2025-10-04|2025-10-05|2025-10-06|2025-10-07|2025-10-08,2025-10-09 00:00,2025-10-09 00:00,9.094947017729282e-13,1.1368683772161603e-13,0,True,Optimization terminated successfully. (HiGHS Status 7: Optimal),814,0.0
2025-10-10,0,0.06368962499982445,14234.530044828894,144,20,3746,2025-09-20|2025-09-21|2025-09-22|2025-09-23|2025-09-24|2025-09-25|2025-09-26|2025-09-27|2025-09-28|2025-09-29|2025-09-30|2025-10-01|2025-10-02|2025-10-03|2025-10-04|2025-10-05|2025-10-06|2025-10-07|2025-10-08|2025-10-09,2025-10-10 00:00,2025-10-10 00:00,9.094947017729282e-13,2.2737367544323206e-13,0,True,Optimization terminated successfully. (HiGHS Status 7: Optimal),612,0.0
2025-10-11,0,0.0666756249993341,14980.968000013001,144,20,3746,2025-09-21|2025-09-22|2025-09-23|2025-09-24|2025-09-25|2025-09-26|2025-09-27|2025-09-28|2025-09-29|2025-09-30|2025-10-01|2025-10-02|2025-10-03|2025-10-04|2025-10-05|2025-10-06|2025-10-07|2025-10-08|2025-10-09|2025-10-10,2025-10-11 00:00,2025-10-11 00:00,8.242295734817162e-13,5.684341886080802e-14,0,True,Optimization terminated successfully. (HiGHS Status 7: Optimal),615,0.0
2025-10-12,0,0.07188041600056749,46487.85120564106,144,20,3746,2025-09-22|2025-09-23|2025-09-24|2025-09-25|2025-09-26|2025-09-27|2025-09-28|2025-09-29|2025-09-30|2025-10-01|2025-10-02|2025-10-03|2025-10-04|2025-10-05|2025-10-06|2025-10-07|2025-10-08|2025-10-09|2025-10-10|2025-10-11,2025-10-12 00:00,2025-10-12 00:00,8.65085780787922e-13,1.1368683772161603e-13,0,True,Optimization terminated successfully. (HiGHS Status 7: Optimal),812,0.0
2025-10-13,0,0.06731591700008721,46778.56647276134,144,20,3746,2025-09-23|2025-09-24|2025-09-25|2025-09-26|2025-09-27|2025-09-28|2025-09-29|2025-09-30|2025-10-01|2025-10-02|2025-10-03|2025-10-04|2025-10-05|2025-10-06|2025-10-07|2025-10-08|2025-10-09|2025-10-10|2025-10-11|2025-10-12,2025-10-13 00:00,2025-10-13 00:00,7.958078640513122e-13,1.1368683772161603e-13,0,True,Optimization terminated successfully. (HiGHS Status 7: Optimal),819,0.0
2025-10-14,0,0.06999674999860872,47808.70346660899,144,20,3746,2025-09-24|2025-09-25|2025-09-26|2025-09-27|2025-09-28|2025-09-29|2025-09-30|2025-10-01|2025-10-02|2025-10-03|2025-10-04|2025-10-05|2025-10-06|2025-10-07|2025-10-08|2025-10-09|2025-10-10|2025-10-11|2025-10-12|2025-10-13,2025-10-14 00:00,2025-10-14 00:00,9.094947017729282e-13,2.2737367544323206e-13,0,True,Optimization terminated successfully. (HiGHS Status 7: Optimal),817,0.0
2025-10-15,0,0.07159262499953911,43800.5532518022,144,20,3746,2025-09-25|2025-09-26|2025-09-27|2025-09-28|2025-09-29|2025-09-30|2025-10-01|2025-10-02|2025-10-03|2025-10-04|2025-10-05|2025-10-06|2025-10-07|2025-10-08|2025-10-09|2025-10-10|2025-10-11|2025-10-12|2025-10-13|2025-10-14,2025-10-15 00:00,2025-10-15 00:00,9.094947017729282e-13,1.1368683772161603e-13,0,True,Optimization terminated successfully. (HiGHS Status 7: Optimal),813,0.0
2025-10-16,0,0.0736010830005398,43641.98142747718,144,20,3746,2025-09-26|2025-09-27|2025-09-28|2025-09-29|2025-09-30|2025-10-01|2025-10-02|2025-10-03|2025-10-04|2025-10-05|2025-10-06|2025-10-07|2025-10-08|2025-10-09|2025-10-10|2025-10-11|2025-10-12|2025-10-13|2025-10-14|2025-10-15,2025-10-16 00:00,2025-10-16 00:00,9.094947017729282e-13,1.1368683772161603e-13,0,True,Optimization terminated successfully. (HiGHS Status 7: Optimal),823,0.0
2025-10-17,0,0.059541417000218644,13793.095618181083,144,20,3746,2025-09-27|2025-09-28|2025-09-29|2025-09-30|2025-10-01|2025-10-02|2025-10-03|2025-10-04|2025-10-05|2025-10-06|2025-10-07|2025-10-08|2025-10-09|2025-10-10|2025-10-11|2025-10-12|2025-10-13|2025-10-14|2025-10-15|2025-10-16,2025-10-17 00:00,2025-10-17 00:00,9.094947017729282e-13,2.2737367544323206e-13,0,True,Optimization terminated successfully. (HiGHS Status 7: Optimal),603,0.0
2025-10-18,0,0.06167908399947919,14452.872971465395,144,20,3746,2025-09-28|2025-09-29|2025-09-30|2025-10-01|2025-10-02|2025-10-03|2025-10-04|2025-10-05|2025-10-06|2025-10-07|2025-10-08|2025-10-09|2025-10-10|2025-10-11|2025-10-12|2025-10-13|2025-10-14|2025-10-15|2025-10-16|2025-10-17,2025-10-18 00:00,2025-10-18 00:00,9.094947017729282e-13,5.684341886080802e-14,0,True,Optimization terminated successfully. (HiGHS Status 7: Optimal),627,0.0
2025-10-19,0,0.06911691700042866,45044.468070410265,144,20,3746,2025-09-29|2025-09-30|2025-10-01|2025-10-02|2025-10-03|2025-10-04|2025-10-05|2025-10-06|2025-10-07|2025-10-08|2025-10-09|2025-10-10|2025-10-11|2025-10-12|2025-10-13|2025-10-14|2025-10-15|2025-10-16|2025-10-17|2025-10-18,2025-10-19 00:00,2025-10-19 00:00,9.094947017729282e-13,1.1368683772161603e-13,0,True,Optimization terminated successfully. (HiGHS Status 7: Optimal),822,0.0
2025-10-20,0,0.06831095899906359,46200.955003753435,144,20,3746,2025-09-30|2025-10-01|2025-10-02|2025-10-03|2025-10-04|2025-10-05|2025-10-06|2025-10-07|2025-10-08|2025-10-09|2025-10-10|2025-10-11|2025-10-12|2025-10-13|2025-10-14|2025-10-15|2025-10-16|2025-10-17|2025-10-18|2025-10-19,2025-10-20 00:00,2025-10-20 00:00,9.094947017729282e-13,1.1368683772161603e-13,0,True,Optimization terminated successfully. (HiGHS Status 7: Optimal),817,0.0
2025-10-21,0,0.08744308300083503,47067.748111509696,144,20,3746,2025-10-01|2025-10-02|2025-10-03|2025-10-04|2025-10-05|2025-10-06|2025-10-07|2025-10-08|2025-10-09|2025-10-10|2025-10-11|2025-10-12|2025-10-13|2025-10-14|2025-10-15|2025-10-16|2025-10-17|2025-10-18|2025-10-19|2025-10-20,2025-10-21 00:00,2025-10-21 00:00,7.673861546209082e-13,1.1368683772161603e-13,0,True,Optimization terminated successfully. (HiGHS Status 7: Optimal),822,0.0
2025-10-22,0,0.08932512499995937,43421.601400760235,144,20,3746,2025-10-02|2025-10-03|2025-10-04|2025-10-05|2025-10-06|2025-10-07|2025-10-08|2025-10-09|2025-10-10|2025-10-11|2025-10-12|2025-10-13|2025-10-14|2025-10-15|2025-10-16|2025-10-17|2025-10-18|2025-10-19|2025-10-20|2025-10-21,2025-10-22 00:00,2025-10-22 00:00,9.094947017729282e-13,1.1368683772161603e-13,0,True,Optimization terminated successfully. (HiGHS Status 7: Optimal),802,0.0
2025-10-23,0,0.07309499999973923,45031.112353701574,144,20,3746,2025-10-03|2025-10-04|2025-10-05|2025-10-06|2025-10-07|2025-10-08|2025-10-09|2025-10-10|2025-10-11|2025-10-12|2025-10-13|2025-10-14|2025-10-15|2025-10-16|2025-10-17|2025-10-18|2025-10-19|2025-10-20|2025-10-21|2025-10-22,2025-10-23 00:00,2025-10-23 00:00,7.958078640513122e-13,1.1368683772161603e-13,0,True,Optimization terminated successfully. (HiGHS Status 7: Optimal),811,0.0
2025-10-24,0,0.07267958400007046,13424.895617610773,144,20,3746,2025-10-04|2025-10-05|2025-10-06|2025-10-07|2025-10-08|2025-10-09|2025-10-10|2025-10-11|2025-10-12|2025-10-13|2025-10-14|2025-10-15|2025-10-16|2025-10-17|2025-10-18|2025-10-19|2025-10-20|2025-10-21|2025-10-22|2025-10-23,2025-10-24 00:00,2025-10-24 00:00,8.526512829121202e-13,5.684341886080802e-14,0,True,Optimization terminated successfully. (HiGHS Status 7: Optimal),599,0.0
2025-10-25,0,0.06464566700014984,14378.796070691154,144,20,3746,2025-10-05|2025-10-06|2025-10-07|2025-10-08|2025-10-09|2025-10-10|2025-10-11|2025-10-12|2025-10-13|2025-10-14|2025-10-15|2025-10-16|2025-10-17|2025-10-18|2025-10-19|2025-10-20|2025-10-21|2025-10-22|2025-10-23|2025-10-24,2025-10-25 00:00,2025-10-25 00:00,7.389644451905042e-13,0.0,0,True,Optimization terminated successfully. (HiGHS Status 7: Optimal),612,0.0
2025-10-26,0,0.07777950000127021,48066.22906390447,144,20,3746,2025-10-06|2025-10-07|2025-10-08|2025-10-09|2025-10-10|2025-10-11|2025-10-12|2025-10-13|2025-10-14|2025-10-15|2025-10-16|2025-10-17|2025-10-18|2025-10-19|2025-10-20|2025-10-21|2025-10-22|2025-10-23|2025-10-24|2025-10-25,2025-10-26 00:00,2025-10-26 00:00,7.958078640513122e-13,1.1368683772161603e-13,0,True,Optimization terminated successfully. (HiGHS Status 7: Optimal),827,0.0
2025-10-27,0,0.04879258300024958,48691.80040916458,144,20,3746,2025-10-07|2025-10-08|2025-10-09|2025-10-10|2025-10-11|2025-10-12|2025-10-13|2025-10-14|2025-10-15|2025-10-16|2025-10-17|2025-10-18|2025-10-19|2025-10-20|2025-10-21|2025-10-22|2025-10-23|2025-10-24|2025-10-25|2025-10-26,2025-10-27 00:00,2025-10-27 00:00,8.384404281969182e-13,0.0,0,True,Optimization terminated successfully. (HiGHS Status 7: Optimal),837,0.0
2025-10-28,0,0.039376167000227724,50591.81919070412,144,20,3746,2025-10-08|2025-10-09|2025-10-10|2025-10-11|2025-10-12|2025-10-13|2025-10-14|2025-10-15|2025-10-16|2025-10-17|2025-10-18|2025-10-19|2025-10-20|2025-10-21|2025-10-22|2025-10-23|2025-10-24|2025-10-25|2025-10-26|2025-10-27,2025-10-28 00:00,2025-10-28 00:00,7.673861546209082e-13,1.1368683772161603e-13,0,True,Optimization terminated successfully. (HiGHS Status 7: Optimal),835,0.0
2025-10-29,0,0.03723050000007788,46589.59930876133,144,20,3746,2025-10-09|2025-10-10|2025-10-11|2025-10-12|2025-10-13|2025-10-14|2025-10-15|2025-10-16|2025-10-17|2025-10-18|2025-10-19|2025-10-20|2025-10-21|2025-10-22|2025-10-23|2025-10-24|2025-10-25|2025-10-26|2025-10-27|2025-10-28,2025-10-29 00:00,2025-10-29 00:00,9.094947017729282e-13,2.2737367544323206e-13,0,True,Optimization terminated successfully. (HiGHS Status 7: Optimal),819,0.0
2025-10-30,0,0.035415624999586726,47613.31586800311,144,20,3746,2025-10-10|2025-10-11|2025-10-12|2025-10-13|2025-10-14|2025-10-15|2025-10-16|2025-10-17|2025-10-18|2025-10-19|2025-10-20|2025-10-21|2025-10-22|2025-10-23|2025-10-24|2025-10-25|2025-10-26|2025-10-27|2025-10-28|2025-10-29,2025-10-30 00:00,2025-10-30 00:00,7.958078640513122e-13,1.1368683772161603e-13,0,True,Optimization terminated successfully. (HiGHS Status 7: Optimal),814,0.0
2025-10-31,0,0.03187570800037065,14194.837033317921,144,20,3746,2025-10-11|2025-10-12|2025-10-13|2025-10-14|2025-10-15|2025-10-16|2025-10-17|2025-10-18|2025-10-19|2025-10-20|2025-10-21|2025-10-22|2025-10-23|2025-10-24|2025-10-25|2025-10-26|2025-10-27|2025-10-28|2025-10-29|2025-10-30,2025-10-31 00:00,2025-10-31 00:00,8.526512829121202e-13,2.2737367544323206e-13,0,True,Optimization terminated successfully. (HiGHS Status 7: Optimal),601,0.0
2025-11-01,0,0.03199920800034306,14658.194590172208,144,20,3746,2025-10-12|2025-10-13|2025-10-14|2025-10-15|2025-10-16|2025-10-17|2025-10-18|2025-10-19|2025-10-20|2025-10-21|2025-10-22|2025-10-23|2025-10-24|2025-10-25|2025-10-26|2025-10-27|2025-10-28|2025-10-29|2025-10-30|2025-10-31,2025-11-01 00:00,2025-11-01 00:00,7.958078640513122e-13,1.1368683772161603e-13,0,True,Optimization terminated successfully. (HiGHS Status 7: Optimal),630,0.0
2025-11-02,0,0.0373637080010667,50287.01300531112,144,20,3746,2025-10-13|2025-10-14|2025-10-15|2025-10-16|2025-10-17|2025-10-18|2025-10-19|2025-10-20|2025-10-21|2025-10-22|2025-10-23|2025-10-24|2025-10-25|2025-10-26|2025-10-27|2025-10-28|2025-10-29|2025-10-30|2025-10-31|2025-11-01,2025-11-02 00:00,2025-11-02 00:00,8.810729923425242e-13,1.4210854715202004e-14,0,True,Optimization terminated successfully. (HiGHS Status 7: Optimal),837,0.0
2025-11-03,0,0.03517370800000208,51148.71517609242,144,20,3746,2025-10-14|2025-10-15|2025-10-16|2025-10-17|2025-10-18|2025-10-19|2025-10-20|2025-10-21|2025-10-22|2025-10-23|2025-10-24|2025-10-25|2025-10-26|2025-10-27|2025-10-28|2025-10-29|2025-10-30|2025-10-31|2025-11-01|2025-11-02,2025-11-03 00:00,2025-11-03 00:00,8.242295734817162e-13,2.2737367544323206e-13,0,True,Optimization terminated successfully. (HiGHS Status 7: Optimal),829,0.0
2025-11-04,0,0.035415959000602015,53230.62474484123,144,20,3746,2025-10-15|2025-10-16|2025-10-17|2025-10-18|2025-10-19|2025-10-20|2025-10-21|2025-10-22|2025-10-23|2025-10-24|2025-10-25|2025-10-26|2025-10-27|2025-10-28|2025-10-29|2025-10-30|2025-10-31|2025-11-01|2025-11-02|2025-11-03,2025-11-04 00:00,2025-11-04 00:00,8.810729923425242e-13,2.2737367544323206e-13,0,True,Optimization terminated successfully. (HiGHS Status 7: Optimal),848,0.0
2025-11-05,0,0.03576508300102432,53899.735183000244,144,20,3746,2025-10-16|2025-10-17|2025-10-18|2025-10-19|2025-10-20|2025-10-21|2025-10-22|2025-10-23|2025-10-24|2025-10-25|2025-10-26|2025-10-27|2025-10-28|2025-10-29|2025-10-30|2025-10-31|2025-11-01|2025-11-02|2025-11-03|2025-11-04,2025-11-05 00:00,2025-11-05 00:00,7.958078640513122e-13,2.842170943040401e-14,0,True,Optimization terminated successfully. (HiGHS Status 7: Optimal),867,0.0
2025-11-06,0,0.035850709000442293,52661.09201471128,144,20,3746,2025-10-17|2025-10-18|2025-10-19|2025-10-20|2025-10-21|2025-10-22|2025-10-23|2025-10-24|2025-10-25|2025-10-26|2025-10-27|2025-10-28|2025-10-29|2025-10-30|2025-10-31|2025-11-01|2025-11-02|2025-11-03|2025-11-04|2025-11-05,2025-11-06 00:00,2025-11-06 00:00,7.958078640513122e-13,5.684341886080802e-14,0,True,Optimization terminated successfully. (HiGHS Status 7: Optimal),843,0.0
2025-11-07,0,0.031968082999810576,15684.505606471452,144,20,3746,2025-10-18|2025-10-19|2025-10-20|2025-10-21|2025-10-22|2025-10-23|2025-10-24|2025-10-25|2025-10-26|2025-10-27|2025-10-28|2025-10-29|2025-10-30|2025-10-31|2025-11-01|2025-11-02|2025-11-03|2025-11-04|2025-11-05|2025-11-06,2025-11-07 00:00,2025-11-07 00:00,8.526512829121202e-13,1.1368683772161603e-13,0,True,Optimization terminated successfully. (HiGHS Status 7: Optimal),633,0.0
2025-11-08,0,0.03131770900108677,15627.27652224045,144,20,3746,2025-10-19|2025-10-20|2025-10-21|2025-10-22|2025-10-23|2025-10-24|2025-10-25|2025-10-26|2025-10-27|2025-10-28|2025-10-29|2025-10-30|2025-10-31|2025-11-01|2025-11-02|2025-11-03|2025-11-04|2025-11-05|2025-11-06|2025-11-07,2025-11-08 00:00,2025-11-08 00:00,7.958078640513122e-13,1.1368683772161603e-13,0,True,Optimization terminated successfully. (HiGHS Status 7: Optimal),664,0.0
2025-11-09,0,0.037034334000054514,55226.293086199265,144,20,3746,2025-10-20|2025-10-21|2025-10-22|2025-10-23|2025-10-24|2025-10-25|2025-10-26|2025-10-27|2025-10-28|2025-10-29|2025-10-30|2025-10-31|2025-11-01|2025-11-02|2025-11-03|2025-11-04|2025-11-05|2025-11-06|2025-11-07|2025-11-08,2025-11-09 00:00,2025-11-09 00:00,8.810729923425242e-13,2.2737367544323206e-13,0,True,Optimization terminated successfully. (HiGHS Status 7: Optimal),846,0.0
2025-11-10,0,0.035855499998433515,55039.28622965702,144,20,3746,2025-10-21|2025-10-22|2025-10-23|2025-10-24|2025-10-25|2025-10-26|2025-10-27|2025-10-28|2025-10-29|2025-10-30|2025-10-31|2025-11-01|2025-11-02|2025-11-03|2025-11-04|2025-11-05|2025-11-06|2025-11-07|2025-11-08|2025-11-09,2025-11-10 00:00,2025-11-10 00:00,7.958078640513122e-13,1.1368683772161603e-13,0,True,Optimization terminated successfully. (HiGHS Status 7: Optimal),847,0.0
2025-11-11,0,0.037204875001407345,56920.025856086984,144,20,3746,2025-10-22|2025-10-23|2025-10-24|2025-10-25|2025-10-26|2025-10-27|2025-10-28|2025-10-29|2025-10-30|2025-10-31|2025-11-01|2025-11-02|2025-11-03|2025-11-04|2025-11-05|2025-11-06|2025-11-07|2025-11-08|2025-11-09|2025-11-10,2025-11-11 00:00,2025-11-11 00:00,6.821210263296962e-13,0.0,0,True,Optimization terminated successfully. (HiGHS Status 7: Optimal),865,0.0
2025-11-12,0,0.037340374999985215,58062.55190907691,144,20,3746,2025-10-23|2025-10-24|2025-10-25|2025-10-26|2025-10-27|2025-10-28|2025-10-29|2025-10-30|2025-10-31|2025-11-01|2025-11-02|2025-11-03|2025-11-04|2025-11-05|2025-11-06|2025-11-07|2025-11-08|2025-11-09|2025-11-10|2025-11-11,2025-11-12 00:00,2025-11-12 00:00,8.810729923425242e-13,2.2737367544323206e-13,0,True,Optimization terminated successfully. (HiGHS Status 7: Optimal),843,0.0
2025-11-13,0,0.03653508299976238,57355.33466879241,144,20,3746,2025-10-24|2025-10-25|2025-10-26|2025-10-27|2025-10-28|2025-10-29|2025-10-30|2025-10-31|2025-11-01|2025-11-02|2025-11-03|2025-11-04|2025-11-05|2025-11-06|2025-11-07|2025-11-08|2025-11-09|2025-11-10|2025-11-11|2025-11-12,2025-11-13 00:00,2025-11-13 00:00,9.094947017729282e-13,5.684341886080802e-14,0,True,Optimization terminated successfully. (HiGHS Status 7: Optimal),848,0.0
2025-11-14,0,0.034119250000003376,16606.379962015544,144,20,3746,2025-10-25|2025-10-26|2025-10-27|2025-10-28|2025-10-29|2025-10-30|2025-10-31|2025-11-01|2025-11-02|2025-11-03|2025-11-04|2025-11-05|2025-11-06|2025-11-07|2025-11-08|2025-11-09|2025-11-10|2025-11-11|2025-11-12|2025-11-13,2025-11-14 00:00,2025-11-14 00:00,9.094947017729282e-13,1.1368683772161603e-13,0,True,Optimization terminated successfully. (HiGHS Status 7: Optimal),698,0.0
2025-11-15,0,0.033783584000047995,16456.95455366598,144,20,3746,2025-10-26|2025-10-27|2025-10-28|2025-10-29|2025-10-30|2025-10-31|2025-11-01|2025-11-02|2025-11-03|2025-11-04|2025-11-05|2025-11-06|2025-11-07|2025-11-08|2025-11-09|2025-11-10|2025-11-11|2025-11-12|2025-11-13|2025-11-14,2025-11-15 00:00,2025-11-15 00:00,8.526512829121202e-13,1.1368683772161603e-13,0,True,Optimization terminated successfully. (HiGHS Status 7: Optimal),717,0.0
2025-11-16,0,0.03675637500055018,59075.31933221868,144,20,3746,2025-10-27|2025-10-28|2025-10-29|2025-10-30|2025-10-31|2025-11-01|2025-11-02|2025-11-03|2025-11-04|2025-11-05|2025-11-06|2025-11-07|2025-11-08|2025-11-09|2025-11-10|2025-11-11|2025-11-12|2025-11-13|2025-11-14|2025-11-15,2025-11-16 00:00,2025-11-16 00:00,5.684341886080801e-13,5.684341886080802e-14,0,True,Optimization terminated successfully. (HiGHS Status 7: Optimal),837,0.0
2025-11-17,0,0.03689750000012282,59799.68264692274,144,20,3746,2025-10-28|2025-10-29|2025-10-30|2025-10-31|2025-11-01|2025-11-02|2025-11-03|2025-11-04|2025-11-05|2025-11-06|2025-11-07|2025-11-08|2025-11-09|2025-11-10|2025-11-11|2025-11-12|2025-11-13|2025-11-14|2025-11-15|2025-11-16,2025-11-17 00:00,2025-11-17 00:00,7.958078640513122e-13,1.1368683772161603e-13,0,True,Optimization terminated successfully. (HiGHS Status 7: Optimal),840,0.0
2025-11-18,0,0.03716520799935097,59967.60195323383,144,20,3746,2025-10-29|2025-10-30|2025-10-31|2025-11-01|2025-11-02|2025-11-03|2025-11-04|2025-11-05|2025-11-06|2025-11-07|2025-11-08|2025-11-09|2025-11-10|2025-11-11|2025-11-12|2025-11-13|2025-11-14|2025-11-15|2025-11-16|2025-11-17,2025-11-18 00:00,2025-11-18 00:00,7.958078640513122e-13,2.2737367544323206e-13,0,True,Optimization terminated successfully. (HiGHS Status 7: Optimal),829,0.0
2025-11-19,0,0.03606829199998174,60853.486682723844,144,20,3746,2025-10-30|2025-10-31|2025-11-01|2025-11-02|2025-11-03|2025-11-04|2025-11-05|2025-11-06|2025-11-07|2025-11-08|2025-11-09|2025-11-10|2025-11-11|2025-11-12|2025-11-13|2025-11-14|2025-11-15|2025-11-16|2025-11-17|2025-11-18,2025-11-19 00:00,2025-11-19 00:00,9.094947017729282e-13,1.1368683772161603e-13,0,True,Optimization terminated successfully. (HiGHS Status 7: Optimal),848,0.0
2025-11-20,0,0.03623700000025565,60001.670743503935,144,20,3746,2025-10-31|2025-11-01|2025-11-02|2025-11-03|2025-11-04|2025-11-05|2025-11-06|2025-11-07|2025-11-08|2025-11-09|2025-11-10|2025-11-11|2025-11-12|2025-11-13|2025-11-14|2025-11-15|2025-11-16|2025-11-17|2025-11-18|2025-11-19,2025-11-20 00:00,2025-11-20 00:00,1.0231815394945443e-12,5.684341886080802e-14,0,True,Optimization terminated successfully. (HiGHS Status 7: Optimal),834,0.0
2025-11-21,0,0.03351966699847253,17584.134645343936,144,20,3746,2025-11-01|2025-11-02|2025-11-03|2025-11-04|2025-11-05|2025-11-06|2025-11-07|2025-11-08|2025-11-09|2025-11-10|2025-11-11|2025-11-12|2025-11-13|2025-11-14|2025-11-15|2025-11-16|2025-11-17|2025-11-18|2025-11-19|2025-11-20,2025-11-21 00:00,2025-11-21 00:00,8.526512829121202e-13,1.1368683772161603e-13,0,True,Optimization terminated successfully. (HiGHS Status 7: Optimal),712,0.0
2025-11-22,0,0.0349432919992978,17619.37152248735,144,20,3746,2025-11-02|2025-11-03|2025-11-04|2025-11-05|2025-11-06|2025-11-07|2025-11-08|2025-11-09|2025-11-10|2025-11-11|2025-11-12|2025-11-13|2025-11-14|2025-11-15|2025-11-16|2025-11-17|2025-11-18|2025-11-19|2025-11-20|2025-11-21,2025-11-22 00:00,2025-11-22 00:00,9.094947017729282e-13,1.1368683772161603e-13,0,True,Optimization terminated successfully. (HiGHS Status 7: Optimal),724,0.0
2025-11-23,0,0.036882417000015266,61146.89575469309,144,20,3746,2025-11-03|2025-11-04|2025-11-05|2025-11-06|2025-11-07|2025-11-08|2025-11-09|2025-11-10|2025-11-11|2025-11-12|2025-11-13|2025-11-14|2025-11-15|2025-11-16|2025-11-17|2025-11-18|2025-11-19|2025-11-20|2025-11-21|2025-11-22,2025-11-23 00:00,2025-11-23 00:00,6.821210263296962e-13,0.0,0,True,Optimization terminated successfully. (HiGHS Status 7: Optimal),838,0.0
2025-11-24,0,0.03643466700123099,61116.20023309824,144,20,3746,2025-11-04|2025-11-05|2025-11-06|2025-11-07|2025-11-08|2025-11-09|2025-11-10|2025-11-11|2025-11-12|2025-11-13|2025-11-14|2025-11-15|2025-11-16|2025-11-17|2025-11-18|2025-11-19|2025-11-20|2025-11-21|2025-11-22|2025-11-23,2025-11-24 00:00,2025-11-24 00:00,7.958078640513122e-13,5.684341886080802e-14,0,True,Optimization terminated successfully. (HiGHS Status 7: Optimal),845,0.0
2025-11-25,0,0.03583654200156161,61318.449374818425,144,20,3746,2025-11-05|2025-11-06|2025-11-07|2025-11-08|2025-11-09|2025-11-10|2025-11-11|2025-11-12|2025-11-13|2025-11-14|2025-11-15|2025-11-16|2025-11-17|2025-11-18|2025-11-19|2025-11-20|2025-11-21|2025-11-22|2025-11-23|2025-11-24,2025-11-25 00:00,2025-11-25 00:00,7.958078640513122e-13,0.0,0,True,Optimization terminated successfully. (HiGHS Status 7: Optimal),826,0.0
2025-11-26,0,0.03569749999951455,62891.40431946222,144,20,3746,2025-11-06|2025-11-07|2025-11-08|2025-11-09|2025-11-10|2025-11-11|2025-11-12|2025-11-13|2025-11-14|2025-11-15|2025-11-16|2025-11-17|2025-11-18|2025-11-19|2025-11-20|2025-11-21|2025-11-22|2025-11-23|2025-11-24|2025-11-25,2025-11-26 00:00,2025-11-26 00:00,9.094947017729282e-13,2.842170943040401e-14,0,True,Optimization terminated successfully. (HiGHS Status 7: Optimal),835,0.0
2025-11-27,0,0.035868916998879286,61857.29680507805,144,20,3746,2025-11-07|2025-11-08|2025-11-09|2025-11-10|2025-11-11|2025-11-12|2025-11-13|2025-11-14|2025-11-15|2025-11-16|2025-11-17|2025-11-18|2025-11-19|2025-11-20|2025-11-21|2025-11-22|2025-11-23|2025-11-24|2025-11-25|2025-11-26,2025-11-27 00:00,2025-11-27 00:00,7.958078640513122e-13,2.2737367544323206e-13,0,True,Optimization terminated successfully. (HiGHS Status 7: Optimal),839,0.0
2025-11-28,0,0.034439208000549115,18022.95190055557,144,20,3746,2025-11-08|2025-11-09|2025-11-10|2025-11-11|2025-11-12|2025-11-13|2025-11-14|2025-11-15|2025-11-16|2025-11-17|2025-11-18|2025-11-19|2025-11-20|2025-11-21|2025-11-22|2025-11-23|2025-11-24|2025-11-25|2025-11-26|2025-11-27,2025-11-28 00:00,2025-11-28 00:00,9.094947017729282e-13,1.1368683772161603e-13,0,True,Optimization terminated successfully. (HiGHS Status 7: Optimal),711,0.0
2025-11-29,0,0.03470683300110977,18186.16973086061,144,20,3746,2025-11-09|2025-11-10|2025-11-11|2025-11-12|2025-11-13|2025-11-14|2025-11-15|2025-11-16|2025-11-17|2025-11-18|2025-11-19|2025-11-20|2025-11-21|2025-11-22|2025-11-23|2025-11-24|2025-11-25|2025-11-26|2025-11-27|2025-11-28,2025-11-29 00:00,2025-11-29 00:00,8.526512829121202e-13,1.1368683772161603e-13,0,True,Optimization terminated successfully. (HiGHS Status 7: Optimal),715,0.0
2025-11-30,0,0.03630154199890967,63254.5752700985,144,20,3746,2025-11-10|2025-11-11|2025-11-12|2025-11-13|2025-11-14|2025-11-15|2025-11-16|2025-11-17|2025-11-18|2025-11-19|2025-11-20|2025-11-21|2025-11-22|2025-11-23|2025-11-24|2025-11-25|2025-11-26|2025-11-27|2025-11-28|2025-11-29,2025-11-30 00:00,2025-11-30 00:00,8.526512829121202e-13,0.0,0,True,Optimization terminated successfully. (HiGHS Status 7: Optimal),837,0.0
2025-12-01,0,0.03713183400031994,63036.86432905851,144,20,3746,2025-11-11|2025-11-12|2025-11-13|2025-11-14|2025-11-15|2025-11-16|2025-11-17|2025-11-18|2025-11-19|2025-11-20|2025-11-21|2025-11-22|2025-11-23|2025-11-24|2025-11-25|2025-11-26|2025-11-27|2025-11-28|2025-11-29|2025-11-30,2025-12-01 00:00,2025-12-01 00:00,7.958078640513122e-13,5.684341886080802e-14,0,True,Optimization terminated successfully. (HiGHS Status 7: Optimal),828,0.0
2025-12-02,0,0.03577720900102577,64152.94068747928,144,20,3746,2025-11-12|2025-11-13|2025-11-14|2025-11-15|2025-11-16|2025-11-17|2025-11-18|2025-11-19|2025-11-20|2025-11-21|2025-11-22|2025-11-23|2025-11-24|2025-11-25|2025-11-26|2025-11-27|2025-11-28|2025-11-29|2025-11-30|2025-12-01,2025-12-02 00:00,2025-12-02 00:00,7.958078640513122e-13,2.842170943040401e-14,0,True,Optimization terminated successfully. (HiGHS Status 7: Optimal),836,0.0
2025-12-03,0,0.035617250001450884,66953.41480196257,144,20,3746,2025-11-13|2025-11-14|2025-11-15|2025-11-16|2025-11-17|2025-11-18|2025-11-19|2025-11-20|2025-11-21|2025-11-22|2025-11-23|2025-11-24|2025-11-25|2025-11-26|2025-11-27|2025-11-28|2025-11-29|2025-11-30|2025-12-01|2025-12-02,2025-12-03 00:00,2025-12-03 00:00,7.958078640513122e-13,5.684341886080802e-14,0,True,Optimization terminated successfully. (HiGHS Status 7: Optimal),836,0.0
2025-12-04,0,0.03556629200102179,68125.79702213383,144,20,3746,2025-11-14|2025-11-15|2025-11-16|2025-11-17|2025-11-18|2025-11-19|2025-11-20|2025-11-21|2025-11-22|2025-11-23|2025-11-24|2025-11-25|2025-11-26|2025-11-27|2025-11-28|2025-11-29|2025-11-30|2025-12-01|2025-12-02|2025-12-03,2025-12-04 00:00,2025-12-04 00:00,7.958078640513122e-13,0.0,0,True,Optimization terminated successfully. (HiGHS Status 7: Optimal),833,0.0
2025-12-05,0,0.037174208999203984,21047.95979169689,144,20,3746,2025-11-15|2025-11-16|2025-11-17|2025-11-18|2025-11-19|2025-11-20|2025-11-21|2025-11-22|2025-11-23|2025-11-24|2025-11-25|2025-11-26|2025-11-27|2025-11-28|2025-11-29|2025-11-30|2025-12-01|2025-12-02|2025-12-03|2025-12-04,2025-12-05 00:00,2025-12-05 00:00,8.526512829121202e-13,5.684341886080802e-14,0,True,Optimization terminated successfully. (HiGHS Status 7: Optimal),745,0.0
2025-12-06,0,0.037570333000985556,22281.152715719036,144,20,3746,2025-11-16|2025-11-17|2025-11-18|2025-11-19|2025-11-20|2025-11-21|2025-11-22|2025-11-23|2025-11-24|2025-11-25|2025-11-26|2025-11-27|2025-11-28|2025-11-29|2025-11-30|2025-12-01|2025-12-02|2025-12-03|2025-12-04|2025-12-05,2025-12-06 00:00,2025-12-06 00:00,8.810729923425242e-13,1.1368683772161603e-13,0,True,Optimization terminated successfully. (HiGHS Status 7: Optimal),754,0.0
2025-12-07,0,0.03419466699961049,71739.62374395037,144,20,3746,2025-11-17|2025-11-18|2025-11-19|2025-11-20|2025-11-21|2025-11-22|2025-11-23|2025-11-24|2025-11-25|2025-11-26|2025-11-27|2025-11-28|2025-11-29|2025-11-30|2025-12-01|2025-12-02|2025-12-03|2025-12-04|2025-12-05|2025-12-06,2025-12-07 00:00,2025-12-07 00:00,9.094947017729282e-13,5.684341886080802e-14,0,True,Optimization terminated successfully. (HiGHS Status 7: Optimal),829,0.0
2025-12-08,0,0.03359704200011038,74162.11419259354,144,20,3746,2025-11-18|2025-11-19|2025-11-20|2025-11-21|2025-11-22|2025-11-23|2025-11-24|2025-11-25|2025-11-26|2025-11-27|2025-11-28|2025-11-29|2025-11-30|2025-12-01|2025-12-02|2025-12-03|2025-12-04|2025-12-05|2025-12-06|2025-12-07,2025-12-08 00:00,2025-12-08 00:00,9.094947017729282e-13,0.0,0,True,Optimization terminated successfully. (HiGHS Status 7: Optimal),819,0.0
2025-12-09,0,0.033678792000500835,75547.96626394529,144,20,3746,2025-11-19|2025-11-20|2025-11-21|2025-11-22|2025-11-23|2025-11-24|2025-11-25|2025-11-26|2025-11-27|2025-11-28|2025-11-29|2025-11-30|2025-12-01|2025-12-02|2025-12-03|2025-12-04|2025-12-05|2025-12-06|2025-12-07|2025-12-08,2025-12-09 00:00,2025-12-09 00:00,7.958078640513122e-13,2.2737367544323206e-13,0,True,Optimization terminated successfully. (HiGHS Status 7: Optimal),817,0.0
2025-12-10,0,0.03536862500004645,75735.48181225032,144,20,3746,2025-11-20|2025-11-21|2025-11-22|2025-11-23|2025-11-24|2025-11-25|2025-11-26|2025-11-27|2025-11-28|2025-11-29|2025-11-30|2025-12-01|2025-12-02|2025-12-03|2025-12-04|2025-12-05|2025-12-06|2025-12-07|2025-12-08|2025-12-09,2025-12-10 00:00,2025-12-10 00:00,7.958078640513122e-13,5.684341886080802e-14,0,True,Optimization terminated successfully. (HiGHS Status 7: Optimal),820,0.0
2025-12-11,0,0.03269320800063724,75563.57691992987,144,20,3746,2025-11-21|2025-11-22|2025-11-23|2025-11-24|2025-11-25|2025-11-26|2025-11-27|2025-11-28|2025-11-29|2025-11-30|2025-12-01|2025-12-02|2025-12-03|2025-12-04|2025-12-05|2025-12-06|2025-12-07|2025-12-08|2025-12-09|2025-12-10,2025-12-11 00:00,2025-12-11 00:00,9.094947017729282e-13,2.2737367544323206e-13,0,True,Optimization terminated successfully. (HiGHS Status 7: Optimal),814,0.0
2025-12-12,0,0.03812050000124145,24881.47065073903,144,20,3746,2025-11-22|2025-11-23|2025-11-24|2025-11-25|2025-11-26|2025-11-27|2025-11-28|2025-11-29|2025-11-30|2025-12-01|2025-12-02|2025-12-03|2025-12-04|2025-12-05|2025-12-06|2025-12-07|2025-12-08|2025-12-09|2025-12-10|2025-12-11,2025-12-12 00:00,2025-12-12 00:00,9.094947017729282e-13,5.684341886080802e-14,0,True,Optimization terminated successfully. (HiGHS Status 7: Optimal),793,0.0
2025-12-13,0,0.03799295799944957,26711.53803868141,144,20,3746,2025-11-23|2025-11-24|2025-11-25|2025-11-26|2025-11-27|2025-11-28|2025-11-29|2025-11-30|2025-12-01|2025-12-02|2025-12-03|2025-12-04|2025-12-05|2025-12-06|2025-12-07|2025-12-08|2025-12-09|2025-12-10|2025-12-11|2025-12-12,2025-12-13 00:00,2025-12-13 00:00,9.094947017729282e-13,5.684341886080802e-14,0,True,Optimization terminated successfully. (HiGHS Status 7: Optimal),786,0.0
2025-12-14,0,0.03414075000000594,78132.08640126527,144,20,3746,2025-11-24|2025-11-25|2025-11-26|2025-11-27|2025-11-28|2025-11-29|2025-11-30|2025-12-01|2025-12-02|2025-12-03|2025-12-04|2025-12-05|2025-12-06|2025-12-07|2025-12-08|2025-12-09|2025-12-10|2025-12-11|2025-12-12|2025-12-13,2025-12-14 00:00,2025-12-14 00:00,7.958078640513122e-13,5.684341886080802e-14,0,True,Optimization terminated successfully. (HiGHS Status 7: Optimal),819,0.0
2025-12-15,0,0.03314837500147405,79645.51319788105,144,20,3746,2025-11-25|2025-11-26|2025-11-27|2025-11-28|2025-11-29|2025-11-30|2025-12-01|2025-12-02|2025-12-03|2025-12-04|2025-12-05|2025-12-06|2025-12-07|2025-12-08|2025-12-09|2025-12-10|2025-12-11|2025-12-12|2025-12-13|2025-12-14,2025-12-15 00:00,2025-12-15 00:00,8.526512829121202e-13,1.1368683772161603e-13,0,True,Optimization terminated successfully. (HiGHS Status 7: Optimal),815,0.0
2025-12-16,0,0.03312870799891243,81607.33035843774,144,20,3746,2025-11-26|2025-11-27|2025-11-28|2025-11-29|2025-11-30|2025-12-01|2025-12-02|2025-12-03|2025-12-04|2025-12-05|2025-12-06|2025-12-07|2025-12-08|2025-12-09|2025-12-10|2025-12-11|2025-12-12|2025-12-13|2025-12-14|2025-12-15,2025-12-16 00:00,2025-12-16 00:00,9.094947017729282e-13,2.2737367544323206e-13,0,True,Optimization terminated successfully. (HiGHS Status 7: Optimal),820,0.0
2025-12-17,0,0.034113957999579725,82339.64706652104,144,20,3746,2025-11-27|2025-11-28|2025-11-29|2025-11-30|2025-12-01|2025-12-02|2025-12-03|2025-12-04|2025-12-05|2025-12-06|2025-12-07|2025-12-08|2025-12-09|2025-12-10|2025-12-11|2025-12-12|2025-12-13|2025-12-14|2025-12-15|2025-12-16,2025-12-17 00:00,2025-12-17 00:00,9.094947017729282e-13,2.2737367544323206e-13,0,True,Optimization terminated successfully. (HiGHS Status 7: Optimal),816,0.0
2025-12-18,0,0.03377020800144237,80475.66423313717,144,20,3746,2025-11-28|2025-11-29|2025-11-30|2025-12-01|2025-12-02|2025-12-03|2025-12-04|2025-12-05|2025-12-06|2025-12-07|2025-12-08|2025-12-09|2025-12-10|2025-12-11|2025-12-12|2025-12-13|2025-12-14|2025-12-15|2025-12-16|2025-12-17,2025-12-18 00:00,2025-12-18 00:00,7.958078640513122e-13,0.0,0,True,Optimization terminated successfully. (HiGHS Status 7: Optimal),821,0.0
2025-12-19,0,0.037178083999606315,28472.97687576437,144,20,3746,2025-11-29|2025-11-30|2025-12-01|2025-12-02|2025-12-03|2025-12-04|2025-12-05|2025-12-06|2025-12-07|2025-12-08|2025-12-09|2025-12-10|2025-12-11|2025-12-12|2025-12-13|2025-12-14|2025-12-15|2025-12-16|2025-12-17|2025-12-18,2025-12-19 00:00,2025-12-19 00:00,9.094947017729282e-13,5.684341886080802e-14,0,True,Optimization terminated successfully. (HiGHS Status 7: Optimal),791,0.0
2025-12-20,0,0.037619000000631786,30281.853203121645,144,20,3746,2025-11-30|2025-12-01|2025-12-02|2025-12-03|2025-12-04|2025-12-05|2025-12-06|2025-12-07|2025-12-08|2025-12-09|2025-12-10|2025-12-11|2025-12-12|2025-12-13|2025-12-14|2025-12-15|2025-12-16|2025-12-17|2025-12-18|2025-12-19,2025-12-20 00:00,2025-12-20 00:00,9.094947017729282e-13,5.684341886080802e-14,0,True,Optimization terminated successfully. (HiGHS Status 7: Optimal),805,0.0
2025-12-21,0,0.033834833000582876,83504.2651335497,144,20,3746,2025-12-01|2025-12-02|2025-12-03|2025-12-04|2025-12-05|2025-12-06|2025-12-07|2025-12-08|2025-12-09|2025-12-10|2025-12-11|2025-12-12|2025-12-13|2025-12-14|2025-12-15|2025-12-16|2025-12-17|2025-12-18|2025-12-19|2025-12-20,2025-12-21 00:00,2025-12-21 00:00,7.958078640513122e-13,0.0,0,True,Optimization terminated successfully. (HiGHS Status 7: Optimal),817,0.0
2025-12-22,0,0.03404587499971967,85006.96197029669,144,20,3746,2025-12-02|2025-12-03|2025-12-04|2025-12-05|2025-12-06|2025-12-07|2025-12-08|2025-12-09|2025-12-10|2025-12-11|2025-12-12|2025-12-13|2025-12-14|2025-12-15|2025-12-16|2025-12-17|2025-12-18|2025-12-19|2025-12-20|2025-12-21,2025-12-22 00:00,2025-12-22 00:00,7.958078640513122e-13,2.2737367544323206e-13,0,True,Optimization terminated successfully. (HiGHS Status 7: Optimal),811,0.0
2025-12-23,0,0.03388187500058848,85140.17892984783,144,20,3746,2025-12-03|2025-12-04|2025-12-05|2025-12-06|2025-12-07|2025-12-08|2025-12-09|2025-12-10|2025-12-11|2025-12-12|2025-12-13|2025-12-14|2025-12-15|2025-12-16|2025-12-17|2025-12-18|2025-12-19|2025-12-20|2025-12-21|2025-12-22,2025-12-23 00:00,2025-12-23 00:00,9.663381206337363e-13,2.2737367544323206e-13,0,True,Optimization terminated successfully. (HiGHS Status 7: Optimal),821,0.0
2025-12-24,0,0.03376787500019418,84414.17466669397,144,20,3746,2025-12-04|2025-12-05|2025-12-06|2025-12-07|2025-12-08|2025-12-09|2025-12-10|2025-12-11|2025-12-12|2025-12-13|2025-12-14|2025-12-15|2025-12-16|2025-12-17|2025-12-18|2025-12-19|2025-12-20|2025-12-21|2025-12-22|2025-12-23,2025-12-24 00:00,2025-12-24 00:00,7.958078640513122e-13,2.2737367544323206e-13,0,True,Optimization terminated successfully. (HiGHS Status 7: Optimal),814,0.0
2025-12-25,0,0.03414383300150803,81972.45032863607,144,20,3746,2025-12-05|2025-12-06|2025-12-07|2025-12-08|2025-12-09|2025-12-10|2025-12-11|2025-12-12|2025-12-13|2025-12-14|2025-12-15|2025-12-16|2025-12-17|2025-12-18|2025-12-19|2025-12-20|2025-12-21|2025-12-22|2025-12-23|2025-12-24,2025-12-25 00:00,2025-12-25 00:00,9.094947017729282e-13,2.2737367544323206e-13,0,True,Optimization terminated successfully. (HiGHS Status 7: Optimal),821,0.0
2025-12-26,0,0.03857291599888413,29184.984460447497,144,20,3746,2025-12-06|2025-12-07|2025-12-08|2025-12-09|2025-12-10|2025-12-11|2025-12-12|2025-12-13|2025-12-14|2025-12-15|2025-12-16|2025-12-17|2025-12-18|2025-12-19|2025-12-20|2025-12-21|2025-12-22|2025-12-23|2025-12-24|2025-12-25,2025-12-26 00:00,2025-12-26 00:00,9.094947017729282e-13,5.684341886080802e-14,0,True,Optimization terminated successfully. (HiGHS Status 7: Optimal),799,0.0
2025-12-27,0,0.037527499998759595,29938.87035654853,144,20,3746,2025-12-07|2025-12-08|2025-12-09|2025-12-10|2025-12-11|2025-12-12|2025-12-13|2025-12-14|2025-12-15|2025-12-16|2025-12-17|2025-12-18|2025-12-19|2025-12-20|2025-12-21|2025-12-22|2025-12-23|2025-12-24|2025-12-25|2025-12-26,2025-12-27 00:00,2025-12-27 00:00,9.094947017729282e-13,5.684341886080802e-14,0,True,Optimization terminated successfully. (HiGHS Status 7: Optimal),798,0.0
2025-12-28,0,0.03362650000053691,82742.28574143669,144,20,3746,2025-12-08|2025-12-09|2025-12-10|2025-12-11|2025-12-12|2025-12-13|2025-12-14|2025-12-15|2025-12-16|2025-12-17|2025-12-18|2025-12-19|2025-12-20|2025-12-21|2025-12-22|2025-12-23|2025-12-24|2025-12-25|2025-12-26|2025-12-27,2025-12-28 00:00,2025-12-28 00:00,7.958078640513122e-13,2.2737367544323206e-13,0,True,Optimization terminated successfully. (HiGHS Status 7: Optimal),827,0.0
2025-12-29,0,0.03361945800133981,84801.11843943098,144,20,3746,2025-12-09|2025-12-10|2025-12-11|2025-12-12|2025-12-13|2025-12-14|2025-12-15|2025-12-16|2025-12-17|2025-12-18|2025-12-19|2025-12-20|2025-12-21|2025-12-22|2025-12-23|2025-12-24|2025-12-25|2025-12-26|2025-12-27|2025-12-28,2025-12-29 00:00,2025-12-29 00:00,7.958078640513122e-13,2.2737367544323206e-13,0,True,Optimization terminated successfully. (HiGHS Status 7: Optimal),818,0.0
2025-12-30,0,0.034106041999621084,84073.4005211015,144,20,3746,2025-12-10|2025-12-11|2025-12-12|2025-12-13|2025-12-14|2025-12-15|2025-12-16|2025-12-17|2025-12-18|2025-12-19|2025-12-20|2025-12-21|2025-12-22|2025-12-23|2025-12-24|2025-12-25|2025-12-26|2025-12-27|2025-12-28|2025-12-29,2025-12-30 00:00,2025-12-30 00:00,7.958078640513122e-13,5.684341886080802e-14,0,True,Optimization terminated successfully. (HiGHS Status 7: Optimal),811,0.0
2025-12-31,0,0.03268983299858519,82878.20909661498,144,20,3746,2025-12-11|2025-12-12|2025-12-13|2025-12-14|2025-12-15|2025-12-16|2025-12-17|2025-12-18|2025-12-19|2025-12-20|2025-12-21|2025-12-22|2025-12-23|2025-12-24|2025-12-25|2025-12-26|2025-12-27|2025-12-28|2025-12-29|2025-12-30,2025-12-31 00:00,2025-12-31 00:00,8.526512829121202e-13,2.2737367544323206e-13,0,True,Optimization terminated successfully. (HiGHS Status 7: Optimal),811,0.0
