date,issue_hour,seconds,objective,horizon_intervals,scenarios,variables,history_dates,latest_observation,decision_time,max_soc_residual,max_balance_residual,status,success,message,iterations,lp_residual
2025-02-01,0,0.03568329199879372,1423.6609752229422,144,20,3746,2025-01-12|2025-01-13|2025-01-14|2025-01-15|2025-01-16|2025-01-17|2025-01-18|2025-01-19|2025-01-20|2025-01-21|2025-01-22|2025-01-23|2025-01-24|2025-01-25|2025-01-26|2025-01-27|2025-01-28|2025-01-29|2025-01-30|2025-01-31,2025-02-01 00:00,2025-02-01 00:00,9.094947017729282e-13,2.2737367544323206e-13,0,True,Optimization terminated successfully. (HiGHS Status 7: Optimal),699,2.8421709430404007e-13
2025-02-01,6,0.03169120799975644,10473.894179575655,144,20,3746,2025-01-12|2025-01-13|2025-01-14|2025-01-15|2025-01-16|2025-01-17|2025-01-18|2025-01-19|2025-01-20|2025-01-21|2025-01-22|2025-01-23|2025-01-24|2025-01-25|2025-01-26|2025-01-27|2025-01-28|2025-01-29|2025-01-30|2025-01-31,2025-02-01 06:00,2025-02-01 06:00,9.094947017729282e-13,2.2737367544323206e-13,0,True,Optimization terminated successfully. (HiGHS Status 7: Optimal),703,2.8421709430404007e-13
2025-02-01,12,0.03261058399948524,32564.433976616136,144,20,3746,2025-01-12|2025-01-13|2025-01-14|2025-01-15|2025-01-16|2025-01-17|2025-01-18|2025-01-19|2025-01-20|2025-01-21|2025-01-22|2025-01-23|2025-01-24|2025-01-25|2025-01-26|2025-01-27|2025-01-28|2025-01-29|2025-01-30|2025-01-31,2025-02-01 12:00,2025-02-01 12:00,9.094947017729282e-13,2.2737367544323206e-13,0,True,Optimization terminated successfully. (HiGHS Status 7: Optimal),826,2.8421709430404007e-13
2025-02-01,18,0.0337649169996439,40370.052562524776,144,20,3746,2025-01-12|2025-01-13|2025-01-14|2025-01-15|2025-01-16|2025-01-17|2025-01-18|2025-01-19|2025-01-20|2025-01-21|2025-01-22|2025-01-23|2025-01-24|2025-01-25|2025-01-26|2025-01-27|2025-01-28|2025-01-29|2025-01-30|2025-01-31,2025-02-01 18:00,2025-02-01 18:00,9.094947017729282e-13,2.2737367544323206e-13,0,True,Optimization terminated successfully. (HiGHS Status 7: Optimal),849,2.8421709430404007e-13
2025-02-02,0,0.03724129100010032,1880.6063146738575,144,20,3746,2025-01-13|2025-01-14|2025-01-15|2025-01-16|2025-01-17|2025-01-18|2025-01-19|2025-01-20|2025-01-21|2025-01-22|2025-01-23|2025-01-24|2025-01-25|2025-01-26|2025-01-27|2025-01-28|2025-01-29|2025-01-30|2025-01-31|2025-02-01,2025-02-02 00:00,2025-02-02 00:00,7.958078640513122e-13,2.2737367544323206e-13,0,True,Optimization terminated successfully. (HiGHS Status 7: Optimal),744,2.2737367544323206e-13
2025-02-02,6,0.03544054200028768,10998.71592880497,144,20,3746,2025-01-13|2025-01-14|2025-01-15|2025-01-16|2025-01-17|2025-01-18|2025-01-19|2025-01-20|2025-01-21|2025-01-22|2025-01-23|2025-01-24|2025-01-25|2025-01-26|2025-01-27|2025-01-28|2025-01-29|2025-01-30|2025-01-31|2025-02-01,2025-02-02 06:00,2025-02-02 06:00,9.094947017729282e-13,2.2737367544323206e-13,0,True,Optimization terminated successfully. (HiGHS Status 7: Optimal),815,2.2737367544323206e-13
2025-02-02,12,0.0334683330002008,29372.94708454438,144,20,3746,2025-01-13|2025-01-14|2025-01-15|2025-01-16|2025-01-17|2025-01-18|2025-01-19|2025-01-20|2025-01-21|2025-01-22|2025-01-23|2025-01-24|2025-01-25|2025-01-26|2025-01-27|2025-01-28|2025-01-29|2025-01-30|2025-01-31|2025-02-01,2025-02-02 12:00,2025-02-02 12:00,8.526512829121202e-13,2.2737367544323206e-13,0,True,Optimization terminated successfully. (HiGHS Status 7: Optimal),894,2.2737367544323206e-13
2025-02-02,18,0.03462095800023235,41455.62771128067,144,20,3746,2025-01-13|2025-01-14|2025-01-15|2025-01-16|2025-01-17|2025-01-18|2025-01-19|2025-01-20|2025-01-21|2025-01-22|2025-01-23|2025-01-24|2025-01-25|2025-01-26|2025-01-27|2025-01-28|2025-01-29|2025-01-30|2025-01-31|2025-02-01,2025-02-02 18:00,2025-02-02 18:00,8.526512829121202e-13,2.2737367544323206e-13,0,True,Optimization terminated successfully. (HiGHS Status 7: Optimal),858,0.0
2025-02-03,0,0.034220625000671134,1891.5578701295476,144,20,3746,2025-01-14|2025-01-15|2025-01-16|2025-01-17|2025-01-18|2025-01-19|2025-01-20|2025-01-21|2025-01-22|2025-01-23|2025-01-24|2025-01-25|2025-01-26|2025-01-27|2025-01-28|2025-01-29|2025-01-30|2025-01-31|2025-02-01|2025-02-02,2025-02-03 00:00,2025-02-03 00:00,9.094947017729282e-13,3.410605131648481e-13,0,True,Optimization terminated successfully. (HiGHS Status 7: Optimal),743,3.979039320256561e-13
2025-02-03,6,0.032678499999747146,10258.981953627306,144,20,3746,2025-01-14|2025-01-15|2025-01-16|2025-01-17|2025-01-18|2025-01-19|2025-01-20|2025-01-21|2025-01-22|2025-01-23|2025-01-24|2025-01-25|2025-01-26|2025-01-27|2025-01-28|2025-01-29|2025-01-30|2025-01-31|2025-02-01|2025-02-02,2025-02-03 06:00,2025-02-03 06:00,9.663381206337363e-13,2.2737367544323206e-13,0,True,Optimization terminated successfully. (HiGHS Status 7: Optimal),831,2.2737367544323206e-13
2025-02-03,12,0.0314642500015907,28259.42875670153,144,20,3746,2025-01-14|2025-01-15|2025-01-16|2025-01-17|2025-01-18|2025-01-19|2025-01-20|2025-01-21|2025-01-22|2025-01-23|2025-01-24|2025-01-25|2025-01-26|2025-01-27|2025-01-28|2025-01-29|2025-01-30|2025-01-31|2025-02-01|2025-02-02,2025-02-03 12:00,2025-02-03 12:00,9.094947017729282e-13,2.2737367544323206e-13,0,True,Optimization terminated successfully. (HiGHS Status 7: Optimal),853,2.2737367544323206e-13
2025-02-03,18,0.03340562499943189,47500.80757024838,144,20,3746,2025-01-14|2025-01-15|2025-01-16|2025-01-17|2025-01-18|2025-01-19|2025-01-20|2025-01-21|2025-01-22|2025-01-23|2025-01-24|2025-01-25|2025-01-26|2025-01-27|2025-01-28|2025-01-29|2025-01-30|2025-01-31|2025-02-01|2025-02-02,2025-02-03 18:00,2025-02-03 18:00,9.094947017729282e-13,2.2737367544323206e-13,0,True,Optimization terminated successfully. (HiGHS Status 7: Optimal),857,1.1368683772161603e-13
2025-02-04,0,0.03454362499905983,1869.9626214199532,144,20,3746,2025-01-15|2025-01-16|2025-01-17|2025-01-18|2025-01-19|2025-01-20|2025-01-21|2025-01-22|2025-01-23|2025-01-24|2025-01-25|2025-01-26|2025-01-27|2025-01-28|2025-01-29|2025-01-30|2025-01-31|2025-02-01|2025-02-02|2025-02-03,2025-02-04 00:00,2025-02-04 00:00,7.958078640513122e-13,7.958078640513122e-13,0,True,Optimization terminated successfully. (HiGHS Status 7: Optimal),742,7.958078640513122e-13
2025-02-04,6,0.0315023340008338,10558.285905039886,144,20,3746,2025-01-15|2025-01-16|2025-01-17|2025-01-18|2025-01-19|2025-01-20|2025-01-21|2025-01-22|2025-01-23|2025-01-24|2025-01-25|2025-01-26|2025-01-27|2025-01-28|2025-01-29|2025-01-30|2025-01-31|2025-02-01|2025-02-02|2025-02-03,2025-02-04 06:00,2025-02-04 06:00,9.094947017729282e-13,3.410605131648481e-13,0,True,Optimization terminated successfully. (HiGHS Status 7: Optimal),812,3.410605131648481e-13
2025-02-04,12,0.03299700000025041,24160.372434551304,144,20,3746,2025-01-15|2025-01-16|2025-01-17|2025-01-18|2025-01-19|2025-01-20|2025-01-21|2025-01-22|2025-01-23|2025-01-24|2025-01-25|2025-01-26|2025-01-27|2025-01-28|2025-01-29|2025-01-30|2025-01-31|2025-02-01|2025-02-02|2025-02-03,2025-02-04 12:00,2025-02-04 12:00,9.663381206337363e-13,3.410605131648481e-13,0,True,Optimization terminated successfully. (HiGHS Status 7: Optimal),840,3.410605131648481e-13
2025-02-04,18,0.033040250000340166,48577.3108207975,144,20,3746,2025-01-15|2025-01-16|2025-01-17|2025-01-18|2025-01-19|2025-01-20|2025-01-21|2025-01-22|2025-01-23|2025-01-24|2025-01-25|2025-01-26|2025-01-27|2025-01-28|2025-01-29|2025-01-30|2025-01-31|2025-02-01|2025-02-02|2025-02-03,2025-02-04 18:00,2025-02-04 18:00,1.0231815394945443e-12,3.410605131648481e-13,0,True,Optimization terminated successfully. (HiGHS Status 7: Optimal),858,3.410605131648481e-13
2025-02-05,0,0.03338987500137591,1750.6755788549776,144,20,3746,2025-01-16|2025-01-17|2025-01-18|2025-01-19|2025-01-20|2025-01-21|2025-01-22|2025-01-23|2025-01-24|2025-01-25|2025-01-26|2025-01-27|2025-01-28|2025-01-29|2025-01-30|2025-01-31|2025-02-01|2025-02-02|2025-02-03|2025-02-04,2025-02-05 00:00,2025-02-05 00:00,9.094947017729282e-13,2.2737367544323206e-13,0,True,Optimization terminated successfully. (HiGHS Status 7: Optimal),754,2.2737367544323206e-13
2025-02-05,6,0.035551291999581736,12532.127580118413,144,20,3746,2025-01-16|2025-01-17|2025-01-18|2025-01-19|2025-01-20|2025-01-21|2025-01-22|2025-01-23|2025-01-24|2025-01-25|2025-01-26|2025-01-27|2025-01-28|2025-01-29|2025-01-30|2025-01-31|2025-02-01|2025-02-02|2025-02-03|2025-02-04,2025-02-05 06:00,2025-02-05 06:00,7.958078640513122e-13,2.2737367544323206e-13,0,True,Optimization terminated successfully. (HiGHS Status 7: Optimal),948,1.1368683772161603e-13
2025-02-05,12,0.03277904099923035,30817.53878803412,144,20,3746,2025-01-16|2025-01-17|2025-01-18|2025-01-19|2025-01-20|2025-01-21|2025-01-22|2025-01-23|2025-01-24|2025-01-25|2025-01-26|2025-01-27|2025-01-28|2025-01-29|2025-01-30|2025-01-31|2025-02-01|2025-02-02|2025-02-03|2025-02-04,2025-02-05 12:00,2025-02-05 12:00,9.094947017729282e-13,1.1368683772161603e-13,0,True,Optimization terminated successfully. (HiGHS Status 7: Optimal),842,1.1368683772161603e-13
2025-02-05,18,0.03343562499867403,46082.211224513776,144,20,3746,2025-01-16|2025-01-17|2025-01-18|2025-01-19|2025-01-20|2025-01-21|2025-01-22|2025-01-23|2025-01-24|2025-01-25|2025-01-26|2025-01-27|2025-01-28|2025-01-29|2025-01-30|2025-01-31|2025-02-01|2025-02-02|2025-02-03|2025-02-04,2025-02-05 18:00,2025-02-05 18:00,9.094947017729282e-13,0.0,0,True,Optimization terminated successfully. (HiGHS Status 7: Optimal),847,1.1368683772161603e-13
2025-02-06,0,0.033847624999907566,1746.5953374402718,144,20,3746,2025-01-17|2025-01-18|2025-01-19|2025-01-20|2025-01-21|2025-01-22|2025-01-23|2025-01-24|2025-01-25|2025-01-26|2025-01-27|2025-01-28|2025-01-29|2025-01-30|2025-01-31|2025-02-01|2025-02-02|2025-02-03|2025-02-04|2025-02-05,2025-02-06 00:00,2025-02-06 00:00,7.958078640513122e-13,1.0231815394945443e-12,0,True,Optimization terminated successfully. (HiGHS Status 7: Optimal),749,1.0231815394945443e-12
2025-02-06,6,0.03321962500012887,7476.231917051871,144,20,3746,2025-01-17|2025-01-18|2025-01-19|2025-01-20|2025-01-21|2025-01-22|2025-01-23|2025-01-24|2025-01-25|2025-01-26|2025-01-27|2025-01-28|2025-01-29|2025-01-30|2025-01-31|2025-02-01|2025-02-02|2025-02-03|2025-02-04|2025-02-05,2025-02-06 06:00,2025-02-06 06:00,9.094947017729282e-13,1.0231815394945443e-12,0,True,Optimization terminated successfully. (HiGHS Status 7: Optimal),796,1.0231815394945443e-12
2025-02-06,12,0.03476237500035495,17185.75976432314,144,20,3746,2025-01-17|2025-01-18|2025-01-19|2025-01-20|2025-01-21|2025-01-22|2025-01-23|2025-01-24|2025-01-25|2025-01-26|2025-01-27|2025-01-28|2025-01-29|2025-01-30|2025-01-31|2025-02-01|2025-02-02|2025-02-03|2025-02-04|2025-02-05,2025-02-06 12:00,2025-02-06 12:00,1.0231815394945443e-12,1.0231815394945443e-12,0,True,Optimization terminated successfully. (HiGHS Status 7: Optimal),840,1.0231815394945443e-12
2025-02-06,18,0.03543354199973692,14297.68446370538,144,20,3746,2025-01-17|2025-01-18|2025-01-19|2025-01-20|2025-01-21|2025-01-22|2025-01-23|2025-01-24|2025-01-25|2025-01-26|2025-01-27|2025-01-28|2025-01-29|2025-01-30|2025-01-31|2025-02-01|2025-02-02|2025-02-03|2025-02-04|2025-02-05,2025-02-06 18:00,2025-02-06 18:00,9.663381206337363e-13,1.0231815394945443e-12,0,True,Optimization terminated successfully. (HiGHS Status 7: Optimal),785,1.0231815394945443e-12
2025-02-07,0,0.035548458001358085,1548.0620236854709,144,20,3746,2025-01-18|2025-01-19|2025-01-20|2025-01-21|2025-01-22|2025-01-23|2025-01-24|2025-01-25|2025-01-26|2025-01-27|2025-01-28|2025-01-29|2025-01-30|2025-01-31|2025-02-01|2025-02-02|2025-02-03|2025-02-04|2025-02-05|2025-02-06,2025-02-07 00:00,2025-02-07 00:00,8.668621376273222e-13,8.242295734817162e-13,0,True,Optimization terminated successfully. (HiGHS Status 7: Optimal),717,8.242295734817162e-13
2025-02-07,6,0.034508167000240064,8512.870533921481,144,20,3746,2025-01-18|2025-01-19|2025-01-20|2025-01-21|2025-01-22|2025-01-23|2025-01-24|2025-01-25|2025-01-26|2025-01-27|2025-01-28|2025-01-29|2025-01-30|2025-01-31|2025-02-01|2025-02-02|2025-02-03|2025-02-04|2025-02-05|2025-02-06,2025-02-07 06:00,2025-02-07 06:00,8.526512829121202e-13,1.1368683772161603e-13,0,True,Optimization terminated successfully. (HiGHS Status 7: Optimal),745,1.1368683772161603e-13
2025-02-07,12,0.03331862499908311,9446.10079101261,144,20,3746,2025-01-18|2025-01-19|2025-01-20|2025-01-21|2025-01-22|2025-01-23|2025-01-24|2025-01-25|2025-01-26|2025-01-27|2025-01-28|2025-01-29|2025-01-30|2025-01-31|2025-02-01|2025-02-02|2025-02-03|2025-02-04|2025-02-05|2025-02-06,2025-02-07 12:00,2025-02-07 12:00,9.094947017729282e-13,5.684341886080802e-14,0,True,Optimization terminated successfully. (HiGHS Status 7: Optimal),730,1.1368683772161603e-13
2025-02-07,18,0.037574750000203494,17032.19894576152,144,20,3746,2025-01-18|2025-01-19|2025-01-20|2025-01-21|2025-01-22|2025-01-23|2025-01-24|2025-01-25|2025-01-26|2025-01-27|2025-01-28|2025-01-29|2025-01-30|2025-01-31|2025-02-01|2025-02-02|2025-02-03|2025-02-04|2025-02-05|2025-02-06,2025-02-07 18:00,2025-02-07 18:00,9.663381206337363e-13,1.1368683772161603e-13,0,True,Optimization terminated successfully. (HiGHS Status 7: Optimal),799,1.1368683772161603e-13
2025-02-08,0,0.03886495899860165,1225.8824061408834,144,20,3746,2025-01-19|2025-01-20|2025-01-21|2025-01-22|2025-01-23|2025-01-24|2025-01-25|2025-01-26|2025-01-27|2025-01-28|2025-01-29|2025-01-30|2025-01-31|2025-02-01|2025-02-02|2025-02-03|2025-02-04|2025-02-05|2025-02-06|2025-02-07,2025-02-08 00:00,2025-02-08 00:00,9.094947017729282e-13,2.3305801732931286e-12,0,True,Optimization terminated successfully. (HiGHS Status 7: Optimal),709,2.3305801732931286e-12
2025-02-08,6,0.0400780419986404,12711.838605646875,144,20,3746,2025-01-19|2025-01-20|2025-01-21|2025-01-22|2025-01-23|2025-01-24|2025-01-25|2025-01-26|2025-01-27|2025-01-28|2025-01-29|2025-01-30|2025-01-31|2025-02-01|2025-02-02|2025-02-03|2025-02-04|2025-02-05|2025-02-06|2025-02-07,2025-02-08 06:00,2025-02-08 06:00,9.094947017729282e-13,1.1368683772161603e-13,0,True,Optimization terminated successfully. (HiGHS Status 7: Optimal),879,5.684341886080802e-14
2025-02-08,12,0.03510958299921185,28594.970997837285,144,20,3746,2025-01-19|2025-01-20|2025-01-21|2025-01-22|2025-01-23|2025-01-24|2025-01-25|2025-01-26|2025-01-27|2025-01-28|2025-01-29|2025-01-30|2025-01-31|2025-02-01|2025-02-02|2025-02-03|2025-02-04|2025-02-05|2025-02-06|2025-02-07,2025-02-08 12:00,2025-02-08 12:00,8.588685318500211e-13,1.1368683772161603e-13,0,True,Optimization terminated successfully. (HiGHS Status 7: Optimal),860,5.684341886080802e-14
2025-02-08,18,0.03365887499967357,47817.395555389936,144,20,3746,2025-01-19|2025-01-20|2025-01-21|2025-01-22|2025-01-23|2025-01-24|2025-01-25|2025-01-26|2025-01-27|2025-01-28|2025-01-29|2025-01-30|2025-01-31|2025-02-01|2025-02-02|2025-02-03|2025-02-04|2025-02-05|2025-02-06|2025-02-07,2025-02-08 18:00,2025-02-08 18:00,9.094947017729282e-13,5.684341886080802e-14,0,True,Optimization terminated successfully. (HiGHS Status 7: Optimal),839,5.684341886080802e-14
2025-02-09,0,0.03493466600048123,1774.8575837117817,144,20,3746,2025-01-20|2025-01-21|2025-01-22|2025-01-23|2025-01-24|2025-01-25|2025-01-26|2025-01-27|2025-01-28|2025-01-29|2025-01-30|2025-01-31|2025-02-01|2025-02-02|2025-02-03|2025-02-04|2025-02-05|2025-02-06|2025-02-07|2025-02-08,2025-02-09 00:00,2025-02-09 00:00,9.094947017729282e-13,2.2737367544323206e-13,0,True,Optimization terminated successfully. (HiGHS Status 7: Optimal),744,2.2737367544323206e-13
2025-02-09,6,0.033928584000022965,11448.05545024738,144,20,3746,2025-01-20|2025-01-21|2025-01-22|2025-01-23|2025-01-24|2025-01-25|2025-01-26|2025-01-27|2025-01-28|2025-01-29|2025-01-30|2025-01-31|2025-02-01|2025-02-02|2025-02-03|2025-02-04|2025-02-05|2025-02-06|2025-02-07|2025-02-08,2025-02-09 06:00,2025-02-09 06:00,9.023892744153272e-13,2.2737367544323206e-13,0,True,Optimization terminated successfully. (HiGHS Status 7: Optimal),887,0.0
2025-02-09,12,0.0333045419993141,27530.6329220684,144,20,3746,2025-01-20|2025-01-21|2025-01-22|2025-01-23|2025-01-24|2025-01-25|2025-01-26|2025-01-27|2025-01-28|2025-01-29|2025-01-30|2025-01-31|2025-02-01|2025-02-02|2025-02-03|2025-02-04|2025-02-05|2025-02-06|2025-02-07|2025-02-08,2025-02-09 12:00,2025-02-09 12:00,9.094947017729282e-13,1.1368683772161603e-13,0,True,Optimization terminated successfully. (HiGHS Status 7: Optimal),863,1.1368683772161603e-13
2025-02-09,18,0.032332499999029096,40238.90371556241,144,20,3746,2025-01-20|2025-01-21|2025-01-22|2025-01-23|2025-01-24|2025-01-25|2025-01-26|2025-01-27|2025-01-28|2025-01-29|2025-01-30|2025-01-31|2025-02-01|2025-02-02|2025-02-03|2025-02-04|2025-02-05|2025-02-06|2025-02-07|2025-02-08,2025-02-09 18:00,2025-02-09 18:00,9.094947017729282e-13,2.2737367544323206e-13,0,True,Optimization terminated successfully. (HiGHS Status 7: Optimal),885,0.0
2025-02-10,0,0.035097084000881296,1850.588079758234,144,20,3746,2025-01-21|2025-01-22|2025-01-23|2025-01-24|2025-01-25|2025-01-26|2025-01-27|2025-01-28|2025-01-29|2025-01-30|2025-01-31|2025-02-01|2025-02-02|2025-02-03|2025-02-04|2025-02-05|2025-02-06|2025-02-07|2025-02-08|2025-02-09,2025-02-10 00:00,2025-02-10 00:00,8.526512829121202e-13,5.684341886080801e-13,0,True,Optimization terminated successfully. (HiGHS Status 7: Optimal),747,5.684341886080801e-13
2025-02-10,6,0.03277775000060501,9116.190690570977,144,20,3746,2025-01-21|2025-01-22|2025-01-23|2025-01-24|2025-01-25|2025-01-26|2025-01-27|2025-01-28|2025-01-29|2025-01-30|2025-01-31|2025-02-01|2025-02-02|2025-02-03|2025-02-04|2025-02-05|2025-02-06|2025-02-07|2025-02-08|2025-02-09,2025-02-10 06:00,2025-02-10 06:00,7.958078640513122e-13,2.2737367544323206e-13,0,True,Optimization terminated successfully. (HiGHS Status 7: Optimal),817,2.2737367544323206e-13
2025-02-10,12,0.033596917000977555,23404.665225569224,144,20,3746,2025-01-21|2025-01-22|2025-01-23|2025-01-24|2025-01-25|2025-01-26|2025-01-27|2025-01-28|2025-01-29|2025-01-30|2025-01-31|2025-02-01|2025-02-02|2025-02-03|2025-02-04|2025-02-05|2025-02-06|2025-02-07|2025-02-08|2025-02-09,2025-02-10 12:00,2025-02-10 12:00,8.810729923425242e-13,2.2737367544323206e-13,0,True,Optimization terminated successfully. (HiGHS Status 7: Optimal),880,2.2737367544323206e-13
2025-02-10,18,0.03459512500012352,35518.43798198721,144,20,3746,2025-01-21|2025-01-22|2025-01-23|2025-01-24|2025-01-25|2025-01-26|2025-01-27|2025-01-28|2025-01-29|2025-01-30|2025-01-31|2025-02-01|2025-02-02|2025-02-03|2025-02-04|2025-02-05|2025-02-06|2025-02-07|2025-02-08|2025-02-09,2025-02-10 18:00,2025-02-10 18:00,7.958078640513122e-13,2.2737367544323206e-13,0,True,Optimization terminated successfully. (HiGHS Status 7: Optimal),878,2.2737367544323206e-13
2025-02-11,0,0.04011595900010434,1798.5778717546775,144,20,3746,2025-01-22|2025-01-23|2025-01-24|2025-01-25|2025-01-26|2025-01-27|2025-01-28|2025-01-29|2025-01-30|2025-01-31|2025-02-01|2025-02-02|2025-02-03|2025-02-04|2025-02-05|2025-02-06|2025-02-07|2025-02-08|2025-02-09|2025-02-10,2025-02-11 00:00,2025-02-11 00:00,7.958078640513122e-13,5.684341886080801e-13,0,True,Optimization terminated successfully. (HiGHS Status 7: Optimal),756,5.684341886080801e-13
2025-02-11,6,0.032347000000299886,10026.320563845173,144,20,3746,2025-01-22|2025-01-23|2025-01-24|2025-01-25|2025-01-26|2025-01-27|2025-01-28|2025-01-29|2025-01-30|2025-01-31|2025-02-01|2025-02-02|2025-02-03|2025-02-04|2025-02-05|2025-02-06|2025-02-07|2025-02-08|2025-02-09|2025-02-10,2025-02-11 06:00,2025-02-11 06:00,8.331113576787175e-13,2.2737367544323206e-13,0,True,Optimization terminated successfully. (HiGHS Status 7: Optimal),827,2.2737367544323206e-13
2025-02-11,12,0.034223582999402424,18674.54675250074,144,20,3746,2025-01-22|2025-01-23|2025-01-24|2025-01-25|2025-01-26|2025-01-27|2025-01-28|2025-01-29|2025-01-30|2025-01-31|2025-02-01|2025-02-02|2025-02-03|2025-02-04|2025-02-05|2025-02-06|2025-02-07|2025-02-08|2025-02-09|2025-02-10,2025-02-11 12:00,2025-02-11 12:00,8.526512829121202e-13,2.2737367544323206e-13,0,True,Optimization terminated successfully. (HiGHS Status 7: Optimal),874,2.2737367544323206e-13
2025-02-11,18,0.03497754100135353,44311.43963726031,144,20,3746,2025-01-22|2025-01-23|2025-01-24|2025-01-25|2025-01-26|2025-01-27|2025-01-28|2025-01-29|2025-01-30|2025-01-31|2025-02-01|2025-02-02|2025-02-03|2025-02-04|2025-02-05|2025-02-06|2025-02-07|2025-02-08|2025-02-09|2025-02-10,2025-02-11 18:00,2025-02-11 18:00,9.094947017729282e-13,2.2737367544323206e-13,0,True,Optimization terminated successfully. (HiGHS Status 7: Optimal),867,2.2737367544323206e-13
2025-02-12,0,0.035849249999955646,1791.4915555492942,144,20,3746,2025-01-23|2025-01-24|2025-01-25|2025-01-26|2025-01-27|2025-01-28|2025-01-29|2025-01-30|2025-01-31|2025-02-01|2025-02-02|2025-02-03|2025-02-04|2025-02-05|2025-02-06|2025-02-07|2025-02-08|2025-02-09|2025-02-10|2025-02-11,2025-02-12 00:00,2025-02-12 00:00,9.094947017729282e-13,2.2737367544323206e-13,0,True,Optimization terminated successfully. (HiGHS Status 7: Optimal),751,3.410605131648481e-13
2025-02-12,6,0.03144691700072144,9545.857255559644,144,20,3746,2025-01-23|2025-01-24|2025-01-25|2025-01-26|2025-01-27|2025-01-28|2025-01-29|2025-01-30|2025-01-31|2025-02-01|2025-02-02|2025-02-03|2025-02-04|2025-02-05|2025-02-06|2025-02-07|2025-02-08|2025-02-09|2025-02-10|2025-02-11,2025-02-12 06:00,2025-02-12 06:00,7.958078640513122e-13,2.2737367544323206e-13,0,True,Optimization terminated successfully. (HiGHS Status 7: Optimal),800,2.2737367544323206e-13
2025-02-12,12,0.0333786669998517,20939.51061215289,144,20,3746,2025-01-23|2025-01-24|2025-01-25|2025-01-26|2025-01-27|2025-01-28|2025-01-29|2025-01-30|2025-01-31|2025-02-01|2025-02-02|2025-02-03|2025-02-04|2025-02-05|2025-02-06|2025-02-07|2025-02-08|2025-02-09|2025-02-10|2025-02-11,2025-02-12 12:00,2025-02-12 12:00,8.526512829121202e-13,2.2737367544323206e-13,0,True,Optimization terminated successfully. (HiGHS Status 7: Optimal),857,2.2737367544323206e-13
2025-02-12,18,0.03399720800007344,43130.67214845669,144,20,3746,2025-01-23|2025-01-24|2025-01-25|2025-01-26|2025-01-27|2025-01-28|2025-01-29|2025-01-30|2025-01-31|2025-02-01|2025-02-02|2025-02-03|2025-02-04|2025-02-05|2025-02-06|2025-02-07|2025-02-08|2025-02-09|2025-02-10|2025-02-11,2025-02-12 18:00,2025-02-12 18:00,9.094947017729282e-13,2.2737367544323206e-13,0,True,Optimization terminated successfully. (HiGHS Status 7: Optimal),859,2.2737367544323206e-13
2025-02-13,0,0.03666341699863551,1578.0290003959535,144,20,3746,2025-01-24|2025-01-25|2025-01-26|2025-01-27|2025-01-28|2025-01-29|2025-01-30|2025-01-31|2025-02-01|2025-02-02|2025-02-03|2025-02-04|2025-02-05|2025-02-06|2025-02-07|2025-02-08|2025-02-09|2025-02-10|2025-02-11|2025-02-12,2025-02-13 00:00,2025-02-13 00:00,8.384404281969182e-13,1.1368683772161603e-13,0,True,Optimization terminated successfully. (HiGHS Status 7: Optimal),748,1.1368683772161603e-13
2025-02-13,6,0.03184470800078998,7324.473892237878,144,20,3746,2025-01-24|2025-01-25|2025-01-26|2025-01-27|2025-01-28|2025-01-29|2025-01-30|2025-01-31|2025-02-01|2025-02-02|2025-02-03|2025-02-04|2025-02-05|2025-02-06|2025-02-07|2025-02-08|2025-02-09|2025-02-10|2025-02-11|2025-02-12,2025-02-13 06:00,2025-02-13 06:00,7.958078640513122e-13,1.1368683772161603e-13,0,True,Optimization terminated successfully. (HiGHS Status 7: Optimal),803,1.1368683772161603e-13
2025-02-13,12,0.035514957999112085,11204.966680601436,144,20,3746,2025-01-24|2025-01-25|2025-01-26|2025-01-27|2025-01-28|2025-01-29|2025-01-30|2025-01-31|2025-02-01|2025-02-02|2025-02-03|2025-02-04|2025-02-05|2025-02-06|2025-02-07|2025-02-08|2025-02-09|2025-02-10|2025-02-11|2025-02-12,2025-02-13 12:00,2025-02-13 12:00,9.094947017729282e-13,1.1368683772161603e-13,0,True,Optimization terminated successfully. (HiGHS Status 7: Optimal),843,1.1368683772161603e-13
2025-02-13,18,0.037124083000890096,14927.713832089672,144,20,3746,2025-01-24|2025-01-25|2025-01-26|2025-01-27|2025-01-28|2025-01-29|2025-01-30|2025-01-31|2025-02-01|2025-02-02|2025-02-03|2025-02-04|2025-02-05|2025-02-06|2025-02-07|2025-02-08|2025-02-09|2025-02-10|2025-02-11|2025-02-12,2025-02-13 18:00,2025-02-13 18:00,9.094947017729282e-13,5.684341886080802e-14,0,True,Optimization terminated successfully. (HiGHS Status 7: Optimal),776,0.0
2025-02-14,0,0.03524066699901596,1255.2272848142973,144,20,3746,2025-01-25|2025-01-26|2025-01-27|2025-01-28|2025-01-29|2025-01-30|2025-01-31|2025-02-01|2025-02-02|2025-02-03|2025-02-04|2025-02-05|2025-02-06|2025-02-07|2025-02-08|2025-02-09|2025-02-10|2025-02-11|2025-02-12|2025-02-13,2025-02-14 00:00,2025-02-14 00:00,9.094947017729282e-13,1.5631940186722204e-13,0,True,Optimization terminated successfully. (HiGHS Status 7: Optimal),689,1.7053025658242404e-13
2025-02-14,6,0.03362166700026137,8632.987896326837,144,20,3746,2025-01-25|2025-01-26|2025-01-27|2025-01-28|2025-01-29|2025-01-30|2025-01-31|2025-02-01|2025-02-02|2025-02-03|2025-02-04|2025-02-05|2025-02-06|2025-02-07|2025-02-08|2025-02-09|2025-02-10|2025-02-11|2025-02-12|2025-02-13,2025-02-14 06:00,2025-02-14 06:00,9.094947017729282e-13,1.1368683772161603e-13,0,True,Optimization terminated successfully. (HiGHS Status 7: Optimal),709,5.684341886080802e-14
2025-02-14,12,0.03568766600074014,9669.1789619894,144,20,3746,2025-01-25|2025-01-26|2025-01-27|2025-01-28|2025-01-29|2025-01-30|2025-01-31|2025-02-01|2025-02-02|2025-02-03|2025-02-04|2025-02-05|2025-02-06|2025-02-07|2025-02-08|2025-02-09|2025-02-10|2025-02-11|2025-02-12|2025-02-13,2025-02-14 12:00,2025-02-14 12:00,9.094947017729282e-13,1.1368683772161603e-13,0,True,Optimization terminated successfully. (HiGHS Status 7: Optimal),778,5.684341886080802e-14
2025-02-14,18,0.032526000000871136,10285.22514314727,144,20,3746,2025-01-25|2025-01-26|2025-01-27|2025-01-28|2025-01-29|2025-01-30|2025-01-31|2025-02-01|2025-02-02|2025-02-03|2025-02-04|2025-02-05|2025-02-06|2025-02-07|2025-02-08|2025-02-09|2025-02-10|2025-02-11|2025-02-12|2025-02-13,2025-02-14 18:00,2025-02-14 18:00,9.094947017729282e-13,1.1368683772161603e-13,0,True,Optimization terminated successfully. (HiGHS Status 7: Optimal),690,5.684341886080802e-14
2025-02-15,0,0.03509029199994984,1268.1719873014915,144,20,3746,2025-01-26|2025-01-27|2025-01-28|2025-01-29|2025-01-30|2025-01-31|2025-02-01|2025-02-02|2025-02-03|2025-02-04|2025-02-05|2025-02-06|2025-02-07|2025-02-08|2025-02-09|2025-02-10|2025-02-11|2025-02-12|2025-02-13|2025-02-14,2025-02-15 00:00,2025-02-15 00:00,9.094947017729282e-13,1.0231815394945443e-12,0,True,Optimization terminated successfully. (HiGHS Status 7: Optimal),683,1.0800249583553523e-12
2025-02-15,6,0.030318084000100498,10536.296528044912,144,20,3746,2025-01-26|2025-01-27|2025-01-28|2025-01-29|2025-01-30|2025-01-31|2025-02-01|2025-02-02|2025-02-03|2025-02-04|2025-02-05|2025-02-06|2025-02-07|2025-02-08|2025-02-09|2025-02-10|2025-02-11|2025-02-12|2025-02-13|2025-02-14,2025-02-15 06:00,2025-02-15 06:00,8.810729923425242e-13,1.0231815394945443e-12,0,True,Optimization terminated successfully. (HiGHS Status 7: Optimal),652,1.0800249583553523e-12
2025-02-15,12,0.03457383300155925,25139.20862629315,144,20,3746,2025-01-26|2025-01-27|2025-01-28|2025-01-29|2025-01-30|2025-01-31|2025-02-01|2025-02-02|2025-02-03|2025-02-04|2025-02-05|2025-02-06|2025-02-07|2025-02-08|2025-02-09|2025-02-10|2025-02-11|2025-02-12|2025-02-13|2025-02-14,2025-02-15 12:00,2025-02-15 12:00,9.094947017729282e-13,1.0231815394945443e-12,0,True,Optimization terminated successfully. (HiGHS Status 7: Optimal),781,1.0800249583553523e-12
2025-02-15,18,0.034966916999110254,35913.3179106669,144,20,3746,2025-01-26|2025-01-27|2025-01-28|2025-01-29|2025-01-30|2025-01-31|2025-02-01|2025-02-02|2025-02-03|2025-02-04|2025-02-05|2025-02-06|2025-02-07|2025-02-08|2025-02-09|2025-02-10|2025-02-11|2025-02-12|2025-02-13|2025-02-14,2025-02-15 18:00,2025-02-15 18:00,9.094947017729282e-13,1.0231815394945443e-12,0,True,Optimization terminated successfully. (HiGHS Status 7: Optimal),850,1.0800249583553523e-12
2025-02-16,0,0.03553716600072221,1807.9012015904023,144,20,3746,2025-01-27|2025-01-28|2025-01-29|2025-01-30|2025-01-31|2025-02-01|2025-02-02|2025-02-03|2025-02-04|2025-02-05|2025-02-06|2025-02-07|2025-02-08|2025-02-09|2025-02-10|2025-02-11|2025-02-12|2025-02-13|2025-02-14|2025-02-15,2025-02-16 00:00,2025-02-16 00:00,9.094947017729282e-13,2.2737367544323206e-13,0,True,Optimization terminated successfully. (HiGHS Status 7: Optimal),772,1.1368683772161603e-13
2025-02-16,6,0.03217679199951817,8733.951799211347,144,20,3746,2025-01-27|2025-01-28|2025-01-29|2025-01-30|2025-01-31|2025-02-01|2025-02-02|2025-02-03|2025-02-04|2025-02-05|2025-02-06|2025-02-07|2025-02-08|2025-02-09|2025-02-10|2025-02-11|2025-02-12|2025-02-13|2025-02-14|2025-02-15,2025-02-16 06:00,2025-02-16 06:00,9.094947017729282e-13,1.1368683772161603e-13,0,True,Optimization terminated successfully. (HiGHS Status 7: Optimal),803,0.0
2025-02-16,12,0.034525167000538204,21366.6467314772,144,20,3746,2025-01-27|2025-01-28|2025-01-29|2025-01-30|2025-01-31|2025-02-01|2025-02-02|2025-02-03|2025-02-04|2025-02-05|2025-02-06|2025-02-07|2025-02-08|2025-02-09|2025-02-10|2025-02-11|2025-02-12|2025-02-13|2025-02-14|2025-02-15,2025-02-16 12:00,2025-02-16 12:00,9.094947017729282e-13,1.1368683772161603e-13,0,True,Optimization terminated successfully. (HiGHS Status 7: Optimal),833,0.0
2025-02-16,18,0.034989666999535984,32323.93017360007,144,20,3746,2025-01-27|2025-01-28|2025-01-29|2025-01-30|2025-01-31|2025-02-01|2025-02-02|2025-02-03|2025-02-04|2025-02-05|2025-02-06|2025-02-07|2025-02-08|2025-02-09|2025-02-10|2025-02-11|2025-02-12|2025-02-13|2025-02-14|2025-02-15,2025-02-16 18:00,2025-02-16 18:00,9.094947017729282e-13,1.1368683772161603e-13,0,True,Optimization terminated successfully. (HiGHS Status 7: Optimal),877,0.0
2025-02-17,0,0.03672645900041971,1786.2015638574317,144,20,3746,2025-01-28|2025-01-29|2025-01-30|2025-01-31|2025-02-01|2025-02-02|2025-02-03|2025-02-04|2025-02-05|2025-02-06|2025-02-07|2025-02-08|2025-02-09|2025-02-10|2025-02-11|2025-02-12|2025-02-13|2025-02-14|2025-02-15|2025-02-16,2025-02-17 00:00,2025-02-17 00:00,9.094947017729282e-13,7.958078640513122e-13,0,True,Optimization terminated successfully. (HiGHS Status 7: Optimal),775,7.958078640513122e-13
2025-02-17,6,0.0324102499998844,8728.356347107261,144,20,3746,2025-01-28|2025-01-29|2025-01-30|2025-01-31|2025-02-01|2025-02-02|2025-02-03|2025-02-04|2025-02-05|2025-02-06|2025-02-07|2025-02-08|2025-02-09|2025-02-10|2025-02-11|2025-02-12|2025-02-13|2025-02-14|2025-02-15|2025-02-16,2025-02-17 06:00,2025-02-17 06:00,9.663381206337363e-13,5.684341886080801e-13,0,True,Optimization terminated successfully. (HiGHS Status 7: Optimal),825,5.684341886080801e-13
2025-02-17,12,0.03382716700070887,18834.39848881552,144,20,3746,2025-01-28|2025-01-29|2025-01-30|2025-01-31|2025-02-01|2025-02-02|2025-02-03|2025-02-04|2025-02-05|2025-02-06|2025-02-07|2025-02-08|2025-02-09|2025-02-10|2025-02-11|2025-02-12|2025-02-13|2025-02-14|2025-02-15|2025-02-16,2025-02-17 12:00,2025-02-17 12:00,9.094947017729282e-13,5.684341886080801e-13,0,True,Optimization terminated successfully. (HiGHS Status 7: Optimal),865,5.684341886080801e-13
2025-02-17,18,0.03509116600071138,31917.442828584513,144,20,3746,2025-01-28|2025-01-29|2025-01-30|2025-01-31|2025-02-01|2025-02-02|2025-02-03|2025-02-04|2025-02-05|2025-02-06|2025-02-07|2025-02-08|2025-02-09|2025-02-10|2025-02-11|2025-02-12|2025-02-13|2025-02-14|2025-02-15|2025-02-16,2025-02-17 18:00,2025-02-17 18:00,9.094947017729282e-13,5.684341886080801e-13,0,True,Optimization terminated successfully. (HiGHS Status 7: Optimal),860,5.684341886080801e-13
2025-02-18,0,0.03683224999986123,1793.6995580926477,144,20,3746,2025-01-29|2025-01-30|2025-01-31|2025-02-01|2025-02-02|2025-02-03|2025-02-04|2025-02-05|2025-02-06|2025-02-07|2025-02-08|2025-02-09|2025-02-10|2025-02-11|2025-02-12|2025-02-13|2025-02-14|2025-02-15|2025-02-16|2025-02-17,2025-02-18 00:00,2025-02-18 00:00,9.094947017729282e-13,1.0231815394945443e-12,0,True,Optimization terminated successfully. (HiGHS Status 7: Optimal),748,1.0231815394945443e-12
2025-02-18,6,0.03684987500128045,11866.65714931828,144,20,3746,2025-01-29|2025-01-30|2025-01-31|2025-02-01|2025-02-02|2025-02-03|2025-02-04|2025-02-05|2025-02-06|2025-02-07|2025-02-08|2025-02-09|2025-02-10|2025-02-11|2025-02-12|2025-02-13|2025-02-14|2025-02-15|2025-02-16|2025-02-17,2025-02-18 06:00,2025-02-18 06:00,8.668621376273222e-13,2.2737367544323206e-13,0,True,Optimization terminated successfully. (HiGHS Status 7: Optimal),927,3.410605131648481e-13
2025-02-18,12,0.03792491700005485,27576.23178255705,144,20,3746,2025-01-29|2025-01-30|2025-01-31|2025-02-01|2025-02-02|2025-02-03|2025-02-04|2025-02-05|2025-02-06|2025-02-07|2025-02-08|2025-02-09|2025-02-10|2025-02-11|2025-02-12|2025-02-13|2025-02-14|2025-02-15|2025-02-16|2025-02-17,2025-02-18 12:00,2025-02-18 12:00,9.094947017729282e-13,2.2737367544323206e-13,0,True,Optimization terminated successfully. (HiGHS Status 7: Optimal),949,3.410605131648481e-13
2025-02-18,18,0.03524620800089906,34083.25015960634,144,20,3746,2025-01-29|2025-01-30|2025-01-31|2025-02-01|2025-02-02|2025-02-03|2025-02-04|2025-02-05|2025-02-06|2025-02-07|2025-02-08|2025-02-09|2025-02-10|2025-02-11|2025-02-12|2025-02-13|2025-02-14|2025-02-15|2025-02-16|2025-02-17,2025-02-18 18:00,2025-02-18 18:00,9.094947017729282e-13,4.547473508864641e-13,0,True,Optimization terminated successfully. (HiGHS Status 7: Optimal),883,4.547473508864641e-13
2025-02-19,0,0.03615575000003446,1899.8947412824414,144,20,3746,2025-01-30|2025-01-31|2025-02-01|2025-02-02|2025-02-03|2025-02-04|2025-02-05|2025-02-06|2025-02-07|2025-02-08|2025-02-09|2025-02-10|2025-02-11|2025-02-12|2025-02-13|2025-02-14|2025-02-15|2025-02-16|2025-02-17|2025-02-18,2025-02-19 00:00,2025-02-19 00:00,9.094947017729282e-13,7.958078640513122e-13,0,True,Optimization terminated successfully. (HiGHS Status 7: Optimal),754,7.958078640513122e-13
2025-02-19,6,0.034542124998552026,11202.615460715573,144,20,3746,2025-01-30|2025-01-31|2025-02-01|2025-02-02|2025-02-03|2025-02-04|2025-02-05|2025-02-06|2025-02-07|2025-02-08|2025-02-09|2025-02-10|2025-02-11|2025-02-12|2025-02-13|2025-02-14|2025-02-15|2025-02-16|2025-02-17|2025-02-18,2025-02-19 06:00,2025-02-19 06:00,9.094947017729282e-13,2.2737367544323206e-13,0,True,Optimization terminated successfully. (HiGHS Status 7: Optimal),841,1.1368683772161603e-13
2025-02-19,12,0.03896441700089781,20806.498590203137,144,20,3746,2025-01-30|2025-01-31|2025-02-01|2025-02-02|2025-02-03|2025-02-04|2025-02-05|2025-02-06|2025-02-07|2025-02-08|2025-02-09|2025-02-10|2025-02-11|2025-02-12|2025-02-13|2025-02-14|2025-02-15|2025-02-16|2025-02-17|2025-02-18,2025-02-19 12:00,2025-02-19 12:00,9.094947017729282e-13,2.2737367544323206e-13,0,True,Optimization terminated successfully. (HiGHS Status 7: Optimal),962,1.1368683772161603e-13
2025-02-19,18,0.03526462500121852,30840.4026004799,144,20,3746,2025-01-30|2025-01-31|2025-02-01|2025-02-02|2025-02-03|2025-02-04|2025-02-05|2025-02-06|2025-02-07|2025-02-08|2025-02-09|2025-02-10|2025-02-11|2025-02-12|2025-02-13|2025-02-14|2025-02-15|2025-02-16|2025-02-17|2025-02-18,2025-02-19 18:00,2025-02-19 18:00,9.094947017729282e-13,0.0,0,True,Optimization terminated successfully. (HiGHS Status 7: Optimal),858,1.1368683772161603e-13
2025-02-20,0,0.03622087499934423,1999.3424754707144,144,20,3746,2025-01-31|2025-02-01|2025-02-02|2025-02-03|2025-02-04|2025-02-05|2025-02-06|2025-02-07|2025-02-08|2025-02-09|2025-02-10|2025-02-11|2025-02-12|2025-02-13|2025-02-14|2025-02-15|2025-02-16|2025-02-17|2025-02-18|2025-02-19,2025-02-20 00:00,2025-02-20 00:00,9.094947017729282e-13,1.8189894035458565e-12,0,True,Optimization terminated successfully. (HiGHS Status 7: Optimal),761,1.8403056856186595e-12
2025-02-20,6,0.03771979200064379,9215.669578661114,144,20,3746,2025-01-31|2025-02-01|2025-02-02|2025-02-03|2025-02-04|2025-02-05|2025-02-06|2025-02-07|2025-02-08|2025-02-09|2025-02-10|2025-02-11|2025-02-12|2025-02-13|2025-02-14|2025-02-15|2025-02-16|2025-02-17|2025-02-18|2025-02-19,2025-02-20 06:00,2025-02-20 06:00,9.094947017729282e-13,3.410605131648481e-13,0,True,Optimization terminated successfully. (HiGHS Status 7: Optimal),901,0.0
2025-02-20,12,0.034895000000688015,8550.822765235169,144,20,3746,2025-01-31|2025-02-01|2025-02-02|2025-02-03|2025-02-04|2025-02-05|2025-02-06|2025-02-07|2025-02-08|2025-02-09|2025-02-10|2025-02-11|2025-02-12|2025-02-13|2025-02-14|2025-02-15|2025-02-16|2025-02-17|2025-02-18|2025-02-19,2025-02-20 12:00,2025-02-20 12:00,9.094947017729282e-13,2.2737367544323206e-13,0,True,Optimization terminated successfully. (HiGHS Status 7: Optimal),811,0.0
2025-02-20,18,0.032197959000768606,9404.087306411231,144,20,3746,2025-01-31|2025-02-01|2025-02-02|2025-02-03|2025-02-04|2025-02-05|2025-02-06|2025-02-07|2025-02-08|2025-02-09|2025-02-10|2025-02-11|2025-02-12|2025-02-13|2025-02-14|2025-02-15|2025-02-16|2025-02-17|2025-02-18|2025-02-19,2025-02-20 18:00,2025-02-20 18:00,9.094947017729282e-13,1.1368683772161603e-13,0,True,Optimization terminated successfully. (HiGHS Status 7: Optimal),675,0.0
2025-02-21,0,0.03591529100049229,862.7345191745034,144,20,3746,2025-02-01|2025-02-02|2025-02-03|2025-02-04|2025-02-05|2025-02-06|2025-02-07|2025-02-08|2025-02-09|2025-02-10|2025-02-11|2025-02-12|2025-02-13|2025-02-14|2025-02-15|2025-02-16|2025-02-17|2025-02-18|2025-02-19|2025-02-20,2025-02-21 00:00,2025-02-21 00:00,9.094947017729282e-13,1.1368683772161603e-13,0,True,Optimization terminated successfully. (HiGHS Status 7: Optimal),665,1.1368683772161603e-13
2025-02-21,6,0.03521224999894912,8247.432711885229,144,20,3746,2025-02-01|2025-02-02|2025-02-03|2025-02-04|2025-02-05|2025-02-06|2025-02-07|2025-02-08|2025-02-09|2025-02-10|2025-02-11|2025-02-12|2025-02-13|2025-02-14|2025-02-15|2025-02-16|2025-02-17|2025-02-18|2025-02-19|2025-02-20,2025-02-21 06:00,2025-02-21 06:00,8.739675649849232e-13,1.1368683772161603e-13,0,True,Optimization terminated successfully. (HiGHS Status 7: Optimal),742,5.684341886080802e-14
2025-02-21,12,0.03641799999968498,13267.741379563058,144,20,3746,2025-02-01|2025-02-02|2025-02-03|2025-02-04|2025-02-05|2025-02-06|2025-02-07|2025-02-08|2025-02-09|2025-02-10|2025-02-11|2025-02-12|2025-02-13|2025-02-14|2025-02-15|2025-02-16|2025-02-17|2025-02-18|2025-02-19|2025-02-20,2025-02-21 12:00,2025-02-21 12:00,9.094947017729282e-13,5.684341886080802e-14,0,True,Optimization terminated successfully. (HiGHS Status 7: Optimal),777,5.684341886080802e-14
2025-02-21,18,0.03807220800081268,11069.570400630468,144,20,3746,2025-02-01|2025-02-02|2025-02-03|2025-02-04|2025-02-05|2025-02-06|2025-02-07|2025-02-08|2025-02-09|2025-02-10|2025-02-11|2025-02-12|2025-02-13|2025-02-14|2025-02-15|2025-02-16|2025-02-17|2025-02-18|2025-02-19|2025-02-20,2025-02-21 18:00,2025-02-21 18:00,9.094947017729282e-13,6.252776074688882e-13,0,True,Optimization terminated successfully. (HiGHS Status 7: Optimal),758,6.252776074688882e-13
2025-02-22,0,0.04019325000081153,1206.6209218381334,144,20,3746,2025-02-02|2025-02-03|2025-02-04|2025-02-05|2025-02-06|2025-02-07|2025-02-08|2025-02-09|2025-02-10|2025-02-11|2025-02-12|2025-02-13|2025-02-14|2025-02-15|2025-02-16|2025-02-17|2025-02-18|2025-02-19|2025-02-20|2025-02-21,2025-02-22 00:00,2025-02-22 00:00,7.389644451905042e-13,6.252776074688882e-13,0,True,Optimization terminated successfully. (HiGHS Status 7: Optimal),725,6.252776074688882e-13
2025-02-22,6,0.034369958000752376,11405.845496609467,144,20,3746,2025-02-02|2025-02-03|2025-02-04|2025-02-05|2025-02-06|2025-02-07|2025-02-08|2025-02-09|2025-02-10|2025-02-11|2025-02-12|2025-02-13|2025-02-14|2025-02-15|2025-02-16|2025-02-17|2025-02-18|2025-02-19|2025-02-20|2025-02-21,2025-02-22 06:00,2025-02-22 06:00,8.242295734817162e-13,1.1368683772161603e-13,0,True,Optimization terminated successfully. (HiGHS Status 7: Optimal),767,5.684341886080802e-14
2025-02-22,12,0.034542916999271256,20711.792437523847,144,20,3746,2025-02-02|2025-02-03|2025-02-04|2025-02-05|2025-02-06|2025-02-07|2025-02-08|2025-02-09|2025-02-10|2025-02-11|2025-02-12|2025-02-13|2025-02-14|2025-02-15|2025-02-16|2025-02-17|2025-02-18|2025-02-19|2025-02-20|2025-02-21,2025-02-22 12:00,2025-02-22 12:00,9.094947017729282e-13,2.2737367544323206e-13,0,True,Optimization terminated successfully. (HiGHS Status 7: Optimal),833,5.684341886080802e-14
2025-02-22,18,0.035660124998685205,36629.32281958836,144,20,3746,2025-02-02|2025-02-03|2025-02-04|2025-02-05|2025-02-06|2025-02-07|2025-02-08|2025-02-09|2025-02-10|2025-02-11|2025-02-12|2025-02-13|2025-02-14|2025-02-15|2025-02-16|2025-02-17|2025-02-18|2025-02-19|2025-02-20|2025-02-21,2025-02-22 18:00,2025-02-22 18:00,9.094947017729282e-13,6.252776074688882e-13,0,True,Optimization terminated successfully. (HiGHS Status 7: Optimal),841,6.252776074688882e-13
2025-02-23,0,0.036042457999428734,1880.9993051059366,144,20,3746,2025-02-03|2025-02-04|2025-02-05|2025-02-06|2025-02-07|2025-02-08|2025-02-09|2025-02-10|2025-02-11|2025-02-12|2025-02-13|2025-02-14|2025-02-15|2025-02-16|2025-02-17|2025-02-18|2025-02-19|2025-02-20|2025-02-21|2025-02-22,2025-02-23 00:00,2025-02-23 00:00,8.526512829121202e-13,6.821210263296962e-13,0,True,Optimization terminated successfully. (HiGHS Status 7: Optimal),744,6.821210263296962e-13
2025-02-23,6,0.04295833299875085,12403.039115564876,144,20,3746,2025-02-03|2025-02-04|2025-02-05|2025-02-06|2025-02-07|2025-02-08|2025-02-09|2025-02-10|2025-02-11|2025-02-12|2025-02-13|2025-02-14|2025-02-15|2025-02-16|2025-02-17|2025-02-18|2025-02-19|2025-02-20|2025-02-21|2025-02-22,2025-02-23 06:00,2025-02-23 06:00,8.810729923425242e-13,2.2737367544323206e-13,0,True,Optimization terminated successfully. (HiGHS Status 7: Optimal),1015,3.410605131648481e-13
2025-02-23,12,0.035755999999310006,23448.0576192301,144,20,3746,2025-02-03|2025-02-04|2025-02-05|2025-02-06|2025-02-07|2025-02-08|2025-02-09|2025-02-10|2025-02-11|2025-02-12|2025-02-13|2025-02-14|2025-02-15|2025-02-16|2025-02-17|2025-02-18|2025-02-19|2025-02-20|2025-02-21|2025-02-22,2025-02-23 12:00,2025-02-23 12:00,9.094947017729282e-13,2.2737367544323206e-13,0,True,Optimization terminated successfully. (HiGHS Status 7: Optimal),884,3.410605131648481e-13
2025-02-23,18,0.032760833000793355,32306.700689528872,144,20,3746,2025-02-03|2025-02-04|2025-02-05|2025-02-06|2025-02-07|2025-02-08|2025-02-09|2025-02-10|2025-02-11|2025-02-12|2025-02-13|2025-02-14|2025-02-15|2025-02-16|2025-02-17|2025-02-18|2025-02-19|2025-02-20|2025-02-21|2025-02-22,2025-02-23 18:00,2025-02-23 18:00,9.094947017729282e-13,6.821210263296962e-13,0,True,Optimization terminated successfully. (HiGHS Status 7: Optimal),859,6.821210263296962e-13
2025-02-24,0,0.03573354200125323,1580.224997514429,144,20,3746,2025-02-04|2025-02-05|2025-02-06|2025-02-07|2025-02-08|2025-02-09|2025-02-10|2025-02-11|2025-02-12|2025-02-13|2025-02-14|2025-02-15|2025-02-16|2025-02-17|2025-02-18|2025-02-19|2025-02-20|2025-02-21|2025-02-22|2025-02-23,2025-02-24 00:00,2025-02-24 00:00,9.094947017729282e-13,6.821210263296962e-13,0,True,Optimization terminated successfully. (HiGHS Status 7: Optimal),737,6.821210263296962e-13
2025-02-24,6,0.039331542000581976,12049.189141655055,144,20,3746,2025-02-04|2025-02-05|2025-02-06|2025-02-07|2025-02-08|2025-02-09|2025-02-10|2025-02-11|2025-02-12|2025-02-13|2025-02-14|2025-02-15|2025-02-16|2025-02-17|2025-02-18|2025-02-19|2025-02-20|2025-02-21|2025-02-22|2025-02-23,2025-02-24 06:00,2025-02-24 06:00,9.094947017729282e-13,6.821210263296962e-13,0,True,Optimization terminated successfully. (HiGHS Status 7: Optimal),913,6.821210263296962e-13
2025-02-24,12,0.034431583000696264,19387.24504369741,144,20,3746,2025-02-04|2025-02-05|2025-02-06|2025-02-07|2025-02-08|2025-02-09|2025-02-10|2025-02-11|2025-02-12|2025-02-13|2025-02-14|2025-02-15|2025-02-16|2025-02-17|2025-02-18|2025-02-19|2025-02-20|2025-02-21|2025-02-22|2025-02-23,2025-02-24 12:00,2025-02-24 12:00,9.094947017729282e-13,6.821210263296962e-13,0,True,Optimization terminated successfully. (HiGHS Status 7: Optimal),885,6.821210263296962e-13
2025-02-24,18,0.03485158299918112,29686.905294926888,144,20,3746,2025-02-04|2025-02-05|2025-02-06|2025-02-07|2025-02-08|2025-02-09|2025-02-10|2025-02-11|2025-02-12|2025-02-13|2025-02-14|2025-02-15|2025-02-16|2025-02-17|2025-02-18|2025-02-19|2025-02-20|2025-02-21|2025-02-22|2025-02-23,2025-02-24 18:00,2025-02-24 18:00,9.094947017729282e-13,6.821210263296962e-13,0,True,Optimization terminated successfully. (HiGHS Status 7: Optimal),866,6.821210263296962e-13
2025-02-25,0,0.03603116699923703,1714.4766583566447,144,20,3746,2025-02-05|2025-02-06|2025-02-07|2025-02-08|2025-02-09|2025-02-10|2025-02-11|2025-02-12|2025-02-13|2025-02-14|2025-02-15|2025-02-16|2025-02-17|2025-02-18|2025-02-19|2025-02-20|2025-02-21|2025-02-22|2025-02-23|2025-02-24,2025-02-25 00:00,2025-02-25 00:00,9.094947017729282e-13,2.2737367544323206e-13,0,True,Optimization terminated successfully. (HiGHS Status 7: Optimal),758,2.2737367544323206e-13
2025-02-25,6,0.036924084000929724,10722.214143084759,144,20,3746,2025-02-05|2025-02-06|2025-02-07|2025-02-08|2025-02-09|2025-02-10|2025-02-11|2025-02-12|2025-02-13|2025-02-14|2025-02-15|2025-02-16|2025-02-17|2025-02-18|2025-02-19|2025-02-20|2025-02-21|2025-02-22|2025-02-23|2025-02-24,2025-02-25 06:00,2025-02-25 06:00,9.094947017729282e-13,1.1368683772161603e-13,0,True,Optimization terminated successfully. (HiGHS Status 7: Optimal),893,2.2737367544323206e-13
2025-02-25,12,0.03445712499888032,19135.8426339871,144,20,3746,2025-02-05|2025-02-06|2025-02-07|2025-02-08|2025-02-09|2025-02-10|2025-02-11|2025-02-12|2025-02-13|2025-02-14|2025-02-15|2025-02-16|2025-02-17|2025-02-18|2025-02-19|2025-02-20|2025-02-21|2025-02-22|2025-02-23|2025-02-24,2025-02-25 12:00,2025-02-25 12:00,9.094947017729282e-13,2.2737367544323206e-13,0,True,Optimization terminated successfully. (HiGHS Status 7: Optimal),865,2.2737367544323206e-13
2025-02-25,18,0.03477112499967916,30432.021769522842,144,20,3746,2025-02-05|2025-02-06|2025-02-07|2025-02-08|2025-02-09|2025-02-10|2025-02-11|2025-02-12|2025-02-13|2025-02-14|2025-02-15|2025-02-16|2025-02-17|2025-02-18|2025-02-19|2025-02-20|2025-02-21|2025-02-22|2025-02-23|2025-02-24,2025-02-25 18:00,2025-02-25 18:00,9.094947017729282e-13,1.1368683772161603e-13,0,True,Optimization terminated successfully. (HiGHS Status 7: Optimal),862,2.2737367544323206e-13
2025-02-26,0,0.037621040999511024,1708.293491693091,144,20,3746,2025-02-06|2025-02-07|2025-02-08|2025-02-09|2025-02-10|2025-02-11|2025-02-12|2025-02-13|2025-02-14|2025-02-15|2025-02-16|2025-02-17|2025-02-18|2025-02-19|2025-02-20|2025-02-21|2025-02-22|2025-02-23|2025-02-24|2025-02-25,2025-02-26 00:00,2025-02-26 00:00,8.633094239485217e-13,2.8421709430404007e-13,0,True,Optimization terminated successfully. (HiGHS Status 7: Optimal),760,2.8421709430404007e-13
2025-02-26,6,0.043850415999258985,12766.255297206453,144,20,3746,2025-02-06|2025-02-07|2025-02-08|2025-02-09|2025-02-10|2025-02-11|2025-02-12|2025-02-13|2025-02-14|2025-02-15|2025-02-16|2025-02-17|2025-02-18|2025-02-19|2025-02-20|2025-02-21|2025-02-22|2025-02-23|2025-02-24|2025-02-25,2025-02-26 06:00,2025-02-26 06:00,8.988365607365267e-13,2.2737367544323206e-13,0,True,Optimization terminated successfully. (HiGHS Status 7: Optimal),1020,2.2737367544323206e-13
2025-02-26,12,0.0397909580005944,31461.378686908178,144,20,3746,2025-02-06|2025-02-07|2025-02-08|2025-02-09|2025-02-10|2025-02-11|2025-02-12|2025-02-13|2025-02-14|2025-02-15|2025-02-16|2025-02-17|2025-02-18|2025-02-19|2025-02-20|2025-02-21|2025-02-22|2025-02-23|2025-02-24|2025-02-25,2025-02-26 12:00,2025-02-26 12:00,9.094947017729282e-13,2.2737367544323206e-13,0,True,Optimization terminated successfully. (HiGHS Status 7: Optimal),976,2.2737367544323206e-13
2025-02-26,18,0.03699837500062131,36950.24074944939,144,20,3746,2025-02-06|2025-02-07|2025-02-08|2025-02-09|2025-02-10|2025-02-11|2025-02-12|2025-02-13|2025-02-14|2025-02-15|2025-02-16|2025-02-17|2025-02-18|2025-02-19|2025-02-20|2025-02-21|2025-02-22|2025-02-23|2025-02-24|2025-02-25,2025-02-26 18:00,2025-02-26 18:00,9.094947017729282e-13,2.2737367544323206e-13,0,True,Optimization terminated successfully. (HiGHS Status 7: Optimal),865,2.2737367544323206e-13
2025-02-27,0,0.03625195800123038,1650.5090619276154,144,20,3746,2025-02-07|2025-02-08|2025-02-09|2025-02-10|2025-02-11|2025-02-12|2025-02-13|2025-02-14|2025-02-15|2025-02-16|2025-02-17|2025-02-18|2025-02-19|2025-02-20|2025-02-21|2025-02-22|2025-02-23|2025-02-24|2025-02-25|2025-02-26,2025-02-27 00:00,2025-02-27 00:00,9.094947017729282e-13,7.958078640513122e-13,0,True,Optimization terminated successfully. (HiGHS Status 7: Optimal),746,7.958078640513122e-13
2025-02-27,6,0.037842916000954574,8930.136665417878,144,20,3746,2025-02-07|2025-02-08|2025-02-09|2025-02-10|2025-02-11|2025-02-12|2025-02-13|2025-02-14|2025-02-15|2025-02-16|2025-02-17|2025-02-18|2025-02-19|2025-02-20|2025-02-21|2025-02-22|2025-02-23|2025-02-24|2025-02-25|2025-02-26,2025-02-27 06:00,2025-02-27 06:00,9.094947017729282e-13,2.2737367544323206e-13,0,True,Optimization terminated successfully. (HiGHS Status 7: Optimal),895,3.410605131648481e-13
2025-02-27,12,0.03751775000091584,9003.133150359516,144,20,3746,2025-02-07|2025-02-08|2025-02-09|2025-02-10|2025-02-11|2025-02-12|2025-02-13|2025-02-14|2025-02-15|2025-02-16|2025-02-17|2025-02-18|2025-02-19|2025-02-20|2025-02-21|2025-02-22|2025-02-23|2025-02-24|2025-02-25|2025-02-26,2025-02-27 12:00,2025-02-27 12:00,9.094947017729282e-13,2.2737367544323206e-13,0,True,Optimization terminated successfully. (HiGHS Status 7: Optimal),863,3.410605131648481e-13
2025-02-27,18,0.03139045799980522,9520.803401565512,144,20,3746,2025-02-07|2025-02-08|2025-02-09|2025-02-10|2025-02-11|2025-02-12|2025-02-13|2025-02-14|2025-02-15|2025-02-16|2025-02-17|2025-02-18|2025-02-19|2025-02-20|2025-02-21|2025-02-22|2025-02-23|2025-02-24|2025-02-25|2025-02-26,2025-02-27 18:00,2025-02-27 18:00,8.810729923425242e-13,2.2737367544323206e-13,0,True,Optimization terminated successfully. (HiGHS Status 7: Optimal),615,3.410605131648481e-13
2025-02-28,0,0.03140291599993361,590.832712853443,144,20,3746,2025-02-08|2025-02-09|2025-02-10|2025-02-11|2025-02-12|2025-02-13|2025-02-14|2025-02-15|2025-02-16|2025-02-17|2025-02-18|2025-02-19|2025-02-20|2025-02-21|2025-02-22|2025-02-23|2025-02-24|2025-02-25|2025-02-26|2025-02-27,2025-02-28 00:00,2025-02-28 00:00,9.094947017729282e-13,5.115907697472721e-13,0,True,Optimization terminated successfully. (HiGHS Status 7: Optimal),591,5.115907697472721e-13
2025-02-28,6,0.032436666999274166,8108.851166181727,144,20,3746,2025-02-08|2025-02-09|2025-02-10|2025-02-11|2025-02-12|2025-02-13|2025-02-14|2025-02-15|2025-02-16|2025-02-17|2025-02-18|2025-02-19|2025-02-20|2025-02-21|2025-02-22|2025-02-23|2025-02-24|2025-02-25|2025-02-26|2025-02-27,2025-02-28 06:00,2025-02-28 06:00,8.739675649849232e-13,5.115907697472721e-13,0,True,Optimization terminated successfully. (HiGHS Status 7: Optimal),677,5.115907697472721e-13
2025-02-28,12,0.03470691700022144,9747.32413118525,144,20,3746,2025-02-08|2025-02-09|2025-02-10|2025-02-11|2025-02-12|2025-02-13|2025-02-14|2025-02-15|2025-02-16|2025-02-17|2025-02-18|2025-02-19|2025-02-20|2025-02-21|2025-02-22|2025-02-23|2025-02-24|2025-02-25|2025-02-26|2025-02-27,2025-02-28 12:00,2025-02-28 12:00,9.094947017729282e-13,5.115907697472721e-13,0,True,Optimization terminated successfully. (HiGHS Status 7: Optimal),707,5.115907697472721e-13
2025-02-28,18,0.03744091699991259,12188.016697119261,144,20,3746,2025-02-08|2025-02-09|2025-02-10|2025-02-11|2025-02-12|2025-02-13|2025-02-14|2025-02-15|2025-02-16|2025-02-17|2025-02-18|2025-02-19|2025-02-20|2025-02-21|2025-02-22|2025-02-23|2025-02-24|2025-02-25|2025-02-26|2025-02-27,2025-02-28 18:00,2025-02-28 18:00,9.094947017729282e-13,5.115907697472721e-13,0,True,Optimization terminated successfully. (HiGHS Status 7: Optimal),763,5.115907697472721e-13
2025-03-01,0,0.035153208000338054,1210.4379848597318,144,20,3746,2025-02-09|2025-02-10|2025-02-11|2025-02-12|2025-02-13|2025-02-14|2025-02-15|2025-02-16|2025-02-17|2025-02-18|2025-02-19|2025-02-20|2025-02-21|2025-02-22|2025-02-23|2025-02-24|2025-02-25|2025-02-26|2025-02-27|2025-02-28,2025-03-01 00:00,2025-03-01 00:00,9.094947017729282e-13,1.1368683772161603e-13,0,True,Optimization terminated successfully. (HiGHS Status 7: Optimal),687,1.1368683772161603e-13
2025-03-01,6,0.03157029199974204,10160.91908532239,144,20,3746,2025-02-09|2025-02-10|2025-02-11|2025-02-12|2025-02-13|2025-02-14|2025-02-15|2025-02-16|2025-02-17|2025-02-18|2025-02-19|2025-02-20|2025-02-21|2025-02-22|2025-02-23|2025-02-24|2025-02-25|2025-02-26|2025-02-27|2025-02-28,2025-03-01 06:00,2025-03-01 06:00,9.094947017729282e-13,1.1368683772161603e-13,0,True,Optimization terminated successfully. (HiGHS Status 7: Optimal),655,1.1368683772161603e-13
2025-03-01,12,0.03523424999912095,17005.3444071027,144,20,3746,2025-02-09|2025-02-10|2025-02-11|2025-02-12|2025-02-13|2025-02-14|2025-02-15|2025-02-16|2025-02-17|2025-02-18|2025-02-19|2025-02-20|2025-02-21|2025-02-22|2025-02-23|2025-02-24|2025-02-25|2025-02-26|2025-02-27|2025-02-28,2025-03-01 12:00,2025-03-01 12:00,9.094947017729282e-13,1.1368683772161603e-13,0,True,Optimization terminated successfully. (HiGHS Status 7: Optimal),794,1.1368683772161603e-13
2025-03-01,18,0.03576041599990276,31333.616610817386,144,20,3746,2025-02-09|2025-02-10|2025-02-11|2025-02-12|2025-02-13|2025-02-14|2025-02-15|2025-02-16|2025-02-17|2025-02-18|2025-02-19|2025-02-20|2025-02-21|2025-02-22|2025-02-23|2025-02-24|2025-02-25|2025-02-26|2025-02-27|2025-02-28,2025-03-01 18:00,2025-03-01 18:00,8.810729923425242e-13,2.2737367544323206e-13,0,True,Optimization terminated successfully. (HiGHS Status 7: Optimal),849,1.1368683772161603e-13
2025-03-02,0,0.03636999999980617,1750.6471143729266,144,20,3746,2025-02-10|2025-02-11|2025-02-12|2025-02-13|2025-02-14|2025-02-15|2025-02-16|2025-02-17|2025-02-18|2025-02-19|2025-02-20|2025-02-21|2025-02-22|2025-02-23|2025-02-24|2025-02-25|2025-02-26|2025-02-27|2025-02-28|2025-03-01,2025-03-02 00:00,2025-03-02 00:00,9.094947017729282e-13,1.1368683772161603e-12,0,True,Optimization terminated successfully. (HiGHS Status 7: Optimal),755,1.1368683772161603e-12
2025-03-02,6,0.03670758400039631,12761.926359064508,144,20,3746,2025-02-10|2025-02-11|2025-02-12|2025-02-13|2025-02-14|2025-02-15|2025-02-16|2025-02-17|2025-02-18|2025-02-19|2025-02-20|2025-02-21|2025-02-22|2025-02-23|2025-02-24|2025-02-25|2025-02-26|2025-02-27|2025-02-28|2025-03-01,2025-03-02 06:00,2025-03-02 06:00,8.597567102697212e-13,5.684341886080801e-13,0,True,Optimization terminated successfully. (HiGHS Status 7: Optimal),937,5.684341886080801e-13
2025-03-02,12,0.0331398749985965,28024.785396894436,144,20,3746,2025-02-10|2025-02-11|2025-02-12|2025-02-13|2025-02-14|2025-02-15|2025-02-16|2025-02-17|2025-02-18|2025-02-19|2025-02-20|2025-02-21|2025-02-22|2025-02-23|2025-02-24|2025-02-25|2025-02-26|2025-02-27|2025-02-28|2025-03-01,2025-03-02 12:00,2025-03-02 12:00,8.526512829121202e-13,5.684341886080801e-13,0,True,Optimization terminated successfully. (HiGHS Status 7: Optimal),877,5.684341886080801e-13
2025-03-02,18,0.03549379099968064,35428.71957251431,144,20,3746,2025-02-10|2025-02-11|2025-02-12|2025-02-13|2025-02-14|2025-02-15|2025-02-16|2025-02-17|2025-02-18|2025-02-19|2025-02-20|2025-02-21|2025-02-22|2025-02-23|2025-02-24|2025-02-25|2025-02-26|2025-02-27|2025-02-28|2025-03-01,2025-03-02 18:00,2025-03-02 18:00,7.958078640513122e-13,5.684341886080801e-13,0,True,Optimization terminated successfully. (HiGHS Status 7: Optimal),857,5.684341886080801e-13
2025-03-03,0,0.035797833999822615,1760.4405797812005,144,20,3746,2025-02-11|2025-02-12|2025-02-13|2025-02-14|2025-02-15|2025-02-16|2025-02-17|2025-02-18|2025-02-19|2025-02-20|2025-02-21|2025-02-22|2025-02-23|2025-02-24|2025-02-25|2025-02-26|2025-02-27|2025-02-28|2025-03-01|2025-03-02,2025-03-03 00:00,2025-03-03 00:00,8.242295734817162e-13,3.410605131648481e-13,0,True,Optimization terminated successfully. (HiGHS Status 7: Optimal),764,3.410605131648481e-13
2025-03-03,6,0.03387854100037657,10226.097969167653,144,20,3746,2025-02-11|2025-02-12|2025-02-13|2025-02-14|2025-02-15|2025-02-16|2025-02-17|2025-02-18|2025-02-19|2025-02-20|2025-02-21|2025-02-22|2025-02-23|2025-02-24|2025-02-25|2025-02-26|2025-02-27|2025-02-28|2025-03-01|2025-03-02,2025-03-03 06:00,2025-03-03 06:00,9.094947017729282e-13,2.2737367544323206e-13,0,True,Optimization terminated successfully. (HiGHS Status 7: Optimal),868,1.1368683772161603e-13
2025-03-03,12,0.037038499998743646,25429.7618974305,144,20,3746,2025-02-11|2025-02-12|2025-02-13|2025-02-14|2025-02-15|2025-02-16|2025-02-17|2025-02-18|2025-02-19|2025-02-20|2025-02-21|2025-02-22|2025-02-23|2025-02-24|2025-02-25|2025-02-26|2025-02-27|2025-02-28|2025-03-01|2025-03-02,2025-03-03 12:00,2025-03-03 12:00,9.094947017729282e-13,2.2737367544323206e-13,0,True,Optimization terminated successfully. (HiGHS Status 7: Optimal),916,1.1368683772161603e-13
2025-03-03,18,0.03435858400007419,32525.40589577423,144,20,3746,2025-02-11|2025-02-12|2025-02-13|2025-02-14|2025-02-15|2025-02-16|2025-02-17|2025-02-18|2025-02-19|2025-02-20|2025-02-21|2025-02-22|2025-02-23|2025-02-24|2025-02-25|2025-02-26|2025-02-27|2025-02-28|2025-03-01|2025-03-02,2025-03-03 18:00,2025-03-03 18:00,9.094947017729282e-13,2.2737367544323206e-13,0,True,Optimization terminated successfully. (HiGHS Status 7: Optimal),878,2.2737367544323206e-13
2025-03-04,0,0.03619254099976388,1890.1856692292447,144,20,3746,2025-02-12|2025-02-13|2025-02-14|2025-02-15|2025-02-16|2025-02-17|2025-02-18|2025-02-19|2025-02-20|2025-02-21|2025-02-22|2025-02-23|2025-02-24|2025-02-25|2025-02-26|2025-02-27|2025-02-28|2025-03-01|2025-03-02|2025-03-03,2025-03-04 00:00,2025-03-04 00:00,9.094947017729282e-13,6.821210263296962e-13,0,True,Optimization terminated successfully. (HiGHS Status 7: Optimal),734,6.252776074688882e-13
2025-03-04,6,0.03959795799892163,12922.323985495408,144,20,3746,2025-02-12|2025-02-13|2025-02-14|2025-02-15|2025-02-16|2025-02-17|2025-02-18|2025-02-19|2025-02-20|2025-02-21|2025-02-22|2025-02-23|2025-02-24|2025-02-25|2025-02-26|2025-02-27|2025-02-28|2025-03-01|2025-03-02|2025-03-03,2025-03-04 06:00,2025-03-04 06:00,8.668621376273222e-13,2.2737367544323206e-13,0,True,Optimization terminated successfully. (HiGHS Status 7: Optimal),965,0.0
2025-03-04,12,0.03704983300121967,19657.127081229362,144,20,3746,2025-02-12|2025-02-13|2025-02-14|2025-02-15|2025-02-16|2025-02-17|2025-02-18|2025-02-19|2025-02-20|2025-02-21|2025-02-22|2025-02-23|2025-02-24|2025-02-25|2025-02-26|2025-02-27|2025-02-28|2025-03-01|2025-03-02|2025-03-03,2025-03-04 12:00,2025-03-04 12:00,9.094947017729282e-13,1.1368683772161603e-13,0,True,Optimization terminated successfully. (HiGHS Status 7: Optimal),943,0.0
2025-03-04,18,0.03542612500132236,35416.708536704165,144,20,3746,2025-02-12|2025-02-13|2025-02-14|2025-02-15|2025-02-16|2025-02-17|2025-02-18|2025-02-19|2025-02-20|2025-02-21|2025-02-22|2025-02-23|2025-02-24|2025-02-25|2025-02-26|2025-02-27|2025-02-28|2025-03-01|2025-03-02|2025-03-03,2025-03-04 18:00,2025-03-04 18:00,9.094947017729282e-13,2.2737367544323206e-13,0,True,Optimization terminated successfully. (HiGHS Status 7: Optimal),860,0.0
2025-03-05,0,0.03644949999943492,1796.8706290738546,144,20,3746,2025-02-13|2025-02-14|2025-02-15|2025-02-16|2025-02-17|2025-02-18|2025-02-19|2025-02-20|2025-02-21|2025-02-22|2025-02-23|2025-02-24|2025-02-25|2025-02-26|2025-02-27|2025-02-28|2025-03-01|2025-03-02|2025-03-03|2025-03-04,2025-03-05 00:00,2025-03-05 00:00,9.094947017729282e-13,2.2737367544323206e-13,0,True,Optimization terminated successfully. (HiGHS Status 7: Optimal),751,2.2737367544323206e-13
2025-03-05,6,0.03348929200001294,10344.327532179803,144,20,3746,2025-02-13|2025-02-14|2025-02-15|2025-02-16|2025-02-17|2025-02-18|2025-02-19|2025-02-20|2025-02-21|2025-02-22|2025-02-23|2025-02-24|2025-02-25|2025-02-26|2025-02-27|2025-02-28|2025-03-01|2025-03-02|2025-03-03|2025-03-04,2025-03-05 06:00,2025-03-05 06:00,8.810729923425242e-13,2.2737367544323206e-13,0,True,Optimization terminated successfully. (HiGHS Status 7: Optimal),835,1.1368683772161603e-13
2025-03-05,12,0.03508237499954703,21947.532839214797,144,20,3746,2025-02-13|2025-02-14|2025-02-15|2025-02-16|2025-02-17|2025-02-18|2025-02-19|2025-02-20|2025-02-21|2025-02-22|2025-02-23|2025-02-24|2025-02-25|2025-02-26|2025-02-27|2025-02-28|2025-03-01|2025-03-02|2025-03-03|2025-03-04,2025-03-05 12:00,2025-03-05 12:00,9.094947017729282e-13,1.1368683772161603e-13,0,True,Optimization terminated successfully. (HiGHS Status 7: Optimal),874,1.1368683772161603e-13
2025-03-05,18,0.03580049999982293,33676.11970897017,144,20,3746,2025-02-13|2025-02-14|2025-02-15|2025-02-16|2025-02-17|2025-02-18|2025-02-19|2025-02-20|2025-02-21|2025-02-22|2025-02-23|2025-02-24|2025-02-25|2025-02-26|2025-02-27|2025-02-28|2025-03-01|2025-03-02|2025-03-03|2025-03-04,2025-03-05 18:00,2025-03-05 18:00,9.094947017729282e-13,0.0,0,True,Optimization terminated successfully. (HiGHS Status 7: Optimal),861,1.1368683772161603e-13
2025-03-06,0,0.036077208000278915,1690.6276255707564,144,20,3746,2025-02-14|2025-02-15|2025-02-16|2025-02-17|2025-02-18|2025-02-19|2025-02-20|2025-02-21|2025-02-22|2025-02-23|2025-02-24|2025-02-25|2025-02-26|2025-02-27|2025-02-28|2025-03-01|2025-03-02|2025-03-03|2025-03-04|2025-03-05,2025-03-06 00:00,2025-03-06 00:00,9.094947017729282e-13,2.2737367544323206e-13,0,True,Optimization terminated successfully. (HiGHS Status 7: Optimal),732,2.2737367544323206e-13
2025-03-06,6,0.03516945800038229,8663.336679862909,144,20,3746,2025-02-14|2025-02-15|2025-02-16|2025-02-17|2025-02-18|2025-02-19|2025-02-20|2025-02-21|2025-02-22|2025-02-23|2025-02-24|2025-02-25|2025-02-26|2025-02-27|2025-02-28|2025-03-01|2025-03-02|2025-03-03|2025-03-04|2025-03-05,2025-03-06 06:00,2025-03-06 06:00,9.094947017729282e-13,2.2737367544323206e-13,0,True,Optimization terminated successfully. (HiGHS Status 7: Optimal),895,2.2737367544323206e-13
2025-03-06,12,0.032245083999441704,7637.804770921529,144,20,3746,2025-02-14|2025-02-15|2025-02-16|2025-02-17|2025-02-18|2025-02-19|2025-02-20|2025-02-21|2025-02-22|2025-02-23|2025-02-24|2025-02-25|2025-02-26|2025-02-27|2025-02-28|2025-03-01|2025-03-02|2025-03-03|2025-03-04|2025-03-05,2025-03-06 12:00,2025-03-06 12:00,9.094947017729282e-13,2.2737367544323206e-13,0,True,Optimization terminated successfully. (HiGHS Status 7: Optimal),740,2.2737367544323206e-13
2025-03-06,18,0.0356782499984547,9751.649700353448,144,20,3746,2025-02-14|2025-02-15|2025-02-16|2025-02-17|2025-02-18|2025-02-19|2025-02-20|2025-02-21|2025-02-22|2025-02-23|2025-02-24|2025-02-25|2025-02-26|2025-02-27|2025-02-28|2025-03-01|2025-03-02|2025-03-03|2025-03-04|2025-03-05,2025-03-06 18:00,2025-03-06 18:00,9.094947017729282e-13,2.2737367544323206e-13,0,True,Optimization terminated successfully. (HiGHS Status 7: Optimal),735,2.2737367544323206e-13
2025-03-07,0,0.038702874999216874,1320.5175855705972,144,20,3746,2025-02-15|2025-02-16|2025-02-17|2025-02-18|2025-02-19|2025-02-20|2025-02-21|2025-02-22|2025-02-23|2025-02-24|2025-02-25|2025-02-26|2025-02-27|2025-02-28|2025-03-01|2025-03-02|2025-03-03|2025-03-04|2025-03-05|2025-03-06,2025-03-07 00:00,2025-03-07 00:00,6.821210263296962e-13,3.1885605267234496e-13,0,True,Optimization terminated successfully. (HiGHS Status 7: Optimal),743,3.1885605267234496e-13
2025-03-07,6,0.03073183299966331,7336.053601104584,144,20,3746,2025-02-15|2025-02-16|2025-02-17|2025-02-18|2025-02-19|2025-02-20|2025-02-21|2025-02-22|2025-02-23|2025-02-24|2025-02-25|2025-02-26|2025-02-27|2025-02-28|2025-03-01|2025-03-02|2025-03-03|2025-03-04|2025-03-05|2025-03-06,2025-03-07 06:00,2025-03-07 06:00,7.958078640513122e-13,1.1368683772161603e-13,0,True,Optimization terminated successfully. (HiGHS Status 7: Optimal),634,5.684341886080802e-14
2025-03-07,12,0.03638320800018846,11713.521375485052,144,20,3746,2025-02-15|2025-02-16|2025-02-17|2025-02-18|2025-02-19|2025-02-20|2025-02-21|2025-02-22|2025-02-23|2025-02-24|2025-02-25|2025-02-26|2025-02-27|2025-02-28|2025-03-01|2025-03-02|2025-03-03|2025-03-04|2025-03-05|2025-03-06,2025-03-07 12:00,2025-03-07 12:00,8.526512829121202e-13,5.684341886080802e-14,0,True,Optimization terminated successfully. (HiGHS Status 7: Optimal),732,5.684341886080802e-14
2025-03-07,18,0.030179332999978215,7365.18067450744,144,20,3746,2025-02-15|2025-02-16|2025-02-17|2025-02-18|2025-02-19|2025-02-20|2025-02-21|2025-02-22|2025-02-23|2025-02-24|2025-02-25|2025-02-26|2025-02-27|2025-02-28|2025-03-01|2025-03-02|2025-03-03|2025-03-04|2025-03-05|2025-03-06,2025-03-07 18:00,2025-03-07 18:00,9.094947017729282e-13,1.1368683772161603e-13,0,True,Optimization terminated successfully. (HiGHS Status 7: Optimal),595,5.684341886080802e-14
2025-03-08,0,0.03132979099973454,701.3556498367926,144,20,3746,2025-02-16|2025-02-17|2025-02-18|2025-02-19|2025-02-20|2025-02-21|2025-02-22|2025-02-23|2025-02-24|2025-02-25|2025-02-26|2025-02-27|2025-02-28|2025-03-01|2025-03-02|2025-03-03|2025-03-04|2025-03-05|2025-03-06|2025-03-07,2025-03-08 00:00,2025-03-08 00:00,9.094947017729282e-13,2.2737367544323206e-13,0,True,Optimization terminated successfully. (HiGHS Status 7: Optimal),602,2.8421709430404007e-13
2025-03-08,6,0.030246083000747603,10514.29758409231,144,20,3746,2025-02-16|2025-02-17|2025-02-18|2025-02-19|2025-02-20|2025-02-21|2025-02-22|2025-02-23|2025-02-24|2025-02-25|2025-02-26|2025-02-27|2025-02-28|2025-03-01|2025-03-02|2025-03-03|2025-03-04|2025-03-05|2025-03-06|2025-03-07,2025-03-08 06:00,2025-03-08 06:00,9.094947017729282e-13,2.2737367544323206e-13,0,True,Optimization terminated successfully. (HiGHS Status 7: Optimal),668,2.8421709430404007e-13
2025-03-08,12,0.034114125000996864,21624.963164527715,144,20,3746,2025-02-16|2025-02-17|2025-02-18|2025-02-19|2025-02-20|2025-02-21|2025-02-22|2025-02-23|2025-02-24|2025-02-25|2025-02-26|2025-02-27|2025-02-28|2025-03-01|2025-03-02|2025-03-03|2025-03-04|2025-03-05|2025-03-06|2025-03-07,2025-03-08 12:00,2025-03-08 12:00,9.094947017729282e-13,2.2737367544323206e-13,0,True,Optimization terminated successfully. (HiGHS Status 7: Optimal),793,2.8421709430404007e-13
2025-03-08,18,0.034662833999391296,26236.526838651054,144,20,3746,2025-02-16|2025-02-17|2025-02-18|2025-02-19|2025-02-20|2025-02-21|2025-02-22|2025-02-23|2025-02-24|2025-02-25|2025-02-26|2025-02-27|2025-02-28|2025-03-01|2025-03-02|2025-03-03|2025-03-04|2025-03-05|2025-03-06|2025-03-07,2025-03-08 18:00,2025-03-08 18:00,9.094947017729282e-13,2.2737367544323206e-13,0,True,Optimization terminated successfully. (HiGHS Status 7: Optimal),835,2.8421709430404007e-13
2025-03-09,0,0.036145375001069624,1847.9742394709335,144,20,3746,2025-02-17|2025-02-18|2025-02-19|2025-02-20|2025-02-21|2025-02-22|2025-02-23|2025-02-24|2025-02-25|2025-02-26|2025-02-27|2025-02-28|2025-03-01|2025-03-02|2025-03-03|2025-03-04|2025-03-05|2025-03-06|2025-03-07|2025-03-08,2025-03-09 00:00,2025-03-09 00:00,7.958078640513122e-13,2.2737367544323206e-13,0,True,Optimization terminated successfully. (HiGHS Status 7: Optimal),748,2.2737367544323206e-13
2025-03-09,6,0.03287504200125113,8285.064858035004,144,20,3746,2025-02-17|2025-02-18|2025-02-19|2025-02-20|2025-02-21|2025-02-22|2025-02-23|2025-02-24|2025-02-25|2025-02-26|2025-02-27|2025-02-28|2025-03-01|2025-03-02|2025-03-03|2025-03-04|2025-03-05|2025-03-06|2025-03-07|2025-03-08,2025-03-09 06:00,2025-03-09 06:00,8.952838470577262e-13,2.2737367544323206e-13,0,True,Optimization terminated successfully. (HiGHS Status 7: Optimal),776,2.2737367544323206e-13
2025-03-09,12,0.03320533400074055,22103.69264296613,144,20,3746,2025-02-17|2025-02-18|2025-02-19|2025-02-20|2025-02-21|2025-02-22|2025-02-23|2025-02-24|2025-02-25|2025-02-26|2025-02-27|2025-02-28|2025-03-01|2025-03-02|2025-03-03|2025-03-04|2025-03-05|2025-03-06|2025-03-07|2025-03-08,2025-03-09 12:00,2025-03-09 12:00,9.094947017729282e-13,2.2737367544323206e-13,0,True,Optimization terminated successfully. (HiGHS Status 7: Optimal),873,2.2737367544323206e-13
2025-03-09,18,0.03496637500029465,43652.90189057518,144,20,3746,2025-02-17|2025-02-18|2025-02-19|2025-02-20|2025-02-21|2025-02-22|2025-02-23|2025-02-24|2025-02-25|2025-02-26|2025-02-27|2025-02-28|2025-03-01|2025-03-02|2025-03-03|2025-03-04|2025-03-05|2025-03-06|2025-03-07|2025-03-08,2025-03-09 18:00,2025-03-09 18:00,9.094947017729282e-13,2.2737367544323206e-13,0,True,Optimization terminated successfully. (HiGHS Status 7: Optimal),857,2.2737367544323206e-13
2025-03-10,0,0.03621216700048535,1828.2731926448414,144,20,3746,2025-02-18|2025-02-19|2025-02-20|2025-02-21|2025-02-22|2025-02-23|2025-02-24|2025-02-25|2025-02-26|2025-02-27|2025-02-28|2025-03-01|2025-03-02|2025-03-03|2025-03-04|2025-03-05|2025-03-06|2025-03-07|2025-03-08|2025-03-09,2025-03-10 00:00,2025-03-10 00:00,9.094947017729282e-13,2.2737367544323206e-13,0,True,Optimization terminated successfully. (HiGHS Status 7: Optimal),758,1.9895196601282805e-13
2025-03-10,6,0.03568295900004159,11875.780742771172,144,20,3746,2025-02-18|2025-02-19|2025-02-20|2025-02-21|2025-02-22|2025-02-23|2025-02-24|2025-02-25|2025-02-26|2025-02-27|2025-02-28|2025-03-01|2025-03-02|2025-03-03|2025-03-04|2025-03-05|2025-03-06|2025-03-07|2025-03-08|2025-03-09,2025-03-10 06:00,2025-03-10 06:00,9.094947017729282e-13,2.2737367544323206e-13,0,True,Optimization terminated successfully. (HiGHS Status 7: Optimal),891,1.1368683772161603e-13
2025-03-10,12,0.037763417001769994,18458.66352080935,144,20,3746,2025-02-18|2025-02-19|2025-02-20|2025-02-21|2025-02-22|2025-02-23|2025-02-24|2025-02-25|2025-02-26|2025-02-27|2025-02-28|2025-03-01|2025-03-02|2025-03-03|2025-03-04|2025-03-05|2025-03-06|2025-03-07|2025-03-08|2025-03-09,2025-03-10 12:00,2025-03-10 12:00,8.206768598029157e-13,1.1368683772161603e-13,0,True,Optimization terminated successfully. (HiGHS Status 7: Optimal),904,0.0
2025-03-10,18,0.03510320900022634,41345.759389518695,144,20,3746,2025-02-18|2025-02-19|2025-02-20|2025-02-21|2025-02-22|2025-02-23|2025-02-24|2025-02-25|2025-02-26|2025-02-27|2025-02-28|2025-03-01|2025-03-02|2025-03-03|2025-03-04|2025-03-05|2025-03-06|2025-03-07|2025-03-08|2025-03-09,2025-03-10 18:00,2025-03-10 18:00,7.958078640513122e-13,2.2737367544323206e-13,0,True,Optimization terminated successfully. (HiGHS Status 7: Optimal),859,0.0
2025-03-11,0,0.034823292000510264,1705.762690275452,144,20,3746,2025-02-19|2025-02-20|2025-02-21|2025-02-22|2025-02-23|2025-02-24|2025-02-25|2025-02-26|2025-02-27|2025-02-28|2025-03-01|2025-03-02|2025-03-03|2025-03-04|2025-03-05|2025-03-06|2025-03-07|2025-03-08|2025-03-09|2025-03-10,2025-03-11 00:00,2025-03-11 00:00,9.094947017729282e-13,2.8421709430404007e-13,0,True,Optimization terminated successfully. (HiGHS Status 7: Optimal),720,2.8421709430404007e-13
2025-03-11,6,0.04535062499962805,18372.45133277381,144,20,3746,2025-02-19|2025-02-20|2025-02-21|2025-02-22|2025-02-23|2025-02-24|2025-02-25|2025-02-26|2025-02-27|2025-02-28|2025-03-01|2025-03-02|2025-03-03|2025-03-04|2025-03-05|2025-03-06|2025-03-07|2025-03-08|2025-03-09|2025-03-10,2025-03-11 06:00,2025-03-11 06:00,1.0231815394945443e-12,1.1368683772161603e-13,0,True,Optimization terminated successfully. (HiGHS Status 7: Optimal),1058,2.2737367544323206e-13
2025-03-11,12,0.03759833299955062,19503.474351166933,144,20,3746,2025-02-19|2025-02-20|2025-02-21|2025-02-22|2025-02-23|2025-02-24|2025-02-25|2025-02-26|2025-02-27|2025-02-28|2025-03-01|2025-03-02|2025-03-03|2025-03-04|2025-03-05|2025-03-06|2025-03-07|2025-03-08|2025-03-09|2025-03-10,2025-03-11 12:00,2025-03-11 12:00,9.094947017729282e-13,1.1368683772161603e-13,0,True,Optimization terminated successfully. (HiGHS Status 7: Optimal),904,2.2737367544323206e-13
2025-03-11,18,0.035430750000159605,28936.400134482956,144,20,3746,2025-02-19|2025-02-20|2025-02-21|2025-02-22|2025-02-23|2025-02-24|2025-02-25|2025-02-26|2025-02-27|2025-02-28|2025-03-01|2025-03-02|2025-03-03|2025-03-04|2025-03-05|2025-03-06|2025-03-07|2025-03-08|2025-03-09|2025-03-10,2025-03-11 18:00,2025-03-11 18:00,9.094947017729282e-13,0.0,0,True,Optimization terminated successfully. (HiGHS Status 7: Optimal),870,2.2737367544323206e-13
2025-03-12,0,0.03597458300100698,2228.704725573359,144,20,3746,2025-02-20|2025-02-21|2025-02-22|2025-02-23|2025-02-24|2025-02-25|2025-02-26|2025-02-27|2025-02-28|2025-03-01|2025-03-02|2025-03-03|2025-03-04|2025-03-05|2025-03-06|2025-03-07|2025-03-08|2025-03-09|2025-03-10|2025-03-11,2025-03-12 00:00,2025-03-12 00:00,9.094947017729282e-13,1.1368683772161603e-13,0,True,Optimization terminated successfully. (HiGHS Status 7: Optimal),754,1.1368683772161603e-13
2025-03-12,6,0.03226674999859824,8271.621377951442,144,20,3746,2025-02-20|2025-02-21|2025-02-22|2025-02-23|2025-02-24|2025-02-25|2025-02-26|2025-02-27|2025-02-28|2025-03-01|2025-03-02|2025-03-03|2025-03-04|2025-03-05|2025-03-06|2025-03-07|2025-03-08|2025-03-09|2025-03-10|2025-03-11,2025-03-12 06:00,2025-03-12 06:00,8.810729923425242e-13,1.1368683772161603e-13,0,True,Optimization terminated successfully. (HiGHS Status 7: Optimal),765,1.1368683772161603e-13
2025-03-12,12,0.034990749998542015,17245.741229004678,144,20,3746,2025-02-20|2025-02-21|2025-02-22|2025-02-23|2025-02-24|2025-02-25|2025-02-26|2025-02-27|2025-02-28|2025-03-01|2025-03-02|2025-03-03|2025-03-04|2025-03-05|2025-03-06|2025-03-07|2025-03-08|2025-03-09|2025-03-10|2025-03-11,2025-03-12 12:00,2025-03-12 12:00,9.094947017729282e-13,1.1368683772161603e-13,0,True,Optimization terminated successfully. (HiGHS Status 7: Optimal),827,1.1368683772161603e-13
2025-03-12,18,0.03510841599927517,38833.70827408079,144,20,3746,2025-02-20|2025-02-21|2025-02-22|2025-02-23|2025-02-24|2025-02-25|2025-02-26|2025-02-27|2025-02-28|2025-03-01|2025-03-02|2025-03-03|2025-03-04|2025-03-05|2025-03-06|2025-03-07|2025-03-08|2025-03-09|2025-03-10|2025-03-11,2025-03-12 18:00,2025-03-12 18:00,9.094947017729282e-13,2.2737367544323206e-13,0,True,Optimization terminated successfully. (HiGHS Status 7: Optimal),852,1.1368683772161603e-13
2025-03-13,0,0.03533087499999965,2107.9764383474667,144,20,3746,2025-02-21|2025-02-22|2025-02-23|2025-02-24|2025-02-25|2025-02-26|2025-02-27|2025-02-28|2025-03-01|2025-03-02|2025-03-03|2025-03-04|2025-03-05|2025-03-06|2025-03-07|2025-03-08|2025-03-09|2025-03-10|2025-03-11|2025-03-12,2025-03-13 00:00,2025-03-13 00:00,8.526512829121202e-13,7.673861546209082e-13,0,True,Optimization terminated successfully. (HiGHS Status 7: Optimal),739,7.673861546209082e-13
2025-03-13,6,0.03905841599953419,8990.267112668284,144,20,3746,2025-02-21|2025-02-22|2025-02-23|2025-02-24|2025-02-25|2025-02-26|2025-02-27|2025-02-28|2025-03-01|2025-03-02|2025-03-03|2025-03-04|2025-03-05|2025-03-06|2025-03-07|2025-03-08|2025-03-09|2025-03-10|2025-03-11|2025-03-12,2025-03-13 06:00,2025-03-13 06:00,8.752998326144734e-13,1.1368683772161603e-13,0,True,Optimization terminated successfully. (HiGHS Status 7: Optimal),892,1.1368683772161603e-13
2025-03-13,12,0.03689504199974181,11436.066507349895,144,20,3746,2025-02-21|2025-02-22|2025-02-23|2025-02-24|2025-02-25|2025-02-26|2025-02-27|2025-02-28|2025-03-01|2025-03-02|2025-03-03|2025-03-04|2025-03-05|2025-03-06|2025-03-07|2025-03-08|2025-03-09|2025-03-10|2025-03-11|2025-03-12,2025-03-13 12:00,2025-03-13 12:00,9.094947017729282e-13,1.1368683772161603e-13,0,True,Optimization terminated successfully. (HiGHS Status 7: Optimal),877,1.1368683772161603e-13
2025-03-13,18,0.03154908399847045,8113.980192475476,144,20,3746,2025-02-21|2025-02-22|2025-02-23|2025-02-24|2025-02-25|2025-02-26|2025-02-27|2025-02-28|2025-03-01|2025-03-02|2025-03-03|2025-03-04|2025-03-05|2025-03-06|2025-03-07|2025-03-08|2025-03-09|2025-03-10|2025-03-11|2025-03-12,2025-03-13 18:00,2025-03-13 18:00,8.242295734817162e-13,1.1368683772161603e-13,0,True,Optimization terminated successfully. (HiGHS Status 7: Optimal),676,1.1368683772161603e-13
2025-03-14,0,0.03097508300015761,763.4893153874506,144,20,3746,2025-02-22|2025-02-23|2025-02-24|2025-02-25|2025-02-26|2025-02-27|2025-02-28|2025-03-01|2025-03-02|2025-03-03|2025-03-04|2025-03-05|2025-03-06|2025-03-07|2025-03-08|2025-03-09|2025-03-10|2025-03-11|2025-03-12|2025-03-13,2025-03-14 00:00,2025-03-14 00:00,8.810729923425242e-13,2.2737367544323206e-13,0,True,Optimization terminated successfully. (HiGHS Status 7: Optimal),596,2.8421709430404007e-13
2025-03-14,6,0.03259066700047697,8150.761478182734,144,20,3746,2025-02-22|2025-02-23|2025-02-24|2025-02-25|2025-02-26|2025-02-27|2025-02-28|2025-03-01|2025-03-02|2025-03-03|2025-03-04|2025-03-05|2025-03-06|2025-03-07|2025-03-08|2025-03-09|2025-03-10|2025-03-11|2025-03-12|2025-03-13,2025-03-14 06:00,2025-03-14 06:00,8.526512829121202e-13,2.2737367544323206e-13,0,True,Optimization terminated successfully. (HiGHS Status 7: Optimal),689,2.8421709430404007e-13
2025-03-14,12,0.03245425000022806,7486.872705989041,144,20,3746,2025-02-22|2025-02-23|2025-02-24|2025-02-25|2025-02-26|2025-02-27|2025-02-28|2025-03-01|2025-03-02|2025-03-03|2025-03-04|2025-03-05|2025-03-06|2025-03-07|2025-03-08|2025-03-09|2025-03-10|2025-03-11|2025-03-12|2025-03-13,2025-03-14 12:00,2025-03-14 12:00,8.952838470577262e-13,2.2737367544323206e-13,0,True,Optimization terminated successfully. (HiGHS Status 7: Optimal),677,2.8421709430404007e-13
2025-03-14,18,0.03301983399978781,8652.788744936757,144,20,3746,2025-02-22|2025-02-23|2025-02-24|2025-02-25|2025-02-26|2025-02-27|2025-02-28|2025-03-01|2025-03-02|2025-03-03|2025-03-04|2025-03-05|2025-03-06|2025-03-07|2025-03-08|2025-03-09|2025-03-10|2025-03-11|2025-03-12|2025-03-13,2025-03-14 18:00,2025-03-14 18:00,9.094947017729282e-13,8.526512829121202e-13,0,True,Optimization terminated successfully. (HiGHS Status 7: Optimal),688,8.526512829121202e-13
2025-03-15,0,0.03674045800107706,1210.072459099403,144,20,3746,2025-02-23|2025-02-24|2025-02-25|2025-02-26|2025-02-27|2025-02-28|2025-03-01|2025-03-02|2025-03-03|2025-03-04|2025-03-05|2025-03-06|2025-03-07|2025-03-08|2025-03-09|2025-03-10|2025-03-11|2025-03-12|2025-03-13|2025-03-14,2025-03-15 00:00,2025-03-15 00:00,8.668621376273222e-13,1.1368683772161603e-13,0,True,Optimization terminated successfully. (HiGHS Status 7: Optimal),683,1.1368683772161603e-13
2025-03-15,6,0.0413165840000147,11889.346245896764,144,20,3746,2025-02-23|2025-02-24|2025-02-25|2025-02-26|2025-02-27|2025-02-28|2025-03-01|2025-03-02|2025-03-03|2025-03-04|2025-03-05|2025-03-06|2025-03-07|2025-03-08|2025-03-09|2025-03-10|2025-03-11|2025-03-12|2025-03-13|2025-03-14,2025-03-15 06:00,2025-03-15 06:00,8.242295734817162e-13,1.1368683772161603e-13,0,True,Optimization terminated successfully. (HiGHS Status 7: Optimal),876,1.1368683772161603e-13
2025-03-15,12,0.03709274999891932,18015.92928100853,144,20,3746,2025-02-23|2025-02-24|2025-02-25|2025-02-26|2025-02-27|2025-02-28|2025-03-01|2025-03-02|2025-03-03|2025-03-04|2025-03-05|2025-03-06|2025-03-07|2025-03-08|2025-03-09|2025-03-10|2025-03-11|2025-03-12|2025-03-13|2025-03-14,2025-03-15 12:00,2025-03-15 12:00,9.094947017729282e-13,5.684341886080802e-14,0,True,Optimization terminated successfully. (HiGHS Status 7: Optimal),808,1.1368683772161603e-13
2025-03-15,18,0.03602129099999729,26596.326160335087,144,20,3746,2025-02-23|2025-02-24|2025-02-25|2025-02-26|2025-02-27|2025-02-28|2025-03-01|2025-03-02|2025-03-03|2025-03-04|2025-03-05|2025-03-06|2025-03-07|2025-03-08|2025-03-09|2025-03-10|2025-03-11|2025-03-12|2025-03-13|2025-03-14,2025-03-15 18:00,2025-03-15 18:00,9.094947017729282e-13,1.1368683772161603e-13,0,True,Optimization terminated successfully. (HiGHS Status 7: Optimal),858,1.1368683772161603e-13
2025-03-16,0,0.03461829200023203,2330.296998907544,144,20,3746,2025-02-24|2025-02-25|2025-02-26|2025-02-27|2025-02-28|2025-03-01|2025-03-02|2025-03-03|2025-03-04|2025-03-05|2025-03-06|2025-03-07|2025-03-08|2025-03-09|2025-03-10|2025-03-11|2025-03-12|2025-03-13|2025-03-14|2025-03-15,2025-03-16 00:00,2025-03-16 00:00,9.094947017729282e-13,3.410605131648481e-13,0,True,Optimization terminated successfully. (HiGHS Status 7: Optimal),745,3.410605131648481e-13
2025-03-16,6,0.041728750000402215,12552.712576823937,144,20,3746,2025-02-24|2025-02-25|2025-02-26|2025-02-27|2025-02-28|2025-03-01|2025-03-02|2025-03-03|2025-03-04|2025-03-05|2025-03-06|2025-03-07|2025-03-08|2025-03-09|2025-03-10|2025-03-11|2025-03-12|2025-03-13|2025-03-14|2025-03-15,2025-03-16 06:00,2025-03-16 06:00,9.094947017729282e-13,2.2737367544323206e-13,0,True,Optimization terminated successfully. (HiGHS Status 7: Optimal),976,2.2737367544323206e-13
2025-03-16,12,0.03643529200053308,15961.055299660273,144,20,3746,2025-02-24|2025-02-25|2025-02-26|2025-02-27|2025-02-28|2025-03-01|2025-03-02|2025-03-03|2025-03-04|2025-03-05|2025-03-06|2025-03-07|2025-03-08|2025-03-09|2025-03-10|2025-03-11|2025-03-12|2025-03-13|2025-03-14|2025-03-15,2025-03-16 12:00,2025-03-16 12:00,9.094947017729282e-13,2.2737367544323206e-13,0,True,Optimization terminated successfully. (HiGHS Status 7: Optimal),875,2.2737367544323206e-13
2025-03-16,18,0.036926374999893596,25392.54410516382,144,20,3746,2025-02-24|2025-02-25|2025-02-26|2025-02-27|2025-02-28|2025-03-01|2025-03-02|2025-03-03|2025-03-04|2025-03-05|2025-03-06|2025-03-07|2025-03-08|2025-03-09|2025-03-10|2025-03-11|2025-03-12|2025-03-13|2025-03-14|2025-03-15,2025-03-16 18:00,2025-03-16 18:00,8.384404281969182e-13,2.2737367544323206e-13,0,True,Optimization terminated successfully. (HiGHS Status 7: Optimal),864,2.2737367544323206e-13
2025-03-17,0,0.036566332999427686,2380.405568215873,144,20,3746,2025-02-25|2025-02-26|2025-02-27|2025-02-28|2025-03-01|2025-03-02|2025-03-03|2025-03-04|2025-03-05|2025-03-06|2025-03-07|2025-03-08|2025-03-09|2025-03-10|2025-03-11|2025-03-12|2025-03-13|2025-03-14|2025-03-15|2025-03-16,2025-03-17 00:00,2025-03-17 00:00,8.526512829121202e-13,1.1368683772161603e-13,0,True,Optimization terminated successfully. (HiGHS Status 7: Optimal),738,1.1368683772161603e-13
2025-03-17,6,0.033639458000834566,9327.024090930996,144,20,3746,2025-02-25|2025-02-26|2025-02-27|2025-02-28|2025-03-01|2025-03-02|2025-03-03|2025-03-04|2025-03-05|2025-03-06|2025-03-07|2025-03-08|2025-03-09|2025-03-10|2025-03-11|2025-03-12|2025-03-13|2025-03-14|2025-03-15|2025-03-16,2025-03-17 06:00,2025-03-17 06:00,8.881784197001252e-13,1.1368683772161603e-13,0,True,Optimization terminated successfully. (HiGHS Status 7: Optimal),773,1.1368683772161603e-13
2025-03-17,12,0.03850491699995473,24664.474803040473,144,20,3746,2025-02-25|2025-02-26|2025-02-27|2025-02-28|2025-03-01|2025-03-02|2025-03-03|2025-03-04|2025-03-05|2025-03-06|2025-03-07|2025-03-08|2025-03-09|2025-03-10|2025-03-11|2025-03-12|2025-03-13|2025-03-14|2025-03-15|2025-03-16,2025-03-17 12:00,2025-03-17 12:00,8.881784197001252e-13,1.1368683772161603e-13,0,True,Optimization terminated successfully. (HiGHS Status 7: Optimal),923,1.1368683772161603e-13
2025-03-17,18,0.037796333999722265,25361.592484060173,144,20,3746,2025-02-25|2025-02-26|2025-02-27|2025-02-28|2025-03-01|2025-03-02|2025-03-03|2025-03-04|2025-03-05|2025-03-06|2025-03-07|2025-03-08|2025-03-09|2025-03-10|2025-03-11|2025-03-12|2025-03-13|2025-03-14|2025-03-15|2025-03-16,2025-03-17 18:00,2025-03-17 18:00,9.094947017729282e-13,2.842170943040401e-14,0,True,Optimization terminated successfully. (HiGHS Status 7: Optimal),845,1.1368683772161603e-13
2025-03-18,0,0.035329707998243975,2493.941299942943,144,20,3746,2025-02-26|2025-02-27|2025-02-28|2025-03-01|2025-03-02|2025-03-03|2025-03-04|2025-03-05|2025-03-06|2025-03-07|2025-03-08|2025-03-09|2025-03-10|2025-03-11|2025-03-12|2025-03-13|2025-03-14|2025-03-15|2025-03-16|2025-03-17,2025-03-18 00:00,2025-03-18 00:00,8.526512829121202e-13,1.1368683772161603e-13,0,True,Optimization terminated successfully. (HiGHS Status 7: Optimal),746,1.1368683772161603e-13
2025-03-18,6,0.03690041600020777,10016.702952915073,144,20,3746,2025-02-26|2025-02-27|2025-02-28|2025-03-01|2025-03-02|2025-03-03|2025-03-04|2025-03-05|2025-03-06|2025-03-07|2025-03-08|2025-03-09|2025-03-10|2025-03-11|2025-03-12|2025-03-13|2025-03-14|2025-03-15|2025-03-16|2025-03-17,2025-03-18 06:00,2025-03-18 06:00,9.094947017729282e-13,2.2737367544323206e-13,0,True,Optimization terminated successfully. (HiGHS Status 7: Optimal),865,0.0
2025-03-18,12,0.03391995799938741,17272.921201091543,144,20,3746,2025-02-26|2025-02-27|2025-02-28|2025-03-01|2025-03-02|2025-03-03|2025-03-04|2025-03-05|2025-03-06|2025-03-07|2025-03-08|2025-03-09|2025-03-10|2025-03-11|2025-03-12|2025-03-13|2025-03-14|2025-03-15|2025-03-16|2025-03-17,2025-03-18 12:00,2025-03-18 12:00,7.958078640513122e-13,1.1368683772161603e-13,0,True,Optimization terminated successfully. (HiGHS Status 7: Optimal),839,1.1368683772161603e-13
2025-03-18,18,0.035227708000093116,24241.536428508967,144,20,3746,2025-02-26|2025-02-27|2025-02-28|2025-03-01|2025-03-02|2025-03-03|2025-03-04|2025-03-05|2025-03-06|2025-03-07|2025-03-08|2025-03-09|2025-03-10|2025-03-11|2025-03-12|2025-03-13|2025-03-14|2025-03-15|2025-03-16|2025-03-17,2025-03-18 18:00,2025-03-18 18:00,9.094947017729282e-13,1.1368683772161603e-13,0,True,Optimization terminated successfully. (HiGHS Status 7: Optimal),824,0.0
2025-03-19,0,0.035549124999306514,2287.582579139522,144,20,3746,2025-02-27|2025-02-28|2025-03-01|2025-03-02|2025-03-03|2025-03-04|2025-03-05|2025-03-06|2025-03-07|2025-03-08|2025-03-09|2025-03-10|2025-03-11|2025-03-12|2025-03-13|2025-03-14|2025-03-15|2025-03-16|2025-03-17|2025-03-18,2025-03-19 00:00,2025-03-19 00:00,8.526512829121202e-13,3.907985046680551e-13,0,True,Optimization terminated successfully. (HiGHS Status 7: Optimal),729,3.907985046680551e-13
2025-03-19,6,0.043107958999826224,16194.05901440331,144,20,3746,2025-02-27|2025-02-28|2025-03-01|2025-03-02|2025-03-03|2025-03-04|2025-03-05|2025-03-06|2025-03-07|2025-03-08|2025-03-09|2025-03-10|2025-03-11|2025-03-12|2025-03-13|2025-03-14|2025-03-15|2025-03-16|2025-03-17|2025-03-18,2025-03-19 06:00,2025-03-19 06:00,1.0231815394945443e-12,1.1368683772161603e-13,0,True,Optimization terminated successfully. (HiGHS Status 7: Optimal),1002,0.0
2025-03-19,12,0.03673233300105494,18737.929238030287,144,20,3746,2025-02-27|2025-02-28|2025-03-01|2025-03-02|2025-03-03|2025-03-04|2025-03-05|2025-03-06|2025-03-07|2025-03-08|2025-03-09|2025-03-10|2025-03-11|2025-03-12|2025-03-13|2025-03-14|2025-03-15|2025-03-16|2025-03-17|2025-03-18,2025-03-19 12:00,2025-03-19 12:00,9.094947017729282e-13,2.2737367544323206e-13,0,True,Optimization terminated successfully. (HiGHS Status 7: Optimal),920,0.0
2025-03-19,18,0.034393874999295804,25848.47247087889,144,20,3746,2025-02-27|2025-02-28|2025-03-01|2025-03-02|2025-03-03|2025-03-04|2025-03-05|2025-03-06|2025-03-07|2025-03-08|2025-03-09|2025-03-10|2025-03-11|2025-03-12|2025-03-13|2025-03-14|2025-03-15|2025-03-16|2025-03-17|2025-03-18,2025-03-19 18:00,2025-03-19 18:00,9.094947017729282e-13,1.1368683772161603e-13,0,True,Optimization terminated successfully. (HiGHS Status 7: Optimal),829,0.0
2025-03-20,0,0.03533287499885773,2306.194887595867,144,20,3746,2025-02-28|2025-03-01|2025-03-02|2025-03-03|2025-03-04|2025-03-05|2025-03-06|2025-03-07|2025-03-08|2025-03-09|2025-03-10|2025-03-11|2025-03-12|2025-03-13|2025-03-14|2025-03-15|2025-03-16|2025-03-17|2025-03-18|2025-03-19,2025-03-20 00:00,2025-03-20 00:00,9.663381206337363e-13,2.1600499167107046e-12,0,True,Optimization terminated successfully. (HiGHS Status 7: Optimal),739,2.1600499167107046e-12
2025-03-20,6,0.03447574999881908,6688.623409206588,144,20,3746,2025-02-28|2025-03-01|2025-03-02|2025-03-03|2025-03-04|2025-03-05|2025-03-06|2025-03-07|2025-03-08|2025-03-09|2025-03-10|2025-03-11|2025-03-12|2025-03-13|2025-03-14|2025-03-15|2025-03-16|2025-03-17|2025-03-18|2025-03-19,2025-03-20 06:00,2025-03-20 06:00,9.094947017729282e-13,7.958078640513122e-13,0,True,Optimization terminated successfully. (HiGHS Status 7: Optimal),850,7.958078640513122e-13
2025-03-20,12,0.03407829099887749,8461.30909175368,144,20,3746,2025-02-28|2025-03-01|2025-03-02|2025-03-03|2025-03-04|2025-03-05|2025-03-06|2025-03-07|2025-03-08|2025-03-09|2025-03-10|2025-03-11|2025-03-12|2025-03-13|2025-03-14|2025-03-15|2025-03-16|2025-03-17|2025-03-18|2025-03-19,2025-03-20 12:00,2025-03-20 12:00,9.094947017729282e-13,7.958078640513122e-13,0,True,Optimization terminated successfully. (HiGHS Status 7: Optimal),813,7.958078640513122e-13
2025-03-20,18,0.028615582999918843,6852.986426852698,144,20,3746,2025-02-28|2025-03-01|2025-03-02|2025-03-03|2025-03-04|2025-03-05|2025-03-06|2025-03-07|2025-03-08|2025-03-09|2025-03-10|2025-03-11|2025-03-12|2025-03-13|2025-03-14|2025-03-15|2025-03-16|2025-03-17|2025-03-18|2025-03-19,2025-03-20 18:00,2025-03-20 18:00,9.094947017729282e-13,7.958078640513122e-13,0,True,Optimization terminated successfully. (HiGHS Status 7: Optimal),586,7.958078640513122e-13
2025-03-21,0,0.030816124999546446,742.7997898705903,144,20,3746,2025-03-01|2025-03-02|2025-03-03|2025-03-04|2025-03-05|2025-03-06|2025-03-07|2025-03-08|2025-03-09|2025-03-10|2025-03-11|2025-03-12|2025-03-13|2025-03-14|2025-03-15|2025-03-16|2025-03-17|2025-03-18|2025-03-19|2025-03-20,2025-03-21 00:00,2025-03-21 00:00,9.094947017729282e-13,5.684341886080802e-14,0,True,Optimization terminated successfully. (HiGHS Status 7: Optimal),579,5.684341886080802e-14
2025-03-21,6,0.030377458000657498,7542.858946099969,144,20,3746,2025-03-01|2025-03-02|2025-03-03|2025-03-04|2025-03-05|2025-03-06|2025-03-07|2025-03-08|2025-03-09|2025-03-10|2025-03-11|2025-03-12|2025-03-13|2025-03-14|2025-03-15|2025-03-16|2025-03-17|2025-03-18|2025-03-19|2025-03-20,2025-03-21 06:00,2025-03-21 06:00,9.094947017729282e-13,5.684341886080802e-14,0,True,Optimization terminated successfully. (HiGHS Status 7: Optimal),632,5.684341886080802e-14
2025-03-21,12,0.02998558299987053,6932.245141963337,144,20,3746,2025-03-01|2025-03-02|2025-03-03|2025-03-04|2025-03-05|2025-03-06|2025-03-07|2025-03-08|2025-03-09|2025-03-10|2025-03-11|2025-03-12|2025-03-13|2025-03-14|2025-03-15|2025-03-16|2025-03-17|2025-03-18|2025-03-19|2025-03-20,2025-03-21 12:00,2025-03-21 12:00,9.094947017729282e-13,2.2737367544323206e-13,0,True,Optimization terminated successfully. (HiGHS Status 7: Optimal),648,5.684341886080802e-14
2025-03-21,18,0.029636416998982895,6384.9008082208775,144,20,3746,2025-03-01|2025-03-02|2025-03-03|2025-03-04|2025-03-05|2025-03-06|2025-03-07|2025-03-08|2025-03-09|2025-03-10|2025-03-11|2025-03-12|2025-03-13|2025-03-14|2025-03-15|2025-03-16|2025-03-17|2025-03-18|2025-03-19|2025-03-20,2025-03-21 18:00,2025-03-21 18:00,9.094947017729282e-13,5.684341886080802e-14,0,True,Optimization terminated successfully. (HiGHS Status 7: Optimal),573,5.684341886080802e-14
2025-03-22,0,0.031222667001202353,762.411008701677,144,20,3746,2025-03-02|2025-03-03|2025-03-04|2025-03-05|2025-03-06|2025-03-07|2025-03-08|2025-03-09|2025-03-10|2025-03-11|2025-03-12|2025-03-13|2025-03-14|2025-03-15|2025-03-16|2025-03-17|2025-03-18|2025-03-19|2025-03-20|2025-03-21,2025-03-22 00:00,2025-03-22 00:00,8.810729923425242e-13,7.958078640513122e-13,0,True,Optimization terminated successfully. (HiGHS Status 7: Optimal),603,7.389644451905042e-13
2025-03-22,6,0.0305357079996611,10090.343322358442,144,20,3746,2025-03-02|2025-03-03|2025-03-04|2025-03-05|2025-03-06|2025-03-07|2025-03-08|2025-03-09|2025-03-10|2025-03-11|2025-03-12|2025-03-13|2025-03-14|2025-03-15|2025-03-16|2025-03-17|2025-03-18|2025-03-19|2025-03-20|2025-03-21,2025-03-22 06:00,2025-03-22 06:00,9.094947017729282e-13,7.958078640513122e-13,0,True,Optimization terminated successfully. (HiGHS Status 7: Optimal),611,7.389644451905042e-13
2025-03-22,12,0.03513083300094877,18624.91342033782,144,20,3746,2025-03-02|2025-03-03|2025-03-04|2025-03-05|2025-03-06|2025-03-07|2025-03-08|2025-03-09|2025-03-10|2025-03-11|2025-03-12|2025-03-13|2025-03-14|2025-03-15|2025-03-16|2025-03-17|2025-03-18|2025-03-19|2025-03-20|2025-03-21,2025-03-22 12:00,2025-03-22 12:00,9.094947017729282e-13,7.958078640513122e-13,0,True,Optimization terminated successfully. (HiGHS Status 7: Optimal),766,7.389644451905042e-13
2025-03-22,18,0.036870417001409805,31918.28626091451,144,20,3746,2025-03-02|2025-03-03|2025-03-04|2025-03-05|2025-03-06|2025-03-07|2025-03-08|2025-03-09|2025-03-10|2025-03-11|2025-03-12|2025-03-13|2025-03-14|2025-03-15|2025-03-16|2025-03-17|2025-03-18|2025-03-19|2025-03-20|2025-03-21,2025-03-22 18:00,2025-03-22 18:00,9.094947017729282e-13,7.958078640513122e-13,0,True,Optimization terminated successfully. (HiGHS Status 7: Optimal),851,7.389644451905042e-13
2025-03-23,0,0.039496791001511156,2281.113500652188,144,20,3746,2025-03-03|2025-03-04|2025-03-05|2025-03-06|2025-03-07|2025-03-08|2025-03-09|2025-03-10|2025-03-11|2025-03-12|2025-03-13|2025-03-14|2025-03-15|2025-03-16|2025-03-17|2025-03-18|2025-03-19|2025-03-20|2025-03-21|2025-03-22,2025-03-23 00:00,2025-03-23 00:00,9.094947017729282e-13,1.7053025658242404e-13,0,True,Optimization terminated successfully. (HiGHS Status 7: Optimal),751,1.1368683772161603e-13
2025-03-23,6,0.03587941699879593,9632.881336805624,144,20,3746,2025-03-03|2025-03-04|2025-03-05|2025-03-06|2025-03-07|2025-03-08|2025-03-09|2025-03-10|2025-03-11|2025-03-12|2025-03-13|2025-03-14|2025-03-15|2025-03-16|2025-03-17|2025-03-18|2025-03-19|2025-03-20|2025-03-21|2025-03-22,2025-03-23 06:00,2025-03-23 06:00,9.094947017729282e-13,1.1368683772161603e-13,0,True,Optimization terminated successfully. (HiGHS Status 7: Optimal),794,1.1368683772161603e-13
2025-03-23,12,0.03408420800042222,19734.894087252014,144,20,3746,2025-03-03|2025-03-04|2025-03-05|2025-03-06|2025-03-07|2025-03-08|2025-03-09|2025-03-10|2025-03-11|2025-03-12|2025-03-13|2025-03-14|2025-03-15|2025-03-16|2025-03-17|2025-03-18|2025-03-19|2025-03-20|2025-03-21|2025-03-22,2025-03-23 12:00,2025-03-23 12:00,9.094947017729282e-13,1.1368683772161603e-13,0,True,Optimization terminated successfully. (HiGHS Status 7: Optimal),848,1.1368683772161603e-13
2025-03-23,18,0.03662466700006917,29059.14827967829,144,20,3746,2025-03-03|2025-03-04|2025-03-05|2025-03-06|2025-03-07|2025-03-08|2025-03-09|2025-03-10|2025-03-11|2025-03-12|2025-03-13|2025-03-14|2025-03-15|2025-03-16|2025-03-17|2025-03-18|2025-03-19|2025-03-20|2025-03-21|2025-03-22,2025-03-23 18:00,2025-03-23 18:00,9.094947017729282e-13,1.1368683772161603e-13,0,True,Optimization terminated successfully. (HiGHS Status 7: Optimal),852,1.1368683772161603e-13
2025-03-24,0,0.036811165999097284,2190.0271929849173,144,20,3746,2025-03-04|2025-03-05|2025-03-06|2025-03-07|2025-03-08|2025-03-09|2025-03-10|2025-03-11|2025-03-12|2025-03-13|2025-03-14|2025-03-15|2025-03-16|2025-03-17|2025-03-18|2025-03-19|2025-03-20|2025-03-21|2025-03-22|2025-03-23,2025-03-24 00:00,2025-03-24 00:00,9.094947017729282e-13,2.2737367544323206e-13,0,True,Optimization terminated successfully. (HiGHS Status 7: Optimal),753,1.1368683772161603e-13
2025-03-24,6,0.0355554170000687,11136.568643693468,144,20,3746,2025-03-04|2025-03-05|2025-03-06|2025-03-07|2025-03-08|2025-03-09|2025-03-10|2025-03-11|2025-03-12|2025-03-13|2025-03-14|2025-03-15|2025-03-16|2025-03-17|2025-03-18|2025-03-19|2025-03-20|2025-03-21|2025-03-22|2025-03-23,2025-03-24 06:00,2025-03-24 06:00,8.189005029635155e-13,1.1368683772161603e-13,0,True,Optimization terminated successfully. (HiGHS Status 7: Optimal),874,0.0
2025-03-24,12,0.03660558299998229,21932.765506566808,144,20,3746,2025-03-04|2025-03-05|2025-03-06|2025-03-07|2025-03-08|2025-03-09|2025-03-10|2025-03-11|2025-03-12|2025-03-13|2025-03-14|2025-03-15|2025-03-16|2025-03-17|2025-03-18|2025-03-19|2025-03-20|2025-03-21|2025-03-22|2025-03-23,2025-03-24 12:00,2025-03-24 12:00,8.810729923425242e-13,2.2737367544323206e-13,0,True,Optimization terminated successfully. (HiGHS Status 7: Optimal),883,0.0
2025-03-24,18,0.038145917000292684,30653.97022856907,144,20,3746,2025-03-04|2025-03-05|2025-03-06|2025-03-07|2025-03-08|2025-03-09|2025-03-10|2025-03-11|2025-03-12|2025-03-13|2025-03-14|2025-03-15|2025-03-16|2025-03-17|2025-03-18|2025-03-19|2025-03-20|2025-03-21|2025-03-22|2025-03-23,2025-03-24 18:00,2025-03-24 18:00,9.094947017729282e-13,1.1368683772161603e-13,0,True,Optimization terminated successfully. (HiGHS Status 7: Optimal),852,1.1368683772161603e-13
2025-03-25,0,0.03661629099951824,2340.9669581830867,144,20,3746,2025-03-05|2025-03-06|2025-03-07|2025-03-08|2025-03-09|2025-03-10|2025-03-11|2025-03-12|2025-03-13|2025-03-14|2025-03-15|2025-03-16|2025-03-17|2025-03-18|2025-03-19|2025-03-20|2025-03-21|2025-03-22|2025-03-23|2025-03-24,2025-03-25 00:00,2025-03-25 00:00,9.094947017729282e-13,1.2505552149377763e-12,0,True,Optimization terminated successfully. (HiGHS Status 7: Optimal),761,1.2505552149377763e-12
2025-03-25,6,0.033334833999106195,7621.552960380927,144,20,3746,2025-03-05|2025-03-06|2025-03-07|2025-03-08|2025-03-09|2025-03-10|2025-03-11|2025-03-12|2025-03-13|2025-03-14|2025-03-15|2025-03-16|2025-03-17|2025-03-18|2025-03-19|2025-03-20|2025-03-21|2025-03-22|2025-03-23|2025-03-24,2025-03-25 06:00,2025-03-25 06:00,8.526512829121202e-13,1.1368683772161603e-13,0,True,Optimization terminated successfully. (HiGHS Status 7: Optimal),790,0.0
2025-03-25,12,0.033972999999605236,13791.141284990714,144,20,3746,2025-03-05|2025-03-06|2025-03-07|2025-03-08|2025-03-09|2025-03-10|2025-03-11|2025-03-12|2025-03-13|2025-03-14|2025-03-15|2025-03-16|2025-03-17|2025-03-18|2025-03-19|2025-03-20|2025-03-21|2025-03-22|2025-03-23|2025-03-24,2025-03-25 12:00,2025-03-25 12:00,8.810729923425242e-13,1.1368683772161603e-13,0,True,Optimization terminated successfully. (HiGHS Status 7: Optimal),851,0.0
2025-03-25,18,0.03498679200129118,21260.81466587299,144,20,3746,2025-03-05|2025-03-06|2025-03-07|2025-03-08|2025-03-09|2025-03-10|2025-03-11|2025-03-12|2025-03-13|2025-03-14|2025-03-15|2025-03-16|2025-03-17|2025-03-18|2025-03-19|2025-03-20|2025-03-21|2025-03-22|2025-03-23|2025-03-24,2025-03-25 18:00,2025-03-25 18:00,8.668621376273222e-13,1.2505552149377763e-12,0,True,Optimization terminated successfully. (HiGHS Status 7: Optimal),813,1.2505552149377763e-12
2025-03-26,0,0.03437237500111223,1857.9878846095671,144,20,3746,2025-03-06|2025-03-07|2025-03-08|2025-03-09|2025-03-10|2025-03-11|2025-03-12|2025-03-13|2025-03-14|2025-03-15|2025-03-16|2025-03-17|2025-03-18|2025-03-19|2025-03-20|2025-03-21|2025-03-22|2025-03-23|2025-03-24|2025-03-25,2025-03-26 00:00,2025-03-26 00:00,9.094947017729282e-13,4.547473508864641e-13,0,True,Optimization terminated successfully. (HiGHS Status 7: Optimal),735,4.263256414560601e-13
2025-03-26,6,0.03606625000065833,11331.474989462204,144,20,3746,2025-03-06|2025-03-07|2025-03-08|2025-03-09|2025-03-10|2025-03-11|2025-03-12|2025-03-13|2025-03-14|2025-03-15|2025-03-16|2025-03-17|2025-03-18|2025-03-19|2025-03-20|2025-03-21|2025-03-22|2025-03-23|2025-03-24|2025-03-25,2025-03-26 06:00,2025-03-26 06:00,9.094947017729282e-13,2.2737367544323206e-13,0,True,Optimization terminated successfully. (HiGHS Status 7: Optimal),888,2.2737367544323206e-13
2025-03-26,12,0.03258016700056032,14042.761417388398,144,20,3746,2025-03-06|2025-03-07|2025-03-08|2025-03-09|2025-03-10|2025-03-11|2025-03-12|2025-03-13|2025-03-14|2025-03-15|2025-03-16|2025-03-17|2025-03-18|2025-03-19|2025-03-20|2025-03-21|2025-03-22|2025-03-23|2025-03-24|2025-03-25,2025-03-26 12:00,2025-03-26 12:00,9.094947017729282e-13,2.2737367544323206e-13,0,True,Optimization terminated successfully. (HiGHS Status 7: Optimal),819,2.2737367544323206e-13
2025-03-26,18,0.03419962500083784,25218.95260541533,144,20,3746,2025-03-06|2025-03-07|2025-03-08|2025-03-09|2025-03-10|2025-03-11|2025-03-12|2025-03-13|2025-03-14|2025-03-15|2025-03-16|2025-03-17|2025-03-18|2025-03-19|2025-03-20|2025-03-21|2025-03-22|2025-03-23|2025-03-24|2025-03-25,2025-03-26 18:00,2025-03-26 18:00,9.094947017729282e-13,2.2737367544323206e-13,0,True,Optimization terminated successfully. (HiGHS Status 7: Optimal),839,2.2737367544323206e-13
2025-03-27,0,0.03605299999981071,2166.6397459875902,144,20,3746,2025-03-07|2025-03-08|2025-03-09|2025-03-10|2025-03-11|2025-03-12|2025-03-13|2025-03-14|2025-03-15|2025-03-16|2025-03-17|2025-03-18|2025-03-19|2025-03-20|2025-03-21|2025-03-22|2025-03-23|2025-03-24|2025-03-25|2025-03-26,2025-03-27 00:00,2025-03-27 00:00,8.411049634560186e-13,5.684341886080801e-13,0,True,Optimization terminated successfully. (HiGHS Status 7: Optimal),750,5.684341886080801e-13
2025-03-27,6,0.037270666000040364,8651.880768285906,144,20,3746,2025-03-07|2025-03-08|2025-03-09|2025-03-10|2025-03-11|2025-03-12|2025-03-13|2025-03-14|2025-03-15|2025-03-16|2025-03-17|2025-03-18|2025-03-19|2025-03-20|2025-03-21|2025-03-22|2025-03-23|2025-03-24|2025-03-25|2025-03-26,2025-03-27 06:00,2025-03-27 06:00,8.073541835074138e-13,1.1368683772161603e-13,0,True,Optimization terminated successfully. (HiGHS Status 7: Optimal),877,2.2737367544323206e-13
2025-03-27,12,0.03153112499967392,6489.441632191278,144,20,3746,2025-03-07|2025-03-08|2025-03-09|2025-03-10|2025-03-11|2025-03-12|2025-03-13|2025-03-14|2025-03-15|2025-03-16|2025-03-17|2025-03-18|2025-03-19|2025-03-20|2025-03-21|2025-03-22|2025-03-23|2025-03-24|2025-03-25|2025-03-26,2025-03-27 12:00,2025-03-27 12:00,8.881784197001252e-13,5.684341886080801e-13,0,True,Optimization terminated successfully. (HiGHS Status 7: Optimal),728,5.684341886080801e-13
2025-03-27,18,0.03144774999964284,8134.666006500925,144,20,3746,2025-03-07|2025-03-08|2025-03-09|2025-03-10|2025-03-11|2025-03-12|2025-03-13|2025-03-14|2025-03-15|2025-03-16|2025-03-17|2025-03-18|2025-03-19|2025-03-20|2025-03-21|2025-03-22|2025-03-23|2025-03-24|2025-03-25|2025-03-26,2025-03-27 18:00,2025-03-27 18:00,9.094947017729282e-13,5.684341886080801e-13,0,True,Optimization terminated successfully. (HiGHS Status 7: Optimal),627,5.684341886080801e-13
2025-03-28,0,0.03131616700011364,759.3405254240004,144,20,3746,2025-03-08|2025-03-09|2025-03-10|2025-03-11|2025-03-12|2025-03-13|2025-03-14|2025-03-15|2025-03-16|2025-03-17|2025-03-18|2025-03-19|2025-03-20|2025-03-21|2025-03-22|2025-03-23|2025-03-24|2025-03-25|2025-03-26|2025-03-27,2025-03-28 00:00,2025-03-28 00:00,8.810729923425242e-13,1.1368683772161603e-13,0,True,Optimization terminated successfully. (HiGHS Status 7: Optimal),594,1.1368683772161603e-13
2025-03-28,6,0.03125358299985237,7420.628570986576,144,20,3746,2025-03-08|2025-03-09|2025-03-10|2025-03-11|2025-03-12|2025-03-13|2025-03-14|2025-03-15|2025-03-16|2025-03-17|2025-03-18|2025-03-19|2025-03-20|2025-03-21|2025-03-22|2025-03-23|2025-03-24|2025-03-25|2025-03-26|2025-03-27,2025-03-28 06:00,2025-03-28 06:00,8.100187187665142e-13,5.684341886080802e-14,0,True,Optimization terminated successfully. (HiGHS Status 7: Optimal),619,1.1368683772161603e-13
2025-03-28,12,0.030218750000130967,6817.161226048667,144,20,3746,2025-03-08|2025-03-09|2025-03-10|2025-03-11|2025-03-12|2025-03-13|2025-03-14|2025-03-15|2025-03-16|2025-03-17|2025-03-18|2025-03-19|2025-03-20|2025-03-21|2025-03-22|2025-03-23|2025-03-24|2025-03-25|2025-03-26|2025-03-27,2025-03-28 12:00,2025-03-28 12:00,8.810729923425242e-13,5.684341886080802e-14,0,True,Optimization terminated successfully. (HiGHS Status 7: Optimal),635,1.1368683772161603e-13
2025-03-28,18,0.03020641700095439,7634.600746559941,144,20,3746,2025-03-08|2025-03-09|2025-03-10|2025-03-11|2025-03-12|2025-03-13|2025-03-14|2025-03-15|2025-03-16|2025-03-17|2025-03-18|2025-03-19|2025-03-20|2025-03-21|2025-03-22|2025-03-23|2025-03-24|2025-03-25|2025-03-26|2025-03-27,2025-03-28 18:00,2025-03-28 18:00,8.668621376273222e-13,5.684341886080802e-14,0,True,Optimization terminated successfully. (HiGHS Status 7: Optimal),612,1.1368683772161603e-13
2025-03-29,0,0.030050500001379987,680.1690532795863,144,20,3746,2025-03-09|2025-03-10|2025-03-11|2025-03-12|2025-03-13|2025-03-14|2025-03-15|2025-03-16|2025-03-17|2025-03-18|2025-03-19|2025-03-20|2025-03-21|2025-03-22|2025-03-23|2025-03-24|2025-03-25|2025-03-26|2025-03-27|2025-03-28,2025-03-29 00:00,2025-03-29 00:00,7.958078640513122e-13,5.684341886080802e-14,0,True,Optimization terminated successfully. (HiGHS Status 7: Optimal),575,1.1368683772161603e-13
2025-03-29,6,0.03135724999992817,10698.57191401279,144,20,3746,2025-03-09|2025-03-10|2025-03-11|2025-03-12|2025-03-13|2025-03-14|2025-03-15|2025-03-16|2025-03-17|2025-03-18|2025-03-19|2025-03-20|2025-03-21|2025-03-22|2025-03-23|2025-03-24|2025-03-25|2025-03-26|2025-03-27|2025-03-28,2025-03-29 06:00,2025-03-29 06:00,8.526512829121202e-13,2.2737367544323206e-13,0,True,Optimization terminated successfully. (HiGHS Status 7: Optimal),653,1.1368683772161603e-13
2025-03-29,12,0.03503541700047208,13889.858399650893,144,20,3746,2025-03-09|2025-03-10|2025-03-11|2025-03-12|2025-03-13|2025-03-14|2025-03-15|2025-03-16|2025-03-17|2025-03-18|2025-03-19|2025-03-20|2025-03-21|2025-03-22|2025-03-23|2025-03-24|2025-03-25|2025-03-26|2025-03-27|2025-03-28,2025-03-29 12:00,2025-03-29 12:00,8.881784197001252e-13,2.2737367544323206e-13,0,True,Optimization terminated successfully. (HiGHS Status 7: Optimal),771,1.1368683772161603e-13
2025-03-29,18,0.03617216699967685,22324.100438349324,144,20,3746,2025-03-09|2025-03-10|2025-03-11|2025-03-12|2025-03-13|2025-03-14|2025-03-15|2025-03-16|2025-03-17|2025-03-18|2025-03-19|2025-03-20|2025-03-21|2025-03-22|2025-03-23|2025-03-24|2025-03-25|2025-03-26|2025-03-27|2025-03-28,2025-03-29 18:00,2025-03-29 18:00,8.810729923425242e-13,1.1368683772161603e-13,0,True,Optimization terminated successfully. (HiGHS Status 7: Optimal),827,1.1368683772161603e-13
2025-03-30,0,0.03526933299872326,2032.5055866045966,144,20,3746,2025-03-10|2025-03-11|2025-03-12|2025-03-13|2025-03-14|2025-03-15|2025-03-16|2025-03-17|2025-03-18|2025-03-19|2025-03-20|2025-03-21|2025-03-22|2025-03-23|2025-03-24|2025-03-25|2025-03-26|2025-03-27|2025-03-28|2025-03-29,2025-03-30 00:00,2025-03-30 00:00,8.526512829121202e-13,6.821210263296962e-13,0,True,Optimization terminated successfully. (HiGHS Status 7: Optimal),754,6.821210263296962e-13
2025-03-30,6,0.03348924999954761,8606.997722124459,144,20,3746,2025-03-10|2025-03-11|2025-03-12|2025-03-13|2025-03-14|2025-03-15|2025-03-16|2025-03-17|2025-03-18|2025-03-19|2025-03-20|2025-03-21|2025-03-22|2025-03-23|2025-03-24|2025-03-25|2025-03-26|2025-03-27|2025-03-28|2025-03-29,2025-03-30 06:00,2025-03-30 06:00,9.094947017729282e-13,1.1368683772161603e-13,0,True,Optimization terminated successfully. (HiGHS Status 7: Optimal),793,0.0
2025-03-30,12,0.03171074999954726,26163.07873796143,144,20,3746,2025-03-10|2025-03-11|2025-03-12|2025-03-13|2025-03-14|2025-03-15|2025-03-16|2025-03-17|2025-03-18|2025-03-19|2025-03-20|2025-03-21|2025-03-22|2025-03-23|2025-03-24|2025-03-25|2025-03-26|2025-03-27|2025-03-28|2025-03-29,2025-03-30 12:00,2025-03-30 12:00,9.094947017729282e-13,6.821210263296962e-13,0,True,Optimization terminated successfully. (HiGHS Status 7: Optimal),830,6.821210263296962e-13
2025-03-30,18,0.034752165998725104,25861.086797452495,144,20,3746,2025-03-10|2025-03-11|2025-03-12|2025-03-13|2025-03-14|2025-03-15|2025-03-16|2025-03-17|2025-03-18|2025-03-19|2025-03-20|2025-03-21|2025-03-22|2025-03-23|2025-03-24|2025-03-25|2025-03-26|2025-03-27|2025-03-28|2025-03-29,2025-03-30 18:00,2025-03-30 18:00,8.668621376273222e-13,6.821210263296962e-13,0,True,Optimization terminated successfully. (HiGHS Status 7: Optimal),843,6.821210263296962e-13
2025-03-31,0,0.0346984589996282,1801.6005226760278,144,20,3746,2025-03-11|2025-03-12|2025-03-13|2025-03-14|2025-03-15|2025-03-16|2025-03-17|2025-03-18|2025-03-19|2025-03-20|2025-03-21|2025-03-22|2025-03-23|2025-03-24|2025-03-25|2025-03-26|2025-03-27|2025-03-28|2025-03-29|2025-03-30,2025-03-31 00:00,2025-03-31 00:00,9.094947017729282e-13,9.094947017729282e-13,0,True,Optimization terminated successfully. (HiGHS Status 7: Optimal),714,9.094947017729282e-13
2025-03-31,6,0.04249983299996529,18097.049435782235,144,20,3746,2025-03-11|2025-03-12|2025-03-13|2025-03-14|2025-03-15|2025-03-16|2025-03-17|2025-03-18|2025-03-19|2025-03-20|2025-03-21|2025-03-22|2025-03-23|2025-03-24|2025-03-25|2025-03-26|2025-03-27|2025-03-28|2025-03-29|2025-03-30,2025-03-31 06:00,2025-03-31 06:00,8.57980353430321e-13,1.1368683772161603e-13,0,True,Optimization terminated successfully. (HiGHS Status 7: Optimal),1008,1.1368683772161603e-13
2025-03-31,12,0.03457704200081935,13672.546019272473,144,20,3746,2025-03-11|2025-03-12|2025-03-13|2025-03-14|2025-03-15|2025-03-16|2025-03-17|2025-03-18|2025-03-19|2025-03-20|2025-03-21|2025-03-22|2025-03-23|2025-03-24|2025-03-25|2025-03-26|2025-03-27|2025-03-28|2025-03-29|2025-03-30,2025-03-31 12:00,2025-03-31 12:00,8.597567102697212e-13,1.1368683772161603e-13,0,True,Optimization terminated successfully. (HiGHS Status 7: Optimal),840,1.1368683772161603e-13
2025-03-31,18,0.03672116699999606,21198.78550481792,144,20,3746,2025-03-11|2025-03-12|2025-03-13|2025-03-14|2025-03-15|2025-03-16|2025-03-17|2025-03-18|2025-03-19|2025-03-20|2025-03-21|2025-03-22|2025-03-23|2025-03-24|2025-03-25|2025-03-26|2025-03-27|2025-03-28|2025-03-29|2025-03-30,2025-03-31 18:00,2025-03-31 18:00,7.815970093361102e-13,1.1368683772161603e-13,0,True,Optimization terminated successfully. (HiGHS Status 7: Optimal),832,1.1368683772161603e-13
2025-04-01,0,0.03647279200049525,1917.6920960902944,144,20,3746,2025-03-12|2025-03-13|2025-03-14|2025-03-15|2025-03-16|2025-03-17|2025-03-18|2025-03-19|2025-03-20|2025-03-21|2025-03-22|2025-03-23|2025-03-24|2025-03-25|2025-03-26|2025-03-27|2025-03-28|2025-03-29|2025-03-30|2025-03-31,2025-04-01 00:00,2025-04-01 00:00,9.094947017729282e-13,6.821210263296962e-13,0,True,Optimization terminated successfully. (HiGHS Status 7: Optimal),767,5.684341886080801e-13
2025-04-01,6,0.036509457999272854,10852.954148921812,144,20,3746,2025-03-12|2025-03-13|2025-03-14|2025-03-15|2025-03-16|2025-03-17|2025-03-18|2025-03-19|2025-03-20|2025-03-21|2025-03-22|2025-03-23|2025-03-24|2025-03-25|2025-03-26|2025-03-27|2025-03-28|2025-03-29|2025-03-30|2025-03-31,2025-04-01 06:00,2025-04-01 06:00,8.242295734817162e-13,2.2737367544323206e-13,0,True,Optimization terminated successfully. (HiGHS Status 7: Optimal),887,2.2737367544323206e-13
2025-04-01,12,0.033922041999176145,15822.138928163495,144,20,3746,2025-03-12|2025-03-13|2025-03-14|2025-03-15|2025-03-16|2025-03-17|2025-03-18|2025-03-19|2025-03-20|2025-03-21|2025-03-22|2025-03-23|2025-03-24|2025-03-25|2025-03-26|2025-03-27|2025-03-28|2025-03-29|2025-03-30|2025-03-31,2025-04-01 12:00,2025-04-01 12:00,9.094947017729282e-13,2.2737367544323206e-13,0,True,Optimization terminated successfully. (HiGHS Status 7: Optimal),824,2.2737367544323206e-13
2025-04-01,18,0.03452225000000908,39931.72472251509,144,20,3746,2025-03-12|2025-03-13|2025-03-14|2025-03-15|2025-03-16|2025-03-17|2025-03-18|2025-03-19|2025-03-20|2025-03-21|2025-03-22|2025-03-23|2025-03-24|2025-03-25|2025-03-26|2025-03-27|2025-03-28|2025-03-29|2025-03-30|2025-03-31,2025-04-01 18:00,2025-04-01 18:00,1.0231815394945443e-12,2.2737367544323206e-13,0,True,Optimization terminated successfully. (HiGHS Status 7: Optimal),852,2.2737367544323206e-13
2025-04-02,0,0.035890124998331885,1762.9484286143384,144,20,3746,2025-03-13|2025-03-14|2025-03-15|2025-03-16|2025-03-17|2025-03-18|2025-03-19|2025-03-20|2025-03-21|2025-03-22|2025-03-23|2025-03-24|2025-03-25|2025-03-26|2025-03-27|2025-03-28|2025-03-29|2025-03-30|2025-03-31|2025-04-01,2025-04-02 00:00,2025-04-02 00:00,7.958078640513122e-13,1.1368683772161603e-13,0,True,Optimization terminated successfully. (HiGHS Status 7: Optimal),737,2.2737367544323206e-13
2025-04-02,6,0.03748470800019277,12005.00305031611,144,20,3746,2025-03-13|2025-03-14|2025-03-15|2025-03-16|2025-03-17|2025-03-18|2025-03-19|2025-03-20|2025-03-21|2025-03-22|2025-03-23|2025-03-24|2025-03-25|2025-03-26|2025-03-27|2025-03-28|2025-03-29|2025-03-30|2025-03-31|2025-04-01,2025-04-02 06:00,2025-04-02 06:00,9.094947017729282e-13,1.1368683772161603e-13,0,True,Optimization terminated successfully. (HiGHS Status 7: Optimal),932,2.2737367544323206e-13
2025-04-02,12,0.03327170900047349,14882.080198759588,144,20,3746,2025-03-13|2025-03-14|2025-03-15|2025-03-16|2025-03-17|2025-03-18|2025-03-19|2025-03-20|2025-03-21|2025-03-22|2025-03-23|2025-03-24|2025-03-25|2025-03-26|2025-03-27|2025-03-28|2025-03-29|2025-03-30|2025-03-31|2025-04-01,2025-04-02 12:00,2025-04-02 12:00,9.094947017729282e-13,1.1368683772161603e-13,0,True,Optimization terminated successfully. (HiGHS Status 7: Optimal),835,2.2737367544323206e-13
2025-04-02,18,0.03593691599962767,22905.963867011895,144,20,3746,2025-03-13|2025-03-14|2025-03-15|2025-03-16|2025-03-17|2025-03-18|2025-03-19|2025-03-20|2025-03-21|2025-03-22|2025-03-23|2025-03-24|2025-03-25|2025-03-26|2025-03-27|2025-03-28|2025-03-29|2025-03-30|2025-03-31|2025-04-01,2025-04-02 18:00,2025-04-02 18:00,1.0231815394945443e-12,2.2737367544323206e-13,0,True,Optimization terminated successfully. (HiGHS Status 7: Optimal),825,2.2737367544323206e-13
2025-04-03,0,0.03554858299867192,1677.8471602861619,144,20,3746,2025-03-14|2025-03-15|2025-03-16|2025-03-17|2025-03-18|2025-03-19|2025-03-20|2025-03-21|2025-03-22|2025-03-23|2025-03-24|2025-03-25|2025-03-26|2025-03-27|2025-03-28|2025-03-29|2025-03-30|2025-03-31|2025-04-01|2025-04-02,2025-04-03 00:00,2025-04-03 00:00,9.094947017729282e-13,6.536993168992922e-13,0,True,Optimization terminated successfully. (HiGHS Status 7: Optimal),738,6.536993168992922e-13
2025-04-03,6,0.03250458299953607,6167.335680841007,144,20,3746,2025-03-14|2025-03-15|2025-03-16|2025-03-17|2025-03-18|2025-03-19|2025-03-20|2025-03-21|2025-03-22|2025-03-23|2025-03-24|2025-03-25|2025-03-26|2025-03-27|2025-03-28|2025-03-29|2025-03-30|2025-03-31|2025-04-01|2025-04-02,2025-04-03 06:00,2025-04-03 06:00,9.094947017729282e-13,2.2737367544323206e-13,0,True,Optimization terminated successfully. (HiGHS Status 7: Optimal),743,2.2737367544323206e-13
2025-04-03,12,0.028650624999499996,5860.834000122819,144,20,3746,2025-03-14|2025-03-15|2025-03-16|2025-03-17|2025-03-18|2025-03-19|2025-03-20|2025-03-21|2025-03-22|2025-03-23|2025-03-24|2025-03-25|2025-03-26|2025-03-27|2025-03-28|2025-03-29|2025-03-30|2025-03-31|2025-04-01|2025-04-02,2025-04-03 12:00,2025-04-03 12:00,8.526512829121202e-13,2.2737367544323206e-13,0,True,Optimization terminated successfully. (HiGHS Status 7: Optimal),712,2.2737367544323206e-13
2025-04-03,18,0.026428041999679408,6516.13713873596,144,20,3746,2025-03-14|2025-03-15|2025-03-16|2025-03-17|2025-03-18|2025-03-19|2025-03-20|2025-03-21|2025-03-22|2025-03-23|2025-03-24|2025-03-25|2025-03-26|2025-03-27|2025-03-28|2025-03-29|2025-03-30|2025-03-31|2025-04-01|2025-04-02,2025-04-03 18:00,2025-04-03 18:00,7.105427357601002e-13,2.2737367544323206e-13,0,True,Optimization terminated successfully. (HiGHS Status 7: Optimal),575,2.2737367544323206e-13
2025-04-04,0,0.030474999999569263,682.94227829647,144,20,3746,2025-03-15|2025-03-16|2025-03-17|2025-03-18|2025-03-19|2025-03-20|2025-03-21|2025-03-22|2025-03-23|2025-03-24|2025-03-25|2025-03-26|2025-03-27|2025-03-28|2025-03-29|2025-03-30|2025-03-31|2025-04-01|2025-04-02|2025-04-03,2025-04-04 00:00,2025-04-04 00:00,9.094947017729282e-13,1.8758328224066645e-12,0,True,Optimization terminated successfully. (HiGHS Status 7: Optimal),569,1.8758328224066645e-12
2025-04-04,6,0.029209582999101258,7380.168036346568,144,20,3746,2025-03-15|2025-03-16|2025-03-17|2025-03-18|2025-03-19|2025-03-20|2025-03-21|2025-03-22|2025-03-23|2025-03-24|2025-03-25|2025-03-26|2025-03-27|2025-03-28|2025-03-29|2025-03-30|2025-03-31|2025-04-01|2025-04-02|2025-04-03,2025-04-04 06:00,2025-04-04 06:00,9.094947017729282e-13,2.2737367544323206e-13,0,True,Optimization terminated successfully. (HiGHS Status 7: Optimal),589,2.8421709430404007e-13
2025-04-04,12,0.03633799999988696,10352.73754601663,144,20,3746,2025-03-15|2025-03-16|2025-03-17|2025-03-18|2025-03-19|2025-03-20|2025-03-21|2025-03-22|2025-03-23|2025-03-24|2025-03-25|2025-03-26|2025-03-27|2025-03-28|2025-03-29|2025-03-30|2025-03-31|2025-04-01|2025-04-02|2025-04-03,2025-04-04 12:00,2025-04-04 12:00,9.094947017729282e-13,2.2737367544323206e-13,0,True,Optimization terminated successfully. (HiGHS Status 7: Optimal),731,2.8421709430404007e-13
2025-04-04,18,0.03835283300031733,8783.582329782204,144,20,3746,2025-03-15|2025-03-16|2025-03-17|2025-03-18|2025-03-19|2025-03-20|2025-03-21|2025-03-22|2025-03-23|2025-03-24|2025-03-25|2025-03-26|2025-03-27|2025-03-28|2025-03-29|2025-03-30|2025-03-31|2025-04-01|2025-04-02|2025-04-03,2025-04-04 18:00,2025-04-04 18:00,8.952838470577262e-13,2.2737367544323206e-13,0,True,Optimization terminated successfully. (HiGHS Status 7: Optimal),725,2.8421709430404007e-13
2025-04-05,0,0.030504791999192093,673.1521305762553,144,20,3746,2025-03-16|2025-03-17|2025-03-18|2025-03-19|2025-03-20|2025-03-21|2025-03-22|2025-03-23|2025-03-24|2025-03-25|2025-03-26|2025-03-27|2025-03-28|2025-03-29|2025-03-30|2025-03-31|2025-04-01|2025-04-02|2025-04-03|2025-04-04,2025-04-05 00:00,2025-04-05 00:00,8.526512829121202e-13,9.663381206337363e-13,0,True,Optimization terminated successfully. (HiGHS Status 7: Optimal),571,9.592326932761353e-13
2025-04-05,6,0.03165933300078905,10303.762978456141,144,20,3746,2025-03-16|2025-03-17|2025-03-18|2025-03-19|2025-03-20|2025-03-21|2025-03-22|2025-03-23|2025-03-24|2025-03-25|2025-03-26|2025-03-27|2025-03-28|2025-03-29|2025-03-30|2025-03-31|2025-04-01|2025-04-02|2025-04-03|2025-04-04,2025-04-05 06:00,2025-04-05 06:00,7.673861546209082e-13,5.684341886080802e-14,0,True,Optimization terminated successfully. (HiGHS Status 7: Optimal),656,1.1368683772161603e-13
2025-04-05,12,0.0324639999998908,30987.44768270221,144,20,3746,2025-03-16|2025-03-17|2025-03-18|2025-03-19|2025-03-20|2025-03-21|2025-03-22|2025-03-23|2025-03-24|2025-03-25|2025-03-26|2025-03-27|2025-03-28|2025-03-29|2025-03-30|2025-03-31|2025-04-01|2025-04-02|2025-04-03|2025-04-04,2025-04-05 12:00,2025-04-05 12:00,9.094947017729282e-13,5.684341886080802e-14,0,True,Optimization terminated successfully. (HiGHS Status 7: Optimal),789,1.1368683772161603e-13
2025-04-05,18,0.035655458999826806,23909.83846707736,144,20,3746,2025-03-16|2025-03-17|2025-03-18|2025-03-19|2025-03-20|2025-03-21|2025-03-22|2025-03-23|2025-03-24|2025-03-25|2025-03-26|2025-03-27|2025-03-28|2025-03-29|2025-03-30|2025-03-31|2025-04-01|2025-04-02|2025-04-03|2025-04-04,2025-04-05 18:00,2025-04-05 18:00,9.094947017729282e-13,1.1368683772161603e-13,0,True,Optimization terminated successfully. (HiGHS Status 7: Optimal),828,1.1368683772161603e-13
2025-04-06,0,0.035779707999608945,2156.700326221881,144,20,3746,2025-03-17|2025-03-18|2025-03-19|2025-03-20|2025-03-21|2025-03-22|2025-03-23|2025-03-24|2025-03-25|2025-03-26|2025-03-27|2025-03-28|2025-03-29|2025-03-30|2025-03-31|2025-04-01|2025-04-02|2025-04-03|2025-04-04|2025-04-05,2025-04-06 00:00,2025-04-06 00:00,7.958078640513122e-13,4.547473508864641e-13,0,True,Optimization terminated successfully. (HiGHS Status 7: Optimal),756,4.547473508864641e-13
2025-04-06,6,0.033641709000221454,9788.32313644941,144,20,3746,2025-03-17|2025-03-18|2025-03-19|2025-03-20|2025-03-21|2025-03-22|2025-03-23|2025-03-24|2025-03-25|2025-03-26|2025-03-27|2025-03-28|2025-03-29|2025-03-30|2025-03-31|2025-04-01|2025-04-02|2025-04-03|2025-04-04|2025-04-05,2025-04-06 06:00,2025-04-06 06:00,9.094947017729282e-13,2.2737367544323206e-13,0,True,Optimization terminated successfully. (HiGHS Status 7: Optimal),800,2.2737367544323206e-13
2025-04-06,12,0.03529687499940337,14913.855419380106,144,20,3746,2025-03-17|2025-03-18|2025-03-19|2025-03-20|2025-03-21|2025-03-22|2025-03-23|2025-03-24|2025-03-25|2025-03-26|2025-03-27|2025-03-28|2025-03-29|2025-03-30|2025-03-31|2025-04-01|2025-04-02|2025-04-03|2025-04-04|2025-04-05,2025-04-06 12:00,2025-04-06 12:00,9.094947017729282e-13,1.1368683772161603e-13,0,True,Optimization terminated successfully. (HiGHS Status 7: Optimal),874,2.2737367544323206e-13
2025-04-06,18,0.035020666999116656,20663.77557501097,144,20,3746,2025-03-17|2025-03-18|2025-03-19|2025-03-20|2025-03-21|2025-03-22|2025-03-23|2025-03-24|2025-03-25|2025-03-26|2025-03-27|2025-03-28|2025-03-29|2025-03-30|2025-03-31|2025-04-01|2025-04-02|2025-04-03|2025-04-04|2025-04-05,2025-04-06 18:00,2025-04-06 18:00,9.094947017729282e-13,5.684341886080802e-14,0,True,Optimization terminated successfully. (HiGHS Status 7: Optimal),817,2.2737367544323206e-13
2025-04-07,0,0.033810041000833735,1512.703134794433,144,20,3746,2025-03-18|2025-03-19|2025-03-20|2025-03-21|2025-03-22|2025-03-23|2025-03-24|2025-03-25|2025-03-26|2025-03-27|2025-03-28|2025-03-29|2025-03-30|2025-03-31|2025-04-01|2025-04-02|2025-04-03|2025-04-04|2025-04-05|2025-04-06,2025-04-07 00:00,2025-04-07 00:00,8.064660050877137e-13,1.2505552149377763e-12,0,True,Optimization terminated successfully. (HiGHS Status 7: Optimal),696,1.2505552149377763e-12
2025-04-07,6,0.03905516700069711,13479.12411697468,144,20,3746,2025-03-18|2025-03-19|2025-03-20|2025-03-21|2025-03-22|2025-03-23|2025-03-24|2025-03-25|2025-03-26|2025-03-27|2025-03-28|2025-03-29|2025-03-30|2025-03-31|2025-04-01|2025-04-02|2025-04-03|2025-04-04|2025-04-05|2025-04-06,2025-04-07 06:00,2025-04-07 06:00,1.0231815394945443e-12,1.1368683772161603e-13,0,True,Optimization terminated successfully. (HiGHS Status 7: Optimal),923,1.1368683772161603e-13
2025-04-07,12,0.03697579199979373,23809.782605695425,144,20,3746,2025-03-18|2025-03-19|2025-03-20|2025-03-21|2025-03-22|2025-03-23|2025-03-24|2025-03-25|2025-03-26|2025-03-27|2025-03-28|2025-03-29|2025-03-30|2025-03-31|2025-04-01|2025-04-02|2025-04-03|2025-04-04|2025-04-05|2025-04-06,2025-04-07 12:00,2025-04-07 12:00,1.0231815394945443e-12,1.1368683772161603e-13,0,True,Optimization terminated successfully. (HiGHS Status 7: Optimal),911,1.1368683772161603e-13
2025-04-07,18,0.03473008399851096,22728.374626833433,144,20,3746,2025-03-18|2025-03-19|2025-03-20|2025-03-21|2025-03-22|2025-03-23|2025-03-24|2025-03-25|2025-03-26|2025-03-27|2025-03-28|2025-03-29|2025-03-30|2025-03-31|2025-04-01|2025-04-02|2025-04-03|2025-04-04|2025-04-05|2025-04-06,2025-04-07 18:00,2025-04-07 18:00,9.094947017729282e-13,1.1368683772161603e-13,0,True,Optimization terminated successfully. (HiGHS Status 7: Optimal),825,1.1368683772161603e-13
2025-04-08,0,0.03274287500062201,1875.379587372284,144,20,3746,2025-03-19|2025-03-20|2025-03-21|2025-03-22|2025-03-23|2025-03-24|2025-03-25|2025-03-26|2025-03-27|2025-03-28|2025-03-29|2025-03-30|2025-03-31|2025-04-01|2025-04-02|2025-04-03|2025-04-04|2025-04-05|2025-04-06|2025-04-07,2025-04-08 00:00,2025-04-08 00:00,6.821210263296962e-13,1.2505552149377763e-12,0,True,Optimization terminated successfully. (HiGHS Status 7: Optimal),733,1.2505552149377763e-12
2025-04-08,6,0.034327249999478227,9563.953691539635,144,20,3746,2025-03-19|2025-03-20|2025-03-21|2025-03-22|2025-03-23|2025-03-24|2025-03-25|2025-03-26|2025-03-27|2025-03-28|2025-03-29|2025-03-30|2025-03-31|2025-04-01|2025-04-02|2025-04-03|2025-04-04|2025-04-05|2025-04-06|2025-04-07,2025-04-08 06:00,2025-04-08 06:00,8.100187187665142e-13,1.1368683772161603e-13,0,True,Optimization terminated successfully. (HiGHS Status 7: Optimal),816,1.1368683772161603e-13
2025-04-08,12,0.03408308399957605,17283.930170422904,144,20,3746,2025-03-19|2025-03-20|2025-03-21|2025-03-22|2025-03-23|2025-03-24|2025-03-25|2025-03-26|2025-03-27|2025-03-28|2025-03-29|2025-03-30|2025-03-31|2025-04-01|2025-04-02|2025-04-03|2025-04-04|2025-04-05|2025-04-06|2025-04-07,2025-04-08 12:00,2025-04-08 12:00,9.094947017729282e-13,2.2737367544323206e-13,0,True,Optimization terminated successfully. (HiGHS Status 7: Optimal),850,1.1368683772161603e-13
2025-04-08,18,0.03539024999918183,26418.53341165746,144,20,3746,2025-03-19|2025-03-20|2025-03-21|2025-03-22|2025-03-23|2025-03-24|2025-03-25|2025-03-26|2025-03-27|2025-03-28|2025-03-29|2025-03-30|2025-03-31|2025-04-01|2025-04-02|2025-04-03|2025-04-04|2025-04-05|2025-04-06|2025-04-07,2025-04-08 18:00,2025-04-08 18:00,9.094947017729282e-13,1.1368683772161603e-13,0,True,Optimization terminated successfully. (HiGHS Status 7: Optimal),848,1.1368683772161603e-13
2025-04-09,0,0.03431720800108451,2036.721771663924,144,20,3746,2025-03-20|2025-03-21|2025-03-22|2025-03-23|2025-03-24|2025-03-25|2025-03-26|2025-03-27|2025-03-28|2025-03-29|2025-03-30|2025-03-31|2025-04-01|2025-04-02|2025-04-03|2025-04-04|2025-04-05|2025-04-06|2025-04-07|2025-04-08,2025-04-09 00:00,2025-04-09 00:00,9.094947017729282e-13,7.958078640513122e-13,0,True,Optimization terminated successfully. (HiGHS Status 7: Optimal),717,7.958078640513122e-13
2025-04-09,6,0.04187979099879158,12514.121088978325,144,20,3746,2025-03-20|2025-03-21|2025-03-22|2025-03-23|2025-03-24|2025-03-25|2025-03-26|2025-03-27|2025-03-28|2025-03-29|2025-03-30|2025-03-31|2025-04-01|2025-04-02|2025-04-03|2025-04-04|2025-04-05|2025-04-06|2025-04-07|2025-04-08,2025-04-09 06:00,2025-04-09 06:00,8.952838470577262e-13,1.1368683772161603e-13,0,True,Optimization terminated successfully. (HiGHS Status 7: Optimal),978,1.1368683772161603e-13
2025-04-09,12,0.03321150000010675,28993.4997658265,144,20,3746,2025-03-20|2025-03-21|2025-03-22|2025-03-23|2025-03-24|2025-03-25|2025-03-26|2025-03-27|2025-03-28|2025-03-29|2025-03-30|2025-03-31|2025-04-01|2025-04-02|2025-04-03|2025-04-04|2025-04-05|2025-04-06|2025-04-07|2025-04-08,2025-04-09 12:00,2025-04-09 12:00,7.958078640513122e-13,2.2737367544323206e-13,0,True,Optimization terminated successfully. (HiGHS Status 7: Optimal),895,1.1368683772161603e-13
2025-04-09,18,0.03410316699955729,24761.920163949773,144,20,3746,2025-03-20|2025-03-21|2025-03-22|2025-03-23|2025-03-24|2025-03-25|2025-03-26|2025-03-27|2025-03-28|2025-03-29|2025-03-30|2025-03-31|2025-04-01|2025-04-02|2025-04-03|2025-04-04|2025-04-05|2025-04-06|2025-04-07|2025-04-08,2025-04-09 18:00,2025-04-09 18:00,7.958078640513122e-13,1.1368683772161603e-13,0,True,Optimization terminated successfully. (HiGHS Status 7: Optimal),836,1.1368683772161603e-13
2025-04-10,0,0.03555104100087192,1984.932031505918,144,20,3746,2025-03-21|2025-03-22|2025-03-23|2025-03-24|2025-03-25|2025-03-26|2025-03-27|2025-03-28|2025-03-29|2025-03-30|2025-03-31|2025-04-01|2025-04-02|2025-04-03|2025-04-04|2025-04-05|2025-04-06|2025-04-07|2025-04-08|2025-04-09,2025-04-10 00:00,2025-04-10 00:00,9.094947017729282e-13,1.3642420526593924e-12,0,True,Optimization terminated successfully. (HiGHS Status 7: Optimal),731,1.3642420526593924e-12
2025-04-10,6,0.03966358399884484,9176.899902186442,144,20,3746,2025-03-21|2025-03-22|2025-03-23|2025-03-24|2025-03-25|2025-03-26|2025-03-27|2025-03-28|2025-03-29|2025-03-30|2025-03-31|2025-04-01|2025-04-02|2025-04-03|2025-04-04|2025-04-05|2025-04-06|2025-04-07|2025-04-08|2025-04-09,2025-04-10 06:00,2025-04-10 06:00,8.810729923425242e-13,1.3642420526593924e-12,0,True,Optimization terminated successfully. (HiGHS Status 7: Optimal),881,1.3642420526593924e-12
2025-04-10,12,0.0344701249996433,7320.952879896441,144,20,3746,2025-03-21|2025-03-22|2025-03-23|2025-03-24|2025-03-25|2025-03-26|2025-03-27|2025-03-28|2025-03-29|2025-03-30|2025-03-31|2025-04-01|2025-04-02|2025-04-03|2025-04-04|2025-04-05|2025-04-06|2025-04-07|2025-04-08|2025-04-09,2025-04-10 12:00,2025-04-10 12:00,8.668621376273222e-13,1.3642420526593924e-12,0,True,Optimization terminated successfully. (HiGHS Status 7: Optimal),742,1.3642420526593924e-12
2025-04-10,18,0.027112959000078263,6432.621792494715,144,20,3746,2025-03-21|2025-03-22|2025-03-23|2025-03-24|2025-03-25|2025-03-26|2025-03-27|2025-03-28|2025-03-29|2025-03-30|2025-03-31|2025-04-01|2025-04-02|2025-04-03|2025-04-04|2025-04-05|2025-04-06|2025-04-07|2025-04-08|2025-04-09,2025-04-10 18:00,2025-04-10 18:00,8.384404281969182e-13,1.3642420526593924e-12,0,True,Optimization terminated successfully. (HiGHS Status 7: Optimal),580,1.3642420526593924e-12
2025-04-11,0,0.029421417000776273,485.4207805548397,144,20,3746,2025-03-22|2025-03-23|2025-03-24|2025-03-25|2025-03-26|2025-03-27|2025-03-28|2025-03-29|2025-03-30|2025-03-31|2025-04-01|2025-04-02|2025-04-03|2025-04-04|2025-04-05|2025-04-06|2025-04-07|2025-04-08|2025-04-09|2025-04-10,2025-04-11 00:00,2025-04-11 00:00,8.810729923425242e-13,9.094947017729282e-13,0,True,Optimization terminated successfully. (HiGHS Status 7: Optimal),538,8.881784197001252e-13
2025-04-11,6,0.03368862500065006,8125.953848198722,144,20,3746,2025-03-22|2025-03-23|2025-03-24|2025-03-25|2025-03-26|2025-03-27|2025-03-28|2025-03-29|2025-03-30|2025-03-31|2025-04-01|2025-04-02|2025-04-03|2025-04-04|2025-04-05|2025-04-06|2025-04-07|2025-04-08|2025-04-09|2025-04-10,2025-04-11 06:00,2025-04-11 06:00,8.970602038971265e-13,5.684341886080802e-14,0,True,Optimization terminated successfully. (HiGHS Status 7: Optimal),698,1.1368683772161603e-13
2025-04-11,12,0.030572000001484412,6456.045924269328,144,20,3746,2025-03-22|2025-03-23|2025-03-24|2025-03-25|2025-03-26|2025-03-27|2025-03-28|2025-03-29|2025-03-30|2025-03-31|2025-04-01|2025-04-02|2025-04-03|2025-04-04|2025-04-05|2025-04-06|2025-04-07|2025-04-08|2025-04-09|2025-04-10,2025-04-11 12:00,2025-04-11 12:00,9.094947017729282e-13,5.684341886080802e-14,0,True,Optimization terminated successfully. (HiGHS Status 7: Optimal),609,1.1368683772161603e-13
2025-04-11,18,0.02972191600019869,7164.784970651978,144,20,3746,2025-03-22|2025-03-23|2025-03-24|2025-03-25|2025-03-26|2025-03-27|2025-03-28|2025-03-29|2025-03-30|2025-03-31|2025-04-01|2025-04-02|2025-04-03|2025-04-04|2025-04-05|2025-04-06|2025-04-07|2025-04-08|2025-04-09|2025-04-10,2025-04-11 18:00,2025-04-11 18:00,8.526512829121202e-13,2.842170943040401e-14,0,True,Optimization terminated successfully. (HiGHS Status 7: Optimal),585,1.1368683772161603e-13
2025-04-12,0,0.03173037499982456,618.4320881646825,144,20,3746,2025-03-23|2025-03-24|2025-03-25|2025-03-26|2025-03-27|2025-03-28|2025-03-29|2025-03-30|2025-03-31|2025-04-01|2025-04-02|2025-04-03|2025-04-04|2025-04-05|2025-04-06|2025-04-07|2025-04-08|2025-04-09|2025-04-10|2025-04-11,2025-04-12 00:00,2025-04-12 00:00,8.810729923425242e-13,1.1368683772161603e-13,0,True,Optimization terminated successfully. (HiGHS Status 7: Optimal),598,5.684341886080802e-14
2025-04-12,6,0.02968529099962325,9963.295071343226,144,20,3746,2025-03-23|2025-03-24|2025-03-25|2025-03-26|2025-03-27|2025-03-28|2025-03-29|2025-03-30|2025-03-31|2025-04-01|2025-04-02|2025-04-03|2025-04-04|2025-04-05|2025-04-06|2025-04-07|2025-04-08|2025-04-09|2025-04-10|2025-04-11,2025-04-12 06:00,2025-04-12 06:00,7.389644451905042e-13,1.1368683772161603e-13,0,True,Optimization terminated successfully. (HiGHS Status 7: Optimal),582,5.684341886080802e-14
2025-04-12,12,0.03235241699985636,12861.318783007564,144,20,3746,2025-03-23|2025-03-24|2025-03-25|2025-03-26|2025-03-27|2025-03-28|2025-03-29|2025-03-30|2025-03-31|2025-04-01|2025-04-02|2025-04-03|2025-04-04|2025-04-05|2025-04-06|2025-04-07|2025-04-08|2025-04-09|2025-04-10|2025-04-11,2025-04-12 12:00,2025-04-12 12:00,9.094947017729282e-13,2.2737367544323206e-13,0,True,Optimization terminated successfully. (HiGHS Status 7: Optimal),705,5.684341886080802e-14
2025-04-12,18,0.036740542000188725,29455.697197456197,144,20,3746,2025-03-23|2025-03-24|2025-03-25|2025-03-26|2025-03-27|2025-03-28|2025-03-29|2025-03-30|2025-03-31|2025-04-01|2025-04-02|2025-04-03|2025-04-04|2025-04-05|2025-04-06|2025-04-07|2025-04-08|2025-04-09|2025-04-10|2025-04-11,2025-04-12 18:00,2025-04-12 18:00,9.094947017729282e-13,5.684341886080802e-14,0,True,Optimization terminated successfully. (HiGHS Status 7: Optimal),807,5.684341886080802e-14
2025-04-13,0,0.03495883400137245,2087.658166559747,144,20,3746,2025-03-24|2025-03-25|2025-03-26|2025-03-27|2025-03-28|2025-03-29|2025-03-30|2025-03-31|2025-04-01|2025-04-02|2025-04-03|2025-04-04|2025-04-05|2025-04-06|2025-04-07|2025-04-08|2025-04-09|2025-04-10|2025-04-11|2025-04-12,2025-04-13 00:00,2025-04-13 00:00,1.0231815394945443e-12,1.0231815394945443e-12,0,True,Optimization terminated successfully. (HiGHS Status 7: Optimal),723,1.0231815394945443e-12
2025-04-13,6,0.032552958000451326,9924.298136450365,144,20,3746,2025-03-24|2025-03-25|2025-03-26|2025-03-27|2025-03-28|2025-03-29|2025-03-30|2025-03-31|2025-04-01|2025-04-02|2025-04-03|2025-04-04|2025-04-05|2025-04-06|2025-04-07|2025-04-08|2025-04-09|2025-04-10|2025-04-11|2025-04-12,2025-04-13 06:00,2025-04-13 06:00,9.094947017729282e-13,1.0231815394945443e-12,0,True,Optimization terminated successfully. (HiGHS Status 7: Optimal),734,1.0231815394945443e-12
2025-04-13,12,0.03394362499966519,22185.52349511186,144,20,3746,2025-03-24|2025-03-25|2025-03-26|2025-03-27|2025-03-28|2025-03-29|2025-03-30|2025-03-31|2025-04-01|2025-04-02|2025-04-03|2025-04-04|2025-04-05|2025-04-06|2025-04-07|2025-04-08|2025-04-09|2025-04-10|2025-04-11|2025-04-12,2025-04-13 12:00,2025-04-13 12:00,9.094947017729282e-13,1.0231815394945443e-12,0,True,Optimization terminated successfully. (HiGHS Status 7: Optimal),856,1.0231815394945443e-12
2025-04-13,18,0.03522483400047349,22638.678426176808,144,20,3746,2025-03-24|2025-03-25|2025-03-26|2025-03-27|2025-03-28|2025-03-29|2025-03-30|2025-03-31|2025-04-01|2025-04-02|2025-04-03|2025-04-04|2025-04-05|2025-04-06|2025-04-07|2025-04-08|2025-04-09|2025-04-10|2025-04-11|2025-04-12,2025-04-13 18:00,2025-04-13 18:00,9.094947017729282e-13,1.0231815394945443e-12,0,True,Optimization terminated successfully. (HiGHS Status 7: Optimal),836,1.0231815394945443e-12
2025-04-14,0,0.03506874999948195,2206.8329775740053,144,20,3746,2025-03-25|2025-03-26|2025-03-27|2025-03-28|2025-03-29|2025-03-30|2025-03-31|2025-04-01|2025-04-02|2025-04-03|2025-04-04|2025-04-05|2025-04-06|2025-04-07|2025-04-08|2025-04-09|2025-04-10|2025-04-11|2025-04-12|2025-04-13,2025-04-14 00:00,2025-04-14 00:00,7.958078640513122e-13,6.536993168992922e-13,0,True,Optimization terminated successfully. (HiGHS Status 7: Optimal),751,6.536993168992922e-13
2025-04-14,6,0.03185504199973366,7707.090056878651,144,20,3746,2025-03-25|2025-03-26|2025-03-27|2025-03-28|2025-03-29|2025-03-30|2025-03-31|2025-04-01|2025-04-02|2025-04-03|2025-04-04|2025-04-05|2025-04-06|2025-04-07|2025-04-08|2025-04-09|2025-04-10|2025-04-11|2025-04-12|2025-04-13,2025-04-14 06:00,2025-04-14 06:00,8.526512829121202e-13,1.1368683772161603e-13,0,True,Optimization terminated successfully. (HiGHS Status 7: Optimal),709,1.1368683772161603e-13
2025-04-14,12,0.032993500000884524,11796.102274802517,144,20,3746,2025-03-25|2025-03-26|2025-03-27|2025-03-28|2025-03-29|2025-03-30|2025-03-31|2025-04-01|2025-04-02|2025-04-03|2025-04-04|2025-04-05|2025-04-06|2025-04-07|2025-04-08|2025-04-09|2025-04-10|2025-04-11|2025-04-12|2025-04-13,2025-04-14 12:00,2025-04-14 12:00,9.094947017729282e-13,1.1368683772161603e-13,0,True,Optimization terminated successfully. (HiGHS Status 7: Optimal),764,1.1368683772161603e-13
2025-04-14,18,0.03424516599989147,20864.220149552082,144,20,3746,2025-03-25|2025-03-26|2025-03-27|2025-03-28|2025-03-29|2025-03-30|2025-03-31|2025-04-01|2025-04-02|2025-04-03|2025-04-04|2025-04-05|2025-04-06|2025-04-07|2025-04-08|2025-04-09|2025-04-10|2025-04-11|2025-04-12|2025-04-13,2025-04-14 18:00,2025-04-14 18:00,9.094947017729282e-13,1.1368683772161603e-13,0,True,Optimization terminated successfully. (HiGHS Status 7: Optimal),803,1.1368683772161603e-13
2025-04-15,0,0.03381766700113076,1630.551255677278,144,20,3746,2025-03-26|2025-03-27|2025-03-28|2025-03-29|2025-03-30|2025-03-31|2025-04-01|2025-04-02|2025-04-03|2025-04-04|2025-04-05|2025-04-06|2025-04-07|2025-04-08|2025-04-09|2025-04-10|2025-04-11|2025-04-12|2025-04-13|2025-04-14,2025-04-15 00:00,2025-04-15 00:00,9.094947017729282e-13,2.2737367544323206e-13,0,True,Optimization terminated successfully. (HiGHS Status 7: Optimal),690,2.2737367544323206e-13
2025-04-15,6,0.03865179199965496,13219.013486581785,144,20,3746,2025-03-26|2025-03-27|2025-03-28|2025-03-29|2025-03-30|2025-03-31|2025-04-01|2025-04-02|2025-04-03|2025-04-04|2025-04-05|2025-04-06|2025-04-07|2025-04-08|2025-04-09|2025-04-10|2025-04-11|2025-04-12|2025-04-13|2025-04-14,2025-04-15 06:00,2025-04-15 06:00,8.526512829121202e-13,1.1368683772161603e-13,0,True,Optimization terminated successfully. (HiGHS Status 7: Optimal),911,0.0
2025-04-15,12,0.037750457999209175,19400.000122941878,144,20,3746,2025-03-26|2025-03-27|2025-03-28|2025-03-29|2025-03-30|2025-03-31|2025-04-01|2025-04-02|2025-04-03|2025-04-04|2025-04-05|2025-04-06|2025-04-07|2025-04-08|2025-04-09|2025-04-10|2025-04-11|2025-04-12|2025-04-13|2025-04-14,2025-04-15 12:00,2025-04-15 12:00,8.668621376273222e-13,1.1368683772161603e-13,0,True,Optimization terminated successfully. (HiGHS Status 7: Optimal),932,0.0
2025-04-15,18,0.03498845899957814,26298.380918153423,144,20,3746,2025-03-26|2025-03-27|2025-03-28|2025-03-29|2025-03-30|2025-03-31|2025-04-01|2025-04-02|2025-04-03|2025-04-04|2025-04-05|2025-04-06|2025-04-07|2025-04-08|2025-04-09|2025-04-10|2025-04-11|2025-04-12|2025-04-13|2025-04-14,2025-04-15 18:00,2025-04-15 18:00,8.526512829121202e-13,7.958078640513122e-13,0,True,Optimization terminated successfully. (HiGHS Status 7: Optimal),849,7.958078640513122e-13
2025-04-16,0,0.034876292000262765,2175.124460816899,144,20,3746,2025-03-27|2025-03-28|2025-03-29|2025-03-30|2025-03-31|2025-04-01|2025-04-02|2025-04-03|2025-04-04|2025-04-05|2025-04-06|2025-04-07|2025-04-08|2025-04-09|2025-04-10|2025-04-11|2025-04-12|2025-04-13|2025-04-14|2025-04-15,2025-04-16 00:00,2025-04-16 00:00,8.810729923425242e-13,1.1368683772161603e-13,0,True,Optimization terminated successfully. (HiGHS Status 7: Optimal),737,0.0
2025-04-16,6,0.03745666699978756,12995.466430335544,144,20,3746,2025-03-27|2025-03-28|2025-03-29|2025-03-30|2025-03-31|2025-04-01|2025-04-02|2025-04-03|2025-04-04|2025-04-05|2025-04-06|2025-04-07|2025-04-08|2025-04-09|2025-04-10|2025-04-11|2025-04-12|2025-04-13|2025-04-14|2025-04-15,2025-04-16 06:00,2025-04-16 06:00,9.094947017729282e-13,1.1368683772161603e-13,0,True,Optimization terminated successfully. (HiGHS Status 7: Optimal),887,0.0
2025-04-16,12,0.03734149999945657,12821.034640165444,144,20,3746,2025-03-27|2025-03-28|2025-03-29|2025-03-30|2025-03-31|2025-04-01|2025-04-02|2025-04-03|2025-04-04|2025-04-05|2025-04-06|2025-04-07|2025-04-08|2025-04-09|2025-04-10|2025-04-11|2025-04-12|2025-04-13|2025-04-14|2025-04-15,2025-04-16 12:00,2025-04-16 12:00,9.094947017729282e-13,1.1368683772161603e-13,0,True,Optimization terminated successfully. (HiGHS Status 7: Optimal),862,0.0
2025-04-16,18,0.037378250000983826,28387.10991220668,144,20,3746,2025-03-27|2025-03-28|2025-03-29|2025-03-30|2025-03-31|2025-04-01|2025-04-02|2025-04-03|2025-04-04|2025-04-05|2025-04-06|2025-04-07|2025-04-08|2025-04-09|2025-04-10|2025-04-11|2025-04-12|2025-04-13|2025-04-14|2025-04-15,2025-04-16 18:00,2025-04-16 18:00,9.094947017729282e-13,9.094947017729282e-13,0,True,Optimization terminated successfully. (HiGHS Status 7: Optimal),858,9.094947017729282e-13
2025-04-17,0,0.03517095899951528,1962.2472078572112,144,20,3746,2025-03-28|2025-03-29|2025-03-30|2025-03-31|2025-04-01|2025-04-02|2025-04-03|2025-04-04|2025-04-05|2025-04-06|2025-04-07|2025-04-08|2025-04-09|2025-04-10|2025-04-11|2025-04-12|2025-04-13|2025-04-14|2025-04-15|2025-04-16,2025-04-17 00:00,2025-04-17 00:00,9.094947017729282e-13,4.547473508864641e-13,0,True,Optimization terminated successfully. (HiGHS Status 7: Optimal),699,4.547473508864641e-13
2025-04-17,6,0.04099570799917274,11439.322118490727,144,20,3746,2025-03-28|2025-03-29|2025-03-30|2025-03-31|2025-04-01|2025-04-02|2025-04-03|2025-04-04|2025-04-05|2025-04-06|2025-04-07|2025-04-08|2025-04-09|2025-04-10|2025-04-11|2025-04-12|2025-04-13|2025-04-14|2025-04-15|2025-04-16,2025-04-17 06:00,2025-04-17 06:00,9.094947017729282e-13,4.547473508864641e-13,0,True,Optimization terminated successfully. (HiGHS Status 7: Optimal),891,4.547473508864641e-13
2025-04-17,12,0.030246083000747603,7087.645059007375,144,20,3746,2025-03-28|2025-03-29|2025-03-30|2025-03-31|2025-04-01|2025-04-02|2025-04-03|2025-04-04|2025-04-05|2025-04-06|2025-04-07|2025-04-08|2025-04-09|2025-04-10|2025-04-11|2025-04-12|2025-04-13|2025-04-14|2025-04-15|2025-04-16,2025-04-17 12:00,2025-04-17 12:00,8.810729923425242e-13,4.547473508864641e-13,0,True,Optimization terminated successfully. (HiGHS Status 7: Optimal),729,4.547473508864641e-13
2025-04-17,18,0.026818791999176028,6392.887063936164,144,20,3746,2025-03-28|2025-03-29|2025-03-30|2025-03-31|2025-04-01|2025-04-02|2025-04-03|2025-04-04|2025-04-05|2025-04-06|2025-04-07|2025-04-08|2025-04-09|2025-04-10|2025-04-11|2025-04-12|2025-04-13|2025-04-14|2025-04-15|2025-04-16,2025-04-17 18:00,2025-04-17 18:00,5.115907697472721e-13,4.547473508864641e-13,0,True,Optimization terminated successfully. (HiGHS Status 7: Optimal),585,4.547473508864641e-13
2025-04-18,0,0.029853332998754922,544.075837713409,144,20,3746,2025-03-29|2025-03-30|2025-03-31|2025-04-01|2025-04-02|2025-04-03|2025-04-04|2025-04-05|2025-04-06|2025-04-07|2025-04-08|2025-04-09|2025-04-10|2025-04-11|2025-04-12|2025-04-13|2025-04-14|2025-04-15|2025-04-16|2025-04-17,2025-04-18 00:00,2025-04-18 00:00,9.663381206337363e-13,4.547473508864641e-13,0,True,Optimization terminated successfully. (HiGHS Status 7: Optimal),535,4.405364961712621e-13
2025-04-18,6,0.030499583999699098,7442.148994607537,144,20,3746,2025-03-29|2025-03-30|2025-03-31|2025-04-01|2025-04-02|2025-04-03|2025-04-04|2025-04-05|2025-04-06|2025-04-07|2025-04-08|2025-04-09|2025-04-10|2025-04-11|2025-04-12|2025-04-13|2025-04-14|2025-04-15|2025-04-16|2025-04-17,2025-04-18 06:00,2025-04-18 06:00,9.663381206337363e-13,2.2737367544323206e-13,0,True,Optimization terminated successfully. (HiGHS Status 7: Optimal),592,2.8421709430404007e-13
2025-04-18,12,0.03055350000067847,6875.0773404851225,144,20,3746,2025-03-29|2025-03-30|2025-03-31|2025-04-01|2025-04-02|2025-04-03|2025-04-04|2025-04-05|2025-04-06|2025-04-07|2025-04-08|2025-04-09|2025-04-10|2025-04-11|2025-04-12|2025-04-13|2025-04-14|2025-04-15|2025-04-16|2025-04-17,2025-04-18 12:00,2025-04-18 12:00,9.663381206337363e-13,2.2737367544323206e-13,0,True,Optimization terminated successfully. (HiGHS Status 7: Optimal),641,2.8421709430404007e-13
2025-04-18,18,0.030311291999169043,6711.444575786143,144,20,3746,2025-03-29|2025-03-30|2025-03-31|2025-04-01|2025-04-02|2025-04-03|2025-04-04|2025-04-05|2025-04-06|2025-04-07|2025-04-08|2025-04-09|2025-04-10|2025-04-11|2025-04-12|2025-04-13|2025-04-14|2025-04-15|2025-04-16|2025-04-17,2025-04-18 18:00,2025-04-18 18:00,9.663381206337363e-13,2.2737367544323206e-13,0,True,Optimization terminated successfully. (HiGHS Status 7: Optimal),584,2.8421709430404007e-13
2025-04-19,0,0.031146999999691616,563.3334326472628,144,20,3746,2025-03-30|2025-03-31|2025-04-01|2025-04-02|2025-04-03|2025-04-04|2025-04-05|2025-04-06|2025-04-07|2025-04-08|2025-04-09|2025-04-10|2025-04-11|2025-04-12|2025-04-13|2025-04-14|2025-04-15|2025-04-16|2025-04-17|2025-04-18,2025-04-19 00:00,2025-04-19 00:00,9.094947017729282e-13,1.4210854715202004e-13,0,True,Optimization terminated successfully. (HiGHS Status 7: Optimal),564,1.4210854715202004e-13
2025-04-19,6,0.02989670799979649,10032.491437953164,144,20,3746,2025-03-30|2025-03-31|2025-04-01|2025-04-02|2025-04-03|2025-04-04|2025-04-05|2025-04-06|2025-04-07|2025-04-08|2025-04-09|2025-04-10|2025-04-11|2025-04-12|2025-04-13|2025-04-14|2025-04-15|2025-04-16|2025-04-17|2025-04-18,2025-04-19 06:00,2025-04-19 06:00,9.663381206337363e-13,5.684341886080802e-14,0,True,Optimization terminated successfully. (HiGHS Status 7: Optimal),567,5.684341886080802e-14
2025-04-19,12,0.036217249999026535,14804.161836349243,144,20,3746,2025-03-30|2025-03-31|2025-04-01|2025-04-02|2025-04-03|2025-04-04|2025-04-05|2025-04-06|2025-04-07|2025-04-08|2025-04-09|2025-04-10|2025-04-11|2025-04-12|2025-04-13|2025-04-14|2025-04-15|2025-04-16|2025-04-17|2025-04-18,2025-04-19 12:00,2025-04-19 12:00,8.952838470577262e-13,2.2737367544323206e-13,0,True,Optimization terminated successfully. (HiGHS Status 7: Optimal),771,5.684341886080802e-14
2025-04-19,18,0.03754266599935363,19233.536236328844,144,20,3746,2025-03-30|2025-03-31|2025-04-01|2025-04-02|2025-04-03|2025-04-04|2025-04-05|2025-04-06|2025-04-07|2025-04-08|2025-04-09|2025-04-10|2025-04-11|2025-04-12|2025-04-13|2025-04-14|2025-04-15|2025-04-16|2025-04-17|2025-04-18,2025-04-19 18:00,2025-04-19 18:00,9.094947017729282e-13,1.1368683772161603e-13,0,True,Optimization terminated successfully. (HiGHS Status 7: Optimal),806,5.684341886080802e-14
2025-04-20,0,0.034888291998868226,1708.4485712914689,144,20,3746,2025-03-31|2025-04-01|2025-04-02|2025-04-03|2025-04-04|2025-04-05|2025-04-06|2025-04-07|2025-04-08|2025-04-09|2025-04-10|2025-04-11|2025-04-12|2025-04-13|2025-04-14|2025-04-15|2025-04-16|2025-04-17|2025-04-18|2025-04-19,2025-04-20 00:00,2025-04-20 00:00,8.739675649849232e-13,4.547473508864641e-13,0,True,Optimization terminated successfully. (HiGHS Status 7: Optimal),719,4.298783551348606e-13
2025-04-20,6,0.03588954199949512,10647.198345287017,144,20,3746,2025-03-31|2025-04-01|2025-04-02|2025-04-03|2025-04-04|2025-04-05|2025-04-06|2025-04-07|2025-04-08|2025-04-09|2025-04-10|2025-04-11|2025-04-12|2025-04-13|2025-04-14|2025-04-15|2025-04-16|2025-04-17|2025-04-18|2025-04-19,2025-04-20 06:00,2025-04-20 06:00,8.908429549592256e-13,2.2737367544323206e-13,0,True,Optimization terminated successfully. (HiGHS Status 7: Optimal),817,1.1368683772161603e-13
2025-04-20,12,0.03572158299903094,13161.176152498027,144,20,3746,2025-03-31|2025-04-01|2025-04-02|2025-04-03|2025-04-04|2025-04-05|2025-04-06|2025-04-07|2025-04-08|2025-04-09|2025-04-10|2025-04-11|2025-04-12|2025-04-13|2025-04-14|2025-04-15|2025-04-16|2025-04-17|2025-04-18|2025-04-19,2025-04-20 12:00,2025-04-20 12:00,9.094947017729282e-13,2.2737367544323206e-13,0,True,Optimization terminated successfully. (HiGHS Status 7: Optimal),831,1.1368683772161603e-13
2025-04-20,18,0.035080375000688946,18262.03316994097,144,20,3746,2025-03-31|2025-04-01|2025-04-02|2025-04-03|2025-04-04|2025-04-05|2025-04-06|2025-04-07|2025-04-08|2025-04-09|2025-04-10|2025-04-11|2025-04-12|2025-04-13|2025-04-14|2025-04-15|2025-04-16|2025-04-17|2025-04-18|2025-04-19,2025-04-20 18:00,2025-04-20 18:00,9.094947017729282e-13,2.2737367544323206e-13,0,True,Optimization terminated successfully. (HiGHS Status 7: Optimal),798,1.1368683772161603e-13
2025-04-21,0,0.03579212499971618,2236.8789123034485,144,20,3746,2025-04-01|2025-04-02|2025-04-03|2025-04-04|2025-04-05|2025-04-06|2025-04-07|2025-04-08|2025-04-09|2025-04-10|2025-04-11|2025-04-12|2025-04-13|2025-04-14|2025-04-15|2025-04-16|2025-04-17|2025-04-18|2025-04-19|2025-04-20,2025-04-21 00:00,2025-04-21 00:00,9.094947017729282e-13,1.1368683772161603e-12,0,True,Optimization terminated successfully. (HiGHS Status 7: Optimal),729,1.1368683772161603e-12
2025-04-21,6,0.03204641599950264,8081.4372837449,144,20,3746,2025-04-01|2025-04-02|2025-04-03|2025-04-04|2025-04-05|2025-04-06|2025-04-07|2025-04-08|2025-04-09|2025-04-10|2025-04-11|2025-04-12|2025-04-13|2025-04-14|2025-04-15|2025-04-16|2025-04-17|2025-04-18|2025-04-19|2025-04-20,2025-04-21 06:00,2025-04-21 06:00,8.872902412804251e-13,1.1368683772161603e-12,0,True,Optimization terminated successfully. (HiGHS Status 7: Optimal),697,1.1368683772161603e-12
2025-04-21,12,0.03302024999902642,12051.372250677068,144,20,3746,2025-04-01|2025-04-02|2025-04-03|2025-04-04|2025-04-05|2025-04-06|2025-04-07|2025-04-08|2025-04-09|2025-04-10|2025-04-11|2025-04-12|2025-04-13|2025-04-14|2025-04-15|2025-04-16|2025-04-17|2025-04-18|2025-04-19|2025-04-20,2025-04-21 12:00,2025-04-21 12:00,8.86402062860725e-13,1.1368683772161603e-12,0,True,Optimization terminated successfully. (HiGHS Status 7: Optimal),763,1.1368683772161603e-12
2025-04-21,18,0.033532833000208484,17739.508316933683,144,20,3746,2025-04-01|2025-04-02|2025-04-03|2025-04-04|2025-04-05|2025-04-06|2025-04-07|2025-04-08|2025-04-09|2025-04-10|2025-04-11|2025-04-12|2025-04-13|2025-04-14|2025-04-15|2025-04-16|2025-04-17|2025-04-18|2025-04-19|2025-04-20,2025-04-21 18:00,2025-04-21 18:00,8.633094239485217e-13,1.1368683772161603e-12,0,True,Optimization terminated successfully. (HiGHS Status 7: Optimal),780,1.1368683772161603e-12
2025-04-22,0,0.03488883399950282,1887.855070588047,144,20,3746,2025-04-02|2025-04-03|2025-04-04|2025-04-05|2025-04-06|2025-04-07|2025-04-08|2025-04-09|2025-04-10|2025-04-11|2025-04-12|2025-04-13|2025-04-14|2025-04-15|2025-04-16|2025-04-17|2025-04-18|2025-04-19|2025-04-20|2025-04-21,2025-04-22 00:00,2025-04-22 00:00,1.0231815394945443e-12,2.2737367544323206e-13,0,True,Optimization terminated successfully. (HiGHS Status 7: Optimal),721,2.8421709430404007e-13
2025-04-22,6,0.04306570799963083,15308.886675740216,144,20,3746,2025-04-02|2025-04-03|2025-04-04|2025-04-05|2025-04-06|2025-04-07|2025-04-08|2025-04-09|2025-04-10|2025-04-11|2025-04-12|2025-04-13|2025-04-14|2025-04-15|2025-04-16|2025-04-17|2025-04-18|2025-04-19|2025-04-20|2025-04-21,2025-04-22 06:00,2025-04-22 06:00,9.094947017729282e-13,1.1368683772161603e-13,0,True,Optimization terminated successfully. (HiGHS Status 7: Optimal),940,1.1368683772161603e-13
2025-04-22,12,0.03789237500132003,14381.495596527146,144,20,3746,2025-04-02|2025-04-03|2025-04-04|2025-04-05|2025-04-06|2025-04-07|2025-04-08|2025-04-09|2025-04-10|2025-04-11|2025-04-12|2025-04-13|2025-04-14|2025-04-15|2025-04-16|2025-04-17|2025-04-18|2025-04-19|2025-04-20|2025-04-21,2025-04-22 12:00,2025-04-22 12:00,9.094947017729282e-13,1.1368683772161603e-13,0,True,Optimization terminated successfully. (HiGHS Status 7: Optimal),874,1.1368683772161603e-13
2025-04-22,18,0.0351751250000234,19862.842196022582,144,20,3746,2025-04-02|2025-04-03|2025-04-04|2025-04-05|2025-04-06|2025-04-07|2025-04-08|2025-04-09|2025-04-10|2025-04-11|2025-04-12|2025-04-13|2025-04-14|2025-04-15|2025-04-16|2025-04-17|2025-04-18|2025-04-19|2025-04-20|2025-04-21,2025-04-22 18:00,2025-04-22 18:00,1.0231815394945443e-12,2.2737367544323206e-13,0,True,Optimization terminated successfully. (HiGHS Status 7: Optimal),820,1.1368683772161603e-13
2025-04-23,0,0.03506812500017986,1775.3958376617757,144,20,3746,2025-04-03|2025-04-04|2025-04-05|2025-04-06|2025-04-07|2025-04-08|2025-04-09|2025-04-10|2025-04-11|2025-04-12|2025-04-13|2025-04-14|2025-04-15|2025-04-16|2025-04-17|2025-04-18|2025-04-19|2025-04-20|2025-04-21|2025-04-22,2025-04-23 00:00,2025-04-23 00:00,9.094947017729282e-13,1.1652900866465643e-12,0,True,Optimization terminated successfully. (HiGHS Status 7: Optimal),694,1.1652900866465643e-12
2025-04-23,6,0.042620624999472057,14055.503447667177,144,20,3746,2025-04-03|2025-04-04|2025-04-05|2025-04-06|2025-04-07|2025-04-08|2025-04-09|2025-04-10|2025-04-11|2025-04-12|2025-04-13|2025-04-14|2025-04-15|2025-04-16|2025-04-17|2025-04-18|2025-04-19|2025-04-20|2025-04-21|2025-04-22,2025-04-23 06:00,2025-04-23 06:00,8.881784197001252e-13,2.2737367544323206e-13,0,True,Optimization terminated successfully. (HiGHS Status 7: Optimal),936,2.2737367544323206e-13
2025-04-23,12,0.038099749999673804,15036.166821746727,144,20,3746,2025-04-03|2025-04-04|2025-04-05|2025-04-06|2025-04-07|2025-04-08|2025-04-09|2025-04-10|2025-04-11|2025-04-12|2025-04-13|2025-04-14|2025-04-15|2025-04-16|2025-04-17|2025-04-18|2025-04-19|2025-04-20|2025-04-21|2025-04-22,2025-04-23 12:00,2025-04-23 12:00,9.094947017729282e-13,2.2737367544323206e-13,0,True,Optimization terminated successfully. (HiGHS Status 7: Optimal),892,2.2737367544323206e-13
2025-04-23,18,0.037157624999963446,21808.350874160344,144,20,3746,2025-04-03|2025-04-04|2025-04-05|2025-04-06|2025-04-07|2025-04-08|2025-04-09|2025-04-10|2025-04-11|2025-04-12|2025-04-13|2025-04-14|2025-04-15|2025-04-16|2025-04-17|2025-04-18|2025-04-19|2025-04-20|2025-04-21|2025-04-22,2025-04-23 18:00,2025-04-23 18:00,9.094947017729282e-13,2.2737367544323206e-13,0,True,Optimization terminated successfully. (HiGHS Status 7: Optimal),856,2.2737367544323206e-13
2025-04-24,0,0.03448508300061803,1737.2071308608945,144,20,3746,2025-04-04|2025-04-05|2025-04-06|2025-04-07|2025-04-08|2025-04-09|2025-04-10|2025-04-11|2025-04-12|2025-04-13|2025-04-14|2025-04-15|2025-04-16|2025-04-17|2025-04-18|2025-04-19|2025-04-20|2025-04-21|2025-04-22|2025-04-23,2025-04-24 00:00,2025-04-24 00:00,9.094947017729282e-13,4.547473508864641e-13,0,True,Optimization terminated successfully. (HiGHS Status 7: Optimal),704,4.547473508864641e-13
2025-04-24,6,0.032359625000026426,7328.553440494315,144,20,3746,2025-04-04|2025-04-05|2025-04-06|2025-04-07|2025-04-08|2025-04-09|2025-04-10|2025-04-11|2025-04-12|2025-04-13|2025-04-14|2025-04-15|2025-04-16|2025-04-17|2025-04-18|2025-04-19|2025-04-20|2025-04-21|2025-04-22|2025-04-23,2025-04-24 06:00,2025-04-24 06:00,8.526512829121202e-13,1.1368683772161603e-13,0,True,Optimization terminated successfully. (HiGHS Status 7: Optimal),729,1.1368683772161603e-13
2025-04-24,12,0.032739500000388944,6863.591356553444,144,20,3746,2025-04-04|2025-04-05|2025-04-06|2025-04-07|2025-04-08|2025-04-09|2025-04-10|2025-04-11|2025-04-12|2025-04-13|2025-04-14|2025-04-15|2025-04-16|2025-04-17|2025-04-18|2025-04-19|2025-04-20|2025-04-21|2025-04-22|2025-04-23,2025-04-24 12:00,2025-04-24 12:00,7.673861546209082e-13,1.1368683772161603e-13,0,True,Optimization terminated successfully. (HiGHS Status 7: Optimal),734,1.1368683772161603e-13
2025-04-24,18,0.027340707998519065,6012.573141230146,144,20,3746,2025-04-04|2025-04-05|2025-04-06|2025-04-07|2025-04-08|2025-04-09|2025-04-10|2025-04-11|2025-04-12|2025-04-13|2025-04-14|2025-04-15|2025-04-16|2025-04-17|2025-04-18|2025-04-19|2025-04-20|2025-04-21|2025-04-22|2025-04-23,2025-04-24 18:00,2025-04-24 18:00,5.684341886080801e-13,4.547473508864641e-13,0,True,Optimization terminated successfully. (HiGHS Status 7: Optimal),577,4.547473508864641e-13
2025-04-25,0,0.030067166000662837,541.4619785329135,144,20,3746,2025-04-05|2025-04-06|2025-04-07|2025-04-08|2025-04-09|2025-04-10|2025-04-11|2025-04-12|2025-04-13|2025-04-14|2025-04-15|2025-04-16|2025-04-17|2025-04-18|2025-04-19|2025-04-20|2025-04-21|2025-04-22|2025-04-23|2025-04-24,2025-04-25 00:00,2025-04-25 00:00,8.526512829121202e-13,8.526512829121202e-13,0,True,Optimization terminated successfully. (HiGHS Status 7: Optimal),539,8.65085780787922e-13
2025-04-25,6,0.030307541999718524,7443.193088454181,144,20,3746,2025-04-05|2025-04-06|2025-04-07|2025-04-08|2025-04-09|2025-04-10|2025-04-11|2025-04-12|2025-04-13|2025-04-14|2025-04-15|2025-04-16|2025-04-17|2025-04-18|2025-04-19|2025-04-20|2025-04-21|2025-04-22|2025-04-23|2025-04-24,2025-04-25 06:00,2025-04-25 06:00,8.968381592922015e-13,5.684341886080802e-14,0,True,Optimization terminated successfully. (HiGHS Status 7: Optimal),613,1.1368683772161603e-13
2025-04-25,12,0.029998125000929576,6034.384207893791,144,20,3746,2025-04-05|2025-04-06|2025-04-07|2025-04-08|2025-04-09|2025-04-10|2025-04-11|2025-04-12|2025-04-13|2025-04-14|2025-04-15|2025-04-16|2025-04-17|2025-04-18|2025-04-19|2025-04-20|2025-04-21|2025-04-22|2025-04-23|2025-04-24,2025-04-25 12:00,2025-04-25 12:00,9.094947017729282e-13,5.684341886080802e-14,0,True,Optimization terminated successfully. (HiGHS Status 7: Optimal),598,1.1368683772161603e-13
2025-04-25,18,0.028794750000088243,6160.717429315947,144,20,3746,2025-04-05|2025-04-06|2025-04-07|2025-04-08|2025-04-09|2025-04-10|2025-04-11|2025-04-12|2025-04-13|2025-04-14|2025-04-15|2025-04-16|2025-04-17|2025-04-18|2025-04-19|2025-04-20|2025-04-21|2025-04-22|2025-04-23|2025-04-24,2025-04-25 18:00,2025-04-25 18:00,9.094947017729282e-13,5.684341886080802e-14,0,True,Optimization terminated successfully. (HiGHS Status 7: Optimal),554,1.1368683772161603e-13
2025-04-26,0,0.02989441699901363,542.2694909481966,144,20,3746,2025-04-06|2025-04-07|2025-04-08|2025-04-09|2025-04-10|2025-04-11|2025-04-12|2025-04-13|2025-04-14|2025-04-15|2025-04-16|2025-04-17|2025-04-18|2025-04-19|2025-04-20|2025-04-21|2025-04-22|2025-04-23|2025-04-24|2025-04-25,2025-04-26 00:00,2025-04-26 00:00,7.958078640513122e-13,2.2737367544323206e-13,0,True,Optimization terminated successfully. (HiGHS Status 7: Optimal),543,1.1368683772161603e-13
2025-04-26,6,0.0297294169995439,10119.96452184308,144,20,3746,2025-04-06|2025-04-07|2025-04-08|2025-04-09|2025-04-10|2025-04-11|2025-04-12|2025-04-13|2025-04-14|2025-04-15|2025-04-16|2025-04-17|2025-04-18|2025-04-19|2025-04-20|2025-04-21|2025-04-22|2025-04-23|2025-04-24|2025-04-25,2025-04-26 06:00,2025-04-26 06:00,7.673861546209082e-13,0.0,0,True,Optimization terminated successfully. (HiGHS Status 7: Optimal),589,1.1368683772161603e-13
2025-04-26,12,0.034492875000069034,18447.91893461676,144,20,3746,2025-04-06|2025-04-07|2025-04-08|2025-04-09|2025-04-10|2025-04-11|2025-04-12|2025-04-13|2025-04-14|2025-04-15|2025-04-16|2025-04-17|2025-04-18|2025-04-19|2025-04-20|2025-04-21|2025-04-22|2025-04-23|2025-04-24|2025-04-25,2025-04-26 12:00,2025-04-26 12:00,9.094947017729282e-13,2.2737367544323206e-13,0,True,Optimization terminated successfully. (HiGHS Status 7: Optimal),760,1.1368683772161603e-13
2025-04-26,18,0.03591979200064088,20285.216822031703,144,20,3746,2025-04-06|2025-04-07|2025-04-08|2025-04-09|2025-04-10|2025-04-11|2025-04-12|2025-04-13|2025-04-14|2025-04-15|2025-04-16|2025-04-17|2025-04-18|2025-04-19|2025-04-20|2025-04-21|2025-04-22|2025-04-23|2025-04-24|2025-04-25,2025-04-26 18:00,2025-04-26 18:00,9.094947017729282e-13,2.2737367544323206e-13,0,True,Optimization terminated successfully. (HiGHS Status 7: Optimal),792,1.1368683772161603e-13
2025-04-27,0,0.03527166700041562,1550.655372252557,144,20,3746,2025-04-07|2025-04-08|2025-04-09|2025-04-10|2025-04-11|2025-04-12|2025-04-13|2025-04-14|2025-04-15|2025-04-16|2025-04-17|2025-04-18|2025-04-19|2025-04-20|2025-04-21|2025-04-22|2025-04-23|2025-04-24|2025-04-25|2025-04-26,2025-04-27 00:00,2025-04-27 00:00,9.094947017729282e-13,1.1368683772161603e-13,0,True,Optimization terminated successfully. (HiGHS Status 7: Optimal),708,2.2737367544323206e-13
2025-04-27,6,0.04137316699961957,12494.408745463452,144,20,3746,2025-04-07|2025-04-08|2025-04-09|2025-04-10|2025-04-11|2025-04-12|2025-04-13|2025-04-14|2025-04-15|2025-04-16|2025-04-17|2025-04-18|2025-04-19|2025-04-20|2025-04-21|2025-04-22|2025-04-23|2025-04-24|2025-04-25|2025-04-26,2025-04-27 06:00,2025-04-27 06:00,8.952838470577262e-13,1.1368683772161603e-13,0,True,Optimization terminated successfully. (HiGHS Status 7: Optimal),902,2.2737367544323206e-13
2025-04-27,12,0.03666345899910084,13628.967843264114,144,20,3746,2025-04-07|2025-04-08|2025-04-09|2025-04-10|2025-04-11|2025-04-12|2025-04-13|2025-04-14|2025-04-15|2025-04-16|2025-04-17|2025-04-18|2025-04-19|2025-04-20|2025-04-21|2025-04-22|2025-04-23|2025-04-24|2025-04-25|2025-04-26,2025-04-27 12:00,2025-04-27 12:00,8.384404281969182e-13,1.1368683772161603e-13,0,True,Optimization terminated successfully. (HiGHS Status 7: Optimal),864,2.2737367544323206e-13
2025-04-27,18,0.037051749999591266,30766.574482481235,144,20,3746,2025-04-07|2025-04-08|2025-04-09|2025-04-10|2025-04-11|2025-04-12|2025-04-13|2025-04-14|2025-04-15|2025-04-16|2025-04-17|2025-04-18|2025-04-19|2025-04-20|2025-04-21|2025-04-22|2025-04-23|2025-04-24|2025-04-25|2025-04-26,2025-04-27 18:00,2025-04-27 18:00,9.094947017729282e-13,2.2737367544323206e-13,0,True,Optimization terminated successfully. (HiGHS Status 7: Optimal),866,2.2737367544323206e-13
2025-04-28,0,0.03590237500065996,2112.248215328468,144,20,3746,2025-04-08|2025-04-09|2025-04-10|2025-04-11|2025-04-12|2025-04-13|2025-04-14|2025-04-15|2025-04-16|2025-04-17|2025-04-18|2025-04-19|2025-04-20|2025-04-21|2025-04-22|2025-04-23|2025-04-24|2025-04-25|2025-04-26|2025-04-27,2025-04-28 00:00,2025-04-28 00:00,8.242295734817162e-13,1.0231815394945443e-12,0,True,Optimization terminated successfully. (HiGHS Status 7: Optimal),737,1.0231815394945443e-12
2025-04-28,6,0.043420541998784756,11843.291333805762,144,20,3746,2025-04-08|2025-04-09|2025-04-10|2025-04-11|2025-04-12|2025-04-13|2025-04-14|2025-04-15|2025-04-16|2025-04-17|2025-04-18|2025-04-19|2025-04-20|2025-04-21|2025-04-22|2025-04-23|2025-04-24|2025-04-25|2025-04-26|2025-04-27,2025-04-28 06:00,2025-04-28 06:00,9.094947017729282e-13,2.2737367544323206e-13,0,True,Optimization terminated successfully. (HiGHS Status 7: Optimal),951,3.410605131648481e-13
2025-04-28,12,0.035441374999209074,12611.115080706642,144,20,3746,2025-04-08|2025-04-09|2025-04-10|2025-04-11|2025-04-12|2025-04-13|2025-04-14|2025-04-15|2025-04-16|2025-04-17|2025-04-18|2025-04-19|2025-04-20|2025-04-21|2025-04-22|2025-04-23|2025-04-24|2025-04-25|2025-04-26|2025-04-27,2025-04-28 12:00,2025-04-28 12:00,9.094947017729282e-13,2.2737367544323206e-13,0,True,Optimization terminated successfully. (HiGHS Status 7: Optimal),853,3.410605131648481e-13
2025-04-28,18,0.035761291001108475,22949.679971359335,144,20,3746,2025-04-08|2025-04-09|2025-04-10|2025-04-11|2025-04-12|2025-04-13|2025-04-14|2025-04-15|2025-04-16|2025-04-17|2025-04-18|2025-04-19|2025-04-20|2025-04-21|2025-04-22|2025-04-23|2025-04-24|2025-04-25|2025-04-26|2025-04-27,2025-04-28 18:00,2025-04-28 18:00,9.094947017729282e-13,9.094947017729282e-13,0,True,Optimization terminated successfully. (HiGHS Status 7: Optimal),844,9.094947017729282e-13
2025-04-29,0,0.03461020899885625,1614.8649340851416,144,20,3746,2025-04-09|2025-04-10|2025-04-11|2025-04-12|2025-04-13|2025-04-14|2025-04-15|2025-04-16|2025-04-17|2025-04-18|2025-04-19|2025-04-20|2025-04-21|2025-04-22|2025-04-23|2025-04-24|2025-04-25|2025-04-26|2025-04-27|2025-04-28,2025-04-29 00:00,2025-04-29 00:00,9.094947017729282e-13,2.2737367544323206e-13,0,True,Optimization terminated successfully. (HiGHS Status 7: Optimal),696,3.410605131648481e-13
2025-04-29,6,0.03526804099965375,10741.430354642935,144,20,3746,2025-04-09|2025-04-10|2025-04-11|2025-04-12|2025-04-13|2025-04-14|2025-04-15|2025-04-16|2025-04-17|2025-04-18|2025-04-19|2025-04-20|2025-04-21|2025-04-22|2025-04-23|2025-04-24|2025-04-25|2025-04-26|2025-04-27|2025-04-28,2025-04-29 06:00,2025-04-29 06:00,9.094947017729282e-13,2.2737367544323206e-13,0,True,Optimization terminated successfully. (HiGHS Status 7: Optimal),793,3.410605131648481e-13
2025-04-29,12,0.037526041000091936,15099.69825444387,144,20,3746,2025-04-09|2025-04-10|2025-04-11|2025-04-12|2025-04-13|2025-04-14|2025-04-15|2025-04-16|2025-04-17|2025-04-18|2025-04-19|2025-04-20|2025-04-21|2025-04-22|2025-04-23|2025-04-24|2025-04-25|2025-04-26|2025-04-27|2025-04-28,2025-04-29 12:00,2025-04-29 12:00,9.094947017729282e-13,2.2737367544323206e-13,0,True,Optimization terminated successfully. (HiGHS Status 7: Optimal),910,3.410605131648481e-13
2025-04-29,18,0.03842024999903515,25334.59777301874,144,20,3746,2025-04-09|2025-04-10|2025-04-11|2025-04-12|2025-04-13|2025-04-14|2025-04-15|2025-04-16|2025-04-17|2025-04-18|2025-04-19|2025-04-20|2025-04-21|2025-04-22|2025-04-23|2025-04-24|2025-04-25|2025-04-26|2025-04-27|2025-04-28,2025-04-29 18:00,2025-04-29 18:00,9.094947017729282e-13,5.684341886080801e-13,0,True,Optimization terminated successfully. (HiGHS Status 7: Optimal),849,5.684341886080801e-13
2025-04-30,0,0.035053125000558794,1474.5915576316834,144,20,3746,2025-04-10|2025-04-11|2025-04-12|2025-04-13|2025-04-14|2025-04-15|2025-04-16|2025-04-17|2025-04-18|2025-04-19|2025-04-20|2025-04-21|2025-04-22|2025-04-23|2025-04-24|2025-04-25|2025-04-26|2025-04-27|2025-04-28|2025-04-29,2025-04-30 00:00,2025-04-30 00:00,9.094947017729282e-13,2.2737367544323206e-13,0,True,Optimization terminated successfully. (HiGHS Status 7: Optimal),690,3.410605131648481e-13
2025-04-30,6,0.035263917001429945,10617.226319510444,144,20,3746,2025-04-10|2025-04-11|2025-04-12|2025-04-13|2025-04-14|2025-04-15|2025-04-16|2025-04-17|2025-04-18|2025-04-19|2025-04-20|2025-04-21|2025-04-22|2025-04-23|2025-04-24|2025-04-25|2025-04-26|2025-04-27|2025-04-28|2025-04-29,2025-04-30 06:00,2025-04-30 06:00,9.094947017729282e-13,2.2737367544323206e-13,0,True,Optimization terminated successfully. (HiGHS Status 7: Optimal),788,3.410605131648481e-13
2025-04-30,12,0.03340254199974879,13987.562057725348,144,20,3746,2025-04-10|2025-04-11|2025-04-12|2025-04-13|2025-04-14|2025-04-15|2025-04-16|2025-04-17|2025-04-18|2025-04-19|2025-04-20|2025-04-21|2025-04-22|2025-04-23|2025-04-24|2025-04-25|2025-04-26|2025-04-27|2025-04-28|2025-04-29,2025-04-30 12:00,2025-04-30 12:00,9.094947017729282e-13,2.2737367544323206e-13,0,True,Optimization terminated successfully. (HiGHS Status 7: Optimal),777,3.410605131648481e-13
2025-04-30,18,0.03371241700006067,17416.658590376206,144,20,3746,2025-04-10|2025-04-11|2025-04-12|2025-04-13|2025-04-14|2025-04-15|2025-04-16|2025-04-17|2025-04-18|2025-04-19|2025-04-20|2025-04-21|2025-04-22|2025-04-23|2025-04-24|2025-04-25|2025-04-26|2025-04-27|2025-04-28|2025-04-29,2025-04-30 18:00,2025-04-30 18:00,9.094947017729282e-13,2.2737367544323206e-13,0,True,Optimization terminated successfully. (HiGHS Status 7: Optimal),790,3.410605131648481e-13
2025-05-01,0,0.034717417000138084,1571.294105116905,144,20,3746,2025-04-11|2025-04-12|2025-04-13|2025-04-14|2025-04-15|2025-04-16|2025-04-17|2025-04-18|2025-04-19|2025-04-20|2025-04-21|2025-04-22|2025-04-23|2025-04-24|2025-04-25|2025-04-26|2025-04-27|2025-04-28|2025-04-29|2025-04-30,2025-05-01 00:00,2025-05-01 00:00,9.094947017729282e-13,2.2737367544323206e-13,0,True,Optimization terminated successfully. (HiGHS Status 7: Optimal),695,2.2737367544323206e-13
2025-05-01,6,0.032437292000395246,7777.7796953735715,144,20,3746,2025-04-11|2025-04-12|2025-04-13|2025-04-14|2025-04-15|2025-04-16|2025-04-17|2025-04-18|2025-04-19|2025-04-20|2025-04-21|2025-04-22|2025-04-23|2025-04-24|2025-04-25|2025-04-26|2025-04-27|2025-04-28|2025-04-29|2025-04-30,2025-05-01 06:00,2025-05-01 06:00,9.094947017729282e-13,2.2737367544323206e-13,0,True,Optimization terminated successfully. (HiGHS Status 7: Optimal),756,2.2737367544323206e-13
2025-05-01,12,0.03041124999981548,6638.413193697657,144,20,3746,2025-04-11|2025-04-12|2025-04-13|2025-04-14|2025-04-15|2025-04-16|2025-04-17|2025-04-18|2025-04-19|2025-04-20|2025-04-21|2025-04-22|2025-04-23|2025-04-24|2025-04-25|2025-04-26|2025-04-27|2025-04-28|2025-04-29|2025-04-30,2025-05-01 12:00,2025-05-01 12:00,9.094947017729282e-13,2.2737367544323206e-13,0,True,Optimization terminated successfully. (HiGHS Status 7: Optimal),726,2.2737367544323206e-13
2025-05-01,18,0.03013854100026947,7278.122042924718,144,20,3746,2025-04-11|2025-04-12|2025-04-13|2025-04-14|2025-04-15|2025-04-16|2025-04-17|2025-04-18|2025-04-19|2025-04-20|2025-04-21|2025-04-22|2025-04-23|2025-04-24|2025-04-25|2025-04-26|2025-04-27|2025-04-28|2025-04-29|2025-04-30,2025-05-01 18:00,2025-05-01 18:00,9.094947017729282e-13,2.2737367544323206e-13,0,True,Optimization terminated successfully. (HiGHS Status 7: Optimal),672,2.2737367544323206e-13
2025-05-02,0,0.031137832998865633,1017.0025079009074,144,20,3746,2025-04-12|2025-04-13|2025-04-14|2025-04-15|2025-04-16|2025-04-17|2025-04-18|2025-04-19|2025-04-20|2025-04-21|2025-04-22|2025-04-23|2025-04-24|2025-04-25|2025-04-26|2025-04-27|2025-04-28|2025-04-29|2025-04-30|2025-05-01,2025-05-02 00:00,2025-05-02 00:00,8.810729923425242e-13,1.7053025658242404e-13,0,True,Optimization terminated successfully. (HiGHS Status 7: Optimal),582,1.7053025658242404e-13
2025-05-02,6,0.03079379200062249,7860.131580614428,144,20,3746,2025-04-12|2025-04-13|2025-04-14|2025-04-15|2025-04-16|2025-04-17|2025-04-18|2025-04-19|2025-04-20|2025-04-21|2025-04-22|2025-04-23|2025-04-24|2025-04-25|2025-04-26|2025-04-27|2025-04-28|2025-04-29|2025-04-30|2025-05-01,2025-05-02 06:00,2025-05-02 06:00,1.0231815394945443e-12,1.1368683772161603e-13,0,True,Optimization terminated successfully. (HiGHS Status 7: Optimal),610,5.684341886080802e-14
2025-05-02,12,0.029326624999157502,6009.750427264052,144,20,3746,2025-04-12|2025-04-13|2025-04-14|2025-04-15|2025-04-16|2025-04-17|2025-04-18|2025-04-19|2025-04-20|2025-04-21|2025-04-22|2025-04-23|2025-04-24|2025-04-25|2025-04-26|2025-04-27|2025-04-28|2025-04-29|2025-04-30|2025-05-01,2025-05-02 12:00,2025-05-02 12:00,7.958078640513122e-13,1.1368683772161603e-13,0,True,Optimization terminated successfully. (HiGHS Status 7: Optimal),578,5.684341886080802e-14
2025-05-02,18,0.027797292001196183,7026.939762108583,144,20,3746,2025-04-12|2025-04-13|2025-04-14|2025-04-15|2025-04-16|2025-04-17|2025-04-18|2025-04-19|2025-04-20|2025-04-21|2025-04-22|2025-04-23|2025-04-24|2025-04-25|2025-04-26|2025-04-27|2025-04-28|2025-04-29|2025-04-30|2025-05-01,2025-05-02 18:00,2025-05-02 18:00,7.958078640513122e-13,5.684341886080802e-14,0,True,Optimization terminated successfully. (HiGHS Status 7: Optimal),542,5.684341886080802e-14
2025-05-03,0,0.030693458000314422,1169.0809668290497,144,20,3746,2025-04-13|2025-04-14|2025-04-15|2025-04-16|2025-04-17|2025-04-18|2025-04-19|2025-04-20|2025-04-21|2025-04-22|2025-04-23|2025-04-24|2025-04-25|2025-04-26|2025-04-27|2025-04-28|2025-04-29|2025-04-30|2025-05-01|2025-05-02,2025-05-03 00:00,2025-05-03 00:00,8.952838470577262e-13,1.1937117960769683e-12,0,True,Optimization terminated successfully. (HiGHS Status 7: Optimal),576,1.1368683772161603e-12
2025-05-03,6,0.030708583000887302,10439.550503289498,144,20,3746,2025-04-13|2025-04-14|2025-04-15|2025-04-16|2025-04-17|2025-04-18|2025-04-19|2025-04-20|2025-04-21|2025-04-22|2025-04-23|2025-04-24|2025-04-25|2025-04-26|2025-04-27|2025-04-28|2025-04-29|2025-04-30|2025-05-01|2025-05-02,2025-05-03 06:00,2025-05-03 06:00,9.094947017729282e-13,5.684341886080802e-14,0,True,Optimization terminated successfully. (HiGHS Status 7: Optimal),595,1.7053025658242404e-13
2025-05-03,12,0.11911970899927837,16092.219244538477,144,20,3746,2025-04-13|2025-04-14|2025-04-15|2025-04-16|2025-04-17|2025-04-18|2025-04-19|2025-04-20|2025-04-21|2025-04-22|2025-04-23|2025-04-24|2025-04-25|2025-04-26|2025-04-27|2025-04-28|2025-04-29|2025-04-30|2025-05-01|2025-05-02,2025-05-03 12:00,2025-05-03 12:00,9.094947017729282e-13,2.2737367544323206e-13,0,True,Optimization terminated successfully. (HiGHS Status 7: Optimal),717,1.7053025658242404e-13
2025-05-03,18,0.034570084000733914,17205.05372494813,144,20,3746,2025-04-13|2025-04-14|2025-04-15|2025-04-16|2025-04-17|2025-04-18|2025-04-19|2025-04-20|2025-04-21|2025-04-22|2025-04-23|2025-04-24|2025-04-25|2025-04-26|2025-04-27|2025-04-28|2025-04-29|2025-04-30|2025-05-01|2025-05-02,2025-05-03 18:00,2025-05-03 18:00,9.094947017729282e-13,1.1368683772161603e-13,0,True,Optimization terminated successfully. (HiGHS Status 7: Optimal),743,1.7053025658242404e-13
2025-05-04,0,0.034161499999754597,2385.864227500231,144,20,3746,2025-04-14|2025-04-15|2025-04-16|2025-04-17|2025-04-18|2025-04-19|2025-04-20|2025-04-21|2025-04-22|2025-04-23|2025-04-24|2025-04-25|2025-04-26|2025-04-27|2025-04-28|2025-04-29|2025-04-30|2025-05-01|2025-05-02|2025-05-03,2025-05-04 00:00,2025-05-04 00:00,9.094947017729282e-13,2.2737367544323206e-13,0,True,Optimization terminated successfully. (HiGHS Status 7: Optimal),709,1.9895196601282805e-13
2025-05-04,6,0.032392832999903476,9938.977567369002,144,20,3746,2025-04-14|2025-04-15|2025-04-16|2025-04-17|2025-04-18|2025-04-19|2025-04-20|2025-04-21|2025-04-22|2025-04-23|2025-04-24|2025-04-25|2025-04-26|2025-04-27|2025-04-28|2025-04-29|2025-04-30|2025-05-01|2025-05-02|2025-05-03,2025-05-04 06:00,2025-05-04 06:00,8.668621376273222e-13,1.1368683772161603e-13,0,True,Optimization terminated successfully. (HiGHS Status 7: Optimal),743,1.1368683772161603e-13
2025-05-04,12,0.032125749999977415,13879.771588921869,144,20,3746,2025-04-14|2025-04-15|2025-04-16|2025-04-17|2025-04-18|2025-04-19|2025-04-20|2025-04-21|2025-04-22|2025-04-23|2025-04-24|2025-04-25|2025-04-26|2025-04-27|2025-04-28|2025-04-29|2025-04-30|2025-05-01|2025-05-02|2025-05-03,2025-05-04 12:00,2025-05-04 12:00,9.094947017729282e-13,1.1368683772161603e-13,0,True,Optimization terminated successfully. (HiGHS Status 7: Optimal),756,1.1368683772161603e-13
2025-05-04,18,0.0347079160001158,31447.39133282661,144,20,3746,2025-04-14|2025-04-15|2025-04-16|2025-04-17|2025-04-18|2025-04-19|2025-04-20|2025-04-21|2025-04-22|2025-04-23|2025-04-24|2025-04-25|2025-04-26|2025-04-27|2025-04-28|2025-04-29|2025-04-30|2025-05-01|2025-05-02|2025-05-03,2025-05-04 18:00,2025-05-04 18:00,9.094947017729282e-13,5.684341886080802e-14,0,True,Optimization terminated successfully. (HiGHS Status 7: Optimal),842,1.1368683772161603e-13
2025-05-05,0,0.035353875000510016,2611.1431421934144,144,20,3746,2025-04-15|2025-04-16|2025-04-17|2025-04-18|2025-04-19|2025-04-20|2025-04-21|2025-04-22|2025-04-23|2025-04-24|2025-04-25|2025-04-26|2025-04-27|2025-04-28|2025-04-29|2025-04-30|2025-05-01|2025-05-02|2025-05-03|2025-05-04,2025-05-05 00:00,2025-05-05 00:00,1.0231815394945443e-12,5.684341886080801e-13,0,True,Optimization terminated successfully. (HiGHS Status 7: Optimal),731,5.684341886080801e-13
2025-05-05,6,0.03414233399962541,10117.101247072456,144,20,3746,2025-04-15|2025-04-16|2025-04-17|2025-04-18|2025-04-19|2025-04-20|2025-04-21|2025-04-22|2025-04-23|2025-04-24|2025-04-25|2025-04-26|2025-04-27|2025-04-28|2025-04-29|2025-04-30|2025-05-01|2025-05-02|2025-05-03|2025-05-04,2025-05-05 06:00,2025-05-05 06:00,1.0231815394945443e-12,5.684341886080801e-13,0,True,Optimization terminated successfully. (HiGHS Status 7: Optimal),768,5.684341886080801e-13
2025-05-05,12,0.03301991599983012,12400.358470338111,144,20,3746,2025-04-15|2025-04-16|2025-04-17|2025-04-18|2025-04-19|2025-04-20|2025-04-21|2025-04-22|2025-04-23|2025-04-24|2025-04-25|2025-04-26|2025-04-27|2025-04-28|2025-04-29|2025-04-30|2025-05-01|2025-05-02|2025-05-03|2025-05-04,2025-05-05 12:00,2025-05-05 12:00,1.0231815394945443e-12,5.684341886080801e-13,0,True,Optimization terminated successfully. (HiGHS Status 7: Optimal),761,5.684341886080801e-13
2025-05-05,18,0.03344720899985987,17168.152208726882,144,20,3746,2025-04-15|2025-04-16|2025-04-17|2025-04-18|2025-04-19|2025-04-20|2025-04-21|2025-04-22|2025-04-23|2025-04-24|2025-04-25|2025-04-26|2025-04-27|2025-04-28|2025-04-29|2025-04-30|2025-05-01|2025-05-02|2025-05-03|2025-05-04,2025-05-05 18:00,2025-05-05 18:00,1.0231815394945443e-12,5.684341886080801e-13,0,True,Optimization terminated successfully. (HiGHS Status 7: Optimal),764,5.684341886080801e-13
2025-05-06,0,0.03485370799899101,2128.196900948294,144,20,3746,2025-04-16|2025-04-17|2025-04-18|2025-04-19|2025-04-20|2025-04-21|2025-04-22|2025-04-23|2025-04-24|2025-04-25|2025-04-26|2025-04-27|2025-04-28|2025-04-29|2025-04-30|2025-05-01|2025-05-02|2025-05-03|2025-05-04|2025-05-05,2025-05-06 00:00,2025-05-06 00:00,9.094947017729282e-13,1.1368683772161603e-13,0,True,Optimization terminated successfully. (HiGHS Status 7: Optimal),691,2.2737367544323206e-13
2025-05-06,6,0.04111054200075159,13243.118727725505,144,20,3746,2025-04-16|2025-04-17|2025-04-18|2025-04-19|2025-04-20|2025-04-21|2025-04-22|2025-04-23|2025-04-24|2025-04-25|2025-04-26|2025-04-27|2025-04-28|2025-04-29|2025-04-30|2025-05-01|2025-05-02|2025-05-03|2025-05-04|2025-05-05,2025-05-06 06:00,2025-05-06 06:00,9.094947017729282e-13,1.1368683772161603e-13,0,True,Optimization terminated successfully. (HiGHS Status 7: Optimal),876,2.2737367544323206e-13
2025-05-06,12,0.03589470800034178,26642.844501580767,144,20,3746,2025-04-16|2025-04-17|2025-04-18|2025-04-19|2025-04-20|2025-04-21|2025-04-22|2025-04-23|2025-04-24|2025-04-25|2025-04-26|2025-04-27|2025-04-28|2025-04-29|2025-04-30|2025-05-01|2025-05-02|2025-05-03|2025-05-04|2025-05-05,2025-05-06 12:00,2025-05-06 12:00,1.0231815394945443e-12,2.2737367544323206e-13,0,True,Optimization terminated successfully. (HiGHS Status 7: Optimal),883,2.2737367544323206e-13
2025-05-06,18,0.0358175420005864,21012.37004808641,144,20,3746,2025-04-16|2025-04-17|2025-04-18|2025-04-19|2025-04-20|2025-04-21|2025-04-22|2025-04-23|2025-04-24|2025-04-25|2025-04-26|2025-04-27|2025-04-28|2025-04-29|2025-04-30|2025-05-01|2025-05-02|2025-05-03|2025-05-04|2025-05-05,2025-05-06 18:00,2025-05-06 18:00,7.958078640513122e-13,2.2737367544323206e-13,0,True,Optimization terminated successfully. (HiGHS Status 7: Optimal),852,2.2737367544323206e-13
2025-05-07,0,0.035108457999740494,2069.1818499882497,144,20,3746,2025-04-17|2025-04-18|2025-04-19|2025-04-20|2025-04-21|2025-04-22|2025-04-23|2025-04-24|2025-04-25|2025-04-26|2025-04-27|2025-04-28|2025-04-29|2025-04-30|2025-05-01|2025-05-02|2025-05-03|2025-05-04|2025-05-05|2025-05-06,2025-05-07 00:00,2025-05-07 00:00,9.094947017729282e-13,1.1368683772161603e-12,0,True,Optimization terminated successfully. (HiGHS Status 7: Optimal),703,1.0800249583553523e-12
2025-05-07,6,0.04046583399940573,12995.448505868966,144,20,3746,2025-04-17|2025-04-18|2025-04-19|2025-04-20|2025-04-21|2025-04-22|2025-04-23|2025-04-24|2025-04-25|2025-04-26|2025-04-27|2025-04-28|2025-04-29|2025-04-30|2025-05-01|2025-05-02|2025-05-03|2025-05-04|2025-05-05|2025-05-06,2025-05-07 06:00,2025-05-07 06:00,9.094947017729282e-13,1.1368683772161603e-13,0,True,Optimization terminated successfully. (HiGHS Status 7: Optimal),912,1.1368683772161603e-13
2025-05-07,12,0.03319054200073879,22291.823711660956,144,20,3746,2025-04-17|2025-04-18|2025-04-19|2025-04-20|2025-04-21|2025-04-22|2025-04-23|2025-04-24|2025-04-25|2025-04-26|2025-04-27|2025-04-28|2025-04-29|2025-04-30|2025-05-01|2025-05-02|2025-05-03|2025-05-04|2025-05-05|2025-05-06,2025-05-07 12:00,2025-05-07 12:00,9.094947017729282e-13,1.1368683772161603e-13,0,True,Optimization terminated successfully. (HiGHS Status 7: Optimal),838,1.1368683772161603e-13
2025-05-07,18,0.03394862499953888,18163.385323199007,144,20,3746,2025-04-17|2025-04-18|2025-04-19|2025-04-20|2025-04-21|2025-04-22|2025-04-23|2025-04-24|2025-04-25|2025-04-26|2025-04-27|2025-04-28|2025-04-29|2025-04-30|2025-05-01|2025-05-02|2025-05-03|2025-05-04|2025-05-05|2025-05-06,2025-05-07 18:00,2025-05-07 18:00,8.242295734817162e-13,1.1368683772161603e-13,0,True,Optimization terminated successfully. (HiGHS Status 7: Optimal),776,1.1368683772161603e-13
2025-05-08,0,0.03624887499972829,2391.201747306589,144,20,3746,2025-04-18|2025-04-19|2025-04-20|2025-04-21|2025-04-22|2025-04-23|2025-04-24|2025-04-25|2025-04-26|2025-04-27|2025-04-28|2025-04-29|2025-04-30|2025-05-01|2025-05-02|2025-05-03|2025-05-04|2025-05-05|2025-05-06|2025-05-07,2025-05-08 00:00,2025-05-08 00:00,9.094947017729282e-13,2.2737367544323206e-13,0,True,Optimization terminated successfully. (HiGHS Status 7: Optimal),733,2.2737367544323206e-13
2025-05-08,6,0.03404291600054421,7522.989736552432,144,20,3746,2025-04-18|2025-04-19|2025-04-20|2025-04-21|2025-04-22|2025-04-23|2025-04-24|2025-04-25|2025-04-26|2025-04-27|2025-04-28|2025-04-29|2025-04-30|2025-05-01|2025-05-02|2025-05-03|2025-05-04|2025-05-05|2025-05-06|2025-05-07,2025-05-08 06:00,2025-05-08 06:00,9.094947017729282e-13,2.2737367544323206e-13,0,True,Optimization terminated successfully. (HiGHS Status 7: Optimal),783,2.2737367544323206e-13
2025-05-08,12,0.03562375000001339,10980.524097221149,144,20,3746,2025-04-18|2025-04-19|2025-04-20|2025-04-21|2025-04-22|2025-04-23|2025-04-24|2025-04-25|2025-04-26|2025-04-27|2025-04-28|2025-04-29|2025-04-30|2025-05-01|2025-05-02|2025-05-03|2025-05-04|2025-05-05|2025-05-06|2025-05-07,2025-05-08 12:00,2025-05-08 12:00,9.094947017729282e-13,2.2737367544323206e-13,0,True,Optimization terminated successfully. (HiGHS Status 7: Optimal),820,2.2737367544323206e-13
2025-05-08,18,0.027629459000308998,7314.907275273843,144,20,3746,2025-04-18|2025-04-19|2025-04-20|2025-04-21|2025-04-22|2025-04-23|2025-04-24|2025-04-25|2025-04-26|2025-04-27|2025-04-28|2025-04-29|2025-04-30|2025-05-01|2025-05-02|2025-05-03|2025-05-04|2025-05-05|2025-05-06|2025-05-07,2025-05-08 18:00,2025-05-08 18:00,7.815970093361102e-13,2.2737367544323206e-13,0,True,Optimization terminated successfully. (HiGHS Status 7: Optimal),601,2.2737367544323206e-13
2025-05-09,0,0.031078750000233413,1051.4027103548374,144,20,3746,2025-04-19|2025-04-20|2025-04-21|2025-04-22|2025-04-23|2025-04-24|2025-04-25|2025-04-26|2025-04-27|2025-04-28|2025-04-29|2025-04-30|2025-05-01|2025-05-02|2025-05-03|2025-05-04|2025-05-05|2025-05-06|2025-05-07|2025-05-08,2025-05-09 00:00,2025-05-09 00:00,9.094947017729282e-13,5.684341886080801e-13,0,True,Optimization terminated successfully. (HiGHS Status 7: Optimal),593,5.329070518200751e-13
2025-05-09,6,0.032532874998651096,8617.362847991224,144,20,3746,2025-04-19|2025-04-20|2025-04-21|2025-04-22|2025-04-23|2025-04-24|2025-04-25|2025-04-26|2025-04-27|2025-04-28|2025-04-29|2025-04-30|2025-05-01|2025-05-02|2025-05-03|2025-05-04|2025-05-05|2025-05-06|2025-05-07|2025-05-08,2025-05-09 06:00,2025-05-09 06:00,9.094947017729282e-13,5.684341886080802e-14,0,True,Optimization terminated successfully. (HiGHS Status 7: Optimal),694,1.1368683772161603e-13
2025-05-09,12,0.03794558299887285,10618.629786964759,144,20,3746,2025-04-19|2025-04-20|2025-04-21|2025-04-22|2025-04-23|2025-04-24|2025-04-25|2025-04-26|2025-04-27|2025-04-28|2025-04-29|2025-04-30|2025-05-01|2025-05-02|2025-05-03|2025-05-04|2025-05-05|2025-05-06|2025-05-07|2025-05-08,2025-05-09 12:00,2025-05-09 12:00,8.277822871605167e-13,5.684341886080802e-14,0,True,Optimization terminated successfully. (HiGHS Status 7: Optimal),752,1.1368683772161603e-13
2025-05-09,18,0.02957129199967312,6610.24065740823,144,20,3746,2025-04-19|2025-04-20|2025-04-21|2025-04-22|2025-04-23|2025-04-24|2025-04-25|2025-04-26|2025-04-27|2025-04-28|2025-04-29|2025-04-30|2025-05-01|2025-05-02|2025-05-03|2025-05-04|2025-05-05|2025-05-06|2025-05-07|2025-05-08,2025-05-09 18:00,2025-05-09 18:00,7.958078640513122e-13,5.684341886080802e-14,0,True,Optimization terminated successfully. (HiGHS Status 7: Optimal),582,1.1368683772161603e-13
2025-05-10,0,0.030936167000618298,1023.404463387704,144,20,3746,2025-04-20|2025-04-21|2025-04-22|2025-04-23|2025-04-24|2025-04-25|2025-04-26|2025-04-27|2025-04-28|2025-04-29|2025-04-30|2025-05-01|2025-05-02|2025-05-03|2025-05-04|2025-05-05|2025-05-06|2025-05-07|2025-05-08|2025-05-09,2025-05-10 00:00,2025-05-10 00:00,9.094947017729282e-13,1.3642420526593924e-12,0,True,Optimization terminated successfully. (HiGHS Status 7: Optimal),577,1.3642420526593924e-12
2025-05-10,6,0.032390541999120614,11247.510466744552,144,20,3746,2025-04-20|2025-04-21|2025-04-22|2025-04-23|2025-04-24|2025-04-25|2025-04-26|2025-04-27|2025-04-28|2025-04-29|2025-04-30|2025-05-01|2025-05-02|2025-05-03|2025-05-04|2025-05-05|2025-05-06|2025-05-07|2025-05-08|2025-05-09,2025-05-10 06:00,2025-05-10 06:00,9.094947017729282e-13,1.1368683772161603e-13,0,True,Optimization terminated successfully. (HiGHS Status 7: Optimal),656,1.1368683772161603e-13
2025-05-10,12,0.035492708999299794,14888.628362914671,144,20,3746,2025-04-20|2025-04-21|2025-04-22|2025-04-23|2025-04-24|2025-04-25|2025-04-26|2025-04-27|2025-04-28|2025-04-29|2025-04-30|2025-05-01|2025-05-02|2025-05-03|2025-05-04|2025-05-05|2025-05-06|2025-05-07|2025-05-08|2025-05-09,2025-05-10 12:00,2025-05-10 12:00,9.094947017729282e-13,5.684341886080802e-14,0,True,Optimization terminated successfully. (HiGHS Status 7: Optimal),777,1.1368683772161603e-13
2025-05-10,18,0.03646495800057892,34552.31548263439,144,20,3746,2025-04-20|2025-04-21|2025-04-22|2025-04-23|2025-04-24|2025-04-25|2025-04-26|2025-04-27|2025-04-28|2025-04-29|2025-04-30|2025-05-01|2025-05-02|2025-05-03|2025-05-04|2025-05-05|2025-05-06|2025-05-07|2025-05-08|2025-05-09,2025-05-10 18:00,2025-05-10 18:00,1.0231815394945443e-12,5.684341886080802e-14,0,True,Optimization terminated successfully. (HiGHS Status 7: Optimal),840,1.1368683772161603e-13
2025-05-11,0,0.03604933300084667,2668.980602131875,144,20,3746,2025-04-21|2025-04-22|2025-04-23|2025-04-24|2025-04-25|2025-04-26|2025-04-27|2025-04-28|2025-04-29|2025-04-30|2025-05-01|2025-05-02|2025-05-03|2025-05-04|2025-05-05|2025-05-06|2025-05-07|2025-05-08|2025-05-09|2025-05-10,2025-05-11 00:00,2025-05-11 00:00,9.094947017729282e-13,1.1368683772161603e-13,0,True,Optimization terminated successfully. (HiGHS Status 7: Optimal),737,1.1368683772161603e-13
2025-05-11,6,0.037451707999935024,12016.058426407766,144,20,3746,2025-04-21|2025-04-22|2025-04-23|2025-04-24|2025-04-25|2025-04-26|2025-04-27|2025-04-28|2025-04-29|2025-04-30|2025-05-01|2025-05-02|2025-05-03|2025-05-04|2025-05-05|2025-05-06|2025-05-07|2025-05-08|2025-05-09|2025-05-10,2025-05-11 06:00,2025-05-11 06:00,9.094947017729282e-13,1.1368683772161603e-13,0,True,Optimization terminated successfully. (HiGHS Status 7: Optimal),862,1.1368683772161603e-13
2025-05-11,12,0.035889791999579757,17333.945729154617,144,20,3746,2025-04-21|2025-04-22|2025-04-23|2025-04-24|2025-04-25|2025-04-26|2025-04-27|2025-04-28|2025-04-29|2025-04-30|2025-05-01|2025-05-02|2025-05-03|2025-05-04|2025-05-05|2025-05-06|2025-05-07|2025-05-08|2025-05-09|2025-05-10,2025-05-11 12:00,2025-05-11 12:00,9.094947017729282e-13,1.1368683772161603e-13,0,True,Optimization terminated successfully. (HiGHS Status 7: Optimal),878,1.1368683772161603e-13
2025-05-11,18,0.035725583000385086,23610.599686346774,144,20,3746,2025-04-21|2025-04-22|2025-04-23|2025-04-24|2025-04-25|2025-04-26|2025-04-27|2025-04-28|2025-04-29|2025-04-30|2025-05-01|2025-05-02|2025-05-03|2025-05-04|2025-05-05|2025-05-06|2025-05-07|2025-05-08|2025-05-09|2025-05-10,2025-05-11 18:00,2025-05-11 18:00,9.094947017729282e-13,0.0,0,True,Optimization terminated successfully. (HiGHS Status 7: Optimal),826,1.1368683772161603e-13
2025-05-12,0,0.03435312500005239,1990.4888937576025,144,20,3746,2025-04-22|2025-04-23|2025-04-24|2025-04-25|2025-04-26|2025-04-27|2025-04-28|2025-04-29|2025-04-30|2025-05-01|2025-05-02|2025-05-03|2025-05-04|2025-05-05|2025-05-06|2025-05-07|2025-05-08|2025-05-09|2025-05-10|2025-05-11,2025-05-12 00:00,2025-05-12 00:00,9.094947017729282e-13,5.684341886080801e-13,0,True,Optimization terminated successfully. (HiGHS Status 7: Optimal),696,5.684341886080801e-13
2025-05-12,6,0.042774040999574936,14720.086357199976,144,20,3746,2025-04-22|2025-04-23|2025-04-24|2025-04-25|2025-04-26|2025-04-27|2025-04-28|2025-04-29|2025-04-30|2025-05-01|2025-05-02|2025-05-03|2025-05-04|2025-05-05|2025-05-06|2025-05-07|2025-05-08|2025-05-09|2025-05-10|2025-05-11,2025-05-12 06:00,2025-05-12 06:00,7.958078640513122e-13,2.2737367544323206e-13,0,True,Optimization terminated successfully. (HiGHS Status 7: Optimal),956,2.2737367544323206e-13
2025-05-12,12,0.033610791999308276,13942.661164567899,144,20,3746,2025-04-22|2025-04-23|2025-04-24|2025-04-25|2025-04-26|2025-04-27|2025-04-28|2025-04-29|2025-04-30|2025-05-01|2025-05-02|2025-05-03|2025-05-04|2025-05-05|2025-05-06|2025-05-07|2025-05-08|2025-05-09|2025-05-10|2025-05-11,2025-05-12 12:00,2025-05-12 12:00,9.094947017729282e-13,2.2737367544323206e-13,0,True,Optimization terminated successfully. (HiGHS Status 7: Optimal),850,2.2737367544323206e-13
2025-05-12,18,0.03663208299985854,26226.501911380245,144,20,3746,2025-04-22|2025-04-23|2025-04-24|2025-04-25|2025-04-26|2025-04-27|2025-04-28|2025-04-29|2025-04-30|2025-05-01|2025-05-02|2025-05-03|2025-05-04|2025-05-05|2025-05-06|2025-05-07|2025-05-08|2025-05-09|2025-05-10|2025-05-11,2025-05-12 18:00,2025-05-12 18:00,9.094947017729282e-13,3.410605131648481e-13,0,True,Optimization terminated successfully. (HiGHS Status 7: Optimal),863,3.410605131648481e-13
2025-05-13,0,0.03531624999959604,2557.791700309016,144,20,3746,2025-04-23|2025-04-24|2025-04-25|2025-04-26|2025-04-27|2025-04-28|2025-04-29|2025-04-30|2025-05-01|2025-05-02|2025-05-03|2025-05-04|2025-05-05|2025-05-06|2025-05-07|2025-05-08|2025-05-09|2025-05-10|2025-05-11|2025-05-12,2025-05-13 00:00,2025-05-13 00:00,9.094947017729282e-13,1.1368683772161603e-13,0,True,Optimization terminated successfully. (HiGHS Status 7: Optimal),733,1.1368683772161603e-13
2025-05-13,6,0.03631791699990572,9774.990749585608,144,20,3746,2025-04-23|2025-04-24|2025-04-25|2025-04-26|2025-04-27|2025-04-28|2025-04-29|2025-04-30|2025-05-01|2025-05-02|2025-05-03|2025-05-04|2025-05-05|2025-05-06|2025-05-07|2025-05-08|2025-05-09|2025-05-10|2025-05-11|2025-05-12,2025-05-13 06:00,2025-05-13 06:00,8.668621376273222e-13,1.1368683772161603e-13,0,True,Optimization terminated successfully. (HiGHS Status 7: Optimal),830,1.1368683772161603e-13
2025-05-13,12,0.03459545899931982,25822.236103147734,144,20,3746,2025-04-23|2025-04-24|2025-04-25|2025-04-26|2025-04-27|2025-04-28|2025-04-29|2025-04-30|2025-05-01|2025-05-02|2025-05-03|2025-05-04|2025-05-05|2025-05-06|2025-05-07|2025-05-08|2025-05-09|2025-05-10|2025-05-11|2025-05-12,2025-05-13 12:00,2025-05-13 12:00,9.094947017729282e-13,2.2737367544323206e-13,0,True,Optimization terminated successfully. (HiGHS Status 7: Optimal),880,1.1368683772161603e-13
2025-05-13,18,0.03611641699899337,22138.82133299336,144,20,3746,2025-04-23|2025-04-24|2025-04-25|2025-04-26|2025-04-27|2025-04-28|2025-04-29|2025-04-30|2025-05-01|2025-05-02|2025-05-03|2025-05-04|2025-05-05|2025-05-06|2025-05-07|2025-05-08|2025-05-09|2025-05-10|2025-05-11|2025-05-12,2025-05-13 18:00,2025-05-13 18:00,9.094947017729282e-13,1.1368683772161603e-13,0,True,Optimization terminated successfully. (HiGHS Status 7: Optimal),837,1.1368683772161603e-13
2025-05-14,0,0.034290166999198846,2118.782325502569,144,20,3746,2025-04-24|2025-04-25|2025-04-26|2025-04-27|2025-04-28|2025-04-29|2025-04-30|2025-05-01|2025-05-02|2025-05-03|2025-05-04|2025-05-05|2025-05-06|2025-05-07|2025-05-08|2025-05-09|2025-05-10|2025-05-11|2025-05-12|2025-05-13,2025-05-14 00:00,2025-05-14 00:00,9.094947017729282e-13,2.2737367544323206e-13,0,True,Optimization terminated successfully. (HiGHS Status 7: Optimal),694,1.1368683772161603e-13
2025-05-14,6,0.03949254100007238,11782.008015305573,144,20,3746,2025-04-24|2025-04-25|2025-04-26|2025-04-27|2025-04-28|2025-04-29|2025-04-30|2025-05-01|2025-05-02|2025-05-03|2025-05-04|2025-05-05|2025-05-06|2025-05-07|2025-05-08|2025-05-09|2025-05-10|2025-05-11|2025-05-12|2025-05-13,2025-05-14 06:00,2025-05-14 06:00,9.094947017729282e-13,1.1368683772161603e-13,0,True,Optimization terminated successfully. (HiGHS Status 7: Optimal),916,1.1368683772161603e-13
2025-05-14,12,0.03256962500017835,12767.549929504266,144,20,3746,2025-04-24|2025-04-25|2025-04-26|2025-04-27|2025-04-28|2025-04-29|2025-04-30|2025-05-01|2025-05-02|2025-05-03|2025-05-04|2025-05-05|2025-05-06|2025-05-07|2025-05-08|2025-05-09|2025-05-10|2025-05-11|2025-05-12|2025-05-13,2025-05-14 12:00,2025-05-14 12:00,9.094947017729282e-13,1.1368683772161603e-13,0,True,Optimization terminated successfully. (HiGHS Status 7: Optimal),786,1.1368683772161603e-13
2025-05-14,18,0.0342120410005009,21425.55999751433,144,20,3746,2025-04-24|2025-04-25|2025-04-26|2025-04-27|2025-04-28|2025-04-29|2025-04-30|2025-05-01|2025-05-02|2025-05-03|2025-05-04|2025-05-05|2025-05-06|2025-05-07|2025-05-08|2025-05-09|2025-05-10|2025-05-11|2025-05-12|2025-05-13,2025-05-14 18:00,2025-05-14 18:00,9.094947017729282e-13,1.1368683772161603e-13,0,True,Optimization terminated successfully. (HiGHS Status 7: Optimal),809,1.1368683772161603e-13
2025-05-15,0,0.03381529099897307,1975.4968185605949,144,20,3746,2025-04-25|2025-04-26|2025-04-27|2025-04-28|2025-04-29|2025-04-30|2025-05-01|2025-05-02|2025-05-03|2025-05-04|2025-05-05|2025-05-06|2025-05-07|2025-05-08|2025-05-09|2025-05-10|2025-05-11|2025-05-12|2025-05-13|2025-05-14,2025-05-15 00:00,2025-05-15 00:00,9.094947017729282e-13,1.1368683772161603e-13,0,True,Optimization terminated successfully. (HiGHS Status 7: Optimal),672,0.0
2025-05-15,6,0.041520458999002585,10459.413787398053,144,20,3746,2025-04-25|2025-04-26|2025-04-27|2025-04-28|2025-04-29|2025-04-30|2025-05-01|2025-05-02|2025-05-03|2025-05-04|2025-05-05|2025-05-06|2025-05-07|2025-05-08|2025-05-09|2025-05-10|2025-05-11|2025-05-12|2025-05-13|2025-05-14,2025-05-15 06:00,2025-05-15 06:00,8.810729923425242e-13,1.1368683772161603e-13,0,True,Optimization terminated successfully. (HiGHS Status 7: Optimal),949,0.0
2025-05-15,12,0.029020374999163323,5972.61708132661,144,20,3746,2025-04-25|2025-04-26|2025-04-27|2025-04-28|2025-04-29|2025-04-30|2025-05-01|2025-05-02|2025-05-03|2025-05-04|2025-05-05|2025-05-06|2025-05-07|2025-05-08|2025-05-09|2025-05-10|2025-05-11|2025-05-12|2025-05-13|2025-05-14,2025-05-15 12:00,2025-05-15 12:00,8.810729923425242e-13,1.1368683772161603e-13,0,True,Optimization terminated successfully. (HiGHS Status 7: Optimal),734,0.0
2025-05-15,18,0.02706979100003082,6086.815682158143,144,20,3746,2025-04-25|2025-04-26|2025-04-27|2025-04-28|2025-04-29|2025-04-30|2025-05-01|2025-05-02|2025-05-03|2025-05-04|2025-05-05|2025-05-06|2025-05-07|2025-05-08|2025-05-09|2025-05-10|2025-05-11|2025-05-12|2025-05-13|2025-05-14,2025-05-15 18:00,2025-05-15 18:00,7.958078640513122e-13,1.1368683772161603e-13,0,True,Optimization terminated successfully. (HiGHS Status 7: Optimal),582,0.0
2025-05-16,0,0.029897292000896414,991.6229957619794,144,20,3746,2025-04-26|2025-04-27|2025-04-28|2025-04-29|2025-04-30|2025-05-01|2025-05-02|2025-05-03|2025-05-04|2025-05-05|2025-05-06|2025-05-07|2025-05-08|2025-05-09|2025-05-10|2025-05-11|2025-05-12|2025-05-13|2025-05-14|2025-05-15,2025-05-16 00:00,2025-05-16 00:00,8.668621376273222e-13,1.0231815394945443e-12,0,True,Optimization terminated successfully. (HiGHS Status 7: Optimal),562,1.0231815394945443e-12
2025-05-16,6,0.029743166000116616,7573.335746941406,144,20,3746,2025-04-26|2025-04-27|2025-04-28|2025-04-29|2025-04-30|2025-05-01|2025-05-02|2025-05-03|2025-05-04|2025-05-05|2025-05-06|2025-05-07|2025-05-08|2025-05-09|2025-05-10|2025-05-11|2025-05-12|2025-05-13|2025-05-14|2025-05-15,2025-05-16 06:00,2025-05-16 06:00,8.526512829121202e-13,1.0231815394945443e-12,0,True,Optimization terminated successfully. (HiGHS Status 7: Optimal),623,1.0231815394945443e-12
2025-05-16,12,0.030463458999292925,6280.468077530106,144,20,3746,2025-04-26|2025-04-27|2025-04-28|2025-04-29|2025-04-30|2025-05-01|2025-05-02|2025-05-03|2025-05-04|2025-05-05|2025-05-06|2025-05-07|2025-05-08|2025-05-09|2025-05-10|2025-05-11|2025-05-12|2025-05-13|2025-05-14|2025-05-15,2025-05-16 12:00,2025-05-16 12:00,9.094947017729282e-13,1.0231815394945443e-12,0,True,Optimization terminated successfully. (HiGHS Status 7: Optimal),659,1.0231815394945443e-12
2025-05-16,18,0.028840083001341554,6330.670608681184,144,20,3746,2025-04-26|2025-04-27|2025-04-28|2025-04-29|2025-04-30|2025-05-01|2025-05-02|2025-05-03|2025-05-04|2025-05-05|2025-05-06|2025-05-07|2025-05-08|2025-05-09|2025-05-10|2025-05-11|2025-05-12|2025-05-13|2025-05-14|2025-05-15,2025-05-16 18:00,2025-05-16 18:00,8.810729923425242e-13,1.0231815394945443e-12,0,True,Optimization terminated successfully. (HiGHS Status 7: Optimal),586,1.0231815394945443e-12
2025-05-17,0,0.030482250000204658,967.7477015077068,144,20,3746,2025-04-27|2025-04-28|2025-04-29|2025-04-30|2025-05-01|2025-05-02|2025-05-03|2025-05-04|2025-05-05|2025-05-06|2025-05-07|2025-05-08|2025-05-09|2025-05-10|2025-05-11|2025-05-12|2025-05-13|2025-05-14|2025-05-15|2025-05-16,2025-05-17 00:00,2025-05-17 00:00,8.384404281969182e-13,2.1316282072803006e-13,0,True,Optimization terminated successfully. (HiGHS Status 7: Optimal),583,2.1316282072803006e-13
2025-05-17,6,0.030175083000358427,10205.537421715262,144,20,3746,2025-04-27|2025-04-28|2025-04-29|2025-04-30|2025-05-01|2025-05-02|2025-05-03|2025-05-04|2025-05-05|2025-05-06|2025-05-07|2025-05-08|2025-05-09|2025-05-10|2025-05-11|2025-05-12|2025-05-13|2025-05-14|2025-05-15|2025-05-16,2025-05-17 06:00,2025-05-17 06:00,7.389644451905042e-13,1.1368683772161603e-13,0,True,Optimization terminated successfully. (HiGHS Status 7: Optimal),617,1.1368683772161603e-13
2025-05-17,12,0.03286904199921992,16483.830438328307,144,20,3746,2025-04-27|2025-04-28|2025-04-29|2025-04-30|2025-05-01|2025-05-02|2025-05-03|2025-05-04|2025-05-05|2025-05-06|2025-05-07|2025-05-08|2025-05-09|2025-05-10|2025-05-11|2025-05-12|2025-05-13|2025-05-14|2025-05-15|2025-05-16,2025-05-17 12:00,2025-05-17 12:00,9.094947017729282e-13,1.1368683772161603e-13,0,True,Optimization terminated successfully. (HiGHS Status 7: Optimal),759,1.1368683772161603e-13
2025-05-17,18,0.03591962500104273,19503.946144338715,144,20,3746,2025-04-27|2025-04-28|2025-04-29|2025-04-30|2025-05-01|2025-05-02|2025-05-03|2025-05-04|2025-05-05|2025-05-06|2025-05-07|2025-05-08|2025-05-09|2025-05-10|2025-05-11|2025-05-12|2025-05-13|2025-05-14|2025-05-15|2025-05-16,2025-05-17 18:00,2025-05-17 18:00,8.411049634560186e-13,1.1368683772161603e-13,0,True,Optimization terminated successfully. (HiGHS Status 7: Optimal),789,1.1368683772161603e-13
2025-05-18,0,0.03414066699951945,2252.493327809021,144,20,3746,2025-04-28|2025-04-29|2025-04-30|2025-05-01|2025-05-02|2025-05-03|2025-05-04|2025-05-05|2025-05-06|2025-05-07|2025-05-08|2025-05-09|2025-05-10|2025-05-11|2025-05-12|2025-05-13|2025-05-14|2025-05-15|2025-05-16|2025-05-17,2025-05-18 00:00,2025-05-18 00:00,8.189005029635155e-13,2.3874235921539366e-12,0,True,Optimization terminated successfully. (HiGHS Status 7: Optimal),709,2.3874235921539366e-12
2025-05-18,6,0.034205332998681115,10073.768199889875,144,20,3746,2025-04-28|2025-04-29|2025-04-30|2025-05-01|2025-05-02|2025-05-03|2025-05-04|2025-05-05|2025-05-06|2025-05-07|2025-05-08|2025-05-09|2025-05-10|2025-05-11|2025-05-12|2025-05-13|2025-05-14|2025-05-15|2025-05-16|2025-05-17,2025-05-18 06:00,2025-05-18 06:00,9.094947017729282e-13,1.1368683772161603e-13,0,True,Optimization terminated successfully. (HiGHS Status 7: Optimal),812,1.1368683772161603e-13
2025-05-18,12,0.03504283300026145,16790.50212582361,144,20,3746,2025-04-28|2025-04-29|2025-04-30|2025-05-01|2025-05-02|2025-05-03|2025-05-04|2025-05-05|2025-05-06|2025-05-07|2025-05-08|2025-05-09|2025-05-10|2025-05-11|2025-05-12|2025-05-13|2025-05-14|2025-05-15|2025-05-16|2025-05-17,2025-05-18 12:00,2025-05-18 12:00,7.958078640513122e-13,1.1368683772161603e-13,0,True,Optimization terminated successfully. (HiGHS Status 7: Optimal),863,1.1368683772161603e-13
2025-05-18,18,0.034647417000087444,22429.27830207779,144,20,3746,2025-04-28|2025-04-29|2025-04-30|2025-05-01|2025-05-02|2025-05-03|2025-05-04|2025-05-05|2025-05-06|2025-05-07|2025-05-08|2025-05-09|2025-05-10|2025-05-11|2025-05-12|2025-05-13|2025-05-14|2025-05-15|2025-05-16|2025-05-17,2025-05-18 18:00,2025-05-18 18:00,9.094947017729282e-13,1.1368683772161603e-13,0,True,Optimization terminated successfully. (HiGHS Status 7: Optimal),810,1.1368683772161603e-13
2025-05-19,0,0.03362445799939451,2102.15172401303,144,20,3746,2025-04-29|2025-04-30|2025-05-01|2025-05-02|2025-05-03|2025-05-04|2025-05-05|2025-05-06|2025-05-07|2025-05-08|2025-05-09|2025-05-10|2025-05-11|2025-05-12|2025-05-13|2025-05-14|2025-05-15|2025-05-16|2025-05-17|2025-05-18,2025-05-19 00:00,2025-05-19 00:00,7.958078640513122e-13,2.2737367544323206e-13,0,True,Optimization terminated successfully. (HiGHS Status 7: Optimal),695,2.2737367544323206e-13
2025-05-19,6,0.033634666999205365,10571.457032308392,144,20,3746,2025-04-29|2025-04-30|2025-05-01|2025-05-02|2025-05-03|2025-05-04|2025-05-05|2025-05-06|2025-05-07|2025-05-08|2025-05-09|2025-05-10|2025-05-11|2025-05-12|2025-05-13|2025-05-14|2025-05-15|2025-05-16|2025-05-17|2025-05-18,2025-05-19 06:00,2025-05-19 06:00,9.094947017729282e-13,2.2737367544323206e-13,0,True,Optimization terminated successfully. (HiGHS Status 7: Optimal),771,0.0
2025-05-19,12,0.03549929200016777,21586.383585013344,144,20,3746,2025-04-29|2025-04-30|2025-05-01|2025-05-02|2025-05-03|2025-05-04|2025-05-05|2025-05-06|2025-05-07|2025-05-08|2025-05-09|2025-05-10|2025-05-11|2025-05-12|2025-05-13|2025-05-14|2025-05-15|2025-05-16|2025-05-17|2025-05-18,2025-05-19 12:00,2025-05-19 12:00,8.952838470577262e-13,2.2737367544323206e-13,0,True,Optimization terminated successfully. (HiGHS Status 7: Optimal),868,0.0
2025-05-19,18,0.03475775000151771,22047.719507649665,144,20,3746,2025-04-29|2025-04-30|2025-05-01|2025-05-02|2025-05-03|2025-05-04|2025-05-05|2025-05-06|2025-05-07|2025-05-08|2025-05-09|2025-05-10|2025-05-11|2025-05-12|2025-05-13|2025-05-14|2025-05-15|2025-05-16|2025-05-17|2025-05-18,2025-05-19 18:00,2025-05-19 18:00,8.881784197001252e-13,1.1368683772161603e-13,0,True,Optimization terminated successfully. (HiGHS Status 7: Optimal),824,0.0
2025-05-20,0,0.03340083299917751,2122.8941006063305,144,20,3746,2025-04-30|2025-05-01|2025-05-02|2025-05-03|2025-05-04|2025-05-05|2025-05-06|2025-05-07|2025-05-08|2025-05-09|2025-05-10|2025-05-11|2025-05-12|2025-05-13|2025-05-14|2025-05-15|2025-05-16|2025-05-17|2025-05-18|2025-05-19,2025-05-20 00:00,2025-05-20 00:00,7.958078640513122e-13,1.1368683772161603e-13,0,True,Optimization terminated successfully. (HiGHS Status 7: Optimal),665,1.1368683772161603e-13
2025-05-20,6,0.04016720799882023,13031.673729782324,144,20,3746,2025-04-30|2025-05-01|2025-05-02|2025-05-03|2025-05-04|2025-05-05|2025-05-06|2025-05-07|2025-05-08|2025-05-09|2025-05-10|2025-05-11|2025-05-12|2025-05-13|2025-05-14|2025-05-15|2025-05-16|2025-05-17|2025-05-18|2025-05-19,2025-05-20 06:00,2025-05-20 06:00,9.094947017729282e-13,1.1368683772161603e-13,0,True,Optimization terminated successfully. (HiGHS Status 7: Optimal),954,0.0
2025-05-20,12,0.038144457999806036,14234.45513781045,144,20,3746,2025-04-30|2025-05-01|2025-05-02|2025-05-03|2025-05-04|2025-05-05|2025-05-06|2025-05-07|2025-05-08|2025-05-09|2025-05-10|2025-05-11|2025-05-12|2025-05-13|2025-05-14|2025-05-15|2025-05-16|2025-05-17|2025-05-18|2025-05-19,2025-05-20 12:00,2025-05-20 12:00,9.663381206337363e-13,1.1368683772161603e-13,0,True,Optimization terminated successfully. (HiGHS Status 7: Optimal),919,0.0
2025-05-20,18,0.03663541700007045,27580.264641272326,144,20,3746,2025-04-30|2025-05-01|2025-05-02|2025-05-03|2025-05-04|2025-05-05|2025-05-06|2025-05-07|2025-05-08|2025-05-09|2025-05-10|2025-05-11|2025-05-12|2025-05-13|2025-05-14|2025-05-15|2025-05-16|2025-05-17|2025-05-18|2025-05-19,2025-05-20 18:00,2025-05-20 18:00,1.0231815394945443e-12,1.1368683772161603e-13,0,True,Optimization terminated successfully. (HiGHS Status 7: Optimal),867,1.1368683772161603e-13
2025-05-21,0,0.03460033299961651,2049.995641389153,144,20,3746,2025-05-01|2025-05-02|2025-05-03|2025-05-04|2025-05-05|2025-05-06|2025-05-07|2025-05-08|2025-05-09|2025-05-10|2025-05-11|2025-05-12|2025-05-13|2025-05-14|2025-05-15|2025-05-16|2025-05-17|2025-05-18|2025-05-19|2025-05-20,2025-05-21 00:00,2025-05-21 00:00,9.094947017729282e-13,6.821210263296962e-13,0,True,Optimization terminated successfully. (HiGHS Status 7: Optimal),673,6.821210263296962e-13
2025-05-21,6,0.04163808299927041,15515.311066213197,144,20,3746,2025-05-01|2025-05-02|2025-05-03|2025-05-04|2025-05-05|2025-05-06|2025-05-07|2025-05-08|2025-05-09|2025-05-10|2025-05-11|2025-05-12|2025-05-13|2025-05-14|2025-05-15|2025-05-16|2025-05-17|2025-05-18|2025-05-19|2025-05-20,2025-05-21 06:00,2025-05-21 06:00,8.337219803422613e-13,2.2737367544323206e-13,0,True,Optimization terminated successfully. (HiGHS Status 7: Optimal),955,0.0
2025-05-21,12,0.03706370799955039,19063.179100724265,144,20,3746,2025-05-01|2025-05-02|2025-05-03|2025-05-04|2025-05-05|2025-05-06|2025-05-07|2025-05-08|2025-05-09|2025-05-10|2025-05-11|2025-05-12|2025-05-13|2025-05-14|2025-05-15|2025-05-16|2025-05-17|2025-05-18|2025-05-19|2025-05-20,2025-05-21 12:00,2025-05-21 12:00,9.094947017729282e-13,1.1368683772161603e-13,0,True,Optimization terminated successfully. (HiGHS Status 7: Optimal),944,0.0
2025-05-21,18,0.03396095800053445,24516.49426395755,144,20,3746,2025-05-01|2025-05-02|2025-05-03|2025-05-04|2025-05-05|2025-05-06|2025-05-07|2025-05-08|2025-05-09|2025-05-10|2025-05-11|2025-05-12|2025-05-13|2025-05-14|2025-05-15|2025-05-16|2025-05-17|2025-05-18|2025-05-19|2025-05-20,2025-05-21 18:00,2025-05-21 18:00,9.094947017729282e-13,6.821210263296962e-13,0,True,Optimization terminated successfully. (HiGHS Status 7: Optimal),853,6.821210263296962e-13
2025-05-22,0,0.033725833000062266,1962.0046286336055,144,20,3746,2025-05-02|2025-05-03|2025-05-04|2025-05-05|2025-05-06|2025-05-07|2025-05-08|2025-05-09|2025-05-10|2025-05-11|2025-05-12|2025-05-13|2025-05-14|2025-05-15|2025-05-16|2025-05-17|2025-05-18|2025-05-19|2025-05-20|2025-05-21,2025-05-22 00:00,2025-05-22 00:00,9.094947017729282e-13,3.410605131648481e-13,0,True,Optimization terminated successfully. (HiGHS Status 7: Optimal),663,3.410605131648481e-13
2025-05-22,6,0.031541999998808024,8031.746119132257,144,20,3746,2025-05-02|2025-05-03|2025-05-04|2025-05-05|2025-05-06|2025-05-07|2025-05-08|2025-05-09|2025-05-10|2025-05-11|2025-05-12|2025-05-13|2025-05-14|2025-05-15|2025-05-16|2025-05-17|2025-05-18|2025-05-19|2025-05-20|2025-05-21,2025-05-22 06:00,2025-05-22 06:00,9.094947017729282e-13,1.1368683772161603e-13,0,True,Optimization terminated successfully. (HiGHS Status 7: Optimal),757,2.2737367544323206e-13
2025-05-22,12,0.03010033300051873,6127.166764428392,144,20,3746,2025-05-02|2025-05-03|2025-05-04|2025-05-05|2025-05-06|2025-05-07|2025-05-08|2025-05-09|2025-05-10|2025-05-11|2025-05-12|2025-05-13|2025-05-14|2025-05-15|2025-05-16|2025-05-17|2025-05-18|2025-05-19|2025-05-20|2025-05-21,2025-05-22 12:00,2025-05-22 12:00,9.094947017729282e-13,3.410605131648481e-13,0,True,Optimization terminated successfully. (HiGHS Status 7: Optimal),722,3.410605131648481e-13
2025-05-22,18,0.027690333999998984,6793.794525359987,144,20,3746,2025-05-02|2025-05-03|2025-05-04|2025-05-05|2025-05-06|2025-05-07|2025-05-08|2025-05-09|2025-05-10|2025-05-11|2025-05-12|2025-05-13|2025-05-14|2025-05-15|2025-05-16|2025-05-17|2025-05-18|2025-05-19|2025-05-20|2025-05-21,2025-05-22 18:00,2025-05-22 18:00,8.384404281969182e-13,3.410605131648481e-13,0,True,Optimization terminated successfully. (HiGHS Status 7: Optimal),606,3.410605131648481e-13
2025-05-23,0,0.030559292001271388,1015.2179364771359,144,20,3746,2025-05-03|2025-05-04|2025-05-05|2025-05-06|2025-05-07|2025-05-08|2025-05-09|2025-05-10|2025-05-11|2025-05-12|2025-05-13|2025-05-14|2025-05-15|2025-05-16|2025-05-17|2025-05-18|2025-05-19|2025-05-20|2025-05-21|2025-05-22,2025-05-23 00:00,2025-05-23 00:00,1.0231815394945443e-12,3.410605131648481e-13,0,True,Optimization terminated successfully. (HiGHS Status 7: Optimal),585,3.410605131648481e-13
2025-05-23,6,0.0300779169992893,7769.882183018852,144,20,3746,2025-05-03|2025-05-04|2025-05-05|2025-05-06|2025-05-07|2025-05-08|2025-05-09|2025-05-10|2025-05-11|2025-05-12|2025-05-13|2025-05-14|2025-05-15|2025-05-16|2025-05-17|2025-05-18|2025-05-19|2025-05-20|2025-05-21|2025-05-22,2025-05-23 06:00,2025-05-23 06:00,1.0231815394945443e-12,3.410605131648481e-13,0,True,Optimization terminated successfully. (HiGHS Status 7: Optimal),606,3.410605131648481e-13
2025-05-23,12,0.03227804100060894,7132.63418569189,144,20,3746,2025-05-03|2025-05-04|2025-05-05|2025-05-06|2025-05-07|2025-05-08|2025-05-09|2025-05-10|2025-05-11|2025-05-12|2025-05-13|2025-05-14|2025-05-15|2025-05-16|2025-05-17|2025-05-18|2025-05-19|2025-05-20|2025-05-21|2025-05-22,2025-05-23 12:00,2025-05-23 12:00,9.094947017729282e-13,2.2737367544323206e-13,0,True,Optimization terminated successfully. (HiGHS Status 7: Optimal),713,1.1368683772161603e-13
2025-05-23,18,0.028034875000230386,6227.531259048354,144,20,3746,2025-05-03|2025-05-04|2025-05-05|2025-05-06|2025-05-07|2025-05-08|2025-05-09|2025-05-10|2025-05-11|2025-05-12|2025-05-13|2025-05-14|2025-05-15|2025-05-16|2025-05-17|2025-05-18|2025-05-19|2025-05-20|2025-05-21|2025-05-22,2025-05-23 18:00,2025-05-23 18:00,9.094947017729282e-13,1.1368683772161603e-12,0,True,Optimization terminated successfully. (HiGHS Status 7: Optimal),584,1.1368683772161603e-12
2025-05-24,0,0.029774374999760767,885.7799856305935,144,20,3746,2025-05-04|2025-05-05|2025-05-06|2025-05-07|2025-05-08|2025-05-09|2025-05-10|2025-05-11|2025-05-12|2025-05-13|2025-05-14|2025-05-15|2025-05-16|2025-05-17|2025-05-18|2025-05-19|2025-05-20|2025-05-21|2025-05-22|2025-05-23,2025-05-24 00:00,2025-05-24 00:00,9.094947017729282e-13,1.1368683772161603e-12,0,True,Optimization terminated successfully. (HiGHS Status 7: Optimal),572,1.1368683772161603e-12
2025-05-24,6,0.029568416999609326,10293.637935226865,144,20,3746,2025-05-04|2025-05-05|2025-05-06|2025-05-07|2025-05-08|2025-05-09|2025-05-10|2025-05-11|2025-05-12|2025-05-13|2025-05-14|2025-05-15|2025-05-16|2025-05-17|2025-05-18|2025-05-19|2025-05-20|2025-05-21|2025-05-22|2025-05-23,2025-05-24 06:00,2025-05-24 06:00,9.094947017729282e-13,1.1368683772161603e-12,0,True,Optimization terminated successfully. (HiGHS Status 7: Optimal),605,1.1368683772161603e-12
2025-05-24,12,0.032861249999768916,14655.564471244532,144,20,3746,2025-05-04|2025-05-05|2025-05-06|2025-05-07|2025-05-08|2025-05-09|2025-05-10|2025-05-11|2025-05-12|2025-05-13|2025-05-14|2025-05-15|2025-05-16|2025-05-17|2025-05-18|2025-05-19|2025-05-20|2025-05-21|2025-05-22|2025-05-23,2025-05-24 12:00,2025-05-24 12:00,9.094947017729282e-13,1.1368683772161603e-12,0,True,Optimization terminated successfully. (HiGHS Status 7: Optimal),733,1.1368683772161603e-12
2025-05-24,18,0.03615824999906181,21183.10993199839,144,20,3746,2025-05-04|2025-05-05|2025-05-06|2025-05-07|2025-05-08|2025-05-09|2025-05-10|2025-05-11|2025-05-12|2025-05-13|2025-05-14|2025-05-15|2025-05-16|2025-05-17|2025-05-18|2025-05-19|2025-05-20|2025-05-21|2025-05-22|2025-05-23,2025-05-24 18:00,2025-05-24 18:00,9.094947017729282e-13,1.1368683772161603e-12,0,True,Optimization terminated successfully. (HiGHS Status 7: Optimal),856,1.1368683772161603e-12
2025-05-25,0,0.03382420800153341,1979.6366616489258,144,20,3746,2025-05-05|2025-05-06|2025-05-07|2025-05-08|2025-05-09|2025-05-10|2025-05-11|2025-05-12|2025-05-13|2025-05-14|2025-05-15|2025-05-16|2025-05-17|2025-05-18|2025-05-19|2025-05-20|2025-05-21|2025-05-22|2025-05-23|2025-05-24,2025-05-25 00:00,2025-05-25 00:00,9.094947017729282e-13,7.958078640513122e-13,0,True,Optimization terminated successfully. (HiGHS Status 7: Optimal),673,7.958078640513122e-13
2025-05-25,6,0.03406933299993398,10474.549905082586,144,20,3746,2025-05-05|2025-05-06|2025-05-07|2025-05-08|2025-05-09|2025-05-10|2025-05-11|2025-05-12|2025-05-13|2025-05-14|2025-05-15|2025-05-16|2025-05-17|2025-05-18|2025-05-19|2025-05-20|2025-05-21|2025-05-22|2025-05-23|2025-05-24,2025-05-25 06:00,2025-05-25 06:00,8.633094239485217e-13,2.2737367544323206e-13,0,True,Optimization terminated successfully. (HiGHS Status 7: Optimal),795,0.0
2025-05-25,12,0.03313625000009779,27603.100729403795,144,20,3746,2025-05-05|2025-05-06|2025-05-07|2025-05-08|2025-05-09|2025-05-10|2025-05-11|2025-05-12|2025-05-13|2025-05-14|2025-05-15|2025-05-16|2025-05-17|2025-05-18|2025-05-19|2025-05-20|2025-05-21|2025-05-22|2025-05-23|2025-05-24,2025-05-25 12:00,2025-05-25 12:00,9.094947017729282e-13,7.958078640513122e-13,0,True,Optimization terminated successfully. (HiGHS Status 7: Optimal),838,7.958078640513122e-13
2025-05-25,18,0.03483925000000454,30152.306925565892,144,20,3746,2025-05-05|2025-05-06|2025-05-07|2025-05-08|2025-05-09|2025-05-10|2025-05-11|2025-05-12|2025-05-13|2025-05-14|2025-05-15|2025-05-16|2025-05-17|2025-05-18|2025-05-19|2025-05-20|2025-05-21|2025-05-22|2025-05-23|2025-05-24,2025-05-25 18:00,2025-05-25 18:00,8.526512829121202e-13,7.958078640513122e-13,0,True,Optimization terminated successfully. (HiGHS Status 7: Optimal),856,7.958078640513122e-13
2025-05-26,0,0.03410108299976855,1956.9018962497596,144,20,3746,2025-05-06|2025-05-07|2025-05-08|2025-05-09|2025-05-10|2025-05-11|2025-05-12|2025-05-13|2025-05-14|2025-05-15|2025-05-16|2025-05-17|2025-05-18|2025-05-19|2025-05-20|2025-05-21|2025-05-22|2025-05-23|2025-05-24|2025-05-25,2025-05-26 00:00,2025-05-26 00:00,7.958078640513122e-13,2.2737367544323206e-13,0,True,Optimization terminated successfully. (HiGHS Status 7: Optimal),685,2.2737367544323206e-13
2025-05-26,6,0.04046370899959584,12762.52697052818,144,20,3746,2025-05-06|2025-05-07|2025-05-08|2025-05-09|2025-05-10|2025-05-11|2025-05-12|2025-05-13|2025-05-14|2025-05-15|2025-05-16|2025-05-17|2025-05-18|2025-05-19|2025-05-20|2025-05-21|2025-05-22|2025-05-23|2025-05-24|2025-05-25,2025-05-26 06:00,2025-05-26 06:00,9.094947017729282e-13,1.1368683772161603e-13,0,True,Optimization terminated successfully. (HiGHS Status 7: Optimal),906,0.0
2025-05-26,12,0.03737145800005237,15494.528748099621,144,20,3746,2025-05-06|2025-05-07|2025-05-08|2025-05-09|2025-05-10|2025-05-11|2025-05-12|2025-05-13|2025-05-14|2025-05-15|2025-05-16|2025-05-17|2025-05-18|2025-05-19|2025-05-20|2025-05-21|2025-05-22|2025-05-23|2025-05-24|2025-05-25,2025-05-26 12:00,2025-05-26 12:00,9.094947017729282e-13,1.1368683772161603e-13,0,True,Optimization terminated successfully. (HiGHS Status 7: Optimal),916,0.0
2025-05-26,18,0.03616920900094556,26556.68586681853,144,20,3746,2025-05-06|2025-05-07|2025-05-08|2025-05-09|2025-05-10|2025-05-11|2025-05-12|2025-05-13|2025-05-14|2025-05-15|2025-05-16|2025-05-17|2025-05-18|2025-05-19|2025-05-20|2025-05-21|2025-05-22|2025-05-23|2025-05-24|2025-05-25,2025-05-26 18:00,2025-05-26 18:00,9.094947017729282e-13,2.2737367544323206e-13,0,True,Optimization terminated successfully. (HiGHS Status 7: Optimal),861,2.2737367544323206e-13
2025-05-27,0,0.03552687499905005,1673.7807458840882,144,20,3746,2025-05-07|2025-05-08|2025-05-09|2025-05-10|2025-05-11|2025-05-12|2025-05-13|2025-05-14|2025-05-15|2025-05-16|2025-05-17|2025-05-18|2025-05-19|2025-05-20|2025-05-21|2025-05-22|2025-05-23|2025-05-24|2025-05-25|2025-05-26,2025-05-27 00:00,2025-05-27 00:00,9.094947017729282e-13,3.410605131648481e-13,0,True,Optimization terminated successfully. (HiGHS Status 7: Optimal),675,3.410605131648481e-13
2025-05-27,6,0.042606625000189524,14357.212335857988,144,20,3746,2025-05-07|2025-05-08|2025-05-09|2025-05-10|2025-05-11|2025-05-12|2025-05-13|2025-05-14|2025-05-15|2025-05-16|2025-05-17|2025-05-18|2025-05-19|2025-05-20|2025-05-21|2025-05-22|2025-05-23|2025-05-24|2025-05-25|2025-05-26,2025-05-27 06:00,2025-05-27 06:00,8.952838470577262e-13,1.1368683772161603e-13,0,True,Optimization terminated successfully. (HiGHS Status 7: Optimal),959,0.0
2025-05-27,12,0.034925083000416635,17658.204034075967,144,20,3746,2025-05-07|2025-05-08|2025-05-09|2025-05-10|2025-05-11|2025-05-12|2025-05-13|2025-05-14|2025-05-15|2025-05-16|2025-05-17|2025-05-18|2025-05-19|2025-05-20|2025-05-21|2025-05-22|2025-05-23|2025-05-24|2025-05-25|2025-05-26,2025-05-27 12:00,2025-05-27 12:00,9.094947017729282e-13,3.410605131648481e-13,0,True,Optimization terminated successfully. (HiGHS Status 7: Optimal),869,3.410605131648481e-13
2025-05-27,18,0.03628995799954282,22287.839580564883,144,20,3746,2025-05-07|2025-05-08|2025-05-09|2025-05-10|2025-05-11|2025-05-12|2025-05-13|2025-05-14|2025-05-15|2025-05-16|2025-05-17|2025-05-18|2025-05-19|2025-05-20|2025-05-21|2025-05-22|2025-05-23|2025-05-24|2025-05-25|2025-05-26,2025-05-27 18:00,2025-05-27 18:00,9.094947017729282e-13,3.410605131648481e-13,0,True,Optimization terminated successfully. (HiGHS Status 7: Optimal),840,3.410605131648481e-13
2025-05-28,0,0.033996583999396535,2027.749102119891,144,20,3746,2025-05-08|2025-05-09|2025-05-10|2025-05-11|2025-05-12|2025-05-13|2025-05-14|2025-05-15|2025-05-16|2025-05-17|2025-05-18|2025-05-19|2025-05-20|2025-05-21|2025-05-22|2025-05-23|2025-05-24|2025-05-25|2025-05-26|2025-05-27,2025-05-28 00:00,2025-05-28 00:00,9.094947017729282e-13,2.2737367544323206e-13,0,True,Optimization terminated successfully. (HiGHS Status 7: Optimal),695,2.2737367544323206e-13
2025-05-28,6,0.034280957999726525,10496.836633453546,144,20,3746,2025-05-08|2025-05-09|2025-05-10|2025-05-11|2025-05-12|2025-05-13|2025-05-14|2025-05-15|2025-05-16|2025-05-17|2025-05-18|2025-05-19|2025-05-20|2025-05-21|2025-05-22|2025-05-23|2025-05-24|2025-05-25|2025-05-26|2025-05-27,2025-05-28 06:00,2025-05-28 06:00,8.881784197001252e-13,2.2737367544323206e-13,0,True,Optimization terminated successfully. (HiGHS Status 7: Optimal),809,2.2737367544323206e-13
2025-05-28,12,0.034352541999396635,22575.344327026247,144,20,3746,2025-05-08|2025-05-09|2025-05-10|2025-05-11|2025-05-12|2025-05-13|2025-05-14|2025-05-15|2025-05-16|2025-05-17|2025-05-18|2025-05-19|2025-05-20|2025-05-21|2025-05-22|2025-05-23|2025-05-24|2025-05-25|2025-05-26|2025-05-27,2025-05-28 12:00,2025-05-28 12:00,9.094947017729282e-13,2.2737367544323206e-13,0,True,Optimization terminated successfully. (HiGHS Status 7: Optimal),856,2.2737367544323206e-13
2025-05-28,18,0.03572349999922153,20885.033894823668,144,20,3746,2025-05-08|2025-05-09|2025-05-10|2025-05-11|2025-05-12|2025-05-13|2025-05-14|2025-05-15|2025-05-16|2025-05-17|2025-05-18|2025-05-19|2025-05-20|2025-05-21|2025-05-22|2025-05-23|2025-05-24|2025-05-25|2025-05-26|2025-05-27,2025-05-28 18:00,2025-05-28 18:00,9.094947017729282e-13,2.2737367544323206e-13,0,True,Optimization terminated successfully. (HiGHS Status 7: Optimal),819,2.2737367544323206e-13
2025-05-29,0,0.033694834000925766,1907.8609913291857,144,20,3746,2025-05-09|2025-05-10|2025-05-11|2025-05-12|2025-05-13|2025-05-14|2025-05-15|2025-05-16|2025-05-17|2025-05-18|2025-05-19|2025-05-20|2025-05-21|2025-05-22|2025-05-23|2025-05-24|2025-05-25|2025-05-26|2025-05-27|2025-05-28,2025-05-29 00:00,2025-05-29 00:00,9.094947017729282e-13,2.8421709430404007e-13,0,True,Optimization terminated successfully. (HiGHS Status 7: Optimal),689,2.8421709430404007e-13
2025-05-29,6,0.041146666000713594,10037.907565468342,144,20,3746,2025-05-09|2025-05-10|2025-05-11|2025-05-12|2025-05-13|2025-05-14|2025-05-15|2025-05-16|2025-05-17|2025-05-18|2025-05-19|2025-05-20|2025-05-21|2025-05-22|2025-05-23|2025-05-24|2025-05-25|2025-05-26|2025-05-27|2025-05-28,2025-05-29 06:00,2025-05-29 06:00,8.846257060213247e-13,1.1368683772161603e-13,0,True,Optimization terminated successfully. (HiGHS Status 7: Optimal),944,2.2737367544323206e-13
2025-05-29,12,0.029433875000904663,6481.822623251158,144,20,3746,2025-05-09|2025-05-10|2025-05-11|2025-05-12|2025-05-13|2025-05-14|2025-05-15|2025-05-16|2025-05-17|2025-05-18|2025-05-19|2025-05-20|2025-05-21|2025-05-22|2025-05-23|2025-05-24|2025-05-25|2025-05-26|2025-05-27|2025-05-28,2025-05-29 12:00,2025-05-29 12:00,8.881784197001252e-13,1.1368683772161603e-13,0,True,Optimization terminated successfully. (HiGHS Status 7: Optimal),723,2.2737367544323206e-13
2025-05-29,18,0.028097541000533965,6784.627584913462,144,20,3746,2025-05-09|2025-05-10|2025-05-11|2025-05-12|2025-05-13|2025-05-14|2025-05-15|2025-05-16|2025-05-17|2025-05-18|2025-05-19|2025-05-20|2025-05-21|2025-05-22|2025-05-23|2025-05-24|2025-05-25|2025-05-26|2025-05-27|2025-05-28,2025-05-29 18:00,2025-05-29 18:00,8.810729923425242e-13,1.1368683772161603e-13,0,True,Optimization terminated successfully. (HiGHS Status 7: Optimal),615,2.2737367544323206e-13
2025-05-30,0,0.03123379200042109,1015.5906285755884,144,20,3746,2025-05-10|2025-05-11|2025-05-12|2025-05-13|2025-05-14|2025-05-15|2025-05-16|2025-05-17|2025-05-18|2025-05-19|2025-05-20|2025-05-21|2025-05-22|2025-05-23|2025-05-24|2025-05-25|2025-05-26|2025-05-27|2025-05-28|2025-05-29,2025-05-30 00:00,2025-05-30 00:00,9.094947017729282e-13,5.684341886080802e-14,0,True,Optimization terminated successfully. (HiGHS Status 7: Optimal),577,5.684341886080802e-14
2025-05-30,6,0.0303278749997844,7750.058106411594,144,20,3746,2025-05-10|2025-05-11|2025-05-12|2025-05-13|2025-05-14|2025-05-15|2025-05-16|2025-05-17|2025-05-18|2025-05-19|2025-05-20|2025-05-21|2025-05-22|2025-05-23|2025-05-24|2025-05-25|2025-05-26|2025-05-27|2025-05-28|2025-05-29,2025-05-30 06:00,2025-05-30 06:00,9.094947017729282e-13,2.2737367544323206e-13,0,True,Optimization terminated successfully. (HiGHS Status 7: Optimal),614,0.0
2025-05-30,12,0.03121433399974194,6878.865506820359,144,20,3746,2025-05-10|2025-05-11|2025-05-12|2025-05-13|2025-05-14|2025-05-15|2025-05-16|2025-05-17|2025-05-18|2025-05-19|2025-05-20|2025-05-21|2025-05-22|2025-05-23|2025-05-24|2025-05-25|2025-05-26|2025-05-27|2025-05-28|2025-05-29,2025-05-30 12:00,2025-05-30 12:00,9.094947017729282e-13,5.684341886080802e-14,0,True,Optimization terminated successfully. (HiGHS Status 7: Optimal),684,0.0
2025-05-30,18,0.02819029199963552,7120.639868340435,144,20,3746,2025-05-10|2025-05-11|2025-05-12|2025-05-13|2025-05-14|2025-05-15|2025-05-16|2025-05-17|2025-05-18|2025-05-19|2025-05-20|2025-05-21|2025-05-22|2025-05-23|2025-05-24|2025-05-25|2025-05-26|2025-05-27|2025-05-28|2025-05-29,2025-05-30 18:00,2025-05-30 18:00,9.094947017729282e-13,2.842170943040401e-14,0,True,Optimization terminated successfully. (HiGHS Status 7: Optimal),578,0.0
2025-05-31,0,0.031700416999228764,1076.5628398042118,144,20,3746,2025-05-11|2025-05-12|2025-05-13|2025-05-14|2025-05-15|2025-05-16|2025-05-17|2025-05-18|2025-05-19|2025-05-20|2025-05-21|2025-05-22|2025-05-23|2025-05-24|2025-05-25|2025-05-26|2025-05-27|2025-05-28|2025-05-29|2025-05-30,2025-05-31 00:00,2025-05-31 00:00,7.958078640513122e-13,2.2737367544323206e-13,0,True,Optimization terminated successfully. (HiGHS Status 7: Optimal),611,2.8421709430404007e-13
2025-05-31,6,0.030143209000016213,9958.511230525291,144,20,3746,2025-05-11|2025-05-12|2025-05-13|2025-05-14|2025-05-15|2025-05-16|2025-05-17|2025-05-18|2025-05-19|2025-05-20|2025-05-21|2025-05-22|2025-05-23|2025-05-24|2025-05-25|2025-05-26|2025-05-27|2025-05-28|2025-05-29|2025-05-30,2025-05-31 06:00,2025-05-31 06:00,9.094947017729282e-13,2.2737367544323206e-13,0,True,Optimization terminated successfully. (HiGHS Status 7: Optimal),604,2.8421709430404007e-13
2025-05-31,12,0.03307720900011191,16656.996097871815,144,20,3746,2025-05-11|2025-05-12|2025-05-13|2025-05-14|2025-05-15|2025-05-16|2025-05-17|2025-05-18|2025-05-19|2025-05-20|2025-05-21|2025-05-22|2025-05-23|2025-05-24|2025-05-25|2025-05-26|2025-05-27|2025-05-28|2025-05-29|2025-05-30,2025-05-31 12:00,2025-05-31 12:00,8.526512829121202e-13,2.2737367544323206e-13,0,True,Optimization terminated successfully. (HiGHS Status 7: Optimal),757,2.8421709430404007e-13
2025-05-31,18,0.03503616600028181,28253.590549273602,144,20,3746,2025-05-11|2025-05-12|2025-05-13|2025-05-14|2025-05-15|2025-05-16|2025-05-17|2025-05-18|2025-05-19|2025-05-20|2025-05-21|2025-05-22|2025-05-23|2025-05-24|2025-05-25|2025-05-26|2025-05-27|2025-05-28|2025-05-29|2025-05-30,2025-05-31 18:00,2025-05-31 18:00,9.023892744153272e-13,2.2737367544323206e-13,0,True,Optimization terminated successfully. (HiGHS Status 7: Optimal),844,2.8421709430404007e-13
2025-06-01,0,0.03481758300040383,2253.1974862575544,144,20,3746,2025-05-12|2025-05-13|2025-05-14|2025-05-15|2025-05-16|2025-05-17|2025-05-18|2025-05-19|2025-05-20|2025-05-21|2025-05-22|2025-05-23|2025-05-24|2025-05-25|2025-05-26|2025-05-27|2025-05-28|2025-05-29|2025-05-30|2025-05-31,2025-06-01 00:00,2025-06-01 00:00,9.094947017729282e-13,3.410605131648481e-13,0,True,Optimization terminated successfully. (HiGHS Status 7: Optimal),716,3.410605131648481e-13
2025-06-01,6,0.033005625000441796,9469.574445428429,144,20,3746,2025-05-12|2025-05-13|2025-05-14|2025-05-15|2025-05-16|2025-05-17|2025-05-18|2025-05-19|2025-05-20|2025-05-21|2025-05-22|2025-05-23|2025-05-24|2025-05-25|2025-05-26|2025-05-27|2025-05-28|2025-05-29|2025-05-30|2025-05-31,2025-06-01 06:00,2025-06-01 06:00,9.094947017729282e-13,3.410605131648481e-13,0,True,Optimization terminated successfully. (HiGHS Status 7: Optimal),797,3.410605131648481e-13
2025-06-01,12,0.03379366700028186,12993.095505321484,144,20,3746,2025-05-12|2025-05-13|2025-05-14|2025-05-15|2025-05-16|2025-05-17|2025-05-18|2025-05-19|2025-05-20|2025-05-21|2025-05-22|2025-05-23|2025-05-24|2025-05-25|2025-05-26|2025-05-27|2025-05-28|2025-05-29|2025-05-30|2025-05-31,2025-06-01 12:00,2025-06-01 12:00,9.094947017729282e-13,3.410605131648481e-13,0,True,Optimization terminated successfully. (HiGHS Status 7: Optimal),845,3.410605131648481e-13
2025-06-01,18,0.03514116699989245,29996.279465561085,144,20,3746,2025-05-12|2025-05-13|2025-05-14|2025-05-15|2025-05-16|2025-05-17|2025-05-18|2025-05-19|2025-05-20|2025-05-21|2025-05-22|2025-05-23|2025-05-24|2025-05-25|2025-05-26|2025-05-27|2025-05-28|2025-05-29|2025-05-30|2025-05-31,2025-06-01 18:00,2025-06-01 18:00,9.094947017729282e-13,3.410605131648481e-13,0,True,Optimization terminated successfully. (HiGHS Status 7: Optimal),843,3.410605131648481e-13
2025-06-02,0,0.03496620799887751,2511.0298817393013,144,20,3746,2025-05-13|2025-05-14|2025-05-15|2025-05-16|2025-05-17|2025-05-18|2025-05-19|2025-05-20|2025-05-21|2025-05-22|2025-05-23|2025-05-24|2025-05-25|2025-05-26|2025-05-27|2025-05-28|2025-05-29|2025-05-30|2025-05-31|2025-06-01,2025-06-02 00:00,2025-06-02 00:00,7.958078640513122e-13,8.526512829121202e-13,0,True,Optimization terminated successfully. (HiGHS Status 7: Optimal),726,7.958078640513122e-13
2025-06-02,6,0.03248233399972378,7393.735306270146,144,20,3746,2025-05-13|2025-05-14|2025-05-15|2025-05-16|2025-05-17|2025-05-18|2025-05-19|2025-05-20|2025-05-21|2025-05-22|2025-05-23|2025-05-24|2025-05-25|2025-05-26|2025-05-27|2025-05-28|2025-05-29|2025-05-30|2025-05-31|2025-06-01,2025-06-02 06:00,2025-06-02 06:00,7.958078640513122e-13,2.2737367544323206e-13,0,True,Optimization terminated successfully. (HiGHS Status 7: Optimal),800,2.2737367544323206e-13
2025-06-02,12,0.033920959000170114,15408.553493794916,144,20,3746,2025-05-13|2025-05-14|2025-05-15|2025-05-16|2025-05-17|2025-05-18|2025-05-19|2025-05-20|2025-05-21|2025-05-22|2025-05-23|2025-05-24|2025-05-25|2025-05-26|2025-05-27|2025-05-28|2025-05-29|2025-05-30|2025-05-31|2025-06-01,2025-06-02 12:00,2025-06-02 12:00,8.810729923425242e-13,2.2737367544323206e-13,0,True,Optimization terminated successfully. (HiGHS Status 7: Optimal),856,2.2737367544323206e-13
2025-06-02,18,0.033980000000156,25047.862523717653,144,20,3746,2025-05-13|2025-05-14|2025-05-15|2025-05-16|2025-05-17|2025-05-18|2025-05-19|2025-05-20|2025-05-21|2025-05-22|2025-05-23|2025-05-24|2025-05-25|2025-05-26|2025-05-27|2025-05-28|2025-05-29|2025-05-30|2025-05-31|2025-06-01,2025-06-02 18:00,2025-06-02 18:00,8.952838470577262e-13,2.2737367544323206e-13,0,True,Optimization terminated successfully. (HiGHS Status 7: Optimal),871,2.2737367544323206e-13
2025-06-03,0,0.03514808299951255,2737.483858680718,144,20,3746,2025-05-14|2025-05-15|2025-05-16|2025-05-17|2025-05-18|2025-05-19|2025-05-20|2025-05-21|2025-05-22|2025-05-23|2025-05-24|2025-05-25|2025-05-26|2025-05-27|2025-05-28|2025-05-29|2025-05-30|2025-05-31|2025-06-01|2025-06-02,2025-06-03 00:00,2025-06-03 00:00,9.094947017729282e-13,1.1368683772161603e-13,0,True,Optimization terminated successfully. (HiGHS Status 7: Optimal),724,2.2737367544323206e-13
2025-06-03,6,0.03685854200011818,13459.770529929312,144,20,3746,2025-05-14|2025-05-15|2025-05-16|2025-05-17|2025-05-18|2025-05-19|2025-05-20|2025-05-21|2025-05-22|2025-05-23|2025-05-24|2025-05-25|2025-05-26|2025-05-27|2025-05-28|2025-05-29|2025-05-30|2025-05-31|2025-06-01|2025-06-02,2025-06-03 06:00,2025-06-03 06:00,7.815970093361102e-13,1.1368683772161603e-13,0,True,Optimization terminated successfully. (HiGHS Status 7: Optimal),887,1.1368683772161603e-13
2025-06-03,12,0.034450625000317814,18967.649248111607,144,20,3746,2025-05-14|2025-05-15|2025-05-16|2025-05-17|2025-05-18|2025-05-19|2025-05-20|2025-05-21|2025-05-22|2025-05-23|2025-05-24|2025-05-25|2025-05-26|2025-05-27|2025-05-28|2025-05-29|2025-05-30|2025-05-31|2025-06-01|2025-06-02,2025-06-03 12:00,2025-06-03 12:00,8.348877145181177e-13,1.1368683772161603e-13,0,True,Optimization terminated successfully. (HiGHS Status 7: Optimal),914,1.1368683772161603e-13
2025-06-03,18,0.035535375000108615,21595.039427579606,144,20,3746,2025-05-14|2025-05-15|2025-05-16|2025-05-17|2025-05-18|2025-05-19|2025-05-20|2025-05-21|2025-05-22|2025-05-23|2025-05-24|2025-05-25|2025-05-26|2025-05-27|2025-05-28|2025-05-29|2025-05-30|2025-05-31|2025-06-01|2025-06-02,2025-06-03 18:00,2025-06-03 18:00,1.0231815394945443e-12,1.1368683772161603e-13,0,True,Optimization terminated successfully. (HiGHS Status 7: Optimal),851,1.1368683772161603e-13
2025-06-04,0,0.034364832999926875,2985.790505992985,144,20,3746,2025-05-15|2025-05-16|2025-05-17|2025-05-18|2025-05-19|2025-05-20|2025-05-21|2025-05-22|2025-05-23|2025-05-24|2025-05-25|2025-05-26|2025-05-27|2025-05-28|2025-05-29|2025-05-30|2025-05-31|2025-06-01|2025-06-02|2025-06-03,2025-06-04 00:00,2025-06-04 00:00,8.526512829121202e-13,2.2737367544323206e-13,0,True,Optimization terminated successfully. (HiGHS Status 7: Optimal),723,3.410605131648481e-13
2025-06-04,6,0.03428845800044655,5918.3230858988845,144,20,3746,2025-05-15|2025-05-16|2025-05-17|2025-05-18|2025-05-19|2025-05-20|2025-05-21|2025-05-22|2025-05-23|2025-05-24|2025-05-25|2025-05-26|2025-05-27|2025-05-28|2025-05-29|2025-05-30|2025-05-31|2025-06-01|2025-06-02|2025-06-03,2025-06-04 06:00,2025-06-04 06:00,9.094947017729282e-13,2.2737367544323206e-13,0,True,Optimization terminated successfully. (HiGHS Status 7: Optimal),812,2.2737367544323206e-13
2025-06-04,12,0.03460299999824201,16442.477639242476,144,20,3746,2025-05-15|2025-05-16|2025-05-17|2025-05-18|2025-05-19|2025-05-20|2025-05-21|2025-05-22|2025-05-23|2025-05-24|2025-05-25|2025-05-26|2025-05-27|2025-05-28|2025-05-29|2025-05-30|2025-05-31|2025-06-01|2025-06-02|2025-06-03,2025-06-04 12:00,2025-06-04 12:00,9.094947017729282e-13,2.2737367544323206e-13,0,True,Optimization terminated successfully. (HiGHS Status 7: Optimal),878,2.2737367544323206e-13
2025-06-04,18,0.03549349999957485,31606.59356878057,144,20,3746,2025-05-15|2025-05-16|2025-05-17|2025-05-18|2025-05-19|2025-05-20|2025-05-21|2025-05-22|2025-05-23|2025-05-24|2025-05-25|2025-05-26|2025-05-27|2025-05-28|2025-05-29|2025-05-30|2025-05-31|2025-06-01|2025-06-02|2025-06-03,2025-06-04 18:00,2025-06-04 18:00,9.094947017729282e-13,2.2737367544323206e-13,0,True,Optimization terminated successfully. (HiGHS Status 7: Optimal),870,2.2737367544323206e-13
2025-06-05,0,0.03479150000021036,2820.1414274602594,144,20,3746,2025-05-16|2025-05-17|2025-05-18|2025-05-19|2025-05-20|2025-05-21|2025-05-22|2025-05-23|2025-05-24|2025-05-25|2025-05-26|2025-05-27|2025-05-28|2025-05-29|2025-05-30|2025-05-31|2025-06-01|2025-06-02|2025-06-03|2025-06-04,2025-06-05 00:00,2025-06-05 00:00,8.526512829121202e-13,1.1368683772161603e-13,0,True,Optimization terminated successfully. (HiGHS Status 7: Optimal),715,1.1368683772161603e-13
2025-06-05,6,0.0350306250002177,10642.43476001877,144,20,3746,2025-05-16|2025-05-17|2025-05-18|2025-05-19|2025-05-20|2025-05-21|2025-05-22|2025-05-23|2025-05-24|2025-05-25|2025-05-26|2025-05-27|2025-05-28|2025-05-29|2025-05-30|2025-05-31|2025-06-01|2025-06-02|2025-06-03|2025-06-04,2025-06-05 06:00,2025-06-05 06:00,9.663381206337363e-13,2.2737367544323206e-13,0,True,Optimization terminated successfully. (HiGHS Status 7: Optimal),901,1.1368683772161603e-13
2025-06-05,12,0.03238470799988136,9941.109107255808,144,20,3746,2025-05-16|2025-05-17|2025-05-18|2025-05-19|2025-05-20|2025-05-21|2025-05-22|2025-05-23|2025-05-24|2025-05-25|2025-05-26|2025-05-27|2025-05-28|2025-05-29|2025-05-30|2025-05-31|2025-06-01|2025-06-02|2025-06-03|2025-06-04,2025-06-05 12:00,2025-06-05 12:00,8.526512829121202e-13,2.2737367544323206e-13,0,True,Optimization terminated successfully. (HiGHS Status 7: Optimal),820,1.1368683772161603e-13
2025-06-05,18,0.03549129200109746,10978.59259725227,144,20,3746,2025-05-16|2025-05-17|2025-05-18|2025-05-19|2025-05-20|2025-05-21|2025-05-22|2025-05-23|2025-05-24|2025-05-25|2025-05-26|2025-05-27|2025-05-28|2025-05-29|2025-05-30|2025-05-31|2025-06-01|2025-06-02|2025-06-03|2025-06-04,2025-06-05 18:00,2025-06-05 18:00,8.526512829121202e-13,5.684341886080801e-13,0,True,Optimization terminated successfully. (HiGHS Status 7: Optimal),777,5.684341886080801e-13
2025-06-06,0,0.038312874999974156,2197.7963080007926,144,20,3746,2025-05-17|2025-05-18|2025-05-19|2025-05-20|2025-05-21|2025-05-22|2025-05-23|2025-05-24|2025-05-25|2025-05-26|2025-05-27|2025-05-28|2025-05-29|2025-05-30|2025-05-31|2025-06-01|2025-06-02|2025-06-03|2025-06-04|2025-06-05,2025-06-06 00:00,2025-06-06 00:00,7.958078640513122e-13,1.8189894035458565e-12,0,True,Optimization terminated successfully. (HiGHS Status 7: Optimal),728,1.8189894035458565e-12
2025-06-06,6,0.03107162500054983,8363.43715500357,144,20,3746,2025-05-17|2025-05-18|2025-05-19|2025-05-20|2025-05-21|2025-05-22|2025-05-23|2025-05-24|2025-05-25|2025-05-26|2025-05-27|2025-05-28|2025-05-29|2025-05-30|2025-05-31|2025-06-01|2025-06-02|2025-06-03|2025-06-04|2025-06-05,2025-06-06 06:00,2025-06-06 06:00,8.926193117986259e-13,1.8189894035458565e-12,0,True,Optimization terminated successfully. (HiGHS Status 7: Optimal),654,1.8189894035458565e-12
2025-06-06,12,0.02926954100075818,6988.072969051774,144,20,3746,2025-05-17|2025-05-18|2025-05-19|2025-05-20|2025-05-21|2025-05-22|2025-05-23|2025-05-24|2025-05-25|2025-05-26|2025-05-27|2025-05-28|2025-05-29|2025-05-30|2025-05-31|2025-06-01|2025-06-02|2025-06-03|2025-06-04|2025-06-05,2025-06-06 12:00,2025-06-06 12:00,9.094947017729282e-13,1.8189894035458565e-12,0,True,Optimization terminated successfully. (HiGHS Status 7: Optimal),680,1.8189894035458565e-12
2025-06-06,18,0.0383536669996829,12965.16155140097,144,20,3746,2025-05-17|2025-05-18|2025-05-19|2025-05-20|2025-05-21|2025-05-22|2025-05-23|2025-05-24|2025-05-25|2025-05-26|2025-05-27|2025-05-28|2025-05-29|2025-05-30|2025-05-31|2025-06-01|2025-06-02|2025-06-03|2025-06-04|2025-06-05,2025-06-06 18:00,2025-06-06 18:00,9.094947017729282e-13,1.8189894035458565e-12,0,True,Optimization terminated successfully. (HiGHS Status 7: Optimal),784,1.8189894035458565e-12
2025-06-07,0,0.03416470800038951,2149.3354836643534,144,20,3746,2025-05-18|2025-05-19|2025-05-20|2025-05-21|2025-05-22|2025-05-23|2025-05-24|2025-05-25|2025-05-26|2025-05-27|2025-05-28|2025-05-29|2025-05-30|2025-05-31|2025-06-01|2025-06-02|2025-06-03|2025-06-04|2025-06-05|2025-06-06,2025-06-07 00:00,2025-06-07 00:00,8.526512829121202e-13,1.4779288903810084e-12,0,True,Optimization terminated successfully. (HiGHS Status 7: Optimal),676,1.4779288903810084e-12
2025-06-07,6,0.0300803750014893,10997.573853828848,144,20,3746,2025-05-18|2025-05-19|2025-05-20|2025-05-21|2025-05-22|2025-05-23|2025-05-24|2025-05-25|2025-05-26|2025-05-27|2025-05-28|2025-05-29|2025-05-30|2025-05-31|2025-06-01|2025-06-02|2025-06-03|2025-06-04|2025-06-05|2025-06-06,2025-06-07 06:00,2025-06-07 06:00,8.952838470577262e-13,1.4779288903810084e-12,0,True,Optimization terminated successfully. (HiGHS Status 7: Optimal),662,1.4779288903810084e-12
2025-06-07,12,0.03555950000009034,16078.790468136436,144,20,3746,2025-05-18|2025-05-19|2025-05-20|2025-05-21|2025-05-22|2025-05-23|2025-05-24|2025-05-25|2025-05-26|2025-05-27|2025-05-28|2025-05-29|2025-05-30|2025-05-31|2025-06-01|2025-06-02|2025-06-03|2025-06-04|2025-06-05|2025-06-06,2025-06-07 12:00,2025-06-07 12:00,9.094947017729282e-13,1.7763568394002505e-15,0,True,Optimization terminated successfully. (HiGHS Status 7: Optimal),807,5.684341886080802e-14
2025-06-07,18,0.034838416999264155,25343.32844534264,144,20,3746,2025-05-18|2025-05-19|2025-05-20|2025-05-21|2025-05-22|2025-05-23|2025-05-24|2025-05-25|2025-05-26|2025-05-27|2025-05-28|2025-05-29|2025-05-30|2025-05-31|2025-06-01|2025-06-02|2025-06-03|2025-06-04|2025-06-05|2025-06-06,2025-06-07 18:00,2025-06-07 18:00,9.094947017729282e-13,1.1368683772161603e-13,0,True,Optimization terminated successfully. (HiGHS Status 7: Optimal),836,5.684341886080802e-14
2025-06-08,0,0.03464337500008696,2520.399144338313,144,20,3746,2025-05-19|2025-05-20|2025-05-21|2025-05-22|2025-05-23|2025-05-24|2025-05-25|2025-05-26|2025-05-27|2025-05-28|2025-05-29|2025-05-30|2025-05-31|2025-06-01|2025-06-02|2025-06-03|2025-06-04|2025-06-05|2025-06-06|2025-06-07,2025-06-08 00:00,2025-06-08 00:00,9.094947017729282e-13,1.1368683772161603e-13,0,True,Optimization terminated successfully. (HiGHS Status 7: Optimal),698,1.1368683772161603e-13
2025-06-08,6,0.03512104099900171,13501.768255598074,144,20,3746,2025-05-19|2025-05-20|2025-05-21|2025-05-22|2025-05-23|2025-05-24|2025-05-25|2025-05-26|2025-05-27|2025-05-28|2025-05-29|2025-05-30|2025-05-31|2025-06-01|2025-06-02|2025-06-03|2025-06-04|2025-06-05|2025-06-06|2025-06-07,2025-06-08 06:00,2025-06-08 06:00,9.094947017729282e-13,1.1368683772161603e-13,0,True,Optimization terminated successfully. (HiGHS Status 7: Optimal),880,1.1368683772161603e-13
2025-06-08,12,0.035669834000145784,17997.153609553632,144,20,3746,2025-05-19|2025-05-20|2025-05-21|2025-05-22|2025-05-23|2025-05-24|2025-05-25|2025-05-26|2025-05-27|2025-05-28|2025-05-29|2025-05-30|2025-05-31|2025-06-01|2025-06-02|2025-06-03|2025-06-04|2025-06-05|2025-06-06|2025-06-07,2025-06-08 12:00,2025-06-08 12:00,8.810729923425242e-13,1.1368683772161603e-13,0,True,Optimization terminated successfully. (HiGHS Status 7: Optimal),919,1.1368683772161603e-13
2025-06-08,18,0.03580908299954899,32637.71748523067,144,20,3746,2025-05-19|2025-05-20|2025-05-21|2025-05-22|2025-05-23|2025-05-24|2025-05-25|2025-05-26|2025-05-27|2025-05-28|2025-05-29|2025-05-30|2025-05-31|2025-06-01|2025-06-02|2025-06-03|2025-06-04|2025-06-05|2025-06-06|2025-06-07,2025-06-08 18:00,2025-06-08 18:00,1.0231815394945443e-12,2.2737367544323206e-13,0,True,Optimization terminated successfully. (HiGHS Status 7: Optimal),870,1.1368683772161603e-13
2025-06-09,0,0.034368750000794535,2658.0619946295765,144,20,3746,2025-05-20|2025-05-21|2025-05-22|2025-05-23|2025-05-24|2025-05-25|2025-05-26|2025-05-27|2025-05-28|2025-05-29|2025-05-30|2025-05-31|2025-06-01|2025-06-02|2025-06-03|2025-06-04|2025-06-05|2025-06-06|2025-06-07|2025-06-08,2025-06-09 00:00,2025-06-09 00:00,8.526512829121202e-13,8.526512829121202e-13,0,True,Optimization terminated successfully. (HiGHS Status 7: Optimal),689,8.526512829121202e-13
2025-06-09,6,0.031984041999749024,10049.960193684014,144,20,3746,2025-05-20|2025-05-21|2025-05-22|2025-05-23|2025-05-24|2025-05-25|2025-05-26|2025-05-27|2025-05-28|2025-05-29|2025-05-30|2025-05-31|2025-06-01|2025-06-02|2025-06-03|2025-06-04|2025-06-05|2025-06-06|2025-06-07|2025-06-08,2025-06-09 06:00,2025-06-09 06:00,8.668621376273222e-13,2.2737367544323206e-13,0,True,Optimization terminated successfully. (HiGHS Status 7: Optimal),799,0.0
2025-06-09,12,0.032967291999739246,27169.846153222756,144,20,3746,2025-05-20|2025-05-21|2025-05-22|2025-05-23|2025-05-24|2025-05-25|2025-05-26|2025-05-27|2025-05-28|2025-05-29|2025-05-30|2025-05-31|2025-06-01|2025-06-02|2025-06-03|2025-06-04|2025-06-05|2025-06-06|2025-06-07|2025-06-08,2025-06-09 12:00,2025-06-09 12:00,9.094947017729282e-13,1.1368683772161603e-13,0,True,Optimization terminated successfully. (HiGHS Status 7: Optimal),864,1.1368683772161603e-13
2025-06-09,18,0.03534350000154518,31434.416309026357,144,20,3746,2025-05-20|2025-05-21|2025-05-22|2025-05-23|2025-05-24|2025-05-25|2025-05-26|2025-05-27|2025-05-28|2025-05-29|2025-05-30|2025-05-31|2025-06-01|2025-06-02|2025-06-03|2025-06-04|2025-06-05|2025-06-06|2025-06-07|2025-06-08,2025-06-09 18:00,2025-06-09 18:00,9.094947017729282e-13,1.1368683772161603e-13,0,True,Optimization terminated successfully. (HiGHS Status 7: Optimal),833,0.0
2025-06-10,0,0.03427204199942935,2558.532070313929,144,20,3746,2025-05-21|2025-05-22|2025-05-23|2025-05-24|2025-05-25|2025-05-26|2025-05-27|2025-05-28|2025-05-29|2025-05-30|2025-05-31|2025-06-01|2025-06-02|2025-06-03|2025-06-04|2025-06-05|2025-06-06|2025-06-07|2025-06-08|2025-06-09,2025-06-10 00:00,2025-06-10 00:00,9.094947017729282e-13,7.105427357601002e-13,0,True,Optimization terminated successfully. (HiGHS Status 7: Optimal),686,7.105427357601002e-13
2025-06-10,6,0.03608008299852372,12831.30063799827,144,20,3746,2025-05-21|2025-05-22|2025-05-23|2025-05-24|2025-05-25|2025-05-26|2025-05-27|2025-05-28|2025-05-29|2025-05-30|2025-05-31|2025-06-01|2025-06-02|2025-06-03|2025-06-04|2025-06-05|2025-06-06|2025-06-07|2025-06-08|2025-06-09,2025-06-10 06:00,2025-06-10 06:00,8.419931418757187e-13,2.2737367544323206e-13,0,True,Optimization terminated successfully. (HiGHS Status 7: Optimal),900,2.2737367544323206e-13
2025-06-10,12,0.03825775000041176,30659.11398440628,144,20,3746,2025-05-21|2025-05-22|2025-05-23|2025-05-24|2025-05-25|2025-05-26|2025-05-27|2025-05-28|2025-05-29|2025-05-30|2025-05-31|2025-06-01|2025-06-02|2025-06-03|2025-06-04|2025-06-05|2025-06-06|2025-06-07|2025-06-08|2025-06-09,2025-06-10 12:00,2025-06-10 12:00,8.526512829121202e-13,2.2737367544323206e-13,0,True,Optimization terminated successfully. (HiGHS Status 7: Optimal),1016,2.2737367544323206e-13
2025-06-10,18,0.034500499999921885,41110.0986086121,144,20,3746,2025-05-21|2025-05-22|2025-05-23|2025-05-24|2025-05-25|2025-05-26|2025-05-27|2025-05-28|2025-05-29|2025-05-30|2025-05-31|2025-06-01|2025-06-02|2025-06-03|2025-06-04|2025-06-05|2025-06-06|2025-06-07|2025-06-08|2025-06-09,2025-06-10 18:00,2025-06-10 18:00,7.958078640513122e-13,4.547473508864641e-13,0,True,Optimization terminated successfully. (HiGHS Status 7: Optimal),877,4.547473508864641e-13
2025-06-11,0,0.034501333999287453,2728.3150696690495,144,20,3746,2025-05-22|2025-05-23|2025-05-24|2025-05-25|2025-05-26|2025-05-27|2025-05-28|2025-05-29|2025-05-30|2025-05-31|2025-06-01|2025-06-02|2025-06-03|2025-06-04|2025-06-05|2025-06-06|2025-06-07|2025-06-08|2025-06-09|2025-06-10,2025-06-11 00:00,2025-06-11 00:00,7.958078640513122e-13,2.2737367544323206e-13,0,True,Optimization terminated successfully. (HiGHS Status 7: Optimal),703,3.410605131648481e-13
2025-06-11,6,0.03641104199959955,13991.190191212523,144,20,3746,2025-05-22|2025-05-23|2025-05-24|2025-05-25|2025-05-26|2025-05-27|2025-05-28|2025-05-29|2025-05-30|2025-05-31|2025-06-01|2025-06-02|2025-06-03|2025-06-04|2025-06-05|2025-06-06|2025-06-07|2025-06-08|2025-06-09|2025-06-10,2025-06-11 06:00,2025-06-11 06:00,9.094947017729282e-13,2.2737367544323206e-13,0,True,Optimization terminated successfully. (HiGHS Status 7: Optimal),938,1.1368683772161603e-13
2025-06-11,12,0.03408375000071828,21932.202361609652,144,20,3746,2025-05-22|2025-05-23|2025-05-24|2025-05-25|2025-05-26|2025-05-27|2025-05-28|2025-05-29|2025-05-30|2025-05-31|2025-06-01|2025-06-02|2025-06-03|2025-06-04|2025-06-05|2025-06-06|2025-06-07|2025-06-08|2025-06-09|2025-06-10,2025-06-11 12:00,2025-06-11 12:00,9.094947017729282e-13,1.1368683772161603e-13,0,True,Optimization terminated successfully. (HiGHS Status 7: Optimal),879,1.1368683772161603e-13
2025-06-11,18,0.036160208999717725,37685.00253405842,144,20,3746,2025-05-22|2025-05-23|2025-05-24|2025-05-25|2025-05-26|2025-05-27|2025-05-28|2025-05-29|2025-05-30|2025-05-31|2025-06-01|2025-06-02|2025-06-03|2025-06-04|2025-06-05|2025-06-06|2025-06-07|2025-06-08|2025-06-09|2025-06-10,2025-06-11 18:00,2025-06-11 18:00,9.094947017729282e-13,2.2737367544323206e-13,0,True,Optimization terminated successfully. (HiGHS Status 7: Optimal),856,1.1368683772161603e-13
2025-06-12,0,0.0347193329998845,2899.7382737202056,144,20,3746,2025-05-23|2025-05-24|2025-05-25|2025-05-26|2025-05-27|2025-05-28|2025-05-29|2025-05-30|2025-05-31|2025-06-01|2025-06-02|2025-06-03|2025-06-04|2025-06-05|2025-06-06|2025-06-07|2025-06-08|2025-06-09|2025-06-10|2025-06-11,2025-06-12 00:00,2025-06-12 00:00,7.958078640513122e-13,2.8421709430404007e-13,0,True,Optimization terminated successfully. (HiGHS Status 7: Optimal),710,2.8421709430404007e-13
2025-06-12,6,0.037503792000279645,10771.990894839459,144,20,3746,2025-05-23|2025-05-24|2025-05-25|2025-05-26|2025-05-27|2025-05-28|2025-05-29|2025-05-30|2025-05-31|2025-06-01|2025-06-02|2025-06-03|2025-06-04|2025-06-05|2025-06-06|2025-06-07|2025-06-08|2025-06-09|2025-06-10|2025-06-11,2025-06-12 06:00,2025-06-12 06:00,9.094947017729282e-13,2.2737367544323206e-13,0,True,Optimization terminated successfully. (HiGHS Status 7: Optimal),917,0.0
2025-06-12,12,0.03466395800023747,15164.295770798475,144,20,3746,2025-05-23|2025-05-24|2025-05-25|2025-05-26|2025-05-27|2025-05-28|2025-05-29|2025-05-30|2025-05-31|2025-06-01|2025-06-02|2025-06-03|2025-06-04|2025-06-05|2025-06-06|2025-06-07|2025-06-08|2025-06-09|2025-06-10|2025-06-11,2025-06-12 12:00,2025-06-12 12:00,9.094947017729282e-13,2.2737367544323206e-13,0,True,Optimization terminated successfully. (HiGHS Status 7: Optimal),858,1.1368683772161603e-13
2025-06-12,18,0.03672991699932027,12013.813696951205,144,20,3746,2025-05-23|2025-05-24|2025-05-25|2025-05-26|2025-05-27|2025-05-28|2025-05-29|2025-05-30|2025-05-31|2025-06-01|2025-06-02|2025-06-03|2025-06-04|2025-06-05|2025-06-06|2025-06-07|2025-06-08|2025-06-09|2025-06-10|2025-06-11,2025-06-12 18:00,2025-06-12 18:00,9.094947017729282e-13,1.1368683772161603e-13,0,True,Optimization terminated successfully. (HiGHS Status 7: Optimal),780,1.1368683772161603e-13
2025-06-13,0,0.0396447499988426,1941.4780402603765,144,20,3746,2025-05-24|2025-05-25|2025-05-26|2025-05-27|2025-05-28|2025-05-29|2025-05-30|2025-05-31|2025-06-01|2025-06-02|2025-06-03|2025-06-04|2025-06-05|2025-06-06|2025-06-07|2025-06-08|2025-06-09|2025-06-10|2025-06-11|2025-06-12,2025-06-13 00:00,2025-06-13 00:00,8.810729923425242e-13,1.0231815394945443e-12,0,True,Optimization terminated successfully. (HiGHS Status 7: Optimal),706,1.0231815394945443e-12
2025-06-13,6,0.032687709001038456,8680.115625336346,144,20,3746,2025-05-24|2025-05-25|2025-05-26|2025-05-27|2025-05-28|2025-05-29|2025-05-30|2025-05-31|2025-06-01|2025-06-02|2025-06-03|2025-06-04|2025-06-05|2025-06-06|2025-06-07|2025-06-08|2025-06-09|2025-06-10|2025-06-11|2025-06-12,2025-06-13 06:00,2025-06-13 06:00,8.526512829121202e-13,1.1368683772161603e-13,0,True,Optimization terminated successfully. (HiGHS Status 7: Optimal),694,0.0
2025-06-13,12,0.03055116700124927,7542.4953832768815,144,20,3746,2025-05-24|2025-05-25|2025-05-26|2025-05-27|2025-05-28|2025-05-29|2025-05-30|2025-05-31|2025-06-01|2025-06-02|2025-06-03|2025-06-04|2025-06-05|2025-06-06|2025-06-07|2025-06-08|2025-06-09|2025-06-10|2025-06-11|2025-06-12,2025-06-13 12:00,2025-06-13 12:00,8.526512829121202e-13,1.1368683772161603e-13,0,True,Optimization terminated successfully. (HiGHS Status 7: Optimal),720,0.0
2025-06-13,18,0.037868957999307895,12033.076534994687,144,20,3746,2025-05-24|2025-05-25|2025-05-26|2025-05-27|2025-05-28|2025-05-29|2025-05-30|2025-05-31|2025-06-01|2025-06-02|2025-06-03|2025-06-04|2025-06-05|2025-06-06|2025-06-07|2025-06-08|2025-06-09|2025-06-10|2025-06-11|2025-06-12,2025-06-13 18:00,2025-06-13 18:00,9.094947017729282e-13,1.1368683772161603e-13,0,True,Optimization terminated successfully. (HiGHS Status 7: Optimal),779,0.0
2025-06-14,0,0.040598415998829296,1938.333572017134,144,20,3746,2025-05-25|2025-05-26|2025-05-27|2025-05-28|2025-05-29|2025-05-30|2025-05-31|2025-06-01|2025-06-02|2025-06-03|2025-06-04|2025-06-05|2025-06-06|2025-06-07|2025-06-08|2025-06-09|2025-06-10|2025-06-11|2025-06-12|2025-06-13,2025-06-14 00:00,2025-06-14 00:00,8.881784197001252e-13,2.2737367544323206e-13,0,True,Optimization terminated successfully. (HiGHS Status 7: Optimal),749,2.2737367544323206e-13
2025-06-14,6,0.03282237500025076,11916.165851099206,144,20,3746,2025-05-25|2025-05-26|2025-05-27|2025-05-28|2025-05-29|2025-05-30|2025-05-31|2025-06-01|2025-06-02|2025-06-03|2025-06-04|2025-06-05|2025-06-06|2025-06-07|2025-06-08|2025-06-09|2025-06-10|2025-06-11|2025-06-12|2025-06-13,2025-06-14 06:00,2025-06-14 06:00,9.094947017729282e-13,5.684341886080802e-14,0,True,Optimization terminated successfully. (HiGHS Status 7: Optimal),692,0.0
2025-06-14,12,0.03281550000065181,17171.71171671059,144,20,3746,2025-05-25|2025-05-26|2025-05-27|2025-05-28|2025-05-29|2025-05-30|2025-05-31|2025-06-01|2025-06-02|2025-06-03|2025-06-04|2025-06-05|2025-06-06|2025-06-07|2025-06-08|2025-06-09|2025-06-10|2025-06-11|2025-06-12|2025-06-13,2025-06-14 12:00,2025-06-14 12:00,9.094947017729282e-13,5.684341886080802e-14,0,True,Optimization terminated successfully. (HiGHS Status 7: Optimal),744,0.0
2025-06-14,18,0.034931457999846316,35554.36726676455,144,20,3746,2025-05-25|2025-05-26|2025-05-27|2025-05-28|2025-05-29|2025-05-30|2025-05-31|2025-06-01|2025-06-02|2025-06-03|2025-06-04|2025-06-05|2025-06-06|2025-06-07|2025-06-08|2025-06-09|2025-06-10|2025-06-11|2025-06-12|2025-06-13,2025-06-14 18:00,2025-06-14 18:00,9.094947017729282e-13,5.684341886080802e-14,0,True,Optimization terminated successfully. (HiGHS Status 7: Optimal),826,0.0
2025-06-15,0,0.03381983399958699,2731.526433256239,144,20,3746,2025-05-26|2025-05-27|2025-05-28|2025-05-29|2025-05-30|2025-05-31|2025-06-01|2025-06-02|2025-06-03|2025-06-04|2025-06-05|2025-06-06|2025-06-07|2025-06-08|2025-06-09|2025-06-10|2025-06-11|2025-06-12|2025-06-13|2025-06-14,2025-06-15 00:00,2025-06-15 00:00,7.958078640513122e-13,3.410605131648481e-13,0,True,Optimization terminated successfully. (HiGHS Status 7: Optimal),684,3.410605131648481e-13
2025-06-15,6,0.042907708999337046,16367.824871244733,144,20,3746,2025-05-26|2025-05-27|2025-05-28|2025-05-29|2025-05-30|2025-05-31|2025-06-01|2025-06-02|2025-06-03|2025-06-04|2025-06-05|2025-06-06|2025-06-07|2025-06-08|2025-06-09|2025-06-10|2025-06-11|2025-06-12|2025-06-13|2025-06-14,2025-06-15 06:00,2025-06-15 06:00,9.094947017729282e-13,1.1368683772161603e-13,0,True,Optimization terminated successfully. (HiGHS Status 7: Optimal),1017,1.1368683772161603e-13
2025-06-15,12,0.037341625000408385,25807.595698072222,144,20,3746,2025-05-26|2025-05-27|2025-05-28|2025-05-29|2025-05-30|2025-05-31|2025-06-01|2025-06-02|2025-06-03|2025-06-04|2025-06-05|2025-06-06|2025-06-07|2025-06-08|2025-06-09|2025-06-10|2025-06-11|2025-06-12|2025-06-13|2025-06-14,2025-06-15 12:00,2025-06-15 12:00,9.094947017729282e-13,2.2737367544323206e-13,0,True,Optimization terminated successfully. (HiGHS Status 7: Optimal),939,1.1368683772161603e-13
2025-06-15,18,0.03594554099981906,41189.78198396283,144,20,3746,2025-05-26|2025-05-27|2025-05-28|2025-05-29|2025-05-30|2025-05-31|2025-06-01|2025-06-02|2025-06-03|2025-06-04|2025-06-05|2025-06-06|2025-06-07|2025-06-08|2025-06-09|2025-06-10|2025-06-11|2025-06-12|2025-06-13|2025-06-14,2025-06-15 18:00,2025-06-15 18:00,1.0231815394945443e-12,2.2737367544323206e-13,0,True,Optimization terminated successfully. (HiGHS Status 7: Optimal),856,1.1368683772161603e-13
2025-06-16,0,0.03387845900033426,2496.864546523663,144,20,3746,2025-05-27|2025-05-28|2025-05-29|2025-05-30|2025-05-31|2025-06-01|2025-06-02|2025-06-03|2025-06-04|2025-06-05|2025-06-06|2025-06-07|2025-06-08|2025-06-09|2025-06-10|2025-06-11|2025-06-12|2025-06-13|2025-06-14|2025-06-15,2025-06-16 00:00,2025-06-16 00:00,7.958078640513122e-13,5.400124791776761e-13,0,True,Optimization terminated successfully. (HiGHS Status 7: Optimal),687,5.400124791776761e-13
2025-06-16,6,0.04103858400048921,14998.307679987642,144,20,3746,2025-05-27|2025-05-28|2025-05-29|2025-05-30|2025-05-31|2025-06-01|2025-06-02|2025-06-03|2025-06-04|2025-06-05|2025-06-06|2025-06-07|2025-06-08|2025-06-09|2025-06-10|2025-06-11|2025-06-12|2025-06-13|2025-06-14|2025-06-15,2025-06-16 06:00,2025-06-16 06:00,9.094947017729282e-13,2.2737367544323206e-13,0,True,Optimization terminated successfully. (HiGHS Status 7: Optimal),1028,1.1368683772161603e-13
2025-06-16,12,0.03541508300077112,23482.0581460063,144,20,3746,2025-05-27|2025-05-28|2025-05-29|2025-05-30|2025-05-31|2025-06-01|2025-06-02|2025-06-03|2025-06-04|2025-06-05|2025-06-06|2025-06-07|2025-06-08|2025-06-09|2025-06-10|2025-06-11|2025-06-12|2025-06-13|2025-06-14|2025-06-15,2025-06-16 12:00,2025-06-16 12:00,9.094947017729282e-13,1.1368683772161603e-13,0,True,Optimization terminated successfully. (HiGHS Status 7: Optimal),887,1.1368683772161603e-13
2025-06-16,18,0.034853208000640734,41397.32869242227,144,20,3746,2025-05-27|2025-05-28|2025-05-29|2025-05-30|2025-05-31|2025-06-01|2025-06-02|2025-06-03|2025-06-04|2025-06-05|2025-06-06|2025-06-07|2025-06-08|2025-06-09|2025-06-10|2025-06-11|2025-06-12|2025-06-13|2025-06-14|2025-06-15,2025-06-16 18:00,2025-06-16 18:00,9.094947017729282e-13,1.1368683772161603e-13,0,True,Optimization terminated successfully. (HiGHS Status 7: Optimal),876,1.1368683772161603e-13
2025-06-17,0,0.033317209001324954,2410.367337940686,144,20,3746,2025-05-28|2025-05-29|2025-05-30|2025-05-31|2025-06-01|2025-06-02|2025-06-03|2025-06-04|2025-06-05|2025-06-06|2025-06-07|2025-06-08|2025-06-09|2025-06-10|2025-06-11|2025-06-12|2025-06-13|2025-06-14|2025-06-15|2025-06-16,2025-06-17 00:00,2025-06-17 00:00,7.958078640513122e-13,5.684341886080801e-13,0,True,Optimization terminated successfully. (HiGHS Status 7: Optimal),689,5.684341886080801e-13
2025-06-17,6,0.04021825000017998,16777.479418471372,144,20,3746,2025-05-28|2025-05-29|2025-05-30|2025-05-31|2025-06-01|2025-06-02|2025-06-03|2025-06-04|2025-06-05|2025-06-06|2025-06-07|2025-06-08|2025-06-09|2025-06-10|2025-06-11|2025-06-12|2025-06-13|2025-06-14|2025-06-15|2025-06-16,2025-06-17 06:00,2025-06-17 06:00,9.094947017729282e-13,2.2737367544323206e-13,0,True,Optimization terminated successfully. (HiGHS Status 7: Optimal),1046,2.2737367544323206e-13
2025-06-17,12,0.03493504200014286,24002.622884151482,144,20,3746,2025-05-28|2025-05-29|2025-05-30|2025-05-31|2025-06-01|2025-06-02|2025-06-03|2025-06-04|2025-06-05|2025-06-06|2025-06-07|2025-06-08|2025-06-09|2025-06-10|2025-06-11|2025-06-12|2025-06-13|2025-06-14|2025-06-15|2025-06-16,2025-06-17 12:00,2025-06-17 12:00,9.094947017729282e-13,2.2737367544323206e-13,0,True,Optimization terminated successfully. (HiGHS Status 7: Optimal),908,2.2737367544323206e-13
2025-06-17,18,0.03555033399970853,39019.995190593254,144,20,3746,2025-05-28|2025-05-29|2025-05-30|2025-05-31|2025-06-01|2025-06-02|2025-06-03|2025-06-04|2025-06-05|2025-06-06|2025-06-07|2025-06-08|2025-06-09|2025-06-10|2025-06-11|2025-06-12|2025-06-13|2025-06-14|2025-06-15|2025-06-16,2025-06-17 18:00,2025-06-17 18:00,9.094947017729282e-13,2.2737367544323206e-13,0,True,Optimization terminated successfully. (HiGHS Status 7: Optimal),884,2.2737367544323206e-13
2025-06-18,0,0.03482087500015041,2408.5111931609945,144,20,3746,2025-05-29|2025-05-30|2025-05-31|2025-06-01|2025-06-02|2025-06-03|2025-06-04|2025-06-05|2025-06-06|2025-06-07|2025-06-08|2025-06-09|2025-06-10|2025-06-11|2025-06-12|2025-06-13|2025-06-14|2025-06-15|2025-06-16|2025-06-17,2025-06-18 00:00,2025-06-18 00:00,9.094947017729282e-13,2.2737367544323206e-13,0,True,Optimization terminated successfully. (HiGHS Status 7: Optimal),709,1.1368683772161603e-13
2025-06-18,6,0.04124924999996438,16358.073021724082,144,20,3746,2025-05-29|2025-05-30|2025-05-31|2025-06-01|2025-06-02|2025-06-03|2025-06-04|2025-06-05|2025-06-06|2025-06-07|2025-06-08|2025-06-09|2025-06-10|2025-06-11|2025-06-12|2025-06-13|2025-06-14|2025-06-15|2025-06-16|2025-06-17,2025-06-18 06:00,2025-06-18 06:00,8.526512829121202e-13,1.1368683772161603e-13,0,True,Optimization terminated successfully. (HiGHS Status 7: Optimal),1050,1.1368683772161603e-13
2025-06-18,12,0.034819999998944695,25181.575313227295,144,20,3746,2025-05-29|2025-05-30|2025-05-31|2025-06-01|2025-06-02|2025-06-03|2025-06-04|2025-06-05|2025-06-06|2025-06-07|2025-06-08|2025-06-09|2025-06-10|2025-06-11|2025-06-12|2025-06-13|2025-06-14|2025-06-15|2025-06-16|2025-06-17,2025-06-18 12:00,2025-06-18 12:00,8.588685318500211e-13,1.1368683772161603e-13,0,True,Optimization terminated successfully. (HiGHS Status 7: Optimal),930,1.1368683772161603e-13
2025-06-18,18,0.033626874999754364,39530.982211337316,144,20,3746,2025-05-29|2025-05-30|2025-05-31|2025-06-01|2025-06-02|2025-06-03|2025-06-04|2025-06-05|2025-06-06|2025-06-07|2025-06-08|2025-06-09|2025-06-10|2025-06-11|2025-06-12|2025-06-13|2025-06-14|2025-06-15|2025-06-16|2025-06-17,2025-06-18 18:00,2025-06-18 18:00,9.094947017729282e-13,1.1368683772161603e-13,0,True,Optimization terminated successfully. (HiGHS Status 7: Optimal),871,1.1368683772161603e-13
2025-06-19,0,0.034842625000237604,2549.754976545723,144,20,3746,2025-05-30|2025-05-31|2025-06-01|2025-06-02|2025-06-03|2025-06-04|2025-06-05|2025-06-06|2025-06-07|2025-06-08|2025-06-09|2025-06-10|2025-06-11|2025-06-12|2025-06-13|2025-06-14|2025-06-15|2025-06-16|2025-06-17|2025-06-18,2025-06-19 00:00,2025-06-19 00:00,9.094947017729282e-13,1.3642420526593924e-12,0,True,Optimization terminated successfully. (HiGHS Status 7: Optimal),716,1.4139800441625994e-12
2025-06-19,6,0.036401583998667775,10670.61277582408,144,20,3746,2025-05-30|2025-05-31|2025-06-01|2025-06-02|2025-06-03|2025-06-04|2025-06-05|2025-06-06|2025-06-07|2025-06-08|2025-06-09|2025-06-10|2025-06-11|2025-06-12|2025-06-13|2025-06-14|2025-06-15|2025-06-16|2025-06-17|2025-06-18,2025-06-19 06:00,2025-06-19 06:00,8.588685318500211e-13,1.1368683772161603e-13,0,True,Optimization terminated successfully. (HiGHS Status 7: Optimal),922,2.2737367544323206e-13
2025-06-19,12,0.03974945799927809,14886.762488633733,144,20,3746,2025-05-30|2025-05-31|2025-06-01|2025-06-02|2025-06-03|2025-06-04|2025-06-05|2025-06-06|2025-06-07|2025-06-08|2025-06-09|2025-06-10|2025-06-11|2025-06-12|2025-06-13|2025-06-14|2025-06-15|2025-06-16|2025-06-17|2025-06-18,2025-06-19 12:00,2025-06-19 12:00,7.105427357601002e-13,1.1368683772161603e-13,0,True,Optimization terminated successfully. (HiGHS Status 7: Optimal),966,2.2737367544323206e-13
2025-06-19,18,0.036887291998937144,8832.065000738023,144,20,3746,2025-05-30|2025-05-31|2025-06-01|2025-06-02|2025-06-03|2025-06-04|2025-06-05|2025-06-06|2025-06-07|2025-06-08|2025-06-09|2025-06-10|2025-06-11|2025-06-12|2025-06-13|2025-06-14|2025-06-15|2025-06-16|2025-06-17|2025-06-18,2025-06-19 18:00,2025-06-19 18:00,7.958078640513122e-13,1.1368683772161603e-13,0,True,Optimization terminated successfully. (HiGHS Status 7: Optimal),762,2.2737367544323206e-13
2025-06-20,0,0.03964112500034389,1608.910222002806,144,20,3746,2025-05-31|2025-06-01|2025-06-02|2025-06-03|2025-06-04|2025-06-05|2025-06-06|2025-06-07|2025-06-08|2025-06-09|2025-06-10|2025-06-11|2025-06-12|2025-06-13|2025-06-14|2025-06-15|2025-06-16|2025-06-17|2025-06-18|2025-06-19,2025-06-20 00:00,2025-06-20 00:00,7.958078640513122e-13,1.1368683772161603e-13,0,True,Optimization terminated successfully. (HiGHS Status 7: Optimal),718,1.1368683772161603e-13
2025-06-20,6,0.03297933300018485,8909.216742118419,144,20,3746,2025-05-31|2025-06-01|2025-06-02|2025-06-03|2025-06-04|2025-06-05|2025-06-06|2025-06-07|2025-06-08|2025-06-09|2025-06-10|2025-06-11|2025-06-12|2025-06-13|2025-06-14|2025-06-15|2025-06-16|2025-06-17|2025-06-18|2025-06-19,2025-06-20 06:00,2025-06-20 06:00,8.952838470577262e-13,1.1368683772161603e-13,0,True,Optimization terminated successfully. (HiGHS Status 7: Optimal),691,1.1368683772161603e-13
2025-06-20,12,0.03502187500089349,13517.9103040027,144,20,3746,2025-05-31|2025-06-01|2025-06-02|2025-06-03|2025-06-04|2025-06-05|2025-06-06|2025-06-07|2025-06-08|2025-06-09|2025-06-10|2025-06-11|2025-06-12|2025-06-13|2025-06-14|2025-06-15|2025-06-16|2025-06-17|2025-06-18|2025-06-19,2025-06-20 12:00,2025-06-20 12:00,9.094947017729282e-13,2.2737367544323206e-13,0,True,Optimization terminated successfully. (HiGHS Status 7: Optimal),753,1.1368683772161603e-13
2025-06-20,18,0.027712625000276603,6911.371214845758,144,20,3746,2025-05-31|2025-06-01|2025-06-02|2025-06-03|2025-06-04|2025-06-05|2025-06-06|2025-06-07|2025-06-08|2025-06-09|2025-06-10|2025-06-11|2025-06-12|2025-06-13|2025-06-14|2025-06-15|2025-06-16|2025-06-17|2025-06-18|2025-06-19,2025-06-20 18:00,2025-06-20 18:00,9.094947017729282e-13,5.684341886080802e-14,0,True,Optimization terminated successfully. (HiGHS Status 7: Optimal),582,1.1368683772161603e-13
2025-06-21,0,0.031740166999952635,1124.070807187374,144,20,3746,2025-06-01|2025-06-02|2025-06-03|2025-06-04|2025-06-05|2025-06-06|2025-06-07|2025-06-08|2025-06-09|2025-06-10|2025-06-11|2025-06-12|2025-06-13|2025-06-14|2025-06-15|2025-06-16|2025-06-17|2025-06-18|2025-06-19|2025-06-20,2025-06-21 00:00,2025-06-21 00:00,8.242295734817162e-13,4.263256414560601e-13,0,True,Optimization terminated successfully. (HiGHS Status 7: Optimal),621,4.263256414560601e-13
2025-06-21,6,0.0314048330001242,11596.183314486072,144,20,3746,2025-06-01|2025-06-02|2025-06-03|2025-06-04|2025-06-05|2025-06-06|2025-06-07|2025-06-08|2025-06-09|2025-06-10|2025-06-11|2025-06-12|2025-06-13|2025-06-14|2025-06-15|2025-06-16|2025-06-17|2025-06-18|2025-06-19|2025-06-20,2025-06-21 06:00,2025-06-21 06:00,9.094947017729282e-13,1.1368683772161603e-13,0,True,Optimization terminated successfully. (HiGHS Status 7: Optimal),688,1.1368683772161603e-13
2025-06-21,12,0.03391633399951388,17654.474967165428,144,20,3746,2025-06-01|2025-06-02|2025-06-03|2025-06-04|2025-06-05|2025-06-06|2025-06-07|2025-06-08|2025-06-09|2025-06-10|2025-06-11|2025-06-12|2025-06-13|2025-06-14|2025-06-15|2025-06-16|2025-06-17|2025-06-18|2025-06-19|2025-06-20,2025-06-21 12:00,2025-06-21 12:00,9.094947017729282e-13,1.1368683772161603e-13,0,True,Optimization terminated successfully. (HiGHS Status 7: Optimal),794,1.1368683772161603e-13
2025-06-21,18,0.03569549999883748,31322.396172554607,144,20,3746,2025-06-01|2025-06-02|2025-06-03|2025-06-04|2025-06-05|2025-06-06|2025-06-07|2025-06-08|2025-06-09|2025-06-10|2025-06-11|2025-06-12|2025-06-13|2025-06-14|2025-06-15|2025-06-16|2025-06-17|2025-06-18|2025-06-19|2025-06-20,2025-06-21 18:00,2025-06-21 18:00,9.094947017729282e-13,2.2737367544323206e-13,0,True,Optimization terminated successfully. (HiGHS Status 7: Optimal),814,1.1368683772161603e-13
2025-06-22,0,0.034584999999424326,2695.9924924163697,144,20,3746,2025-06-02|2025-06-03|2025-06-04|2025-06-05|2025-06-06|2025-06-07|2025-06-08|2025-06-09|2025-06-10|2025-06-11|2025-06-12|2025-06-13|2025-06-14|2025-06-15|2025-06-16|2025-06-17|2025-06-18|2025-06-19|2025-06-20|2025-06-21,2025-06-22 00:00,2025-06-22 00:00,7.958078640513122e-13,2.5579538487363607e-13,0,True,Optimization terminated successfully. (HiGHS Status 7: Optimal),705,2.2737367544323206e-13
2025-06-22,6,0.03707079100058763,16786.39580848931,144,20,3746,2025-06-02|2025-06-03|2025-06-04|2025-06-05|2025-06-06|2025-06-07|2025-06-08|2025-06-09|2025-06-10|2025-06-11|2025-06-12|2025-06-13|2025-06-14|2025-06-15|2025-06-16|2025-06-17|2025-06-18|2025-06-19|2025-06-20|2025-06-21,2025-06-22 06:00,2025-06-22 06:00,9.094947017729282e-13,2.2737367544323206e-13,0,True,Optimization terminated successfully. (HiGHS Status 7: Optimal),922,2.2737367544323206e-13
2025-06-22,12,0.03765887500048848,23363.176031259834,144,20,3746,2025-06-02|2025-06-03|2025-06-04|2025-06-05|2025-06-06|2025-06-07|2025-06-08|2025-06-09|2025-06-10|2025-06-11|2025-06-12|2025-06-13|2025-06-14|2025-06-15|2025-06-16|2025-06-17|2025-06-18|2025-06-19|2025-06-20|2025-06-21,2025-06-22 12:00,2025-06-22 12:00,9.094947017729282e-13,2.2737367544323206e-13,0,True,Optimization terminated successfully. (HiGHS Status 7: Optimal),968,2.2737367544323206e-13
2025-06-22,18,0.03668991699851176,38023.69323874861,144,20,3746,2025-06-02|2025-06-03|2025-06-04|2025-06-05|2025-06-06|2025-06-07|2025-06-08|2025-06-09|2025-06-10|2025-06-11|2025-06-12|2025-06-13|2025-06-14|2025-06-15|2025-06-16|2025-06-17|2025-06-18|2025-06-19|2025-06-20|2025-06-21,2025-06-22 18:00,2025-06-22 18:00,9.094947017729282e-13,2.2737367544323206e-13,0,True,Optimization terminated successfully. (HiGHS Status 7: Optimal),875,2.2737367544323206e-13
2025-06-23,0,0.03510370900039561,2591.0397311208267,144,20,3746,2025-06-03|2025-06-04|2025-06-05|2025-06-06|2025-06-07|2025-06-08|2025-06-09|2025-06-10|2025-06-11|2025-06-12|2025-06-13|2025-06-14|2025-06-15|2025-06-16|2025-06-17|2025-06-18|2025-06-19|2025-06-20|2025-06-21|2025-06-22,2025-06-23 00:00,2025-06-23 00:00,7.958078640513122e-13,2.2737367544323206e-13,0,True,Optimization terminated successfully. (HiGHS Status 7: Optimal),709,2.2737367544323206e-13
2025-06-23,6,0.03947150000021793,14097.408136762599,144,20,3746,2025-06-03|2025-06-04|2025-06-05|2025-06-06|2025-06-07|2025-06-08|2025-06-09|2025-06-10|2025-06-11|2025-06-12|2025-06-13|2025-06-14|2025-06-15|2025-06-16|2025-06-17|2025-06-18|2025-06-19|2025-06-20|2025-06-21|2025-06-22,2025-06-23 06:00,2025-06-23 06:00,9.094947017729282e-13,2.2737367544323206e-13,0,True,Optimization terminated successfully. (HiGHS Status 7: Optimal),982,2.2737367544323206e-13
2025-06-23,12,0.03392241599976842,18690.38584778377,144,20,3746,2025-06-03|2025-06-04|2025-06-05|2025-06-06|2025-06-07|2025-06-08|2025-06-09|2025-06-10|2025-06-11|2025-06-12|2025-06-13|2025-06-14|2025-06-15|2025-06-16|2025-06-17|2025-06-18|2025-06-19|2025-06-20|2025-06-21|2025-06-22,2025-06-23 12:00,2025-06-23 12:00,9.094947017729282e-13,2.2737367544323206e-13,0,True,Optimization terminated successfully. (HiGHS Status 7: Optimal),867,2.2737367544323206e-13
2025-06-23,18,0.03407879199949093,37518.0052245972,144,20,3746,2025-06-03|2025-06-04|2025-06-05|2025-06-06|2025-06-07|2025-06-08|2025-06-09|2025-06-10|2025-06-11|2025-06-12|2025-06-13|2025-06-14|2025-06-15|2025-06-16|2025-06-17|2025-06-18|2025-06-19|2025-06-20|2025-06-21|2025-06-22,2025-06-23 18:00,2025-06-23 18:00,9.094947017729282e-13,2.2737367544323206e-13,0,True,Optimization terminated successfully. (HiGHS Status 7: Optimal),852,2.2737367544323206e-13
2025-06-24,0,0.035248959000455216,2738.512581064984,144,20,3746,2025-06-04|2025-06-05|2025-06-06|2025-06-07|2025-06-08|2025-06-09|2025-06-10|2025-06-11|2025-06-12|2025-06-13|2025-06-14|2025-06-15|2025-06-16|2025-06-17|2025-06-18|2025-06-19|2025-06-20|2025-06-21|2025-06-22|2025-06-23,2025-06-24 00:00,2025-06-24 00:00,9.094947017729282e-13,2.2737367544323206e-13,0,True,Optimization terminated successfully. (HiGHS Status 7: Optimal),727,2.2737367544323206e-13
2025-06-24,6,0.03435225000066566,11782.47664805596,144,20,3746,2025-06-04|2025-06-05|2025-06-06|2025-06-07|2025-06-08|2025-06-09|2025-06-10|2025-06-11|2025-06-12|2025-06-13|2025-06-14|2025-06-15|2025-06-16|2025-06-17|2025-06-18|2025-06-19|2025-06-20|2025-06-21|2025-06-22|2025-06-23,2025-06-24 06:00,2025-06-24 06:00,9.094947017729282e-13,2.2737367544323206e-13,0,True,Optimization terminated successfully. (HiGHS Status 7: Optimal),861,2.2737367544323206e-13
2025-06-24,12,0.03329812499941909,17512.275134010226,144,20,3746,2025-06-04|2025-06-05|2025-06-06|2025-06-07|2025-06-08|2025-06-09|2025-06-10|2025-06-11|2025-06-12|2025-06-13|2025-06-14|2025-06-15|2025-06-16|2025-06-17|2025-06-18|2025-06-19|2025-06-20|2025-06-21|2025-06-22|2025-06-23,2025-06-24 12:00,2025-06-24 12:00,9.094947017729282e-13,1.1368683772161603e-13,0,True,Optimization terminated successfully. (HiGHS Status 7: Optimal),863,2.2737367544323206e-13
2025-06-24,18,0.03438908299904142,40671.95171749751,144,20,3746,2025-06-04|2025-06-05|2025-06-06|2025-06-07|2025-06-08|2025-06-09|2025-06-10|2025-06-11|2025-06-12|2025-06-13|2025-06-14|2025-06-15|2025-06-16|2025-06-17|2025-06-18|2025-06-19|2025-06-20|2025-06-21|2025-06-22|2025-06-23,2025-06-24 18:00,2025-06-24 18:00,9.094947017729282e-13,1.1368683772161603e-13,0,True,Optimization terminated successfully. (HiGHS Status 7: Optimal),862,2.2737367544323206e-13
2025-06-25,0,0.03498983300050895,2641.816213819753,144,20,3746,2025-06-05|2025-06-06|2025-06-07|2025-06-08|2025-06-09|2025-06-10|2025-06-11|2025-06-12|2025-06-13|2025-06-14|2025-06-15|2025-06-16|2025-06-17|2025-06-18|2025-06-19|2025-06-20|2025-06-21|2025-06-22|2025-06-23|2025-06-24,2025-06-25 00:00,2025-06-25 00:00,9.094947017729282e-13,2.2737367544323206e-13,0,True,Optimization terminated successfully. (HiGHS Status 7: Optimal),727,2.2737367544323206e-13
2025-06-25,6,0.03817704200082517,14537.460961460794,144,20,3746,2025-06-05|2025-06-06|2025-06-07|2025-06-08|2025-06-09|2025-06-10|2025-06-11|2025-06-12|2025-06-13|2025-06-14|2025-06-15|2025-06-16|2025-06-17|2025-06-18|2025-06-19|2025-06-20|2025-06-21|2025-06-22|2025-06-23|2025-06-24,2025-06-25 06:00,2025-06-25 06:00,8.242295734817162e-13,1.1368683772161603e-13,0,True,Optimization terminated successfully. (HiGHS Status 7: Optimal),940,1.1368683772161603e-13
2025-06-25,12,0.03731770800004597,26883.424356684776,144,20,3746,2025-06-05|2025-06-06|2025-06-07|2025-06-08|2025-06-09|2025-06-10|2025-06-11|2025-06-12|2025-06-13|2025-06-14|2025-06-15|2025-06-16|2025-06-17|2025-06-18|2025-06-19|2025-06-20|2025-06-21|2025-06-22|2025-06-23|2025-06-24,2025-06-25 12:00,2025-06-25 12:00,9.094947017729282e-13,1.1368683772161603e-13,0,True,Optimization terminated successfully. (HiGHS Status 7: Optimal),997,1.1368683772161603e-13
2025-06-25,18,0.03368712500014226,31304.713321646203,144,20,3746,2025-06-05|2025-06-06|2025-06-07|2025-06-08|2025-06-09|2025-06-10|2025-06-11|2025-06-12|2025-06-13|2025-06-14|2025-06-15|2025-06-16|2025-06-17|2025-06-18|2025-06-19|2025-06-20|2025-06-21|2025-06-22|2025-06-23|2025-06-24,2025-06-25 18:00,2025-06-25 18:00,9.094947017729282e-13,1.1368683772161603e-13,0,True,Optimization terminated successfully. (HiGHS Status 7: Optimal),892,1.1368683772161603e-13
2025-06-26,0,0.03455545799988613,2530.1362016727044,144,20,3746,2025-06-06|2025-06-07|2025-06-08|2025-06-09|2025-06-10|2025-06-11|2025-06-12|2025-06-13|2025-06-14|2025-06-15|2025-06-16|2025-06-17|2025-06-18|2025-06-19|2025-06-20|2025-06-21|2025-06-22|2025-06-23|2025-06-24|2025-06-25,2025-06-26 00:00,2025-06-26 00:00,9.094947017729282e-13,2.984279490192421e-13,0,True,Optimization terminated successfully. (HiGHS Status 7: Optimal),703,2.8421709430404007e-13
2025-06-26,6,0.04089995799949975,11392.446268088042,144,20,3746,2025-06-06|2025-06-07|2025-06-08|2025-06-09|2025-06-10|2025-06-11|2025-06-12|2025-06-13|2025-06-14|2025-06-15|2025-06-16|2025-06-17|2025-06-18|2025-06-19|2025-06-20|2025-06-21|2025-06-22|2025-06-23|2025-06-24|2025-06-25,2025-06-26 06:00,2025-06-26 06:00,9.094947017729282e-13,1.1368683772161603e-13,0,True,Optimization terminated successfully. (HiGHS Status 7: Optimal),960,1.1368683772161603e-13
2025-06-26,12,0.03912404100083222,10615.269863370355,144,20,3746,2025-06-06|2025-06-07|2025-06-08|2025-06-09|2025-06-10|2025-06-11|2025-06-12|2025-06-13|2025-06-14|2025-06-15|2025-06-16|2025-06-17|2025-06-18|2025-06-19|2025-06-20|2025-06-21|2025-06-22|2025-06-23|2025-06-24|2025-06-25,2025-06-26 12:00,2025-06-26 12:00,8.668621376273222e-13,1.1368683772161603e-13,0,True,Optimization terminated successfully. (HiGHS Status 7: Optimal),921,1.1368683772161603e-13
2025-06-26,18,0.03213458400023228,9833.142318191909,144,20,3746,2025-06-06|2025-06-07|2025-06-08|2025-06-09|2025-06-10|2025-06-11|2025-06-12|2025-06-13|2025-06-14|2025-06-15|2025-06-16|2025-06-17|2025-06-18|2025-06-19|2025-06-20|2025-06-21|2025-06-22|2025-06-23|2025-06-24|2025-06-25,2025-06-26 18:00,2025-06-26 18:00,9.094947017729282e-13,1.1368683772161603e-13,0,True,Optimization terminated successfully. (HiGHS Status 7: Optimal),786,1.1368683772161603e-13
2025-06-27,0,0.03276108300087799,1277.9465541257962,144,20,3746,2025-06-07|2025-06-08|2025-06-09|2025-06-10|2025-06-11|2025-06-12|2025-06-13|2025-06-14|2025-06-15|2025-06-16|2025-06-17|2025-06-18|2025-06-19|2025-06-20|2025-06-21|2025-06-22|2025-06-23|2025-06-24|2025-06-25|2025-06-26,2025-06-27 00:00,2025-06-27 00:00,8.810729923425242e-13,5.684341886080801e-13,0,True,Optimization terminated successfully. (HiGHS Status 7: Optimal),632,5.684341886080801e-13
2025-06-27,6,0.03136279199861747,8579.759401626341,144,20,3746,2025-06-07|2025-06-08|2025-06-09|2025-06-10|2025-06-11|2025-06-12|2025-06-13|2025-06-14|2025-06-15|2025-06-16|2025-06-17|2025-06-18|2025-06-19|2025-06-20|2025-06-21|2025-06-22|2025-06-23|2025-06-24|2025-06-25|2025-06-26,2025-06-27 06:00,2025-06-27 06:00,1.0231815394945443e-12,1.1368683772161603e-13,0,True,Optimization terminated successfully. (HiGHS Status 7: Optimal),659,0.0
2025-06-27,12,0.0306433339992509,9036.404969557596,144,20,3746,2025-06-07|2025-06-08|2025-06-09|2025-06-10|2025-06-11|2025-06-12|2025-06-13|2025-06-14|2025-06-15|2025-06-16|2025-06-17|2025-06-18|2025-06-19|2025-06-20|2025-06-21|2025-06-22|2025-06-23|2025-06-24|2025-06-25|2025-06-26,2025-06-27 12:00,2025-06-27 12:00,8.331113576787175e-13,2.2737367544323206e-13,0,True,Optimization terminated successfully. (HiGHS Status 7: Optimal),707,0.0
2025-06-27,18,0.029904791999797453,8386.468587337642,144,20,3746,2025-06-07|2025-06-08|2025-06-09|2025-06-10|2025-06-11|2025-06-12|2025-06-13|2025-06-14|2025-06-15|2025-06-16|2025-06-17|2025-06-18|2025-06-19|2025-06-20|2025-06-21|2025-06-22|2025-06-23|2025-06-24|2025-06-25|2025-06-26,2025-06-27 18:00,2025-06-27 18:00,9.094947017729282e-13,2.2737367544323206e-13,0,True,Optimization terminated successfully. (HiGHS Status 7: Optimal),676,0.0
2025-06-28,0,0.03284154199900513,1164.8458571865797,144,20,3746,2025-06-08|2025-06-09|2025-06-10|2025-06-11|2025-06-12|2025-06-13|2025-06-14|2025-06-15|2025-06-16|2025-06-17|2025-06-18|2025-06-19|2025-06-20|2025-06-21|2025-06-22|2025-06-23|2025-06-24|2025-06-25|2025-06-26|2025-06-27,2025-06-28 00:00,2025-06-28 00:00,9.094947017729282e-13,1.1368683772161603e-12,0,True,Optimization terminated successfully. (HiGHS Status 7: Optimal),651,1.1368683772161603e-12
2025-06-28,6,0.032222875001025386,11894.778265315788,144,20,3746,2025-06-08|2025-06-09|2025-06-10|2025-06-11|2025-06-12|2025-06-13|2025-06-14|2025-06-15|2025-06-16|2025-06-17|2025-06-18|2025-06-19|2025-06-20|2025-06-21|2025-06-22|2025-06-23|2025-06-24|2025-06-25|2025-06-26|2025-06-27,2025-06-28 06:00,2025-06-28 06:00,9.094947017729282e-13,2.2737367544323206e-13,0,True,Optimization terminated successfully. (HiGHS Status 7: Optimal),722,2.2737367544323206e-13
2025-06-28,12,0.03329195799960871,18305.087923892283,144,20,3746,2025-06-08|2025-06-09|2025-06-10|2025-06-11|2025-06-12|2025-06-13|2025-06-14|2025-06-15|2025-06-16|2025-06-17|2025-06-18|2025-06-19|2025-06-20|2025-06-21|2025-06-22|2025-06-23|2025-06-24|2025-06-25|2025-06-26|2025-06-27,2025-06-28 12:00,2025-06-28 12:00,9.094947017729282e-13,2.2737367544323206e-13,0,True,Optimization terminated successfully. (HiGHS Status 7: Optimal),821,2.2737367544323206e-13
2025-06-28,18,0.03580770899861818,32237.17242323867,144,20,3746,2025-06-08|2025-06-09|2025-06-10|2025-06-11|2025-06-12|2025-06-13|2025-06-14|2025-06-15|2025-06-16|2025-06-17|2025-06-18|2025-06-19|2025-06-20|2025-06-21|2025-06-22|2025-06-23|2025-06-24|2025-06-25|2025-06-26|2025-06-27,2025-06-28 18:00,2025-06-28 18:00,9.094947017729282e-13,2.2737367544323206e-13,0,True,Optimization terminated successfully. (HiGHS Status 7: Optimal),866,2.2737367544323206e-13
2025-06-29,0,0.0343669170015346,2196.149881599661,144,20,3746,2025-06-09|2025-06-10|2025-06-11|2025-06-12|2025-06-13|2025-06-14|2025-06-15|2025-06-16|2025-06-17|2025-06-18|2025-06-19|2025-06-20|2025-06-21|2025-06-22|2025-06-23|2025-06-24|2025-06-25|2025-06-26|2025-06-27|2025-06-28,2025-06-29 00:00,2025-06-29 00:00,7.958078640513122e-13,7.283063041541027e-13,0,True,Optimization terminated successfully. (HiGHS Status 7: Optimal),707,7.283063041541027e-13
2025-06-29,6,0.036758624999492895,15154.314410140121,144,20,3746,2025-06-09|2025-06-10|2025-06-11|2025-06-12|2025-06-13|2025-06-14|2025-06-15|2025-06-16|2025-06-17|2025-06-18|2025-06-19|2025-06-20|2025-06-21|2025-06-22|2025-06-23|2025-06-24|2025-06-25|2025-06-26|2025-06-27|2025-06-28,2025-06-29 06:00,2025-06-29 06:00,8.633094239485217e-13,2.2737367544323206e-13,0,True,Optimization terminated successfully. (HiGHS Status 7: Optimal),913,0.0
2025-06-29,12,0.03753366700038896,20451.749855381328,144,20,3746,2025-06-09|2025-06-10|2025-06-11|2025-06-12|2025-06-13|2025-06-14|2025-06-15|2025-06-16|2025-06-17|2025-06-18|2025-06-19|2025-06-20|2025-06-21|2025-06-22|2025-06-23|2025-06-24|2025-06-25|2025-06-26|2025-06-27|2025-06-28,2025-06-29 12:00,2025-06-29 12:00,9.094947017729282e-13,1.1368683772161603e-13,0,True,Optimization terminated successfully. (HiGHS Status 7: Optimal),1004,0.0
2025-06-29,18,0.03562229199997091,34686.05482212147,144,20,3746,2025-06-09|2025-06-10|2025-06-11|2025-06-12|2025-06-13|2025-06-14|2025-06-15|2025-06-16|2025-06-17|2025-06-18|2025-06-19|2025-06-20|2025-06-21|2025-06-22|2025-06-23|2025-06-24|2025-06-25|2025-06-26|2025-06-27|2025-06-28,2025-06-29 18:00,2025-06-29 18:00,9.094947017729282e-13,2.2737367544323206e-13,0,True,Optimization terminated successfully. (HiGHS Status 7: Optimal),898,0.0
2025-06-30,0,0.03432387499924516,2400.5866790658265,144,20,3746,2025-06-10|2025-06-11|2025-06-12|2025-06-13|2025-06-14|2025-06-15|2025-06-16|2025-06-17|2025-06-18|2025-06-19|2025-06-20|2025-06-21|2025-06-22|2025-06-23|2025-06-24|2025-06-25|2025-06-26|2025-06-27|2025-06-28|2025-06-29,2025-06-30 00:00,2025-06-30 00:00,7.958078640513122e-13,1.1368683772161603e-13,0,True,Optimization terminated successfully. (HiGHS Status 7: Optimal),704,2.2737367544323206e-13
2025-06-30,6,0.03619329100001778,12177.50091187738,144,20,3746,2025-06-10|2025-06-11|2025-06-12|2025-06-13|2025-06-14|2025-06-15|2025-06-16|2025-06-17|2025-06-18|2025-06-19|2025-06-20|2025-06-21|2025-06-22|2025-06-23|2025-06-24|2025-06-25|2025-06-26|2025-06-27|2025-06-28|2025-06-29,2025-06-30 06:00,2025-06-30 06:00,9.094947017729282e-13,1.1368683772161603e-13,0,True,Optimization terminated successfully. (HiGHS Status 7: Optimal),887,2.2737367544323206e-13
2025-06-30,12,0.035709666000911966,15653.61346561259,144,20,3746,2025-06-10|2025-06-11|2025-06-12|2025-06-13|2025-06-14|2025-06-15|2025-06-16|2025-06-17|2025-06-18|2025-06-19|2025-06-20|2025-06-21|2025-06-22|2025-06-23|2025-06-24|2025-06-25|2025-06-26|2025-06-27|2025-06-28|2025-06-29,2025-06-30 12:00,2025-06-30 12:00,9.094947017729282e-13,2.2737367544323206e-13,0,True,Optimization terminated successfully. (HiGHS Status 7: Optimal),911,2.2737367544323206e-13
2025-06-30,18,0.03724062500077707,22880.303404441303,144,20,3746,2025-06-10|2025-06-11|2025-06-12|2025-06-13|2025-06-14|2025-06-15|2025-06-16|2025-06-17|2025-06-18|2025-06-19|2025-06-20|2025-06-21|2025-06-22|2025-06-23|2025-06-24|2025-06-25|2025-06-26|2025-06-27|2025-06-28|2025-06-29,2025-06-30 18:00,2025-06-30 18:00,9.094947017729282e-13,1.1368683772161603e-13,0,True,Optimization terminated successfully. (HiGHS Status 7: Optimal),862,2.2737367544323206e-13
2025-07-01,0,0.035603374999482185,2462.646778700677,144,20,3746,2025-06-11|2025-06-12|2025-06-13|2025-06-14|2025-06-15|2025-06-16|2025-06-17|2025-06-18|2025-06-19|2025-06-20|2025-06-21|2025-06-22|2025-06-23|2025-06-24|2025-06-25|2025-06-26|2025-06-27|2025-06-28|2025-06-29|2025-06-30,2025-07-01 00:00,2025-07-01 00:00,8.841816168114747e-13,7.531752999057062e-13,0,True,Optimization terminated successfully. (HiGHS Status 7: Optimal),703,7.531752999057062e-13
2025-07-01,6,0.041028916000868776,13137.822350528982,144,20,3746,2025-06-11|2025-06-12|2025-06-13|2025-06-14|2025-06-15|2025-06-16|2025-06-17|2025-06-18|2025-06-19|2025-06-20|2025-06-21|2025-06-22|2025-06-23|2025-06-24|2025-06-25|2025-06-26|2025-06-27|2025-06-28|2025-06-29|2025-06-30,2025-07-01 06:00,2025-07-01 06:00,9.094947017729282e-13,2.2737367544323206e-13,0,True,Optimization terminated successfully. (HiGHS Status 7: Optimal),900,2.2737367544323206e-13
2025-07-01,12,0.03986954199899628,18090.927933668416,144,20,3746,2025-06-11|2025-06-12|2025-06-13|2025-06-14|2025-06-15|2025-06-16|2025-06-17|2025-06-18|2025-06-19|2025-06-20|2025-06-21|2025-06-22|2025-06-23|2025-06-24|2025-06-25|2025-06-26|2025-06-27|2025-06-28|2025-06-29|2025-06-30,2025-07-01 12:00,2025-07-01 12:00,8.952838470577262e-13,2.2737367544323206e-13,0,True,Optimization terminated successfully. (HiGHS Status 7: Optimal),941,2.2737367544323206e-13
2025-07-01,18,0.03622120799991535,22606.80726404338,144,20,3746,2025-06-11|2025-06-12|2025-06-13|2025-06-14|2025-06-15|2025-06-16|2025-06-17|2025-06-18|2025-06-19|2025-06-20|2025-06-21|2025-06-22|2025-06-23|2025-06-24|2025-06-25|2025-06-26|2025-06-27|2025-06-28|2025-06-29|2025-06-30,2025-07-01 18:00,2025-07-01 18:00,8.189005029635155e-13,1.1368683772161603e-13,0,True,Optimization terminated successfully. (HiGHS Status 7: Optimal),840,2.2737367544323206e-13
2025-07-02,0,0.03535479199854308,2628.103025496903,144,20,3746,2025-06-12|2025-06-13|2025-06-14|2025-06-15|2025-06-16|2025-06-17|2025-06-18|2025-06-19|2025-06-20|2025-06-21|2025-06-22|2025-06-23|2025-06-24|2025-06-25|2025-06-26|2025-06-27|2025-06-28|2025-06-29|2025-06-30|2025-07-01,2025-07-02 00:00,2025-07-02 00:00,7.958078640513122e-13,1.1368683772161603e-13,0,True,Optimization terminated successfully. (HiGHS Status 7: Optimal),677,2.2737367544323206e-13
2025-07-02,6,0.03600275000098918,11869.954217105242,144,20,3746,2025-06-12|2025-06-13|2025-06-14|2025-06-15|2025-06-16|2025-06-17|2025-06-18|2025-06-19|2025-06-20|2025-06-21|2025-06-22|2025-06-23|2025-06-24|2025-06-25|2025-06-26|2025-06-27|2025-06-28|2025-06-29|2025-06-30|2025-07-01,2025-07-02 06:00,2025-07-02 06:00,9.094947017729282e-13,1.7053025658242404e-13,0,True,Optimization terminated successfully. (HiGHS Status 7: Optimal),756,2.2737367544323206e-13
2025-07-02,12,0.03852095799993549,16530.379447192412,144,20,3746,2025-06-12|2025-06-13|2025-06-14|2025-06-15|2025-06-16|2025-06-17|2025-06-18|2025-06-19|2025-06-20|2025-06-21|2025-06-22|2025-06-23|2025-06-24|2025-06-25|2025-06-26|2025-06-27|2025-06-28|2025-06-29|2025-06-30|2025-07-01,2025-07-02 12:00,2025-07-02 12:00,9.094947017729282e-13,1.7053025658242404e-13,0,True,Optimization terminated successfully. (HiGHS Status 7: Optimal),829,2.2737367544323206e-13
2025-07-02,18,0.04023083299944119,31129.292499036972,144,20,3746,2025-06-12|2025-06-13|2025-06-14|2025-06-15|2025-06-16|2025-06-17|2025-06-18|2025-06-19|2025-06-20|2025-06-21|2025-06-22|2025-06-23|2025-06-24|2025-06-25|2025-06-26|2025-06-27|2025-06-28|2025-06-29|2025-06-30|2025-07-01,2025-07-02 18:00,2025-07-02 18:00,9.094947017729282e-13,1.1368683772161603e-13,0,True,Optimization terminated successfully. (HiGHS Status 7: Optimal),868,2.2737367544323206e-13
2025-07-03,0,0.04103258299983281,3306.590463470922,144,20,3746,2025-06-13|2025-06-14|2025-06-15|2025-06-16|2025-06-17|2025-06-18|2025-06-19|2025-06-20|2025-06-21|2025-06-22|2025-06-23|2025-06-24|2025-06-25|2025-06-26|2025-06-27|2025-06-28|2025-06-29|2025-06-30|2025-07-01|2025-07-02,2025-07-03 00:00,2025-07-03 00:00,7.958078640513122e-13,3.410605131648481e-13,0,True,Optimization terminated successfully. (HiGHS Status 7: Optimal),718,3.410605131648481e-13
2025-07-03,6,0.03886208299991267,11201.839495253522,144,20,3746,2025-06-13|2025-06-14|2025-06-15|2025-06-16|2025-06-17|2025-06-18|2025-06-19|2025-06-20|2025-06-21|2025-06-22|2025-06-23|2025-06-24|2025-06-25|2025-06-26|2025-06-27|2025-06-28|2025-06-29|2025-06-30|2025-07-01|2025-07-02,2025-07-03 06:00,2025-07-03 06:00,9.094947017729282e-13,2.2737367544323206e-13,0,True,Optimization terminated successfully. (HiGHS Status 7: Optimal),926,1.1368683772161603e-13
2025-07-03,12,0.030044041999644833,8354.564287126044,144,20,3746,2025-06-13|2025-06-14|2025-06-15|2025-06-16|2025-06-17|2025-06-18|2025-06-19|2025-06-20|2025-06-21|2025-06-22|2025-06-23|2025-06-24|2025-06-25|2025-06-26|2025-06-27|2025-06-28|2025-06-29|2025-06-30|2025-07-01|2025-07-02,2025-07-03 12:00,2025-07-03 12:00,9.094947017729282e-13,1.1368683772161603e-13,0,True,Optimization terminated successfully. (HiGHS Status 7: Optimal),776,1.1368683772161603e-13
2025-07-03,18,0.030090415999438846,8868.852980794418,144,20,3746,2025-06-13|2025-06-14|2025-06-15|2025-06-16|2025-06-17|2025-06-18|2025-06-19|2025-06-20|2025-06-21|2025-06-22|2025-06-23|2025-06-24|2025-06-25|2025-06-26|2025-06-27|2025-06-28|2025-06-29|2025-06-30|2025-07-01|2025-07-02,2025-07-03 18:00,2025-07-03 18:00,8.242295734817162e-13,1.1368683772161603e-13,0,True,Optimization terminated successfully. (HiGHS Status 7: Optimal),699,1.1368683772161603e-13
2025-07-04,0,0.029897417000029236,1669.3387504853445,144,20,3746,2025-06-14|2025-06-15|2025-06-16|2025-06-17|2025-06-18|2025-06-19|2025-06-20|2025-06-21|2025-06-22|2025-06-23|2025-06-24|2025-06-25|2025-06-26|2025-06-27|2025-06-28|2025-06-29|2025-06-30|2025-07-01|2025-07-02|2025-07-03,2025-07-04 00:00,2025-07-04 00:00,6.821210263296962e-13,3.410605131648481e-13,0,True,Optimization terminated successfully. (HiGHS Status 7: Optimal),600,3.410605131648481e-13
2025-07-04,6,0.03202841699931014,10486.444841120321,144,20,3746,2025-06-14|2025-06-15|2025-06-16|2025-06-17|2025-06-18|2025-06-19|2025-06-20|2025-06-21|2025-06-22|2025-06-23|2025-06-24|2025-06-25|2025-06-26|2025-06-27|2025-06-28|2025-06-29|2025-06-30|2025-07-01|2025-07-02|2025-07-03,2025-07-04 06:00,2025-07-04 06:00,8.810729923425242e-13,5.684341886080802e-14,0,True,Optimization terminated successfully. (HiGHS Status 7: Optimal),702,1.1368683772161603e-13
2025-07-04,12,0.03541949999998906,11723.374902336414,144,20,3746,2025-06-14|2025-06-15|2025-06-16|2025-06-17|2025-06-18|2025-06-19|2025-06-20|2025-06-21|2025-06-22|2025-06-23|2025-06-24|2025-06-25|2025-06-26|2025-06-27|2025-06-28|2025-06-29|2025-06-30|2025-07-01|2025-07-02|2025-07-03,2025-07-04 12:00,2025-07-04 12:00,8.526512829121202e-13,1.1368683772161603e-13,0,True,Optimization terminated successfully. (HiGHS Status 7: Optimal),752,1.1368683772161603e-13
2025-07-04,18,0.0280148330002703,9204.861133826063,144,20,3746,2025-06-14|2025-06-15|2025-06-16|2025-06-17|2025-06-18|2025-06-19|2025-06-20|2025-06-21|2025-06-22|2025-06-23|2025-06-24|2025-06-25|2025-06-26|2025-06-27|2025-06-28|2025-06-29|2025-06-30|2025-07-01|2025-07-02|2025-07-03,2025-07-04 18:00,2025-07-04 18:00,9.094947017729282e-13,1.1368683772161603e-13,0,True,Optimization terminated successfully. (HiGHS Status 7: Optimal),622,1.1368683772161603e-13
2025-07-05,0,0.02987770899926545,1587.0185702482795,144,20,3746,2025-06-15|2025-06-16|2025-06-17|2025-06-18|2025-06-19|2025-06-20|2025-06-21|2025-06-22|2025-06-23|2025-06-24|2025-06-25|2025-06-26|2025-06-27|2025-06-28|2025-06-29|2025-06-30|2025-07-01|2025-07-02|2025-07-03|2025-07-04,2025-07-05 00:00,2025-07-05 00:00,9.094947017729282e-13,2.2737367544323206e-13,0,True,Optimization terminated successfully. (HiGHS Status 7: Optimal),604,0.0
2025-07-05,6,0.029686666999623412,12529.303752143847,144,20,3746,2025-06-15|2025-06-16|2025-06-17|2025-06-18|2025-06-19|2025-06-20|2025-06-21|2025-06-22|2025-06-23|2025-06-24|2025-06-25|2025-06-26|2025-06-27|2025-06-28|2025-06-29|2025-06-30|2025-07-01|2025-07-02|2025-07-03|2025-07-04,2025-07-05 06:00,2025-07-05 06:00,9.094947017729282e-13,2.2737367544323206e-13,0,True,Optimization terminated successfully. (HiGHS Status 7: Optimal),640,0.0
2025-07-05,12,0.03289716699873679,25217.821584898815,144,20,3746,2025-06-15|2025-06-16|2025-06-17|2025-06-18|2025-06-19|2025-06-20|2025-06-21|2025-06-22|2025-06-23|2025-06-24|2025-06-25|2025-06-26|2025-06-27|2025-06-28|2025-06-29|2025-06-30|2025-07-01|2025-07-02|2025-07-03|2025-07-04,2025-07-05 12:00,2025-07-05 12:00,9.094947017729282e-13,5.684341886080802e-14,0,True,Optimization terminated successfully. (HiGHS Status 7: Optimal),786,0.0
2025-07-05,18,0.0344150829987484,32478.798540951506,144,20,3746,2025-06-15|2025-06-16|2025-06-17|2025-06-18|2025-06-19|2025-06-20|2025-06-21|2025-06-22|2025-06-23|2025-06-24|2025-06-25|2025-06-26|2025-06-27|2025-06-28|2025-06-29|2025-06-30|2025-07-01|2025-07-02|2025-07-03|2025-07-04,2025-07-05 18:00,2025-07-05 18:00,9.094947017729282e-13,1.1368683772161603e-13,0,True,Optimization terminated successfully. (HiGHS Status 7: Optimal),854,0.0
2025-07-06,0,0.03270208299909427,2516.5605641579864,144,20,3746,2025-06-16|2025-06-17|2025-06-18|2025-06-19|2025-06-20|2025-06-21|2025-06-22|2025-06-23|2025-06-24|2025-06-25|2025-06-26|2025-06-27|2025-06-28|2025-06-29|2025-06-30|2025-07-01|2025-07-02|2025-07-03|2025-07-04|2025-07-05,2025-07-06 00:00,2025-07-06 00:00,8.526512829121202e-13,2.2737367544323206e-13,0,True,Optimization terminated successfully. (HiGHS Status 7: Optimal),666,2.2737367544323206e-13
2025-07-06,6,0.042184166000879486,17729.02615772159,144,20,3746,2025-06-16|2025-06-17|2025-06-18|2025-06-19|2025-06-20|2025-06-21|2025-06-22|2025-06-23|2025-06-24|2025-06-25|2025-06-26|2025-06-27|2025-06-28|2025-06-29|2025-06-30|2025-07-01|2025-07-02|2025-07-03|2025-07-04|2025-07-05,2025-07-06 06:00,2025-07-06 06:00,8.526512829121202e-13,1.1368683772161603e-13,0,True,Optimization terminated successfully. (HiGHS Status 7: Optimal),970,1.1368683772161603e-13
2025-07-06,12,0.037770917000671034,19655.37205986332,144,20,3746,2025-06-16|2025-06-17|2025-06-18|2025-06-19|2025-06-20|2025-06-21|2025-06-22|2025-06-23|2025-06-24|2025-06-25|2025-06-26|2025-06-27|2025-06-28|2025-06-29|2025-06-30|2025-07-01|2025-07-02|2025-07-03|2025-07-04|2025-07-05,2025-07-06 12:00,2025-07-06 12:00,8.810729923425242e-13,2.2737367544323206e-13,0,True,Optimization terminated successfully. (HiGHS Status 7: Optimal),949,1.1368683772161603e-13
2025-07-06,18,0.034854625000662054,23752.16831498978,144,20,3746,2025-06-16|2025-06-17|2025-06-18|2025-06-19|2025-06-20|2025-06-21|2025-06-22|2025-06-23|2025-06-24|2025-06-25|2025-06-26|2025-06-27|2025-06-28|2025-06-29|2025-06-30|2025-07-01|2025-07-02|2025-07-03|2025-07-04|2025-07-05,2025-07-06 18:00,2025-07-06 18:00,8.810729923425242e-13,2.2737367544323206e-13,0,True,Optimization terminated successfully. (HiGHS Status 7: Optimal),849,1.1368683772161603e-13
2025-07-07,0,0.032767708000392304,3103.2288149867327,144,20,3746,2025-06-17|2025-06-18|2025-06-19|2025-06-20|2025-06-21|2025-06-22|2025-06-23|2025-06-24|2025-06-25|2025-06-26|2025-06-27|2025-06-28|2025-06-29|2025-06-30|2025-07-01|2025-07-02|2025-07-03|2025-07-04|2025-07-05|2025-07-06,2025-07-07 00:00,2025-07-07 00:00,8.526512829121202e-13,1.1368683772161603e-13,0,True,Optimization terminated successfully. (HiGHS Status 7: Optimal),672,1.1368683772161603e-13
2025-07-07,6,0.03124004199889896,11595.09354743117,144,20,3746,2025-06-17|2025-06-18|2025-06-19|2025-06-20|2025-06-21|2025-06-22|2025-06-23|2025-06-24|2025-06-25|2025-06-26|2025-06-27|2025-06-28|2025-06-29|2025-06-30|2025-07-01|2025-07-02|2025-07-03|2025-07-04|2025-07-05|2025-07-06,2025-07-07 06:00,2025-07-07 06:00,9.094947017729282e-13,2.2737367544323206e-13,0,True,Optimization terminated successfully. (HiGHS Status 7: Optimal),785,1.1368683772161603e-13
2025-07-07,12,0.03305483299845946,21399.921318046356,144,20,3746,2025-06-17|2025-06-18|2025-06-19|2025-06-20|2025-06-21|2025-06-22|2025-06-23|2025-06-24|2025-06-25|2025-06-26|2025-06-27|2025-06-28|2025-06-29|2025-06-30|2025-07-01|2025-07-02|2025-07-03|2025-07-04|2025-07-05|2025-07-06,2025-07-07 12:00,2025-07-07 12:00,9.094947017729282e-13,1.1368683772161603e-13,0,True,Optimization terminated successfully. (HiGHS Status 7: Optimal),919,1.1368683772161603e-13
2025-07-07,18,0.03397633299937297,29267.580414826098,144,20,3746,2025-06-17|2025-06-18|2025-06-19|2025-06-20|2025-06-21|2025-06-22|2025-06-23|2025-06-24|2025-06-25|2025-06-26|2025-06-27|2025-06-28|2025-06-29|2025-06-30|2025-07-01|2025-07-02|2025-07-03|2025-07-04|2025-07-05|2025-07-06,2025-07-07 18:00,2025-07-07 18:00,9.094947017729282e-13,2.2737367544323206e-13,0,True,Optimization terminated successfully. (HiGHS Status 7: Optimal),887,1.1368683772161603e-13
2025-07-08,0,0.0342770000006567,3481.444030378164,144,20,3746,2025-06-18|2025-06-19|2025-06-20|2025-06-21|2025-06-22|2025-06-23|2025-06-24|2025-06-25|2025-06-26|2025-06-27|2025-06-28|2025-06-29|2025-06-30|2025-07-01|2025-07-02|2025-07-03|2025-07-04|2025-07-05|2025-07-06|2025-07-07,2025-07-08 00:00,2025-07-08 00:00,1.0231815394945443e-12,1.1368683772161603e-13,0,True,Optimization terminated successfully. (HiGHS Status 7: Optimal),701,1.1368683772161603e-13
2025-07-08,6,0.03297208299954946,12435.771403214187,144,20,3746,2025-06-18|2025-06-19|2025-06-20|2025-06-21|2025-06-22|2025-06-23|2025-06-24|2025-06-25|2025-06-26|2025-06-27|2025-06-28|2025-06-29|2025-06-30|2025-07-01|2025-07-02|2025-07-03|2025-07-04|2025-07-05|2025-07-06|2025-07-07,2025-07-08 06:00,2025-07-08 06:00,8.810729923425242e-13,1.1368683772161603e-13,0,True,Optimization terminated successfully. (HiGHS Status 7: Optimal),807,1.1368683772161603e-13
2025-07-08,12,0.0362257500000851,25861.471560541548,144,20,3746,2025-06-18|2025-06-19|2025-06-20|2025-06-21|2025-06-22|2025-06-23|2025-06-24|2025-06-25|2025-06-26|2025-06-27|2025-06-28|2025-06-29|2025-06-30|2025-07-01|2025-07-02|2025-07-03|2025-07-04|2025-07-05|2025-07-06|2025-07-07,2025-07-08 12:00,2025-07-08 12:00,8.171241461241152e-13,2.2737367544323206e-13,0,True,Optimization terminated successfully. (HiGHS Status 7: Optimal),936,1.1368683772161603e-13
2025-07-08,18,0.033609416999752284,32040.227853966015,144,20,3746,2025-06-18|2025-06-19|2025-06-20|2025-06-21|2025-06-22|2025-06-23|2025-06-24|2025-06-25|2025-06-26|2025-06-27|2025-06-28|2025-06-29|2025-06-30|2025-07-01|2025-07-02|2025-07-03|2025-07-04|2025-07-05|2025-07-06|2025-07-07,2025-07-08 18:00,2025-07-08 18:00,7.958078640513122e-13,2.2737367544323206e-13,0,True,Optimization terminated successfully. (HiGHS Status 7: Optimal),886,1.1368683772161603e-13
2025-07-09,0,0.03369970800122246,3417.361010209961,144,20,3746,2025-06-19|2025-06-20|2025-06-21|2025-06-22|2025-06-23|2025-06-24|2025-06-25|2025-06-26|2025-06-27|2025-06-28|2025-06-29|2025-06-30|2025-07-01|2025-07-02|2025-07-03|2025-07-04|2025-07-05|2025-07-06|2025-07-07|2025-07-08,2025-07-09 00:00,2025-07-09 00:00,9.094947017729282e-13,2.2737367544323206e-13,0,True,Optimization terminated successfully. (HiGHS Status 7: Optimal),703,1.1368683772161603e-13
2025-07-09,6,0.03115287500077102,12350.975302904808,144,20,3746,2025-06-19|2025-06-20|2025-06-21|2025-06-22|2025-06-23|2025-06-24|2025-06-25|2025-06-26|2025-06-27|2025-06-28|2025-06-29|2025-06-30|2025-07-01|2025-07-02|2025-07-03|2025-07-04|2025-07-05|2025-07-06|2025-07-07|2025-07-08,2025-07-09 06:00,2025-07-09 06:00,7.958078640513122e-13,1.1368683772161603e-13,0,True,Optimization terminated successfully. (HiGHS Status 7: Optimal),795,0.0
2025-07-09,12,0.033730541999830166,27364.841067184214,144,20,3746,2025-06-19|2025-06-20|2025-06-21|2025-06-22|2025-06-23|2025-06-24|2025-06-25|2025-06-26|2025-06-27|2025-06-28|2025-06-29|2025-06-30|2025-07-01|2025-07-02|2025-07-03|2025-07-04|2025-07-05|2025-07-06|2025-07-07|2025-07-08,2025-07-09 12:00,2025-07-09 12:00,9.094947017729282e-13,2.2737367544323206e-13,0,True,Optimization terminated successfully. (HiGHS Status 7: Optimal),926,0.0
2025-07-09,18,0.035578874998464016,33439.604580956155,144,20,3746,2025-06-19|2025-06-20|2025-06-21|2025-06-22|2025-06-23|2025-06-24|2025-06-25|2025-06-26|2025-06-27|2025-06-28|2025-06-29|2025-06-30|2025-07-01|2025-07-02|2025-07-03|2025-07-04|2025-07-05|2025-07-06|2025-07-07|2025-07-08,2025-07-09 18:00,2025-07-09 18:00,1.0231815394945443e-12,1.1368683772161603e-13,0,True,Optimization terminated successfully. (HiGHS Status 7: Optimal),882,0.0
2025-07-10,0,0.03308104200004891,3011.1970985949833,144,20,3746,2025-06-20|2025-06-21|2025-06-22|2025-06-23|2025-06-24|2025-06-25|2025-06-26|2025-06-27|2025-06-28|2025-06-29|2025-06-30|2025-07-01|2025-07-02|2025-07-03|2025-07-04|2025-07-05|2025-07-06|2025-07-07|2025-07-08|2025-07-09,2025-07-10 00:00,2025-07-10 00:00,9.094947017729282e-13,4.547473508864641e-13,0,True,Optimization terminated successfully. (HiGHS Status 7: Optimal),675,4.547473508864641e-13
2025-07-10,6,0.03635204199963482,12138.891319983451,144,20,3746,2025-06-20|2025-06-21|2025-06-22|2025-06-23|2025-06-24|2025-06-25|2025-06-26|2025-06-27|2025-06-28|2025-06-29|2025-06-30|2025-07-01|2025-07-02|2025-07-03|2025-07-04|2025-07-05|2025-07-06|2025-07-07|2025-07-08|2025-07-09,2025-07-10 06:00,2025-07-10 06:00,9.094947017729282e-13,1.1368683772161603e-13,0,True,Optimization terminated successfully. (HiGHS Status 7: Optimal),913,0.0
2025-07-10,12,0.03411745899938978,14159.33527176931,144,20,3746,2025-06-20|2025-06-21|2025-06-22|2025-06-23|2025-06-24|2025-06-25|2025-06-26|2025-06-27|2025-06-28|2025-06-29|2025-06-30|2025-07-01|2025-07-02|2025-07-03|2025-07-04|2025-07-05|2025-07-06|2025-07-07|2025-07-08|2025-07-09,2025-07-10 12:00,2025-07-10 12:00,9.094947017729282e-13,1.1368683772161603e-13,0,True,Optimization terminated successfully. (HiGHS Status 7: Optimal),848,0.0
2025-07-10,18,0.03588999999919906,13774.079284814994,144,20,3746,2025-06-20|2025-06-21|2025-06-22|2025-06-23|2025-06-24|2025-06-25|2025-06-26|2025-06-27|2025-06-28|2025-06-29|2025-06-30|2025-07-01|2025-07-02|2025-07-03|2025-07-04|2025-07-05|2025-07-06|2025-07-07|2025-07-08|2025-07-09,2025-07-10 18:00,2025-07-10 18:00,8.242295734817162e-13,1.1368683772161603e-13,0,True,Optimization terminated successfully. (HiGHS Status 7: Optimal),812,0.0
2025-07-11,0,0.039530542000647984,2023.0249086082079,144,20,3746,2025-06-21|2025-06-22|2025-06-23|2025-06-24|2025-06-25|2025-06-26|2025-06-27|2025-06-28|2025-06-29|2025-06-30|2025-07-01|2025-07-02|2025-07-03|2025-07-04|2025-07-05|2025-07-06|2025-07-07|2025-07-08|2025-07-09|2025-07-10,2025-07-11 00:00,2025-07-11 00:00,9.094947017729282e-13,1.1368683772161603e-13,0,True,Optimization terminated successfully. (HiGHS Status 7: Optimal),707,1.1368683772161603e-13
2025-07-11,6,0.029975375000503846,9999.85977579312,144,20,3746,2025-06-21|2025-06-22|2025-06-23|2025-06-24|2025-06-25|2025-06-26|2025-06-27|2025-06-28|2025-06-29|2025-06-30|2025-07-01|2025-07-02|2025-07-03|2025-07-04|2025-07-05|2025-07-06|2025-07-07|2025-07-08|2025-07-09|2025-07-10,2025-07-11 06:00,2025-07-11 06:00,8.810729923425242e-13,7.105427357601002e-15,0,True,Optimization terminated successfully. (HiGHS Status 7: Optimal),661,0.0
2025-07-11,12,0.03327999999964959,13403.63664330752,144,20,3746,2025-06-21|2025-06-22|2025-06-23|2025-06-24|2025-06-25|2025-06-26|2025-06-27|2025-06-28|2025-06-29|2025-06-30|2025-07-01|2025-07-02|2025-07-03|2025-07-04|2025-07-05|2025-07-06|2025-07-07|2025-07-08|2025-07-09|2025-07-10,2025-07-11 12:00,2025-07-11 12:00,8.810729923425242e-13,1.1368683772161603e-13,0,True,Optimization terminated successfully. (HiGHS Status 7: Optimal),759,0.0
2025-07-11,18,0.03233133400135557,13764.629246599443,144,20,3746,2025-06-21|2025-06-22|2025-06-23|2025-06-24|2025-06-25|2025-06-26|2025-06-27|2025-06-28|2025-06-29|2025-06-30|2025-07-01|2025-07-02|2025-07-03|2025-07-04|2025-07-05|2025-07-06|2025-07-07|2025-07-08|2025-07-09|2025-07-10,2025-07-11 18:00,2025-07-11 18:00,9.094947017729282e-13,1.1368683772161603e-13,0,True,Optimization terminated successfully. (HiGHS Status 7: Optimal),758,0.0
2025-07-12,0,0.030830457999400096,1322.6197471727498,144,20,3746,2025-06-22|2025-06-23|2025-06-24|2025-06-25|2025-06-26|2025-06-27|2025-06-28|2025-06-29|2025-06-30|2025-07-01|2025-07-02|2025-07-03|2025-07-04|2025-07-05|2025-07-06|2025-07-07|2025-07-08|2025-07-09|2025-07-10|2025-07-11,2025-07-12 00:00,2025-07-12 00:00,8.526512829121202e-13,1.2505552149377763e-12,0,True,Optimization terminated successfully. (HiGHS Status 7: Optimal),612,1.2505552149377763e-12
2025-07-12,6,0.030972042000939837,13844.531539951358,144,20,3746,2025-06-22|2025-06-23|2025-06-24|2025-06-25|2025-06-26|2025-06-27|2025-06-28|2025-06-29|2025-06-30|2025-07-01|2025-07-02|2025-07-03|2025-07-04|2025-07-05|2025-07-06|2025-07-07|2025-07-08|2025-07-09|2025-07-10|2025-07-11,2025-07-12 06:00,2025-07-12 06:00,8.526512829121202e-13,0.0,0,True,Optimization terminated successfully. (HiGHS Status 7: Optimal),739,1.1368683772161603e-13
2025-07-12,12,0.03564587500113703,23167.271747772782,144,20,3746,2025-06-22|2025-06-23|2025-06-24|2025-06-25|2025-06-26|2025-06-27|2025-06-28|2025-06-29|2025-06-30|2025-07-01|2025-07-02|2025-07-03|2025-07-04|2025-07-05|2025-07-06|2025-07-07|2025-07-08|2025-07-09|2025-07-10|2025-07-11,2025-07-12 12:00,2025-07-12 12:00,9.094947017729282e-13,1.1368683772161603e-13,0,True,Optimization terminated successfully. (HiGHS Status 7: Optimal),881,1.1368683772161603e-13
2025-07-12,18,0.03414924999924551,30034.93410836594,144,20,3746,2025-06-22|2025-06-23|2025-06-24|2025-06-25|2025-06-26|2025-06-27|2025-06-28|2025-06-29|2025-06-30|2025-07-01|2025-07-02|2025-07-03|2025-07-04|2025-07-05|2025-07-06|2025-07-07|2025-07-08|2025-07-09|2025-07-10|2025-07-11,2025-07-12 18:00,2025-07-12 18:00,9.094947017729282e-13,1.1368683772161603e-13,0,True,Optimization terminated successfully. (HiGHS Status 7: Optimal),868,1.1368683772161603e-13
2025-07-13,0,0.03469733299971267,2981.8204513878095,144,20,3746,2025-06-23|2025-06-24|2025-06-25|2025-06-26|2025-06-27|2025-06-28|2025-06-29|2025-06-30|2025-07-01|2025-07-02|2025-07-03|2025-07-04|2025-07-05|2025-07-06|2025-07-07|2025-07-08|2025-07-09|2025-07-10|2025-07-11|2025-07-12,2025-07-13 00:00,2025-07-13 00:00,8.526512829121202e-13,2.2737367544323206e-13,0,True,Optimization terminated successfully. (HiGHS Status 7: Optimal),705,2.2737367544323206e-13
2025-07-13,6,0.030861334000292118,10667.818275882777,144,20,3746,2025-06-23|2025-06-24|2025-06-25|2025-06-26|2025-06-27|2025-06-28|2025-06-29|2025-06-30|2025-07-01|2025-07-02|2025-07-03|2025-07-04|2025-07-05|2025-07-06|2025-07-07|2025-07-08|2025-07-09|2025-07-10|2025-07-11|2025-07-12,2025-07-13 06:00,2025-07-13 06:00,9.094947017729282e-13,1.1368683772161603e-13,0,True,Optimization terminated successfully. (HiGHS Status 7: Optimal),767,2.2737367544323206e-13
2025-07-13,12,0.03199233300074411,23079.00032199186,144,20,3746,2025-06-23|2025-06-24|2025-06-25|2025-06-26|2025-06-27|2025-06-28|2025-06-29|2025-06-30|2025-07-01|2025-07-02|2025-07-03|2025-07-04|2025-07-05|2025-07-06|2025-07-07|2025-07-08|2025-07-09|2025-07-10|2025-07-11|2025-07-12,2025-07-13 12:00,2025-07-13 12:00,9.094947017729282e-13,1.1368683772161603e-13,0,True,Optimization terminated successfully. (HiGHS Status 7: Optimal),846,2.2737367544323206e-13
2025-07-13,18,0.03508620799948403,36477.72257553263,144,20,3746,2025-06-23|2025-06-24|2025-06-25|2025-06-26|2025-06-27|2025-06-28|2025-06-29|2025-06-30|2025-07-01|2025-07-02|2025-07-03|2025-07-04|2025-07-05|2025-07-06|2025-07-07|2025-07-08|2025-07-09|2025-07-10|2025-07-11|2025-07-12,2025-07-13 18:00,2025-07-13 18:00,9.094947017729282e-13,1.1368683772161603e-13,0,True,Optimization terminated successfully. (HiGHS Status 7: Optimal),864,2.2737367544323206e-13
2025-07-14,0,0.035129957999743056,2966.3201498759427,144,20,3746,2025-06-24|2025-06-25|2025-06-26|2025-06-27|2025-06-28|2025-06-29|2025-06-30|2025-07-01|2025-07-02|2025-07-03|2025-07-04|2025-07-05|2025-07-06|2025-07-07|2025-07-08|2025-07-09|2025-07-10|2025-07-11|2025-07-12|2025-07-13,2025-07-14 00:00,2025-07-14 00:00,8.65085780787922e-13,2.2737367544323206e-13,0,True,Optimization terminated successfully. (HiGHS Status 7: Optimal),707,2.2737367544323206e-13
2025-07-14,6,0.032705166000596364,12939.116509884281,144,20,3746,2025-06-24|2025-06-25|2025-06-26|2025-06-27|2025-06-28|2025-06-29|2025-06-30|2025-07-01|2025-07-02|2025-07-03|2025-07-04|2025-07-05|2025-07-06|2025-07-07|2025-07-08|2025-07-09|2025-07-10|2025-07-11|2025-07-12|2025-07-13,2025-07-14 06:00,2025-07-14 06:00,8.526512829121202e-13,2.2737367544323206e-13,0,True,Optimization terminated successfully. (HiGHS Status 7: Optimal),805,2.2737367544323206e-13
2025-07-14,12,0.0357472499999858,19281.359804655294,144,20,3746,2025-06-24|2025-06-25|2025-06-26|2025-06-27|2025-06-28|2025-06-29|2025-06-30|2025-07-01|2025-07-02|2025-07-03|2025-07-04|2025-07-05|2025-07-06|2025-07-07|2025-07-08|2025-07-09|2025-07-10|2025-07-11|2025-07-12|2025-07-13,2025-07-14 12:00,2025-07-14 12:00,9.094947017729282e-13,2.2737367544323206e-13,0,True,Optimization terminated successfully. (HiGHS Status 7: Optimal),918,2.2737367544323206e-13
2025-07-14,18,0.036919084001056035,36272.95315363953,144,20,3746,2025-06-24|2025-06-25|2025-06-26|2025-06-27|2025-06-28|2025-06-29|2025-06-30|2025-07-01|2025-07-02|2025-07-03|2025-07-04|2025-07-05|2025-07-06|2025-07-07|2025-07-08|2025-07-09|2025-07-10|2025-07-11|2025-07-12|2025-07-13,2025-07-14 18:00,2025-07-14 18:00,9.094947017729282e-13,2.2737367544323206e-13,0,True,Optimization terminated successfully. (HiGHS Status 7: Optimal),869,2.2737367544323206e-13
2025-07-15,0,0.03487850000055914,2948.0650183309403,144,20,3746,2025-06-25|2025-06-26|2025-06-27|2025-06-28|2025-06-29|2025-06-30|2025-07-01|2025-07-02|2025-07-03|2025-07-04|2025-07-05|2025-07-06|2025-07-07|2025-07-08|2025-07-09|2025-07-10|2025-07-11|2025-07-12|2025-07-13|2025-07-14,2025-07-15 00:00,2025-07-15 00:00,9.094947017729282e-13,2.2737367544323206e-13,0,True,Optimization terminated successfully. (HiGHS Status 7: Optimal),705,3.410605131648481e-13
2025-07-15,6,0.032484999999724096,11785.105414462083,144,20,3746,2025-06-25|2025-06-26|2025-06-27|2025-06-28|2025-06-29|2025-06-30|2025-07-01|2025-07-02|2025-07-03|2025-07-04|2025-07-05|2025-07-06|2025-07-07|2025-07-08|2025-07-09|2025-07-10|2025-07-11|2025-07-12|2025-07-13|2025-07-14,2025-07-15 06:00,2025-07-15 06:00,8.588685318500211e-13,2.2737367544323206e-13,0,True,Optimization terminated successfully. (HiGHS Status 7: Optimal),832,2.2737367544323206e-13
2025-07-15,12,0.03353495800001838,19073.652223734713,144,20,3746,2025-06-25|2025-06-26|2025-06-27|2025-06-28|2025-06-29|2025-06-30|2025-07-01|2025-07-02|2025-07-03|2025-07-04|2025-07-05|2025-07-06|2025-07-07|2025-07-08|2025-07-09|2025-07-10|2025-07-11|2025-07-12|2025-07-13|2025-07-14,2025-07-15 12:00,2025-07-15 12:00,9.094947017729282e-13,2.2737367544323206e-13,0,True,Optimization terminated successfully. (HiGHS Status 7: Optimal),884,2.2737367544323206e-13
2025-07-15,18,0.03396295800121152,28584.622179187667,144,20,3746,2025-06-25|2025-06-26|2025-06-27|2025-06-28|2025-06-29|2025-06-30|2025-07-01|2025-07-02|2025-07-03|2025-07-04|2025-07-05|2025-07-06|2025-07-07|2025-07-08|2025-07-09|2025-07-10|2025-07-11|2025-07-12|2025-07-13|2025-07-14,2025-07-15 18:00,2025-07-15 18:00,9.094947017729282e-13,2.2737367544323206e-13,0,True,Optimization terminated successfully. (HiGHS Status 7: Optimal),882,2.2737367544323206e-13
2025-07-16,0,0.034701500000664964,2778.588595426688,144,20,3746,2025-06-26|2025-06-27|2025-06-28|2025-06-29|2025-06-30|2025-07-01|2025-07-02|2025-07-03|2025-07-04|2025-07-05|2025-07-06|2025-07-07|2025-07-08|2025-07-09|2025-07-10|2025-07-11|2025-07-12|2025-07-13|2025-07-14|2025-07-15,2025-07-16 00:00,2025-07-16 00:00,8.526512829121202e-13,2.2737367544323206e-13,0,True,Optimization terminated successfully. (HiGHS Status 7: Optimal),699,2.984279490192421e-13
2025-07-16,6,0.030195707999155275,11846.027085000427,144,20,3746,2025-06-26|2025-06-27|2025-06-28|2025-06-29|2025-06-30|2025-07-01|2025-07-02|2025-07-03|2025-07-04|2025-07-05|2025-07-06|2025-07-07|2025-07-08|2025-07-09|2025-07-10|2025-07-11|2025-07-12|2025-07-13|2025-07-14|2025-07-15,2025-07-16 06:00,2025-07-16 06:00,8.881784197001252e-13,1.1368683772161603e-13,0,True,Optimization terminated successfully. (HiGHS Status 7: Optimal),760,1.1368683772161603e-13
2025-07-16,12,0.03314775000035297,23587.794380817988,144,20,3746,2025-06-26|2025-06-27|2025-06-28|2025-06-29|2025-06-30|2025-07-01|2025-07-02|2025-07-03|2025-07-04|2025-07-05|2025-07-06|2025-07-07|2025-07-08|2025-07-09|2025-07-10|2025-07-11|2025-07-12|2025-07-13|2025-07-14|2025-07-15,2025-07-16 12:00,2025-07-16 12:00,9.094947017729282e-13,1.1368683772161603e-13,0,True,Optimization terminated successfully. (HiGHS Status 7: Optimal),845,1.1368683772161603e-13
2025-07-16,18,0.03506212499996764,36443.20256663505,144,20,3746,2025-06-26|2025-06-27|2025-06-28|2025-06-29|2025-06-30|2025-07-01|2025-07-02|2025-07-03|2025-07-04|2025-07-05|2025-07-06|2025-07-07|2025-07-08|2025-07-09|2025-07-10|2025-07-11|2025-07-12|2025-07-13|2025-07-14|2025-07-15,2025-07-16 18:00,2025-07-16 18:00,7.958078640513122e-13,2.2737367544323206e-13,0,True,Optimization terminated successfully. (HiGHS Status 7: Optimal),882,1.1368683772161603e-13
2025-07-17,0,0.03364458400028525,2884.7477174703645,144,20,3746,2025-06-27|2025-06-28|2025-06-29|2025-06-30|2025-07-01|2025-07-02|2025-07-03|2025-07-04|2025-07-05|2025-07-06|2025-07-07|2025-07-08|2025-07-09|2025-07-10|2025-07-11|2025-07-12|2025-07-13|2025-07-14|2025-07-15|2025-07-16,2025-07-17 00:00,2025-07-17 00:00,8.526512829121202e-13,2.2737367544323206e-13,0,True,Optimization terminated successfully. (HiGHS Status 7: Optimal),706,2.2737367544323206e-13
2025-07-17,6,0.03685916699942027,12990.381408749072,144,20,3746,2025-06-27|2025-06-28|2025-06-29|2025-06-30|2025-07-01|2025-07-02|2025-07-03|2025-07-04|2025-07-05|2025-07-06|2025-07-07|2025-07-08|2025-07-09|2025-07-10|2025-07-11|2025-07-12|2025-07-13|2025-07-14|2025-07-15|2025-07-16,2025-07-17 06:00,2025-07-17 06:00,9.094947017729282e-13,2.2737367544323206e-13,0,True,Optimization terminated successfully. (HiGHS Status 7: Optimal),911,2.2737367544323206e-13
2025-07-17,12,0.03708595799980685,14592.54433010167,144,20,3746,2025-06-27|2025-06-28|2025-06-29|2025-06-30|2025-07-01|2025-07-02|2025-07-03|2025-07-04|2025-07-05|2025-07-06|2025-07-07|2025-07-08|2025-07-09|2025-07-10|2025-07-11|2025-07-12|2025-07-13|2025-07-14|2025-07-15|2025-07-16,2025-07-17 12:00,2025-07-17 12:00,9.094947017729282e-13,2.2737367544323206e-13,0,True,Optimization terminated successfully. (HiGHS Status 7: Optimal),965,2.2737367544323206e-13
2025-07-17,18,0.03778983400115976,14880.336322252406,144,20,3746,2025-06-27|2025-06-28|2025-06-29|2025-06-30|2025-07-01|2025-07-02|2025-07-03|2025-07-04|2025-07-05|2025-07-06|2025-07-07|2025-07-08|2025-07-09|2025-07-10|2025-07-11|2025-07-12|2025-07-13|2025-07-14|2025-07-15|2025-07-16,2025-07-17 18:00,2025-07-17 18:00,9.094947017729282e-13,2.2737367544323206e-13,0,True,Optimization terminated successfully. (HiGHS Status 7: Optimal),820,2.2737367544323206e-13
2025-07-18,0,0.04113029200016172,2031.1184616026585,144,20,3746,2025-06-28|2025-06-29|2025-06-30|2025-07-01|2025-07-02|2025-07-03|2025-07-04|2025-07-05|2025-07-06|2025-07-07|2025-07-08|2025-07-09|2025-07-10|2025-07-11|2025-07-12|2025-07-13|2025-07-14|2025-07-15|2025-07-16|2025-07-17,2025-07-18 00:00,2025-07-18 00:00,8.526512829121202e-13,3.126388037344441e-13,0,True,Optimization terminated successfully. (HiGHS Status 7: Optimal),750,3.126388037344441e-13
2025-07-18,6,0.030502583000270533,10058.011620634572,144,20,3746,2025-06-28|2025-06-29|2025-06-30|2025-07-01|2025-07-02|2025-07-03|2025-07-04|2025-07-05|2025-07-06|2025-07-07|2025-07-08|2025-07-09|2025-07-10|2025-07-11|2025-07-12|2025-07-13|2025-07-14|2025-07-15|2025-07-16|2025-07-17,2025-07-18 06:00,2025-07-18 06:00,9.094947017729282e-13,1.1368683772161603e-13,0,True,Optimization terminated successfully. (HiGHS Status 7: Optimal),681,2.2737367544323206e-13
2025-07-18,12,0.029146750001018518,8520.86242309207,144,20,3746,2025-06-28|2025-06-29|2025-06-30|2025-07-01|2025-07-02|2025-07-03|2025-07-04|2025-07-05|2025-07-06|2025-07-07|2025-07-08|2025-07-09|2025-07-10|2025-07-11|2025-07-12|2025-07-13|2025-07-14|2025-07-15|2025-07-16|2025-07-17,2025-07-18 12:00,2025-07-18 12:00,9.094947017729282e-13,1.1368683772161603e-13,0,True,Optimization terminated successfully. (HiGHS Status 7: Optimal),704,2.2737367544323206e-13
2025-07-18,18,0.03129291699951864,11815.72242326933,144,20,3746,2025-06-28|2025-06-29|2025-06-30|2025-07-01|2025-07-02|2025-07-03|2025-07-04|2025-07-05|2025-07-06|2025-07-07|2025-07-08|2025-07-09|2025-07-10|2025-07-11|2025-07-12|2025-07-13|2025-07-14|2025-07-15|2025-07-16|2025-07-17,2025-07-18 18:00,2025-07-18 18:00,9.094947017729282e-13,1.1368683772161603e-13,0,True,Optimization terminated successfully. (HiGHS Status 7: Optimal),728,2.2737367544323206e-13
2025-07-19,0,0.04045462500107533,1919.0451801526744,144,20,3746,2025-06-29|2025-06-30|2025-07-01|2025-07-02|2025-07-03|2025-07-04|2025-07-05|2025-07-06|2025-07-07|2025-07-08|2025-07-09|2025-07-10|2025-07-11|2025-07-12|2025-07-13|2025-07-14|2025-07-15|2025-07-16|2025-07-17|2025-07-18,2025-07-19 00:00,2025-07-19 00:00,8.242295734817162e-13,3.410605131648481e-13,0,True,Optimization terminated successfully. (HiGHS Status 7: Optimal),724,3.410605131648481e-13
2025-07-19,6,0.028619791999517474,12098.866986168598,144,20,3746,2025-06-29|2025-06-30|2025-07-01|2025-07-02|2025-07-03|2025-07-04|2025-07-05|2025-07-06|2025-07-07|2025-07-08|2025-07-09|2025-07-10|2025-07-11|2025-07-12|2025-07-13|2025-07-14|2025-07-15|2025-07-16|2025-07-17|2025-07-18,2025-07-19 06:00,2025-07-19 06:00,1.0231815394945443e-12,1.1368683772161603e-13,0,True,Optimization terminated successfully. (HiGHS Status 7: Optimal),648,0.0
2025-07-19,12,0.03291266699852713,16751.985367113353,144,20,3746,2025-06-29|2025-06-30|2025-07-01|2025-07-02|2025-07-03|2025-07-04|2025-07-05|2025-07-06|2025-07-07|2025-07-08|2025-07-09|2025-07-10|2025-07-11|2025-07-12|2025-07-13|2025-07-14|2025-07-15|2025-07-16|2025-07-17|2025-07-18,2025-07-19 12:00,2025-07-19 12:00,9.094947017729282e-13,1.1368683772161603e-13,0,True,Optimization terminated successfully. (HiGHS Status 7: Optimal),821,0.0
2025-07-19,18,0.03406658300082199,31155.37494670782,144,20,3746,2025-06-29|2025-06-30|2025-07-01|2025-07-02|2025-07-03|2025-07-04|2025-07-05|2025-07-06|2025-07-07|2025-07-08|2025-07-09|2025-07-10|2025-07-11|2025-07-12|2025-07-13|2025-07-14|2025-07-15|2025-07-16|2025-07-17|2025-07-18,2025-07-19 18:00,2025-07-19 18:00,9.094947017729282e-13,1.1368683772161603e-13,0,True,Optimization terminated successfully. (HiGHS Status 7: Optimal),866,0.0
2025-07-20,0,0.03476079100073548,2828.568935711839,144,20,3746,2025-06-30|2025-07-01|2025-07-02|2025-07-03|2025-07-04|2025-07-05|2025-07-06|2025-07-07|2025-07-08|2025-07-09|2025-07-10|2025-07-11|2025-07-12|2025-07-13|2025-07-14|2025-07-15|2025-07-16|2025-07-17|2025-07-18|2025-07-19,2025-07-20 00:00,2025-07-20 00:00,9.094947017729282e-13,2.2737367544323206e-13,0,True,Optimization terminated successfully. (HiGHS Status 7: Optimal),703,3.410605131648481e-13
2025-07-20,6,0.03505166700051632,13573.339424838523,144,20,3746,2025-06-30|2025-07-01|2025-07-02|2025-07-03|2025-07-04|2025-07-05|2025-07-06|2025-07-07|2025-07-08|2025-07-09|2025-07-10|2025-07-11|2025-07-12|2025-07-13|2025-07-14|2025-07-15|2025-07-16|2025-07-17|2025-07-18|2025-07-19,2025-07-20 06:00,2025-07-20 06:00,7.958078640513122e-13,2.2737367544323206e-13,0,True,Optimization terminated successfully. (HiGHS Status 7: Optimal),893,1.1368683772161603e-13
2025-07-20,12,0.03443791700010479,20061.534351202492,144,20,3746,2025-06-30|2025-07-01|2025-07-02|2025-07-03|2025-07-04|2025-07-05|2025-07-06|2025-07-07|2025-07-08|2025-07-09|2025-07-10|2025-07-11|2025-07-12|2025-07-13|2025-07-14|2025-07-15|2025-07-16|2025-07-17|2025-07-18|2025-07-19,2025-07-20 12:00,2025-07-20 12:00,1.0231815394945443e-12,1.1368683772161603e-13,0,True,Optimization terminated successfully. (HiGHS Status 7: Optimal),929,1.1368683772161603e-13
2025-07-20,18,0.03335245800008124,31529.05543665829,144,20,3746,2025-06-30|2025-07-01|2025-07-02|2025-07-03|2025-07-04|2025-07-05|2025-07-06|2025-07-07|2025-07-08|2025-07-09|2025-07-10|2025-07-11|2025-07-12|2025-07-13|2025-07-14|2025-07-15|2025-07-16|2025-07-17|2025-07-18|2025-07-19,2025-07-20 18:00,2025-07-20 18:00,9.094947017729282e-13,3.410605131648481e-13,0,True,Optimization terminated successfully. (HiGHS Status 7: Optimal),893,4.547473508864641e-13
2025-07-21,0,0.0347017500007496,2817.264695236657,144,20,3746,2025-07-01|2025-07-02|2025-07-03|2025-07-04|2025-07-05|2025-07-06|2025-07-07|2025-07-08|2025-07-09|2025-07-10|2025-07-11|2025-07-12|2025-07-13|2025-07-14|2025-07-15|2025-07-16|2025-07-17|2025-07-18|2025-07-19|2025-07-20,2025-07-21 00:00,2025-07-21 00:00,7.958078640513122e-13,2.2737367544323206e-13,0,True,Optimization terminated successfully. (HiGHS Status 7: Optimal),705,2.2737367544323206e-13
2025-07-21,6,0.031237875000442727,12530.124087976814,144,20,3746,2025-07-01|2025-07-02|2025-07-03|2025-07-04|2025-07-05|2025-07-06|2025-07-07|2025-07-08|2025-07-09|2025-07-10|2025-07-11|2025-07-12|2025-07-13|2025-07-14|2025-07-15|2025-07-16|2025-07-17|2025-07-18|2025-07-19|2025-07-20,2025-07-21 06:00,2025-07-21 06:00,9.094947017729282e-13,2.2737367544323206e-13,0,True,Optimization terminated successfully. (HiGHS Status 7: Optimal),794,2.2737367544323206e-13
2025-07-21,12,0.033535790998939774,23451.745246498114,144,20,3746,2025-07-01|2025-07-02|2025-07-03|2025-07-04|2025-07-05|2025-07-06|2025-07-07|2025-07-08|2025-07-09|2025-07-10|2025-07-11|2025-07-12|2025-07-13|2025-07-14|2025-07-15|2025-07-16|2025-07-17|2025-07-18|2025-07-19|2025-07-20,2025-07-21 12:00,2025-07-21 12:00,1.0231815394945443e-12,2.2737367544323206e-13,0,True,Optimization terminated successfully. (HiGHS Status 7: Optimal),896,2.2737367544323206e-13
2025-07-21,18,0.032782833999590366,29458.88257193843,144,20,3746,2025-07-01|2025-07-02|2025-07-03|2025-07-04|2025-07-05|2025-07-06|2025-07-07|2025-07-08|2025-07-09|2025-07-10|2025-07-11|2025-07-12|2025-07-13|2025-07-14|2025-07-15|2025-07-16|2025-07-17|2025-07-18|2025-07-19|2025-07-20,2025-07-21 18:00,2025-07-21 18:00,9.094947017729282e-13,2.2737367544323206e-13,0,True,Optimization terminated successfully. (HiGHS Status 7: Optimal),853,2.2737367544323206e-13
2025-07-22,0,0.034685083001022576,2899.5570539637097,144,20,3746,2025-07-02|2025-07-03|2025-07-04|2025-07-05|2025-07-06|2025-07-07|2025-07-08|2025-07-09|2025-07-10|2025-07-11|2025-07-12|2025-07-13|2025-07-14|2025-07-15|2025-07-16|2025-07-17|2025-07-18|2025-07-19|2025-07-20|2025-07-21,2025-07-22 00:00,2025-07-22 00:00,7.958078640513122e-13,2.2737367544323206e-13,0,True,Optimization terminated successfully. (HiGHS Status 7: Optimal),702,3.410605131648481e-13
2025-07-22,6,0.03984620799928962,22168.084542609562,144,20,3746,2025-07-02|2025-07-03|2025-07-04|2025-07-05|2025-07-06|2025-07-07|2025-07-08|2025-07-09|2025-07-10|2025-07-11|2025-07-12|2025-07-13|2025-07-14|2025-07-15|2025-07-16|2025-07-17|2025-07-18|2025-07-19|2025-07-20|2025-07-21,2025-07-22 06:00,2025-07-22 06:00,7.958078640513122e-13,1.1368683772161603e-13,0,True,Optimization terminated successfully. (HiGHS Status 7: Optimal),1057,1.1368683772161603e-13
2025-07-22,12,0.03176887500012526,19145.810725158284,144,20,3746,2025-07-02|2025-07-03|2025-07-04|2025-07-05|2025-07-06|2025-07-07|2025-07-08|2025-07-09|2025-07-10|2025-07-11|2025-07-12|2025-07-13|2025-07-14|2025-07-15|2025-07-16|2025-07-17|2025-07-18|2025-07-19|2025-07-20|2025-07-21,2025-07-22 12:00,2025-07-22 12:00,9.663381206337363e-13,2.2737367544323206e-13,0,True,Optimization terminated successfully. (HiGHS Status 7: Optimal),866,1.1368683772161603e-13
2025-07-22,18,0.03281470799993258,32731.838244195515,144,20,3746,2025-07-02|2025-07-03|2025-07-04|2025-07-05|2025-07-06|2025-07-07|2025-07-08|2025-07-09|2025-07-10|2025-07-11|2025-07-12|2025-07-13|2025-07-14|2025-07-15|2025-07-16|2025-07-17|2025-07-18|2025-07-19|2025-07-20|2025-07-21,2025-07-22 18:00,2025-07-22 18:00,9.094947017729282e-13,2.2737367544323206e-13,0,True,Optimization terminated successfully. (HiGHS Status 7: Optimal),865,1.1368683772161603e-13
2025-07-23,0,0.035398333999182796,3106.6937360649417,144,20,3746,2025-07-03|2025-07-04|2025-07-05|2025-07-06|2025-07-07|2025-07-08|2025-07-09|2025-07-10|2025-07-11|2025-07-12|2025-07-13|2025-07-14|2025-07-15|2025-07-16|2025-07-17|2025-07-18|2025-07-19|2025-07-20|2025-07-21|2025-07-22,2025-07-23 00:00,2025-07-23 00:00,7.958078640513122e-13,2.2737367544323206e-13,0,True,Optimization terminated successfully. (HiGHS Status 7: Optimal),715,2.2737367544323206e-13
2025-07-23,6,0.03105945800052723,10136.073935284558,144,20,3746,2025-07-03|2025-07-04|2025-07-05|2025-07-06|2025-07-07|2025-07-08|2025-07-09|2025-07-10|2025-07-11|2025-07-12|2025-07-13|2025-07-14|2025-07-15|2025-07-16|2025-07-17|2025-07-18|2025-07-19|2025-07-20|2025-07-21|2025-07-22,2025-07-23 06:00,2025-07-23 06:00,8.526512829121202e-13,1.1368683772161603e-13,0,True,Optimization terminated successfully. (HiGHS Status 7: Optimal),804,1.1368683772161603e-13
2025-07-23,12,0.03356066699961957,19147.400177817337,144,20,3746,2025-07-03|2025-07-04|2025-07-05|2025-07-06|2025-07-07|2025-07-08|2025-07-09|2025-07-10|2025-07-11|2025-07-12|2025-07-13|2025-07-14|2025-07-15|2025-07-16|2025-07-17|2025-07-18|2025-07-19|2025-07-20|2025-07-21|2025-07-22,2025-07-23 12:00,2025-07-23 12:00,7.958078640513122e-13,1.1368683772161603e-13,0,True,Optimization terminated successfully. (HiGHS Status 7: Optimal),867,1.1368683772161603e-13
2025-07-23,18,0.03231479099849821,42908.15007546912,144,20,3746,2025-07-03|2025-07-04|2025-07-05|2025-07-06|2025-07-07|2025-07-08|2025-07-09|2025-07-10|2025-07-11|2025-07-12|2025-07-13|2025-07-14|2025-07-15|2025-07-16|2025-07-17|2025-07-18|2025-07-19|2025-07-20|2025-07-21|2025-07-22,2025-07-23 18:00,2025-07-23 18:00,9.094947017729282e-13,2.2737367544323206e-13,0,True,Optimization terminated successfully. (HiGHS Status 7: Optimal),866,1.1368683772161603e-13
2025-07-24,0,0.03442462500061083,3075.4410875032713,144,20,3746,2025-07-04|2025-07-05|2025-07-06|2025-07-07|2025-07-08|2025-07-09|2025-07-10|2025-07-11|2025-07-12|2025-07-13|2025-07-14|2025-07-15|2025-07-16|2025-07-17|2025-07-18|2025-07-19|2025-07-20|2025-07-21|2025-07-22|2025-07-23,2025-07-24 00:00,2025-07-24 00:00,8.526512829121202e-13,2.2737367544323206e-13,0,True,Optimization terminated successfully. (HiGHS Status 7: Optimal),695,1.1368683772161603e-13
2025-07-24,6,0.03235016599865048,8894.294354012969,144,20,3746,2025-07-04|2025-07-05|2025-07-06|2025-07-07|2025-07-08|2025-07-09|2025-07-10|2025-07-11|2025-07-12|2025-07-13|2025-07-14|2025-07-15|2025-07-16|2025-07-17|2025-07-18|2025-07-19|2025-07-20|2025-07-21|2025-07-22|2025-07-23,2025-07-24 06:00,2025-07-24 06:00,8.526512829121202e-13,1.1368683772161603e-13,0,True,Optimization terminated successfully. (HiGHS Status 7: Optimal),798,1.1368683772161603e-13
2025-07-24,12,0.02848124999945867,8547.38889136452,144,20,3746,2025-07-04|2025-07-05|2025-07-06|2025-07-07|2025-07-08|2025-07-09|2025-07-10|2025-07-11|2025-07-12|2025-07-13|2025-07-14|2025-07-15|2025-07-16|2025-07-17|2025-07-18|2025-07-19|2025-07-20|2025-07-21|2025-07-22|2025-07-23,2025-07-24 12:00,2025-07-24 12:00,8.526512829121202e-13,1.1368683772161603e-13,0,True,Optimization terminated successfully. (HiGHS Status 7: Optimal),764,1.1368683772161603e-13
2025-07-24,18,0.027603499998804182,10955.583815911441,144,20,3746,2025-07-04|2025-07-05|2025-07-06|2025-07-07|2025-07-08|2025-07-09|2025-07-10|2025-07-11|2025-07-12|2025-07-13|2025-07-14|2025-07-15|2025-07-16|2025-07-17|2025-07-18|2025-07-19|2025-07-20|2025-07-21|2025-07-22|2025-07-23,2025-07-24 18:00,2025-07-24 18:00,7.958078640513122e-13,2.2737367544323206e-13,0,True,Optimization terminated successfully. (HiGHS Status 7: Optimal),661,1.1368683772161603e-13
2025-07-25,0,0.0322251249999681,1357.0080511543756,144,20,3746,2025-07-05|2025-07-06|2025-07-07|2025-07-08|2025-07-09|2025-07-10|2025-07-11|2025-07-12|2025-07-13|2025-07-14|2025-07-15|2025-07-16|2025-07-17|2025-07-18|2025-07-19|2025-07-20|2025-07-21|2025-07-22|2025-07-23|2025-07-24,2025-07-25 00:00,2025-07-25 00:00,9.094947017729282e-13,4.547473508864641e-13,0,True,Optimization terminated successfully. (HiGHS Status 7: Optimal),610,4.547473508864641e-13
2025-07-25,6,0.033535624999785796,11347.562821480558,144,20,3746,2025-07-05|2025-07-06|2025-07-07|2025-07-08|2025-07-09|2025-07-10|2025-07-11|2025-07-12|2025-07-13|2025-07-14|2025-07-15|2025-07-16|2025-07-17|2025-07-18|2025-07-19|2025-07-20|2025-07-21|2025-07-22|2025-07-23|2025-07-24,2025-07-25 06:00,2025-07-25 06:00,9.094947017729282e-13,2.2737367544323206e-13,0,True,Optimization terminated successfully. (HiGHS Status 7: Optimal),763,0.0
2025-07-25,12,0.033397625000361586,13721.16125152259,144,20,3746,2025-07-05|2025-07-06|2025-07-07|2025-07-08|2025-07-09|2025-07-10|2025-07-11|2025-07-12|2025-07-13|2025-07-14|2025-07-15|2025-07-16|2025-07-17|2025-07-18|2025-07-19|2025-07-20|2025-07-21|2025-07-22|2025-07-23|2025-07-24,2025-07-25 12:00,2025-07-25 12:00,9.094947017729282e-13,4.547473508864641e-13,0,True,Optimization terminated successfully. (HiGHS Status 7: Optimal),770,4.547473508864641e-13
2025-07-25,18,0.03229762500086508,11217.894654911765,144,20,3746,2025-07-05|2025-07-06|2025-07-07|2025-07-08|2025-07-09|2025-07-10|2025-07-11|2025-07-12|2025-07-13|2025-07-14|2025-07-15|2025-07-16|2025-07-17|2025-07-18|2025-07-19|2025-07-20|2025-07-21|2025-07-22|2025-07-23|2025-07-24,2025-07-25 18:00,2025-07-25 18:00,9.094947017729282e-13,4.547473508864641e-13,0,True,Optimization terminated successfully. (HiGHS Status 7: Optimal),729,4.547473508864641e-13
2025-07-26,0,0.039387042001180816,2015.762368603201,144,20,3746,2025-07-06|2025-07-07|2025-07-08|2025-07-09|2025-07-10|2025-07-11|2025-07-12|2025-07-13|2025-07-14|2025-07-15|2025-07-16|2025-07-17|2025-07-18|2025-07-19|2025-07-20|2025-07-21|2025-07-22|2025-07-23|2025-07-24|2025-07-25,2025-07-26 00:00,2025-07-26 00:00,9.094947017729282e-13,1.1368683772161603e-13,0,True,Optimization terminated successfully. (HiGHS Status 7: Optimal),750,2.2737367544323206e-13
2025-07-26,6,0.030659916999866255,13956.590414361075,144,20,3746,2025-07-06|2025-07-07|2025-07-08|2025-07-09|2025-07-10|2025-07-11|2025-07-12|2025-07-13|2025-07-14|2025-07-15|2025-07-16|2025-07-17|2025-07-18|2025-07-19|2025-07-20|2025-07-21|2025-07-22|2025-07-23|2025-07-24|2025-07-25,2025-07-26 06:00,2025-07-26 06:00,9.094947017729282e-13,2.4868995751603507e-14,0,True,Optimization terminated successfully. (HiGHS Status 7: Optimal),716,2.2737367544323206e-13
2025-07-26,12,0.033568999999260996,29495.715624588363,144,20,3746,2025-07-06|2025-07-07|2025-07-08|2025-07-09|2025-07-10|2025-07-11|2025-07-12|2025-07-13|2025-07-14|2025-07-15|2025-07-16|2025-07-17|2025-07-18|2025-07-19|2025-07-20|2025-07-21|2025-07-22|2025-07-23|2025-07-24|2025-07-25,2025-07-26 12:00,2025-07-26 12:00,8.526512829121202e-13,7.460698725481052e-14,0,True,Optimization terminated successfully. (HiGHS Status 7: Optimal),820,2.2737367544323206e-13
2025-07-26,18,0.03525483399971563,28303.713526439737,144,20,3746,2025-07-06|2025-07-07|2025-07-08|2025-07-09|2025-07-10|2025-07-11|2025-07-12|2025-07-13|2025-07-14|2025-07-15|2025-07-16|2025-07-17|2025-07-18|2025-07-19|2025-07-20|2025-07-21|2025-07-22|2025-07-23|2025-07-24|2025-07-25,2025-07-26 18:00,2025-07-26 18:00,8.064660050877137e-13,1.1368683772161603e-13,0,True,Optimization terminated successfully. (HiGHS Status 7: Optimal),881,2.2737367544323206e-13
2025-07-27,0,0.03519237500040617,2823.7001063313023,144,20,3746,2025-07-07|2025-07-08|2025-07-09|2025-07-10|2025-07-11|2025-07-12|2025-07-13|2025-07-14|2025-07-15|2025-07-16|2025-07-17|2025-07-18|2025-07-19|2025-07-20|2025-07-21|2025-07-22|2025-07-23|2025-07-24|2025-07-25|2025-07-26,2025-07-27 00:00,2025-07-27 00:00,9.094947017729282e-13,2.2737367544323206e-13,0,True,Optimization terminated successfully. (HiGHS Status 7: Optimal),720,2.2737367544323206e-13
2025-07-27,6,0.03647550000096089,15199.802040398112,144,20,3746,2025-07-07|2025-07-08|2025-07-09|2025-07-10|2025-07-11|2025-07-12|2025-07-13|2025-07-14|2025-07-15|2025-07-16|2025-07-17|2025-07-18|2025-07-19|2025-07-20|2025-07-21|2025-07-22|2025-07-23|2025-07-24|2025-07-25|2025-07-26,2025-07-27 06:00,2025-07-27 06:00,8.100187187665142e-13,2.2737367544323206e-13,0,True,Optimization terminated successfully. (HiGHS Status 7: Optimal),919,2.2737367544323206e-13
2025-07-27,12,0.037133625000933534,25025.61306003035,144,20,3746,2025-07-07|2025-07-08|2025-07-09|2025-07-10|2025-07-11|2025-07-12|2025-07-13|2025-07-14|2025-07-15|2025-07-16|2025-07-17|2025-07-18|2025-07-19|2025-07-20|2025-07-21|2025-07-22|2025-07-23|2025-07-24|2025-07-25|2025-07-26,2025-07-27 12:00,2025-07-27 12:00,9.094947017729282e-13,2.2737367544323206e-13,0,True,Optimization terminated successfully. (HiGHS Status 7: Optimal),960,2.2737367544323206e-13
2025-07-27,18,0.03567345800001931,34181.76832694506,144,20,3746,2025-07-07|2025-07-08|2025-07-09|2025-07-10|2025-07-11|2025-07-12|2025-07-13|2025-07-14|2025-07-15|2025-07-16|2025-07-17|2025-07-18|2025-07-19|2025-07-20|2025-07-21|2025-07-22|2025-07-23|2025-07-24|2025-07-25|2025-07-26,2025-07-27 18:00,2025-07-27 18:00,9.094947017729282e-13,2.2737367544323206e-13,0,True,Optimization terminated successfully. (HiGHS Status 7: Optimal),889,2.2737367544323206e-13
2025-07-28,0,0.03454491699994833,2562.684006834786,144,20,3746,2025-07-08|2025-07-09|2025-07-10|2025-07-11|2025-07-12|2025-07-13|2025-07-14|2025-07-15|2025-07-16|2025-07-17|2025-07-18|2025-07-19|2025-07-20|2025-07-21|2025-07-22|2025-07-23|2025-07-24|2025-07-25|2025-07-26|2025-07-27,2025-07-28 00:00,2025-07-28 00:00,9.094947017729282e-13,2.2737367544323206e-13,0,True,Optimization terminated successfully. (HiGHS Status 7: Optimal),714,2.2737367544323206e-13
2025-07-28,6,0.03699408300053619,16303.064141559942,144,20,3746,2025-07-08|2025-07-09|2025-07-10|2025-07-11|2025-07-12|2025-07-13|2025-07-14|2025-07-15|2025-07-16|2025-07-17|2025-07-18|2025-07-19|2025-07-20|2025-07-21|2025-07-22|2025-07-23|2025-07-24|2025-07-25|2025-07-26|2025-07-27,2025-07-28 06:00,2025-07-28 06:00,9.094947017729282e-13,2.2737367544323206e-13,0,True,Optimization terminated successfully. (HiGHS Status 7: Optimal),977,2.2737367544323206e-13
2025-07-28,12,0.03445166699930269,21122.33110867135,144,20,3746,2025-07-08|2025-07-09|2025-07-10|2025-07-11|2025-07-12|2025-07-13|2025-07-14|2025-07-15|2025-07-16|2025-07-17|2025-07-18|2025-07-19|2025-07-20|2025-07-21|2025-07-22|2025-07-23|2025-07-24|2025-07-25|2025-07-26|2025-07-27,2025-07-28 12:00,2025-07-28 12:00,9.094947017729282e-13,2.2737367544323206e-13,0,True,Optimization terminated successfully. (HiGHS Status 7: Optimal),932,2.2737367544323206e-13
2025-07-28,18,0.0355587080011901,47909.01985209681,144,20,3746,2025-07-08|2025-07-09|2025-07-10|2025-07-11|2025-07-12|2025-07-13|2025-07-14|2025-07-15|2025-07-16|2025-07-17|2025-07-18|2025-07-19|2025-07-20|2025-07-21|2025-07-22|2025-07-23|2025-07-24|2025-07-25|2025-07-26|2025-07-27,2025-07-28 18:00,2025-07-28 18:00,9.094947017729282e-13,2.2737367544323206e-13,0,True,Optimization terminated successfully. (HiGHS Status 7: Optimal),875,2.2737367544323206e-13
2025-07-29,0,0.034526875000665314,2722.8602175538363,144,20,3746,2025-07-09|2025-07-10|2025-07-11|2025-07-12|2025-07-13|2025-07-14|2025-07-15|2025-07-16|2025-07-17|2025-07-18|2025-07-19|2025-07-20|2025-07-21|2025-07-22|2025-07-23|2025-07-24|2025-07-25|2025-07-26|2025-07-27|2025-07-28,2025-07-29 00:00,2025-07-29 00:00,9.094947017729282e-13,2.2737367544323206e-13,0,True,Optimization terminated successfully. (HiGHS Status 7: Optimal),715,2.2737367544323206e-13
2025-07-29,6,0.039772333000655635,19259.741738113902,144,20,3746,2025-07-09|2025-07-10|2025-07-11|2025-07-12|2025-07-13|2025-07-14|2025-07-15|2025-07-16|2025-07-17|2025-07-18|2025-07-19|2025-07-20|2025-07-21|2025-07-22|2025-07-23|2025-07-24|2025-07-25|2025-07-26|2025-07-27|2025-07-28,2025-07-29 06:00,2025-07-29 06:00,8.100187187665142e-13,2.2737367544323206e-13,0,True,Optimization terminated successfully. (HiGHS Status 7: Optimal),1015,2.2737367544323206e-13
2025-07-29,12,0.036302208000051905,20254.53650005846,144,20,3746,2025-07-09|2025-07-10|2025-07-11|2025-07-12|2025-07-13|2025-07-14|2025-07-15|2025-07-16|2025-07-17|2025-07-18|2025-07-19|2025-07-20|2025-07-21|2025-07-22|2025-07-23|2025-07-24|2025-07-25|2025-07-26|2025-07-27|2025-07-28,2025-07-29 12:00,2025-07-29 12:00,9.094947017729282e-13,2.2737367544323206e-13,0,True,Optimization terminated successfully. (HiGHS Status 7: Optimal),966,2.2737367544323206e-13
2025-07-29,18,0.033521916999234236,32920.15726651554,144,20,3746,2025-07-09|2025-07-10|2025-07-11|2025-07-12|2025-07-13|2025-07-14|2025-07-15|2025-07-16|2025-07-17|2025-07-18|2025-07-19|2025-07-20|2025-07-21|2025-07-22|2025-07-23|2025-07-24|2025-07-25|2025-07-26|2025-07-27|2025-07-28,2025-07-29 18:00,2025-07-29 18:00,9.094947017729282e-13,2.2737367544323206e-13,0,True,Optimization terminated successfully. (HiGHS Status 7: Optimal),865,2.2737367544323206e-13
2025-07-30,0,0.033580541999981506,2564.341597806235,144,20,3746,2025-07-10|2025-07-11|2025-07-12|2025-07-13|2025-07-14|2025-07-15|2025-07-16|2025-07-17|2025-07-18|2025-07-19|2025-07-20|2025-07-21|2025-07-22|2025-07-23|2025-07-24|2025-07-25|2025-07-26|2025-07-27|2025-07-28|2025-07-29,2025-07-30 00:00,2025-07-30 00:00,7.958078640513122e-13,3.197442310920451e-13,0,True,Optimization terminated successfully. (HiGHS Status 7: Optimal),691,3.197442310920451e-13
2025-07-30,6,0.04480024999975285,22721.35265887667,144,20,3746,2025-07-10|2025-07-11|2025-07-12|2025-07-13|2025-07-14|2025-07-15|2025-07-16|2025-07-17|2025-07-18|2025-07-19|2025-07-20|2025-07-21|2025-07-22|2025-07-23|2025-07-24|2025-07-25|2025-07-26|2025-07-27|2025-07-28|2025-07-29,2025-07-30 06:00,2025-07-30 06:00,8.526512829121202e-13,1.1368683772161603e-13,0,True,Optimization terminated successfully. (HiGHS Status 7: Optimal),1074,1.1368683772161603e-13
2025-07-30,12,0.03851941600078135,24084.417992330902,144,20,3746,2025-07-10|2025-07-11|2025-07-12|2025-07-13|2025-07-14|2025-07-15|2025-07-16|2025-07-17|2025-07-18|2025-07-19|2025-07-20|2025-07-21|2025-07-22|2025-07-23|2025-07-24|2025-07-25|2025-07-26|2025-07-27|2025-07-28|2025-07-29,2025-07-30 12:00,2025-07-30 12:00,8.86402062860725e-13,1.1368683772161603e-13,0,True,Optimization terminated successfully. (HiGHS Status 7: Optimal),994,1.1368683772161603e-13
2025-07-30,18,0.03358479200142028,43246.347285698655,144,20,3746,2025-07-10|2025-07-11|2025-07-12|2025-07-13|2025-07-14|2025-07-15|2025-07-16|2025-07-17|2025-07-18|2025-07-19|2025-07-20|2025-07-21|2025-07-22|2025-07-23|2025-07-24|2025-07-25|2025-07-26|2025-07-27|2025-07-28|2025-07-29,2025-07-30 18:00,2025-07-30 18:00,7.958078640513122e-13,2.2737367544323206e-13,0,True,Optimization terminated successfully. (HiGHS Status 7: Optimal),863,1.1368683772161603e-13
2025-07-31,0,0.03471070799969311,2645.1303919549273,144,20,3746,2025-07-11|2025-07-12|2025-07-13|2025-07-14|2025-07-15|2025-07-16|2025-07-17|2025-07-18|2025-07-19|2025-07-20|2025-07-21|2025-07-22|2025-07-23|2025-07-24|2025-07-25|2025-07-26|2025-07-27|2025-07-28|2025-07-29|2025-07-30,2025-07-31 00:00,2025-07-31 00:00,1.0231815394945443e-12,2.2737367544323206e-13,0,True,Optimization terminated successfully. (HiGHS Status 7: Optimal),700,1.1368683772161603e-13
2025-07-31,6,0.043736791998526314,13868.939258723542,144,20,3746,2025-07-11|2025-07-12|2025-07-13|2025-07-14|2025-07-15|2025-07-16|2025-07-17|2025-07-18|2025-07-19|2025-07-20|2025-07-21|2025-07-22|2025-07-23|2025-07-24|2025-07-25|2025-07-26|2025-07-27|2025-07-28|2025-07-29|2025-07-30,2025-07-31 06:00,2025-07-31 06:00,8.881784197001252e-13,2.2737367544323206e-13,0,True,Optimization terminated successfully. (HiGHS Status 7: Optimal),1035,1.1368683772161603e-13
2025-07-31,12,0.03411258300002373,11623.861577097025,144,20,3746,2025-07-11|2025-07-12|2025-07-13|2025-07-14|2025-07-15|2025-07-16|2025-07-17|2025-07-18|2025-07-19|2025-07-20|2025-07-21|2025-07-22|2025-07-23|2025-07-24|2025-07-25|2025-07-26|2025-07-27|2025-07-28|2025-07-29|2025-07-30,2025-07-31 12:00,2025-07-31 12:00,8.526512829121202e-13,5.684341886080802e-14,0,True,Optimization terminated successfully. (HiGHS Status 7: Optimal),857,1.1368683772161603e-13
2025-07-31,18,0.02788933400006499,12426.844905733851,144,20,3746,2025-07-11|2025-07-12|2025-07-13|2025-07-14|2025-07-15|2025-07-16|2025-07-17|2025-07-18|2025-07-19|2025-07-20|2025-07-21|2025-07-22|2025-07-23|2025-07-24|2025-07-25|2025-07-26|2025-07-27|2025-07-28|2025-07-29|2025-07-30,2025-07-31 18:00,2025-07-31 18:00,8.526512829121202e-13,5.684341886080802e-14,0,True,Optimization terminated successfully. (HiGHS Status 7: Optimal),671,1.1368683772161603e-13
2025-08-01,0,0.032290582999848993,1243.082206804048,144,20,3746,2025-07-12|2025-07-13|2025-07-14|2025-07-15|2025-07-16|2025-07-17|2025-07-18|2025-07-19|2025-07-20|2025-07-21|2025-07-22|2025-07-23|2025-07-24|2025-07-25|2025-07-26|2025-07-27|2025-07-28|2025-07-29|2025-07-30|2025-07-31,2025-08-01 00:00,2025-08-01 00:00,8.810729923425242e-13,4.263256414560601e-13,0,True,Optimization terminated successfully. (HiGHS Status 7: Optimal),622,4.263256414560601e-13
2025-08-01,6,0.03017158300099254,10232.889790569365,144,20,3746,2025-07-12|2025-07-13|2025-07-14|2025-07-15|2025-07-16|2025-07-17|2025-07-18|2025-07-19|2025-07-20|2025-07-21|2025-07-22|2025-07-23|2025-07-24|2025-07-25|2025-07-26|2025-07-27|2025-07-28|2025-07-29|2025-07-30|2025-07-31,2025-08-01 06:00,2025-08-01 06:00,9.094947017729282e-13,1.1368683772161603e-13,0,True,Optimization terminated successfully. (HiGHS Status 7: Optimal),660,0.0
2025-08-01,12,0.02906625000105123,8951.27495477255,144,20,3746,2025-07-12|2025-07-13|2025-07-14|2025-07-15|2025-07-16|2025-07-17|2025-07-18|2025-07-19|2025-07-20|2025-07-21|2025-07-22|2025-07-23|2025-07-24|2025-07-25|2025-07-26|2025-07-27|2025-07-28|2025-07-29|2025-07-30|2025-07-31,2025-08-01 12:00,2025-08-01 12:00,7.638334409421077e-13,1.1368683772161603e-13,0,True,Optimization terminated successfully. (HiGHS Status 7: Optimal),698,0.0
2025-08-01,18,0.029191499999797088,9641.638778972505,144,20,3746,2025-07-12|2025-07-13|2025-07-14|2025-07-15|2025-07-16|2025-07-17|2025-07-18|2025-07-19|2025-07-20|2025-07-21|2025-07-22|2025-07-23|2025-07-24|2025-07-25|2025-07-26|2025-07-27|2025-07-28|2025-07-29|2025-07-30|2025-07-31,2025-08-01 18:00,2025-08-01 18:00,9.094947017729282e-13,1.1368683772161603e-13,0,True,Optimization terminated successfully. (HiGHS Status 7: Optimal),645,0.0
2025-08-02,0,0.04187683300006029,2055.2482479805135,144,20,3746,2025-07-13|2025-07-14|2025-07-15|2025-07-16|2025-07-17|2025-07-18|2025-07-19|2025-07-20|2025-07-21|2025-07-22|2025-07-23|2025-07-24|2025-07-25|2025-07-26|2025-07-27|2025-07-28|2025-07-29|2025-07-30|2025-07-31|2025-08-01,2025-08-02 00:00,2025-08-02 00:00,8.526512829121202e-13,1.1368683772161603e-13,0,True,Optimization terminated successfully. (HiGHS Status 7: Optimal),728,0.0
2025-08-02,6,0.028695791001155158,12648.095592331672,144,20,3746,2025-07-13|2025-07-14|2025-07-15|2025-07-16|2025-07-17|2025-07-18|2025-07-19|2025-07-20|2025-07-21|2025-07-22|2025-07-23|2025-07-24|2025-07-25|2025-07-26|2025-07-27|2025-07-28|2025-07-29|2025-07-30|2025-07-31|2025-08-01,2025-08-02 06:00,2025-08-02 06:00,9.094947017729282e-13,2.2737367544323206e-13,0,True,Optimization terminated successfully. (HiGHS Status 7: Optimal),660,0.0
2025-08-02,12,0.03359445800015237,17481.138202746064,144,20,3746,2025-07-13|2025-07-14|2025-07-15|2025-07-16|2025-07-17|2025-07-18|2025-07-19|2025-07-20|2025-07-21|2025-07-22|2025-07-23|2025-07-24|2025-07-25|2025-07-26|2025-07-27|2025-07-28|2025-07-29|2025-07-30|2025-07-31|2025-08-01,2025-08-02 12:00,2025-08-02 12:00,9.094947017729282e-13,5.684341886080802e-14,0,True,Optimization terminated successfully. (HiGHS Status 7: Optimal),787,0.0
2025-08-02,18,0.034128000001146575,28682.589745192283,144,20,3746,2025-07-13|2025-07-14|2025-07-15|2025-07-16|2025-07-17|2025-07-18|2025-07-19|2025-07-20|2025-07-21|2025-07-22|2025-07-23|2025-07-24|2025-07-25|2025-07-26|2025-07-27|2025-07-28|2025-07-29|2025-07-30|2025-07-31|2025-08-01,2025-08-02 18:00,2025-08-02 18:00,9.094947017729282e-13,2.2737367544323206e-13,0,True,Optimization terminated successfully. (HiGHS Status 7: Optimal),852,0.0
2025-08-03,0,0.03313995799908298,2267.4517965743394,144,20,3746,2025-07-14|2025-07-15|2025-07-16|2025-07-17|2025-07-18|2025-07-19|2025-07-20|2025-07-21|2025-07-22|2025-07-23|2025-07-24|2025-07-25|2025-07-26|2025-07-27|2025-07-28|2025-07-29|2025-07-30|2025-07-31|2025-08-01|2025-08-02,2025-08-03 00:00,2025-08-03 00:00,9.094947017729282e-13,2.2737367544323206e-13,0,True,Optimization terminated successfully. (HiGHS Status 7: Optimal),663,2.2737367544323206e-13
2025-08-03,6,0.03755787499903818,16251.685799617073,144,20,3746,2025-07-14|2025-07-15|2025-07-16|2025-07-17|2025-07-18|2025-07-19|2025-07-20|2025-07-21|2025-07-22|2025-07-23|2025-07-24|2025-07-25|2025-07-26|2025-07-27|2025-07-28|2025-07-29|2025-07-30|2025-07-31|2025-08-01|2025-08-02,2025-08-03 06:00,2025-08-03 06:00,8.752998326144734e-13,1.1368683772161603e-13,0,True,Optimization terminated successfully. (HiGHS Status 7: Optimal),924,1.1368683772161603e-13
2025-08-03,12,0.03159758400033752,18172.93961216929,144,20,3746,2025-07-14|2025-07-15|2025-07-16|2025-07-17|2025-07-18|2025-07-19|2025-07-20|2025-07-21|2025-07-22|2025-07-23|2025-07-24|2025-07-25|2025-07-26|2025-07-27|2025-07-28|2025-07-29|2025-07-30|2025-07-31|2025-08-01|2025-08-02,2025-08-03 12:00,2025-08-03 12:00,7.958078640513122e-13,1.1368683772161603e-13,0,True,Optimization terminated successfully. (HiGHS Status 7: Optimal),803,1.1368683772161603e-13
2025-08-03,18,0.03532779099987238,30556.70109723622,144,20,3746,2025-07-14|2025-07-15|2025-07-16|2025-07-17|2025-07-18|2025-07-19|2025-07-20|2025-07-21|2025-07-22|2025-07-23|2025-07-24|2025-07-25|2025-07-26|2025-07-27|2025-07-28|2025-07-29|2025-07-30|2025-07-31|2025-08-01|2025-08-02,2025-08-03 18:00,2025-08-03 18:00,8.526512829121202e-13,1.1368683772161603e-13,0,True,Optimization terminated successfully. (HiGHS Status 7: Optimal),852,1.1368683772161603e-13
2025-08-04,0,0.03339025000059337,2272.668051288713,144,20,3746,2025-07-15|2025-07-16|2025-07-17|2025-07-18|2025-07-19|2025-07-20|2025-07-21|2025-07-22|2025-07-23|2025-07-24|2025-07-25|2025-07-26|2025-07-27|2025-07-28|2025-07-29|2025-07-30|2025-07-31|2025-08-01|2025-08-02|2025-08-03,2025-08-04 00:00,2025-08-04 00:00,7.958078640513122e-13,3.410605131648481e-13,0,True,Optimization terminated successfully. (HiGHS Status 7: Optimal),667,3.410605131648481e-13
2025-08-04,6,0.03937170799872547,15957.71238569349,144,20,3746,2025-07-15|2025-07-16|2025-07-17|2025-07-18|2025-07-19|2025-07-20|2025-07-21|2025-07-22|2025-07-23|2025-07-24|2025-07-25|2025-07-26|2025-07-27|2025-07-28|2025-07-29|2025-07-30|2025-07-31|2025-08-01|2025-08-02|2025-08-03,2025-08-04 06:00,2025-08-04 06:00,8.8662410746565e-13,2.2737367544323206e-13,0,True,Optimization terminated successfully. (HiGHS Status 7: Optimal),928,1.1368683772161603e-13
2025-08-04,12,0.03187445899857266,17563.430664327032,144,20,3746,2025-07-15|2025-07-16|2025-07-17|2025-07-18|2025-07-19|2025-07-20|2025-07-21|2025-07-22|2025-07-23|2025-07-24|2025-07-25|2025-07-26|2025-07-27|2025-07-28|2025-07-29|2025-07-30|2025-07-31|2025-08-01|2025-08-02|2025-08-03,2025-08-04 12:00,2025-08-04 12:00,9.094947017729282e-13,1.1368683772161603e-13,0,True,Optimization terminated successfully. (HiGHS Status 7: Optimal),837,1.1368683772161603e-13
2025-08-04,18,0.03367195800092304,29544.314140581133,144,20,3746,2025-07-15|2025-07-16|2025-07-17|2025-07-18|2025-07-19|2025-07-20|2025-07-21|2025-07-22|2025-07-23|2025-07-24|2025-07-25|2025-07-26|2025-07-27|2025-07-28|2025-07-29|2025-07-30|2025-07-31|2025-08-01|2025-08-02|2025-08-03,2025-08-04 18:00,2025-08-04 18:00,9.094947017729282e-13,2.842170943040401e-14,0,True,Optimization terminated successfully. (HiGHS Status 7: Optimal),867,1.1368683772161603e-13
2025-08-05,0,0.0336234999995213,2305.601514205607,144,20,3746,2025-07-16|2025-07-17|2025-07-18|2025-07-19|2025-07-20|2025-07-21|2025-07-22|2025-07-23|2025-07-24|2025-07-25|2025-07-26|2025-07-27|2025-07-28|2025-07-29|2025-07-30|2025-07-31|2025-08-01|2025-08-02|2025-08-03|2025-08-04,2025-08-05 00:00,2025-08-05 00:00,9.094947017729282e-13,2.2737367544323206e-13,0,True,Optimization terminated successfully. (HiGHS Status 7: Optimal),675,1.1368683772161603e-13
2025-08-05,6,0.04005049999977928,16395.174044647316,144,20,3746,2025-07-16|2025-07-17|2025-07-18|2025-07-19|2025-07-20|2025-07-21|2025-07-22|2025-07-23|2025-07-24|2025-07-25|2025-07-26|2025-07-27|2025-07-28|2025-07-29|2025-07-30|2025-07-31|2025-08-01|2025-08-02|2025-08-03|2025-08-04,2025-08-05 06:00,2025-08-05 06:00,9.094947017729282e-13,1.1368683772161603e-13,0,True,Optimization terminated successfully. (HiGHS Status 7: Optimal),953,1.1368683772161603e-13
2025-08-05,12,0.033203209000930656,26389.824708083168,144,20,3746,2025-07-16|2025-07-17|2025-07-18|2025-07-19|2025-07-20|2025-07-21|2025-07-22|2025-07-23|2025-07-24|2025-07-25|2025-07-26|2025-07-27|2025-07-28|2025-07-29|2025-07-30|2025-07-31|2025-08-01|2025-08-02|2025-08-03|2025-08-04,2025-08-05 12:00,2025-08-05 12:00,8.810729923425242e-13,1.1368683772161603e-13,0,True,Optimization terminated successfully. (HiGHS Status 7: Optimal),861,1.1368683772161603e-13
2025-08-05,18,0.03522391699880245,39522.63220960242,144,20,3746,2025-07-16|2025-07-17|2025-07-18|2025-07-19|2025-07-20|2025-07-21|2025-07-22|2025-07-23|2025-07-24|2025-07-25|2025-07-26|2025-07-27|2025-07-28|2025-07-29|2025-07-30|2025-07-31|2025-08-01|2025-08-02|2025-08-03|2025-08-04,2025-08-05 18:00,2025-08-05 18:00,9.094947017729282e-13,1.1368683772161603e-13,0,True,Optimization terminated successfully. (HiGHS Status 7: Optimal),859,1.1368683772161603e-13
2025-08-06,0,0.03074545900017256,2245.3394990477696,144,20,3746,2025-07-17|2025-07-18|2025-07-19|2025-07-20|2025-07-21|2025-07-22|2025-07-23|2025-07-24|2025-07-25|2025-07-26|2025-07-27|2025-07-28|2025-07-29|2025-07-30|2025-07-31|2025-08-01|2025-08-02|2025-08-03|2025-08-04|2025-08-05,2025-08-06 00:00,2025-08-06 00:00,7.958078640513122e-13,4.547473508864641e-13,0,True,Optimization terminated successfully. (HiGHS Status 7: Optimal),665,4.973799150320701e-13
2025-08-06,6,0.0319042500013893,12288.024489096704,144,20,3746,2025-07-17|2025-07-18|2025-07-19|2025-07-20|2025-07-21|2025-07-22|2025-07-23|2025-07-24|2025-07-25|2025-07-26|2025-07-27|2025-07-28|2025-07-29|2025-07-30|2025-07-31|2025-08-01|2025-08-02|2025-08-03|2025-08-04|2025-08-05,2025-08-06 06:00,2025-08-06 06:00,9.094947017729282e-13,1.1368683772161603e-13,0,True,Optimization terminated successfully. (HiGHS Status 7: Optimal),794,1.1368683772161603e-13
2025-08-06,12,0.033684874999380554,18565.761044392235,144,20,3746,2025-07-17|2025-07-18|2025-07-19|2025-07-20|2025-07-21|2025-07-22|2025-07-23|2025-07-24|2025-07-25|2025-07-26|2025-07-27|2025-07-28|2025-07-29|2025-07-30|2025-07-31|2025-08-01|2025-08-02|2025-08-03|2025-08-04|2025-08-05,2025-08-06 12:00,2025-08-06 12:00,9.094947017729282e-13,1.1368683772161603e-13,0,True,Optimization terminated successfully. (HiGHS Status 7: Optimal),877,1.1368683772161603e-13
2025-08-06,18,0.03467525000087335,25858.21942246846,144,20,3746,2025-07-17|2025-07-18|2025-07-19|2025-07-20|2025-07-21|2025-07-22|2025-07-23|2025-07-24|2025-07-25|2025-07-26|2025-07-27|2025-07-28|2025-07-29|2025-07-30|2025-07-31|2025-08-01|2025-08-02|2025-08-03|2025-08-04|2025-08-05,2025-08-06 18:00,2025-08-06 18:00,9.094947017729282e-13,1.1368683772161603e-13,0,True,Optimization terminated successfully. (HiGHS Status 7: Optimal),845,1.1368683772161603e-13
2025-08-07,0,0.0348729170000297,2987.1205295391687,144,20,3746,2025-07-18|2025-07-19|2025-07-20|2025-07-21|2025-07-22|2025-07-23|2025-07-24|2025-07-25|2025-07-26|2025-07-27|2025-07-28|2025-07-29|2025-07-30|2025-07-31|2025-08-01|2025-08-02|2025-08-03|2025-08-04|2025-08-05|2025-08-06,2025-08-07 00:00,2025-08-07 00:00,8.526512829121202e-13,1.1368683772161603e-13,0,True,Optimization terminated successfully. (HiGHS Status 7: Optimal),718,1.1368683772161603e-13
2025-08-07,6,0.03487916700032656,10252.958608223114,144,20,3746,2025-07-18|2025-07-19|2025-07-20|2025-07-21|2025-07-22|2025-07-23|2025-07-24|2025-07-25|2025-07-26|2025-07-27|2025-07-28|2025-07-29|2025-07-30|2025-07-31|2025-08-01|2025-08-02|2025-08-03|2025-08-04|2025-08-05|2025-08-06,2025-08-07 06:00,2025-08-07 06:00,9.094947017729282e-13,3.410605131648481e-13,0,True,Optimization terminated successfully. (HiGHS Status 7: Optimal),872,1.1368683772161603e-13
2025-08-07,12,0.030775291999816545,9091.870508635686,144,20,3746,2025-07-18|2025-07-19|2025-07-20|2025-07-21|2025-07-22|2025-07-23|2025-07-24|2025-07-25|2025-07-26|2025-07-27|2025-07-28|2025-07-29|2025-07-30|2025-07-31|2025-08-01|2025-08-02|2025-08-03|2025-08-04|2025-08-05|2025-08-06,2025-08-07 12:00,2025-08-07 12:00,8.668621376273222e-13,1.1368683772161603e-13,0,True,Optimization terminated successfully. (HiGHS Status 7: Optimal),778,1.1368683772161603e-13
2025-08-07,18,0.03024679199916136,11636.607376600557,144,20,3746,2025-07-18|2025-07-19|2025-07-20|2025-07-21|2025-07-22|2025-07-23|2025-07-24|2025-07-25|2025-07-26|2025-07-27|2025-07-28|2025-07-29|2025-07-30|2025-07-31|2025-08-01|2025-08-02|2025-08-03|2025-08-04|2025-08-05|2025-08-06,2025-08-07 18:00,2025-08-07 18:00,7.673861546209082e-13,1.1368683772161603e-13,0,True,Optimization terminated successfully. (HiGHS Status 7: Optimal),754,1.1368683772161603e-13
2025-08-08,0,0.03067258299961395,1382.1294497609767,144,20,3746,2025-07-19|2025-07-20|2025-07-21|2025-07-22|2025-07-23|2025-07-24|2025-07-25|2025-07-26|2025-07-27|2025-07-28|2025-07-29|2025-07-30|2025-07-31|2025-08-01|2025-08-02|2025-08-03|2025-08-04|2025-08-05|2025-08-06|2025-08-07,2025-08-08 00:00,2025-08-08 00:00,9.094947017729282e-13,2.8421709430404007e-13,0,True,Optimization terminated successfully. (HiGHS Status 7: Optimal),583,2.8421709430404007e-13
2025-08-08,6,0.03006825000011304,10476.91119115475,144,20,3746,2025-07-19|2025-07-20|2025-07-21|2025-07-22|2025-07-23|2025-07-24|2025-07-25|2025-07-26|2025-07-27|2025-07-28|2025-07-29|2025-07-30|2025-07-31|2025-08-01|2025-08-02|2025-08-03|2025-08-04|2025-08-05|2025-08-06|2025-08-07,2025-08-08 06:00,2025-08-08 06:00,9.094947017729282e-13,2.2737367544323206e-13,0,True,Optimization terminated successfully. (HiGHS Status 7: Optimal),644,0.0
2025-08-08,12,0.028862790999482968,9878.012521043773,144,20,3746,2025-07-19|2025-07-20|2025-07-21|2025-07-22|2025-07-23|2025-07-24|2025-07-25|2025-07-26|2025-07-27|2025-07-28|2025-07-29|2025-07-30|2025-07-31|2025-08-01|2025-08-02|2025-08-03|2025-08-04|2025-08-05|2025-08-06|2025-08-07,2025-08-08 12:00,2025-08-08 12:00,9.094947017729282e-13,2.2737367544323206e-13,0,True,Optimization terminated successfully. (HiGHS Status 7: Optimal),645,0.0
2025-08-08,18,0.02806383400093182,10056.640177114643,144,20,3746,2025-07-19|2025-07-20|2025-07-21|2025-07-22|2025-07-23|2025-07-24|2025-07-25|2025-07-26|2025-07-27|2025-07-28|2025-07-29|2025-07-30|2025-07-31|2025-08-01|2025-08-02|2025-08-03|2025-08-04|2025-08-05|2025-08-06|2025-08-07,2025-08-08 18:00,2025-08-08 18:00,9.094947017729282e-13,2.2737367544323206e-13,0,True,Optimization terminated successfully. (HiGHS Status 7: Optimal),646,0.0
2025-08-09,0,0.03092954100065981,1291.8025634670005,144,20,3746,2025-07-20|2025-07-21|2025-07-22|2025-07-23|2025-07-24|2025-07-25|2025-07-26|2025-07-27|2025-07-28|2025-07-29|2025-07-30|2025-07-31|2025-08-01|2025-08-02|2025-08-03|2025-08-04|2025-08-05|2025-08-06|2025-08-07|2025-08-08,2025-08-09 00:00,2025-08-09 00:00,8.86402062860725e-13,1.1368683772161603e-13,0,True,Optimization terminated successfully. (HiGHS Status 7: Optimal),584,1.1368683772161603e-13
2025-08-09,6,0.028263792000871035,12652.052535523228,144,20,3746,2025-07-20|2025-07-21|2025-07-22|2025-07-23|2025-07-24|2025-07-25|2025-07-26|2025-07-27|2025-07-28|2025-07-29|2025-07-30|2025-07-31|2025-08-01|2025-08-02|2025-08-03|2025-08-04|2025-08-05|2025-08-06|2025-08-07|2025-08-08,2025-08-09 06:00,2025-08-09 06:00,8.668621376273222e-13,1.1368683772161603e-13,0,True,Optimization terminated successfully. (HiGHS Status 7: Optimal),616,1.1368683772161603e-13
2025-08-09,12,0.032585250000920496,15053.98235496188,144,20,3746,2025-07-20|2025-07-21|2025-07-22|2025-07-23|2025-07-24|2025-07-25|2025-07-26|2025-07-27|2025-07-28|2025-07-29|2025-07-30|2025-07-31|2025-08-01|2025-08-02|2025-08-03|2025-08-04|2025-08-05|2025-08-06|2025-08-07|2025-08-08,2025-08-09 12:00,2025-08-09 12:00,9.094947017729282e-13,1.1368683772161603e-13,0,True,Optimization terminated successfully. (HiGHS Status 7: Optimal),728,1.1368683772161603e-13
2025-08-09,18,0.035459167000226444,30888.456285384786,144,20,3746,2025-07-20|2025-07-21|2025-07-22|2025-07-23|2025-07-24|2025-07-25|2025-07-26|2025-07-27|2025-07-28|2025-07-29|2025-07-30|2025-07-31|2025-08-01|2025-08-02|2025-08-03|2025-08-04|2025-08-05|2025-08-06|2025-08-07|2025-08-08,2025-08-09 18:00,2025-08-09 18:00,9.094947017729282e-13,1.1368683772161603e-13,0,True,Optimization terminated successfully. (HiGHS Status 7: Optimal),854,1.1368683772161603e-13
2025-08-10,0,0.03276029199878394,2988.707559936725,144,20,3746,2025-07-21|2025-07-22|2025-07-23|2025-07-24|2025-07-25|2025-07-26|2025-07-27|2025-07-28|2025-07-29|2025-07-30|2025-07-31|2025-08-01|2025-08-02|2025-08-03|2025-08-04|2025-08-05|2025-08-06|2025-08-07|2025-08-08|2025-08-09,2025-08-10 00:00,2025-08-10 00:00,9.094947017729282e-13,2.2737367544323206e-13,0,True,Optimization terminated successfully. (HiGHS Status 7: Optimal),665,1.1368683772161603e-13
2025-08-10,6,0.031003916999907233,12249.190977339182,144,20,3746,2025-07-21|2025-07-22|2025-07-23|2025-07-24|2025-07-25|2025-07-26|2025-07-27|2025-07-28|2025-07-29|2025-07-30|2025-07-31|2025-08-01|2025-08-02|2025-08-03|2025-08-04|2025-08-05|2025-08-06|2025-08-07|2025-08-08|2025-08-09,2025-08-10 06:00,2025-08-10 06:00,7.958078640513122e-13,7.958078640513122e-13,0,True,Optimization terminated successfully. (HiGHS Status 7: Optimal),742,7.958078640513122e-13
2025-08-10,12,0.03333104200100934,16321.904408787648,144,20,3746,2025-07-21|2025-07-22|2025-07-23|2025-07-24|2025-07-25|2025-07-26|2025-07-27|2025-07-28|2025-07-29|2025-07-30|2025-07-31|2025-08-01|2025-08-02|2025-08-03|2025-08-04|2025-08-05|2025-08-06|2025-08-07|2025-08-08|2025-08-09,2025-08-10 12:00,2025-08-10 12:00,9.094947017729282e-13,1.1368683772161603e-13,0,True,Optimization terminated successfully. (HiGHS Status 7: Optimal),817,1.1368683772161603e-13
2025-08-10,18,0.036130208000031416,38046.3043301587,144,20,3746,2025-07-21|2025-07-22|2025-07-23|2025-07-24|2025-07-25|2025-07-26|2025-07-27|2025-07-28|2025-07-29|2025-07-30|2025-07-31|2025-08-01|2025-08-02|2025-08-03|2025-08-04|2025-08-05|2025-08-06|2025-08-07|2025-08-08|2025-08-09,2025-08-10 18:00,2025-08-10 18:00,1.0231815394945443e-12,1.1368683772161603e-13,0,True,Optimization terminated successfully. (HiGHS Status 7: Optimal),862,1.1368683772161603e-13
2025-08-11,0,0.0337237500007177,2672.113136770045,144,20,3746,2025-07-22|2025-07-23|2025-07-24|2025-07-25|2025-07-26|2025-07-27|2025-07-28|2025-07-29|2025-07-30|2025-07-31|2025-08-01|2025-08-02|2025-08-03|2025-08-04|2025-08-05|2025-08-06|2025-08-07|2025-08-08|2025-08-09|2025-08-10,2025-08-11 00:00,2025-08-11 00:00,8.171241461241152e-13,1.1368683772161603e-13,0,True,Optimization terminated successfully. (HiGHS Status 7: Optimal),684,1.1368683772161603e-13
2025-08-11,6,0.03602995899927919,14200.148468434136,144,20,3746,2025-07-22|2025-07-23|2025-07-24|2025-07-25|2025-07-26|2025-07-27|2025-07-28|2025-07-29|2025-07-30|2025-07-31|2025-08-01|2025-08-02|2025-08-03|2025-08-04|2025-08-05|2025-08-06|2025-08-07|2025-08-08|2025-08-09|2025-08-10,2025-08-11 06:00,2025-08-11 06:00,9.094947017729282e-13,1.1368683772161603e-13,0,True,Optimization terminated successfully. (HiGHS Status 7: Optimal),875,1.1368683772161603e-13
2025-08-11,12,0.03777266699944448,17754.348314651626,144,20,3746,2025-07-22|2025-07-23|2025-07-24|2025-07-25|2025-07-26|2025-07-27|2025-07-28|2025-07-29|2025-07-30|2025-07-31|2025-08-01|2025-08-02|2025-08-03|2025-08-04|2025-08-05|2025-08-06|2025-08-07|2025-08-08|2025-08-09|2025-08-10,2025-08-11 12:00,2025-08-11 12:00,9.094947017729282e-13,1.1368683772161603e-13,0,True,Optimization terminated successfully. (HiGHS Status 7: Optimal),943,1.1368683772161603e-13
2025-08-11,18,0.035482207998938975,30346.087079797177,144,20,3746,2025-07-22|2025-07-23|2025-07-24|2025-07-25|2025-07-26|2025-07-27|2025-07-28|2025-07-29|2025-07-30|2025-07-31|2025-08-01|2025-08-02|2025-08-03|2025-08-04|2025-08-05|2025-08-06|2025-08-07|2025-08-08|2025-08-09|2025-08-10,2025-08-11 18:00,2025-08-11 18:00,9.094947017729282e-13,2.2737367544323206e-13,0,True,Optimization terminated successfully. (HiGHS Status 7: Optimal),881,1.1368683772161603e-13
2025-08-12,0,0.03293775000020105,3096.248485871191,144,20,3746,2025-07-23|2025-07-24|2025-07-25|2025-07-26|2025-07-27|2025-07-28|2025-07-29|2025-07-30|2025-07-31|2025-08-01|2025-08-02|2025-08-03|2025-08-04|2025-08-05|2025-08-06|2025-08-07|2025-08-08|2025-08-09|2025-08-10|2025-08-11,2025-08-12 00:00,2025-08-12 00:00,8.588685318500211e-13,2.2737367544323206e-13,0,True,Optimization terminated successfully. (HiGHS Status 7: Optimal),695,2.2737367544323206e-13
2025-08-12,6,0.03350154200052202,13508.804250065918,144,20,3746,2025-07-23|2025-07-24|2025-07-25|2025-07-26|2025-07-27|2025-07-28|2025-07-29|2025-07-30|2025-07-31|2025-08-01|2025-08-02|2025-08-03|2025-08-04|2025-08-05|2025-08-06|2025-08-07|2025-08-08|2025-08-09|2025-08-10|2025-08-11,2025-08-12 06:00,2025-08-12 06:00,9.094947017729282e-13,2.2737367544323206e-13,0,True,Optimization terminated successfully. (HiGHS Status 7: Optimal),861,2.2737367544323206e-13
2025-08-12,12,0.03456258299956971,27331.686818872942,144,20,3746,2025-07-23|2025-07-24|2025-07-25|2025-07-26|2025-07-27|2025-07-28|2025-07-29|2025-07-30|2025-07-31|2025-08-01|2025-08-02|2025-08-03|2025-08-04|2025-08-05|2025-08-06|2025-08-07|2025-08-08|2025-08-09|2025-08-10|2025-08-11,2025-08-12 12:00,2025-08-12 12:00,9.094947017729282e-13,2.2737367544323206e-13,0,True,Optimization terminated successfully. (HiGHS Status 7: Optimal),919,2.2737367544323206e-13
2025-08-12,18,0.034001707999777864,29898.450309830227,144,20,3746,2025-07-23|2025-07-24|2025-07-25|2025-07-26|2025-07-27|2025-07-28|2025-07-29|2025-07-30|2025-07-31|2025-08-01|2025-08-02|2025-08-03|2025-08-04|2025-08-05|2025-08-06|2025-08-07|2025-08-08|2025-08-09|2025-08-10|2025-08-11,2025-08-12 18:00,2025-08-12 18:00,9.094947017729282e-13,2.2737367544323206e-13,0,True,Optimization terminated successfully. (HiGHS Status 7: Optimal),892,2.2737367544323206e-13
2025-08-13,0,0.03411216700078512,2504.7924332418347,144,20,3746,2025-07-24|2025-07-25|2025-07-26|2025-07-27|2025-07-28|2025-07-29|2025-07-30|2025-07-31|2025-08-01|2025-08-02|2025-08-03|2025-08-04|2025-08-05|2025-08-06|2025-08-07|2025-08-08|2025-08-09|2025-08-10|2025-08-11|2025-08-12,2025-08-13 00:00,2025-08-13 00:00,8.526512829121202e-13,1.1368683772161603e-13,0,True,Optimization terminated successfully. (HiGHS Status 7: Optimal),669,1.1368683772161603e-13
2025-08-13,6,0.03769062499850406,13609.81501049751,144,20,3746,2025-07-24|2025-07-25|2025-07-26|2025-07-27|2025-07-28|2025-07-29|2025-07-30|2025-07-31|2025-08-01|2025-08-02|2025-08-03|2025-08-04|2025-08-05|2025-08-06|2025-08-07|2025-08-08|2025-08-09|2025-08-10|2025-08-11|2025-08-12,2025-08-13 06:00,2025-08-13 06:00,1.0231815394945443e-12,1.1368683772161603e-13,0,True,Optimization terminated successfully. (HiGHS Status 7: Optimal),883,1.1368683772161603e-13
2025-08-13,12,0.037557458999799564,20276.729694991573,144,20,3746,2025-07-24|2025-07-25|2025-07-26|2025-07-27|2025-07-28|2025-07-29|2025-07-30|2025-07-31|2025-08-01|2025-08-02|2025-08-03|2025-08-04|2025-08-05|2025-08-06|2025-08-07|2025-08-08|2025-08-09|2025-08-10|2025-08-11|2025-08-12,2025-08-13 12:00,2025-08-13 12:00,7.958078640513122e-13,1.1368683772161603e-13,0,True,Optimization terminated successfully. (HiGHS Status 7: Optimal),955,1.1368683772161603e-13
2025-08-13,18,0.03461737500037998,32276.000004977064,144,20,3746,2025-07-24|2025-07-25|2025-07-26|2025-07-27|2025-07-28|2025-07-29|2025-07-30|2025-07-31|2025-08-01|2025-08-02|2025-08-03|2025-08-04|2025-08-05|2025-08-06|2025-08-07|2025-08-08|2025-08-09|2025-08-10|2025-08-11|2025-08-12,2025-08-13 18:00,2025-08-13 18:00,1.0231815394945443e-12,2.2737367544323206e-13,0,True,Optimization terminated successfully. (HiGHS Status 7: Optimal),884,1.1368683772161603e-13
2025-08-14,0,0.03325533299903327,2451.128235247356,144,20,3746,2025-07-25|2025-07-26|2025-07-27|2025-07-28|2025-07-29|2025-07-30|2025-07-31|2025-08-01|2025-08-02|2025-08-03|2025-08-04|2025-08-05|2025-08-06|2025-08-07|2025-08-08|2025-08-09|2025-08-10|2025-08-11|2025-08-12|2025-08-13,2025-08-14 00:00,2025-08-14 00:00,8.810729923425242e-13,7.958078640513122e-13,0,True,Optimization terminated successfully. (HiGHS Status 7: Optimal),663,7.958078640513122e-13
2025-08-14,6,0.039586333999977796,12311.555366521074,144,20,3746,2025-07-25|2025-07-26|2025-07-27|2025-07-28|2025-07-29|2025-07-30|2025-07-31|2025-08-01|2025-08-02|2025-08-03|2025-08-04|2025-08-05|2025-08-06|2025-08-07|2025-08-08|2025-08-09|2025-08-10|2025-08-11|2025-08-12|2025-08-13,2025-08-14 06:00,2025-08-14 06:00,9.094947017729282e-13,1.1368683772161603e-13,0,True,Optimization terminated successfully. (HiGHS Status 7: Optimal),909,1.1368683772161603e-13
2025-08-14,12,0.029245792000438087,8832.108080252823,144,20,3746,2025-07-25|2025-07-26|2025-07-27|2025-07-28|2025-07-29|2025-07-30|2025-07-31|2025-08-01|2025-08-02|2025-08-03|2025-08-04|2025-08-05|2025-08-06|2025-08-07|2025-08-08|2025-08-09|2025-08-10|2025-08-11|2025-08-12|2025-08-13,2025-08-14 12:00,2025-08-14 12:00,8.668621376273222e-13,7.958078640513122e-13,0,True,Optimization terminated successfully. (HiGHS Status 7: Optimal),726,7.958078640513122e-13
2025-08-14,18,0.027624832999208593,9744.257911753077,144,20,3746,2025-07-25|2025-07-26|2025-07-27|2025-07-28|2025-07-29|2025-07-30|2025-07-31|2025-08-01|2025-08-02|2025-08-03|2025-08-04|2025-08-05|2025-08-06|2025-08-07|2025-08-08|2025-08-09|2025-08-10|2025-08-11|2025-08-12|2025-08-13,2025-08-14 18:00,2025-08-14 18:00,7.958078640513122e-13,2.2737367544323206e-13,0,True,Optimization terminated successfully. (HiGHS Status 7: Optimal),651,1.1368683772161603e-13
2025-08-15,0,0.03540429199892969,1603.273081159325,144,20,3746,2025-07-26|2025-07-27|2025-07-28|2025-07-29|2025-07-30|2025-07-31|2025-08-01|2025-08-02|2025-08-03|2025-08-04|2025-08-05|2025-08-06|2025-08-07|2025-08-08|2025-08-09|2025-08-10|2025-08-11|2025-08-12|2025-08-13|2025-08-14,2025-08-15 00:00,2025-08-15 00:00,7.815970093361102e-13,2.2737367544323206e-13,0,True,Optimization terminated successfully. (HiGHS Status 7: Optimal),672,2.2737367544323206e-13
2025-08-15,6,0.030415540999456425,9189.409321278808,144,20,3746,2025-07-26|2025-07-27|2025-07-28|2025-07-29|2025-07-30|2025-07-31|2025-08-01|2025-08-02|2025-08-03|2025-08-04|2025-08-05|2025-08-06|2025-08-07|2025-08-08|2025-08-09|2025-08-10|2025-08-11|2025-08-12|2025-08-13|2025-08-14,2025-08-15 06:00,2025-08-15 06:00,8.668621376273222e-13,2.2737367544323206e-13,0,True,Optimization terminated successfully. (HiGHS Status 7: Optimal),655,2.2737367544323206e-13
2025-08-15,12,0.029038541000772966,8244.703691980716,144,20,3746,2025-07-26|2025-07-27|2025-07-28|2025-07-29|2025-07-30|2025-07-31|2025-08-01|2025-08-02|2025-08-03|2025-08-04|2025-08-05|2025-08-06|2025-08-07|2025-08-08|2025-08-09|2025-08-10|2025-08-11|2025-08-12|2025-08-13|2025-08-14,2025-08-15 12:00,2025-08-15 12:00,7.389644451905042e-13,2.2737367544323206e-13,0,True,Optimization terminated successfully. (HiGHS Status 7: Optimal),684,2.2737367544323206e-13
2025-08-15,18,0.027861000000484637,8126.7050161138195,144,20,3746,2025-07-26|2025-07-27|2025-07-28|2025-07-29|2025-07-30|2025-07-31|2025-08-01|2025-08-02|2025-08-03|2025-08-04|2025-08-05|2025-08-06|2025-08-07|2025-08-08|2025-08-09|2025-08-10|2025-08-11|2025-08-12|2025-08-13|2025-08-14,2025-08-15 18:00,2025-08-15 18:00,8.739675649849232e-13,2.2737367544323206e-13,0,True,Optimization terminated successfully. (HiGHS Status 7: Optimal),588,2.2737367544323206e-13
2025-08-16,0,0.03199591699922166,1576.5385007529403,144,20,3746,2025-07-27|2025-07-28|2025-07-29|2025-07-30|2025-07-31|2025-08-01|2025-08-02|2025-08-03|2025-08-04|2025-08-05|2025-08-06|2025-08-07|2025-08-08|2025-08-09|2025-08-10|2025-08-11|2025-08-12|2025-08-13|2025-08-14|2025-08-15,2025-08-16 00:00,2025-08-16 00:00,9.094947017729282e-13,4.263256414560601e-13,0,True,Optimization terminated successfully. (HiGHS Status 7: Optimal),629,4.263256414560601e-13
2025-08-16,6,0.029353541000091354,11308.407178769594,144,20,3746,2025-07-27|2025-07-28|2025-07-29|2025-07-30|2025-07-31|2025-08-01|2025-08-02|2025-08-03|2025-08-04|2025-08-05|2025-08-06|2025-08-07|2025-08-08|2025-08-09|2025-08-10|2025-08-11|2025-08-12|2025-08-13|2025-08-14|2025-08-15,2025-08-16 06:00,2025-08-16 06:00,8.988365607365267e-13,1.1368683772161603e-13,0,True,Optimization terminated successfully. (HiGHS Status 7: Optimal),637,0.0
2025-08-16,12,0.03316404200086254,17313.375428968477,144,20,3746,2025-07-27|2025-07-28|2025-07-29|2025-07-30|2025-07-31|2025-08-01|2025-08-02|2025-08-03|2025-08-04|2025-08-05|2025-08-06|2025-08-07|2025-08-08|2025-08-09|2025-08-10|2025-08-11|2025-08-12|2025-08-13|2025-08-14|2025-08-15,2025-08-16 12:00,2025-08-16 12:00,9.094947017729282e-13,1.1368683772161603e-13,0,True,Optimization terminated successfully. (HiGHS Status 7: Optimal),770,0.0
2025-08-16,18,0.03468258300017624,25684.046776371422,144,20,3746,2025-07-27|2025-07-28|2025-07-29|2025-07-30|2025-07-31|2025-08-01|2025-08-02|2025-08-03|2025-08-04|2025-08-05|2025-08-06|2025-08-07|2025-08-08|2025-08-09|2025-08-10|2025-08-11|2025-08-12|2025-08-13|2025-08-14|2025-08-15,2025-08-16 18:00,2025-08-16 18:00,1.0231815394945443e-12,1.1368683772161603e-13,0,True,Optimization terminated successfully. (HiGHS Status 7: Optimal),804,0.0
2025-08-17,0,0.03368154200143181,2677.9440487853767,144,20,3746,2025-07-28|2025-07-29|2025-07-30|2025-07-31|2025-08-01|2025-08-02|2025-08-03|2025-08-04|2025-08-05|2025-08-06|2025-08-07|2025-08-08|2025-08-09|2025-08-10|2025-08-11|2025-08-12|2025-08-13|2025-08-14|2025-08-15|2025-08-16,2025-08-17 00:00,2025-08-17 00:00,9.094947017729282e-13,5.915268275202834e-13,0,True,Optimization terminated successfully. (HiGHS Status 7: Optimal),684,5.915268275202834e-13
2025-08-17,6,0.033695125001031556,11988.558118255663,144,20,3746,2025-07-28|2025-07-29|2025-07-30|2025-07-31|2025-08-01|2025-08-02|2025-08-03|2025-08-04|2025-08-05|2025-08-06|2025-08-07|2025-08-08|2025-08-09|2025-08-10|2025-08-11|2025-08-12|2025-08-13|2025-08-14|2025-08-15|2025-08-16,2025-08-17 06:00,2025-08-17 06:00,8.881784197001252e-13,1.1368683772161603e-13,0,True,Optimization terminated successfully. (HiGHS Status 7: Optimal),814,1.1368683772161603e-13
2025-08-17,12,0.0350081249998766,14668.89958421852,144,20,3746,2025-07-28|2025-07-29|2025-07-30|2025-07-31|2025-08-01|2025-08-02|2025-08-03|2025-08-04|2025-08-05|2025-08-06|2025-08-07|2025-08-08|2025-08-09|2025-08-10|2025-08-11|2025-08-12|2025-08-13|2025-08-14|2025-08-15|2025-08-16,2025-08-17 12:00,2025-08-17 12:00,9.094947017729282e-13,2.2737367544323206e-13,0,True,Optimization terminated successfully. (HiGHS Status 7: Optimal),839,1.1368683772161603e-13
2025-08-17,18,0.03531199999997625,26529.044663653836,144,20,3746,2025-07-28|2025-07-29|2025-07-30|2025-07-31|2025-08-01|2025-08-02|2025-08-03|2025-08-04|2025-08-05|2025-08-06|2025-08-07|2025-08-08|2025-08-09|2025-08-10|2025-08-11|2025-08-12|2025-08-13|2025-08-14|2025-08-15|2025-08-16,2025-08-17 18:00,2025-08-17 18:00,9.094947017729282e-13,1.1368683772161603e-13,0,True,Optimization terminated successfully. (HiGHS Status 7: Optimal),884,1.1368683772161603e-13
2025-08-18,0,0.03567691699936404,2607.303336193417,144,20,3746,2025-07-29|2025-07-30|2025-07-31|2025-08-01|2025-08-02|2025-08-03|2025-08-04|2025-08-05|2025-08-06|2025-08-07|2025-08-08|2025-08-09|2025-08-10|2025-08-11|2025-08-12|2025-08-13|2025-08-14|2025-08-15|2025-08-16|2025-08-17,2025-08-18 00:00,2025-08-18 00:00,9.094947017729282e-13,5.684341886080801e-13,0,True,Optimization terminated successfully. (HiGHS Status 7: Optimal),688,5.684341886080801e-13
2025-08-18,6,0.03378850000081002,12598.433992274147,144,20,3746,2025-07-29|2025-07-30|2025-07-31|2025-08-01|2025-08-02|2025-08-03|2025-08-04|2025-08-05|2025-08-06|2025-08-07|2025-08-08|2025-08-09|2025-08-10|2025-08-11|2025-08-12|2025-08-13|2025-08-14|2025-08-15|2025-08-16|2025-08-17,2025-08-18 06:00,2025-08-18 06:00,9.094947017729282e-13,1.1368683772161603e-13,0,True,Optimization terminated successfully. (HiGHS Status 7: Optimal),811,1.1368683772161603e-13
2025-08-18,12,0.03310025000064343,15252.997197218157,144,20,3746,2025-07-29|2025-07-30|2025-07-31|2025-08-01|2025-08-02|2025-08-03|2025-08-04|2025-08-05|2025-08-06|2025-08-07|2025-08-08|2025-08-09|2025-08-10|2025-08-11|2025-08-12|2025-08-13|2025-08-14|2025-08-15|2025-08-16|2025-08-17,2025-08-18 12:00,2025-08-18 12:00,9.094947017729282e-13,1.1368683772161603e-13,0,True,Optimization terminated successfully. (HiGHS Status 7: Optimal),808,1.1368683772161603e-13
2025-08-18,18,0.03572862500004703,33616.40407883381,144,20,3746,2025-07-29|2025-07-30|2025-07-31|2025-08-01|2025-08-02|2025-08-03|2025-08-04|2025-08-05|2025-08-06|2025-08-07|2025-08-08|2025-08-09|2025-08-10|2025-08-11|2025-08-12|2025-08-13|2025-08-14|2025-08-15|2025-08-16|2025-08-17,2025-08-18 18:00,2025-08-18 18:00,9.094947017729282e-13,2.2737367544323206e-13,0,True,Optimization terminated successfully. (HiGHS Status 7: Optimal),860,1.1368683772161603e-13
2025-08-19,0,0.033668833999399794,2352.0999118457325,144,20,3746,2025-07-30|2025-07-31|2025-08-01|2025-08-02|2025-08-03|2025-08-04|2025-08-05|2025-08-06|2025-08-07|2025-08-08|2025-08-09|2025-08-10|2025-08-11|2025-08-12|2025-08-13|2025-08-14|2025-08-15|2025-08-16|2025-08-17|2025-08-18,2025-08-19 00:00,2025-08-19 00:00,9.094947017729282e-13,2.2737367544323206e-13,0,True,Optimization terminated successfully. (HiGHS Status 7: Optimal),664,2.2737367544323206e-13
2025-08-19,6,0.03138895800111641,11858.04715083749,144,20,3746,2025-07-30|2025-07-31|2025-08-01|2025-08-02|2025-08-03|2025-08-04|2025-08-05|2025-08-06|2025-08-07|2025-08-08|2025-08-09|2025-08-10|2025-08-11|2025-08-12|2025-08-13|2025-08-14|2025-08-15|2025-08-16|2025-08-17|2025-08-18,2025-08-19 06:00,2025-08-19 06:00,9.094947017729282e-13,1.1368683772161603e-13,0,True,Optimization terminated successfully. (HiGHS Status 7: Optimal),750,2.2737367544323206e-13
2025-08-19,12,0.03152129199952469,25878.911750273382,144,20,3746,2025-07-30|2025-07-31|2025-08-01|2025-08-02|2025-08-03|2025-08-04|2025-08-05|2025-08-06|2025-08-07|2025-08-08|2025-08-09|2025-08-10|2025-08-11|2025-08-12|2025-08-13|2025-08-14|2025-08-15|2025-08-16|2025-08-17|2025-08-18,2025-08-19 12:00,2025-08-19 12:00,8.810729923425242e-13,1.1368683772161603e-13,0,True,Optimization terminated successfully. (HiGHS Status 7: Optimal),842,2.2737367544323206e-13
2025-08-19,18,0.035157916998286964,35015.87719008524,144,20,3746,2025-07-30|2025-07-31|2025-08-01|2025-08-02|2025-08-03|2025-08-04|2025-08-05|2025-08-06|2025-08-07|2025-08-08|2025-08-09|2025-08-10|2025-08-11|2025-08-12|2025-08-13|2025-08-14|2025-08-15|2025-08-16|2025-08-17|2025-08-18,2025-08-19 18:00,2025-08-19 18:00,8.242295734817162e-13,1.1368683772161603e-13,0,True,Optimization terminated successfully. (HiGHS Status 7: Optimal),859,2.2737367544323206e-13
2025-08-20,0,0.03482691700082796,2678.089107334025,144,20,3746,2025-07-31|2025-08-01|2025-08-02|2025-08-03|2025-08-04|2025-08-05|2025-08-06|2025-08-07|2025-08-08|2025-08-09|2025-08-10|2025-08-11|2025-08-12|2025-08-13|2025-08-14|2025-08-15|2025-08-16|2025-08-17|2025-08-18|2025-08-19,2025-08-20 00:00,2025-08-20 00:00,9.094947017729282e-13,1.1368683772161603e-13,0,True,Optimization terminated successfully. (HiGHS Status 7: Optimal),702,1.1368683772161603e-13
2025-08-20,6,0.03696479199970781,12912.776031387415,144,20,3746,2025-07-31|2025-08-01|2025-08-02|2025-08-03|2025-08-04|2025-08-05|2025-08-06|2025-08-07|2025-08-08|2025-08-09|2025-08-10|2025-08-11|2025-08-12|2025-08-13|2025-08-14|2025-08-15|2025-08-16|2025-08-17|2025-08-18|2025-08-19,2025-08-20 06:00,2025-08-20 06:00,1.0231815394945443e-12,1.1368683772161603e-13,0,True,Optimization terminated successfully. (HiGHS Status 7: Optimal),926,1.1368683772161603e-13
2025-08-20,12,0.035548500000004424,20422.03975792822,144,20,3746,2025-07-31|2025-08-01|2025-08-02|2025-08-03|2025-08-04|2025-08-05|2025-08-06|2025-08-07|2025-08-08|2025-08-09|2025-08-10|2025-08-11|2025-08-12|2025-08-13|2025-08-14|2025-08-15|2025-08-16|2025-08-17|2025-08-18|2025-08-19,2025-08-20 12:00,2025-08-20 12:00,1.0231815394945443e-12,1.1368683772161603e-13,0,True,Optimization terminated successfully. (HiGHS Status 7: Optimal),910,1.1368683772161603e-13
2025-08-20,18,0.0338900000006106,28806.682595521295,144,20,3746,2025-07-31|2025-08-01|2025-08-02|2025-08-03|2025-08-04|2025-08-05|2025-08-06|2025-08-07|2025-08-08|2025-08-09|2025-08-10|2025-08-11|2025-08-12|2025-08-13|2025-08-14|2025-08-15|2025-08-16|2025-08-17|2025-08-18|2025-08-19,2025-08-20 18:00,2025-08-20 18:00,7.958078640513122e-13,1.1368683772161603e-13,0,True,Optimization terminated successfully. (HiGHS Status 7: Optimal),839,1.1368683772161603e-13
2025-08-21,0,0.03347862499867915,2346.6405235875827,144,20,3746,2025-08-01|2025-08-02|2025-08-03|2025-08-04|2025-08-05|2025-08-06|2025-08-07|2025-08-08|2025-08-09|2025-08-10|2025-08-11|2025-08-12|2025-08-13|2025-08-14|2025-08-15|2025-08-16|2025-08-17|2025-08-18|2025-08-19|2025-08-20,2025-08-21 00:00,2025-08-21 00:00,9.094947017729282e-13,7.105427357601002e-13,0,True,Optimization terminated successfully. (HiGHS Status 7: Optimal),681,7.105427357601002e-13
2025-08-21,6,0.034976708000613144,9923.288920773406,144,20,3746,2025-08-01|2025-08-02|2025-08-03|2025-08-04|2025-08-05|2025-08-06|2025-08-07|2025-08-08|2025-08-09|2025-08-10|2025-08-11|2025-08-12|2025-08-13|2025-08-14|2025-08-15|2025-08-16|2025-08-17|2025-08-18|2025-08-19|2025-08-20,2025-08-21 06:00,2025-08-21 06:00,7.958078640513122e-13,1.1368683772161603e-13,0,True,Optimization terminated successfully. (HiGHS Status 7: Optimal),842,1.1368683772161603e-13
2025-08-21,12,0.03015212500031339,8261.102789028837,144,20,3746,2025-08-01|2025-08-02|2025-08-03|2025-08-04|2025-08-05|2025-08-06|2025-08-07|2025-08-08|2025-08-09|2025-08-10|2025-08-11|2025-08-12|2025-08-13|2025-08-14|2025-08-15|2025-08-16|2025-08-17|2025-08-18|2025-08-19|2025-08-20,2025-08-21 12:00,2025-08-21 12:00,9.094947017729282e-13,1.1368683772161603e-13,0,True,Optimization terminated successfully. (HiGHS Status 7: Optimal),756,1.1368683772161603e-13
2025-08-21,18,0.026680166000005556,8244.817512615515,144,20,3746,2025-08-01|2025-08-02|2025-08-03|2025-08-04|2025-08-05|2025-08-06|2025-08-07|2025-08-08|2025-08-09|2025-08-10|2025-08-11|2025-08-12|2025-08-13|2025-08-14|2025-08-15|2025-08-16|2025-08-17|2025-08-18|2025-08-19|2025-08-20,2025-08-21 18:00,2025-08-21 18:00,9.094947017729282e-13,1.1368683772161603e-13,0,True,Optimization terminated successfully. (HiGHS Status 7: Optimal),637,1.1368683772161603e-13
2025-08-22,0,0.030560750001313863,958.6022049724694,144,20,3746,2025-08-02|2025-08-03|2025-08-04|2025-08-05|2025-08-06|2025-08-07|2025-08-08|2025-08-09|2025-08-10|2025-08-11|2025-08-12|2025-08-13|2025-08-14|2025-08-15|2025-08-16|2025-08-17|2025-08-18|2025-08-19|2025-08-20|2025-08-21,2025-08-22 00:00,2025-08-22 00:00,7.958078640513122e-13,1.3642420526593924e-12,0,True,Optimization terminated successfully. (HiGHS Status 7: Optimal),590,1.3642420526593924e-12
2025-08-22,6,0.029581666998637957,9191.714608969509,144,20,3746,2025-08-02|2025-08-03|2025-08-04|2025-08-05|2025-08-06|2025-08-07|2025-08-08|2025-08-09|2025-08-10|2025-08-11|2025-08-12|2025-08-13|2025-08-14|2025-08-15|2025-08-16|2025-08-17|2025-08-18|2025-08-19|2025-08-20|2025-08-21,2025-08-22 06:00,2025-08-22 06:00,8.952838470577262e-13,1.3642420526593924e-12,0,True,Optimization terminated successfully. (HiGHS Status 7: Optimal),627,1.3642420526593924e-12
2025-08-22,12,0.030117624999547843,8404.551994848083,144,20,3746,2025-08-02|2025-08-03|2025-08-04|2025-08-05|2025-08-06|2025-08-07|2025-08-08|2025-08-09|2025-08-10|2025-08-11|2025-08-12|2025-08-13|2025-08-14|2025-08-15|2025-08-16|2025-08-17|2025-08-18|2025-08-19|2025-08-20|2025-08-21,2025-08-22 12:00,2025-08-22 12:00,8.242295734817162e-13,1.3642420526593924e-12,0,True,Optimization terminated successfully. (HiGHS Status 7: Optimal),676,1.3642420526593924e-12
2025-08-22,18,0.027646832999380422,8235.731302606328,144,20,3746,2025-08-02|2025-08-03|2025-08-04|2025-08-05|2025-08-06|2025-08-07|2025-08-08|2025-08-09|2025-08-10|2025-08-11|2025-08-12|2025-08-13|2025-08-14|2025-08-15|2025-08-16|2025-08-17|2025-08-18|2025-08-19|2025-08-20|2025-08-21,2025-08-22 18:00,2025-08-22 18:00,8.526512829121202e-13,1.3642420526593924e-12,0,True,Optimization terminated successfully. (HiGHS Status 7: Optimal),581,1.3642420526593924e-12
2025-08-23,0,0.03076412500013248,993.5038426452007,144,20,3746,2025-08-03|2025-08-04|2025-08-05|2025-08-06|2025-08-07|2025-08-08|2025-08-09|2025-08-10|2025-08-11|2025-08-12|2025-08-13|2025-08-14|2025-08-15|2025-08-16|2025-08-17|2025-08-18|2025-08-19|2025-08-20|2025-08-21|2025-08-22,2025-08-23 00:00,2025-08-23 00:00,8.242295734817162e-13,7.958078640513122e-13,0,True,Optimization terminated successfully. (HiGHS Status 7: Optimal),583,7.958078640513122e-13
2025-08-23,6,0.031142042000283254,12932.361297331814,144,20,3746,2025-08-03|2025-08-04|2025-08-05|2025-08-06|2025-08-07|2025-08-08|2025-08-09|2025-08-10|2025-08-11|2025-08-12|2025-08-13|2025-08-14|2025-08-15|2025-08-16|2025-08-17|2025-08-18|2025-08-19|2025-08-20|2025-08-21|2025-08-22,2025-08-23 06:00,2025-08-23 06:00,9.663381206337363e-13,2.2737367544323206e-13,0,True,Optimization terminated successfully. (HiGHS Status 7: Optimal),668,0.0
2025-08-23,12,0.03488699999979872,26886.193505802356,144,20,3746,2025-08-03|2025-08-04|2025-08-05|2025-08-06|2025-08-07|2025-08-08|2025-08-09|2025-08-10|2025-08-11|2025-08-12|2025-08-13|2025-08-14|2025-08-15|2025-08-16|2025-08-17|2025-08-18|2025-08-19|2025-08-20|2025-08-21|2025-08-22,2025-08-23 12:00,2025-08-23 12:00,9.663381206337363e-13,1.1368683772161603e-13,0,True,Optimization terminated successfully. (HiGHS Status 7: Optimal),845,0.0
2025-08-23,18,0.03386662500088278,24113.15556740713,144,20,3746,2025-08-03|2025-08-04|2025-08-05|2025-08-06|2025-08-07|2025-08-08|2025-08-09|2025-08-10|2025-08-11|2025-08-12|2025-08-13|2025-08-14|2025-08-15|2025-08-16|2025-08-17|2025-08-18|2025-08-19|2025-08-20|2025-08-21|2025-08-22,2025-08-23 18:00,2025-08-23 18:00,9.094947017729282e-13,1.1368683772161603e-13,0,True,Optimization terminated successfully. (HiGHS Status 7: Optimal),817,0.0
2025-08-24,0,0.033443499998611514,2120.759764571235,144,20,3746,2025-08-04|2025-08-05|2025-08-06|2025-08-07|2025-08-08|2025-08-09|2025-08-10|2025-08-11|2025-08-12|2025-08-13|2025-08-14|2025-08-15|2025-08-16|2025-08-17|2025-08-18|2025-08-19|2025-08-20|2025-08-21|2025-08-22|2025-08-23,2025-08-24 00:00,2025-08-24 00:00,9.094947017729282e-13,2.2737367544323206e-13,0,True,Optimization terminated successfully. (HiGHS Status 7: Optimal),658,2.2737367544323206e-13
2025-08-24,6,0.029801708000377403,11340.04671168689,144,20,3746,2025-08-04|2025-08-05|2025-08-06|2025-08-07|2025-08-08|2025-08-09|2025-08-10|2025-08-11|2025-08-12|2025-08-13|2025-08-14|2025-08-15|2025-08-16|2025-08-17|2025-08-18|2025-08-19|2025-08-20|2025-08-21|2025-08-22|2025-08-23,2025-08-24 06:00,2025-08-24 06:00,8.810729923425242e-13,2.2737367544323206e-13,0,True,Optimization terminated successfully. (HiGHS Status 7: Optimal),728,2.2737367544323206e-13
2025-08-24,12,0.03489741599878471,19953.095647293296,144,20,3746,2025-08-04|2025-08-05|2025-08-06|2025-08-07|2025-08-08|2025-08-09|2025-08-10|2025-08-11|2025-08-12|2025-08-13|2025-08-14|2025-08-15|2025-08-16|2025-08-17|2025-08-18|2025-08-19|2025-08-20|2025-08-21|2025-08-22|2025-08-23,2025-08-24 12:00,2025-08-24 12:00,8.597567102697212e-13,2.2737367544323206e-13,0,True,Optimization terminated successfully. (HiGHS Status 7: Optimal),921,2.2737367544323206e-13
2025-08-24,18,0.03573549999964598,30214.079680240888,144,20,3746,2025-08-04|2025-08-05|2025-08-06|2025-08-07|2025-08-08|2025-08-09|2025-08-10|2025-08-11|2025-08-12|2025-08-13|2025-08-14|2025-08-15|2025-08-16|2025-08-17|2025-08-18|2025-08-19|2025-08-20|2025-08-21|2025-08-22|2025-08-23,2025-08-24 18:00,2025-08-24 18:00,1.0231815394945443e-12,2.2737367544323206e-13,0,True,Optimization terminated successfully. (HiGHS Status 7: Optimal),858,2.2737367544323206e-13
2025-08-25,0,0.03449529200042889,2466.6644448717916,144,20,3746,2025-08-05|2025-08-06|2025-08-07|2025-08-08|2025-08-09|2025-08-10|2025-08-11|2025-08-12|2025-08-13|2025-08-14|2025-08-15|2025-08-16|2025-08-17|2025-08-18|2025-08-19|2025-08-20|2025-08-21|2025-08-22|2025-08-23|2025-08-24,2025-08-25 00:00,2025-08-25 00:00,1.0231815394945443e-12,2.2737367544323206e-13,0,True,Optimization terminated successfully. (HiGHS Status 7: Optimal),693,1.7053025658242404e-13
2025-08-25,6,0.03357616699940991,8719.549080525636,144,20,3746,2025-08-05|2025-08-06|2025-08-07|2025-08-08|2025-08-09|2025-08-10|2025-08-11|2025-08-12|2025-08-13|2025-08-14|2025-08-15|2025-08-16|2025-08-17|2025-08-18|2025-08-19|2025-08-20|2025-08-21|2025-08-22|2025-08-23|2025-08-24,2025-08-25 06:00,2025-08-25 06:00,8.641976023682219e-13,2.2737367544323206e-13,0,True,Optimization terminated successfully. (HiGHS Status 7: Optimal),847,1.1368683772161603e-13
2025-08-25,12,0.03186079199986125,12000.24003408758,144,20,3746,2025-08-05|2025-08-06|2025-08-07|2025-08-08|2025-08-09|2025-08-10|2025-08-11|2025-08-12|2025-08-13|2025-08-14|2025-08-15|2025-08-16|2025-08-17|2025-08-18|2025-08-19|2025-08-20|2025-08-21|2025-08-22|2025-08-23|2025-08-24,2025-08-25 12:00,2025-08-25 12:00,9.094947017729282e-13,2.2737367544323206e-13,0,True,Optimization terminated successfully. (HiGHS Status 7: Optimal),799,1.1368683772161603e-13
2025-08-25,18,0.034150125000451226,24523.958220636345,144,20,3746,2025-08-05|2025-08-06|2025-08-07|2025-08-08|2025-08-09|2025-08-10|2025-08-11|2025-08-12|2025-08-13|2025-08-14|2025-08-15|2025-08-16|2025-08-17|2025-08-18|2025-08-19|2025-08-20|2025-08-21|2025-08-22|2025-08-23|2025-08-24,2025-08-25 18:00,2025-08-25 18:00,9.094947017729282e-13,1.1368683772161603e-13,0,True,Optimization terminated successfully. (HiGHS Status 7: Optimal),834,1.1368683772161603e-13
2025-08-26,0,0.033161583000037353,1886.0678659781443,144,20,3746,2025-08-06|2025-08-07|2025-08-08|2025-08-09|2025-08-10|2025-08-11|2025-08-12|2025-08-13|2025-08-14|2025-08-15|2025-08-16|2025-08-17|2025-08-18|2025-08-19|2025-08-20|2025-08-21|2025-08-22|2025-08-23|2025-08-24|2025-08-25,2025-08-26 00:00,2025-08-26 00:00,9.094947017729282e-13,4.263256414560601e-13,0,True,Optimization terminated successfully. (HiGHS Status 7: Optimal),651,4.263256414560601e-13
2025-08-26,6,0.03946320900104183,15113.299820636394,144,20,3746,2025-08-06|2025-08-07|2025-08-08|2025-08-09|2025-08-10|2025-08-11|2025-08-12|2025-08-13|2025-08-14|2025-08-15|2025-08-16|2025-08-17|2025-08-18|2025-08-19|2025-08-20|2025-08-21|2025-08-22|2025-08-23|2025-08-24|2025-08-25,2025-08-26 06:00,2025-08-26 06:00,8.881784197001252e-13,2.2737367544323206e-13,0,True,Optimization terminated successfully. (HiGHS Status 7: Optimal),911,1.1368683772161603e-13
2025-08-26,12,0.032526625000173226,22362.46491677603,144,20,3746,2025-08-06|2025-08-07|2025-08-08|2025-08-09|2025-08-10|2025-08-11|2025-08-12|2025-08-13|2025-08-14|2025-08-15|2025-08-16|2025-08-17|2025-08-18|2025-08-19|2025-08-20|2025-08-21|2025-08-22|2025-08-23|2025-08-24|2025-08-25,2025-08-26 12:00,2025-08-26 12:00,9.094947017729282e-13,1.1368683772161603e-13,0,True,Optimization terminated successfully. (HiGHS Status 7: Optimal),834,1.1368683772161603e-13
2025-08-26,18,0.033460457998444326,29322.538104974687,144,20,3746,2025-08-06|2025-08-07|2025-08-08|2025-08-09|2025-08-10|2025-08-11|2025-08-12|2025-08-13|2025-08-14|2025-08-15|2025-08-16|2025-08-17|2025-08-18|2025-08-19|2025-08-20|2025-08-21|2025-08-22|2025-08-23|2025-08-24|2025-08-25,2025-08-26 18:00,2025-08-26 18:00,9.094947017729282e-13,1.1368683772161603e-13,0,True,Optimization terminated successfully. (HiGHS Status 7: Optimal),829,1.1368683772161603e-13
2025-08-27,0,0.03416795800148975,2175.156670896937,144,20,3746,2025-08-07|2025-08-08|2025-08-09|2025-08-10|2025-08-11|2025-08-12|2025-08-13|2025-08-14|2025-08-15|2025-08-16|2025-08-17|2025-08-18|2025-08-19|2025-08-20|2025-08-21|2025-08-22|2025-08-23|2025-08-24|2025-08-25|2025-08-26,2025-08-27 00:00,2025-08-27 00:00,9.094947017729282e-13,2.2737367544323206e-13,0,True,Optimization terminated successfully. (HiGHS Status 7: Optimal),697,1.1368683772161603e-13
2025-08-27,6,0.039852042000347865,19643.333691220334,144,20,3746,2025-08-07|2025-08-08|2025-08-09|2025-08-10|2025-08-11|2025-08-12|2025-08-13|2025-08-14|2025-08-15|2025-08-16|2025-08-17|2025-08-18|2025-08-19|2025-08-20|2025-08-21|2025-08-22|2025-08-23|2025-08-24|2025-08-25|2025-08-26,2025-08-27 06:00,2025-08-27 06:00,8.171241461241152e-13,2.2737367544323206e-13,0,True,Optimization terminated successfully. (HiGHS Status 7: Optimal),1013,1.1368683772161603e-13
2025-08-27,12,0.03738100000009581,22252.831794593585,144,20,3746,2025-08-07|2025-08-08|2025-08-09|2025-08-10|2025-08-11|2025-08-12|2025-08-13|2025-08-14|2025-08-15|2025-08-16|2025-08-17|2025-08-18|2025-08-19|2025-08-20|2025-08-21|2025-08-22|2025-08-23|2025-08-24|2025-08-25|2025-08-26,2025-08-27 12:00,2025-08-27 12:00,9.094947017729282e-13,2.2737367544323206e-13,0,True,Optimization terminated successfully. (HiGHS Status 7: Optimal),955,1.1368683772161603e-13
2025-08-27,18,0.03414079100002709,29811.19908925013,144,20,3746,2025-08-07|2025-08-08|2025-08-09|2025-08-10|2025-08-11|2025-08-12|2025-08-13|2025-08-14|2025-08-15|2025-08-16|2025-08-17|2025-08-18|2025-08-19|2025-08-20|2025-08-21|2025-08-22|2025-08-23|2025-08-24|2025-08-25|2025-08-26,2025-08-27 18:00,2025-08-27 18:00,1.0231815394945443e-12,1.1368683772161603e-12,0,True,Optimization terminated successfully. (HiGHS Status 7: Optimal),879,1.1368683772161603e-12
2025-08-28,0,0.034326667000641464,2286.529736187997,144,20,3746,2025-08-08|2025-08-09|2025-08-10|2025-08-11|2025-08-12|2025-08-13|2025-08-14|2025-08-15|2025-08-16|2025-08-17|2025-08-18|2025-08-19|2025-08-20|2025-08-21|2025-08-22|2025-08-23|2025-08-24|2025-08-25|2025-08-26|2025-08-27,2025-08-28 00:00,2025-08-28 00:00,8.242295734817162e-13,3.659295089164516e-13,0,True,Optimization terminated successfully. (HiGHS Status 7: Optimal),688,3.659295089164516e-13
2025-08-28,6,0.041382166999028414,16751.972649267198,144,20,3746,2025-08-08|2025-08-09|2025-08-10|2025-08-11|2025-08-12|2025-08-13|2025-08-14|2025-08-15|2025-08-16|2025-08-17|2025-08-18|2025-08-19|2025-08-20|2025-08-21|2025-08-22|2025-08-23|2025-08-24|2025-08-25|2025-08-26|2025-08-27,2025-08-28 06:00,2025-08-28 06:00,8.526512829121202e-13,1.1368683772161603e-13,0,True,Optimization terminated successfully. (HiGHS Status 7: Optimal),1013,1.1368683772161603e-13
2025-08-28,12,0.03393162499924074,12027.375489348706,144,20,3746,2025-08-08|2025-08-09|2025-08-10|2025-08-11|2025-08-12|2025-08-13|2025-08-14|2025-08-15|2025-08-16|2025-08-17|2025-08-18|2025-08-19|2025-08-20|2025-08-21|2025-08-22|2025-08-23|2025-08-24|2025-08-25|2025-08-26|2025-08-27,2025-08-28 12:00,2025-08-28 12:00,6.821210263296962e-13,1.1368683772161603e-13,0,True,Optimization terminated successfully. (HiGHS Status 7: Optimal),848,1.1368683772161603e-13
2025-08-28,18,0.03258724999977858,10292.00693885551,144,20,3746,2025-08-08|2025-08-09|2025-08-10|2025-08-11|2025-08-12|2025-08-13|2025-08-14|2025-08-15|2025-08-16|2025-08-17|2025-08-18|2025-08-19|2025-08-20|2025-08-21|2025-08-22|2025-08-23|2025-08-24|2025-08-25|2025-08-26|2025-08-27,2025-08-28 18:00,2025-08-28 18:00,7.105427357601002e-13,1.1368683772161603e-13,0,True,Optimization terminated successfully. (HiGHS Status 7: Optimal),755,1.1368683772161603e-13
2025-08-29,0,0.03227645799961465,1061.340877879077,144,20,3746,2025-08-09|2025-08-10|2025-08-11|2025-08-12|2025-08-13|2025-08-14|2025-08-15|2025-08-16|2025-08-17|2025-08-18|2025-08-19|2025-08-20|2025-08-21|2025-08-22|2025-08-23|2025-08-24|2025-08-25|2025-08-26|2025-08-27|2025-08-28,2025-08-29 00:00,2025-08-29 00:00,7.673861546209082e-13,1.7053025658242404e-13,0,True,Optimization terminated successfully. (HiGHS Status 7: Optimal),616,1.7053025658242404e-13
2025-08-29,6,0.03003362500021467,8842.959466911068,144,20,3746,2025-08-09|2025-08-10|2025-08-11|2025-08-12|2025-08-13|2025-08-14|2025-08-15|2025-08-16|2025-08-17|2025-08-18|2025-08-19|2025-08-20|2025-08-21|2025-08-22|2025-08-23|2025-08-24|2025-08-25|2025-08-26|2025-08-27|2025-08-28,2025-08-29 06:00,2025-08-29 06:00,8.872902412804251e-13,5.684341886080802e-14,0,True,Optimization terminated successfully. (HiGHS Status 7: Optimal),628,1.1368683772161603e-13
2025-08-29,12,0.02971662500021921,8138.118740343952,144,20,3746,2025-08-09|2025-08-10|2025-08-11|2025-08-12|2025-08-13|2025-08-14|2025-08-15|2025-08-16|2025-08-17|2025-08-18|2025-08-19|2025-08-20|2025-08-21|2025-08-22|2025-08-23|2025-08-24|2025-08-25|2025-08-26|2025-08-27|2025-08-28,2025-08-29 12:00,2025-08-29 12:00,8.526512829121202e-13,1.1368683772161603e-13,0,True,Optimization terminated successfully. (HiGHS Status 7: Optimal),681,1.1368683772161603e-13
2025-08-29,18,0.027721624999685446,8370.820068320181,144,20,3746,2025-08-09|2025-08-10|2025-08-11|2025-08-12|2025-08-13|2025-08-14|2025-08-15|2025-08-16|2025-08-17|2025-08-18|2025-08-19|2025-08-20|2025-08-21|2025-08-22|2025-08-23|2025-08-24|2025-08-25|2025-08-26|2025-08-27|2025-08-28,2025-08-29 18:00,2025-08-29 18:00,9.094947017729282e-13,2.2737367544323206e-13,0,True,Optimization terminated successfully. (HiGHS Status 7: Optimal),589,1.1368683772161603e-13
2025-08-30,0,0.032854832999873906,1236.6747025959403,144,20,3746,2025-08-10|2025-08-11|2025-08-12|2025-08-13|2025-08-14|2025-08-15|2025-08-16|2025-08-17|2025-08-18|2025-08-19|2025-08-20|2025-08-21|2025-08-22|2025-08-23|2025-08-24|2025-08-25|2025-08-26|2025-08-27|2025-08-28|2025-08-29,2025-08-30 00:00,2025-08-30 00:00,8.810729923425242e-13,6.821210263296962e-13,0,True,Optimization terminated successfully. (HiGHS Status 7: Optimal),633,6.821210263296962e-13
2025-08-30,6,0.030155500000546454,12180.23395348314,144,20,3746,2025-08-10|2025-08-11|2025-08-12|2025-08-13|2025-08-14|2025-08-15|2025-08-16|2025-08-17|2025-08-18|2025-08-19|2025-08-20|2025-08-21|2025-08-22|2025-08-23|2025-08-24|2025-08-25|2025-08-26|2025-08-27|2025-08-28|2025-08-29,2025-08-30 06:00,2025-08-30 06:00,8.917311333789257e-13,2.2737367544323206e-13,0,True,Optimization terminated successfully. (HiGHS Status 7: Optimal),655,2.2737367544323206e-13
2025-08-30,12,0.03173779200005811,14804.362480146377,144,20,3746,2025-08-10|2025-08-11|2025-08-12|2025-08-13|2025-08-14|2025-08-15|2025-08-16|2025-08-17|2025-08-18|2025-08-19|2025-08-20|2025-08-21|2025-08-22|2025-08-23|2025-08-24|2025-08-25|2025-08-26|2025-08-27|2025-08-28|2025-08-29,2025-08-30 12:00,2025-08-30 12:00,8.641976023682219e-13,2.2737367544323206e-13,0,True,Optimization terminated successfully. (HiGHS Status 7: Optimal),725,2.2737367544323206e-13
2025-08-30,18,0.03510429199923237,26352.959707298956,144,20,3746,2025-08-10|2025-08-11|2025-08-12|2025-08-13|2025-08-14|2025-08-15|2025-08-16|2025-08-17|2025-08-18|2025-08-19|2025-08-20|2025-08-21|2025-08-22|2025-08-23|2025-08-24|2025-08-25|2025-08-26|2025-08-27|2025-08-28|2025-08-29,2025-08-30 18:00,2025-08-30 18:00,9.094947017729282e-13,6.821210263296962e-13,0,True,Optimization terminated successfully. (HiGHS Status 7: Optimal),815,6.821210263296962e-13
2025-08-31,0,0.03340150000076392,1881.0412515276776,144,20,3746,2025-08-11|2025-08-12|2025-08-13|2025-08-14|2025-08-15|2025-08-16|2025-08-17|2025-08-18|2025-08-19|2025-08-20|2025-08-21|2025-08-22|2025-08-23|2025-08-24|2025-08-25|2025-08-26|2025-08-27|2025-08-28|2025-08-29|2025-08-30,2025-08-31 00:00,2025-08-31 00:00,7.958078640513122e-13,2.2737367544323206e-13,0,True,Optimization terminated successfully. (HiGHS Status 7: Optimal),650,2.2737367544323206e-13
2025-08-31,6,0.03821633400002611,14367.43904310332,144,20,3746,2025-08-11|2025-08-12|2025-08-13|2025-08-14|2025-08-15|2025-08-16|2025-08-17|2025-08-18|2025-08-19|2025-08-20|2025-08-21|2025-08-22|2025-08-23|2025-08-24|2025-08-25|2025-08-26|2025-08-27|2025-08-28|2025-08-29|2025-08-30,2025-08-31 06:00,2025-08-31 06:00,9.094947017729282e-13,1.1368683772161603e-13,0,True,Optimization terminated successfully. (HiGHS Status 7: Optimal),902,1.1368683772161603e-13
2025-08-31,12,0.03433191700059979,17662.54974751659,144,20,3746,2025-08-11|2025-08-12|2025-08-13|2025-08-14|2025-08-15|2025-08-16|2025-08-17|2025-08-18|2025-08-19|2025-08-20|2025-08-21|2025-08-22|2025-08-23|2025-08-24|2025-08-25|2025-08-26|2025-08-27|2025-08-28|2025-08-29|2025-08-30,2025-08-31 12:00,2025-08-31 12:00,8.668621376273222e-13,2.2737367544323206e-13,0,True,Optimization terminated successfully. (HiGHS Status 7: Optimal),868,1.1368683772161603e-13
2025-08-31,18,0.034702292001384194,31470.867450812744,144,20,3746,2025-08-11|2025-08-12|2025-08-13|2025-08-14|2025-08-15|2025-08-16|2025-08-17|2025-08-18|2025-08-19|2025-08-20|2025-08-21|2025-08-22|2025-08-23|2025-08-24|2025-08-25|2025-08-26|2025-08-27|2025-08-28|2025-08-29|2025-08-30,2025-08-31 18:00,2025-08-31 18:00,8.810729923425242e-13,1.1368683772161603e-13,0,True,Optimization terminated successfully. (HiGHS Status 7: Optimal),854,1.1368683772161603e-13
2025-09-01,0,0.03916495799967379,2518.4288755881066,144,20,3746,2025-08-12|2025-08-13|2025-08-14|2025-08-15|2025-08-16|2025-08-17|2025-08-18|2025-08-19|2025-08-20|2025-08-21|2025-08-22|2025-08-23|2025-08-24|2025-08-25|2025-08-26|2025-08-27|2025-08-28|2025-08-29|2025-08-30|2025-08-31,2025-09-01 00:00,2025-09-01 00:00,1.0231815394945443e-12,3.979039320256561e-13,0,True,Optimization terminated successfully. (HiGHS Status 7: Optimal),702,3.979039320256561e-13
2025-09-01,6,0.03386954199959291,9792.891222718732,144,20,3746,2025-08-12|2025-08-13|2025-08-14|2025-08-15|2025-08-16|2025-08-17|2025-08-18|2025-08-19|2025-08-20|2025-08-21|2025-08-22|2025-08-23|2025-08-24|2025-08-25|2025-08-26|2025-08-27|2025-08-28|2025-08-29|2025-08-30|2025-08-31,2025-09-01 06:00,2025-09-01 06:00,8.526512829121202e-13,2.2737367544323206e-13,0,True,Optimization terminated successfully. (HiGHS Status 7: Optimal),764,2.2737367544323206e-13
2025-09-01,12,0.03539954199914064,20709.115195839197,144,20,3746,2025-08-12|2025-08-13|2025-08-14|2025-08-15|2025-08-16|2025-08-17|2025-08-18|2025-08-19|2025-08-20|2025-08-21|2025-08-22|2025-08-23|2025-08-24|2025-08-25|2025-08-26|2025-08-27|2025-08-28|2025-08-29|2025-08-30|2025-08-31,2025-09-01 12:00,2025-09-01 12:00,9.094947017729282e-13,2.2737367544323206e-13,0,True,Optimization terminated successfully. (HiGHS Status 7: Optimal),890,2.2737367544323206e-13
2025-09-01,18,0.03466616699915903,31960.217061297055,144,20,3746,2025-08-12|2025-08-13|2025-08-14|2025-08-15|2025-08-16|2025-08-17|2025-08-18|2025-08-19|2025-08-20|2025-08-21|2025-08-22|2025-08-23|2025-08-24|2025-08-25|2025-08-26|2025-08-27|2025-08-28|2025-08-29|2025-08-30|2025-08-31,2025-09-01 18:00,2025-09-01 18:00,9.094947017729282e-13,2.2737367544323206e-13,0,True,Optimization terminated successfully. (HiGHS Status 7: Optimal),854,2.2737367544323206e-13
2025-09-02,0,0.03453791699939757,2326.481553177005,144,20,3746,2025-08-13|2025-08-14|2025-08-15|2025-08-16|2025-08-17|2025-08-18|2025-08-19|2025-08-20|2025-08-21|2025-08-22|2025-08-23|2025-08-24|2025-08-25|2025-08-26|2025-08-27|2025-08-28|2025-08-29|2025-08-30|2025-08-31|2025-09-01,2025-09-02 00:00,2025-09-02 00:00,8.100187187665142e-13,2.2737367544323206e-13,0,True,Optimization terminated successfully. (HiGHS Status 7: Optimal),687,2.2737367544323206e-13
2025-09-02,6,0.038690333998602,17221.99510948546,144,20,3746,2025-08-13|2025-08-14|2025-08-15|2025-08-16|2025-08-17|2025-08-18|2025-08-19|2025-08-20|2025-08-21|2025-08-22|2025-08-23|2025-08-24|2025-08-25|2025-08-26|2025-08-27|2025-08-28|2025-08-29|2025-08-30|2025-08-31|2025-09-01,2025-09-02 06:00,2025-09-02 06:00,8.100187187665142e-13,2.2737367544323206e-13,0,True,Optimization terminated successfully. (HiGHS Status 7: Optimal),1008,2.2737367544323206e-13
2025-09-02,12,0.03644420799901127,16231.377124092489,144,20,3746,2025-08-13|2025-08-14|2025-08-15|2025-08-16|2025-08-17|2025-08-18|2025-08-19|2025-08-20|2025-08-21|2025-08-22|2025-08-23|2025-08-24|2025-08-25|2025-08-26|2025-08-27|2025-08-28|2025-08-29|2025-08-30|2025-08-31|2025-09-01,2025-09-02 12:00,2025-09-02 12:00,9.094947017729282e-13,2.2737367544323206e-13,0,True,Optimization terminated successfully. (HiGHS Status 7: Optimal),878,2.2737367544323206e-13
2025-09-02,18,0.03473262500119745,24773.000724459795,144,20,3746,2025-08-13|2025-08-14|2025-08-15|2025-08-16|2025-08-17|2025-08-18|2025-08-19|2025-08-20|2025-08-21|2025-08-22|2025-08-23|2025-08-24|2025-08-25|2025-08-26|2025-08-27|2025-08-28|2025-08-29|2025-08-30|2025-08-31|2025-09-01,2025-09-02 18:00,2025-09-02 18:00,8.668621376273222e-13,2.2737367544323206e-13,0,True,Optimization terminated successfully. (HiGHS Status 7: Optimal),823,2.2737367544323206e-13
2025-09-03,0,0.03307979099918157,2478.526119191101,144,20,3746,2025-08-14|2025-08-15|2025-08-16|2025-08-17|2025-08-18|2025-08-19|2025-08-20|2025-08-21|2025-08-22|2025-08-23|2025-08-24|2025-08-25|2025-08-26|2025-08-27|2025-08-28|2025-08-29|2025-08-30|2025-08-31|2025-09-01|2025-09-02,2025-09-03 00:00,2025-09-03 00:00,9.094947017729282e-13,2.2737367544323206e-13,0,True,Optimization terminated successfully. (HiGHS Status 7: Optimal),676,2.2737367544323206e-13
2025-09-03,6,0.03475683400029084,12758.15030077792,144,20,3746,2025-08-14|2025-08-15|2025-08-16|2025-08-17|2025-08-18|2025-08-19|2025-08-20|2025-08-21|2025-08-22|2025-08-23|2025-08-24|2025-08-25|2025-08-26|2025-08-27|2025-08-28|2025-08-29|2025-08-30|2025-08-31|2025-09-01|2025-09-02,2025-09-03 06:00,2025-09-03 06:00,9.094947017729282e-13,2.2737367544323206e-13,0,True,Optimization terminated successfully. (HiGHS Status 7: Optimal),833,2.2737367544323206e-13
2025-09-03,12,0.03523037499871862,23119.2318095138,144,20,3746,2025-08-14|2025-08-15|2025-08-16|2025-08-17|2025-08-18|2025-08-19|2025-08-20|2025-08-21|2025-08-22|2025-08-23|2025-08-24|2025-08-25|2025-08-26|2025-08-27|2025-08-28|2025-08-29|2025-08-30|2025-08-31|2025-09-01|2025-09-02,2025-09-03 12:00,2025-09-03 12:00,9.094947017729282e-13,2.2737367544323206e-13,0,True,Optimization terminated successfully. (HiGHS Status 7: Optimal),894,2.2737367544323206e-13
2025-09-03,18,0.03389074999904551,23628.861091966675,144,20,3746,2025-08-14|2025-08-15|2025-08-16|2025-08-17|2025-08-18|2025-08-19|2025-08-20|2025-08-21|2025-08-22|2025-08-23|2025-08-24|2025-08-25|2025-08-26|2025-08-27|2025-08-28|2025-08-29|2025-08-30|2025-08-31|2025-09-01|2025-09-02,2025-09-03 18:00,2025-09-03 18:00,9.094947017729282e-13,2.2737367544323206e-13,0,True,Optimization terminated successfully. (HiGHS Status 7: Optimal),829,2.2737367544323206e-13
2025-09-04,0,0.03302570800042304,2534.4368923474053,144,20,3746,2025-08-15|2025-08-16|2025-08-17|2025-08-18|2025-08-19|2025-08-20|2025-08-21|2025-08-22|2025-08-23|2025-08-24|2025-08-25|2025-08-26|2025-08-27|2025-08-28|2025-08-29|2025-08-30|2025-08-31|2025-09-01|2025-09-02|2025-09-03,2025-09-04 00:00,2025-09-04 00:00,7.958078640513122e-13,3.126388037344441e-13,0,True,Optimization terminated successfully. (HiGHS Status 7: Optimal),657,3.126388037344441e-13
2025-09-04,6,0.0345275829986349,10288.271622102558,144,20,3746,2025-08-15|2025-08-16|2025-08-17|2025-08-18|2025-08-19|2025-08-20|2025-08-21|2025-08-22|2025-08-23|2025-08-24|2025-08-25|2025-08-26|2025-08-27|2025-08-28|2025-08-29|2025-08-30|2025-08-31|2025-09-01|2025-09-02|2025-09-03,2025-09-04 06:00,2025-09-04 06:00,8.526512829121202e-13,2.2737367544323206e-13,0,True,Optimization terminated successfully. (HiGHS Status 7: Optimal),815,1.1368683772161603e-13
2025-09-04,12,0.030832833001113613,8855.327067857621,144,20,3746,2025-08-15|2025-08-16|2025-08-17|2025-08-18|2025-08-19|2025-08-20|2025-08-21|2025-08-22|2025-08-23|2025-08-24|2025-08-25|2025-08-26|2025-08-27|2025-08-28|2025-08-29|2025-08-30|2025-08-31|2025-09-01|2025-09-02|2025-09-03,2025-09-04 12:00,2025-09-04 12:00,8.810729923425242e-13,1.1368683772161603e-13,0,True,Optimization terminated successfully. (HiGHS Status 7: Optimal),797,1.1368683772161603e-13
2025-09-04,18,0.0281358749998617,9544.489399825785,144,20,3746,2025-08-15|2025-08-16|2025-08-17|2025-08-18|2025-08-19|2025-08-20|2025-08-21|2025-08-22|2025-08-23|2025-08-24|2025-08-25|2025-08-26|2025-08-27|2025-08-28|2025-08-29|2025-08-30|2025-08-31|2025-09-01|2025-09-02|2025-09-03,2025-09-04 18:00,2025-09-04 18:00,8.526512829121202e-13,1.1368683772161603e-13,0,True,Optimization terminated successfully. (HiGHS Status 7: Optimal),660,1.1368683772161603e-13
2025-09-05,0,0.030043541999475565,992.6525408715088,144,20,3746,2025-08-16|2025-08-17|2025-08-18|2025-08-19|2025-08-20|2025-08-21|2025-08-22|2025-08-23|2025-08-24|2025-08-25|2025-08-26|2025-08-27|2025-08-28|2025-08-29|2025-08-30|2025-08-31|2025-09-01|2025-09-02|2025-09-03|2025-09-04,2025-09-05 00:00,2025-09-05 00:00,8.526512829121202e-13,2.2737367544323206e-13,0,True,Optimization terminated successfully. (HiGHS Status 7: Optimal),584,2.2737367544323206e-13
2025-09-05,6,0.030300667000119574,9198.179098507779,144,20,3746,2025-08-16|2025-08-17|2025-08-18|2025-08-19|2025-08-20|2025-08-21|2025-08-22|2025-08-23|2025-08-24|2025-08-25|2025-08-26|2025-08-27|2025-08-28|2025-08-29|2025-08-30|2025-08-31|2025-09-01|2025-09-02|2025-09-03|2025-09-04,2025-09-05 06:00,2025-09-05 06:00,9.094947017729282e-13,2.2737367544323206e-13,0,True,Optimization terminated successfully. (HiGHS Status 7: Optimal),669,2.2737367544323206e-13
2025-09-05,12,0.02880758299943409,8132.679921308637,144,20,3746,2025-08-16|2025-08-17|2025-08-18|2025-08-19|2025-08-20|2025-08-21|2025-08-22|2025-08-23|2025-08-24|2025-08-25|2025-08-26|2025-08-27|2025-08-28|2025-08-29|2025-08-30|2025-08-31|2025-09-01|2025-09-02|2025-09-03|2025-09-04,2025-09-05 12:00,2025-09-05 12:00,8.526512829121202e-13,2.2737367544323206e-13,0,True,Optimization terminated successfully. (HiGHS Status 7: Optimal),637,2.2737367544323206e-13
2025-09-05,18,0.02864649999901303,8613.692339852902,144,20,3746,2025-08-16|2025-08-17|2025-08-18|2025-08-19|2025-08-20|2025-08-21|2025-08-22|2025-08-23|2025-08-24|2025-08-25|2025-08-26|2025-08-27|2025-08-28|2025-08-29|2025-08-30|2025-08-31|2025-09-01|2025-09-02|2025-09-03|2025-09-04,2025-09-05 18:00,2025-09-05 18:00,8.65085780787922e-13,2.2737367544323206e-13,0,True,Optimization terminated successfully. (HiGHS Status 7: Optimal),626,2.2737367544323206e-13
2025-09-06,0,0.030535292000422487,1093.47156628822,144,20,3746,2025-08-17|2025-08-18|2025-08-19|2025-08-20|2025-08-21|2025-08-22|2025-08-23|2025-08-24|2025-08-25|2025-08-26|2025-08-27|2025-08-28|2025-08-29|2025-08-30|2025-08-31|2025-09-01|2025-09-02|2025-09-03|2025-09-04|2025-09-05,2025-09-06 00:00,2025-09-06 00:00,8.526512829121202e-13,5.684341886080802e-14,0,True,Optimization terminated successfully. (HiGHS Status 7: Optimal),580,1.1368683772161603e-13
2025-09-06,6,0.03065062499990745,12410.646208363189,144,20,3746,2025-08-17|2025-08-18|2025-08-19|2025-08-20|2025-08-21|2025-08-22|2025-08-23|2025-08-24|2025-08-25|2025-08-26|2025-08-27|2025-08-28|2025-08-29|2025-08-30|2025-08-31|2025-09-01|2025-09-02|2025-09-03|2025-09-04|2025-09-05,2025-09-06 06:00,2025-09-06 06:00,9.094947017729282e-13,1.1368683772161603e-13,0,True,Optimization terminated successfully. (HiGHS Status 7: Optimal),679,1.1368683772161603e-13
2025-09-06,12,0.03082591699967452,13821.333792668915,144,20,3746,2025-08-17|2025-08-18|2025-08-19|2025-08-20|2025-08-21|2025-08-22|2025-08-23|2025-08-24|2025-08-25|2025-08-26|2025-08-27|2025-08-28|2025-08-29|2025-08-30|2025-08-31|2025-09-01|2025-09-02|2025-09-03|2025-09-04|2025-09-05,2025-09-06 12:00,2025-09-06 12:00,9.094947017729282e-13,1.1368683772161603e-13,0,True,Optimization terminated successfully. (HiGHS Status 7: Optimal),710,1.1368683772161603e-13
2025-09-06,18,0.03648520800015831,30919.051979134983,144,20,3746,2025-08-17|2025-08-18|2025-08-19|2025-08-20|2025-08-21|2025-08-22|2025-08-23|2025-08-24|2025-08-25|2025-08-26|2025-08-27|2025-08-28|2025-08-29|2025-08-30|2025-08-31|2025-09-01|2025-09-02|2025-09-03|2025-09-04|2025-09-05,2025-09-06 18:00,2025-09-06 18:00,9.094947017729282e-13,1.1368683772161603e-13,0,True,Optimization terminated successfully. (HiGHS Status 7: Optimal),842,1.1368683772161603e-13
2025-09-07,0,0.033428332999392296,2221.2961860350097,144,20,3746,2025-08-18|2025-08-19|2025-08-20|2025-08-21|2025-08-22|2025-08-23|2025-08-24|2025-08-25|2025-08-26|2025-08-27|2025-08-28|2025-08-29|2025-08-30|2025-08-31|2025-09-01|2025-09-02|2025-09-03|2025-09-04|2025-09-05|2025-09-06,2025-09-07 00:00,2025-09-07 00:00,7.958078640513122e-13,4.547473508864641e-13,0,True,Optimization terminated successfully. (HiGHS Status 7: Optimal),653,5.684341886080801e-13
2025-09-07,6,0.04311437500109605,17349.775473006197,144,20,3746,2025-08-18|2025-08-19|2025-08-20|2025-08-21|2025-08-22|2025-08-23|2025-08-24|2025-08-25|2025-08-26|2025-08-27|2025-08-28|2025-08-29|2025-08-30|2025-08-31|2025-09-01|2025-09-02|2025-09-03|2025-09-04|2025-09-05|2025-09-06,2025-09-07 06:00,2025-09-07 06:00,8.86846152070575e-13,1.1368683772161603e-13,0,True,Optimization terminated successfully. (HiGHS Status 7: Optimal),1018,2.2737367544323206e-13
2025-09-07,12,0.035687124998730724,15603.218690702406,144,20,3746,2025-08-18|2025-08-19|2025-08-20|2025-08-21|2025-08-22|2025-08-23|2025-08-24|2025-08-25|2025-08-26|2025-08-27|2025-08-28|2025-08-29|2025-08-30|2025-08-31|2025-09-01|2025-09-02|2025-09-03|2025-09-04|2025-09-05|2025-09-06,2025-09-07 12:00,2025-09-07 12:00,9.094947017729282e-13,1.1368683772161603e-13,0,True,Optimization terminated successfully. (HiGHS Status 7: Optimal),850,2.2737367544323206e-13
2025-09-07,18,0.03486237499964773,27385.58982008392,144,20,3746,2025-08-18|2025-08-19|2025-08-20|2025-08-21|2025-08-22|2025-08-23|2025-08-24|2025-08-25|2025-08-26|2025-08-27|2025-08-28|2025-08-29|2025-08-30|2025-08-31|2025-09-01|2025-09-02|2025-09-03|2025-09-04|2025-09-05|2025-09-06,2025-09-07 18:00,2025-09-07 18:00,9.094947017729282e-13,1.1368683772161603e-13,0,True,Optimization terminated successfully. (HiGHS Status 7: Optimal),841,2.2737367544323206e-13
2025-09-08,0,0.03477533300065261,2643.3660655158733,144,20,3746,2025-08-19|2025-08-20|2025-08-21|2025-08-22|2025-08-23|2025-08-24|2025-08-25|2025-08-26|2025-08-27|2025-08-28|2025-08-29|2025-08-30|2025-08-31|2025-09-01|2025-09-02|2025-09-03|2025-09-04|2025-09-05|2025-09-06|2025-09-07,2025-09-08 00:00,2025-09-08 00:00,9.094947017729282e-13,1.1368683772161603e-13,0,True,Optimization terminated successfully. (HiGHS Status 7: Optimal),703,1.1368683772161603e-13
2025-09-08,6,0.034632124999916414,12801.56740481207,144,20,3746,2025-08-19|2025-08-20|2025-08-21|2025-08-22|2025-08-23|2025-08-24|2025-08-25|2025-08-26|2025-08-27|2025-08-28|2025-08-29|2025-08-30|2025-08-31|2025-09-01|2025-09-02|2025-09-03|2025-09-04|2025-09-05|2025-09-06|2025-09-07,2025-09-08 06:00,2025-09-08 06:00,9.094947017729282e-13,1.1368683772161603e-13,0,True,Optimization terminated successfully. (HiGHS Status 7: Optimal),858,1.1368683772161603e-13
2025-09-08,12,0.03723195800012036,15983.39869954689,144,20,3746,2025-08-19|2025-08-20|2025-08-21|2025-08-22|2025-08-23|2025-08-24|2025-08-25|2025-08-26|2025-08-27|2025-08-28|2025-08-29|2025-08-30|2025-08-31|2025-09-01|2025-09-02|2025-09-03|2025-09-04|2025-09-05|2025-09-06|2025-09-07,2025-09-08 12:00,2025-09-08 12:00,9.094947017729282e-13,1.1368683772161603e-13,0,True,Optimization terminated successfully. (HiGHS Status 7: Optimal),896,1.1368683772161603e-13
2025-09-08,18,0.03360212500047055,27827.507582375136,144,20,3746,2025-08-19|2025-08-20|2025-08-21|2025-08-22|2025-08-23|2025-08-24|2025-08-25|2025-08-26|2025-08-27|2025-08-28|2025-08-29|2025-08-30|2025-08-31|2025-09-01|2025-09-02|2025-09-03|2025-09-04|2025-09-05|2025-09-06|2025-09-07,2025-09-08 18:00,2025-09-08 18:00,9.094947017729282e-13,1.1368683772161603e-13,0,True,Optimization terminated successfully. (HiGHS Status 7: Optimal),835,1.1368683772161603e-13
2025-09-09,0,0.033341791000566445,2156.5428004024866,144,20,3746,2025-08-20|2025-08-21|2025-08-22|2025-08-23|2025-08-24|2025-08-25|2025-08-26|2025-08-27|2025-08-28|2025-08-29|2025-08-30|2025-08-31|2025-09-01|2025-09-02|2025-09-03|2025-09-04|2025-09-05|2025-09-06|2025-09-07|2025-09-08,2025-09-09 00:00,2025-09-09 00:00,9.094947017729282e-13,5.684341886080802e-14,0,True,Optimization terminated successfully. (HiGHS Status 7: Optimal),653,2.2737367544323206e-13
2025-09-09,6,0.03911416700066184,17524.22306946137,144,20,3746,2025-08-20|2025-08-21|2025-08-22|2025-08-23|2025-08-24|2025-08-25|2025-08-26|2025-08-27|2025-08-28|2025-08-29|2025-08-30|2025-08-31|2025-09-01|2025-09-02|2025-09-03|2025-09-04|2025-09-05|2025-09-06|2025-09-07|2025-09-08,2025-09-09 06:00,2025-09-09 06:00,9.094947017729282e-13,1.1368683772161603e-13,0,True,Optimization terminated successfully. (HiGHS Status 7: Optimal),963,2.2737367544323206e-13
2025-09-09,12,0.035888083000827464,15283.150947670316,144,20,3746,2025-08-20|2025-08-21|2025-08-22|2025-08-23|2025-08-24|2025-08-25|2025-08-26|2025-08-27|2025-08-28|2025-08-29|2025-08-30|2025-08-31|2025-09-01|2025-09-02|2025-09-03|2025-09-04|2025-09-05|2025-09-06|2025-09-07|2025-09-08,2025-09-09 12:00,2025-09-09 12:00,8.526512829121202e-13,2.2737367544323206e-13,0,True,Optimization terminated successfully. (HiGHS Status 7: Optimal),867,2.2737367544323206e-13
2025-09-09,18,0.036544374999721185,32953.561287587305,144,20,3746,2025-08-20|2025-08-21|2025-08-22|2025-08-23|2025-08-24|2025-08-25|2025-08-26|2025-08-27|2025-08-28|2025-08-29|2025-08-30|2025-08-31|2025-09-01|2025-09-02|2025-09-03|2025-09-04|2025-09-05|2025-09-06|2025-09-07|2025-09-08,2025-09-09 18:00,2025-09-09 18:00,7.958078640513122e-13,1.1368683772161603e-13,0,True,Optimization terminated successfully. (HiGHS Status 7: Optimal),871,2.2737367544323206e-13
2025-09-10,0,0.034812709000107134,2830.5469265682814,144,20,3746,2025-08-21|2025-08-22|2025-08-23|2025-08-24|2025-08-25|2025-08-26|2025-08-27|2025-08-28|2025-08-29|2025-08-30|2025-08-31|2025-09-01|2025-09-02|2025-09-03|2025-09-04|2025-09-05|2025-09-06|2025-09-07|2025-09-08|2025-09-09,2025-09-10 00:00,2025-09-10 00:00,9.094947017729282e-13,3.979039320256561e-13,0,True,Optimization terminated successfully. (HiGHS Status 7: Optimal),702,3.979039320256561e-13
2025-09-10,6,0.032969792000585585,11029.21836353145,144,20,3746,2025-08-21|2025-08-22|2025-08-23|2025-08-24|2025-08-25|2025-08-26|2025-08-27|2025-08-28|2025-08-29|2025-08-30|2025-08-31|2025-09-01|2025-09-02|2025-09-03|2025-09-04|2025-09-05|2025-09-06|2025-09-07|2025-09-08|2025-09-09,2025-09-10 06:00,2025-09-10 06:00,9.094947017729282e-13,2.2737367544323206e-13,0,True,Optimization terminated successfully. (HiGHS Status 7: Optimal),797,2.2737367544323206e-13
2025-09-10,12,0.0352469999997993,24974.530769196946,144,20,3746,2025-08-21|2025-08-22|2025-08-23|2025-08-24|2025-08-25|2025-08-26|2025-08-27|2025-08-28|2025-08-29|2025-08-30|2025-08-31|2025-09-01|2025-09-02|2025-09-03|2025-09-04|2025-09-05|2025-09-06|2025-09-07|2025-09-08|2025-09-09,2025-09-10 12:00,2025-09-10 12:00,9.094947017729282e-13,2.2737367544323206e-13,0,True,Optimization terminated successfully. (HiGHS Status 7: Optimal),911,2.2737367544323206e-13
2025-09-10,18,0.034915250000267406,28830.51760285857,144,20,3746,2025-08-21|2025-08-22|2025-08-23|2025-08-24|2025-08-25|2025-08-26|2025-08-27|2025-08-28|2025-08-29|2025-08-30|2025-08-31|2025-09-01|2025-09-02|2025-09-03|2025-09-04|2025-09-05|2025-09-06|2025-09-07|2025-09-08|2025-09-09,2025-09-10 18:00,2025-09-10 18:00,9.094947017729282e-13,2.2737367544323206e-13,0,True,Optimization terminated successfully. (HiGHS Status 7: Optimal),864,2.2737367544323206e-13
2025-09-11,0,0.03294866599935631,2746.629672289156,144,20,3746,2025-08-22|2025-08-23|2025-08-24|2025-08-25|2025-08-26|2025-08-27|2025-08-28|2025-08-29|2025-08-30|2025-08-31|2025-09-01|2025-09-02|2025-09-03|2025-09-04|2025-09-05|2025-09-06|2025-09-07|2025-09-08|2025-09-09|2025-09-10,2025-09-11 00:00,2025-09-11 00:00,1.0231815394945443e-12,2.2737367544323206e-13,0,True,Optimization terminated successfully. (HiGHS Status 7: Optimal),685,2.2737367544323206e-13
2025-09-11,6,0.032323916000677855,7024.876846425501,144,20,3746,2025-08-22|2025-08-23|2025-08-24|2025-08-25|2025-08-26|2025-08-27|2025-08-28|2025-08-29|2025-08-30|2025-08-31|2025-09-01|2025-09-02|2025-09-03|2025-09-04|2025-09-05|2025-09-06|2025-09-07|2025-09-08|2025-09-09|2025-09-10,2025-09-11 06:00,2025-09-11 06:00,9.094947017729282e-13,7.958078640513122e-13,0,True,Optimization terminated successfully. (HiGHS Status 7: Optimal),776,7.958078640513122e-13
2025-09-11,12,0.029942832999950042,6613.1889162066955,144,20,3746,2025-08-22|2025-08-23|2025-08-24|2025-08-25|2025-08-26|2025-08-27|2025-08-28|2025-08-29|2025-08-30|2025-08-31|2025-09-01|2025-09-02|2025-09-03|2025-09-04|2025-09-05|2025-09-06|2025-09-07|2025-09-08|2025-09-09|2025-09-10,2025-09-11 12:00,2025-09-11 12:00,9.094947017729282e-13,2.2737367544323206e-13,0,True,Optimization terminated successfully. (HiGHS Status 7: Optimal),728,2.2737367544323206e-13
2025-09-11,18,0.027977375000773463,8130.13893101219,144,20,3746,2025-08-22|2025-08-23|2025-08-24|2025-08-25|2025-08-26|2025-08-27|2025-08-28|2025-08-29|2025-08-30|2025-08-31|2025-09-01|2025-09-02|2025-09-03|2025-09-04|2025-09-05|2025-09-06|2025-09-07|2025-09-08|2025-09-09|2025-09-10,2025-09-11 18:00,2025-09-11 18:00,7.958078640513122e-13,2.2737367544323206e-13,0,True,Optimization terminated successfully. (HiGHS Status 7: Optimal),623,2.2737367544323206e-13
2025-09-12,0,0.031061582998518134,1319.6294557912665,144,20,3746,2025-08-23|2025-08-24|2025-08-25|2025-08-26|2025-08-27|2025-08-28|2025-08-29|2025-08-30|2025-08-31|2025-09-01|2025-09-02|2025-09-03|2025-09-04|2025-09-05|2025-09-06|2025-09-07|2025-09-08|2025-09-09|2025-09-10|2025-09-11,2025-09-12 00:00,2025-09-12 00:00,7.958078640513122e-13,1.7053025658242404e-12,0,True,Optimization terminated successfully. (HiGHS Status 7: Optimal),604,1.7053025658242404e-12
2025-09-12,6,0.028825082999901497,8689.951732319952,144,20,3746,2025-08-23|2025-08-24|2025-08-25|2025-08-26|2025-08-27|2025-08-28|2025-08-29|2025-08-30|2025-08-31|2025-09-01|2025-09-02|2025-09-03|2025-09-04|2025-09-05|2025-09-06|2025-09-07|2025-09-08|2025-09-09|2025-09-10|2025-09-11,2025-09-12 06:00,2025-09-12 06:00,9.094947017729282e-13,1.7053025658242404e-12,0,True,Optimization terminated successfully. (HiGHS Status 7: Optimal),599,1.7053025658242404e-12
2025-09-12,12,0.03340095800012932,13508.722061077411,144,20,3746,2025-08-23|2025-08-24|2025-08-25|2025-08-26|2025-08-27|2025-08-28|2025-08-29|2025-08-30|2025-08-31|2025-09-01|2025-09-02|2025-09-03|2025-09-04|2025-09-05|2025-09-06|2025-09-07|2025-09-08|2025-09-09|2025-09-10|2025-09-11,2025-09-12 12:00,2025-09-12 12:00,8.526512829121202e-13,1.7053025658242404e-12,0,True,Optimization terminated successfully. (HiGHS Status 7: Optimal),774,1.7053025658242404e-12
2025-09-12,18,0.027607666001131292,8042.2935486158385,144,20,3746,2025-08-23|2025-08-24|2025-08-25|2025-08-26|2025-08-27|2025-08-28|2025-08-29|2025-08-30|2025-08-31|2025-09-01|2025-09-02|2025-09-03|2025-09-04|2025-09-05|2025-09-06|2025-09-07|2025-09-08|2025-09-09|2025-09-10|2025-09-11,2025-09-12 18:00,2025-09-12 18:00,9.094947017729282e-13,1.7053025658242404e-12,0,True,Optimization terminated successfully. (HiGHS Status 7: Optimal),596,1.7053025658242404e-12
2025-09-13,0,0.030177124999681837,1234.902177986806,144,20,3746,2025-08-24|2025-08-25|2025-08-26|2025-08-27|2025-08-28|2025-08-29|2025-08-30|2025-08-31|2025-09-01|2025-09-02|2025-09-03|2025-09-04|2025-09-05|2025-09-06|2025-09-07|2025-09-08|2025-09-09|2025-09-10|2025-09-11|2025-09-12,2025-09-13 00:00,2025-09-13 00:00,6.821210263296962e-13,7.958078640513122e-13,0,True,Optimization terminated successfully. (HiGHS Status 7: Optimal),579,7.958078640513122e-13
2025-09-13,6,0.030396375001146225,11585.747224684614,144,20,3746,2025-08-24|2025-08-25|2025-08-26|2025-08-27|2025-08-28|2025-08-29|2025-08-30|2025-08-31|2025-09-01|2025-09-02|2025-09-03|2025-09-04|2025-09-05|2025-09-06|2025-09-07|2025-09-08|2025-09-09|2025-09-10|2025-09-11|2025-09-12,2025-09-13 06:00,2025-09-13 06:00,7.958078640513122e-13,7.958078640513122e-13,0,True,Optimization terminated successfully. (HiGHS Status 7: Optimal),685,7.958078640513122e-13
2025-09-13,12,0.03351091600052314,17955.38553426316,144,20,3746,2025-08-24|2025-08-25|2025-08-26|2025-08-27|2025-08-28|2025-08-29|2025-08-30|2025-08-31|2025-09-01|2025-09-02|2025-09-03|2025-09-04|2025-09-05|2025-09-06|2025-09-07|2025-09-08|2025-09-09|2025-09-10|2025-09-11|2025-09-12,2025-09-13 12:00,2025-09-13 12:00,8.526512829121202e-13,7.958078640513122e-13,0,True,Optimization terminated successfully. (HiGHS Status 7: Optimal),761,7.958078640513122e-13
2025-09-13,18,0.03543783299937786,42400.33995438025,144,20,3746,2025-08-24|2025-08-25|2025-08-26|2025-08-27|2025-08-28|2025-08-29|2025-08-30|2025-08-31|2025-09-01|2025-09-02|2025-09-03|2025-09-04|2025-09-05|2025-09-06|2025-09-07|2025-09-08|2025-09-09|2025-09-10|2025-09-11|2025-09-12,2025-09-13 18:00,2025-09-13 18:00,9.094947017729282e-13,7.958078640513122e-13,0,True,Optimization terminated successfully. (HiGHS Status 7: Optimal),841,7.958078640513122e-13
2025-09-14,0,0.03479437500027416,3057.089754980657,144,20,3746,2025-08-25|2025-08-26|2025-08-27|2025-08-28|2025-08-29|2025-08-30|2025-08-31|2025-09-01|2025-09-02|2025-09-03|2025-09-04|2025-09-05|2025-09-06|2025-09-07|2025-09-08|2025-09-09|2025-09-10|2025-09-11|2025-09-12|2025-09-13,2025-09-14 00:00,2025-09-14 00:00,9.094947017729282e-13,2.2737367544323206e-13,0,True,Optimization terminated successfully. (HiGHS Status 7: Optimal),718,2.8421709430404007e-13
2025-09-14,6,0.031882833000054234,8988.33590959884,144,20,3746,2025-08-25|2025-08-26|2025-08-27|2025-08-28|2025-08-29|2025-08-30|2025-08-31|2025-09-01|2025-09-02|2025-09-03|2025-09-04|2025-09-05|2025-09-06|2025-09-07|2025-09-08|2025-09-09|2025-09-10|2025-09-11|2025-09-12|2025-09-13,2025-09-14 06:00,2025-09-14 06:00,8.57980353430321e-13,1.1368683772161603e-13,0,True,Optimization terminated successfully. (HiGHS Status 7: Optimal),782,0.0
2025-09-14,12,0.03354395899987139,14479.852522555768,144,20,3746,2025-08-25|2025-08-26|2025-08-27|2025-08-28|2025-08-29|2025-08-30|2025-08-31|2025-09-01|2025-09-02|2025-09-03|2025-09-04|2025-09-05|2025-09-06|2025-09-07|2025-09-08|2025-09-09|2025-09-10|2025-09-11|2025-09-12|2025-09-13,2025-09-14 12:00,2025-09-14 12:00,8.952838470577262e-13,1.1368683772161603e-13,0,True,Optimization terminated successfully. (HiGHS Status 7: Optimal),833,0.0
2025-09-14,18,0.03498645800027589,24585.430566233943,144,20,3746,2025-08-25|2025-08-26|2025-08-27|2025-08-28|2025-08-29|2025-08-30|2025-08-31|2025-09-01|2025-09-02|2025-09-03|2025-09-04|2025-09-05|2025-09-06|2025-09-07|2025-09-08|2025-09-09|2025-09-10|2025-09-11|2025-09-12|2025-09-13,2025-09-14 18:00,2025-09-14 18:00,9.094947017729282e-13,1.1368683772161603e-13,0,True,Optimization terminated successfully. (HiGHS Status 7: Optimal),848,0.0
2025-09-15,0,0.03344041699892841,2519.6480886207805,144,20,3746,2025-08-26|2025-08-27|2025-08-28|2025-08-29|2025-08-30|2025-08-31|2025-09-01|2025-09-02|2025-09-03|2025-09-04|2025-09-05|2025-09-06|2025-09-07|2025-09-08|2025-09-09|2025-09-10|2025-09-11|2025-09-12|2025-09-13|2025-09-14,2025-09-15 00:00,2025-09-15 00:00,9.094947017729282e-13,7.389644451905042e-13,0,True,Optimization terminated successfully. (HiGHS Status 7: Optimal),671,7.389644451905042e-13
2025-09-15,6,0.03386112499902083,11819.418907939791,144,20,3746,2025-08-26|2025-08-27|2025-08-28|2025-08-29|2025-08-30|2025-08-31|2025-09-01|2025-09-02|2025-09-03|2025-09-04|2025-09-05|2025-09-06|2025-09-07|2025-09-08|2025-09-09|2025-09-10|2025-09-11|2025-09-12|2025-09-13|2025-09-14,2025-09-15 06:00,2025-09-15 06:00,9.094947017729282e-13,1.1368683772161603e-13,0,True,Optimization terminated successfully. (HiGHS Status 7: Optimal),786,0.0
2025-09-15,12,0.0335684579986264,14466.962473302421,144,20,3746,2025-08-26|2025-08-27|2025-08-28|2025-08-29|2025-08-30|2025-08-31|2025-09-01|2025-09-02|2025-09-03|2025-09-04|2025-09-05|2025-09-06|2025-09-07|2025-09-08|2025-09-09|2025-09-10|2025-09-11|2025-09-12|2025-09-13|2025-09-14,2025-09-15 12:00,2025-09-15 12:00,9.094947017729282e-13,1.1368683772161603e-13,0,True,Optimization terminated successfully. (HiGHS Status 7: Optimal),824,0.0
2025-09-15,18,0.037469957998837344,31678.43041550576,144,20,3746,2025-08-26|2025-08-27|2025-08-28|2025-08-29|2025-08-30|2025-08-31|2025-09-01|2025-09-02|2025-09-03|2025-09-04|2025-09-05|2025-09-06|2025-09-07|2025-09-08|2025-09-09|2025-09-10|2025-09-11|2025-09-12|2025-09-13|2025-09-14,2025-09-15 18:00,2025-09-15 18:00,9.094947017729282e-13,1.1368683772161603e-13,0,True,Optimization terminated successfully. (HiGHS Status 7: Optimal),864,0.0
2025-09-16,0,0.033624957999563776,3247.2125048948687,144,20,3746,2025-08-27|2025-08-28|2025-08-29|2025-08-30|2025-08-31|2025-09-01|2025-09-02|2025-09-03|2025-09-04|2025-09-05|2025-09-06|2025-09-07|2025-09-08|2025-09-09|2025-09-10|2025-09-11|2025-09-12|2025-09-13|2025-09-14|2025-09-15,2025-09-16 00:00,2025-09-16 00:00,1.0231815394945443e-12,3.410605131648481e-13,0,True,Optimization terminated successfully. (HiGHS Status 7: Optimal),708,3.410605131648481e-13
2025-09-16,6,0.03298191700014286,10134.509534109538,144,20,3746,2025-08-27|2025-08-28|2025-08-29|2025-08-30|2025-08-31|2025-09-01|2025-09-02|2025-09-03|2025-09-04|2025-09-05|2025-09-06|2025-09-07|2025-09-08|2025-09-09|2025-09-10|2025-09-11|2025-09-12|2025-09-13|2025-09-14|2025-09-15,2025-09-16 06:00,2025-09-16 06:00,9.094947017729282e-13,5.684341886080802e-14,0,True,Optimization terminated successfully. (HiGHS Status 7: Optimal),825,1.1368683772161603e-13
2025-09-16,12,0.03384525000001304,14468.798524208707,144,20,3746,2025-08-27|2025-08-28|2025-08-29|2025-08-30|2025-08-31|2025-09-01|2025-09-02|2025-09-03|2025-09-04|2025-09-05|2025-09-06|2025-09-07|2025-09-08|2025-09-09|2025-09-10|2025-09-11|2025-09-12|2025-09-13|2025-09-14|2025-09-15,2025-09-16 12:00,2025-09-16 12:00,8.752998326144734e-13,1.1368683772161603e-13,0,True,Optimization terminated successfully. (HiGHS Status 7: Optimal),857,1.1368683772161603e-13
2025-09-16,18,0.03655008300120244,30099.960322040322,144,20,3746,2025-08-27|2025-08-28|2025-08-29|2025-08-30|2025-08-31|2025-09-01|2025-09-02|2025-09-03|2025-09-04|2025-09-05|2025-09-06|2025-09-07|2025-09-08|2025-09-09|2025-09-10|2025-09-11|2025-09-12|2025-09-13|2025-09-14|2025-09-15,2025-09-16 18:00,2025-09-16 18:00,7.958078640513122e-13,3.410605131648481e-13,0,True,Optimization terminated successfully. (HiGHS Status 7: Optimal),887,3.410605131648481e-13
2025-09-17,0,0.03466120899975067,3045.273379957941,144,20,3746,2025-08-28|2025-08-29|2025-08-30|2025-08-31|2025-09-01|2025-09-02|2025-09-03|2025-09-04|2025-09-05|2025-09-06|2025-09-07|2025-09-08|2025-09-09|2025-09-10|2025-09-11|2025-09-12|2025-09-13|2025-09-14|2025-09-15|2025-09-16,2025-09-17 00:00,2025-09-17 00:00,9.094947017729282e-13,9.094947017729282e-13,0,True,Optimization terminated successfully. (HiGHS Status 7: Optimal),700,8.526512829121202e-13
2025-09-17,6,0.03162949999932607,10906.453153293158,144,20,3746,2025-08-28|2025-08-29|2025-08-30|2025-08-31|2025-09-01|2025-09-02|2025-09-03|2025-09-04|2025-09-05|2025-09-06|2025-09-07|2025-09-08|2025-09-09|2025-09-10|2025-09-11|2025-09-12|2025-09-13|2025-09-14|2025-09-15|2025-09-16,2025-09-17 06:00,2025-09-17 06:00,9.094947017729282e-13,2.2737367544323206e-13,0,True,Optimization terminated successfully. (HiGHS Status 7: Optimal),766,2.2737367544323206e-13
2025-09-17,12,0.031793625001228065,25374.151471548805,144,20,3746,2025-08-28|2025-08-29|2025-08-30|2025-08-31|2025-09-01|2025-09-02|2025-09-03|2025-09-04|2025-09-05|2025-09-06|2025-09-07|2025-09-08|2025-09-09|2025-09-10|2025-09-11|2025-09-12|2025-09-13|2025-09-14|2025-09-15|2025-09-16,2025-09-17 12:00,2025-09-17 12:00,9.094947017729282e-13,1.1368683772161603e-13,0,True,Optimization terminated successfully. (HiGHS Status 7: Optimal),845,2.2737367544323206e-13
2025-09-17,18,0.034427832999426755,24108.889124613142,144,20,3746,2025-08-28|2025-08-29|2025-08-30|2025-08-31|2025-09-01|2025-09-02|2025-09-03|2025-09-04|2025-09-05|2025-09-06|2025-09-07|2025-09-08|2025-09-09|2025-09-10|2025-09-11|2025-09-12|2025-09-13|2025-09-14|2025-09-15|2025-09-16,2025-09-17 18:00,2025-09-17 18:00,9.094947017729282e-13,1.1368683772161603e-13,0,True,Optimization terminated successfully. (HiGHS Status 7: Optimal),838,2.2737367544323206e-13
2025-09-18,0,0.034448583000994404,2468.1630696649872,144,20,3746,2025-08-29|2025-08-30|2025-08-31|2025-09-01|2025-09-02|2025-09-03|2025-09-04|2025-09-05|2025-09-06|2025-09-07|2025-09-08|2025-09-09|2025-09-10|2025-09-11|2025-09-12|2025-09-13|2025-09-14|2025-09-15|2025-09-16|2025-09-17,2025-09-18 00:00,2025-09-18 00:00,8.810729923425242e-13,4.547473508864641e-13,0,True,Optimization terminated successfully. (HiGHS Status 7: Optimal),697,4.547473508864641e-13
2025-09-18,6,0.04366529099934269,15684.36589139,144,20,3746,2025-08-29|2025-08-30|2025-08-31|2025-09-01|2025-09-02|2025-09-03|2025-09-04|2025-09-05|2025-09-06|2025-09-07|2025-09-08|2025-09-09|2025-09-10|2025-09-11|2025-09-12|2025-09-13|2025-09-14|2025-09-15|2025-09-16|2025-09-17,2025-09-18 06:00,2025-09-18 06:00,9.094947017729282e-13,2.2737367544323206e-13,0,True,Optimization terminated successfully. (HiGHS Status 7: Optimal),1003,1.1368683772161603e-13
2025-09-18,12,0.030485833000057028,8584.32796343835,144,20,3746,2025-08-29|2025-08-30|2025-08-31|2025-09-01|2025-09-02|2025-09-03|2025-09-04|2025-09-05|2025-09-06|2025-09-07|2025-09-08|2025-09-09|2025-09-10|2025-09-11|2025-09-12|2025-09-13|2025-09-14|2025-09-15|2025-09-16|2025-09-17,2025-09-18 12:00,2025-09-18 12:00,9.094947017729282e-13,2.2737367544323206e-13,0,True,Optimization terminated successfully. (HiGHS Status 7: Optimal),769,1.1368683772161603e-13
2025-09-18,18,0.02867004200015799,9377.635946137456,144,20,3746,2025-08-29|2025-08-30|2025-08-31|2025-09-01|2025-09-02|2025-09-03|2025-09-04|2025-09-05|2025-09-06|2025-09-07|2025-09-08|2025-09-09|2025-09-10|2025-09-11|2025-09-12|2025-09-13|2025-09-14|2025-09-15|2025-09-16|2025-09-17,2025-09-18 18:00,2025-09-18 18:00,8.952838470577262e-13,4.547473508864641e-13,0,True,Optimization terminated successfully. (HiGHS Status 7: Optimal),671,4.547473508864641e-13
2025-09-19,0,0.02998533400023007,1616.5778793925708,144,20,3746,2025-08-30|2025-08-31|2025-09-01|2025-09-02|2025-09-03|2025-09-04|2025-09-05|2025-09-06|2025-09-07|2025-09-08|2025-09-09|2025-09-10|2025-09-11|2025-09-12|2025-09-13|2025-09-14|2025-09-15|2025-09-16|2025-09-17|2025-09-18,2025-09-19 00:00,2025-09-19 00:00,9.094947017729282e-13,1.1368683772161603e-13,0,True,Optimization terminated successfully. (HiGHS Status 7: Optimal),590,1.1368683772161603e-13
2025-09-19,6,0.03120816599948739,8831.58813544147,144,20,3746,2025-08-30|2025-08-31|2025-09-01|2025-09-02|2025-09-03|2025-09-04|2025-09-05|2025-09-06|2025-09-07|2025-09-08|2025-09-09|2025-09-10|2025-09-11|2025-09-12|2025-09-13|2025-09-14|2025-09-15|2025-09-16|2025-09-17|2025-09-18,2025-09-19 06:00,2025-09-19 06:00,9.094947017729282e-13,5.684341886080802e-14,0,True,Optimization terminated successfully. (HiGHS Status 7: Optimal),703,1.1368683772161603e-13
2025-09-19,12,0.028912917001434835,7614.239358849736,144,20,3746,2025-08-30|2025-08-31|2025-09-01|2025-09-02|2025-09-03|2025-09-04|2025-09-05|2025-09-06|2025-09-07|2025-09-08|2025-09-09|2025-09-10|2025-09-11|2025-09-12|2025-09-13|2025-09-14|2025-09-15|2025-09-16|2025-09-17|2025-09-18,2025-09-19 12:00,2025-09-19 12:00,8.526512829121202e-13,1.1368683772161603e-13,0,True,Optimization terminated successfully. (HiGHS Status 7: Optimal),657,1.1368683772161603e-13
2025-09-19,18,0.03074729199943249,8056.286232872603,144,20,3746,2025-08-30|2025-08-31|2025-09-01|2025-09-02|2025-09-03|2025-09-04|2025-09-05|2025-09-06|2025-09-07|2025-09-08|2025-09-09|2025-09-10|2025-09-11|2025-09-12|2025-09-13|2025-09-14|2025-09-15|2025-09-16|2025-09-17|2025-09-18,2025-09-19 18:00,2025-09-19 18:00,8.810729923425242e-13,1.1368683772161603e-13,0,True,Optimization terminated successfully. (HiGHS Status 7: Optimal),660,1.1368683772161603e-13
2025-09-20,0,0.030889833000401268,1339.1967274786139,144,20,3746,2025-08-31|2025-09-01|2025-09-02|2025-09-03|2025-09-04|2025-09-05|2025-09-06|2025-09-07|2025-09-08|2025-09-09|2025-09-10|2025-09-11|2025-09-12|2025-09-13|2025-09-14|2025-09-15|2025-09-16|2025-09-17|2025-09-18|2025-09-19,2025-09-20 00:00,2025-09-20 00:00,7.958078640513122e-13,1.2505552149377763e-12,0,True,Optimization terminated successfully. (HiGHS Status 7: Optimal),591,1.2505552149377763e-12
2025-09-20,6,0.030144875001496985,10750.633563298112,144,20,3746,2025-08-31|2025-09-01|2025-09-02|2025-09-03|2025-09-04|2025-09-05|2025-09-06|2025-09-07|2025-09-08|2025-09-09|2025-09-10|2025-09-11|2025-09-12|2025-09-13|2025-09-14|2025-09-15|2025-09-16|2025-09-17|2025-09-18|2025-09-19,2025-09-20 06:00,2025-09-20 06:00,9.094947017729282e-13,1.1368683772161603e-13,0,True,Optimization terminated successfully. (HiGHS Status 7: Optimal),682,5.684341886080802e-14
2025-09-20,12,0.03302220800105715,17929.118602912164,144,20,3746,2025-08-31|2025-09-01|2025-09-02|2025-09-03|2025-09-04|2025-09-05|2025-09-06|2025-09-07|2025-09-08|2025-09-09|2025-09-10|2025-09-11|2025-09-12|2025-09-13|2025-09-14|2025-09-15|2025-09-16|2025-09-17|2025-09-18|2025-09-19,2025-09-20 12:00,2025-09-20 12:00,9.094947017729282e-13,2.2737367544323206e-13,0,True,Optimization terminated successfully. (HiGHS Status 7: Optimal),775,5.684341886080802e-14
2025-09-20,18,0.03587275000063528,20055.156921542963,144,20,3746,2025-08-31|2025-09-01|2025-09-02|2025-09-03|2025-09-04|2025-09-05|2025-09-06|2025-09-07|2025-09-08|2025-09-09|2025-09-10|2025-09-11|2025-09-12|2025-09-13|2025-09-14|2025-09-15|2025-09-16|2025-09-17|2025-09-18|2025-09-19,2025-09-20 18:00,2025-09-20 18:00,9.094947017729282e-13,1.1368683772161603e-13,0,True,Optimization terminated successfully. (HiGHS Status 7: Optimal),774,5.684341886080802e-14
2025-09-21,0,0.03605037499983155,2344.199098696153,144,20,3746,2025-09-01|2025-09-02|2025-09-03|2025-09-04|2025-09-05|2025-09-06|2025-09-07|2025-09-08|2025-09-09|2025-09-10|2025-09-11|2025-09-12|2025-09-13|2025-09-14|2025-09-15|2025-09-16|2025-09-17|2025-09-18|2025-09-19|2025-09-20,2025-09-21 00:00,2025-09-21 00:00,8.86402062860725e-13,2.8421709430404007e-13,0,True,Optimization terminated successfully. (HiGHS Status 7: Optimal),743,2.8421709430404007e-13
2025-09-21,6,0.034551167000245187,10502.315301787121,144,20,3746,2025-09-01|2025-09-02|2025-09-03|2025-09-04|2025-09-05|2025-09-06|2025-09-07|2025-09-08|2025-09-09|2025-09-10|2025-09-11|2025-09-12|2025-09-13|2025-09-14|2025-09-15|2025-09-16|2025-09-17|2025-09-18|2025-09-19|2025-09-20,2025-09-21 06:00,2025-09-21 06:00,1.0231815394945443e-12,4.121147867408581e-13,0,True,Optimization terminated successfully. (HiGHS Status 7: Optimal),811,1.8189894035458565e-12
2025-09-21,12,0.033609874999456224,12898.978960316339,144,20,3746,2025-09-01|2025-09-02|2025-09-03|2025-09-04|2025-09-05|2025-09-06|2025-09-07|2025-09-08|2025-09-09|2025-09-10|2025-09-11|2025-09-12|2025-09-13|2025-09-14|2025-09-15|2025-09-16|2025-09-17|2025-09-18|2025-09-19|2025-09-20,2025-09-21 12:00,2025-09-21 12:00,1.0231815394945443e-12,2.2737367544323206e-13,0,True,Optimization terminated successfully. (HiGHS Status 7: Optimal),789,1.8189894035458565e-12
2025-09-21,18,0.03542158299933362,21381.265416895658,144,20,3746,2025-09-01|2025-09-02|2025-09-03|2025-09-04|2025-09-05|2025-09-06|2025-09-07|2025-09-08|2025-09-09|2025-09-10|2025-09-11|2025-09-12|2025-09-13|2025-09-14|2025-09-15|2025-09-16|2025-09-17|2025-09-18|2025-09-19|2025-09-20,2025-09-21 18:00,2025-09-21 18:00,9.094947017729282e-13,2.2737367544323206e-13,0,True,Optimization terminated successfully. (HiGHS Status 7: Optimal),793,2.2737367544323206e-13
2025-09-22,0,0.0361267919997772,2221.280696874046,144,20,3746,2025-09-02|2025-09-03|2025-09-04|2025-09-05|2025-09-06|2025-09-07|2025-09-08|2025-09-09|2025-09-10|2025-09-11|2025-09-12|2025-09-13|2025-09-14|2025-09-15|2025-09-16|2025-09-17|2025-09-18|2025-09-19|2025-09-20|2025-09-21,2025-09-22 00:00,2025-09-22 00:00,7.958078640513122e-13,2.2737367544323206e-13,0,True,Optimization terminated successfully. (HiGHS Status 7: Optimal),742,3.410605131648481e-13
2025-09-22,6,0.03252595899903099,8450.792311294712,144,20,3746,2025-09-02|2025-09-03|2025-09-04|2025-09-05|2025-09-06|2025-09-07|2025-09-08|2025-09-09|2025-09-10|2025-09-11|2025-09-12|2025-09-13|2025-09-14|2025-09-15|2025-09-16|2025-09-17|2025-09-18|2025-09-19|2025-09-20|2025-09-21,2025-09-22 06:00,2025-09-22 06:00,9.094947017729282e-13,2.2737367544323206e-13,0,True,Optimization terminated successfully. (HiGHS Status 7: Optimal),778,3.410605131648481e-13
2025-09-22,12,0.03299608300039836,16047.066759790407,144,20,3746,2025-09-02|2025-09-03|2025-09-04|2025-09-05|2025-09-06|2025-09-07|2025-09-08|2025-09-09|2025-09-10|2025-09-11|2025-09-12|2025-09-13|2025-09-14|2025-09-15|2025-09-16|2025-09-17|2025-09-18|2025-09-19|2025-09-20|2025-09-21,2025-09-22 12:00,2025-09-22 12:00,9.094947017729282e-13,2.2737367544323206e-13,0,True,Optimization terminated successfully. (HiGHS Status 7: Optimal),839,3.410605131648481e-13
2025-09-22,18,0.03704279199882876,24764.056580806562,144,20,3746,2025-09-02|2025-09-03|2025-09-04|2025-09-05|2025-09-06|2025-09-07|2025-09-08|2025-09-09|2025-09-10|2025-09-11|2025-09-12|2025-09-13|2025-09-14|2025-09-15|2025-09-16|2025-09-17|2025-09-18|2025-09-19|2025-09-20|2025-09-21,2025-09-22 18:00,2025-09-22 18:00,9.094947017729282e-13,2.2737367544323206e-13,0,True,Optimization terminated successfully. (HiGHS Status 7: Optimal),822,3.410605131648481e-13
2025-09-23,0,0.03289637499983655,2548.9464987283773,144,20,3746,2025-09-03|2025-09-04|2025-09-05|2025-09-06|2025-09-07|2025-09-08|2025-09-09|2025-09-10|2025-09-11|2025-09-12|2025-09-13|2025-09-14|2025-09-15|2025-09-16|2025-09-17|2025-09-18|2025-09-19|2025-09-20|2025-09-21|2025-09-22,2025-09-23 00:00,2025-09-23 00:00,8.846257060213247e-13,7.958078640513122e-13,0,True,Optimization terminated successfully. (HiGHS Status 7: Optimal),742,7.958078640513122e-13
2025-09-23,6,0.03238470799988136,10114.919127306059,144,20,3746,2025-09-03|2025-09-04|2025-09-05|2025-09-06|2025-09-07|2025-09-08|2025-09-09|2025-09-10|2025-09-11|2025-09-12|2025-09-13|2025-09-14|2025-09-15|2025-09-16|2025-09-17|2025-09-18|2025-09-19|2025-09-20|2025-09-21|2025-09-22,2025-09-23 06:00,2025-09-23 06:00,8.810729923425242e-13,7.958078640513122e-13,0,True,Optimization terminated successfully. (HiGHS Status 7: Optimal),779,7.958078640513122e-13
2025-09-23,12,0.03384262500003388,17412.81826897952,144,20,3746,2025-09-03|2025-09-04|2025-09-05|2025-09-06|2025-09-07|2025-09-08|2025-09-09|2025-09-10|2025-09-11|2025-09-12|2025-09-13|2025-09-14|2025-09-15|2025-09-16|2025-09-17|2025-09-18|2025-09-19|2025-09-20|2025-09-21|2025-09-22,2025-09-23 12:00,2025-09-23 12:00,9.094947017729282e-13,7.958078640513122e-13,0,True,Optimization terminated successfully. (HiGHS Status 7: Optimal),833,7.958078640513122e-13
2025-09-23,18,0.03582708300018567,26124.269128237673,144,20,3746,2025-09-03|2025-09-04|2025-09-05|2025-09-06|2025-09-07|2025-09-08|2025-09-09|2025-09-10|2025-09-11|2025-09-12|2025-09-13|2025-09-14|2025-09-15|2025-09-16|2025-09-17|2025-09-18|2025-09-19|2025-09-20|2025-09-21|2025-09-22,2025-09-23 18:00,2025-09-23 18:00,9.094947017729282e-13,7.958078640513122e-13,0,True,Optimization terminated successfully. (HiGHS Status 7: Optimal),858,7.958078640513122e-13
2025-09-24,0,0.03551083400088828,2168.0643256442286,144,20,3746,2025-09-04|2025-09-05|2025-09-06|2025-09-07|2025-09-08|2025-09-09|2025-09-10|2025-09-11|2025-09-12|2025-09-13|2025-09-14|2025-09-15|2025-09-16|2025-09-17|2025-09-18|2025-09-19|2025-09-20|2025-09-21|2025-09-22|2025-09-23,2025-09-24 00:00,2025-09-24 00:00,7.958078640513122e-13,6.821210263296962e-13,0,True,Optimization terminated successfully. (HiGHS Status 7: Optimal),719,6.821210263296962e-13
2025-09-24,6,0.041291040999567485,12876.063142148509,144,20,3746,2025-09-04|2025-09-05|2025-09-06|2025-09-07|2025-09-08|2025-09-09|2025-09-10|2025-09-11|2025-09-12|2025-09-13|2025-09-14|2025-09-15|2025-09-16|2025-09-17|2025-09-18|2025-09-19|2025-09-20|2025-09-21|2025-09-22|2025-09-23,2025-09-24 06:00,2025-09-24 06:00,9.094947017729282e-13,1.1368683772161603e-13,0,True,Optimization terminated successfully. (HiGHS Status 7: Optimal),899,1.1368683772161603e-13
2025-09-24,12,0.03854420800053049,20735.701118116736,144,20,3746,2025-09-04|2025-09-05|2025-09-06|2025-09-07|2025-09-08|2025-09-09|2025-09-10|2025-09-11|2025-09-12|2025-09-13|2025-09-14|2025-09-15|2025-09-16|2025-09-17|2025-09-18|2025-09-19|2025-09-20|2025-09-21|2025-09-22|2025-09-23,2025-09-24 12:00,2025-09-24 12:00,9.094947017729282e-13,1.1368683772161603e-13,0,True,Optimization terminated successfully. (HiGHS Status 7: Optimal),935,0.0
2025-09-24,18,0.03647758300030546,30246.87102551295,144,20,3746,2025-09-04|2025-09-05|2025-09-06|2025-09-07|2025-09-08|2025-09-09|2025-09-10|2025-09-11|2025-09-12|2025-09-13|2025-09-14|2025-09-15|2025-09-16|2025-09-17|2025-09-18|2025-09-19|2025-09-20|2025-09-21|2025-09-22|2025-09-23,2025-09-24 18:00,2025-09-24 18:00,9.094947017729282e-13,2.2737367544323206e-13,0,True,Optimization terminated successfully. (HiGHS Status 7: Optimal),875,2.2737367544323206e-13
2025-09-25,0,0.037939458999971976,2446.6516590142023,144,20,3746,2025-09-05|2025-09-06|2025-09-07|2025-09-08|2025-09-09|2025-09-10|2025-09-11|2025-09-12|2025-09-13|2025-09-14|2025-09-15|2025-09-16|2025-09-17|2025-09-18|2025-09-19|2025-09-20|2025-09-21|2025-09-22|2025-09-23|2025-09-24,2025-09-25 00:00,2025-09-25 00:00,9.094947017729282e-13,6.821210263296962e-13,0,True,Optimization terminated successfully. (HiGHS Status 7: Optimal),733,6.963318810448982e-13
2025-09-25,6,0.04062966600031359,9514.573419562226,144,20,3746,2025-09-05|2025-09-06|2025-09-07|2025-09-08|2025-09-09|2025-09-10|2025-09-11|2025-09-12|2025-09-13|2025-09-14|2025-09-15|2025-09-16|2025-09-17|2025-09-18|2025-09-19|2025-09-20|2025-09-21|2025-09-22|2025-09-23|2025-09-24,2025-09-25 06:00,2025-09-25 06:00,9.094947017729282e-13,1.1368683772161603e-13,0,True,Optimization terminated successfully. (HiGHS Status 7: Optimal),900,1.1368683772161603e-13
2025-09-25,12,0.03458508299991081,18282.438763231272,144,20,3746,2025-09-05|2025-09-06|2025-09-07|2025-09-08|2025-09-09|2025-09-10|2025-09-11|2025-09-12|2025-09-13|2025-09-14|2025-09-15|2025-09-16|2025-09-17|2025-09-18|2025-09-19|2025-09-20|2025-09-21|2025-09-22|2025-09-23|2025-09-24,2025-09-25 12:00,2025-09-25 12:00,8.810729923425242e-13,1.1368683772161603e-13,0,True,Optimization terminated successfully. (HiGHS Status 7: Optimal),855,1.1368683772161603e-13
2025-09-25,18,0.029144374999305,7492.062981015471,144,20,3746,2025-09-05|2025-09-06|2025-09-07|2025-09-08|2025-09-09|2025-09-10|2025-09-11|2025-09-12|2025-09-13|2025-09-14|2025-09-15|2025-09-16|2025-09-17|2025-09-18|2025-09-19|2025-09-20|2025-09-21|2025-09-22|2025-09-23|2025-09-24,2025-09-25 18:00,2025-09-25 18:00,9.094947017729282e-13,2.2737367544323206e-13,0,True,Optimization terminated successfully. (HiGHS Status 7: Optimal),632,1.1368683772161603e-13
2025-09-26,0,0.035639375000755535,1534.2720108374388,144,20,3746,2025-09-06|2025-09-07|2025-09-08|2025-09-09|2025-09-10|2025-09-11|2025-09-12|2025-09-13|2025-09-14|2025-09-15|2025-09-16|2025-09-17|2025-09-18|2025-09-19|2025-09-20|2025-09-21|2025-09-22|2025-09-23|2025-09-24|2025-09-25,2025-09-26 00:00,2025-09-26 00:00,9.094947017729282e-13,1.1368683772161603e-13,0,True,Optimization terminated successfully. (HiGHS Status 7: Optimal),667,1.1368683772161603e-13
2025-09-26,6,0.029202333000284852,7680.291544949818,144,20,3746,2025-09-06|2025-09-07|2025-09-08|2025-09-09|2025-09-10|2025-09-11|2025-09-12|2025-09-13|2025-09-14|2025-09-15|2025-09-16|2025-09-17|2025-09-18|2025-09-19|2025-09-20|2025-09-21|2025-09-22|2025-09-23|2025-09-24|2025-09-25,2025-09-26 06:00,2025-09-26 06:00,9.094947017729282e-13,1.1368683772161603e-13,0,True,Optimization terminated successfully. (HiGHS Status 7: Optimal),608,1.1368683772161603e-13
2025-09-26,12,0.03052449999995588,7480.01594509521,144,20,3746,2025-09-06|2025-09-07|2025-09-08|2025-09-09|2025-09-10|2025-09-11|2025-09-12|2025-09-13|2025-09-14|2025-09-15|2025-09-16|2025-09-17|2025-09-18|2025-09-19|2025-09-20|2025-09-21|2025-09-22|2025-09-23|2025-09-24|2025-09-25,2025-09-26 12:00,2025-09-26 12:00,9.094947017729282e-13,2.2737367544323206e-13,0,True,Optimization terminated successfully. (HiGHS Status 7: Optimal),634,1.1368683772161603e-13
2025-09-26,18,0.030324792000101297,7339.0316401524,144,20,3746,2025-09-06|2025-09-07|2025-09-08|2025-09-09|2025-09-10|2025-09-11|2025-09-12|2025-09-13|2025-09-14|2025-09-15|2025-09-16|2025-09-17|2025-09-18|2025-09-19|2025-09-20|2025-09-21|2025-09-22|2025-09-23|2025-09-24|2025-09-25,2025-09-26 18:00,2025-09-26 18:00,9.094947017729282e-13,0.0,0,True,Optimization terminated successfully. (HiGHS Status 7: Optimal),611,1.1368683772161603e-13
2025-09-27,0,0.030955958000049577,1102.6547118795818,144,20,3746,2025-09-07|2025-09-08|2025-09-09|2025-09-10|2025-09-11|2025-09-12|2025-09-13|2025-09-14|2025-09-15|2025-09-16|2025-09-17|2025-09-18|2025-09-19|2025-09-20|2025-09-21|2025-09-22|2025-09-23|2025-09-24|2025-09-25|2025-09-26,2025-09-27 00:00,2025-09-27 00:00,8.810729923425242e-13,0.0,0,True,Optimization terminated successfully. (HiGHS Status 7: Optimal),581,5.684341886080802e-14
2025-09-27,6,0.033548583000083454,11516.629546077767,144,20,3746,2025-09-07|2025-09-08|2025-09-09|2025-09-10|2025-09-11|2025-09-12|2025-09-13|2025-09-14|2025-09-15|2025-09-16|2025-09-17|2025-09-18|2025-09-19|2025-09-20|2025-09-21|2025-09-22|2025-09-23|2025-09-24|2025-09-25|2025-09-26,2025-09-27 06:00,2025-09-27 06:00,8.952838470577262e-13,2.2737367544323206e-13,0,True,Optimization terminated successfully. (HiGHS Status 7: Optimal),730,5.684341886080802e-14
2025-09-27,12,0.03620783400037908,19259.660907909267,144,20,3746,2025-09-07|2025-09-08|2025-09-09|2025-09-10|2025-09-11|2025-09-12|2025-09-13|2025-09-14|2025-09-15|2025-09-16|2025-09-17|2025-09-18|2025-09-19|2025-09-20|2025-09-21|2025-09-22|2025-09-23|2025-09-24|2025-09-25|2025-09-26,2025-09-27 12:00,2025-09-27 12:00,8.526512829121202e-13,5.684341886080802e-14,0,True,Optimization terminated successfully. (HiGHS Status 7: Optimal),814,5.684341886080802e-14
2025-09-27,18,0.03390279199993529,21307.749969890458,144,20,3746,2025-09-07|2025-09-08|2025-09-09|2025-09-10|2025-09-11|2025-09-12|2025-09-13|2025-09-14|2025-09-15|2025-09-16|2025-09-17|2025-09-18|2025-09-19|2025-09-20|2025-09-21|2025-09-22|2025-09-23|2025-09-24|2025-09-25|2025-09-26,2025-09-27 18:00,2025-09-27 18:00,7.958078640513122e-13,1.1368683772161603e-13,0,True,Optimization terminated successfully. (HiGHS Status 7: Optimal),813,5.684341886080802e-14
2025-09-28,0,0.03503850000015518,2508.4641855280465,144,20,3746,2025-09-08|2025-09-09|2025-09-10|2025-09-11|2025-09-12|2025-09-13|2025-09-14|2025-09-15|2025-09-16|2025-09-17|2025-09-18|2025-09-19|2025-09-20|2025-09-21|2025-09-22|2025-09-23|2025-09-24|2025-09-25|2025-09-26|2025-09-27,2025-09-28 00:00,2025-09-28 00:00,9.094947017729282e-13,2.2737367544323206e-13,0,True,Optimization terminated successfully. (HiGHS Status 7: Optimal),750,2.2737367544323206e-13
2025-09-28,6,0.04134725000039907,14932.021040926713,144,20,3746,2025-09-08|2025-09-09|2025-09-10|2025-09-11|2025-09-12|2025-09-13|2025-09-14|2025-09-15|2025-09-16|2025-09-17|2025-09-18|2025-09-19|2025-09-20|2025-09-21|2025-09-22|2025-09-23|2025-09-24|2025-09-25|2025-09-26|2025-09-27,2025-09-28 06:00,2025-09-28 06:00,9.094947017729282e-13,2.2737367544323206e-13,0,True,Optimization terminated successfully. (HiGHS Status 7: Optimal),1000,2.2737367544323206e-13
2025-09-28,12,0.03519679099917994,18342.928556837385,144,20,3746,2025-09-08|2025-09-09|2025-09-10|2025-09-11|2025-09-12|2025-09-13|2025-09-14|2025-09-15|2025-09-16|2025-09-17|2025-09-18|2025-09-19|2025-09-20|2025-09-21|2025-09-22|2025-09-23|2025-09-24|2025-09-25|2025-09-26|2025-09-27,2025-09-28 12:00,2025-09-28 12:00,7.531752999057062e-13,2.2737367544323206e-13,0,True,Optimization terminated successfully. (HiGHS Status 7: Optimal),891,2.2737367544323206e-13
2025-09-28,18,0.036398917000042275,26157.511730154147,144,20,3746,2025-09-08|2025-09-09|2025-09-10|2025-09-11|2025-09-12|2025-09-13|2025-09-14|2025-09-15|2025-09-16|2025-09-17|2025-09-18|2025-09-19|2025-09-20|2025-09-21|2025-09-22|2025-09-23|2025-09-24|2025-09-25|2025-09-26|2025-09-27,2025-09-28 18:00,2025-09-28 18:00,7.815970093361102e-13,2.2737367544323206e-13,0,True,Optimization terminated successfully. (HiGHS Status 7: Optimal),843,2.2737367544323206e-13
2025-09-29,0,0.03666012500070792,2599.473649370453,144,20,3746,2025-09-09|2025-09-10|2025-09-11|2025-09-12|2025-09-13|2025-09-14|2025-09-15|2025-09-16|2025-09-17|2025-09-18|2025-09-19|2025-09-20|2025-09-21|2025-09-22|2025-09-23|2025-09-24|2025-09-25|2025-09-26|2025-09-27|2025-09-28,2025-09-29 00:00,2025-09-29 00:00,7.958078640513122e-13,3.979039320256561e-13,0,True,Optimization terminated successfully. (HiGHS Status 7: Optimal),745,3.979039320256561e-13
2025-09-29,6,0.032587334000709234,8107.3778561683075,144,20,3746,2025-09-09|2025-09-10|2025-09-11|2025-09-12|2025-09-13|2025-09-14|2025-09-15|2025-09-16|2025-09-17|2025-09-18|2025-09-19|2025-09-20|2025-09-21|2025-09-22|2025-09-23|2025-09-24|2025-09-25|2025-09-26|2025-09-27|2025-09-28,2025-09-29 06:00,2025-09-29 06:00,8.526512829121202e-13,2.2737367544323206e-13,0,True,Optimization terminated successfully. (HiGHS Status 7: Optimal),780,2.2737367544323206e-13
2025-09-29,12,0.034167375000834,15573.90560769492,144,20,3746,2025-09-09|2025-09-10|2025-09-11|2025-09-12|2025-09-13|2025-09-14|2025-09-15|2025-09-16|2025-09-17|2025-09-18|2025-09-19|2025-09-20|2025-09-21|2025-09-22|2025-09-23|2025-09-24|2025-09-25|2025-09-26|2025-09-27|2025-09-28,2025-09-29 12:00,2025-09-29 12:00,9.094947017729282e-13,2.2737367544323206e-13,0,True,Optimization terminated successfully. (HiGHS Status 7: Optimal),841,2.2737367544323206e-13
2025-09-29,18,0.034435166999173816,27396.379145285402,144,20,3746,2025-09-09|2025-09-10|2025-09-11|2025-09-12|2025-09-13|2025-09-14|2025-09-15|2025-09-16|2025-09-17|2025-09-18|2025-09-19|2025-09-20|2025-09-21|2025-09-22|2025-09-23|2025-09-24|2025-09-25|2025-09-26|2025-09-27|2025-09-28,2025-09-29 18:00,2025-09-29 18:00,1.0231815394945443e-12,2.2737367544323206e-13,0,True,Optimization terminated successfully. (HiGHS Status 7: Optimal),838,2.2737367544323206e-13
2025-09-30,0,0.03536708300089231,2808.8405036156614,144,20,3746,2025-09-10|2025-09-11|2025-09-12|2025-09-13|2025-09-14|2025-09-15|2025-09-16|2025-09-17|2025-09-18|2025-09-19|2025-09-20|2025-09-21|2025-09-22|2025-09-23|2025-09-24|2025-09-25|2025-09-26|2025-09-27|2025-09-28|2025-09-29,2025-09-30 00:00,2025-09-30 00:00,9.094947017729282e-13,1.1368683772161603e-12,0,True,Optimization terminated successfully. (HiGHS Status 7: Optimal),738,1.1368683772161603e-12
2025-09-30,6,0.03555154199966637,11428.502652853964,144,20,3746,2025-09-10|2025-09-11|2025-09-12|2025-09-13|2025-09-14|2025-09-15|2025-09-16|2025-09-17|2025-09-18|2025-09-19|2025-09-20|2025-09-21|2025-09-22|2025-09-23|2025-09-24|2025-09-25|2025-09-26|2025-09-27|2025-09-28|2025-09-29,2025-09-30 06:00,2025-09-30 06:00,8.526512829121202e-13,1.1368683772161603e-12,0,True,Optimization terminated successfully. (HiGHS Status 7: Optimal),877,1.1368683772161603e-12
2025-09-30,12,0.03428520799934631,16772.121432761494,144,20,3746,2025-09-10|2025-09-11|2025-09-12|2025-09-13|2025-09-14|2025-09-15|2025-09-16|2025-09-17|2025-09-18|2025-09-19|2025-09-20|2025-09-21|2025-09-22|2025-09-23|2025-09-24|2025-09-25|2025-09-26|2025-09-27|2025-09-28|2025-09-29,2025-09-30 12:00,2025-09-30 12:00,9.094947017729282e-13,1.1368683772161603e-12,0,True,Optimization terminated successfully. (HiGHS Status 7: Optimal),842,1.1368683772161603e-12
2025-09-30,18,0.03452958299931197,22535.375922534135,144,20,3746,2025-09-10|2025-09-11|2025-09-12|2025-09-13|2025-09-14|2025-09-15|2025-09-16|2025-09-17|2025-09-18|2025-09-19|2025-09-20|2025-09-21|2025-09-22|2025-09-23|2025-09-24|2025-09-25|2025-09-26|2025-09-27|2025-09-28|2025-09-29,2025-09-30 18:00,2025-09-30 18:00,9.094947017729282e-13,1.1368683772161603e-12,0,True,Optimization terminated successfully. (HiGHS Status 7: Optimal),811,1.1368683772161603e-12
2025-10-01,0,0.03484554199894774,2649.0901048187698,144,20,3746,2025-09-11|2025-09-12|2025-09-13|2025-09-14|2025-09-15|2025-09-16|2025-09-17|2025-09-18|2025-09-19|2025-09-20|2025-09-21|2025-09-22|2025-09-23|2025-09-24|2025-09-25|2025-09-26|2025-09-27|2025-09-28|2025-09-29|2025-09-30,2025-10-01 00:00,2025-10-01 00:00,9.094947017729282e-13,1.1368683772161603e-13,0,True,Optimization terminated successfully. (HiGHS Status 7: Optimal),724,1.1368683772161603e-13
2025-10-01,6,0.03401320900047722,10615.342368645297,144,20,3746,2025-09-11|2025-09-12|2025-09-13|2025-09-14|2025-09-15|2025-09-16|2025-09-17|2025-09-18|2025-09-19|2025-09-20|2025-09-21|2025-09-22|2025-09-23|2025-09-24|2025-09-25|2025-09-26|2025-09-27|2025-09-28|2025-09-29|2025-09-30,2025-10-01 06:00,2025-10-01 06:00,8.633094239485217e-13,1.1368683772161603e-13,0,True,Optimization terminated successfully. (HiGHS Status 7: Optimal),805,1.1368683772161603e-13
2025-10-01,12,0.0343504579996079,14755.833657689704,144,20,3746,2025-09-11|2025-09-12|2025-09-13|2025-09-14|2025-09-15|2025-09-16|2025-09-17|2025-09-18|2025-09-19|2025-09-20|2025-09-21|2025-09-22|2025-09-23|2025-09-24|2025-09-25|2025-09-26|2025-09-27|2025-09-28|2025-09-29|2025-09-30,2025-10-01 12:00,2025-10-01 12:00,9.094947017729282e-13,1.1368683772161603e-13,0,True,Optimization terminated successfully. (HiGHS Status 7: Optimal),848,1.1368683772161603e-13
2025-10-01,18,0.033186374999786494,23313.447046008176,144,20,3746,2025-09-11|2025-09-12|2025-09-13|2025-09-14|2025-09-15|2025-09-16|2025-09-17|2025-09-18|2025-09-19|2025-09-20|2025-09-21|2025-09-22|2025-09-23|2025-09-24|2025-09-25|2025-09-26|2025-09-27|2025-09-28|2025-09-29|2025-09-30,2025-10-01 18:00,2025-10-01 18:00,9.094947017729282e-13,1.1368683772161603e-13,0,True,Optimization terminated successfully. (HiGHS Status 7: Optimal),803,1.1368683772161603e-13
2025-10-02,0,0.03530250000039814,3031.8305422914186,144,20,3746,2025-09-12|2025-09-13|2025-09-14|2025-09-15|2025-09-16|2025-09-17|2025-09-18|2025-09-19|2025-09-20|2025-09-21|2025-09-22|2025-09-23|2025-09-24|2025-09-25|2025-09-26|2025-09-27|2025-09-28|2025-09-29|2025-09-30|2025-10-01,2025-10-02 00:00,2025-10-02 00:00,7.602807272633072e-13,3.410605131648481e-13,0,True,Optimization terminated successfully. (HiGHS Status 7: Optimal),742,3.410605131648481e-13
2025-10-02,6,0.03246354099974269,5172.662988491435,144,20,3746,2025-09-12|2025-09-13|2025-09-14|2025-09-15|2025-09-16|2025-09-17|2025-09-18|2025-09-19|2025-09-20|2025-09-21|2025-09-22|2025-09-23|2025-09-24|2025-09-25|2025-09-26|2025-09-27|2025-09-28|2025-09-29|2025-09-30|2025-10-01,2025-10-02 06:00,2025-10-02 06:00,9.094947017729282e-13,1.1368683772161603e-13,0,True,Optimization terminated successfully. (HiGHS Status 7: Optimal),762,1.1368683772161603e-13
2025-10-02,12,0.028897332998894854,5480.5693656368885,144,20,3746,2025-09-12|2025-09-13|2025-09-14|2025-09-15|2025-09-16|2025-09-17|2025-09-18|2025-09-19|2025-09-20|2025-09-21|2025-09-22|2025-09-23|2025-09-24|2025-09-25|2025-09-26|2025-09-27|2025-09-28|2025-09-29|2025-09-30|2025-10-01,2025-10-02 12:00,2025-10-02 12:00,8.526512829121202e-13,1.1368683772161603e-13,0,True,Optimization terminated successfully. (HiGHS Status 7: Optimal),688,1.1368683772161603e-13
2025-10-02,18,0.02968279200104007,8476.375371625218,144,20,3746,2025-09-12|2025-09-13|2025-09-14|2025-09-15|2025-09-16|2025-09-17|2025-09-18|2025-09-19|2025-09-20|2025-09-21|2025-09-22|2025-09-23|2025-09-24|2025-09-25|2025-09-26|2025-09-27|2025-09-28|2025-09-29|2025-09-30|2025-10-01,2025-10-02 18:00,2025-10-02 18:00,9.663381206337363e-13,5.684341886080802e-14,0,True,Optimization terminated successfully. (HiGHS Status 7: Optimal),697,1.1368683772161603e-13
2025-10-03,0,0.10529400000086753,1132.2619246214238,144,20,3746,2025-09-13|2025-09-14|2025-09-15|2025-09-16|2025-09-17|2025-09-18|2025-09-19|2025-09-20|2025-09-21|2025-09-22|2025-09-23|2025-09-24|2025-09-25|2025-09-26|2025-09-27|2025-09-28|2025-09-29|2025-09-30|2025-10-01|2025-10-02,2025-10-03 00:00,2025-10-03 00:00,8.526512829121202e-13,5.684341886080802e-14,0,True,Optimization terminated successfully. (HiGHS Status 7: Optimal),578,1.1368683772161603e-13
2025-10-03,6,0.03977520800071943,8226.529794330521,144,20,3746,2025-09-13|2025-09-14|2025-09-15|2025-09-16|2025-09-17|2025-09-18|2025-09-19|2025-09-20|2025-09-21|2025-09-22|2025-09-23|2025-09-24|2025-09-25|2025-09-26|2025-09-27|2025-09-28|2025-09-29|2025-09-30|2025-10-01|2025-10-02,2025-10-03 06:00,2025-10-03 06:00,8.526512829121202e-13,5.684341886080802e-14,0,True,Optimization terminated successfully. (HiGHS Status 7: Optimal),670,1.1368683772161603e-13
2025-10-03,12,0.031675291998908506,8644.368218252384,144,20,3746,2025-09-13|2025-09-14|2025-09-15|2025-09-16|2025-09-17|2025-09-18|2025-09-19|2025-09-20|2025-09-21|2025-09-22|2025-09-23|2025-09-24|2025-09-25|2025-09-26|2025-09-27|2025-09-28|2025-09-29|2025-09-30|2025-10-01|2025-10-02,2025-10-03 12:00,2025-10-03 12:00,8.810729923425242e-13,5.684341886080802e-14,0,True,Optimization terminated successfully. (HiGHS Status 7: Optimal),688,1.1368683772161603e-13
2025-10-03,18,0.030015457999979844,7488.876911878922,144,20,3746,2025-09-13|2025-09-14|2025-09-15|2025-09-16|2025-09-17|2025-09-18|2025-09-19|2025-09-20|2025-09-21|2025-09-22|2025-09-23|2025-09-24|2025-09-25|2025-09-26|2025-09-27|2025-09-28|2025-09-29|2025-09-30|2025-10-01|2025-10-02,2025-10-03 18:00,2025-10-03 18:00,8.526512829121202e-13,1.1368683772161603e-13,0,True,Optimization terminated successfully. (HiGHS Status 7: Optimal),599,1.1368683772161603e-13
2025-10-04,0,0.038996917000986286,2000.3168607543976,144,20,3746,2025-09-14|2025-09-15|2025-09-16|2025-09-17|2025-09-18|2025-09-19|2025-09-20|2025-09-21|2025-09-22|2025-09-23|2025-09-24|2025-09-25|2025-09-26|2025-09-27|2025-09-28|2025-09-29|2025-09-30|2025-10-01|2025-10-02|2025-10-03,2025-10-04 00:00,2025-10-04 00:00,9.094947017729282e-13,1.1368683772161603e-13,0,True,Optimization terminated successfully. (HiGHS Status 7: Optimal),742,1.7053025658242404e-13
2025-10-04,6,0.0299038749999454,10393.388765317497,144,20,3746,2025-09-14|2025-09-15|2025-09-16|2025-09-17|2025-09-18|2025-09-19|2025-09-20|2025-09-21|2025-09-22|2025-09-23|2025-09-24|2025-09-25|2025-09-26|2025-09-27|2025-09-28|2025-09-29|2025-09-30|2025-10-01|2025-10-02|2025-10-03,2025-10-04 06:00,2025-10-04 06:00,6.821210263296962e-13,1.1368683772161603e-13,0,True,Optimization terminated successfully. (HiGHS Status 7: Optimal),610,1.7053025658242404e-13
2025-10-04,12,0.03283016699970176,25606.9121943562,144,20,3746,2025-09-14|2025-09-15|2025-09-16|2025-09-17|2025-09-18|2025-09-19|2025-09-20|2025-09-21|2025-09-22|2025-09-23|2025-09-24|2025-09-25|2025-09-26|2025-09-27|2025-09-28|2025-09-29|2025-09-30|2025-10-01|2025-10-02|2025-10-03,2025-10-04 12:00,2025-10-04 12:00,1.0231815394945443e-12,2.2737367544323206e-13,0,True,Optimization terminated successfully. (HiGHS Status 7: Optimal),761,1.7053025658242404e-13
2025-10-04,18,0.0355083750000631,24866.446180022256,144,20,3746,2025-09-14|2025-09-15|2025-09-16|2025-09-17|2025-09-18|2025-09-19|2025-09-20|2025-09-21|2025-09-22|2025-09-23|2025-09-24|2025-09-25|2025-09-26|2025-09-27|2025-09-28|2025-09-29|2025-09-30|2025-10-01|2025-10-02|2025-10-03,2025-10-04 18:00,2025-10-04 18:00,8.810729923425242e-13,1.1368683772161603e-13,0,True,Optimization terminated successfully. (HiGHS Status 7: Optimal),814,1.7053025658242404e-13
2025-10-05,0,0.03604612500021176,2895.607358930844,144,20,3746,2025-09-15|2025-09-16|2025-09-17|2025-09-18|2025-09-19|2025-09-20|2025-09-21|2025-09-22|2025-09-23|2025-09-24|2025-09-25|2025-09-26|2025-09-27|2025-09-28|2025-09-29|2025-09-30|2025-10-01|2025-10-02|2025-10-03|2025-10-04,2025-10-05 00:00,2025-10-05 00:00,8.739675649849232e-13,2.8421709430404007e-13,0,True,Optimization terminated successfully. (HiGHS Status 7: Optimal),748,3.410605131648481e-13
2025-10-05,6,0.03334020799957216,8208.348540297715,144,20,3746,2025-09-15|2025-09-16|2025-09-17|2025-09-18|2025-09-19|2025-09-20|2025-09-21|2025-09-22|2025-09-23|2025-09-24|2025-09-25|2025-09-26|2025-09-27|2025-09-28|2025-09-29|2025-09-30|2025-10-01|2025-10-02|2025-10-03|2025-10-04,2025-10-05 06:00,2025-10-05 06:00,8.810729923425242e-13,2.2737367544323206e-13,0,True,Optimization terminated successfully. (HiGHS Status 7: Optimal),819,3.410605131648481e-13
2025-10-05,12,0.03445733300031861,20709.21158278345,144,20,3746,2025-09-15|2025-09-16|2025-09-17|2025-09-18|2025-09-19|2025-09-20|2025-09-21|2025-09-22|2025-09-23|2025-09-24|2025-09-25|2025-09-26|2025-09-27|2025-09-28|2025-09-29|2025-09-30|2025-10-01|2025-10-02|2025-10-03|2025-10-04,2025-10-05 12:00,2025-10-05 12:00,8.881784197001252e-13,2.2737367544323206e-13,0,True,Optimization terminated successfully. (HiGHS Status 7: Optimal),876,3.410605131648481e-13
2025-10-05,18,0.03602120899995498,32287.519208955826,144,20,3746,2025-09-15|2025-09-16|2025-09-17|2025-09-18|2025-09-19|2025-09-20|2025-09-21|2025-09-22|2025-09-23|2025-09-24|2025-09-25|2025-09-26|2025-09-27|2025-09-28|2025-09-29|2025-09-30|2025-10-01|2025-10-02|2025-10-03|2025-10-04,2025-10-05 18:00,2025-10-05 18:00,9.094947017729282e-13,2.2737367544323206e-13,0,True,Optimization terminated successfully. (HiGHS Status 7: Optimal),871,3.410605131648481e-13
2025-10-06,0,0.034668124999370775,2507.2326471649235,144,20,3746,2025-09-16|2025-09-17|2025-09-18|2025-09-19|2025-09-20|2025-09-21|2025-09-22|2025-09-23|2025-09-24|2025-09-25|2025-09-26|2025-09-27|2025-09-28|2025-09-29|2025-09-30|2025-10-01|2025-10-02|2025-10-03|2025-10-04|2025-10-05,2025-10-06 00:00,2025-10-06 00:00,7.958078640513122e-13,1.1368683772161603e-13,0,True,Optimization terminated successfully. (HiGHS Status 7: Optimal),718,1.1368683772161603e-13
2025-10-06,6,0.04048362499997893,13288.862326275861,144,20,3746,2025-09-16|2025-09-17|2025-09-18|2025-09-19|2025-09-20|2025-09-21|2025-09-22|2025-09-23|2025-09-24|2025-09-25|2025-09-26|2025-09-27|2025-09-28|2025-09-29|2025-09-30|2025-10-01|2025-10-02|2025-10-03|2025-10-04|2025-10-05,2025-10-06 06:00,2025-10-06 06:00,8.313350008393172e-13,1.1368683772161603e-13,0,True,Optimization terminated successfully. (HiGHS Status 7: Optimal),935,1.1368683772161603e-13
2025-10-06,12,0.0354669999996986,20425.15087096017,144,20,3746,2025-09-16|2025-09-17|2025-09-18|2025-09-19|2025-09-20|2025-09-21|2025-09-22|2025-09-23|2025-09-24|2025-09-25|2025-09-26|2025-09-27|2025-09-28|2025-09-29|2025-09-30|2025-10-01|2025-10-02|2025-10-03|2025-10-04|2025-10-05,2025-10-06 12:00,2025-10-06 12:00,9.094947017729282e-13,1.1368683772161603e-13,0,True,Optimization terminated successfully. (HiGHS Status 7: Optimal),881,1.1368683772161603e-13
2025-10-06,18,0.03498687499995867,23097.324176226837,144,20,3746,2025-09-16|2025-09-17|2025-09-18|2025-09-19|2025-09-20|2025-09-21|2025-09-22|2025-09-23|2025-09-24|2025-09-25|2025-09-26|2025-09-27|2025-09-28|2025-09-29|2025-09-30|2025-10-01|2025-10-02|2025-10-03|2025-10-04|2025-10-05,2025-10-06 18:00,2025-10-06 18:00,9.094947017729282e-13,1.1368683772161603e-13,0,True,Optimization terminated successfully. (HiGHS Status 7: Optimal),834,1.1368683772161603e-13
2025-10-07,0,0.03485945800093759,2952.9094207332073,144,20,3746,2025-09-17|2025-09-18|2025-09-19|2025-09-20|2025-09-21|2025-09-22|2025-09-23|2025-09-24|2025-09-25|2025-09-26|2025-09-27|2025-09-28|2025-09-29|2025-09-30|2025-10-01|2025-10-02|2025-10-03|2025-10-04|2025-10-05|2025-10-06,2025-10-07 00:00,2025-10-07 00:00,8.526512829121202e-13,6.252776074688882e-13,0,True,Optimization terminated successfully. (HiGHS Status 7: Optimal),723,6.252776074688882e-13
2025-10-07,6,0.03390229200158501,11105.818303254655,144,20,3746,2025-09-17|2025-09-18|2025-09-19|2025-09-20|2025-09-21|2025-09-22|2025-09-23|2025-09-24|2025-09-25|2025-09-26|2025-09-27|2025-09-28|2025-09-29|2025-09-30|2025-10-01|2025-10-02|2025-10-03|2025-10-04|2025-10-05|2025-10-06,2025-10-07 06:00,2025-10-07 06:00,9.094947017729282e-13,1.1368683772161603e-13,0,True,Optimization terminated successfully. (HiGHS Status 7: Optimal),819,2.2737367544323206e-13
2025-10-07,12,0.03627720799886447,22923.194971392382,144,20,3746,2025-09-17|2025-09-18|2025-09-19|2025-09-20|2025-09-21|2025-09-22|2025-09-23|2025-09-24|2025-09-25|2025-09-26|2025-09-27|2025-09-28|2025-09-29|2025-09-30|2025-10-01|2025-10-02|2025-10-03|2025-10-04|2025-10-05|2025-10-06,2025-10-07 12:00,2025-10-07 12:00,8.810729923425242e-13,1.1368683772161603e-13,0,True,Optimization terminated successfully. (HiGHS Status 7: Optimal),913,2.2737367544323206e-13
2025-10-07,18,0.03392145799989521,25904.799629304856,144,20,3746,2025-09-17|2025-09-18|2025-09-19|2025-09-20|2025-09-21|2025-09-22|2025-09-23|2025-09-24|2025-09-25|2025-09-26|2025-09-27|2025-09-28|2025-09-29|2025-09-30|2025-10-01|2025-10-02|2025-10-03|2025-10-04|2025-10-05|2025-10-06,2025-10-07 18:00,2025-10-07 18:00,7.958078640513122e-13,2.2737367544323206e-13,0,True,Optimization terminated successfully. (HiGHS Status 7: Optimal),848,2.2737367544323206e-13
2025-10-08,0,0.03489975000047707,2577.088330299293,144,20,3746,2025-09-18|2025-09-19|2025-09-20|2025-09-21|2025-09-22|2025-09-23|2025-09-24|2025-09-25|2025-09-26|2025-09-27|2025-09-28|2025-09-29|2025-09-30|2025-10-01|2025-10-02|2025-10-03|2025-10-04|2025-10-05|2025-10-06|2025-10-07,2025-10-08 00:00,2025-10-08 00:00,9.094947017729282e-13,1.0231815394945443e-12,0,True,Optimization terminated successfully. (HiGHS Status 7: Optimal),736,1.0231815394945443e-12
2025-10-08,6,0.03302549999898474,10493.0428154869,144,20,3746,2025-09-18|2025-09-19|2025-09-20|2025-09-21|2025-09-22|2025-09-23|2025-09-24|2025-09-25|2025-09-26|2025-09-27|2025-09-28|2025-09-29|2025-09-30|2025-10-01|2025-10-02|2025-10-03|2025-10-04|2025-10-05|2025-10-06|2025-10-07,2025-10-08 06:00,2025-10-08 06:00,7.389644451905042e-13,1.1368683772161603e-13,0,True,Optimization terminated successfully. (HiGHS Status 7: Optimal),760,1.1368683772161603e-13
2025-10-08,12,0.0337204589995963,14991.177857988927,144,20,3746,2025-09-18|2025-09-19|2025-09-20|2025-09-21|2025-09-22|2025-09-23|2025-09-24|2025-09-25|2025-09-26|2025-09-27|2025-09-28|2025-09-29|2025-09-30|2025-10-01|2025-10-02|2025-10-03|2025-10-04|2025-10-05|2025-10-06|2025-10-07,2025-10-08 12:00,2025-10-08 12:00,9.094947017729282e-13,1.1368683772161603e-13,0,True,Optimization terminated successfully. (HiGHS Status 7: Optimal),824,1.1368683772161603e-13
2025-10-08,18,0.03451291700002912,30919.63920461201,144,20,3746,2025-09-18|2025-09-19|2025-09-20|2025-09-21|2025-09-22|2025-09-23|2025-09-24|2025-09-25|2025-09-26|2025-09-27|2025-09-28|2025-09-29|2025-09-30|2025-10-01|2025-10-02|2025-10-03|2025-10-04|2025-10-05|2025-10-06|2025-10-07,2025-10-08 18:00,2025-10-08 18:00,9.094947017729282e-13,2.2737367544323206e-13,0,True,Optimization terminated successfully. (HiGHS Status 7: Optimal),833,1.1368683772161603e-13
2025-10-09,0,0.03591329200025939,3168.4899396955457,144,20,3746,2025-09-19|2025-09-20|2025-09-21|2025-09-22|2025-09-23|2025-09-24|2025-09-25|2025-09-26|2025-09-27|2025-09-28|2025-09-29|2025-09-30|2025-10-01|2025-10-02|2025-10-03|2025-10-04|2025-10-05|2025-10-06|2025-10-07|2025-10-08,2025-10-09 00:00,2025-10-09 00:00,1.0231815394945443e-12,1.1368683772161603e-13,0,True,Optimization terminated successfully. (HiGHS Status 7: Optimal),749,2.2737367544323206e-13
2025-10-09,6,0.033476082999186474,4401.013719040422,144,20,3746,2025-09-19|2025-09-20|2025-09-21|2025-09-22|2025-09-23|2025-09-24|2025-09-25|2025-09-26|2025-09-27|2025-09-28|2025-09-29|2025-09-30|2025-10-01|2025-10-02|2025-10-03|2025-10-04|2025-10-05|2025-10-06|2025-10-07|2025-10-08,2025-10-09 06:00,2025-10-09 06:00,9.094947017729282e-13,1.1368683772161603e-13,0,True,Optimization terminated successfully. (HiGHS Status 7: Optimal),763,1.1368683772161603e-13
2025-10-09,12,0.03266099999927974,6351.9502410264295,144,20,3746,2025-09-19|2025-09-20|2025-09-21|2025-09-22|2025-09-23|2025-09-24|2025-09-25|2025-09-26|2025-09-27|2025-09-28|2025-09-29|2025-09-30|2025-10-01|2025-10-02|2025-10-03|2025-10-04|2025-10-05|2025-10-06|2025-10-07|2025-10-08,2025-10-09 12:00,2025-10-09 12:00,9.094947017729282e-13,1.1368683772161603e-13,0,True,Optimization terminated successfully. (HiGHS Status 7: Optimal),712,1.1368683772161603e-13
2025-10-09,18,0.030404375000216532,7771.850701903617,144,20,3746,2025-09-19|2025-09-20|2025-09-21|2025-09-22|2025-09-23|2025-09-24|2025-09-25|2025-09-26|2025-09-27|2025-09-28|2025-09-29|2025-09-30|2025-10-01|2025-10-02|2025-10-03|2025-10-04|2025-10-05|2025-10-06|2025-10-07|2025-10-08,2025-10-09 18:00,2025-10-09 18:00,9.094947017729282e-13,1.1368683772161603e-13,0,True,Optimization terminated successfully. (HiGHS Status 7: Optimal),596,1.1368683772161603e-13
2025-10-10,0,0.030921083000066574,1174.846295023206,144,20,3746,2025-09-20|2025-09-21|2025-09-22|2025-09-23|2025-09-24|2025-09-25|2025-09-26|2025-09-27|2025-09-28|2025-09-29|2025-09-30|2025-10-01|2025-10-02|2025-10-03|2025-10-04|2025-10-05|2025-10-06|2025-10-07|2025-10-08|2025-10-09,2025-10-10 00:00,2025-10-10 00:00,8.526512829121202e-13,2.2737367544323206e-13,0,True,Optimization terminated successfully. (HiGHS Status 7: Optimal),625,3.410605131648481e-13
2025-10-10,6,0.031578459000229486,8002.838923644291,144,20,3746,2025-09-20|2025-09-21|2025-09-22|2025-09-23|2025-09-24|2025-09-25|2025-09-26|2025-09-27|2025-09-28|2025-09-29|2025-09-30|2025-10-01|2025-10-02|2025-10-03|2025-10-04|2025-10-05|2025-10-06|2025-10-07|2025-10-08|2025-10-09,2025-10-10 06:00,2025-10-10 06:00,8.810729923425242e-13,2.2737367544323206e-13,0,True,Optimization terminated successfully. (HiGHS Status 7: Optimal),639,3.410605131648481e-13
2025-10-10,12,0.03106166699944879,7651.5681834519055,144,20,3746,2025-09-20|2025-09-21|2025-09-22|2025-09-23|2025-09-24|2025-09-25|2025-09-26|2025-09-27|2025-09-28|2025-09-29|2025-09-30|2025-10-01|2025-10-02|2025-10-03|2025-10-04|2025-10-05|2025-10-06|2025-10-07|2025-10-08|2025-10-09,2025-10-10 12:00,2025-10-10 12:00,8.640865800657593e-13,2.2737367544323206e-13,0,True,Optimization terminated successfully. (HiGHS Status 7: Optimal),642,3.410605131648481e-13
2025-10-10,18,0.03154412500043691,8001.801433236051,144,20,3746,2025-09-20|2025-09-21|2025-09-22|2025-09-23|2025-09-24|2025-09-25|2025-09-26|2025-09-27|2025-09-28|2025-09-29|2025-09-30|2025-10-01|2025-10-02|2025-10-03|2025-10-04|2025-10-05|2025-10-06|2025-10-07|2025-10-08|2025-10-09,2025-10-10 18:00,2025-10-10 18:00,8.597567102697212e-13,2.2737367544323206e-13,0,True,Optimization terminated successfully. (HiGHS Status 7: Optimal),635,3.410605131648481e-13
2025-10-11,0,0.03199666599903139,1169.487945203713,144,20,3746,2025-09-21|2025-09-22|2025-09-23|2025-09-24|2025-09-25|2025-09-26|2025-09-27|2025-09-28|2025-09-29|2025-09-30|2025-10-01|2025-10-02|2025-10-03|2025-10-04|2025-10-05|2025-10-06|2025-10-07|2025-10-08|2025-10-09|2025-10-10,2025-10-11 00:00,2025-10-11 00:00,8.752998326144734e-13,1.1368683772161603e-13,0,True,Optimization terminated successfully. (HiGHS Status 7: Optimal),616,5.684341886080802e-14
2025-10-11,6,0.03074837500025751,10831.86414956638,144,20,3746,2025-09-21|2025-09-22|2025-09-23|2025-09-24|2025-09-25|2025-09-26|2025-09-27|2025-09-28|2025-09-29|2025-09-30|2025-10-01|2025-10-02|2025-10-03|2025-10-04|2025-10-05|2025-10-06|2025-10-07|2025-10-08|2025-10-09|2025-10-10,2025-10-11 06:00,2025-10-11 06:00,7.958078640513122e-13,1.1368683772161603e-13,0,True,Optimization terminated successfully. (HiGHS Status 7: Optimal),647,5.684341886080802e-14
2025-10-11,12,0.0330205410009512,20733.94049568995,144,20,3746,2025-09-21|2025-09-22|2025-09-23|2025-09-24|2025-09-25|2025-09-26|2025-09-27|2025-09-28|2025-09-29|2025-09-30|2025-10-01|2025-10-02|2025-10-03|2025-10-04|2025-10-05|2025-10-06|2025-10-07|2025-10-08|2025-10-09|2025-10-10,2025-10-11 12:00,2025-10-11 12:00,9.094947017729282e-13,5.684341886080802e-14,0,True,Optimization terminated successfully. (HiGHS Status 7: Optimal),783,5.684341886080802e-14
2025-10-11,18,0.03549525000016729,23019.90166187928,144,20,3746,2025-09-21|2025-09-22|2025-09-23|2025-09-24|2025-09-25|2025-09-26|2025-09-27|2025-09-28|2025-09-29|2025-09-30|2025-10-01|2025-10-02|2025-10-03|2025-10-04|2025-10-05|2025-10-06|2025-10-07|2025-10-08|2025-10-09|2025-10-10,2025-10-11 18:00,2025-10-11 18:00,9.094947017729282e-13,1.1368683772161603e-13,0,True,Optimization terminated successfully. (HiGHS Status 7: Optimal),808,5.684341886080802e-14
2025-10-12,0,0.035210125000958215,3021.0653125339545,144,20,3746,2025-09-22|2025-09-23|2025-09-24|2025-09-25|2025-09-26|2025-09-27|2025-09-28|2025-09-29|2025-09-30|2025-10-01|2025-10-02|2025-10-03|2025-10-04|2025-10-05|2025-10-06|2025-10-07|2025-10-08|2025-10-09|2025-10-10|2025-10-11,2025-10-12 00:00,2025-10-12 00:00,9.094947017729282e-13,2.2737367544323206e-13,0,True,Optimization terminated successfully. (HiGHS Status 7: Optimal),738,2.2737367544323206e-13
2025-10-12,6,0.03564725000069302,11494.631809405008,144,20,3746,2025-09-22|2025-09-23|2025-09-24|2025-09-25|2025-09-26|2025-09-27|2025-09-28|2025-09-29|2025-09-30|2025-10-01|2025-10-02|2025-10-03|2025-10-04|2025-10-05|2025-10-06|2025-10-07|2025-10-08|2025-10-09|2025-10-10|2025-10-11,2025-10-12 06:00,2025-10-12 06:00,8.633094239485217e-13,1.1368683772161603e-13,0,True,Optimization terminated successfully. (HiGHS Status 7: Optimal),836,1.1368683772161603e-13
2025-10-12,12,0.034517790998506825,15803.27765163054,144,20,3746,2025-09-22|2025-09-23|2025-09-24|2025-09-25|2025-09-26|2025-09-27|2025-09-28|2025-09-29|2025-09-30|2025-10-01|2025-10-02|2025-10-03|2025-10-04|2025-10-05|2025-10-06|2025-10-07|2025-10-08|2025-10-09|2025-10-10|2025-10-11,2025-10-12 12:00,2025-10-12 12:00,9.094947017729282e-13,1.1368683772161603e-13,0,True,Optimization terminated successfully. (HiGHS Status 7: Optimal),835,1.1368683772161603e-13
2025-10-12,18,0.036177957999825594,30239.219933134398,144,20,3746,2025-09-22|2025-09-23|2025-09-24|2025-09-25|2025-09-26|2025-09-27|2025-09-28|2025-09-29|2025-09-30|2025-10-01|2025-10-02|2025-10-03|2025-10-04|2025-10-05|2025-10-06|2025-10-07|2025-10-08|2025-10-09|2025-10-10|2025-10-11,2025-10-12 18:00,2025-10-12 18:00,9.094947017729282e-13,1.1368683772161603e-13,0,True,Optimization terminated successfully. (HiGHS Status 7: Optimal),861,1.1368683772161603e-13
2025-10-13,0,0.03565629100012302,3092.0997027803783,144,20,3746,2025-09-23|2025-09-24|2025-09-25|2025-09-26|2025-09-27|2025-09-28|2025-09-29|2025-09-30|2025-10-01|2025-10-02|2025-10-03|2025-10-04|2025-10-05|2025-10-06|2025-10-07|2025-10-08|2025-10-09|2025-10-10|2025-10-11|2025-10-12,2025-10-13 00:00,2025-10-13 00:00,9.094947017729282e-13,1.1368683772161603e-13,0,True,Optimization terminated successfully. (HiGHS Status 7: Optimal),750,1.1368683772161603e-13
2025-10-13,6,0.03545200000007753,10181.039184393474,144,20,3746,2025-09-23|2025-09-24|2025-09-25|2025-09-26|2025-09-27|2025-09-28|2025-09-29|2025-09-30|2025-10-01|2025-10-02|2025-10-03|2025-10-04|2025-10-05|2025-10-06|2025-10-07|2025-10-08|2025-10-09|2025-10-10|2025-10-11|2025-10-12,2025-10-13 06:00,2025-10-13 06:00,8.526512829121202e-13,1.1368683772161603e-13,0,True,Optimization terminated successfully. (HiGHS Status 7: Optimal),858,1.1368683772161603e-13
2025-10-13,12,0.034001542000623886,14845.30799995919,144,20,3746,2025-09-23|2025-09-24|2025-09-25|2025-09-26|2025-09-27|2025-09-28|2025-09-29|2025-09-30|2025-10-01|2025-10-02|2025-10-03|2025-10-04|2025-10-05|2025-10-06|2025-10-07|2025-10-08|2025-10-09|2025-10-10|2025-10-11|2025-10-12,2025-10-13 12:00,2025-10-13 12:00,9.094947017729282e-13,1.1368683772161603e-13,0,True,Optimization terminated successfully. (HiGHS Status 7: Optimal),802,1.1368683772161603e-13
2025-10-13,18,0.03485374999945634,32434.45571683288,144,20,3746,2025-09-23|2025-09-24|2025-09-25|2025-09-26|2025-09-27|2025-09-28|2025-09-29|2025-09-30|2025-10-01|2025-10-02|2025-10-03|2025-10-04|2025-10-05|2025-10-06|2025-10-07|2025-10-08|2025-10-09|2025-10-10|2025-10-11|2025-10-12,2025-10-13 18:00,2025-10-13 18:00,9.094947017729282e-13,0.0,0,True,Optimization terminated successfully. (HiGHS Status 7: Optimal),860,0.0
2025-10-14,0,0.03622058399923844,3288.5681792492715,144,20,3746,2025-09-24|2025-09-25|2025-09-26|2025-09-27|2025-09-28|2025-09-29|2025-09-30|2025-10-01|2025-10-02|2025-10-03|2025-10-04|2025-10-05|2025-10-06|2025-10-07|2025-10-08|2025-10-09|2025-10-10|2025-10-11|2025-10-12|2025-10-13,2025-10-14 00:00,2025-10-14 00:00,1.0231815394945443e-12,3.410605131648481e-13,0,True,Optimization terminated successfully. (HiGHS Status 7: Optimal),750,3.410605131648481e-13
2025-10-14,6,0.03128691699930641,8911.058050807253,144,20,3746,2025-09-24|2025-09-25|2025-09-26|2025-09-27|2025-09-28|2025-09-29|2025-09-30|2025-10-01|2025-10-02|2025-10-03|2025-10-04|2025-10-05|2025-10-06|2025-10-07|2025-10-08|2025-10-09|2025-10-10|2025-10-11|2025-10-12|2025-10-13,2025-10-14 06:00,2025-10-14 06:00,8.641976023682219e-13,1.1368683772161603e-13,0,True,Optimization terminated successfully. (HiGHS Status 7: Optimal),793,1.1368683772161603e-13
2025-10-14,12,0.032357959000364644,21364.538056706515,144,20,3746,2025-09-24|2025-09-25|2025-09-26|2025-09-27|2025-09-28|2025-09-29|2025-09-30|2025-10-01|2025-10-02|2025-10-03|2025-10-04|2025-10-05|2025-10-06|2025-10-07|2025-10-08|2025-10-09|2025-10-10|2025-10-11|2025-10-12|2025-10-13,2025-10-14 12:00,2025-10-14 12:00,9.094947017729282e-13,3.410605131648481e-13,0,True,Optimization terminated successfully. (HiGHS Status 7: Optimal),852,3.410605131648481e-13
2025-10-14,18,0.03537374999905296,39089.1073628899,144,20,3746,2025-09-24|2025-09-25|2025-09-26|2025-09-27|2025-09-28|2025-09-29|2025-09-30|2025-10-01|2025-10-02|2025-10-03|2025-10-04|2025-10-05|2025-10-06|2025-10-07|2025-10-08|2025-10-09|2025-10-10|2025-10-11|2025-10-12|2025-10-13,2025-10-14 18:00,2025-10-14 18:00,9.094947017729282e-13,3.410605131648481e-13,0,True,Optimization terminated successfully. (HiGHS Status 7: Optimal),859,3.410605131648481e-13
2025-10-15,0,0.036975790999349556,3290.0884412109017,144,20,3746,2025-09-25|2025-09-26|2025-09-27|2025-09-28|2025-09-29|2025-09-30|2025-10-01|2025-10-02|2025-10-03|2025-10-04|2025-10-05|2025-10-06|2025-10-07|2025-10-08|2025-10-09|2025-10-10|2025-10-11|2025-10-12|2025-10-13|2025-10-14,2025-10-15 00:00,2025-10-15 00:00,9.094947017729282e-13,2.2737367544323206e-13,0,True,Optimization terminated successfully. (HiGHS Status 7: Optimal),756,1.1368683772161603e-13
2025-10-15,6,0.03274008399966988,8999.655505670566,144,20,3746,2025-09-25|2025-09-26|2025-09-27|2025-09-28|2025-09-29|2025-09-30|2025-10-01|2025-10-02|2025-10-03|2025-10-04|2025-10-05|2025-10-06|2025-10-07|2025-10-08|2025-10-09|2025-10-10|2025-10-11|2025-10-12|2025-10-13|2025-10-14,2025-10-15 06:00,2025-10-15 06:00,9.094947017729282e-13,1.1368683772161603e-13,0,True,Optimization terminated successfully. (HiGHS Status 7: Optimal),768,1.1368683772161603e-13
2025-10-15,12,0.03583083400008036,19486.789360396113,144,20,3746,2025-09-25|2025-09-26|2025-09-27|2025-09-28|2025-09-29|2025-09-30|2025-10-01|2025-10-02|2025-10-03|2025-10-04|2025-10-05|2025-10-06|2025-10-07|2025-10-08|2025-10-09|2025-10-10|2025-10-11|2025-10-12|2025-10-13|2025-10-14,2025-10-15 12:00,2025-10-15 12:00,9.094947017729282e-13,1.1368683772161603e-13,0,True,Optimization terminated successfully. (HiGHS Status 7: Optimal),833,1.1368683772161603e-13
2025-10-15,18,0.033848249999209656,26472.293901911195,144,20,3746,2025-09-25|2025-09-26|2025-09-27|2025-09-28|2025-09-29|2025-09-30|2025-10-01|2025-10-02|2025-10-03|2025-10-04|2025-10-05|2025-10-06|2025-10-07|2025-10-08|2025-10-09|2025-10-10|2025-10-11|2025-10-12|2025-10-13|2025-10-14,2025-10-15 18:00,2025-10-15 18:00,9.094947017729282e-13,1.1368683772161603e-13,0,True,Optimization terminated successfully. (HiGHS Status 7: Optimal),817,1.1368683772161603e-13
2025-10-16,0,0.03591779199996381,3259.815140171163,144,20,3746,2025-09-26|2025-09-27|2025-09-28|2025-09-29|2025-09-30|2025-10-01|2025-10-02|2025-10-03|2025-10-04|2025-10-05|2025-10-06|2025-10-07|2025-10-08|2025-10-09|2025-10-10|2025-10-11|2025-10-12|2025-10-13|2025-10-14|2025-10-15,2025-10-16 00:00,2025-10-16 00:00,9.094947017729282e-13,4.547473508864641e-13,0,True,Optimization terminated successfully. (HiGHS Status 7: Optimal),754,4.547473508864641e-13
2025-10-16,6,0.03645849999884376,9762.259661644295,144,20,3746,2025-09-26|2025-09-27|2025-09-28|2025-09-29|2025-09-30|2025-10-01|2025-10-02|2025-10-03|2025-10-04|2025-10-05|2025-10-06|2025-10-07|2025-10-08|2025-10-09|2025-10-10|2025-10-11|2025-10-12|2025-10-13|2025-10-14|2025-10-15,2025-10-16 06:00,2025-10-16 06:00,9.094947017729282e-13,2.2737367544323206e-13,0,True,Optimization terminated successfully. (HiGHS Status 7: Optimal),898,2.2737367544323206e-13
2025-10-16,12,0.036344334001114476,12658.853279642428,144,20,3746,2025-09-26|2025-09-27|2025-09-28|2025-09-29|2025-09-30|2025-10-01|2025-10-02|2025-10-03|2025-10-04|2025-10-05|2025-10-06|2025-10-07|2025-10-08|2025-10-09|2025-10-10|2025-10-11|2025-10-12|2025-10-13|2025-10-14|2025-10-15,2025-10-16 12:00,2025-10-16 12:00,8.810729923425242e-13,2.2737367544323206e-13,0,True,Optimization terminated successfully. (HiGHS Status 7: Optimal),827,2.2737367544323206e-13
2025-10-16,18,0.031092249999346677,8021.183728147827,144,20,3746,2025-09-26|2025-09-27|2025-09-28|2025-09-29|2025-09-30|2025-10-01|2025-10-02|2025-10-03|2025-10-04|2025-10-05|2025-10-06|2025-10-07|2025-10-08|2025-10-09|2025-10-10|2025-10-11|2025-10-12|2025-10-13|2025-10-14|2025-10-15,2025-10-16 18:00,2025-10-16 18:00,9.094947017729282e-13,2.2737367544323206e-13,0,True,Optimization terminated successfully. (HiGHS Status 7: Optimal),635,2.2737367544323206e-13
2025-10-17,0,0.0308681250007794,897.1231663006952,144,20,3746,2025-09-27|2025-09-28|2025-09-29|2025-09-30|2025-10-01|2025-10-02|2025-10-03|2025-10-04|2025-10-05|2025-10-06|2025-10-07|2025-10-08|2025-10-09|2025-10-10|2025-10-11|2025-10-12|2025-10-13|2025-10-14|2025-10-15|2025-10-16,2025-10-17 00:00,2025-10-17 00:00,7.105427357601002e-13,5.684341886080802e-14,0,True,Optimization terminated successfully. (HiGHS Status 7: Optimal),551,1.1368683772161603e-13
2025-10-17,6,0.03336229199885565,8929.938809216035,144,20,3746,2025-09-27|2025-09-28|2025-09-29|2025-09-30|2025-10-01|2025-10-02|2025-10-03|2025-10-04|2025-10-05|2025-10-06|2025-10-07|2025-10-08|2025-10-09|2025-10-10|2025-10-11|2025-10-12|2025-10-13|2025-10-14|2025-10-15|2025-10-16,2025-10-17 06:00,2025-10-17 06:00,8.952838470577262e-13,2.2737367544323206e-13,0,True,Optimization terminated successfully. (HiGHS Status 7: Optimal),707,1.1368683772161603e-13
2025-10-17,12,0.03470979099984106,8575.771188689205,144,20,3746,2025-09-27|2025-09-28|2025-09-29|2025-09-30|2025-10-01|2025-10-02|2025-10-03|2025-10-04|2025-10-05|2025-10-06|2025-10-07|2025-10-08|2025-10-09|2025-10-10|2025-10-11|2025-10-12|2025-10-13|2025-10-14|2025-10-15|2025-10-16,2025-10-17 12:00,2025-10-17 12:00,8.810729923425242e-13,5.684341886080802e-14,0,True,Optimization terminated successfully. (HiGHS Status 7: Optimal),697,1.1368683772161603e-13
2025-10-17,18,0.039763915998264565,11839.41614435334,144,20,3746,2025-09-27|2025-09-28|2025-09-29|2025-09-30|2025-10-01|2025-10-02|2025-10-03|2025-10-04|2025-10-05|2025-10-06|2025-10-07|2025-10-08|2025-10-09|2025-10-10|2025-10-11|2025-10-12|2025-10-13|2025-10-14|2025-10-15|2025-10-16,2025-10-17 18:00,2025-10-17 18:00,9.094947017729282e-13,5.684341886080802e-14,0,True,Optimization terminated successfully. (HiGHS Status 7: Optimal),769,1.1368683772161603e-13
2025-10-18,0,0.034911040998849785,1271.2902106505162,144,20,3746,2025-09-28|2025-09-29|2025-09-30|2025-10-01|2025-10-02|2025-10-03|2025-10-04|2025-10-05|2025-10-06|2025-10-07|2025-10-08|2025-10-09|2025-10-10|2025-10-11|2025-10-12|2025-10-13|2025-10-14|2025-10-15|2025-10-16|2025-10-17,2025-10-18 00:00,2025-10-18 00:00,8.846257060213247e-13,1.1368683772161603e-13,0,True,Optimization terminated successfully. (HiGHS Status 7: Optimal),660,1.1368683772161603e-13
2025-10-18,6,0.0313899169996148,10575.003490558987,144,20,3746,2025-09-28|2025-09-29|2025-09-30|2025-10-01|2025-10-02|2025-10-03|2025-10-04|2025-10-05|2025-10-06|2025-10-07|2025-10-08|2025-10-09|2025-10-10|2025-10-11|2025-10-12|2025-10-13|2025-10-14|2025-10-15|2025-10-16|2025-10-17,2025-10-18 06:00,2025-10-18 06:00,7.958078640513122e-13,5.684341886080802e-14,0,True,Optimization terminated successfully. (HiGHS Status 7: Optimal),681,1.1368683772161603e-13
2025-10-18,12,0.032170833999771276,23336.757286859403,144,20,3746,2025-09-28|2025-09-29|2025-09-30|2025-10-01|2025-10-02|2025-10-03|2025-10-04|2025-10-05|2025-10-06|2025-10-07|2025-10-08|2025-10-09|2025-10-10|2025-10-11|2025-10-12|2025-10-13|2025-10-14|2025-10-15|2025-10-16|2025-10-17,2025-10-18 12:00,2025-10-18 12:00,9.094947017729282e-13,2.2737367544323206e-13,0,True,Optimization terminated successfully. (HiGHS Status 7: Optimal),780,1.1368683772161603e-13
2025-10-18,18,0.03579954099950555,34967.30710359416,144,20,3746,2025-09-28|2025-09-29|2025-09-30|2025-10-01|2025-10-02|2025-10-03|2025-10-04|2025-10-05|2025-10-06|2025-10-07|2025-10-08|2025-10-09|2025-10-10|2025-10-11|2025-10-12|2025-10-13|2025-10-14|2025-10-15|2025-10-16|2025-10-17,2025-10-18 18:00,2025-10-18 18:00,1.0231815394945443e-12,1.1368683772161603e-13,0,True,Optimization terminated successfully. (HiGHS Status 7: Optimal),859,1.1368683772161603e-13
2025-10-19,0,0.03261512499921082,2893.2585149920687,144,20,3746,2025-09-29|2025-09-30|2025-10-01|2025-10-02|2025-10-03|2025-10-04|2025-10-05|2025-10-06|2025-10-07|2025-10-08|2025-10-09|2025-10-10|2025-10-11|2025-10-12|2025-10-13|2025-10-14|2025-10-15|2025-10-16|2025-10-17|2025-10-18,2025-10-19 00:00,2025-10-19 00:00,9.094947017729282e-13,8.526512829121202e-13,0,True,Optimization terminated successfully. (HiGHS Status 7: Optimal),747,8.526512829121202e-13
2025-10-19,6,0.03503287499916041,11288.013877752734,144,20,3746,2025-09-29|2025-09-30|2025-10-01|2025-10-02|2025-10-03|2025-10-04|2025-10-05|2025-10-06|2025-10-07|2025-10-08|2025-10-09|2025-10-10|2025-10-11|2025-10-12|2025-10-13|2025-10-14|2025-10-15|2025-10-16|2025-10-17|2025-10-18,2025-10-19 06:00,2025-10-19 06:00,8.926193117986259e-13,2.2737367544323206e-13,0,True,Optimization terminated successfully. (HiGHS Status 7: Optimal),824,1.1368683772161603e-13
2025-10-19,12,0.033330583000861225,22015.519328705665,144,20,3746,2025-09-29|2025-09-30|2025-10-01|2025-10-02|2025-10-03|2025-10-04|2025-10-05|2025-10-06|2025-10-07|2025-10-08|2025-10-09|2025-10-10|2025-10-11|2025-10-12|2025-10-13|2025-10-14|2025-10-15|2025-10-16|2025-10-17|2025-10-18,2025-10-19 12:00,2025-10-19 12:00,8.668621376273222e-13,1.1368683772161603e-13,0,True,Optimization terminated successfully. (HiGHS Status 7: Optimal),827,1.1368683772161603e-13
2025-10-19,18,0.0348081660013122,32847.54178770946,144,20,3746,2025-09-29|2025-09-30|2025-10-01|2025-10-02|2025-10-03|2025-10-04|2025-10-05|2025-10-06|2025-10-07|2025-10-08|2025-10-09|2025-10-10|2025-10-11|2025-10-12|2025-10-13|2025-10-14|2025-10-15|2025-10-16|2025-10-17|2025-10-18,2025-10-19 18:00,2025-10-19 18:00,7.958078640513122e-13,1.1368683772161603e-13,0,True,Optimization terminated successfully. (HiGHS Status 7: Optimal),866,1.1368683772161603e-13
2025-10-20,0,0.036541916999340174,3143.6405504544896,144,20,3746,2025-09-30|2025-10-01|2025-10-02|2025-10-03|2025-10-04|2025-10-05|2025-10-06|2025-10-07|2025-10-08|2025-10-09|2025-10-10|2025-10-11|2025-10-12|2025-10-13|2025-10-14|2025-10-15|2025-10-16|2025-10-17|2025-10-18|2025-10-19,2025-10-20 00:00,2025-10-20 00:00,9.094947017729282e-13,2.6147972675971687e-12,0,True,Optimization terminated successfully. (HiGHS Status 7: Optimal),756,2.6147972675971687e-12
2025-10-20,6,0.03362458300034632,10350.76255411842,144,20,3746,2025-09-30|2025-10-01|2025-10-02|2025-10-03|2025-10-04|2025-10-05|2025-10-06|2025-10-07|2025-10-08|2025-10-09|2025-10-10|2025-10-11|2025-10-12|2025-10-13|2025-10-14|2025-10-15|2025-10-16|2025-10-17|2025-10-18|2025-10-19,2025-10-20 06:00,2025-10-20 06:00,9.094947017729282e-13,2.2737367544323206e-13,0,True,Optimization terminated successfully. (HiGHS Status 7: Optimal),817,2.2737367544323206e-13
2025-10-20,12,0.032851125000888715,25221.637994089215,144,20,3746,2025-09-30|2025-10-01|2025-10-02|2025-10-03|2025-10-04|2025-10-05|2025-10-06|2025-10-07|2025-10-08|2025-10-09|2025-10-10|2025-10-11|2025-10-12|2025-10-13|2025-10-14|2025-10-15|2025-10-16|2025-10-17|2025-10-18|2025-10-19,2025-10-20 12:00,2025-10-20 12:00,9.094947017729282e-13,2.2737367544323206e-13,0,True,Optimization terminated successfully. (HiGHS Status 7: Optimal),830,2.2737367544323206e-13
2025-10-20,18,0.03535366600044654,35929.44128375265,144,20,3746,2025-09-30|2025-10-01|2025-10-02|2025-10-03|2025-10-04|2025-10-05|2025-10-06|2025-10-07|2025-10-08|2025-10-09|2025-10-10|2025-10-11|2025-10-12|2025-10-13|2025-10-14|2025-10-15|2025-10-16|2025-10-17|2025-10-18|2025-10-19,2025-10-20 18:00,2025-10-20 18:00,9.094947017729282e-13,2.2737367544323206e-13,0,True,Optimization terminated successfully. (HiGHS Status 7: Optimal),849,2.2737367544323206e-13
2025-10-21,0,0.035308333001012215,2863.305244598512,144,20,3746,2025-10-01|2025-10-02|2025-10-03|2025-10-04|2025-10-05|2025-10-06|2025-10-07|2025-10-08|2025-10-09|2025-10-10|2025-10-11|2025-10-12|2025-10-13|2025-10-14|2025-10-15|2025-10-16|2025-10-17|2025-10-18|2025-10-19|2025-10-20,2025-10-21 00:00,2025-10-21 00:00,9.094947017729282e-13,3.410605131648481e-13,0,True,Optimization terminated successfully. (HiGHS Status 7: Optimal),741,3.410605131648481e-13
2025-10-21,6,0.037708791000113706,11767.107283149602,144,20,3746,2025-10-01|2025-10-02|2025-10-03|2025-10-04|2025-10-05|2025-10-06|2025-10-07|2025-10-08|2025-10-09|2025-10-10|2025-10-11|2025-10-12|2025-10-13|2025-10-14|2025-10-15|2025-10-16|2025-10-17|2025-10-18|2025-10-19|2025-10-20,2025-10-21 06:00,2025-10-21 06:00,9.094947017729282e-13,2.2737367544323206e-13,0,True,Optimization terminated successfully. (HiGHS Status 7: Optimal),937,2.2737367544323206e-13
2025-10-21,12,0.033393417001207126,22414.647274030773,144,20,3746,2025-10-01|2025-10-02|2025-10-03|2025-10-04|2025-10-05|2025-10-06|2025-10-07|2025-10-08|2025-10-09|2025-10-10|2025-10-11|2025-10-12|2025-10-13|2025-10-14|2025-10-15|2025-10-16|2025-10-17|2025-10-18|2025-10-19|2025-10-20,2025-10-21 12:00,2025-10-21 12:00,9.094947017729282e-13,1.1368683772161603e-13,0,True,Optimization terminated successfully. (HiGHS Status 7: Optimal),851,2.2737367544323206e-13
2025-10-21,18,0.03396358299869462,25458.5271081033,144,20,3746,2025-10-01|2025-10-02|2025-10-03|2025-10-04|2025-10-05|2025-10-06|2025-10-07|2025-10-08|2025-10-09|2025-10-10|2025-10-11|2025-10-12|2025-10-13|2025-10-14|2025-10-15|2025-10-16|2025-10-17|2025-10-18|2025-10-19|2025-10-20,2025-10-21 18:00,2025-10-21 18:00,9.094947017729282e-13,1.1368683772161603e-13,0,True,Optimization terminated successfully. (HiGHS Status 7: Optimal),808,2.2737367544323206e-13
2025-10-22,0,0.03593787499994505,2591.733509984263,144,20,3746,2025-10-02|2025-10-03|2025-10-04|2025-10-05|2025-10-06|2025-10-07|2025-10-08|2025-10-09|2025-10-10|2025-10-11|2025-10-12|2025-10-13|2025-10-14|2025-10-15|2025-10-16|2025-10-17|2025-10-18|2025-10-19|2025-10-20|2025-10-21,2025-10-22 00:00,2025-10-22 00:00,8.526512829121202e-13,5.400124791776761e-13,0,True,Optimization terminated successfully. (HiGHS Status 7: Optimal),732,5.400124791776761e-13
2025-10-22,6,0.032799709000755684,10601.816754524898,144,20,3746,2025-10-02|2025-10-03|2025-10-04|2025-10-05|2025-10-06|2025-10-07|2025-10-08|2025-10-09|2025-10-10|2025-10-11|2025-10-12|2025-10-13|2025-10-14|2025-10-15|2025-10-16|2025-10-17|2025-10-18|2025-10-19|2025-10-20|2025-10-21,2025-10-22 06:00,2025-10-22 06:00,9.094947017729282e-13,2.2737367544323206e-13,0,True,Optimization terminated successfully. (HiGHS Status 7: Optimal),789,1.1368683772161603e-13
2025-10-22,12,0.03827679200003331,18350.16225752648,144,20,3746,2025-10-02|2025-10-03|2025-10-04|2025-10-05|2025-10-06|2025-10-07|2025-10-08|2025-10-09|2025-10-10|2025-10-11|2025-10-12|2025-10-13|2025-10-14|2025-10-15|2025-10-16|2025-10-17|2025-10-18|2025-10-19|2025-10-20|2025-10-21,2025-10-22 12:00,2025-10-22 12:00,9.094947017729282e-13,1.1368683772161603e-13,0,True,Optimization terminated successfully. (HiGHS Status 7: Optimal),904,1.1368683772161603e-13
2025-10-22,18,0.03487749999840162,30866.399818639326,144,20,3746,2025-10-02|2025-10-03|2025-10-04|2025-10-05|2025-10-06|2025-10-07|2025-10-08|2025-10-09|2025-10-10|2025-10-11|2025-10-12|2025-10-13|2025-10-14|2025-10-15|2025-10-16|2025-10-17|2025-10-18|2025-10-19|2025-10-20|2025-10-21,2025-10-22 18:00,2025-10-22 18:00,8.526512829121202e-13,1.1368683772161603e-13,0,True,Optimization terminated successfully. (HiGHS Status 7: Optimal),860,1.1368683772161603e-13
2025-10-23,0,0.033364124999934575,2643.4611562352516,144,20,3746,2025-10-03|2025-10-04|2025-10-05|2025-10-06|2025-10-07|2025-10-08|2025-10-09|2025-10-10|2025-10-11|2025-10-12|2025-10-13|2025-10-14|2025-10-15|2025-10-16|2025-10-17|2025-10-18|2025-10-19|2025-10-20|2025-10-21|2025-10-22,2025-10-23 00:00,2025-10-23 00:00,7.958078640513122e-13,3.410605131648481e-13,0,True,Optimization terminated successfully. (HiGHS Status 7: Optimal),741,3.410605131648481e-13
2025-10-23,6,0.034658750000744476,3825.989840141092,144,20,3746,2025-10-03|2025-10-04|2025-10-05|2025-10-06|2025-10-07|2025-10-08|2025-10-09|2025-10-10|2025-10-11|2025-10-12|2025-10-13|2025-10-14|2025-10-15|2025-10-16|2025-10-17|2025-10-18|2025-10-19|2025-10-20|2025-10-21|2025-10-22,2025-10-23 06:00,2025-10-23 06:00,8.668621376273222e-13,1.1368683772161603e-13,0,True,Optimization terminated successfully. (HiGHS Status 7: Optimal),817,1.1368683772161603e-13
2025-10-23,12,0.03473574999952689,7177.26685829063,144,20,3746,2025-10-03|2025-10-04|2025-10-05|2025-10-06|2025-10-07|2025-10-08|2025-10-09|2025-10-10|2025-10-11|2025-10-12|2025-10-13|2025-10-14|2025-10-15|2025-10-16|2025-10-17|2025-10-18|2025-10-19|2025-10-20|2025-10-21|2025-10-22,2025-10-23 12:00,2025-10-23 12:00,8.384404281969182e-13,1.1368683772161603e-13,0,True,Optimization terminated successfully. (HiGHS Status 7: Optimal),763,0.0
2025-10-23,18,0.03639300000031653,10553.830816283084,144,20,3746,2025-10-03|2025-10-04|2025-10-05|2025-10-06|2025-10-07|2025-10-08|2025-10-09|2025-10-10|2025-10-11|2025-10-12|2025-10-13|2025-10-14|2025-10-15|2025-10-16|2025-10-17|2025-10-18|2025-10-19|2025-10-20|2025-10-21|2025-10-22,2025-10-23 18:00,2025-10-23 18:00,9.094947017729282e-13,1.1368683772161603e-13,0,True,Optimization terminated successfully. (HiGHS Status 7: Optimal),753,0.0
2025-10-24,0,0.03108054199947219,781.7558113401786,144,20,3746,2025-10-04|2025-10-05|2025-10-06|2025-10-07|2025-10-08|2025-10-09|2025-10-10|2025-10-11|2025-10-12|2025-10-13|2025-10-14|2025-10-15|2025-10-16|2025-10-17|2025-10-18|2025-10-19|2025-10-20|2025-10-21|2025-10-22|2025-10-23,2025-10-24 00:00,2025-10-24 00:00,9.094947017729282e-13,5.684341886080802e-14,0,True,Optimization terminated successfully. (HiGHS Status 7: Optimal),598,2.2737367544323206e-13
2025-10-24,6,0.03210199999921315,7879.475757659452,144,20,3746,2025-10-04|2025-10-05|2025-10-06|2025-10-07|2025-10-08|2025-10-09|2025-10-10|2025-10-11|2025-10-12|2025-10-13|2025-10-14|2025-10-15|2025-10-16|2025-10-17|2025-10-18|2025-10-19|2025-10-20|2025-10-21|2025-10-22|2025-10-23,2025-10-24 06:00,2025-10-24 06:00,9.094947017729282e-13,5.684341886080802e-14,0,True,Optimization terminated successfully. (HiGHS Status 7: Optimal),640,5.684341886080802e-14
2025-10-24,12,0.03204987500066636,9301.32400744214,144,20,3746,2025-10-04|2025-10-05|2025-10-06|2025-10-07|2025-10-08|2025-10-09|2025-10-10|2025-10-11|2025-10-12|2025-10-13|2025-10-14|2025-10-15|2025-10-16|2025-10-17|2025-10-18|2025-10-19|2025-10-20|2025-10-21|2025-10-22|2025-10-23,2025-10-24 12:00,2025-10-24 12:00,9.094947017729282e-13,5.684341886080802e-14,0,True,Optimization terminated successfully. (HiGHS Status 7: Optimal),666,5.684341886080802e-14
2025-10-24,18,0.03157087500039779,8049.348305535121,144,20,3746,2025-10-04|2025-10-05|2025-10-06|2025-10-07|2025-10-08|2025-10-09|2025-10-10|2025-10-11|2025-10-12|2025-10-13|2025-10-14|2025-10-15|2025-10-16|2025-10-17|2025-10-18|2025-10-19|2025-10-20|2025-10-21|2025-10-22|2025-10-23,2025-10-24 18:00,2025-10-24 18:00,8.810729923425242e-13,0.0,0,True,Optimization terminated successfully. (HiGHS Status 7: Optimal),640,5.684341886080802e-14
2025-10-25,0,0.040070457998808706,1697.6928461773878,144,20,3746,2025-10-05|2025-10-06|2025-10-07|2025-10-08|2025-10-09|2025-10-10|2025-10-11|2025-10-12|2025-10-13|2025-10-14|2025-10-15|2025-10-16|2025-10-17|2025-10-18|2025-10-19|2025-10-20|2025-10-21|2025-10-22|2025-10-23|2025-10-24,2025-10-25 00:00,2025-10-25 00:00,9.094947017729282e-13,1.1937117960769683e-12,0,True,Optimization terminated successfully. (HiGHS Status 7: Optimal),721,1.1937117960769683e-12
2025-10-25,6,0.03049295799974061,10425.307857910648,144,20,3746,2025-10-05|2025-10-06|2025-10-07|2025-10-08|2025-10-09|2025-10-10|2025-10-11|2025-10-12|2025-10-13|2025-10-14|2025-10-15|2025-10-16|2025-10-17|2025-10-18|2025-10-19|2025-10-20|2025-10-21|2025-10-22|2025-10-23|2025-10-24,2025-10-25 06:00,2025-10-25 06:00,8.846257060213247e-13,5.684341886080802e-14,0,True,Optimization terminated successfully. (HiGHS Status 7: Optimal),642,1.1368683772161603e-13
2025-10-25,12,0.035101291998216766,20452.674959921937,144,20,3746,2025-10-05|2025-10-06|2025-10-07|2025-10-08|2025-10-09|2025-10-10|2025-10-11|2025-10-12|2025-10-13|2025-10-14|2025-10-15|2025-10-16|2025-10-17|2025-10-18|2025-10-19|2025-10-20|2025-10-21|2025-10-22|2025-10-23|2025-10-24,2025-10-25 12:00,2025-10-25 12:00,8.020251129892131e-13,5.684341886080802e-14,0,True,Optimization terminated successfully. (HiGHS Status 7: Optimal),781,1.1368683772161603e-13
2025-10-25,18,0.03518166700087022,33433.81043584901,144,20,3746,2025-10-05|2025-10-06|2025-10-07|2025-10-08|2025-10-09|2025-10-10|2025-10-11|2025-10-12|2025-10-13|2025-10-14|2025-10-15|2025-10-16|2025-10-17|2025-10-18|2025-10-19|2025-10-20|2025-10-21|2025-10-22|2025-10-23|2025-10-24,2025-10-25 18:00,2025-10-25 18:00,9.094947017729282e-13,2.2737367544323206e-13,0,True,Optimization terminated successfully. (HiGHS Status 7: Optimal),842,1.1368683772161603e-13
2025-10-26,0,0.03665550000005169,2599.3280084751013,144,20,3746,2025-10-06|2025-10-07|2025-10-08|2025-10-09|2025-10-10|2025-10-11|2025-10-12|2025-10-13|2025-10-14|2025-10-15|2025-10-16|2025-10-17|2025-10-18|2025-10-19|2025-10-20|2025-10-21|2025-10-22|2025-10-23|2025-10-24|2025-10-25,2025-10-26 00:00,2025-10-26 00:00,9.094947017729282e-13,6.821210263296962e-13,0,True,Optimization terminated successfully. (HiGHS Status 7: Optimal),763,6.821210263296962e-13
2025-10-26,6,0.03258304199880513,8528.14725312099,144,20,3746,2025-10-06|2025-10-07|2025-10-08|2025-10-09|2025-10-10|2025-10-11|2025-10-12|2025-10-13|2025-10-14|2025-10-15|2025-10-16|2025-10-17|2025-10-18|2025-10-19|2025-10-20|2025-10-21|2025-10-22|2025-10-23|2025-10-24|2025-10-25,2025-10-26 06:00,2025-10-26 06:00,9.094947017729282e-13,1.1368683772161603e-13,0,True,Optimization terminated successfully. (HiGHS Status 7: Optimal),811,0.0
2025-10-26,12,0.03545670799940126,18881.271238944522,144,20,3746,2025-10-06|2025-10-07|2025-10-08|2025-10-09|2025-10-10|2025-10-11|2025-10-12|2025-10-13|2025-10-14|2025-10-15|2025-10-16|2025-10-17|2025-10-18|2025-10-19|2025-10-20|2025-10-21|2025-10-22|2025-10-23|2025-10-24|2025-10-25,2025-10-26 12:00,2025-10-26 12:00,9.094947017729282e-13,1.1368683772161603e-13,0,True,Optimization terminated successfully. (HiGHS Status 7: Optimal),870,0.0
2025-10-26,18,0.03505766700072854,31129.245780350604,144,20,3746,2025-10-06|2025-10-07|2025-10-08|2025-10-09|2025-10-10|2025-10-11|2025-10-12|2025-10-13|2025-10-14|2025-10-15|2025-10-16|2025-10-17|2025-10-18|2025-10-19|2025-10-20|2025-10-21|2025-10-22|2025-10-23|2025-10-24|2025-10-25,2025-10-26 18:00,2025-10-26 18:00,9.094947017729282e-13,2.2737367544323206e-13,0,True,Optimization terminated successfully. (HiGHS Status 7: Optimal),865,0.0
2025-10-27,0,0.03520212500006892,2234.378973718301,144,20,3746,2025-10-07|2025-10-08|2025-10-09|2025-10-10|2025-10-11|2025-10-12|2025-10-13|2025-10-14|2025-10-15|2025-10-16|2025-10-17|2025-10-18|2025-10-19|2025-10-20|2025-10-21|2025-10-22|2025-10-23|2025-10-24|2025-10-25|2025-10-26,2025-10-27 00:00,2025-10-27 00:00,8.242295734817162e-13,1.1368683772161603e-12,0,True,Optimization terminated successfully. (HiGHS Status 7: Optimal),735,1.1368683772161603e-12
2025-10-27,6,0.04247987500093586,15700.58558365921,144,20,3746,2025-10-07|2025-10-08|2025-10-09|2025-10-10|2025-10-11|2025-10-12|2025-10-13|2025-10-14|2025-10-15|2025-10-16|2025-10-17|2025-10-18|2025-10-19|2025-10-20|2025-10-21|2025-10-22|2025-10-23|2025-10-24|2025-10-25|2025-10-26,2025-10-27 06:00,2025-10-27 06:00,9.094947017729282e-13,2.2737367544323206e-13,0,True,Optimization terminated successfully. (HiGHS Status 7: Optimal),1010,1.1368683772161603e-13
2025-10-27,12,0.03709287499987113,21398.654304002524,144,20,3746,2025-10-07|2025-10-08|2025-10-09|2025-10-10|2025-10-11|2025-10-12|2025-10-13|2025-10-14|2025-10-15|2025-10-16|2025-10-17|2025-10-18|2025-10-19|2025-10-20|2025-10-21|2025-10-22|2025-10-23|2025-10-24|2025-10-25|2025-10-26,2025-10-27 12:00,2025-10-27 12:00,8.526512829121202e-13,2.2737367544323206e-13,0,True,Optimization terminated successfully. (HiGHS Status 7: Optimal),916,1.1368683772161603e-13
2025-10-27,18,0.033536875000208966,33548.121047316454,144,20,3746,2025-10-07|2025-10-08|2025-10-09|2025-10-10|2025-10-11|2025-10-12|2025-10-13|2025-10-14|2025-10-15|2025-10-16|2025-10-17|2025-10-18|2025-10-19|2025-10-20|2025-10-21|2025-10-22|2025-10-23|2025-10-24|2025-10-25|2025-10-26,2025-10-27 18:00,2025-10-27 18:00,8.810729923425242e-13,1.0231815394945443e-12,0,True,Optimization terminated successfully. (HiGHS Status 7: Optimal),877,1.0231815394945443e-12
2025-10-28,0,0.03502124999977241,2174.306502501418,144,20,3746,2025-10-08|2025-10-09|2025-10-10|2025-10-11|2025-10-12|2025-10-13|2025-10-14|2025-10-15|2025-10-16|2025-10-17|2025-10-18|2025-10-19|2025-10-20|2025-10-21|2025-10-22|2025-10-23|2025-10-24|2025-10-25|2025-10-26|2025-10-27,2025-10-28 00:00,2025-10-28 00:00,8.100187187665142e-13,3.410605131648481e-13,0,True,Optimization terminated successfully. (HiGHS Status 7: Optimal),736,3.410605131648481e-13
2025-10-28,6,0.03998600000159058,14522.746249484266,144,20,3746,2025-10-08|2025-10-09|2025-10-10|2025-10-11|2025-10-12|2025-10-13|2025-10-14|2025-10-15|2025-10-16|2025-10-17|2025-10-18|2025-10-19|2025-10-20|2025-10-21|2025-10-22|2025-10-23|2025-10-24|2025-10-25|2025-10-26|2025-10-27,2025-10-28 06:00,2025-10-28 06:00,9.094947017729282e-13,2.2737367544323206e-13,0,True,Optimization terminated successfully. (HiGHS Status 7: Optimal),984,3.410605131648481e-13
2025-10-28,12,0.0378056249992369,22185.579903489186,144,20,3746,2025-10-08|2025-10-09|2025-10-10|2025-10-11|2025-10-12|2025-10-13|2025-10-14|2025-10-15|2025-10-16|2025-10-17|2025-10-18|2025-10-19|2025-10-20|2025-10-21|2025-10-22|2025-10-23|2025-10-24|2025-10-25|2025-10-26|2025-10-27,2025-10-28 12:00,2025-10-28 12:00,9.094947017729282e-13,2.2737367544323206e-13,0,True,Optimization terminated successfully. (HiGHS Status 7: Optimal),939,3.410605131648481e-13
2025-10-28,18,0.03517445900070015,37227.71992151743,144,20,3746,2025-10-08|2025-10-09|2025-10-10|2025-10-11|2025-10-12|2025-10-13|2025-10-14|2025-10-15|2025-10-16|2025-10-17|2025-10-18|2025-10-19|2025-10-20|2025-10-21|2025-10-22|2025-10-23|2025-10-24|2025-10-25|2025-10-26|2025-10-27,2025-10-28 18:00,2025-10-28 18:00,9.094947017729282e-13,6.821210263296962e-13,0,True,Optimization terminated successfully. (HiGHS Status 7: Optimal),860,6.821210263296962e-13
2025-10-29,0,0.03504350000002887,2427.2482253868475,144,20,3746,2025-10-09|2025-10-10|2025-10-11|2025-10-12|2025-10-13|2025-10-14|2025-10-15|2025-10-16|2025-10-17|2025-10-18|2025-10-19|2025-10-20|2025-10-21|2025-10-22|2025-10-23|2025-10-24|2025-10-25|2025-10-26|2025-10-27|2025-10-28,2025-10-29 00:00,2025-10-29 00:00,1.0231815394945443e-12,1.9326762412674725e-12,0,True,Optimization terminated successfully. (HiGHS Status 7: Optimal),751,1.9326762412674725e-12
2025-10-29,6,0.03559904100075073,11385.543432610266,144,20,3746,2025-10-09|2025-10-10|2025-10-11|2025-10-12|2025-10-13|2025-10-14|2025-10-15|2025-10-16|2025-10-17|2025-10-18|2025-10-19|2025-10-20|2025-10-21|2025-10-22|2025-10-23|2025-10-24|2025-10-25|2025-10-26|2025-10-27|2025-10-28,2025-10-29 06:00,2025-10-29 06:00,1.0231815394945443e-12,2.2737367544323206e-13,0,True,Optimization terminated successfully. (HiGHS Status 7: Optimal),897,2.2737367544323206e-13
2025-10-29,12,0.03368029199918965,23805.7891277164,144,20,3746,2025-10-09|2025-10-10|2025-10-11|2025-10-12|2025-10-13|2025-10-14|2025-10-15|2025-10-16|2025-10-17|2025-10-18|2025-10-19|2025-10-20|2025-10-21|2025-10-22|2025-10-23|2025-10-24|2025-10-25|2025-10-26|2025-10-27|2025-10-28,2025-10-29 12:00,2025-10-29 12:00,1.0231815394945443e-12,1.9326762412674725e-12,0,True,Optimization terminated successfully. (HiGHS Status 7: Optimal),856,1.9326762412674725e-12
2025-10-29,18,0.03742654199959361,36847.771580710934,144,20,3746,2025-10-09|2025-10-10|2025-10-11|2025-10-12|2025-10-13|2025-10-14|2025-10-15|2025-10-16|2025-10-17|2025-10-18|2025-10-19|2025-10-20|2025-10-21|2025-10-22|2025-10-23|2025-10-24|2025-10-25|2025-10-26|2025-10-27|2025-10-28,2025-10-29 18:00,2025-10-29 18:00,1.0231815394945443e-12,1.9326762412674725e-12,0,True,Optimization terminated successfully. (HiGHS Status 7: Optimal),847,1.9326762412674725e-12
2025-10-30,0,0.03579237499980081,1918.3947453779685,144,20,3746,2025-10-10|2025-10-11|2025-10-12|2025-10-13|2025-10-14|2025-10-15|2025-10-16|2025-10-17|2025-10-18|2025-10-19|2025-10-20|2025-10-21|2025-10-22|2025-10-23|2025-10-24|2025-10-25|2025-10-26|2025-10-27|2025-10-28|2025-10-29,2025-10-30 00:00,2025-10-30 00:00,9.094947017729282e-13,1.1368683772161603e-13,0,True,Optimization terminated successfully. (HiGHS Status 7: Optimal),736,1.1368683772161603e-13
2025-10-30,6,0.035976499999378575,9898.038613282382,144,20,3746,2025-10-10|2025-10-11|2025-10-12|2025-10-13|2025-10-14|2025-10-15|2025-10-16|2025-10-17|2025-10-18|2025-10-19|2025-10-20|2025-10-21|2025-10-22|2025-10-23|2025-10-24|2025-10-25|2025-10-26|2025-10-27|2025-10-28|2025-10-29,2025-10-30 06:00,2025-10-30 06:00,9.094947017729282e-13,2.2737367544323206e-13,0,True,Optimization terminated successfully. (HiGHS Status 7: Optimal),849,1.1368683772161603e-13
2025-10-30,12,0.03669479099880846,9845.24063424121,144,20,3746,2025-10-10|2025-10-11|2025-10-12|2025-10-13|2025-10-14|2025-10-15|2025-10-16|2025-10-17|2025-10-18|2025-10-19|2025-10-20|2025-10-21|2025-10-22|2025-10-23|2025-10-24|2025-10-25|2025-10-26|2025-10-27|2025-10-28|2025-10-29,2025-10-30 12:00,2025-10-30 12:00,9.094947017729282e-13,1.1368683772161603e-13,0,True,Optimization terminated successfully. (HiGHS Status 7: Optimal),803,1.1368683772161603e-13
2025-10-30,18,0.03326033299890696,8608.501353804932,144,20,3746,2025-10-10|2025-10-11|2025-10-12|2025-10-13|2025-10-14|2025-10-15|2025-10-16|2025-10-17|2025-10-18|2025-10-19|2025-10-20|2025-10-21|2025-10-22|2025-10-23|2025-10-24|2025-10-25|2025-10-26|2025-10-27|2025-10-28|2025-10-29,2025-10-30 18:00,2025-10-30 18:00,9.094947017729282e-13,1.1368683772161603e-13,0,True,Optimization terminated successfully. (HiGHS Status 7: Optimal),670,1.1368683772161603e-13
2025-10-31,0,0.03879837500062422,1394.1888653560045,144,20,3746,2025-10-11|2025-10-12|2025-10-13|2025-10-14|2025-10-15|2025-10-16|2025-10-17|2025-10-18|2025-10-19|2025-10-20|2025-10-21|2025-10-22|2025-10-23|2025-10-24|2025-10-25|2025-10-26|2025-10-27|2025-10-28|2025-10-29|2025-10-30,2025-10-31 00:00,2025-10-31 00:00,9.094947017729282e-13,1.1368683772161603e-13,0,True,Optimization terminated successfully. (HiGHS Status 7: Optimal),729,1.1368683772161603e-13
2025-10-31,6,0.03191316599986749,7370.676090510049,144,20,3746,2025-10-11|2025-10-12|2025-10-13|2025-10-14|2025-10-15|2025-10-16|2025-10-17|2025-10-18|2025-10-19|2025-10-20|2025-10-21|2025-10-22|2025-10-23|2025-10-24|2025-10-25|2025-10-26|2025-10-27|2025-10-28|2025-10-29|2025-10-30,2025-10-31 06:00,2025-10-31 06:00,9.094947017729282e-13,1.1368683772161603e-13,0,True,Optimization terminated successfully. (HiGHS Status 7: Optimal),661,1.1368683772161603e-13
2025-10-31,12,0.0329228749997128,7729.06625565976,144,20,3746,2025-10-11|2025-10-12|2025-10-13|2025-10-14|2025-10-15|2025-10-16|2025-10-17|2025-10-18|2025-10-19|2025-10-20|2025-10-21|2025-10-22|2025-10-23|2025-10-24|2025-10-25|2025-10-26|2025-10-27|2025-10-28|2025-10-29|2025-10-30,2025-10-31 12:00,2025-10-31 12:00,7.958078640513122e-13,5.684341886080802e-14,0,True,Optimization terminated successfully. (HiGHS Status 7: Optimal),708,1.1368683772161603e-13
2025-10-31,18,0.03807129100096063,14535.90175204989,144,20,3746,2025-10-11|2025-10-12|2025-10-13|2025-10-14|2025-10-15|2025-10-16|2025-10-17|2025-10-18|2025-10-19|2025-10-20|2025-10-21|2025-10-22|2025-10-23|2025-10-24|2025-10-25|2025-10-26|2025-10-27|2025-10-28|2025-10-29|2025-10-30,2025-10-31 18:00,2025-10-31 18:00,9.094947017729282e-13,1.1368683772161603e-13,0,True,Optimization terminated successfully. (HiGHS Status 7: Optimal),783,1.1368683772161603e-13
2025-11-01,0,0.03270024999983434,788.4288323117116,144,20,3746,2025-10-12|2025-10-13|2025-10-14|2025-10-15|2025-10-16|2025-10-17|2025-10-18|2025-10-19|2025-10-20|2025-10-21|2025-10-22|2025-10-23|2025-10-24|2025-10-25|2025-10-26|2025-10-27|2025-10-28|2025-10-29|2025-10-30|2025-10-31,2025-11-01 00:00,2025-11-01 00:00,9.094947017729282e-13,9.094947017729282e-13,0,True,Optimization terminated successfully. (HiGHS Status 7: Optimal),601,9.094947017729282e-13
2025-11-01,6,0.029754917000900605,10132.628188020219,144,20,3746,2025-10-12|2025-10-13|2025-10-14|2025-10-15|2025-10-16|2025-10-17|2025-10-18|2025-10-19|2025-10-20|2025-10-21|2025-10-22|2025-10-23|2025-10-24|2025-10-25|2025-10-26|2025-10-27|2025-10-28|2025-10-29|2025-10-30|2025-10-31,2025-11-01 06:00,2025-11-01 06:00,9.094947017729282e-13,9.094947017729282e-13,0,True,Optimization terminated successfully. (HiGHS Status 7: Optimal),622,9.094947017729282e-13
2025-11-01,12,0.03449325000110548,18552.994581074392,144,20,3746,2025-10-12|2025-10-13|2025-10-14|2025-10-15|2025-10-16|2025-10-17|2025-10-18|2025-10-19|2025-10-20|2025-10-21|2025-10-22|2025-10-23|2025-10-24|2025-10-25|2025-10-26|2025-10-27|2025-10-28|2025-10-29|2025-10-30|2025-10-31,2025-11-01 12:00,2025-11-01 12:00,9.094947017729282e-13,5.684341886080802e-14,0,True,Optimization terminated successfully. (HiGHS Status 7: Optimal),792,1.1368683772161603e-13
2025-11-01,18,0.03774941699884948,34022.90880347037,144,20,3746,2025-10-12|2025-10-13|2025-10-14|2025-10-15|2025-10-16|2025-10-17|2025-10-18|2025-10-19|2025-10-20|2025-10-21|2025-10-22|2025-10-23|2025-10-24|2025-10-25|2025-10-26|2025-10-27|2025-10-28|2025-10-29|2025-10-30|2025-10-31,2025-11-01 18:00,2025-11-01 18:00,9.094947017729282e-13,2.2737367544323206e-13,0,True,Optimization terminated successfully. (HiGHS Status 7: Optimal),827,1.1368683772161603e-13
2025-11-02,0,0.034098041000106605,2223.040145714986,144,20,3746,2025-10-13|2025-10-14|2025-10-15|2025-10-16|2025-10-17|2025-10-18|2025-10-19|2025-10-20|2025-10-21|2025-10-22|2025-10-23|2025-10-24|2025-10-25|2025-10-26|2025-10-27|2025-10-28|2025-10-29|2025-10-30|2025-10-31|2025-11-01,2025-11-02 00:00,2025-11-02 00:00,9.094947017729282e-13,2.2737367544323206e-13,0,True,Optimization terminated successfully. (HiGHS Status 7: Optimal),741,2.2737367544323206e-13
2025-11-02,6,0.04337229100019613,14450.493800848844,144,20,3746,2025-10-13|2025-10-14|2025-10-15|2025-10-16|2025-10-17|2025-10-18|2025-10-19|2025-10-20|2025-10-21|2025-10-22|2025-10-23|2025-10-24|2025-10-25|2025-10-26|2025-10-27|2025-10-28|2025-10-29|2025-10-30|2025-10-31|2025-11-01,2025-11-02 06:00,2025-11-02 06:00,9.094947017729282e-13,2.2737367544323206e-13,0,True,Optimization terminated successfully. (HiGHS Status 7: Optimal),1024,1.1368683772161603e-13
2025-11-02,12,0.03441824999936216,19294.81732772187,144,20,3746,2025-10-13|2025-10-14|2025-10-15|2025-10-16|2025-10-17|2025-10-18|2025-10-19|2025-10-20|2025-10-21|2025-10-22|2025-10-23|2025-10-24|2025-10-25|2025-10-26|2025-10-27|2025-10-28|2025-10-29|2025-10-30|2025-10-31|2025-11-01,2025-11-02 12:00,2025-11-02 12:00,9.094947017729282e-13,1.1368683772161603e-13,0,True,Optimization terminated successfully. (HiGHS Status 7: Optimal),845,1.1368683772161603e-13
2025-11-02,18,0.03591183299977274,35460.02411811635,144,20,3746,2025-10-13|2025-10-14|2025-10-15|2025-10-16|2025-10-17|2025-10-18|2025-10-19|2025-10-20|2025-10-21|2025-10-22|2025-10-23|2025-10-24|2025-10-25|2025-10-26|2025-10-27|2025-10-28|2025-10-29|2025-10-30|2025-10-31|2025-11-01,2025-11-02 18:00,2025-11-02 18:00,9.094947017729282e-13,7.105427357601002e-15,0,True,Optimization terminated successfully. (HiGHS Status 7: Optimal),849,1.1368683772161603e-13
2025-11-03,0,0.034005750001597335,2219.450576000417,144,20,3746,2025-10-14|2025-10-15|2025-10-16|2025-10-17|2025-10-18|2025-10-19|2025-10-20|2025-10-21|2025-10-22|2025-10-23|2025-10-24|2025-10-25|2025-10-26|2025-10-27|2025-10-28|2025-10-29|2025-10-30|2025-10-31|2025-11-01|2025-11-02,2025-11-03 00:00,2025-11-03 00:00,9.094947017729282e-13,2.2737367544323206e-13,0,True,Optimization terminated successfully. (HiGHS Status 7: Optimal),746,3.410605131648481e-13
2025-11-03,6,0.034402250001221546,10117.078469571177,144,20,3746,2025-10-14|2025-10-15|2025-10-16|2025-10-17|2025-10-18|2025-10-19|2025-10-20|2025-10-21|2025-10-22|2025-10-23|2025-10-24|2025-10-25|2025-10-26|2025-10-27|2025-10-28|2025-10-29|2025-10-30|2025-10-31|2025-11-01|2025-11-02,2025-11-03 06:00,2025-11-03 06:00,9.094947017729282e-13,1.1368683772161603e-13,0,True,Optimization terminated successfully. (HiGHS Status 7: Optimal),831,1.1368683772161603e-13
2025-11-03,12,0.03439549999893643,20826.67578955162,144,20,3746,2025-10-14|2025-10-15|2025-10-16|2025-10-17|2025-10-18|2025-10-19|2025-10-20|2025-10-21|2025-10-22|2025-10-23|2025-10-24|2025-10-25|2025-10-26|2025-10-27|2025-10-28|2025-10-29|2025-10-30|2025-10-31|2025-11-01|2025-11-02,2025-11-03 12:00,2025-11-03 12:00,9.094947017729282e-13,1.1368683772161603e-13,0,True,Optimization terminated successfully. (HiGHS Status 7: Optimal),850,1.1368683772161603e-13
2025-11-03,18,0.03345354199882422,34848.15661296368,144,20,3746,2025-10-14|2025-10-15|2025-10-16|2025-10-17|2025-10-18|2025-10-19|2025-10-20|2025-10-21|2025-10-22|2025-10-23|2025-10-24|2025-10-25|2025-10-26|2025-10-27|2025-10-28|2025-10-29|2025-10-30|2025-10-31|2025-11-01|2025-11-02,2025-11-03 18:00,2025-11-03 18:00,9.094947017729282e-13,1.1368683772161603e-13,0,True,Optimization terminated successfully. (HiGHS Status 7: Optimal),856,1.1368683772161603e-13
2025-11-04,0,0.03572287499991944,2112.484590532897,144,20,3746,2025-10-15|2025-10-16|2025-10-17|2025-10-18|2025-10-19|2025-10-20|2025-10-21|2025-10-22|2025-10-23|2025-10-24|2025-10-25|2025-10-26|2025-10-27|2025-10-28|2025-10-29|2025-10-30|2025-10-31|2025-11-01|2025-11-02|2025-11-03,2025-11-04 00:00,2025-11-04 00:00,9.094947017729282e-13,2.8990143619012088e-12,0,True,Optimization terminated successfully. (HiGHS Status 7: Optimal),738,2.8990143619012088e-12
2025-11-04,6,0.042434458000570885,12321.910488001306,144,20,3746,2025-10-15|2025-10-16|2025-10-17|2025-10-18|2025-10-19|2025-10-20|2025-10-21|2025-10-22|2025-10-23|2025-10-24|2025-10-25|2025-10-26|2025-10-27|2025-10-28|2025-10-29|2025-10-30|2025-10-31|2025-11-01|2025-11-02|2025-11-03,2025-11-04 06:00,2025-11-04 06:00,7.958078640513122e-13,2.2737367544323206e-13,0,True,Optimization terminated successfully. (HiGHS Status 7: Optimal),985,2.2737367544323206e-13
2025-11-04,12,0.03318237500025134,21771.555278220825,144,20,3746,2025-10-15|2025-10-16|2025-10-17|2025-10-18|2025-10-19|2025-10-20|2025-10-21|2025-10-22|2025-10-23|2025-10-24|2025-10-25|2025-10-26|2025-10-27|2025-10-28|2025-10-29|2025-10-30|2025-10-31|2025-11-01|2025-11-02|2025-11-03,2025-11-04 12:00,2025-11-04 12:00,9.094947017729282e-13,3.410605131648481e-13,0,True,Optimization terminated successfully. (HiGHS Status 7: Optimal),834,3.410605131648481e-13
2025-11-04,18,0.03380608400038909,46072.990133782194,144,20,3746,2025-10-15|2025-10-16|2025-10-17|2025-10-18|2025-10-19|2025-10-20|2025-10-21|2025-10-22|2025-10-23|2025-10-24|2025-10-25|2025-10-26|2025-10-27|2025-10-28|2025-10-29|2025-10-30|2025-10-31|2025-11-01|2025-11-02|2025-11-03,2025-11-04 18:00,2025-11-04 18:00,9.094947017729282e-13,3.410605131648481e-13,0,True,Optimization terminated successfully. (HiGHS Status 7: Optimal),854,3.410605131648481e-13
2025-11-05,0,0.033200083000338054,2185.4461876142113,144,20,3746,2025-10-16|2025-10-17|2025-10-18|2025-10-19|2025-10-20|2025-10-21|2025-10-22|2025-10-23|2025-10-24|2025-10-25|2025-10-26|2025-10-27|2025-10-28|2025-10-29|2025-10-30|2025-10-31|2025-11-01|2025-11-02|2025-11-03|2025-11-04,2025-11-05 00:00,2025-11-05 00:00,9.094947017729282e-13,2.2737367544323206e-13,0,True,Optimization terminated successfully. (HiGHS Status 7: Optimal),753,3.410605131648481e-13
2025-11-05,6,0.03135054100130219,8083.416630311981,144,20,3746,2025-10-16|2025-10-17|2025-10-18|2025-10-19|2025-10-20|2025-10-21|2025-10-22|2025-10-23|2025-10-24|2025-10-25|2025-10-26|2025-10-27|2025-10-28|2025-10-29|2025-10-30|2025-10-31|2025-11-01|2025-11-02|2025-11-03|2025-11-04,2025-11-05 06:00,2025-11-05 06:00,8.952838470577262e-13,2.2737367544323206e-13,0,True,Optimization terminated successfully. (HiGHS Status 7: Optimal),810,3.410605131648481e-13
2025-11-05,12,0.03319425000154297,26958.67537709864,144,20,3746,2025-10-16|2025-10-17|2025-10-18|2025-10-19|2025-10-20|2025-10-21|2025-10-22|2025-10-23|2025-10-24|2025-10-25|2025-10-26|2025-10-27|2025-10-28|2025-10-29|2025-10-30|2025-10-31|2025-11-01|2025-11-02|2025-11-03|2025-11-04,2025-11-05 12:00,2025-11-05 12:00,9.094947017729282e-13,2.2737367544323206e-13,0,True,Optimization terminated successfully. (HiGHS Status 7: Optimal),847,3.410605131648481e-13
2025-11-05,18,0.03500879199964402,38184.851999862185,144,20,3746,2025-10-16|2025-10-17|2025-10-18|2025-10-19|2025-10-20|2025-10-21|2025-10-22|2025-10-23|2025-10-24|2025-10-25|2025-10-26|2025-10-27|2025-10-28|2025-10-29|2025-10-30|2025-10-31|2025-11-01|2025-11-02|2025-11-03|2025-11-04,2025-11-05 18:00,2025-11-05 18:00,9.094947017729282e-13,2.2737367544323206e-13,0,True,Optimization terminated successfully. (HiGHS Status 7: Optimal),851,3.410605131648481e-13
2025-11-06,0,0.03607849999934842,2199.529750850527,144,20,3746,2025-10-17|2025-10-18|2025-10-19|2025-10-20|2025-10-21|2025-10-22|2025-10-23|2025-10-24|2025-10-25|2025-10-26|2025-10-27|2025-10-28|2025-10-29|2025-10-30|2025-10-31|2025-11-01|2025-11-02|2025-11-03|2025-11-04|2025-11-05,2025-11-06 00:00,2025-11-06 00:00,7.958078640513122e-13,4.547473508864641e-13,0,True,Optimization terminated successfully. (HiGHS Status 7: Optimal),754,4.547473508864641e-13
2025-11-06,6,0.042925499999910244,9733.359116288328,144,20,3746,2025-10-17|2025-10-18|2025-10-19|2025-10-20|2025-10-21|2025-10-22|2025-10-23|2025-10-24|2025-10-25|2025-10-26|2025-10-27|2025-10-28|2025-10-29|2025-10-30|2025-10-31|2025-11-01|2025-11-02|2025-11-03|2025-11-04|2025-11-05,2025-11-06 06:00,2025-11-06 06:00,9.094947017729282e-13,2.2737367544323206e-13,0,True,Optimization terminated successfully. (HiGHS Status 7: Optimal),1006,3.410605131648481e-13
2025-11-06,12,0.034512041998823406,9115.114082183758,144,20,3746,2025-10-17|2025-10-18|2025-10-19|2025-10-20|2025-10-21|2025-10-22|2025-10-23|2025-10-24|2025-10-25|2025-10-26|2025-10-27|2025-10-28|2025-10-29|2025-10-30|2025-10-31|2025-11-01|2025-11-02|2025-11-03|2025-11-04|2025-11-05,2025-11-06 12:00,2025-11-06 12:00,7.567280135845067e-13,2.2737367544323206e-13,0,True,Optimization terminated successfully. (HiGHS Status 7: Optimal),784,3.410605131648481e-13
2025-11-06,18,0.03664054200089595,12490.765456130732,144,20,3746,2025-10-17|2025-10-18|2025-10-19|2025-10-20|2025-10-21|2025-10-22|2025-10-23|2025-10-24|2025-10-25|2025-10-26|2025-10-27|2025-10-28|2025-10-29|2025-10-30|2025-10-31|2025-11-01|2025-11-02|2025-11-03|2025-11-04|2025-11-05,2025-11-06 18:00,2025-11-06 18:00,9.094947017729282e-13,2.2737367544323206e-13,0,True,Optimization terminated successfully. (HiGHS Status 7: Optimal),792,3.410605131648481e-13
2025-11-07,0,0.03177887499987264,687.0725968113795,144,20,3746,2025-10-18|2025-10-19|2025-10-20|2025-10-21|2025-10-22|2025-10-23|2025-10-24|2025-10-25|2025-10-26|2025-10-27|2025-10-28|2025-10-29|2025-10-30|2025-10-31|2025-11-01|2025-11-02|2025-11-03|2025-11-04|2025-11-05|2025-11-06,2025-11-07 00:00,2025-11-07 00:00,9.094947017729282e-13,1.1937117960769683e-12,0,True,Optimization terminated successfully. (HiGHS Status 7: Optimal),621,1.1937117960769683e-12
2025-11-07,6,0.03501691699966614,8093.3056607759445,144,20,3746,2025-10-18|2025-10-19|2025-10-20|2025-10-21|2025-10-22|2025-10-23|2025-10-24|2025-10-25|2025-10-26|2025-10-27|2025-10-28|2025-10-29|2025-10-30|2025-10-31|2025-11-01|2025-11-02|2025-11-03|2025-11-04|2025-11-05|2025-11-06,2025-11-07 06:00,2025-11-07 06:00,8.641976023682219e-13,1.1368683772161603e-13,0,True,Optimization terminated successfully. (HiGHS Status 7: Optimal),734,1.1368683772161603e-13
2025-11-07,12,0.035684582999238046,10094.842299491072,144,20,3746,2025-10-18|2025-10-19|2025-10-20|2025-10-21|2025-10-22|2025-10-23|2025-10-24|2025-10-25|2025-10-26|2025-10-27|2025-10-28|2025-10-29|2025-10-30|2025-10-31|2025-11-01|2025-11-02|2025-11-03|2025-11-04|2025-11-05|2025-11-06,2025-11-07 12:00,2025-11-07 12:00,9.094947017729282e-13,1.1368683772161603e-13,0,True,Optimization terminated successfully. (HiGHS Status 7: Optimal),736,1.1368683772161603e-13
2025-11-07,18,0.03206987500016112,8883.937935498585,144,20,3746,2025-10-18|2025-10-19|2025-10-20|2025-10-21|2025-10-22|2025-10-23|2025-10-24|2025-10-25|2025-10-26|2025-10-27|2025-10-28|2025-10-29|2025-10-30|2025-10-31|2025-11-01|2025-11-02|2025-11-03|2025-11-04|2025-11-05|2025-11-06,2025-11-07 18:00,2025-11-07 18:00,8.526512829121202e-13,1.1937117960769683e-12,0,True,Optimization terminated successfully. (HiGHS Status 7: Optimal),679,1.1937117960769683e-12
2025-11-08,0,0.039484666998760076,1024.7933965211398,144,20,3746,2025-10-19|2025-10-20|2025-10-21|2025-10-22|2025-10-23|2025-10-24|2025-10-25|2025-10-26|2025-10-27|2025-10-28|2025-10-29|2025-10-30|2025-10-31|2025-11-01|2025-11-02|2025-11-03|2025-11-04|2025-11-05|2025-11-06|2025-11-07,2025-11-08 00:00,2025-11-08 00:00,9.094947017729282e-13,4.547473508864641e-13,0,True,Optimization terminated successfully. (HiGHS Status 7: Optimal),720,4.547473508864641e-13
2025-11-08,6,0.031918665999910445,10292.755777099343,144,20,3746,2025-10-19|2025-10-20|2025-10-21|2025-10-22|2025-10-23|2025-10-24|2025-10-25|2025-10-26|2025-10-27|2025-10-28|2025-10-29|2025-10-30|2025-10-31|2025-11-01|2025-11-02|2025-11-03|2025-11-04|2025-11-05|2025-11-06|2025-11-07,2025-11-08 06:00,2025-11-08 06:00,9.094947017729282e-13,5.684341886080802e-14,0,True,Optimization terminated successfully. (HiGHS Status 7: Optimal),672,1.1368683772161603e-13
2025-11-08,12,0.03440200000113691,19461.818271046064,144,20,3746,2025-10-19|2025-10-20|2025-10-21|2025-10-22|2025-10-23|2025-10-24|2025-10-25|2025-10-26|2025-10-27|2025-10-28|2025-10-29|2025-10-30|2025-10-31|2025-11-01|2025-11-02|2025-11-03|2025-11-04|2025-11-05|2025-11-06|2025-11-07,2025-11-08 12:00,2025-11-08 12:00,9.094947017729282e-13,5.684341886080802e-14,0,True,Optimization terminated successfully. (HiGHS Status 7: Optimal),787,1.1368683772161603e-13
2025-11-08,18,0.03358154200032004,37653.65435484455,144,20,3746,2025-10-19|2025-10-20|2025-10-21|2025-10-22|2025-10-23|2025-10-24|2025-10-25|2025-10-26|2025-10-27|2025-10-28|2025-10-29|2025-10-30|2025-10-31|2025-11-01|2025-11-02|2025-11-03|2025-11-04|2025-11-05|2025-11-06|2025-11-07,2025-11-08 18:00,2025-11-08 18:00,9.094947017729282e-13,1.1368683772161603e-12,0,True,Optimization terminated successfully. (HiGHS Status 7: Optimal),838,1.1368683772161603e-12
2025-11-09,0,0.03507141699992644,1801.2932776101718,144,20,3746,2025-10-20|2025-10-21|2025-10-22|2025-10-23|2025-10-24|2025-10-25|2025-10-26|2025-10-27|2025-10-28|2025-10-29|2025-10-30|2025-10-31|2025-11-01|2025-11-02|2025-11-03|2025-11-04|2025-11-05|2025-11-06|2025-11-07|2025-11-08,2025-11-09 00:00,2025-11-09 00:00,8.526512829121202e-13,3.410605131648481e-13,0,True,Optimization terminated successfully. (HiGHS Status 7: Optimal),755,3.410605131648481e-13
2025-11-09,6,0.032448832998852595,10497.612589594735,144,20,3746,2025-10-20|2025-10-21|2025-10-22|2025-10-23|2025-10-24|2025-10-25|2025-10-26|2025-10-27|2025-10-28|2025-10-29|2025-10-30|2025-10-31|2025-11-01|2025-11-02|2025-11-03|2025-11-04|2025-11-05|2025-11-06|2025-11-07|2025-11-08,2025-11-09 06:00,2025-11-09 06:00,9.094947017729282e-13,2.2737367544323206e-13,0,True,Optimization terminated successfully. (HiGHS Status 7: Optimal),826,2.2737367544323206e-13
2025-11-09,12,0.03437570899950515,24805.2287605049,144,20,3746,2025-10-20|2025-10-21|2025-10-22|2025-10-23|2025-10-24|2025-10-25|2025-10-26|2025-10-27|2025-10-28|2025-10-29|2025-10-30|2025-10-31|2025-11-01|2025-11-02|2025-11-03|2025-11-04|2025-11-05|2025-11-06|2025-11-07|2025-11-08,2025-11-09 12:00,2025-11-09 12:00,9.094947017729282e-13,2.2737367544323206e-13,0,True,Optimization terminated successfully. (HiGHS Status 7: Optimal),878,2.2737367544323206e-13
2025-11-09,18,0.035100791001241305,42012.39626924502,144,20,3746,2025-10-20|2025-10-21|2025-10-22|2025-10-23|2025-10-24|2025-10-25|2025-10-26|2025-10-27|2025-10-28|2025-10-29|2025-10-30|2025-10-31|2025-11-01|2025-11-02|2025-11-03|2025-11-04|2025-11-05|2025-11-06|2025-11-07|2025-11-08,2025-11-09 18:00,2025-11-09 18:00,7.958078640513122e-13,0.0,0,True,Optimization terminated successfully. (HiGHS Status 7: Optimal),854,0.0
2025-11-10,0,0.032885874999919906,1764.7275865146794,144,20,3746,2025-10-21|2025-10-22|2025-10-23|2025-10-24|2025-10-25|2025-10-26|2025-10-27|2025-10-28|2025-10-29|2025-10-30|2025-10-31|2025-11-01|2025-11-02|2025-11-03|2025-11-04|2025-11-05|2025-11-06|2025-11-07|2025-11-08|2025-11-09,2025-11-10 00:00,2025-11-10 00:00,9.094947017729282e-13,7.958078640513122e-13,0,True,Optimization terminated successfully. (HiGHS Status 7: Optimal),752,7.958078640513122e-13
2025-11-10,6,0.038995333999992,13805.479436597845,144,20,3746,2025-10-21|2025-10-22|2025-10-23|2025-10-24|2025-10-25|2025-10-26|2025-10-27|2025-10-28|2025-10-29|2025-10-30|2025-10-31|2025-11-01|2025-11-02|2025-11-03|2025-11-04|2025-11-05|2025-11-06|2025-11-07|2025-11-08|2025-11-09,2025-11-10 06:00,2025-11-10 06:00,8.299125275890162e-13,2.2737367544323206e-13,0,True,Optimization terminated successfully. (HiGHS Status 7: Optimal),1005,1.1368683772161603e-13
2025-11-10,12,0.034258667001267895,18559.883687971334,144,20,3746,2025-10-21|2025-10-22|2025-10-23|2025-10-24|2025-10-25|2025-10-26|2025-10-27|2025-10-28|2025-10-29|2025-10-30|2025-10-31|2025-11-01|2025-11-02|2025-11-03|2025-11-04|2025-11-05|2025-11-06|2025-11-07|2025-11-08|2025-11-09,2025-11-10 12:00,2025-11-10 12:00,9.094947017729282e-13,1.1368683772161603e-13,0,True,Optimization terminated successfully. (HiGHS Status 7: Optimal),833,1.1368683772161603e-13
2025-11-10,18,0.0334895409996534,35447.87977491906,144,20,3746,2025-10-21|2025-10-22|2025-10-23|2025-10-24|2025-10-25|2025-10-26|2025-10-27|2025-10-28|2025-10-29|2025-10-30|2025-10-31|2025-11-01|2025-11-02|2025-11-03|2025-11-04|2025-11-05|2025-11-06|2025-11-07|2025-11-08|2025-11-09,2025-11-10 18:00,2025-11-10 18:00,7.958078640513122e-13,2.2737367544323206e-13,0,True,Optimization terminated successfully. (HiGHS Status 7: Optimal),869,1.1368683772161603e-13
2025-11-11,0,0.03630258300108835,1735.6110417253042,144,20,3746,2025-10-22|2025-10-23|2025-10-24|2025-10-25|2025-10-26|2025-10-27|2025-10-28|2025-10-29|2025-10-30|2025-10-31|2025-11-01|2025-11-02|2025-11-03|2025-11-04|2025-11-05|2025-11-06|2025-11-07|2025-11-08|2025-11-09|2025-11-10,2025-11-11 00:00,2025-11-11 00:00,8.526512829121202e-13,6.821210263296962e-13,0,True,Optimization terminated successfully. (HiGHS Status 7: Optimal),764,7.578937477603631e-13
2025-11-11,6,0.032479208000950166,10048.028451464357,144,20,3746,2025-10-22|2025-10-23|2025-10-24|2025-10-25|2025-10-26|2025-10-27|2025-10-28|2025-10-29|2025-10-30|2025-10-31|2025-11-01|2025-11-02|2025-11-03|2025-11-04|2025-11-05|2025-11-06|2025-11-07|2025-11-08|2025-11-09|2025-11-10,2025-11-11 06:00,2025-11-11 06:00,8.100187187665142e-13,1.1368683772161603e-13,0,True,Optimization terminated successfully. (HiGHS Status 7: Optimal),828,1.1368683772161603e-13
2025-11-11,12,0.03289895799935039,25638.879684493095,144,20,3746,2025-10-22|2025-10-23|2025-10-24|2025-10-25|2025-10-26|2025-10-27|2025-10-28|2025-10-29|2025-10-30|2025-10-31|2025-11-01|2025-11-02|2025-11-03|2025-11-04|2025-11-05|2025-11-06|2025-11-07|2025-11-08|2025-11-09|2025-11-10,2025-11-11 12:00,2025-11-11 12:00,8.881784197001252e-13,6.821210263296962e-13,0,True,Optimization terminated successfully. (HiGHS Status 7: Optimal),842,6.821210263296962e-13
2025-11-11,18,0.03379929199945764,35259.942010952414,144,20,3746,2025-10-22|2025-10-23|2025-10-24|2025-10-25|2025-10-26|2025-10-27|2025-10-28|2025-10-29|2025-10-30|2025-10-31|2025-11-01|2025-11-02|2025-11-03|2025-11-04|2025-11-05|2025-11-06|2025-11-07|2025-11-08|2025-11-09|2025-11-10,2025-11-11 18:00,2025-11-11 18:00,8.810729923425242e-13,6.821210263296962e-13,0,True,Optimization terminated successfully. (HiGHS Status 7: Optimal),841,6.821210263296962e-13
2025-11-12,0,0.03317874999993364,1834.1952147243887,144,20,3746,2025-10-23|2025-10-24|2025-10-25|2025-10-26|2025-10-27|2025-10-28|2025-10-29|2025-10-30|2025-10-31|2025-11-01|2025-11-02|2025-11-03|2025-11-04|2025-11-05|2025-11-06|2025-11-07|2025-11-08|2025-11-09|2025-11-10|2025-11-11,2025-11-12 00:00,2025-11-12 00:00,9.094947017729282e-13,1.4779288903810084e-12,0,True,Optimization terminated successfully. (HiGHS Status 7: Optimal),756,1.4779288903810084e-12
2025-11-12,6,0.043820000000778236,14832.204417239027,144,20,3746,2025-10-23|2025-10-24|2025-10-25|2025-10-26|2025-10-27|2025-10-28|2025-10-29|2025-10-30|2025-10-31|2025-11-01|2025-11-02|2025-11-03|2025-11-04|2025-11-05|2025-11-06|2025-11-07|2025-11-08|2025-11-09|2025-11-10|2025-11-11,2025-11-12 06:00,2025-11-12 06:00,8.526512829121202e-13,2.2737367544323206e-13,0,True,Optimization terminated successfully. (HiGHS Status 7: Optimal),1057,0.0
2025-11-12,12,0.03426058300101431,21686.170849824703,144,20,3746,2025-10-23|2025-10-24|2025-10-25|2025-10-26|2025-10-27|2025-10-28|2025-10-29|2025-10-30|2025-10-31|2025-11-01|2025-11-02|2025-11-03|2025-11-04|2025-11-05|2025-11-06|2025-11-07|2025-11-08|2025-11-09|2025-11-10|2025-11-11,2025-11-12 12:00,2025-11-12 12:00,9.094947017729282e-13,1.4779288903810084e-12,0,True,Optimization terminated successfully. (HiGHS Status 7: Optimal),851,1.4779288903810084e-12
2025-11-12,18,0.03284358299970336,37249.3113434955,144,20,3746,2025-10-23|2025-10-24|2025-10-25|2025-10-26|2025-10-27|2025-10-28|2025-10-29|2025-10-30|2025-10-31|2025-11-01|2025-11-02|2025-11-03|2025-11-04|2025-11-05|2025-11-06|2025-11-07|2025-11-08|2025-11-09|2025-11-10|2025-11-11,2025-11-12 18:00,2025-11-12 18:00,9.094947017729282e-13,1.4779288903810084e-12,0,True,Optimization terminated successfully. (HiGHS Status 7: Optimal),843,1.4779288903810084e-12
2025-11-13,0,0.036178874999677646,1754.84530148198,144,20,3746,2025-10-24|2025-10-25|2025-10-26|2025-10-27|2025-10-28|2025-10-29|2025-10-30|2025-10-31|2025-11-01|2025-11-02|2025-11-03|2025-11-04|2025-11-05|2025-11-06|2025-11-07|2025-11-08|2025-11-09|2025-11-10|2025-11-11|2025-11-12,2025-11-13 00:00,2025-11-13 00:00,9.094947017729282e-13,1.2505552149377763e-12,0,True,Optimization terminated successfully. (HiGHS Status 7: Optimal),754,1.2505552149377763e-12
2025-11-13,6,0.03937791700082016,9165.809238389342,144,20,3746,2025-10-24|2025-10-25|2025-10-26|2025-10-27|2025-10-28|2025-10-29|2025-10-30|2025-10-31|2025-11-01|2025-11-02|2025-11-03|2025-11-04|2025-11-05|2025-11-06|2025-11-07|2025-11-08|2025-11-09|2025-11-10|2025-11-11|2025-11-12,2025-11-13 06:00,2025-11-13 06:00,8.185674360561279e-13,1.1368683772161603e-13,0,True,Optimization terminated successfully. (HiGHS Status 7: Optimal),924,0.0
2025-11-13,12,0.038457083001048886,10649.848805275387,144,20,3746,2025-10-24|2025-10-25|2025-10-26|2025-10-27|2025-10-28|2025-10-29|2025-10-30|2025-10-31|2025-11-01|2025-11-02|2025-11-03|2025-11-04|2025-11-05|2025-11-06|2025-11-07|2025-11-08|2025-11-09|2025-11-10|2025-11-11|2025-11-12,2025-11-13 12:00,2025-11-13 12:00,9.094947017729282e-13,2.2737367544323206e-13,0,True,Optimization terminated successfully. (HiGHS Status 7: Optimal),890,0.0
2025-11-13,18,0.03595366700028535,11238.212273590716,144,20,3746,2025-10-24|2025-10-25|2025-10-26|2025-10-27|2025-10-28|2025-10-29|2025-10-30|2025-10-31|2025-11-01|2025-11-02|2025-11-03|2025-11-04|2025-11-05|2025-11-06|2025-11-07|2025-11-08|2025-11-09|2025-11-10|2025-11-11|2025-11-12,2025-11-13 18:00,2025-11-13 18:00,9.094947017729282e-13,9.094947017729282e-13,0,True,Optimization terminated successfully. (HiGHS Status 7: Optimal),740,9.094947017729282e-13
2025-11-14,0,0.03916741700049897,1051.200970497976,144,20,3746,2025-10-25|2025-10-26|2025-10-27|2025-10-28|2025-10-29|2025-10-30|2025-10-31|2025-11-01|2025-11-02|2025-11-03|2025-11-04|2025-11-05|2025-11-06|2025-11-07|2025-11-08|2025-11-09|2025-11-10|2025-11-11|2025-11-12|2025-11-13,2025-11-14 00:00,2025-11-14 00:00,8.526512829121202e-13,2.2737367544323206e-13,0,True,Optimization terminated successfully. (HiGHS Status 7: Optimal),717,2.8421709430404007e-13
2025-11-14,6,0.031460874999538646,7510.094475536581,144,20,3746,2025-10-25|2025-10-26|2025-10-27|2025-10-28|2025-10-29|2025-10-30|2025-10-31|2025-11-01|2025-11-02|2025-11-03|2025-11-04|2025-11-05|2025-11-06|2025-11-07|2025-11-08|2025-11-09|2025-11-10|2025-11-11|2025-11-12|2025-11-13,2025-11-14 06:00,2025-11-14 06:00,8.86402062860725e-13,2.2737367544323206e-13,0,True,Optimization terminated successfully. (HiGHS Status 7: Optimal),663,2.8421709430404007e-13
2025-11-14,12,0.03508516700094333,8430.211072352578,144,20,3746,2025-10-25|2025-10-26|2025-10-27|2025-10-28|2025-10-29|2025-10-30|2025-10-31|2025-11-01|2025-11-02|2025-11-03|2025-11-04|2025-11-05|2025-11-06|2025-11-07|2025-11-08|2025-11-09|2025-11-10|2025-11-11|2025-11-12|2025-11-13,2025-11-14 12:00,2025-11-14 12:00,9.059419880941277e-13,2.2737367544323206e-13,0,True,Optimization terminated successfully. (HiGHS Status 7: Optimal),764,2.8421709430404007e-13
2025-11-14,18,0.037112916999831214,12213.565973197601,144,20,3746,2025-10-25|2025-10-26|2025-10-27|2025-10-28|2025-10-29|2025-10-30|2025-10-31|2025-11-01|2025-11-02|2025-11-03|2025-11-04|2025-11-05|2025-11-06|2025-11-07|2025-11-08|2025-11-09|2025-11-10|2025-11-11|2025-11-12|2025-11-13,2025-11-14 18:00,2025-11-14 18:00,8.526512829121202e-13,2.2737367544323206e-13,0,True,Optimization terminated successfully. (HiGHS Status 7: Optimal),754,2.8421709430404007e-13
2025-11-15,0,0.03540791699924739,1383.139457288161,144,20,3746,2025-10-26|2025-10-27|2025-10-28|2025-10-29|2025-10-30|2025-10-31|2025-11-01|2025-11-02|2025-11-03|2025-11-04|2025-11-05|2025-11-06|2025-11-07|2025-11-08|2025-11-09|2025-11-10|2025-11-11|2025-11-12|2025-11-13|2025-11-14,2025-11-15 00:00,2025-11-15 00:00,7.958078640513122e-13,1.1368683772161603e-13,0,True,Optimization terminated successfully. (HiGHS Status 7: Optimal),696,1.1368683772161603e-13
2025-11-15,6,0.030443165998804034,9717.44539218567,144,20,3746,2025-10-26|2025-10-27|2025-10-28|2025-10-29|2025-10-30|2025-10-31|2025-11-01|2025-11-02|2025-11-03|2025-11-04|2025-11-05|2025-11-06|2025-11-07|2025-11-08|2025-11-09|2025-11-10|2025-11-11|2025-11-12|2025-11-13|2025-11-14,2025-11-15 06:00,2025-11-15 06:00,8.846257060213247e-13,1.1368683772161603e-13,0,True,Optimization terminated successfully. (HiGHS Status 7: Optimal),655,5.684341886080802e-14
2025-11-15,12,0.03433016700000735,21644.986879728054,144,20,3746,2025-10-26|2025-10-27|2025-10-28|2025-10-29|2025-10-30|2025-10-31|2025-11-01|2025-11-02|2025-11-03|2025-11-04|2025-11-05|2025-11-06|2025-11-07|2025-11-08|2025-11-09|2025-11-10|2025-11-11|2025-11-12|2025-11-13|2025-11-14,2025-11-15 12:00,2025-11-15 12:00,8.841816168114747e-13,5.684341886080802e-14,0,True,Optimization terminated successfully. (HiGHS Status 7: Optimal),779,5.684341886080802e-14
2025-11-15,18,0.033345875001032255,36048.46922298395,144,20,3746,2025-10-26|2025-10-27|2025-10-28|2025-10-29|2025-10-30|2025-10-31|2025-11-01|2025-11-02|2025-11-03|2025-11-04|2025-11-05|2025-11-06|2025-11-07|2025-11-08|2025-11-09|2025-11-10|2025-11-11|2025-11-12|2025-11-13|2025-11-14,2025-11-15 18:00,2025-11-15 18:00,7.958078640513122e-13,5.684341886080802e-14,0,True,Optimization terminated successfully. (HiGHS Status 7: Optimal),837,5.684341886080802e-14
2025-11-16,0,0.03671633399972052,1917.2737996824112,144,20,3746,2025-10-27|2025-10-28|2025-10-29|2025-10-30|2025-10-31|2025-11-01|2025-11-02|2025-11-03|2025-11-04|2025-11-05|2025-11-06|2025-11-07|2025-11-08|2025-11-09|2025-11-10|2025-11-11|2025-11-12|2025-11-13|2025-11-14|2025-11-15,2025-11-16 00:00,2025-11-16 00:00,7.958078640513122e-13,5.684341886080801e-13,0,True,Optimization terminated successfully. (HiGHS Status 7: Optimal),766,5.684341886080801e-13
2025-11-16,6,0.04443229200114729,13598.258981559218,144,20,3746,2025-10-27|2025-10-28|2025-10-29|2025-10-30|2025-10-31|2025-11-01|2025-11-02|2025-11-03|2025-11-04|2025-11-05|2025-11-06|2025-11-07|2025-11-08|2025-11-09|2025-11-10|2025-11-11|2025-11-12|2025-11-13|2025-11-14|2025-11-15,2025-11-16 06:00,2025-11-16 06:00,9.094947017729282e-13,2.2737367544323206e-13,0,True,Optimization terminated successfully. (HiGHS Status 7: Optimal),1043,0.0
2025-11-16,12,0.03711508300148125,28014.7686077525,144,20,3746,2025-10-27|2025-10-28|2025-10-29|2025-10-30|2025-10-31|2025-11-01|2025-11-02|2025-11-03|2025-11-04|2025-11-05|2025-11-06|2025-11-07|2025-11-08|2025-11-09|2025-11-10|2025-11-11|2025-11-12|2025-11-13|2025-11-14|2025-11-15,2025-11-16 12:00,2025-11-16 12:00,9.094947017729282e-13,1.1368683772161603e-13,0,True,Optimization terminated successfully. (HiGHS Status 7: Optimal),955,0.0
2025-11-16,18,0.03412074999869219,32734.37803208748,144,20,3746,2025-10-27|2025-10-28|2025-10-29|2025-10-30|2025-10-31|2025-11-01|2025-11-02|2025-11-03|2025-11-04|2025-11-05|2025-11-06|2025-11-07|2025-11-08|2025-11-09|2025-11-10|2025-11-11|2025-11-12|2025-11-13|2025-11-14|2025-11-15,2025-11-16 18:00,2025-11-16 18:00,9.094947017729282e-13,5.684341886080801e-13,0,True,Optimization terminated successfully. (HiGHS Status 7: Optimal),863,5.684341886080801e-13
2025-11-17,0,0.036579375000656,1971.3705339035353,144,20,3746,2025-10-28|2025-10-29|2025-10-30|2025-10-31|2025-11-01|2025-11-02|2025-11-03|2025-11-04|2025-11-05|2025-11-06|2025-11-07|2025-11-08|2025-11-09|2025-11-10|2025-11-11|2025-11-12|2025-11-13|2025-11-14|2025-11-15|2025-11-16,2025-11-17 00:00,2025-11-17 00:00,9.094947017729282e-13,9.094947017729282e-13,0,True,Optimization terminated successfully. (HiGHS Status 7: Optimal),759,9.094947017729282e-13
2025-11-17,6,0.04421587500110036,17425.86008523166,144,20,3746,2025-10-28|2025-10-29|2025-10-30|2025-10-31|2025-11-01|2025-11-02|2025-11-03|2025-11-04|2025-11-05|2025-11-06|2025-11-07|2025-11-08|2025-11-09|2025-11-10|2025-11-11|2025-11-12|2025-11-13|2025-11-14|2025-11-15|2025-11-16,2025-11-17 06:00,2025-11-17 06:00,8.526512829121202e-13,2.2737367544323206e-13,0,True,Optimization terminated successfully. (HiGHS Status 7: Optimal),1032,1.1368683772161603e-13
2025-11-17,12,0.037137833000087994,29168.272140076086,144,20,3746,2025-10-28|2025-10-29|2025-10-30|2025-10-31|2025-11-01|2025-11-02|2025-11-03|2025-11-04|2025-11-05|2025-11-06|2025-11-07|2025-11-08|2025-11-09|2025-11-10|2025-11-11|2025-11-12|2025-11-13|2025-11-14|2025-11-15|2025-11-16,2025-11-17 12:00,2025-11-17 12:00,8.881784197001252e-13,2.2737367544323206e-13,0,True,Optimization terminated successfully. (HiGHS Status 7: Optimal),943,1.1368683772161603e-13
2025-11-17,18,0.03493745799823955,39681.13446474142,144,20,3746,2025-10-28|2025-10-29|2025-10-30|2025-10-31|2025-11-01|2025-11-02|2025-11-03|2025-11-04|2025-11-05|2025-11-06|2025-11-07|2025-11-08|2025-11-09|2025-11-10|2025-11-11|2025-11-12|2025-11-13|2025-11-14|2025-11-15|2025-11-16,2025-11-17 18:00,2025-11-17 18:00,9.094947017729282e-13,2.2737367544323206e-13,0,True,Optimization terminated successfully. (HiGHS Status 7: Optimal),840,2.2737367544323206e-13
2025-11-18,0,0.03566016700096952,1811.6947463301058,144,20,3746,2025-10-29|2025-10-30|2025-10-31|2025-11-01|2025-11-02|2025-11-03|2025-11-04|2025-11-05|2025-11-06|2025-11-07|2025-11-08|2025-11-09|2025-11-10|2025-11-11|2025-11-12|2025-11-13|2025-11-14|2025-11-15|2025-11-16|2025-11-17,2025-11-18 00:00,2025-11-18 00:00,9.094947017729282e-13,1.5347723092418164e-12,0,True,Optimization terminated successfully. (HiGHS Status 7: Optimal),741,1.5916157281026244e-12
2025-11-18,6,0.032609124998998595,10320.028653123007,144,20,3746,2025-10-29|2025-10-30|2025-10-31|2025-11-01|2025-11-02|2025-11-03|2025-11-04|2025-11-05|2025-11-06|2025-11-07|2025-11-08|2025-11-09|2025-11-10|2025-11-11|2025-11-12|2025-11-13|2025-11-14|2025-11-15|2025-11-16|2025-11-17,2025-11-18 06:00,2025-11-18 06:00,8.071321389024888e-13,7.958078640513122e-13,0,True,Optimization terminated successfully. (HiGHS Status 7: Optimal),844,7.958078640513122e-13
2025-11-18,12,0.032929208000496146,28938.394061460436,144,20,3746,2025-10-29|2025-10-30|2025-10-31|2025-11-01|2025-11-02|2025-11-03|2025-11-04|2025-11-05|2025-11-06|2025-11-07|2025-11-08|2025-11-09|2025-11-10|2025-11-11|2025-11-12|2025-11-13|2025-11-14|2025-11-15|2025-11-16|2025-11-17,2025-11-18 12:00,2025-11-18 12:00,8.526512829121202e-13,7.958078640513122e-13,0,True,Optimization terminated successfully. (HiGHS Status 7: Optimal),866,7.958078640513122e-13
2025-11-18,18,0.034850417001507594,39260.31118213119,144,20,3746,2025-10-29|2025-10-30|2025-10-31|2025-11-01|2025-11-02|2025-11-03|2025-11-04|2025-11-05|2025-11-06|2025-11-07|2025-11-08|2025-11-09|2025-11-10|2025-11-11|2025-11-12|2025-11-13|2025-11-14|2025-11-15|2025-11-16|2025-11-17,2025-11-18 18:00,2025-11-18 18:00,9.663381206337363e-13,7.958078640513122e-13,0,True,Optimization terminated successfully. (HiGHS Status 7: Optimal),836,7.958078640513122e-13
2025-11-19,0,0.03618004199961433,1774.6920045433815,144,20,3746,2025-10-30|2025-10-31|2025-11-01|2025-11-02|2025-11-03|2025-11-04|2025-11-05|2025-11-06|2025-11-07|2025-11-08|2025-11-09|2025-11-10|2025-11-11|2025-11-12|2025-11-13|2025-11-14|2025-11-15|2025-11-16|2025-11-17|2025-11-18,2025-11-19 00:00,2025-11-19 00:00,9.094947017729282e-13,1.3642420526593924e-12,0,True,Optimization terminated successfully. (HiGHS Status 7: Optimal),758,1.3642420526593924e-12
2025-11-19,6,0.04523437500029104,16442.119150860235,144,20,3746,2025-10-30|2025-10-31|2025-11-01|2025-11-02|2025-11-03|2025-11-04|2025-11-05|2025-11-06|2025-11-07|2025-11-08|2025-11-09|2025-11-10|2025-11-11|2025-11-12|2025-11-13|2025-11-14|2025-11-15|2025-11-16|2025-11-17|2025-11-18,2025-11-19 06:00,2025-11-19 06:00,8.526512829121202e-13,2.2737367544323206e-13,0,True,Optimization terminated successfully. (HiGHS Status 7: Optimal),1070,2.2737367544323206e-13
2025-11-19,12,0.0384185000002617,31099.214215465647,144,20,3746,2025-10-30|2025-10-31|2025-11-01|2025-11-02|2025-11-03|2025-11-04|2025-11-05|2025-11-06|2025-11-07|2025-11-08|2025-11-09|2025-11-10|2025-11-11|2025-11-12|2025-11-13|2025-11-14|2025-11-15|2025-11-16|2025-11-17|2025-11-18,2025-11-19 12:00,2025-11-19 12:00,9.094947017729282e-13,2.2737367544323206e-13,0,True,Optimization terminated successfully. (HiGHS Status 7: Optimal),984,2.2737367544323206e-13
2025-11-19,18,0.03593699999873934,40096.13813504175,144,20,3746,2025-10-30|2025-10-31|2025-11-01|2025-11-02|2025-11-03|2025-11-04|2025-11-05|2025-11-06|2025-11-07|2025-11-08|2025-11-09|2025-11-10|2025-11-11|2025-11-12|2025-11-13|2025-11-14|2025-11-15|2025-11-16|2025-11-17|2025-11-18,2025-11-19 18:00,2025-11-19 18:00,9.094947017729282e-13,1.1368683772161603e-13,0,True,Optimization terminated successfully. (HiGHS Status 7: Optimal),855,2.2737367544323206e-13
2025-11-20,0,0.036010625000926666,1728.7165692499525,144,20,3746,2025-10-31|2025-11-01|2025-11-02|2025-11-03|2025-11-04|2025-11-05|2025-11-06|2025-11-07|2025-11-08|2025-11-09|2025-11-10|2025-11-11|2025-11-12|2025-11-13|2025-11-14|2025-11-15|2025-11-16|2025-11-17|2025-11-18|2025-11-19,2025-11-20 00:00,2025-11-20 00:00,9.094947017729282e-13,1.5916157281026244e-12,0,True,Optimization terminated successfully. (HiGHS Status 7: Optimal),750,1.5916157281026244e-12
2025-11-20,6,0.03875291599979391,9709.283163809394,144,20,3746,2025-10-31|2025-11-01|2025-11-02|2025-11-03|2025-11-04|2025-11-05|2025-11-06|2025-11-07|2025-11-08|2025-11-09|2025-11-10|2025-11-11|2025-11-12|2025-11-13|2025-11-14|2025-11-15|2025-11-16|2025-11-17|2025-11-18|2025-11-19,2025-11-20 06:00,2025-11-20 06:00,9.094947017729282e-13,1.1368683772161603e-13,0,True,Optimization terminated successfully. (HiGHS Status 7: Optimal),948,1.1368683772161603e-13
2025-11-20,12,0.036448790999202174,10274.556644925231,144,20,3746,2025-10-31|2025-11-01|2025-11-02|2025-11-03|2025-11-04|2025-11-05|2025-11-06|2025-11-07|2025-11-08|2025-11-09|2025-11-10|2025-11-11|2025-11-12|2025-11-13|2025-11-14|2025-11-15|2025-11-16|2025-11-17|2025-11-18|2025-11-19,2025-11-20 12:00,2025-11-20 12:00,9.094947017729282e-13,2.2737367544323206e-13,0,True,Optimization terminated successfully. (HiGHS Status 7: Optimal),898,1.1368683772161603e-13
2025-11-20,18,0.037574083000436076,14612.436802324877,144,20,3746,2025-10-31|2025-11-01|2025-11-02|2025-11-03|2025-11-04|2025-11-05|2025-11-06|2025-11-07|2025-11-08|2025-11-09|2025-11-10|2025-11-11|2025-11-12|2025-11-13|2025-11-14|2025-11-15|2025-11-16|2025-11-17|2025-11-18|2025-11-19,2025-11-20 18:00,2025-11-20 18:00,9.094947017729282e-13,1.1368683772161603e-13,0,True,Optimization terminated successfully. (HiGHS Status 7: Optimal),808,1.1368683772161603e-13
2025-11-21,0,0.03457275000073423,731.6762893500261,144,20,3746,2025-11-01|2025-11-02|2025-11-03|2025-11-04|2025-11-05|2025-11-06|2025-11-07|2025-11-08|2025-11-09|2025-11-10|2025-11-11|2025-11-12|2025-11-13|2025-11-14|2025-11-15|2025-11-16|2025-11-17|2025-11-18|2025-11-19|2025-11-20,2025-11-21 00:00,2025-11-21 00:00,9.094947017729282e-13,1.1368683772161603e-13,0,True,Optimization terminated successfully. (HiGHS Status 7: Optimal),649,1.1368683772161603e-13
2025-11-21,6,0.041639417000624235,9231.665947591988,144,20,3746,2025-11-01|2025-11-02|2025-11-03|2025-11-04|2025-11-05|2025-11-06|2025-11-07|2025-11-08|2025-11-09|2025-11-10|2025-11-11|2025-11-12|2025-11-13|2025-11-14|2025-11-15|2025-11-16|2025-11-17|2025-11-18|2025-11-19|2025-11-20,2025-11-21 06:00,2025-11-21 06:00,9.094947017729282e-13,1.1368683772161603e-13,0,True,Optimization terminated successfully. (HiGHS Status 7: Optimal),841,1.1368683772161603e-13
2025-11-21,12,0.03324729199994181,8809.413641953091,144,20,3746,2025-11-01|2025-11-02|2025-11-03|2025-11-04|2025-11-05|2025-11-06|2025-11-07|2025-11-08|2025-11-09|2025-11-10|2025-11-11|2025-11-12|2025-11-13|2025-11-14|2025-11-15|2025-11-16|2025-11-17|2025-11-18|2025-11-19|2025-11-20,2025-11-21 12:00,2025-11-21 12:00,9.094947017729282e-13,1.1368683772161603e-13,0,True,Optimization terminated successfully. (HiGHS Status 7: Optimal),743,1.1368683772161603e-13
2025-11-21,18,0.032543041999815614,10052.525455020846,144,20,3746,2025-11-01|2025-11-02|2025-11-03|2025-11-04|2025-11-05|2025-11-06|2025-11-07|2025-11-08|2025-11-09|2025-11-10|2025-11-11|2025-11-12|2025-11-13|2025-11-14|2025-11-15|2025-11-16|2025-11-17|2025-11-18|2025-11-19|2025-11-20,2025-11-21 18:00,2025-11-21 18:00,9.094947017729282e-13,1.1368683772161603e-13,0,True,Optimization terminated successfully. (HiGHS Status 7: Optimal),692,1.1368683772161603e-13
2025-11-22,0,0.034412875000271015,1120.7490427471366,144,20,3746,2025-11-02|2025-11-03|2025-11-04|2025-11-05|2025-11-06|2025-11-07|2025-11-08|2025-11-09|2025-11-10|2025-11-11|2025-11-12|2025-11-13|2025-11-14|2025-11-15|2025-11-16|2025-11-17|2025-11-18|2025-11-19|2025-11-20|2025-11-21,2025-11-22 00:00,2025-11-22 00:00,6.963318810448982e-13,1.1368683772161603e-13,0,True,Optimization terminated successfully. (HiGHS Status 7: Optimal),688,1.1368683772161603e-13
2025-11-22,6,0.03143008299957728,9445.010038738323,144,20,3746,2025-11-02|2025-11-03|2025-11-04|2025-11-05|2025-11-06|2025-11-07|2025-11-08|2025-11-09|2025-11-10|2025-11-11|2025-11-12|2025-11-13|2025-11-14|2025-11-15|2025-11-16|2025-11-17|2025-11-18|2025-11-19|2025-11-20|2025-11-21,2025-11-22 06:00,2025-11-22 06:00,8.242295734817162e-13,1.1368683772161603e-13,0,True,Optimization terminated successfully. (HiGHS Status 7: Optimal),672,1.1368683772161603e-13
2025-11-22,12,0.0333165829997597,22479.63321463778,144,20,3746,2025-11-02|2025-11-03|2025-11-04|2025-11-05|2025-11-06|2025-11-07|2025-11-08|2025-11-09|2025-11-10|2025-11-11|2025-11-12|2025-11-13|2025-11-14|2025-11-15|2025-11-16|2025-11-17|2025-11-18|2025-11-19|2025-11-20|2025-11-21,2025-11-22 12:00,2025-11-22 12:00,1.0231815394945443e-12,1.1368683772161603e-13,0,True,Optimization terminated successfully. (HiGHS Status 7: Optimal),805,1.1368683772161603e-13
2025-11-22,18,0.03414883299956273,39273.70434234829,144,20,3746,2025-11-02|2025-11-03|2025-11-04|2025-11-05|2025-11-06|2025-11-07|2025-11-08|2025-11-09|2025-11-10|2025-11-11|2025-11-12|2025-11-13|2025-11-14|2025-11-15|2025-11-16|2025-11-17|2025-11-18|2025-11-19|2025-11-20|2025-11-21,2025-11-22 18:00,2025-11-22 18:00,9.094947017729282e-13,1.1368683772161603e-13,0,True,Optimization terminated successfully. (HiGHS Status 7: Optimal),837,1.1368683772161603e-13
2025-11-23,0,0.03675945800023328,1709.0109448303901,144,20,3746,2025-11-03|2025-11-04|2025-11-05|2025-11-06|2025-11-07|2025-11-08|2025-11-09|2025-11-10|2025-11-11|2025-11-12|2025-11-13|2025-11-14|2025-11-15|2025-11-16|2025-11-17|2025-11-18|2025-11-19|2025-11-20|2025-11-21|2025-11-22,2025-11-23 00:00,2025-11-23 00:00,9.094947017729282e-13,1.9326762412674725e-12,0,True,Optimization terminated successfully. (HiGHS Status 7: Optimal),763,1.9326762412674725e-12
2025-11-23,6,0.04262945799928275,14695.789209759838,144,20,3746,2025-11-03|2025-11-04|2025-11-05|2025-11-06|2025-11-07|2025-11-08|2025-11-09|2025-11-10|2025-11-11|2025-11-12|2025-11-13|2025-11-14|2025-11-15|2025-11-16|2025-11-17|2025-11-18|2025-11-19|2025-11-20|2025-11-21|2025-11-22,2025-11-23 06:00,2025-11-23 06:00,8.810729923425242e-13,1.1368683772161603e-13,0,True,Optimization terminated successfully. (HiGHS Status 7: Optimal),1046,0.0
2025-11-23,12,0.035482375000356114,25071.3419185609,144,20,3746,2025-11-03|2025-11-04|2025-11-05|2025-11-06|2025-11-07|2025-11-08|2025-11-09|2025-11-10|2025-11-11|2025-11-12|2025-11-13|2025-11-14|2025-11-15|2025-11-16|2025-11-17|2025-11-18|2025-11-19|2025-11-20|2025-11-21|2025-11-22,2025-11-23 12:00,2025-11-23 12:00,9.094947017729282e-13,1.1368683772161603e-13,0,True,Optimization terminated successfully. (HiGHS Status 7: Optimal),920,0.0
2025-11-23,18,0.03427704199930304,40296.834302203926,144,20,3746,2025-11-03|2025-11-04|2025-11-05|2025-11-06|2025-11-07|2025-11-08|2025-11-09|2025-11-10|2025-11-11|2025-11-12|2025-11-13|2025-11-14|2025-11-15|2025-11-16|2025-11-17|2025-11-18|2025-11-19|2025-11-20|2025-11-21|2025-11-22,2025-11-23 18:00,2025-11-23 18:00,9.094947017729282e-13,0.0,0,True,Optimization terminated successfully. (HiGHS Status 7: Optimal),862,0.0
2025-11-24,0,0.03677362500093295,1601.010388669805,144,20,3746,2025-11-04|2025-11-05|2025-11-06|2025-11-07|2025-11-08|2025-11-09|2025-11-10|2025-11-11|2025-11-12|2025-11-13|2025-11-14|2025-11-15|2025-11-16|2025-11-17|2025-11-18|2025-11-19|2025-11-20|2025-11-21|2025-11-22|2025-11-23,2025-11-24 00:00,2025-11-24 00:00,9.094947017729282e-13,1.0231815394945443e-12,0,True,Optimization terminated successfully. (HiGHS Status 7: Optimal),761,1.0231815394945443e-12
2025-11-24,6,0.03703933299948403,12110.254530809572,144,20,3746,2025-11-04|2025-11-05|2025-11-06|2025-11-07|2025-11-08|2025-11-09|2025-11-10|2025-11-11|2025-11-12|2025-11-13|2025-11-14|2025-11-15|2025-11-16|2025-11-17|2025-11-18|2025-11-19|2025-11-20|2025-11-21|2025-11-22|2025-11-23,2025-11-24 06:00,2025-11-24 06:00,9.094947017729282e-13,2.2737367544323206e-13,0,True,Optimization terminated successfully. (HiGHS Status 7: Optimal),903,2.2737367544323206e-13
2025-11-24,12,0.03691229200012458,24593.693653189417,144,20,3746,2025-11-04|2025-11-05|2025-11-06|2025-11-07|2025-11-08|2025-11-09|2025-11-10|2025-11-11|2025-11-12|2025-11-13|2025-11-14|2025-11-15|2025-11-16|2025-11-17|2025-11-18|2025-11-19|2025-11-20|2025-11-21|2025-11-22|2025-11-23,2025-11-24 12:00,2025-11-24 12:00,8.867351297681125e-13,2.2737367544323206e-13,0,True,Optimization terminated successfully. (HiGHS Status 7: Optimal),922,2.2737367544323206e-13
2025-11-24,18,0.03518075000101817,39148.65658919304,144,20,3746,2025-11-04|2025-11-05|2025-11-06|2025-11-07|2025-11-08|2025-11-09|2025-11-10|2025-11-11|2025-11-12|2025-11-13|2025-11-14|2025-11-15|2025-11-16|2025-11-17|2025-11-18|2025-11-19|2025-11-20|2025-11-21|2025-11-22|2025-11-23,2025-11-24 18:00,2025-11-24 18:00,9.094947017729282e-13,2.2737367544323206e-13,0,True,Optimization terminated successfully. (HiGHS Status 7: Optimal),849,2.2737367544323206e-13
2025-11-25,0,0.03389508299915178,1554.8824864693513,144,20,3746,2025-11-05|2025-11-06|2025-11-07|2025-11-08|2025-11-09|2025-11-10|2025-11-11|2025-11-12|2025-11-13|2025-11-14|2025-11-15|2025-11-16|2025-11-17|2025-11-18|2025-11-19|2025-11-20|2025-11-21|2025-11-22|2025-11-23|2025-11-24,2025-11-25 00:00,2025-11-25 00:00,7.958078640513122e-13,6.821210263296962e-13,0,True,Optimization terminated successfully. (HiGHS Status 7: Optimal),752,6.821210263296962e-13
2025-11-25,6,0.03205600000001141,8530.137002128711,144,20,3746,2025-11-05|2025-11-06|2025-11-07|2025-11-08|2025-11-09|2025-11-10|2025-11-11|2025-11-12|2025-11-13|2025-11-14|2025-11-15|2025-11-16|2025-11-17|2025-11-18|2025-11-19|2025-11-20|2025-11-21|2025-11-22|2025-11-23|2025-11-24,2025-11-25 06:00,2025-11-25 06:00,9.094947017729282e-13,2.2737367544323206e-13,0,True,Optimization terminated successfully. (HiGHS Status 7: Optimal),808,2.2737367544323206e-13
2025-11-25,12,0.032633124999847496,22977.879083200132,144,20,3746,2025-11-05|2025-11-06|2025-11-07|2025-11-08|2025-11-09|2025-11-10|2025-11-11|2025-11-12|2025-11-13|2025-11-14|2025-11-15|2025-11-16|2025-11-17|2025-11-18|2025-11-19|2025-11-20|2025-11-21|2025-11-22|2025-11-23|2025-11-24,2025-11-25 12:00,2025-11-25 12:00,9.094947017729282e-13,2.2737367544323206e-13,0,True,Optimization terminated successfully. (HiGHS Status 7: Optimal),864,2.2737367544323206e-13
2025-11-25,18,0.03400166699975671,40808.47603278286,144,20,3746,2025-11-05|2025-11-06|2025-11-07|2025-11-08|2025-11-09|2025-11-10|2025-11-11|2025-11-12|2025-11-13|2025-11-14|2025-11-15|2025-11-16|2025-11-17|2025-11-18|2025-11-19|2025-11-20|2025-11-21|2025-11-22|2025-11-23|2025-11-24,2025-11-25 18:00,2025-11-25 18:00,9.094947017729282e-13,2.2737367544323206e-13,0,True,Optimization terminated successfully. (HiGHS Status 7: Optimal),858,2.2737367544323206e-13
2025-11-26,0,0.03719141699912143,1553.7284657201117,144,20,3746,2025-11-06|2025-11-07|2025-11-08|2025-11-09|2025-11-10|2025-11-11|2025-11-12|2025-11-13|2025-11-14|2025-11-15|2025-11-16|2025-11-17|2025-11-18|2025-11-19|2025-11-20|2025-11-21|2025-11-22|2025-11-23|2025-11-24|2025-11-25,2025-11-26 00:00,2025-11-26 00:00,7.958078640513122e-13,2.2737367544323206e-13,0,True,Optimization terminated successfully. (HiGHS Status 7: Optimal),768,2.2737367544323206e-13
2025-11-26,6,0.038042500000301516,11664.30931789951,144,20,3746,2025-11-06|2025-11-07|2025-11-08|2025-11-09|2025-11-10|2025-11-11|2025-11-12|2025-11-13|2025-11-14|2025-11-15|2025-11-16|2025-11-17|2025-11-18|2025-11-19|2025-11-20|2025-11-21|2025-11-22|2025-11-23|2025-11-24|2025-11-25,2025-11-26 06:00,2025-11-26 06:00,9.094947017729282e-13,2.2737367544323206e-13,0,True,Optimization terminated successfully. (HiGHS Status 7: Optimal),966,2.2737367544323206e-13
2025-11-26,12,0.03347758299969428,27880.736516067296,144,20,3746,2025-11-06|2025-11-07|2025-11-08|2025-11-09|2025-11-10|2025-11-11|2025-11-12|2025-11-13|2025-11-14|2025-11-15|2025-11-16|2025-11-17|2025-11-18|2025-11-19|2025-11-20|2025-11-21|2025-11-22|2025-11-23|2025-11-24|2025-11-25,2025-11-26 12:00,2025-11-26 12:00,1.0231815394945443e-12,2.2737367544323206e-13,0,True,Optimization terminated successfully. (HiGHS Status 7: Optimal),876,2.2737367544323206e-13
2025-11-26,18,0.03448691700032214,38030.02442357958,144,20,3746,2025-11-06|2025-11-07|2025-11-08|2025-11-09|2025-11-10|2025-11-11|2025-11-12|2025-11-13|2025-11-14|2025-11-15|2025-11-16|2025-11-17|2025-11-18|2025-11-19|2025-11-20|2025-11-21|2025-11-22|2025-11-23|2025-11-24|2025-11-25,2025-11-26 18:00,2025-11-26 18:00,9.094947017729282e-13,2.2737367544323206e-13,0,True,Optimization terminated successfully. (HiGHS Status 7: Optimal),843,2.2737367544323206e-13
2025-11-27,0,0.036310499999672174,1570.8165889795011,144,20,3746,2025-11-07|2025-11-08|2025-11-09|2025-11-10|2025-11-11|2025-11-12|2025-11-13|2025-11-14|2025-11-15|2025-11-16|2025-11-17|2025-11-18|2025-11-19|2025-11-20|2025-11-21|2025-11-22|2025-11-23|2025-11-24|2025-11-25|2025-11-26,2025-11-27 00:00,2025-11-27 00:00,8.242295734817162e-13,3.410605131648481e-13,0,True,Optimization terminated successfully. (HiGHS Status 7: Optimal),757,3.410605131648481e-13
2025-11-27,6,0.04211179100093432,9219.714823301012,144,20,3746,2025-11-07|2025-11-08|2025-11-09|2025-11-10|2025-11-11|2025-11-12|2025-11-13|2025-11-14|2025-11-15|2025-11-16|2025-11-17|2025-11-18|2025-11-19|2025-11-20|2025-11-21|2025-11-22|2025-11-23|2025-11-24|2025-11-25|2025-11-26,2025-11-27 06:00,2025-11-27 06:00,8.526512829121202e-13,2.2737367544323206e-13,0,True,Optimization terminated successfully. (HiGHS Status 7: Optimal),965,2.2737367544323206e-13
2025-11-27,12,0.03599000000031083,13576.081429413316,144,20,3746,2025-11-07|2025-11-08|2025-11-09|2025-11-10|2025-11-11|2025-11-12|2025-11-13|2025-11-14|2025-11-15|2025-11-16|2025-11-17|2025-11-18|2025-11-19|2025-11-20|2025-11-21|2025-11-22|2025-11-23|2025-11-24|2025-11-25|2025-11-26,2025-11-27 12:00,2025-11-27 12:00,9.094947017729282e-13,2.2737367544323206e-13,0,True,Optimization terminated successfully. (HiGHS Status 7: Optimal),852,2.2737367544323206e-13
2025-11-27,18,0.03141891700033739,10531.329521253569,144,20,3746,2025-11-07|2025-11-08|2025-11-09|2025-11-10|2025-11-11|2025-11-12|2025-11-13|2025-11-14|2025-11-15|2025-11-16|2025-11-17|2025-11-18|2025-11-19|2025-11-20|2025-11-21|2025-11-22|2025-11-23|2025-11-24|2025-11-25|2025-11-26,2025-11-27 18:00,2025-11-27 18:00,9.663381206337363e-13,2.2737367544323206e-13,0,True,Optimization terminated successfully. (HiGHS Status 7: Optimal),688,2.2737367544323206e-13
2025-11-28,0,0.035007458998734364,1012.2388443300352,144,20,3746,2025-11-08|2025-11-09|2025-11-10|2025-11-11|2025-11-12|2025-11-13|2025-11-14|2025-11-15|2025-11-16|2025-11-17|2025-11-18|2025-11-19|2025-11-20|2025-11-21|2025-11-22|2025-11-23|2025-11-24|2025-11-25|2025-11-26|2025-11-27,2025-11-28 00:00,2025-11-28 00:00,8.526512829121202e-13,1.1368683772161603e-13,0,True,Optimization terminated successfully. (HiGHS Status 7: Optimal),683,1.1368683772161603e-13
2025-11-28,6,0.04042149999986577,8460.41291825474,144,20,3746,2025-11-08|2025-11-09|2025-11-10|2025-11-11|2025-11-12|2025-11-13|2025-11-14|2025-11-15|2025-11-16|2025-11-17|2025-11-18|2025-11-19|2025-11-20|2025-11-21|2025-11-22|2025-11-23|2025-11-24|2025-11-25|2025-11-26|2025-11-27,2025-11-28 06:00,2025-11-28 06:00,8.810729923425242e-13,1.1368683772161603e-13,0,True,Optimization terminated successfully. (HiGHS Status 7: Optimal),835,1.1368683772161603e-13
2025-11-28,12,0.03390249999938533,9490.604126534148,144,20,3746,2025-11-08|2025-11-09|2025-11-10|2025-11-11|2025-11-12|2025-11-13|2025-11-14|2025-11-15|2025-11-16|2025-11-17|2025-11-18|2025-11-19|2025-11-20|2025-11-21|2025-11-22|2025-11-23|2025-11-24|2025-11-25|2025-11-26|2025-11-27,2025-11-28 12:00,2025-11-28 12:00,9.094947017729282e-13,1.1368683772161603e-13,0,True,Optimization terminated successfully. (HiGHS Status 7: Optimal),741,1.1368683772161603e-13
2025-11-28,18,0.03715879199990013,11900.306001140456,144,20,3746,2025-11-08|2025-11-09|2025-11-10|2025-11-11|2025-11-12|2025-11-13|2025-11-14|2025-11-15|2025-11-16|2025-11-17|2025-11-18|2025-11-19|2025-11-20|2025-11-21|2025-11-22|2025-11-23|2025-11-24|2025-11-25|2025-11-26|2025-11-27,2025-11-28 18:00,2025-11-28 18:00,9.094947017729282e-13,1.1368683772161603e-13,0,True,Optimization terminated successfully. (HiGHS Status 7: Optimal),751,1.1368683772161603e-13
2025-11-29,0,0.035507792001226335,1261.6062898199214,144,20,3746,2025-11-09|2025-11-10|2025-11-11|2025-11-12|2025-11-13|2025-11-14|2025-11-15|2025-11-16|2025-11-17|2025-11-18|2025-11-19|2025-11-20|2025-11-21|2025-11-22|2025-11-23|2025-11-24|2025-11-25|2025-11-26|2025-11-27|2025-11-28,2025-11-29 00:00,2025-11-29 00:00,7.531752999057062e-13,1.4210854715202004e-12,0,True,Optimization terminated successfully. (HiGHS Status 7: Optimal),725,1.3642420526593924e-12
2025-11-29,6,0.03388954200090666,8771.262956171382,144,20,3746,2025-11-09|2025-11-10|2025-11-11|2025-11-12|2025-11-13|2025-11-14|2025-11-15|2025-11-16|2025-11-17|2025-11-18|2025-11-19|2025-11-20|2025-11-21|2025-11-22|2025-11-23|2025-11-24|2025-11-25|2025-11-26|2025-11-27|2025-11-28,2025-11-29 06:00,2025-11-29 06:00,9.094947017729282e-13,1.4210854715202004e-12,0,True,Optimization terminated successfully. (HiGHS Status 7: Optimal),727,1.3642420526593924e-12
2025-11-29,12,0.03359420899869292,26246.453169619053,144,20,3746,2025-11-09|2025-11-10|2025-11-11|2025-11-12|2025-11-13|2025-11-14|2025-11-15|2025-11-16|2025-11-17|2025-11-18|2025-11-19|2025-11-20|2025-11-21|2025-11-22|2025-11-23|2025-11-24|2025-11-25|2025-11-26|2025-11-27|2025-11-28,2025-11-29 12:00,2025-11-29 12:00,9.094947017729282e-13,1.4210854715202004e-12,0,True,Optimization terminated successfully. (HiGHS Status 7: Optimal),835,1.3642420526593924e-12
2025-11-29,18,0.036357582999698934,36503.78136954142,144,20,3746,2025-11-09|2025-11-10|2025-11-11|2025-11-12|2025-11-13|2025-11-14|2025-11-15|2025-11-16|2025-11-17|2025-11-18|2025-11-19|2025-11-20|2025-11-21|2025-11-22|2025-11-23|2025-11-24|2025-11-25|2025-11-26|2025-11-27|2025-11-28,2025-11-29 18:00,2025-11-29 18:00,9.094947017729282e-13,1.4210854715202004e-12,0,True,Optimization terminated successfully. (HiGHS Status 7: Optimal),840,1.3642420526593924e-12
2025-11-30,0,0.03483070800029964,1569.560910806131,144,20,3746,2025-11-10|2025-11-11|2025-11-12|2025-11-13|2025-11-14|2025-11-15|2025-11-16|2025-11-17|2025-11-18|2025-11-19|2025-11-20|2025-11-21|2025-11-22|2025-11-23|2025-11-24|2025-11-25|2025-11-26|2025-11-27|2025-11-28|2025-11-29,2025-11-30 00:00,2025-11-30 00:00,9.094947017729282e-13,3.410605131648481e-13,0,True,Optimization terminated successfully. (HiGHS Status 7: Optimal),752,3.410605131648481e-13
2025-11-30,6,0.04017999999996391,12839.478798607252,144,20,3746,2025-11-10|2025-11-11|2025-11-12|2025-11-13|2025-11-14|2025-11-15|2025-11-16|2025-11-17|2025-11-18|2025-11-19|2025-11-20|2025-11-21|2025-11-22|2025-11-23|2025-11-24|2025-11-25|2025-11-26|2025-11-27|2025-11-28|2025-11-29,2025-11-30 06:00,2025-11-30 06:00,9.663381206337363e-13,2.2737367544323206e-13,0,True,Optimization terminated successfully. (HiGHS Status 7: Optimal),987,0.0
2025-11-30,12,0.0369267910009512,26920.44095533549,144,20,3746,2025-11-10|2025-11-11|2025-11-12|2025-11-13|2025-11-14|2025-11-15|2025-11-16|2025-11-17|2025-11-18|2025-11-19|2025-11-20|2025-11-21|2025-11-22|2025-11-23|2025-11-24|2025-11-25|2025-11-26|2025-11-27|2025-11-28|2025-11-29,2025-11-30 12:00,2025-11-30 12:00,9.094947017729282e-13,1.1368683772161603e-13,0,True,Optimization terminated successfully. (HiGHS Status 7: Optimal),957,1.1368683772161603e-13
2025-11-30,18,0.03359275000002526,37084.90258355295,144,20,3746,2025-11-10|2025-11-11|2025-11-12|2025-11-13|2025-11-14|2025-11-15|2025-11-16|2025-11-17|2025-11-18|2025-11-19|2025-11-20|2025-11-21|2025-11-22|2025-11-23|2025-11-24|2025-11-25|2025-11-26|2025-11-27|2025-11-28|2025-11-29,2025-11-30 18:00,2025-11-30 18:00,9.663381206337363e-13,3.410605131648481e-13,0,True,Optimization terminated successfully. (HiGHS Status 7: Optimal),857,3.410605131648481e-13
2025-12-01,0,0.03485762499985867,1524.7545556324665,144,20,3746,2025-11-11|2025-11-12|2025-11-13|2025-11-14|2025-11-15|2025-11-16|2025-11-17|2025-11-18|2025-11-19|2025-11-20|2025-11-21|2025-11-22|2025-11-23|2025-11-24|2025-11-25|2025-11-26|2025-11-27|2025-11-28|2025-11-29|2025-11-30,2025-12-01 00:00,2025-12-01 00:00,7.958078640513122e-13,2.2737367544323206e-13,0,True,Optimization terminated successfully. (HiGHS Status 7: Optimal),742,3.410605131648481e-13
2025-12-01,6,0.037249625000185915,9936.477805522693,144,20,3746,2025-11-11|2025-11-12|2025-11-13|2025-11-14|2025-11-15|2025-11-16|2025-11-17|2025-11-18|2025-11-19|2025-11-20|2025-11-21|2025-11-22|2025-11-23|2025-11-24|2025-11-25|2025-11-26|2025-11-27|2025-11-28|2025-11-29|2025-11-30,2025-12-01 06:00,2025-12-01 06:00,9.094947017729282e-13,2.2737367544323206e-13,0,True,Optimization terminated successfully. (HiGHS Status 7: Optimal),842,3.410605131648481e-13
2025-12-01,12,0.03668904199912504,29648.89526526554,144,20,3746,2025-11-11|2025-11-12|2025-11-13|2025-11-14|2025-11-15|2025-11-16|2025-11-17|2025-11-18|2025-11-19|2025-11-20|2025-11-21|2025-11-22|2025-11-23|2025-11-24|2025-11-25|2025-11-26|2025-11-27|2025-11-28|2025-11-29|2025-11-30,2025-12-01 12:00,2025-12-01 12:00,9.094947017729282e-13,2.2737367544323206e-13,0,True,Optimization terminated successfully. (HiGHS Status 7: Optimal),884,3.410605131648481e-13
2025-12-01,18,0.03726266600097006,44025.17493831772,144,20,3746,2025-11-11|2025-11-12|2025-11-13|2025-11-14|2025-11-15|2025-11-16|2025-11-17|2025-11-18|2025-11-19|2025-11-20|2025-11-21|2025-11-22|2025-11-23|2025-11-24|2025-11-25|2025-11-26|2025-11-27|2025-11-28|2025-11-29|2025-11-30,2025-12-01 18:00,2025-12-01 18:00,9.094947017729282e-13,2.2737367544323206e-13,0,True,Optimization terminated successfully. (HiGHS Status 7: Optimal),857,3.410605131648481e-13
2025-12-02,0,0.040697791999264155,1842.2706480401082,144,20,3746,2025-11-12|2025-11-13|2025-11-14|2025-11-15|2025-11-16|2025-11-17|2025-11-18|2025-11-19|2025-11-20|2025-11-21|2025-11-22|2025-11-23|2025-11-24|2025-11-25|2025-11-26|2025-11-27|2025-11-28|2025-11-29|2025-11-30|2025-12-01,2025-12-02 00:00,2025-12-02 00:00,9.094947017729282e-13,2.2737367544323206e-13,0,True,Optimization terminated successfully. (HiGHS Status 7: Optimal),750,2.2737367544323206e-13
2025-12-02,6,0.04620999999860942,10650.367478172919,144,20,3746,2025-11-12|2025-11-13|2025-11-14|2025-11-15|2025-11-16|2025-11-17|2025-11-18|2025-11-19|2025-11-20|2025-11-21|2025-11-22|2025-11-23|2025-11-24|2025-11-25|2025-11-26|2025-11-27|2025-11-28|2025-11-29|2025-11-30|2025-12-01,2025-12-02 06:00,2025-12-02 06:00,8.526512829121202e-13,1.1368683772161603e-13,0,True,Optimization terminated successfully. (HiGHS Status 7: Optimal),841,2.2737367544323206e-13
2025-12-02,12,0.04754583300018567,33201.84699012333,144,20,3746,2025-11-12|2025-11-13|2025-11-14|2025-11-15|2025-11-16|2025-11-17|2025-11-18|2025-11-19|2025-11-20|2025-11-21|2025-11-22|2025-11-23|2025-11-24|2025-11-25|2025-11-26|2025-11-27|2025-11-28|2025-11-29|2025-11-30|2025-12-01,2025-12-02 12:00,2025-12-02 12:00,9.094947017729282e-13,1.1368683772161603e-13,0,True,Optimization terminated successfully. (HiGHS Status 7: Optimal),860,2.2737367544323206e-13
2025-12-02,18,0.05241175000082876,42168.37061689735,144,20,3746,2025-11-12|2025-11-13|2025-11-14|2025-11-15|2025-11-16|2025-11-17|2025-11-18|2025-11-19|2025-11-20|2025-11-21|2025-11-22|2025-11-23|2025-11-24|2025-11-25|2025-11-26|2025-11-27|2025-11-28|2025-11-29|2025-11-30|2025-12-01,2025-12-02 18:00,2025-12-02 18:00,9.094947017729282e-13,1.1368683772161603e-13,0,True,Optimization terminated successfully. (HiGHS Status 7: Optimal),840,2.2737367544323206e-13
2025-12-03,0,0.05413749999934225,2053.513220764326,144,20,3746,2025-11-13|2025-11-14|2025-11-15|2025-11-16|2025-11-17|2025-11-18|2025-11-19|2025-11-20|2025-11-21|2025-11-22|2025-11-23|2025-11-24|2025-11-25|2025-11-26|2025-11-27|2025-11-28|2025-11-29|2025-11-30|2025-12-01|2025-12-02,2025-12-03 00:00,2025-12-03 00:00,8.810729923425242e-13,7.958078640513122e-13,0,True,Optimization terminated successfully. (HiGHS Status 7: Optimal),750,7.958078640513122e-13
2025-12-03,6,0.06472266700075124,16100.136736487999,144,20,3746,2025-11-13|2025-11-14|2025-11-15|2025-11-16|2025-11-17|2025-11-18|2025-11-19|2025-11-20|2025-11-21|2025-11-22|2025-11-23|2025-11-24|2025-11-25|2025-11-26|2025-11-27|2025-11-28|2025-11-29|2025-11-30|2025-12-01|2025-12-02,2025-12-03 06:00,2025-12-03 06:00,9.094947017729282e-13,2.2737367544323206e-13,0,True,Optimization terminated successfully. (HiGHS Status 7: Optimal),1062,0.0
2025-12-03,12,0.046782625000560074,26311.445632819086,144,20,3746,2025-11-13|2025-11-14|2025-11-15|2025-11-16|2025-11-17|2025-11-18|2025-11-19|2025-11-20|2025-11-21|2025-11-22|2025-11-23|2025-11-24|2025-11-25|2025-11-26|2025-11-27|2025-11-28|2025-11-29|2025-11-30|2025-12-01|2025-12-02,2025-12-03 12:00,2025-12-03 12:00,9.094947017729282e-13,1.1368683772161603e-13,0,True,Optimization terminated successfully. (HiGHS Status 7: Optimal),998,0.0
2025-12-03,18,0.03775012499863806,42611.237211689884,144,20,3746,2025-11-13|2025-11-14|2025-11-15|2025-11-16|2025-11-17|2025-11-18|2025-11-19|2025-11-20|2025-11-21|2025-11-22|2025-11-23|2025-11-24|2025-11-25|2025-11-26|2025-11-27|2025-11-28|2025-11-29|2025-11-30|2025-12-01|2025-12-02,2025-12-03 18:00,2025-12-03 18:00,9.094947017729282e-13,0.0,0,True,Optimization terminated successfully. (HiGHS Status 7: Optimal),877,0.0
2025-12-04,0,0.04173445800006448,2449.3328966937293,144,20,3746,2025-11-14|2025-11-15|2025-11-16|2025-11-17|2025-11-18|2025-11-19|2025-11-20|2025-11-21|2025-11-22|2025-11-23|2025-11-24|2025-11-25|2025-11-26|2025-11-27|2025-11-28|2025-11-29|2025-11-30|2025-12-01|2025-12-02|2025-12-03,2025-12-04 00:00,2025-12-04 00:00,9.094947017729282e-13,2.2737367544323206e-13,0,True,Optimization terminated successfully. (HiGHS Status 7: Optimal),751,3.410605131648481e-13
2025-12-04,6,0.038255708999713534,7997.957086231882,144,20,3746,2025-11-14|2025-11-15|2025-11-16|2025-11-17|2025-11-18|2025-11-19|2025-11-20|2025-11-21|2025-11-22|2025-11-23|2025-11-24|2025-11-25|2025-11-26|2025-11-27|2025-11-28|2025-11-29|2025-11-30|2025-12-01|2025-12-02|2025-12-03,2025-12-04 06:00,2025-12-04 06:00,8.526512829121202e-13,2.2737367544323206e-13,0,True,Optimization terminated successfully. (HiGHS Status 7: Optimal),837,3.410605131648481e-13
2025-12-04,12,0.03676366600120673,9479.808920704916,144,20,3746,2025-11-14|2025-11-15|2025-11-16|2025-11-17|2025-11-18|2025-11-19|2025-11-20|2025-11-21|2025-11-22|2025-11-23|2025-11-24|2025-11-25|2025-11-26|2025-11-27|2025-11-28|2025-11-29|2025-11-30|2025-12-01|2025-12-02|2025-12-03,2025-12-04 12:00,2025-12-04 12:00,9.094947017729282e-13,2.2737367544323206e-13,0,True,Optimization terminated successfully. (HiGHS Status 7: Optimal),801,3.410605131648481e-13
2025-12-04,18,0.038970416000665864,24930.506788345527,144,20,3746,2025-11-14|2025-11-15|2025-11-16|2025-11-17|2025-11-18|2025-11-19|2025-11-20|2025-11-21|2025-11-22|2025-11-23|2025-11-24|2025-11-25|2025-11-26|2025-11-27|2025-11-28|2025-11-29|2025-11-30|2025-12-01|2025-12-02|2025-12-03,2025-12-04 18:00,2025-12-04 18:00,7.389644451905042e-13,2.2737367544323206e-13,0,True,Optimization terminated successfully. (HiGHS Status 7: Optimal),849,3.410605131648481e-13
2025-12-05,0,0.03642391599896655,1949.6539836320032,144,20,3746,2025-11-15|2025-11-16|2025-11-17|2025-11-18|2025-11-19|2025-11-20|2025-11-21|2025-11-22|2025-11-23|2025-11-24|2025-11-25|2025-11-26|2025-11-27|2025-11-28|2025-11-29|2025-11-30|2025-12-01|2025-12-02|2025-12-03|2025-12-04,2025-12-05 00:00,2025-12-05 00:00,9.094947017729282e-13,5.684341886080801e-13,0,True,Optimization terminated successfully. (HiGHS Status 7: Optimal),720,5.684341886080801e-13
2025-12-05,6,0.03494187500109547,9026.974029552981,144,20,3746,2025-11-15|2025-11-16|2025-11-17|2025-11-18|2025-11-19|2025-11-20|2025-11-21|2025-11-22|2025-11-23|2025-11-24|2025-11-25|2025-11-26|2025-11-27|2025-11-28|2025-11-29|2025-11-30|2025-12-01|2025-12-02|2025-12-03|2025-12-04,2025-12-05 06:00,2025-12-05 06:00,9.094947017729282e-13,1.1368683772161603e-13,0,True,Optimization terminated successfully. (HiGHS Status 7: Optimal),794,1.1368683772161603e-13
2025-12-05,12,0.039066457999069826,12237.590421429508,144,20,3746,2025-11-15|2025-11-16|2025-11-17|2025-11-18|2025-11-19|2025-11-20|2025-11-21|2025-11-22|2025-11-23|2025-11-24|2025-11-25|2025-11-26|2025-11-27|2025-11-28|2025-11-29|2025-11-30|2025-12-01|2025-12-02|2025-12-03|2025-12-04,2025-12-05 12:00,2025-12-05 12:00,9.094947017729282e-13,1.1368683772161603e-13,0,True,Optimization terminated successfully. (HiGHS Status 7: Optimal),812,1.1368683772161603e-13
2025-12-05,18,0.038616915999227786,18183.94170587839,144,20,3746,2025-11-15|2025-11-16|2025-11-17|2025-11-18|2025-11-19|2025-11-20|2025-11-21|2025-11-22|2025-11-23|2025-11-24|2025-11-25|2025-11-26|2025-11-27|2025-11-28|2025-11-29|2025-11-30|2025-12-01|2025-12-02|2025-12-03|2025-12-04,2025-12-05 18:00,2025-12-05 18:00,9.094947017729282e-13,1.1368683772161603e-13,0,True,Optimization terminated successfully. (HiGHS Status 7: Optimal),829,1.1368683772161603e-13
2025-12-06,0,0.036044500000571134,2008.0376896015434,144,20,3746,2025-11-16|2025-11-17|2025-11-18|2025-11-19|2025-11-20|2025-11-21|2025-11-22|2025-11-23|2025-11-24|2025-11-25|2025-11-26|2025-11-27|2025-11-28|2025-11-29|2025-11-30|2025-12-01|2025-12-02|2025-12-03|2025-12-04|2025-12-05,2025-12-06 00:00,2025-12-06 00:00,8.881784197001252e-13,1.5347723092418164e-12,0,True,Optimization terminated successfully. (HiGHS Status 7: Optimal),733,1.4779288903810084e-12
2025-12-06,6,0.03327137500127719,10996.588179661996,144,20,3746,2025-11-16|2025-11-17|2025-11-18|2025-11-19|2025-11-20|2025-11-21|2025-11-22|2025-11-23|2025-11-24|2025-11-25|2025-11-26|2025-11-27|2025-11-28|2025-11-29|2025-11-30|2025-12-01|2025-12-02|2025-12-03|2025-12-04|2025-12-05,2025-12-06 06:00,2025-12-06 06:00,8.526512829121202e-13,1.5347723092418164e-12,0,True,Optimization terminated successfully. (HiGHS Status 7: Optimal),775,1.4779288903810084e-12
2025-12-06,12,0.03233616699981212,29421.521338383383,144,20,3746,2025-11-16|2025-11-17|2025-11-18|2025-11-19|2025-11-20|2025-11-21|2025-11-22|2025-11-23|2025-11-24|2025-11-25|2025-11-26|2025-11-27|2025-11-28|2025-11-29|2025-11-30|2025-12-01|2025-12-02|2025-12-03|2025-12-04|2025-12-05,2025-12-06 12:00,2025-12-06 12:00,8.242295734817162e-13,1.5347723092418164e-12,0,True,Optimization terminated successfully. (HiGHS Status 7: Optimal),829,1.4779288903810084e-12
2025-12-06,18,0.0334794160007732,46981.744476330234,144,20,3746,2025-11-16|2025-11-17|2025-11-18|2025-11-19|2025-11-20|2025-11-21|2025-11-22|2025-11-23|2025-11-24|2025-11-25|2025-11-26|2025-11-27|2025-11-28|2025-11-29|2025-11-30|2025-12-01|2025-12-02|2025-12-03|2025-12-04|2025-12-05,2025-12-06 18:00,2025-12-06 18:00,9.094947017729282e-13,1.5347723092418164e-12,0,True,Optimization terminated successfully. (HiGHS Status 7: Optimal),838,1.4779288903810084e-12
2025-12-07,0,0.03359945900047023,2304.1730833231636,144,20,3746,2025-11-17|2025-11-18|2025-11-19|2025-11-20|2025-11-21|2025-11-22|2025-11-23|2025-11-24|2025-11-25|2025-11-26|2025-11-27|2025-11-28|2025-11-29|2025-11-30|2025-12-01|2025-12-02|2025-12-03|2025-12-04|2025-12-05|2025-12-06,2025-12-07 00:00,2025-12-07 00:00,7.958078640513122e-13,7.958078640513122e-13,0,True,Optimization terminated successfully. (HiGHS Status 7: Optimal),754,7.958078640513122e-13
2025-12-07,6,0.03290545799973188,9710.911859468382,144,20,3746,2025-11-17|2025-11-18|2025-11-19|2025-11-20|2025-11-21|2025-11-22|2025-11-23|2025-11-24|2025-11-25|2025-11-26|2025-11-27|2025-11-28|2025-11-29|2025-11-30|2025-12-01|2025-12-02|2025-12-03|2025-12-04|2025-12-05|2025-12-06,2025-12-07 06:00,2025-12-07 06:00,9.094947017729282e-13,2.2737367544323206e-13,0,True,Optimization terminated successfully. (HiGHS Status 7: Optimal),840,2.2737367544323206e-13
2025-12-07,12,0.03162329100086936,30133.465015036134,144,20,3746,2025-11-17|2025-11-18|2025-11-19|2025-11-20|2025-11-21|2025-11-22|2025-11-23|2025-11-24|2025-11-25|2025-11-26|2025-11-27|2025-11-28|2025-11-29|2025-11-30|2025-12-01|2025-12-02|2025-12-03|2025-12-04|2025-12-05|2025-12-06,2025-12-07 12:00,2025-12-07 12:00,8.526512829121202e-13,7.958078640513122e-13,0,True,Optimization terminated successfully. (HiGHS Status 7: Optimal),871,7.958078640513122e-13
2025-12-07,18,0.033936666999579757,43100.01209868075,144,20,3746,2025-11-17|2025-11-18|2025-11-19|2025-11-20|2025-11-21|2025-11-22|2025-11-23|2025-11-24|2025-11-25|2025-11-26|2025-11-27|2025-11-28|2025-11-29|2025-11-30|2025-12-01|2025-12-02|2025-12-03|2025-12-04|2025-12-05|2025-12-06,2025-12-07 18:00,2025-12-07 18:00,7.958078640513122e-13,7.958078640513122e-13,0,True,Optimization terminated successfully. (HiGHS Status 7: Optimal),851,7.958078640513122e-13
2025-12-08,0,0.032775499999843305,2440.16437304198,144,20,3746,2025-11-18|2025-11-19|2025-11-20|2025-11-21|2025-11-22|2025-11-23|2025-11-24|2025-11-25|2025-11-26|2025-11-27|2025-11-28|2025-11-29|2025-11-30|2025-12-01|2025-12-02|2025-12-03|2025-12-04|2025-12-05|2025-12-06|2025-12-07,2025-12-08 00:00,2025-12-08 00:00,9.094947017729282e-13,2.2737367544323206e-13,0,True,Optimization terminated successfully. (HiGHS Status 7: Optimal),720,2.2737367544323206e-13
2025-12-08,6,0.0377690410005016,12756.186906898178,144,20,3746,2025-11-18|2025-11-19|2025-11-20|2025-11-21|2025-11-22|2025-11-23|2025-11-24|2025-11-25|2025-11-26|2025-11-27|2025-11-28|2025-11-29|2025-11-30|2025-12-01|2025-12-02|2025-12-03|2025-12-04|2025-12-05|2025-12-06|2025-12-07,2025-12-08 06:00,2025-12-08 06:00,9.094947017729282e-13,2.2737367544323206e-13,0,True,Optimization terminated successfully. (HiGHS Status 7: Optimal),961,2.2737367544323206e-13
2025-12-08,12,0.03228350000063074,34188.10897221635,144,20,3746,2025-11-18|2025-11-19|2025-11-20|2025-11-21|2025-11-22|2025-11-23|2025-11-24|2025-11-25|2025-11-26|2025-11-27|2025-11-28|2025-11-29|2025-11-30|2025-12-01|2025-12-02|2025-12-03|2025-12-04|2025-12-05|2025-12-06|2025-12-07,2025-12-08 12:00,2025-12-08 12:00,9.094947017729282e-13,2.2737367544323206e-13,0,True,Optimization terminated successfully. (HiGHS Status 7: Optimal),867,2.2737367544323206e-13
2025-12-08,18,0.032816333001392195,51859.981744574405,144,20,3746,2025-11-18|2025-11-19|2025-11-20|2025-11-21|2025-11-22|2025-11-23|2025-11-24|2025-11-25|2025-11-26|2025-11-27|2025-11-28|2025-11-29|2025-11-30|2025-12-01|2025-12-02|2025-12-03|2025-12-04|2025-12-05|2025-12-06|2025-12-07,2025-12-08 18:00,2025-12-08 18:00,7.958078640513122e-13,2.2737367544323206e-13,0,True,Optimization terminated successfully. (HiGHS Status 7: Optimal),848,2.2737367544323206e-13
2025-12-09,0,0.03210133299944573,2429.9006379707935,144,20,3746,2025-11-19|2025-11-20|2025-11-21|2025-11-22|2025-11-23|2025-11-24|2025-11-25|2025-11-26|2025-11-27|2025-11-28|2025-11-29|2025-11-30|2025-12-01|2025-12-02|2025-12-03|2025-12-04|2025-12-05|2025-12-06|2025-12-07|2025-12-08,2025-12-09 00:00,2025-12-09 00:00,9.094947017729282e-13,2.2737367544323206e-13,0,True,Optimization terminated successfully. (HiGHS Status 7: Optimal),725,2.2737367544323206e-13
2025-12-09,6,0.034174292000898276,11089.060789378069,144,20,3746,2025-11-19|2025-11-20|2025-11-21|2025-11-22|2025-11-23|2025-11-24|2025-11-25|2025-11-26|2025-11-27|2025-11-28|2025-11-29|2025-11-30|2025-12-01|2025-12-02|2025-12-03|2025-12-04|2025-12-05|2025-12-06|2025-12-07|2025-12-08,2025-12-09 06:00,2025-12-09 06:00,1.0231815394945443e-12,2.2737367544323206e-13,0,True,Optimization terminated successfully. (HiGHS Status 7: Optimal),858,2.2737367544323206e-13
2025-12-09,12,0.033186374999786494,29482.105399441753,144,20,3746,2025-11-19|2025-11-20|2025-11-21|2025-11-22|2025-11-23|2025-11-24|2025-11-25|2025-11-26|2025-11-27|2025-11-28|2025-11-29|2025-11-30|2025-12-01|2025-12-02|2025-12-03|2025-12-04|2025-12-05|2025-12-06|2025-12-07|2025-12-08,2025-12-09 12:00,2025-12-09 12:00,9.094947017729282e-13,2.2737367544323206e-13,0,True,Optimization terminated successfully. (HiGHS Status 7: Optimal),878,2.2737367544323206e-13
2025-12-09,18,0.0355683340003452,43556.27193965762,144,20,3746,2025-11-19|2025-11-20|2025-11-21|2025-11-22|2025-11-23|2025-11-24|2025-11-25|2025-11-26|2025-11-27|2025-11-28|2025-11-29|2025-11-30|2025-12-01|2025-12-02|2025-12-03|2025-12-04|2025-12-05|2025-12-06|2025-12-07|2025-12-08,2025-12-09 18:00,2025-12-09 18:00,7.958078640513122e-13,2.2737367544323206e-13,0,True,Optimization terminated successfully. (HiGHS Status 7: Optimal),849,2.2737367544323206e-13
2025-12-10,0,0.036143167000773246,2409.9787687569387,144,20,3746,2025-11-20|2025-11-21|2025-11-22|2025-11-23|2025-11-24|2025-11-25|2025-11-26|2025-11-27|2025-11-28|2025-11-29|2025-11-30|2025-12-01|2025-12-02|2025-12-03|2025-12-04|2025-12-05|2025-12-06|2025-12-07|2025-12-08|2025-12-09,2025-12-10 00:00,2025-12-10 00:00,7.958078640513122e-13,5.684341886080801e-13,0,True,Optimization terminated successfully. (HiGHS Status 7: Optimal),750,5.684341886080801e-13
2025-12-10,6,0.039364582999041886,14992.34879641351,144,20,3746,2025-11-20|2025-11-21|2025-11-22|2025-11-23|2025-11-24|2025-11-25|2025-11-26|2025-11-27|2025-11-28|2025-11-29|2025-11-30|2025-12-01|2025-12-02|2025-12-03|2025-12-04|2025-12-05|2025-12-06|2025-12-07|2025-12-08|2025-12-09,2025-12-10 06:00,2025-12-10 06:00,9.094947017729282e-13,1.1368683772161603e-13,0,True,Optimization terminated successfully. (HiGHS Status 7: Optimal),1034,2.2737367544323206e-13
2025-12-10,12,0.0369494169990503,30331.974145100867,144,20,3746,2025-11-20|2025-11-21|2025-11-22|2025-11-23|2025-11-24|2025-11-25|2025-11-26|2025-11-27|2025-11-28|2025-11-29|2025-11-30|2025-12-01|2025-12-02|2025-12-03|2025-12-04|2025-12-05|2025-12-06|2025-12-07|2025-12-08|2025-12-09,2025-12-10 12:00,2025-12-10 12:00,9.094947017729282e-13,5.684341886080801e-13,0,True,Optimization terminated successfully. (HiGHS Status 7: Optimal),869,5.684341886080801e-13
2025-12-10,18,0.03406433300006029,48587.67105834021,144,20,3746,2025-11-20|2025-11-21|2025-11-22|2025-11-23|2025-11-24|2025-11-25|2025-11-26|2025-11-27|2025-11-28|2025-11-29|2025-11-30|2025-12-01|2025-12-02|2025-12-03|2025-12-04|2025-12-05|2025-12-06|2025-12-07|2025-12-08|2025-12-09,2025-12-10 18:00,2025-12-10 18:00,9.094947017729282e-13,5.684341886080801e-13,0,True,Optimization terminated successfully. (HiGHS Status 7: Optimal),856,5.684341886080801e-13
2025-12-11,0,0.03288145799888298,2405.0097006947317,144,20,3746,2025-11-21|2025-11-22|2025-11-23|2025-11-24|2025-11-25|2025-11-26|2025-11-27|2025-11-28|2025-11-29|2025-11-30|2025-12-01|2025-12-02|2025-12-03|2025-12-04|2025-12-05|2025-12-06|2025-12-07|2025-12-08|2025-12-09|2025-12-10,2025-12-11 00:00,2025-12-11 00:00,8.526512829121202e-13,1.0231815394945443e-12,0,True,Optimization terminated successfully. (HiGHS Status 7: Optimal),728,1.0231815394945443e-12
2025-12-11,6,0.03342920800059801,8480.5185160478,144,20,3746,2025-11-21|2025-11-22|2025-11-23|2025-11-24|2025-11-25|2025-11-26|2025-11-27|2025-11-28|2025-11-29|2025-11-30|2025-12-01|2025-12-02|2025-12-03|2025-12-04|2025-12-05|2025-12-06|2025-12-07|2025-12-08|2025-12-09|2025-12-10,2025-12-11 06:00,2025-12-11 06:00,7.958078640513122e-13,1.0231815394945443e-12,0,True,Optimization terminated successfully. (HiGHS Status 7: Optimal),848,1.0231815394945443e-12
2025-12-11,12,0.034846333001041785,13308.514183541834,144,20,3746,2025-11-21|2025-11-22|2025-11-23|2025-11-24|2025-11-25|2025-11-26|2025-11-27|2025-11-28|2025-11-29|2025-11-30|2025-12-01|2025-12-02|2025-12-03|2025-12-04|2025-12-05|2025-12-06|2025-12-07|2025-12-08|2025-12-09|2025-12-10,2025-12-11 12:00,2025-12-11 12:00,6.821210263296962e-13,1.0231815394945443e-12,0,True,Optimization terminated successfully. (HiGHS Status 7: Optimal),841,1.0231815394945443e-12
2025-12-11,18,0.036916125000061584,22960.162978841876,144,20,3746,2025-11-21|2025-11-22|2025-11-23|2025-11-24|2025-11-25|2025-11-26|2025-11-27|2025-11-28|2025-11-29|2025-11-30|2025-12-01|2025-12-02|2025-12-03|2025-12-04|2025-12-05|2025-12-06|2025-12-07|2025-12-08|2025-12-09|2025-12-10,2025-12-11 18:00,2025-12-11 18:00,9.094947017729282e-13,1.0231815394945443e-12,0,True,Optimization terminated successfully. (HiGHS Status 7: Optimal),835,1.0231815394945443e-12
2025-12-12,0,0.035865957999703824,2066.696272740619,144,20,3746,2025-11-22|2025-11-23|2025-11-24|2025-11-25|2025-11-26|2025-11-27|2025-11-28|2025-11-29|2025-11-30|2025-12-01|2025-12-02|2025-12-03|2025-12-04|2025-12-05|2025-12-06|2025-12-07|2025-12-08|2025-12-09|2025-12-10|2025-12-11,2025-12-12 00:00,2025-12-12 00:00,8.810729923425242e-13,9.094947017729282e-13,0,True,Optimization terminated successfully. (HiGHS Status 7: Optimal),728,9.094947017729282e-13
2025-12-12,6,0.045150207999540726,10817.282321449738,144,20,3746,2025-11-22|2025-11-23|2025-11-24|2025-11-25|2025-11-26|2025-11-27|2025-11-28|2025-11-29|2025-11-30|2025-12-01|2025-12-02|2025-12-03|2025-12-04|2025-12-05|2025-12-06|2025-12-07|2025-12-08|2025-12-09|2025-12-10|2025-12-11,2025-12-12 06:00,2025-12-12 06:00,8.064660050877137e-13,2.2737367544323206e-13,0,True,Optimization terminated successfully. (HiGHS Status 7: Optimal),951,2.8421709430404007e-13
2025-12-12,12,0.039235500000359025,18324.839072880128,144,20,3746,2025-11-22|2025-11-23|2025-11-24|2025-11-25|2025-11-26|2025-11-27|2025-11-28|2025-11-29|2025-11-30|2025-12-01|2025-12-02|2025-12-03|2025-12-04|2025-12-05|2025-12-06|2025-12-07|2025-12-08|2025-12-09|2025-12-10|2025-12-11,2025-12-12 12:00,2025-12-12 12:00,8.810729923425242e-13,2.2737367544323206e-13,0,True,Optimization terminated successfully. (HiGHS Status 7: Optimal),899,2.8421709430404007e-13
2025-12-12,18,0.03714849999960279,17443.114274752006,144,20,3746,2025-11-22|2025-11-23|2025-11-24|2025-11-25|2025-11-26|2025-11-27|2025-11-28|2025-11-29|2025-11-30|2025-12-01|2025-12-02|2025-12-03|2025-12-04|2025-12-05|2025-12-06|2025-12-07|2025-12-08|2025-12-09|2025-12-10|2025-12-11,2025-12-12 18:00,2025-12-12 18:00,7.958078640513122e-13,9.094947017729282e-13,0,True,Optimization terminated successfully. (HiGHS Status 7: Optimal),826,9.094947017729282e-13
2025-12-13,0,0.03459316699991177,2143.723273214017,144,20,3746,2025-11-23|2025-11-24|2025-11-25|2025-11-26|2025-11-27|2025-11-28|2025-11-29|2025-11-30|2025-12-01|2025-12-02|2025-12-03|2025-12-04|2025-12-05|2025-12-06|2025-12-07|2025-12-08|2025-12-09|2025-12-10|2025-12-11|2025-12-12,2025-12-13 00:00,2025-12-13 00:00,9.094947017729282e-13,2.8421709430404007e-13,0,True,Optimization terminated successfully. (HiGHS Status 7: Optimal),739,3.410605131648481e-13
2025-12-13,6,0.037896583999099676,13075.180283371481,144,20,3746,2025-11-23|2025-11-24|2025-11-25|2025-11-26|2025-11-27|2025-11-28|2025-11-29|2025-11-30|2025-12-01|2025-12-02|2025-12-03|2025-12-04|2025-12-05|2025-12-06|2025-12-07|2025-12-08|2025-12-09|2025-12-10|2025-12-11|2025-12-12,2025-12-13 06:00,2025-12-13 06:00,8.752998326144734e-13,2.2737367544323206e-13,0,True,Optimization terminated successfully. (HiGHS Status 7: Optimal),844,1.1368683772161603e-13
2025-12-13,12,0.03608187499958149,27874.602318663532,144,20,3746,2025-11-23|2025-11-24|2025-11-25|2025-11-26|2025-11-27|2025-11-28|2025-11-29|2025-11-30|2025-12-01|2025-12-02|2025-12-03|2025-12-04|2025-12-05|2025-12-06|2025-12-07|2025-12-08|2025-12-09|2025-12-10|2025-12-11|2025-12-12,2025-12-13 12:00,2025-12-13 12:00,9.094947017729282e-13,1.1368683772161603e-13,0,True,Optimization terminated successfully. (HiGHS Status 7: Optimal),856,1.1368683772161603e-13
2025-12-13,18,0.03386887499982549,49186.614600042296,144,20,3746,2025-11-23|2025-11-24|2025-11-25|2025-11-26|2025-11-27|2025-11-28|2025-11-29|2025-11-30|2025-12-01|2025-12-02|2025-12-03|2025-12-04|2025-12-05|2025-12-06|2025-12-07|2025-12-08|2025-12-09|2025-12-10|2025-12-11|2025-12-12,2025-12-13 18:00,2025-12-13 18:00,9.094947017729282e-13,2.8421709430404007e-13,0,True,Optimization terminated successfully. (HiGHS Status 7: Optimal),838,3.410605131648481e-13
2025-12-14,0,0.03418191700075113,2293.6522282725314,144,20,3746,2025-11-24|2025-11-25|2025-11-26|2025-11-27|2025-11-28|2025-11-29|2025-11-30|2025-12-01|2025-12-02|2025-12-03|2025-12-04|2025-12-05|2025-12-06|2025-12-07|2025-12-08|2025-12-09|2025-12-10|2025-12-11|2025-12-12|2025-12-13,2025-12-14 00:00,2025-12-14 00:00,7.958078640513122e-13,5.115907697472721e-13,0,True,Optimization terminated successfully. (HiGHS Status 7: Optimal),742,5.115907697472721e-13
2025-12-14,6,0.03919849999874714,15482.435036527295,144,20,3746,2025-11-24|2025-11-25|2025-11-26|2025-11-27|2025-11-28|2025-11-29|2025-11-30|2025-12-01|2025-12-02|2025-12-03|2025-12-04|2025-12-05|2025-12-06|2025-12-07|2025-12-08|2025-12-09|2025-12-10|2025-12-11|2025-12-12|2025-12-13,2025-12-14 06:00,2025-12-14 06:00,7.958078640513122e-13,2.2737367544323206e-13,0,True,Optimization terminated successfully. (HiGHS Status 7: Optimal),1026,2.2737367544323206e-13
2025-12-14,12,0.036518291000902536,34910.96749665574,144,20,3746,2025-11-24|2025-11-25|2025-11-26|2025-11-27|2025-11-28|2025-11-29|2025-11-30|2025-12-01|2025-12-02|2025-12-03|2025-12-04|2025-12-05|2025-12-06|2025-12-07|2025-12-08|2025-12-09|2025-12-10|2025-12-11|2025-12-12|2025-12-13,2025-12-14 12:00,2025-12-14 12:00,9.094947017729282e-13,2.2737367544323206e-13,0,True,Optimization terminated successfully. (HiGHS Status 7: Optimal),959,2.2737367544323206e-13
2025-12-14,18,0.03275687499990454,48057.66986976538,144,20,3746,2025-11-24|2025-11-25|2025-11-26|2025-11-27|2025-11-28|2025-11-29|2025-11-30|2025-12-01|2025-12-02|2025-12-03|2025-12-04|2025-12-05|2025-12-06|2025-12-07|2025-12-08|2025-12-09|2025-12-10|2025-12-11|2025-12-12|2025-12-13,2025-12-14 18:00,2025-12-14 18:00,9.094947017729282e-13,2.2737367544323206e-13,0,True,Optimization terminated successfully. (HiGHS Status 7: Optimal),868,2.2737367544323206e-13
2025-12-15,0,0.034267666000232566,2198.9458519449217,144,20,3746,2025-11-25|2025-11-26|2025-11-27|2025-11-28|2025-11-29|2025-11-30|2025-12-01|2025-12-02|2025-12-03|2025-12-04|2025-12-05|2025-12-06|2025-12-07|2025-12-08|2025-12-09|2025-12-10|2025-12-11|2025-12-12|2025-12-13|2025-12-14,2025-12-15 00:00,2025-12-15 00:00,7.958078640513122e-13,8.526512829121202e-13,0,True,Optimization terminated successfully. (HiGHS Status 7: Optimal),749,8.526512829121202e-13
2025-12-15,6,0.040484457998900325,16696.185459634904,144,20,3746,2025-11-25|2025-11-26|2025-11-27|2025-11-28|2025-11-29|2025-11-30|2025-12-01|2025-12-02|2025-12-03|2025-12-04|2025-12-05|2025-12-06|2025-12-07|2025-12-08|2025-12-09|2025-12-10|2025-12-11|2025-12-12|2025-12-13|2025-12-14,2025-12-15 06:00,2025-12-15 06:00,9.094947017729282e-13,2.2737367544323206e-13,0,True,Optimization terminated successfully. (HiGHS Status 7: Optimal),1047,2.2737367544323206e-13
2025-12-15,12,0.036238124999727006,32610.53268048187,144,20,3746,2025-11-25|2025-11-26|2025-11-27|2025-11-28|2025-11-29|2025-11-30|2025-12-01|2025-12-02|2025-12-03|2025-12-04|2025-12-05|2025-12-06|2025-12-07|2025-12-08|2025-12-09|2025-12-10|2025-12-11|2025-12-12|2025-12-13|2025-12-14,2025-12-15 12:00,2025-12-15 12:00,8.171241461241152e-13,2.2737367544323206e-13,0,True,Optimization terminated successfully. (HiGHS Status 7: Optimal),934,2.2737367544323206e-13
2025-12-15,18,0.03362037499937287,48916.44264977237,144,20,3746,2025-11-25|2025-11-26|2025-11-27|2025-11-28|2025-11-29|2025-11-30|2025-12-01|2025-12-02|2025-12-03|2025-12-04|2025-12-05|2025-12-06|2025-12-07|2025-12-08|2025-12-09|2025-12-10|2025-12-11|2025-12-12|2025-12-13|2025-12-14,2025-12-15 18:00,2025-12-15 18:00,9.094947017729282e-13,2.2737367544323206e-13,0,True,Optimization terminated successfully. (HiGHS Status 7: Optimal),846,2.2737367544323206e-13
2025-12-16,0,0.03268899999966379,2045.8002336711093,144,20,3746,2025-11-26|2025-11-27|2025-11-28|2025-11-29|2025-11-30|2025-12-01|2025-12-02|2025-12-03|2025-12-04|2025-12-05|2025-12-06|2025-12-07|2025-12-08|2025-12-09|2025-12-10|2025-12-11|2025-12-12|2025-12-13|2025-12-14|2025-12-15,2025-12-16 00:00,2025-12-16 00:00,7.958078640513122e-13,4.547473508864641e-13,0,True,Optimization terminated successfully. (HiGHS Status 7: Optimal),721,4.547473508864641e-13
2025-12-16,6,0.03211583299889753,11477.903485413111,144,20,3746,2025-11-26|2025-11-27|2025-11-28|2025-11-29|2025-11-30|2025-12-01|2025-12-02|2025-12-03|2025-12-04|2025-12-05|2025-12-06|2025-12-07|2025-12-08|2025-12-09|2025-12-10|2025-12-11|2025-12-12|2025-12-13|2025-12-14|2025-12-15,2025-12-16 06:00,2025-12-16 06:00,9.094947017729282e-13,2.2737367544323206e-13,0,True,Optimization terminated successfully. (HiGHS Status 7: Optimal),874,2.2737367544323206e-13
2025-12-16,12,0.03154833400003554,33955.72287927235,144,20,3746,2025-11-26|2025-11-27|2025-11-28|2025-11-29|2025-11-30|2025-12-01|2025-12-02|2025-12-03|2025-12-04|2025-12-05|2025-12-06|2025-12-07|2025-12-08|2025-12-09|2025-12-10|2025-12-11|2025-12-12|2025-12-13|2025-12-14|2025-12-15,2025-12-16 12:00,2025-12-16 12:00,9.094947017729282e-13,2.2737367544323206e-13,0,True,Optimization terminated successfully. (HiGHS Status 7: Optimal),873,2.2737367544323206e-13
2025-12-16,18,0.03245379199870513,51216.83181049084,144,20,3746,2025-11-26|2025-11-27|2025-11-28|2025-11-29|2025-11-30|2025-12-01|2025-12-02|2025-12-03|2025-12-04|2025-12-05|2025-12-06|2025-12-07|2025-12-08|2025-12-09|2025-12-10|2025-12-11|2025-12-12|2025-12-13|2025-12-14|2025-12-15,2025-12-16 18:00,2025-12-16 18:00,9.094947017729282e-13,2.2737367544323206e-13,0,True,Optimization terminated successfully. (HiGHS Status 7: Optimal),847,2.2737367544323206e-13
2025-12-17,0,0.0342884170004254,1997.9529961934747,144,20,3746,2025-11-27|2025-11-28|2025-11-29|2025-11-30|2025-12-01|2025-12-02|2025-12-03|2025-12-04|2025-12-05|2025-12-06|2025-12-07|2025-12-08|2025-12-09|2025-12-10|2025-12-11|2025-12-12|2025-12-13|2025-12-14|2025-12-15|2025-12-16,2025-12-17 00:00,2025-12-17 00:00,9.094947017729282e-13,1.1368683772161603e-12,0,True,Optimization terminated successfully. (HiGHS Status 7: Optimal),720,1.1368683772161603e-12
2025-12-17,6,0.031913083999825176,10447.961209294624,144,20,3746,2025-11-27|2025-11-28|2025-11-29|2025-11-30|2025-12-01|2025-12-02|2025-12-03|2025-12-04|2025-12-05|2025-12-06|2025-12-07|2025-12-08|2025-12-09|2025-12-10|2025-12-11|2025-12-12|2025-12-13|2025-12-14|2025-12-15|2025-12-16,2025-12-17 06:00,2025-12-17 06:00,7.958078640513122e-13,1.1368683772161603e-12,0,True,Optimization terminated successfully. (HiGHS Status 7: Optimal),853,1.1368683772161603e-12
2025-12-17,12,0.0319740830000228,28451.41809033646,144,20,3746,2025-11-27|2025-11-28|2025-11-29|2025-11-30|2025-12-01|2025-12-02|2025-12-03|2025-12-04|2025-12-05|2025-12-06|2025-12-07|2025-12-08|2025-12-09|2025-12-10|2025-12-11|2025-12-12|2025-12-13|2025-12-14|2025-12-15|2025-12-16,2025-12-17 12:00,2025-12-17 12:00,9.094947017729282e-13,1.1368683772161603e-12,0,True,Optimization terminated successfully. (HiGHS Status 7: Optimal),868,1.1368683772161603e-12
2025-12-17,18,0.03245808300016506,48156.13889751322,144,20,3746,2025-11-27|2025-11-28|2025-11-29|2025-11-30|2025-12-01|2025-12-02|2025-12-03|2025-12-04|2025-12-05|2025-12-06|2025-12-07|2025-12-08|2025-12-09|2025-12-10|2025-12-11|2025-12-12|2025-12-13|2025-12-14|2025-12-15|2025-12-16,2025-12-17 18:00,2025-12-17 18:00,7.958078640513122e-13,1.1368683772161603e-12,0,True,Optimization terminated successfully. (HiGHS Status 7: Optimal),841,1.1368683772161603e-12
2025-12-18,0,0.034288583001398365,1987.2084742134107,144,20,3746,2025-11-28|2025-11-29|2025-11-30|2025-12-01|2025-12-02|2025-12-03|2025-12-04|2025-12-05|2025-12-06|2025-12-07|2025-12-08|2025-12-09|2025-12-10|2025-12-11|2025-12-12|2025-12-13|2025-12-14|2025-12-15|2025-12-16|2025-12-17,2025-12-18 00:00,2025-12-18 00:00,7.958078640513122e-13,1.1368683772161603e-13,0,True,Optimization terminated successfully. (HiGHS Status 7: Optimal),725,1.1368683772161603e-13
2025-12-18,6,0.03935412499959057,10846.652315429841,144,20,3746,2025-11-28|2025-11-29|2025-11-30|2025-12-01|2025-12-02|2025-12-03|2025-12-04|2025-12-05|2025-12-06|2025-12-07|2025-12-08|2025-12-09|2025-12-10|2025-12-11|2025-12-12|2025-12-13|2025-12-14|2025-12-15|2025-12-16|2025-12-17,2025-12-18 06:00,2025-12-18 06:00,9.094947017729282e-13,2.2737367544323206e-13,0,True,Optimization terminated successfully. (HiGHS Status 7: Optimal),972,1.1368683772161603e-13
2025-12-18,12,0.0344267079999554,18337.06876929247,144,20,3746,2025-11-28|2025-11-29|2025-11-30|2025-12-01|2025-12-02|2025-12-03|2025-12-04|2025-12-05|2025-12-06|2025-12-07|2025-12-08|2025-12-09|2025-12-10|2025-12-11|2025-12-12|2025-12-13|2025-12-14|2025-12-15|2025-12-16|2025-12-17,2025-12-18 12:00,2025-12-18 12:00,9.094947017729282e-13,2.2737367544323206e-13,0,True,Optimization terminated successfully. (HiGHS Status 7: Optimal),865,1.1368683772161603e-13
2025-12-18,18,0.03798900000037975,20376.518273445785,144,20,3746,2025-11-28|2025-11-29|2025-11-30|2025-12-01|2025-12-02|2025-12-03|2025-12-04|2025-12-05|2025-12-06|2025-12-07|2025-12-08|2025-12-09|2025-12-10|2025-12-11|2025-12-12|2025-12-13|2025-12-14|2025-12-15|2025-12-16|2025-12-17,2025-12-18 18:00,2025-12-18 18:00,9.094947017729282e-13,1.1368683772161603e-13,0,True,Optimization terminated successfully. (HiGHS Status 7: Optimal),849,1.1368683772161603e-13
2025-12-19,0,0.035903957999835256,1877.4076988705149,144,20,3746,2025-11-29|2025-11-30|2025-12-01|2025-12-02|2025-12-03|2025-12-04|2025-12-05|2025-12-06|2025-12-07|2025-12-08|2025-12-09|2025-12-10|2025-12-11|2025-12-12|2025-12-13|2025-12-14|2025-12-15|2025-12-16|2025-12-17|2025-12-18,2025-12-19 00:00,2025-12-19 00:00,9.094947017729282e-13,8.526512829121202e-13,0,True,Optimization terminated successfully. (HiGHS Status 7: Optimal),737,8.526512829121202e-13
2025-12-19,6,0.04224591700040037,11076.501036269834,144,20,3746,2025-11-29|2025-11-30|2025-12-01|2025-12-02|2025-12-03|2025-12-04|2025-12-05|2025-12-06|2025-12-07|2025-12-08|2025-12-09|2025-12-10|2025-12-11|2025-12-12|2025-12-13|2025-12-14|2025-12-15|2025-12-16|2025-12-17|2025-12-18,2025-12-19 06:00,2025-12-19 06:00,9.094947017729282e-13,1.1368683772161603e-13,0,True,Optimization terminated successfully. (HiGHS Status 7: Optimal),913,1.7053025658242404e-13
2025-12-19,12,0.03451829100049508,18864.474042710266,144,20,3746,2025-11-29|2025-11-30|2025-12-01|2025-12-02|2025-12-03|2025-12-04|2025-12-05|2025-12-06|2025-12-07|2025-12-08|2025-12-09|2025-12-10|2025-12-11|2025-12-12|2025-12-13|2025-12-14|2025-12-15|2025-12-16|2025-12-17|2025-12-18,2025-12-19 12:00,2025-12-19 12:00,9.094947017729282e-13,2.2737367544323206e-13,0,True,Optimization terminated successfully. (HiGHS Status 7: Optimal),836,1.7053025658242404e-13
2025-12-19,18,0.037709750000431086,22255.077863914157,144,20,3746,2025-11-29|2025-11-30|2025-12-01|2025-12-02|2025-12-03|2025-12-04|2025-12-05|2025-12-06|2025-12-07|2025-12-08|2025-12-09|2025-12-10|2025-12-11|2025-12-12|2025-12-13|2025-12-14|2025-12-15|2025-12-16|2025-12-17|2025-12-18,2025-12-19 18:00,2025-12-19 18:00,9.094947017729282e-13,5.684341886080802e-14,0,True,Optimization terminated successfully. (HiGHS Status 7: Optimal),835,1.7053025658242404e-13
2025-12-20,0,0.03663733299981686,1809.5741566319673,144,20,3746,2025-11-30|2025-12-01|2025-12-02|2025-12-03|2025-12-04|2025-12-05|2025-12-06|2025-12-07|2025-12-08|2025-12-09|2025-12-10|2025-12-11|2025-12-12|2025-12-13|2025-12-14|2025-12-15|2025-12-16|2025-12-17|2025-12-18|2025-12-19,2025-12-20 00:00,2025-12-20 00:00,8.668621376273222e-13,9.094947017729282e-13,0,True,Optimization terminated successfully. (HiGHS Status 7: Optimal),748,9.094947017729282e-13
2025-12-20,6,0.032994417000736576,11349.71040768778,144,20,3746,2025-11-30|2025-12-01|2025-12-02|2025-12-03|2025-12-04|2025-12-05|2025-12-06|2025-12-07|2025-12-08|2025-12-09|2025-12-10|2025-12-11|2025-12-12|2025-12-13|2025-12-14|2025-12-15|2025-12-16|2025-12-17|2025-12-18|2025-12-19,2025-12-20 06:00,2025-12-20 06:00,9.094947017729282e-13,5.684341886080802e-14,0,True,Optimization terminated successfully. (HiGHS Status 7: Optimal),764,1.1368683772161603e-13
2025-12-20,12,0.03312545799963118,31202.26445126022,144,20,3746,2025-11-30|2025-12-01|2025-12-02|2025-12-03|2025-12-04|2025-12-05|2025-12-06|2025-12-07|2025-12-08|2025-12-09|2025-12-10|2025-12-11|2025-12-12|2025-12-13|2025-12-14|2025-12-15|2025-12-16|2025-12-17|2025-12-18|2025-12-19,2025-12-20 12:00,2025-12-20 12:00,8.526512829121202e-13,2.2737367544323206e-13,0,True,Optimization terminated successfully. (HiGHS Status 7: Optimal),832,1.1368683772161603e-13
2025-12-20,18,0.03420700000060606,49638.174487879856,144,20,3746,2025-11-30|2025-12-01|2025-12-02|2025-12-03|2025-12-04|2025-12-05|2025-12-06|2025-12-07|2025-12-08|2025-12-09|2025-12-10|2025-12-11|2025-12-12|2025-12-13|2025-12-14|2025-12-15|2025-12-16|2025-12-17|2025-12-18|2025-12-19,2025-12-20 18:00,2025-12-20 18:00,7.958078640513122e-13,5.684341886080802e-14,0,True,Optimization terminated successfully. (HiGHS Status 7: Optimal),842,1.1368683772161603e-13
2025-12-21,0,0.033727292000548914,1964.9452669695843,144,20,3746,2025-12-01|2025-12-02|2025-12-03|2025-12-04|2025-12-05|2025-12-06|2025-12-07|2025-12-08|2025-12-09|2025-12-10|2025-12-11|2025-12-12|2025-12-13|2025-12-14|2025-12-15|2025-12-16|2025-12-17|2025-12-18|2025-12-19|2025-12-20,2025-12-21 00:00,2025-12-21 00:00,7.958078640513122e-13,5.684341886080801e-13,0,True,Optimization terminated successfully. (HiGHS Status 7: Optimal),727,5.684341886080801e-13
2025-12-21,6,0.03196487500099465,11741.865021098216,144,20,3746,2025-12-01|2025-12-02|2025-12-03|2025-12-04|2025-12-05|2025-12-06|2025-12-07|2025-12-08|2025-12-09|2025-12-10|2025-12-11|2025-12-12|2025-12-13|2025-12-14|2025-12-15|2025-12-16|2025-12-17|2025-12-18|2025-12-19|2025-12-20,2025-12-21 06:00,2025-12-21 06:00,9.094947017729282e-13,5.684341886080801e-13,0,True,Optimization terminated successfully. (HiGHS Status 7: Optimal),847,5.684341886080801e-13
2025-12-21,12,0.0325650830000086,33170.343685279426,144,20,3746,2025-12-01|2025-12-02|2025-12-03|2025-12-04|2025-12-05|2025-12-06|2025-12-07|2025-12-08|2025-12-09|2025-12-10|2025-12-11|2025-12-12|2025-12-13|2025-12-14|2025-12-15|2025-12-16|2025-12-17|2025-12-18|2025-12-19|2025-12-20,2025-12-21 12:00,2025-12-21 12:00,7.958078640513122e-13,5.684341886080801e-13,0,True,Optimization terminated successfully. (HiGHS Status 7: Optimal),882,5.684341886080801e-13
2025-12-21,18,0.03293804200075101,52569.05562632765,144,20,3746,2025-12-01|2025-12-02|2025-12-03|2025-12-04|2025-12-05|2025-12-06|2025-12-07|2025-12-08|2025-12-09|2025-12-10|2025-12-11|2025-12-12|2025-12-13|2025-12-14|2025-12-15|2025-12-16|2025-12-17|2025-12-18|2025-12-19|2025-12-20,2025-12-21 18:00,2025-12-21 18:00,7.958078640513122e-13,5.684341886080801e-13,0,True,Optimization terminated successfully. (HiGHS Status 7: Optimal),842,5.684341886080801e-13
2025-12-22,0,0.03433899999981804,1997.1681451582763,144,20,3746,2025-12-02|2025-12-03|2025-12-04|2025-12-05|2025-12-06|2025-12-07|2025-12-08|2025-12-09|2025-12-10|2025-12-11|2025-12-12|2025-12-13|2025-12-14|2025-12-15|2025-12-16|2025-12-17|2025-12-18|2025-12-19|2025-12-20|2025-12-21,2025-12-22 00:00,2025-12-22 00:00,7.958078640513122e-13,2.2737367544323206e-13,0,True,Optimization terminated successfully. (HiGHS Status 7: Optimal),726,2.2737367544323206e-13
2025-12-22,6,0.03107333400112111,12217.141196125996,144,20,3746,2025-12-02|2025-12-03|2025-12-04|2025-12-05|2025-12-06|2025-12-07|2025-12-08|2025-12-09|2025-12-10|2025-12-11|2025-12-12|2025-12-13|2025-12-14|2025-12-15|2025-12-16|2025-12-17|2025-12-18|2025-12-19|2025-12-20|2025-12-21,2025-12-22 06:00,2025-12-22 06:00,9.094947017729282e-13,2.2737367544323206e-13,0,True,Optimization terminated successfully. (HiGHS Status 7: Optimal),843,2.2737367544323206e-13
2025-12-22,12,0.032389250000051106,32560.820339005455,144,20,3746,2025-12-02|2025-12-03|2025-12-04|2025-12-05|2025-12-06|2025-12-07|2025-12-08|2025-12-09|2025-12-10|2025-12-11|2025-12-12|2025-12-13|2025-12-14|2025-12-15|2025-12-16|2025-12-17|2025-12-18|2025-12-19|2025-12-20|2025-12-21,2025-12-22 12:00,2025-12-22 12:00,7.958078640513122e-13,2.2737367544323206e-13,0,True,Optimization terminated successfully. (HiGHS Status 7: Optimal),878,2.2737367544323206e-13
2025-12-22,18,0.03209795800103166,52837.093770625004,144,20,3746,2025-12-02|2025-12-03|2025-12-04|2025-12-05|2025-12-06|2025-12-07|2025-12-08|2025-12-09|2025-12-10|2025-12-11|2025-12-12|2025-12-13|2025-12-14|2025-12-15|2025-12-16|2025-12-17|2025-12-18|2025-12-19|2025-12-20|2025-12-21,2025-12-22 18:00,2025-12-22 18:00,7.958078640513122e-13,2.2737367544323206e-13,0,True,Optimization terminated successfully. (HiGHS Status 7: Optimal),860,1.1368683772161603e-13
2025-12-23,0,0.033668625001155306,2012.1654867771235,144,20,3746,2025-12-03|2025-12-04|2025-12-05|2025-12-06|2025-12-07|2025-12-08|2025-12-09|2025-12-10|2025-12-11|2025-12-12|2025-12-13|2025-12-14|2025-12-15|2025-12-16|2025-12-17|2025-12-18|2025-12-19|2025-12-20|2025-12-21|2025-12-22,2025-12-23 00:00,2025-12-23 00:00,8.526512829121202e-13,4.547473508864641e-13,0,True,Optimization terminated successfully. (HiGHS Status 7: Optimal),725,4.547473508864641e-13
2025-12-23,6,0.03282887500063225,11112.929847643165,144,20,3746,2025-12-03|2025-12-04|2025-12-05|2025-12-06|2025-12-07|2025-12-08|2025-12-09|2025-12-10|2025-12-11|2025-12-12|2025-12-13|2025-12-14|2025-12-15|2025-12-16|2025-12-17|2025-12-18|2025-12-19|2025-12-20|2025-12-21|2025-12-22,2025-12-23 06:00,2025-12-23 06:00,9.094947017729282e-13,2.2737367544323206e-13,0,True,Optimization terminated successfully. (HiGHS Status 7: Optimal),868,0.0
2025-12-23,12,0.03192737500103249,30786.60360983224,144,20,3746,2025-12-03|2025-12-04|2025-12-05|2025-12-06|2025-12-07|2025-12-08|2025-12-09|2025-12-10|2025-12-11|2025-12-12|2025-12-13|2025-12-14|2025-12-15|2025-12-16|2025-12-17|2025-12-18|2025-12-19|2025-12-20|2025-12-21|2025-12-22,2025-12-23 12:00,2025-12-23 12:00,7.958078640513122e-13,4.547473508864641e-13,0,True,Optimization terminated successfully. (HiGHS Status 7: Optimal),875,4.547473508864641e-13
2025-12-23,18,0.03191912500005856,46481.949230673396,144,20,3746,2025-12-03|2025-12-04|2025-12-05|2025-12-06|2025-12-07|2025-12-08|2025-12-09|2025-12-10|2025-12-11|2025-12-12|2025-12-13|2025-12-14|2025-12-15|2025-12-16|2025-12-17|2025-12-18|2025-12-19|2025-12-20|2025-12-21|2025-12-22,2025-12-23 18:00,2025-12-23 18:00,7.958078640513122e-13,4.547473508864641e-13,0,True,Optimization terminated successfully. (HiGHS Status 7: Optimal),842,4.547473508864641e-13
2025-12-24,0,0.03400799999872106,1995.3699234614128,144,20,3746,2025-12-04|2025-12-05|2025-12-06|2025-12-07|2025-12-08|2025-12-09|2025-12-10|2025-12-11|2025-12-12|2025-12-13|2025-12-14|2025-12-15|2025-12-16|2025-12-17|2025-12-18|2025-12-19|2025-12-20|2025-12-21|2025-12-22|2025-12-23,2025-12-24 00:00,2025-12-24 00:00,7.958078640513122e-13,2.2737367544323206e-13,0,True,Optimization terminated successfully. (HiGHS Status 7: Optimal),731,1.1368683772161603e-13
2025-12-24,6,0.032785166999019566,12382.247266529528,144,20,3746,2025-12-04|2025-12-05|2025-12-06|2025-12-07|2025-12-08|2025-12-09|2025-12-10|2025-12-11|2025-12-12|2025-12-13|2025-12-14|2025-12-15|2025-12-16|2025-12-17|2025-12-18|2025-12-19|2025-12-20|2025-12-21|2025-12-22|2025-12-23,2025-12-24 06:00,2025-12-24 06:00,9.094947017729282e-13,2.2737367544323206e-13,0,True,Optimization terminated successfully. (HiGHS Status 7: Optimal),875,1.1368683772161603e-13
2025-12-24,12,0.03271775000030175,29136.611313290457,144,20,3746,2025-12-04|2025-12-05|2025-12-06|2025-12-07|2025-12-08|2025-12-09|2025-12-10|2025-12-11|2025-12-12|2025-12-13|2025-12-14|2025-12-15|2025-12-16|2025-12-17|2025-12-18|2025-12-19|2025-12-20|2025-12-21|2025-12-22|2025-12-23,2025-12-24 12:00,2025-12-24 12:00,9.094947017729282e-13,2.2737367544323206e-13,0,True,Optimization terminated successfully. (HiGHS Status 7: Optimal),864,1.1368683772161603e-13
2025-12-24,18,0.033301250001386506,50699.42522099593,144,20,3746,2025-12-04|2025-12-05|2025-12-06|2025-12-07|2025-12-08|2025-12-09|2025-12-10|2025-12-11|2025-12-12|2025-12-13|2025-12-14|2025-12-15|2025-12-16|2025-12-17|2025-12-18|2025-12-19|2025-12-20|2025-12-21|2025-12-22|2025-12-23,2025-12-24 18:00,2025-12-24 18:00,9.094947017729282e-13,0.0,0,True,Optimization terminated successfully. (HiGHS Status 7: Optimal),848,1.1368683772161603e-13
2025-12-25,0,0.03247466600078042,2041.3980151742237,144,20,3746,2025-12-05|2025-12-06|2025-12-07|2025-12-08|2025-12-09|2025-12-10|2025-12-11|2025-12-12|2025-12-13|2025-12-14|2025-12-15|2025-12-16|2025-12-17|2025-12-18|2025-12-19|2025-12-20|2025-12-21|2025-12-22|2025-12-23|2025-12-24,2025-12-25 00:00,2025-12-25 00:00,7.958078640513122e-13,1.0800249583553523e-12,0,True,Optimization terminated successfully. (HiGHS Status 7: Optimal),750,1.0800249583553523e-12
2025-12-25,6,0.03576545800024178,9936.243484117382,144,20,3746,2025-12-05|2025-12-06|2025-12-07|2025-12-08|2025-12-09|2025-12-10|2025-12-11|2025-12-12|2025-12-13|2025-12-14|2025-12-15|2025-12-16|2025-12-17|2025-12-18|2025-12-19|2025-12-20|2025-12-21|2025-12-22|2025-12-23|2025-12-24,2025-12-25 06:00,2025-12-25 06:00,7.958078640513122e-13,2.2737367544323206e-13,0,True,Optimization terminated successfully. (HiGHS Status 7: Optimal),885,1.1368683772161603e-13
2025-12-25,12,0.03977491600016947,16828.10883913123,144,20,3746,2025-12-05|2025-12-06|2025-12-07|2025-12-08|2025-12-09|2025-12-10|2025-12-11|2025-12-12|2025-12-13|2025-12-14|2025-12-15|2025-12-16|2025-12-17|2025-12-18|2025-12-19|2025-12-20|2025-12-21|2025-12-22|2025-12-23|2025-12-24,2025-12-25 12:00,2025-12-25 12:00,9.094947017729282e-13,1.1368683772161603e-13,0,True,Optimization terminated successfully. (HiGHS Status 7: Optimal),971,1.1368683772161603e-13
2025-12-25,18,0.037568791000012425,22619.144631130293,144,20,3746,2025-12-05|2025-12-06|2025-12-07|2025-12-08|2025-12-09|2025-12-10|2025-12-11|2025-12-12|2025-12-13|2025-12-14|2025-12-15|2025-12-16|2025-12-17|2025-12-18|2025-12-19|2025-12-20|2025-12-21|2025-12-22|2025-12-23|2025-12-24,2025-12-25 18:00,2025-12-25 18:00,9.094947017729282e-13,5.684341886080802e-14,0,True,Optimization terminated successfully. (HiGHS Status 7: Optimal),851,1.1368683772161603e-13
2025-12-26,0,0.03515574999983073,1706.2422109315767,144,20,3746,2025-12-06|2025-12-07|2025-12-08|2025-12-09|2025-12-10|2025-12-11|2025-12-12|2025-12-13|2025-12-14|2025-12-15|2025-12-16|2025-12-17|2025-12-18|2025-12-19|2025-12-20|2025-12-21|2025-12-22|2025-12-23|2025-12-24|2025-12-25,2025-12-26 00:00,2025-12-26 00:00,9.094947017729282e-13,1.1368683772161603e-13,0,True,Optimization terminated successfully. (HiGHS Status 7: Optimal),728,1.1368683772161603e-13
2025-12-26,6,0.036132541001279606,10339.171232582394,144,20,3746,2025-12-06|2025-12-07|2025-12-08|2025-12-09|2025-12-10|2025-12-11|2025-12-12|2025-12-13|2025-12-14|2025-12-15|2025-12-16|2025-12-17|2025-12-18|2025-12-19|2025-12-20|2025-12-21|2025-12-22|2025-12-23|2025-12-24|2025-12-25,2025-12-26 06:00,2025-12-26 06:00,8.810729923425242e-13,1.1368683772161603e-13,0,True,Optimization terminated successfully. (HiGHS Status 7: Optimal),840,1.1368683772161603e-13
2025-12-26,12,0.03532458300105645,14100.639084805583,144,20,3746,2025-12-06|2025-12-07|2025-12-08|2025-12-09|2025-12-10|2025-12-11|2025-12-12|2025-12-13|2025-12-14|2025-12-15|2025-12-16|2025-12-17|2025-12-18|2025-12-19|2025-12-20|2025-12-21|2025-12-22|2025-12-23|2025-12-24|2025-12-25,2025-12-26 12:00,2025-12-26 12:00,9.094947017729282e-13,1.1368683772161603e-13,0,True,Optimization terminated successfully. (HiGHS Status 7: Optimal),821,1.1368683772161603e-13
2025-12-26,18,0.03786129199943389,21566.61810156486,144,20,3746,2025-12-06|2025-12-07|2025-12-08|2025-12-09|2025-12-10|2025-12-11|2025-12-12|2025-12-13|2025-12-14|2025-12-15|2025-12-16|2025-12-17|2025-12-18|2025-12-19|2025-12-20|2025-12-21|2025-12-22|2025-12-23|2025-12-24|2025-12-25,2025-12-26 18:00,2025-12-26 18:00,9.094947017729282e-13,2.2737367544323206e-13,0,True,Optimization terminated successfully. (HiGHS Status 7: Optimal),844,1.1368683772161603e-13
2025-12-27,0,0.03631045899965102,1797.3777697131231,144,20,3746,2025-12-07|2025-12-08|2025-12-09|2025-12-10|2025-12-11|2025-12-12|2025-12-13|2025-12-14|2025-12-15|2025-12-16|2025-12-17|2025-12-18|2025-12-19|2025-12-20|2025-12-21|2025-12-22|2025-12-23|2025-12-24|2025-12-25|2025-12-26,2025-12-27 00:00,2025-12-27 00:00,9.094947017729282e-13,5.115907697472721e-13,0,True,Optimization terminated successfully. (HiGHS Status 7: Optimal),747,5.115907697472721e-13
2025-12-27,6,0.037570374999631895,12429.775610720642,144,20,3746,2025-12-07|2025-12-08|2025-12-09|2025-12-10|2025-12-11|2025-12-12|2025-12-13|2025-12-14|2025-12-15|2025-12-16|2025-12-17|2025-12-18|2025-12-19|2025-12-20|2025-12-21|2025-12-22|2025-12-23|2025-12-24|2025-12-25|2025-12-26,2025-12-27 06:00,2025-12-27 06:00,8.313350008393172e-13,5.684341886080802e-14,0,True,Optimization terminated successfully. (HiGHS Status 7: Optimal),888,1.1368683772161603e-13
2025-12-27,12,0.033428083999751834,29089.242833350483,144,20,3746,2025-12-07|2025-12-08|2025-12-09|2025-12-10|2025-12-11|2025-12-12|2025-12-13|2025-12-14|2025-12-15|2025-12-16|2025-12-17|2025-12-18|2025-12-19|2025-12-20|2025-12-21|2025-12-22|2025-12-23|2025-12-24|2025-12-25|2025-12-26,2025-12-27 12:00,2025-12-27 12:00,9.094947017729282e-13,5.684341886080802e-14,0,True,Optimization terminated successfully. (HiGHS Status 7: Optimal),868,1.1368683772161603e-13
2025-12-27,18,0.034206917000119574,45053.167446620704,144,20,3746,2025-12-07|2025-12-08|2025-12-09|2025-12-10|2025-12-11|2025-12-12|2025-12-13|2025-12-14|2025-12-15|2025-12-16|2025-12-17|2025-12-18|2025-12-19|2025-12-20|2025-12-21|2025-12-22|2025-12-23|2025-12-24|2025-12-25|2025-12-26,2025-12-27 18:00,2025-12-27 18:00,9.094947017729282e-13,1.1368683772161603e-13,0,True,Optimization terminated successfully. (HiGHS Status 7: Optimal),846,1.1368683772161603e-13
2025-12-28,0,0.032712500000343425,1963.6596133911762,144,20,3746,2025-12-08|2025-12-09|2025-12-10|2025-12-11|2025-12-12|2025-12-13|2025-12-14|2025-12-15|2025-12-16|2025-12-17|2025-12-18|2025-12-19|2025-12-20|2025-12-21|2025-12-22|2025-12-23|2025-12-24|2025-12-25|2025-12-26|2025-12-27,2025-12-28 00:00,2025-12-28 00:00,9.094947017729282e-13,1.3642420526593924e-12,0,True,Optimization terminated successfully. (HiGHS Status 7: Optimal),746,1.3642420526593924e-12
2025-12-28,6,0.03231791699909081,12091.579310911287,144,20,3746,2025-12-08|2025-12-09|2025-12-10|2025-12-11|2025-12-12|2025-12-13|2025-12-14|2025-12-15|2025-12-16|2025-12-17|2025-12-18|2025-12-19|2025-12-20|2025-12-21|2025-12-22|2025-12-23|2025-12-24|2025-12-25|2025-12-26|2025-12-27,2025-12-28 06:00,2025-12-28 06:00,9.094947017729282e-13,1.3642420526593924e-12,0,True,Optimization terminated successfully. (HiGHS Status 7: Optimal),878,1.3642420526593924e-12
2025-12-28,12,0.03221699999994598,28177.33104504382,144,20,3746,2025-12-08|2025-12-09|2025-12-10|2025-12-11|2025-12-12|2025-12-13|2025-12-14|2025-12-15|2025-12-16|2025-12-17|2025-12-18|2025-12-19|2025-12-20|2025-12-21|2025-12-22|2025-12-23|2025-12-24|2025-12-25|2025-12-26|2025-12-27,2025-12-28 12:00,2025-12-28 12:00,9.094947017729282e-13,1.3642420526593924e-12,0,True,Optimization terminated successfully. (HiGHS Status 7: Optimal),849,1.3642420526593924e-12
2025-12-28,18,0.033809791999374283,47159.73061147669,144,20,3746,2025-12-08|2025-12-09|2025-12-10|2025-12-11|2025-12-12|2025-12-13|2025-12-14|2025-12-15|2025-12-16|2025-12-17|2025-12-18|2025-12-19|2025-12-20|2025-12-21|2025-12-22|2025-12-23|2025-12-24|2025-12-25|2025-12-26|2025-12-27,2025-12-28 18:00,2025-12-28 18:00,9.094947017729282e-13,1.3642420526593924e-12,0,True,Optimization terminated successfully. (HiGHS Status 7: Optimal),850,1.3642420526593924e-12
2025-12-29,0,0.03271837499960384,1962.0589319234905,144,20,3746,2025-12-09|2025-12-10|2025-12-11|2025-12-12|2025-12-13|2025-12-14|2025-12-15|2025-12-16|2025-12-17|2025-12-18|2025-12-19|2025-12-20|2025-12-21|2025-12-22|2025-12-23|2025-12-24|2025-12-25|2025-12-26|2025-12-27|2025-12-28,2025-12-29 00:00,2025-12-29 00:00,9.094947017729282e-13,2.2737367544323206e-13,0,True,Optimization terminated successfully. (HiGHS Status 7: Optimal),750,2.2737367544323206e-13
2025-12-29,6,0.039457374999983585,14134.90839806502,144,20,3746,2025-12-09|2025-12-10|2025-12-11|2025-12-12|2025-12-13|2025-12-14|2025-12-15|2025-12-16|2025-12-17|2025-12-18|2025-12-19|2025-12-20|2025-12-21|2025-12-22|2025-12-23|2025-12-24|2025-12-25|2025-12-26|2025-12-27|2025-12-28,2025-12-29 06:00,2025-12-29 06:00,8.86846152070575e-13,2.2737367544323206e-13,0,True,Optimization terminated successfully. (HiGHS Status 7: Optimal),1020,2.2737367544323206e-13
2025-12-29,12,0.03614650000054098,31253.062100220697,144,20,3746,2025-12-09|2025-12-10|2025-12-11|2025-12-12|2025-12-13|2025-12-14|2025-12-15|2025-12-16|2025-12-17|2025-12-18|2025-12-19|2025-12-20|2025-12-21|2025-12-22|2025-12-23|2025-12-24|2025-12-25|2025-12-26|2025-12-27|2025-12-28,2025-12-29 12:00,2025-12-29 12:00,9.094947017729282e-13,1.1368683772161603e-13,0,True,Optimization terminated successfully. (HiGHS Status 7: Optimal),942,2.2737367544323206e-13
2025-12-29,18,0.03341475000161154,47418.02603355675,144,20,3746,2025-12-09|2025-12-10|2025-12-11|2025-12-12|2025-12-13|2025-12-14|2025-12-15|2025-12-16|2025-12-17|2025-12-18|2025-12-19|2025-12-20|2025-12-21|2025-12-22|2025-12-23|2025-12-24|2025-12-25|2025-12-26|2025-12-27|2025-12-28,2025-12-29 18:00,2025-12-29 18:00,9.094947017729282e-13,2.2737367544323206e-13,0,True,Optimization terminated successfully. (HiGHS Status 7: Optimal),846,2.2737367544323206e-13
2025-12-30,0,0.03225312499853317,1963.9063113915474,144,20,3746,2025-12-10|2025-12-11|2025-12-12|2025-12-13|2025-12-14|2025-12-15|2025-12-16|2025-12-17|2025-12-18|2025-12-19|2025-12-20|2025-12-21|2025-12-22|2025-12-23|2025-12-24|2025-12-25|2025-12-26|2025-12-27|2025-12-28|2025-12-29,2025-12-30 00:00,2025-12-30 00:00,9.094947017729282e-13,1.2505552149377763e-12,0,True,Optimization terminated successfully. (HiGHS Status 7: Optimal),728,1.2505552149377763e-12
2025-12-30,6,0.03939387499849545,12913.119506647776,144,20,3746,2025-12-10|2025-12-11|2025-12-12|2025-12-13|2025-12-14|2025-12-15|2025-12-16|2025-12-17|2025-12-18|2025-12-19|2025-12-20|2025-12-21|2025-12-22|2025-12-23|2025-12-24|2025-12-25|2025-12-26|2025-12-27|2025-12-28|2025-12-29,2025-12-30 06:00,2025-12-30 06:00,9.094947017729282e-13,2.2737367544323206e-13,0,True,Optimization terminated successfully. (HiGHS Status 7: Optimal),985,2.2737367544323206e-13
2025-12-30,12,0.032050583000454935,29324.593718422726,144,20,3746,2025-12-10|2025-12-11|2025-12-12|2025-12-13|2025-12-14|2025-12-15|2025-12-16|2025-12-17|2025-12-18|2025-12-19|2025-12-20|2025-12-21|2025-12-22|2025-12-23|2025-12-24|2025-12-25|2025-12-26|2025-12-27|2025-12-28|2025-12-29,2025-12-30 12:00,2025-12-30 12:00,9.094947017729282e-13,1.2505552149377763e-12,0,True,Optimization terminated successfully. (HiGHS Status 7: Optimal),866,1.2505552149377763e-12
2025-12-30,18,0.0333331250003539,49580.886134604145,144,20,3746,2025-12-10|2025-12-11|2025-12-12|2025-12-13|2025-12-14|2025-12-15|2025-12-16|2025-12-17|2025-12-18|2025-12-19|2025-12-20|2025-12-21|2025-12-22|2025-12-23|2025-12-24|2025-12-25|2025-12-26|2025-12-27|2025-12-28|2025-12-29,2025-12-30 18:00,2025-12-30 18:00,9.094947017729282e-13,1.2505552149377763e-12,0,True,Optimization terminated successfully. (HiGHS Status 7: Optimal),853,1.2505552149377763e-12
2025-12-31,0,0.03274995799984026,1934.5637894306005,144,20,3746,2025-12-11|2025-12-12|2025-12-13|2025-12-14|2025-12-15|2025-12-16|2025-12-17|2025-12-18|2025-12-19|2025-12-20|2025-12-21|2025-12-22|2025-12-23|2025-12-24|2025-12-25|2025-12-26|2025-12-27|2025-12-28|2025-12-29|2025-12-30,2025-12-31 00:00,2025-12-31 00:00,7.958078640513122e-13,3.979039320256561e-13,0,True,Optimization terminated successfully. (HiGHS Status 7: Optimal),724,4.547473508864641e-13
2025-12-31,6,0.02664616699985345,623.1414249891335,108,20,2810,2025-12-11|2025-12-12|2025-12-13|2025-12-14|2025-12-15|2025-12-16|2025-12-17|2025-12-18|2025-12-19|2025-12-20|2025-12-21|2025-12-22|2025-12-23|2025-12-24|2025-12-25|2025-12-26|2025-12-27|2025-12-28|2025-12-29|2025-12-30,2025-12-31 06:00,2025-12-31 06:00,9.094947017729282e-13,2.2737367544323206e-13,0,True,Optimization terminated successfully. (HiGHS Status 7: Optimal),660,1.1368683772161603e-13
2025-12-31,12,0.016884333999769296,487.3433160130803,72,20,1874,2025-12-11|2025-12-12|2025-12-13|2025-12-14|2025-12-15|2025-12-16|2025-12-17|2025-12-18|2025-12-19|2025-12-20|2025-12-21|2025-12-22|2025-12-23|2025-12-24|2025-12-25|2025-12-26|2025-12-27|2025-12-28|2025-12-29|2025-12-30,2025-12-31 12:00,2025-12-31 12:00,8.384404281969182e-13,1.1368683772161603e-13,0,True,Optimization terminated successfully. (HiGHS Status 7: Optimal),455,1.1368683772161603e-13
2025-12-31,18,0.009204207999573555,304.7173134321162,36,20,938,2025-12-11|2025-12-12|2025-12-13|2025-12-14|2025-12-15|2025-12-16|2025-12-17|2025-12-18|2025-12-19|2025-12-20|2025-12-21|2025-12-22|2025-12-23|2025-12-24|2025-12-25|2025-12-26|2025-12-27|2025-12-28|2025-12-29|2025-12-30,2025-12-31 18:00,2025-12-31 18:00,5.684341886080801e-13,1.1368683772161603e-13,0,True,Optimization terminated successfully. (HiGHS Status 7: Optimal),211,1.1368683772161603e-13
